zip_id,zip
1,15301
2,15658
3,15601
4,17720
5,18843
6,30114
7,30281
8,31044
9,31419
10,30137
11,30184
12,31519
13,30427
14,30824
15,89421
16,48225
17,08072
18,07821
19,08820
20,63556
21,63456
22,98563
23,64083
24,65667
25,65041
26,59010
27,59432
28,59316
29,59812
30,37705
31,38464
32,37327
33,37064
34,38501
35,37385
36,37185
37,37847
38,37032
39,28560
40,62663
41,60091
42,40014
43,41701
44,40828
45,40330
46,41041
47,42256
48,41314
49,42160
50,42323
51,53516
52,54868
53,54806
54,54634
55,53934
56,44615
57,45205
58,50477
59,52056
60,52252
61,50478
62,55923
63,55003
64,55962
65,64137
66,58481
69,07311
70,08863
71,85936
72,85324
73,85329
74,32780
75,33980
76,46617
77,47601
78,47306
79,46173
80,46738
81,24558
82,24483
83,23917
84,23185
85,16238
86,16101
87,15211
88,97479
89,16054
90,39305
91,39153
92,38863
93,38703
94,38858
95,38611
96,38848
97,39747
98,72396
99,72651
100,71647
101,74365
102,71467
103,70040
104,71032
105,70113
106,70443
107,71234
108,88434
109,10037
110,78840
111,75751
112,76437
113,75941
114,76470
115,76082
116,77484
117,78076
118,77859
119,75482
120,24589
121,23513
122,36051
123,35126
124,26508
125,26378
126,25541
127,26866
128,25063
130,77316
131,92040
132,96001
133,90211
134,90814
135,92866
136,65254
137,95369
138,96091
139,93546
140,95605
141,93461
142,94019
143,78387
144,77954
145,01585
146,49258
147,48202
148,48456
149,66040
150,66419
151,82630
152,82225
153,25565
154,90265
155,25962
156,25045
157,25043
158,24986
159,25514
160,08006
161,03101
162,68440
163,68531
164,69210
165,68183
166,77448
167,11414
168,95431
169,50608
170,29349
171,29710
172,29944
173,35085
174,08056
175,58831
176,71071
177,04758
178,04260
179,04294
180,04570
181,04740
182,21622
183,78661
184,35580
185,36029
186,36432
187,72530
188,72087
189,84063
190,84530
191,84761
192,84037
193,84713
194,19383
195,17034
196,17508
197,15745
199,15348
200,18065
201,56628
202,32008
203,32681
204,31029
205,61051
206,93285
207,96076
208,95327
209,95454
210,29424
211,57780
212,14810
213,14058
214,44481
215,45209
216,41180
217,57021
218,52036
219,51637
220,76692
221,20646
222,21136
223,01741
224,74522
225,97639
226,97536
227,97462
228,97380
229,87419
230,71772
231,44232
232,80503
233,80512
234,81323
235,31329
236,11970
237,30912
238,31771
239,10505
240,54531
241,54931
242,15952
243,06232
244,06090
245,81152
246,32331
247,11579
248,66112
249,28645
250,28562
251,27332
252,27983
253,28164
254,27301
255,27707
256,27886
257,25112
258,82729
259,82712
260,15434
261,21869
262,27411
263,54926
264,74866
265,97326
266,78881
267,03581
268,79846
269,45841
270,65278
271,64432
272,06450
273,06753
274,52312
275,49880
276,61955
277,42729
278,43717
279,76654
280,83301
281,83226
282,83622
283,83861
284,73567
285,73842
286,68182
287,66961
288,19943
289,32328
290,20418
291,35036
292,84537
293,27412
294,77426
295,79517
296,04088
297,97640
298,07880
299,16140
300,26815
301,17880
302,17606
303,15346
304,01033
305,52307
306,39086
307,13747
308,28318
309,45677
310,74946
311,50227
312,85911
313,31825
314,84762
315,04781
316,23147
317,07014
318,81331
319,03043
320,16550
321,40357
322,80293
323,44630
324,76909
325,04267
326,30070
327,15691
328,14856
329,45501
330,25305
331,30332
332,74082
333,97346
334,05904
335,77843
336,36564
337,11556
338,61424
339,04353
340,82922
341,19735
342,37232
343,97432
344,83525
345,43553
346,74943
347,54127
348,35573
349,54637
350,29425
351,15705
352,16684
353,17504
354,99014
355,50593
356,98609
357,30414
358,28362
359,95675
360,46624
361,43007
362,16601
363,17740
364,15557
365,16749
366,16335
367,16701
368,16914
369,19082
370,30540
371,30175
372,30734
373,30107
374,30445
375,31639
376,31096
377,30223
378,48374
379,48309
380,07628
381,07440
382,07086
383,59068
384,63435
385,65653
386,64656
387,98014
388,59825
389,59086
390,59046
391,59528
392,37072
393,37664
394,57702
395,57772
396,62801
397,62305
398,27889
399,27565
400,60924
401,45769
402,40403
403,42431
404,42164
405,40511
406,40004
407,40056
408,41064
409,40143
410,42025
411,45122
412,42602
413,53538
414,53105
415,54525
416,45806
417,44107
418,43926
419,50455
420,50440
421,50311
422,56044
423,56630
424,55051
425,56058
426,64477
427,58472
428,58004
429,58581
430,86046
431,86031
432,33612
433,33830
434,32610
435,32091
436,33967
437,32909
438,46167
439,47112
440,24315
441,22842
442,23832
443,23803
444,24088
445,22572
446,97338
447,16125
448,97527
449,16151
450,18431
451,39350
452,39483
453,39211
454,39180
455,39338
456,72015
457,72556
458,72832
459,72459
460,74457
461,74048
462,73736
463,73628
464,71342
465,88007
466,87305
467,87499
468,11548
469,87825
470,75462
471,77021
472,78046
473,77378
474,78393
475,79079
476,76905
477,78653
478,75766
479,76065
480,23870
481,23842
482,35957
483,35007
484,26264
485,25301
486,25126
488,77554
489,92544
490,95206
491,95041
492,95472
493,95963
494,92273
495,96078
496,13440
497,10473
498,92283
499,75554
500,75661
501,75803
502,76502
503,01570
504,49663
505,01608
506,67202
507,54850
508,82930
509,98237
510,95053
511,10036
512,03447
513,69141
514,68785
515,76104
516,85922
517,90089
518,95246
519,50026
520,29620
521,29016
522,07927
523,04236
524,04864
525,98362
526,83422
527,62824
528,78622
529,35179
530,36582
531,36108
532,35541
533,48039
534,49862
535,17077
536,19436
537,17979
538,17576
539,19095
541,87830
542,87573
544,15034
545,39482
546,32361
547,62231
548,60458
549,38260
550,35961
551,36024
552,35072
553,95514
554,38618
555,11355
556,14201
557,11697
558,40078
559,40507
560,42533
561,57007
562,21005
563,02717
564,20851
565,97760
566,97868
567,35466
568,22722
569,36775
570,24570
571,72829
572,81623
573,81137
574,80433
575,30606
576,30346
577,30090
578,53583
579,52774
580,15031
581,06067
582,06066
583,11719
584,28115
585,28625
586,27041
587,28607
588,28458
589,28379
590,99149
591,82224
592,93254
593,10007
594,26424
595,32464
596,74458
597,61112
598,97880
599,97846
600,97463
601,75630
602,30018
604,79505
605,35491
606,37756
607,61334
608,50040
609,95545
610,49808
611,49884
613,58006
614,79018
615,67862
616,83227
617,25913
618,66522
619,20551
620,75687
621,80813
622,10919
623,04259
624,93207
625,98548
626,80735
627,02876
628,36101
629,54629
630,98862
631,81141
632,38733
633,34487
634,32723
635,27562
636,08832
637,38389
638,40448
639,84716
640,52168
641,70397
642,23130
643,08544
644,89823
645,17887
646,92275
647,85236
648,44555
649,83414
650,04234
651,27202
652,13024
653,71497
654,59489
655,62852
656,60969
657,37929
658,15290
659,02762
660,32306
661,85026
662,83656
663,72615
664,40221
665,56525
666,33530
667,92161
668,85721
669,91371
670,83253
671,83215
672,04341
673,02823
675,15324
676,47420
677,36476
678,47021
679,76598
680,46789
681,27594
682,46045
683,28282
684,70457
685,15139
686,19506
687,15317
688,15370
689,15541
690,30507
691,30530
692,30457
693,30741
694,31308
695,31014
696,89123
697,48336
698,48614
699,07457
700,08243
701,08037
702,63670
703,64431
704,63050
705,65648
706,59011
707,59832
708,59736
709,98294
710,38305
711,38320
712,37190
713,38063
714,37885
715,37370
716,57625
717,57732
718,38472
719,60550
720,28086
721,62540
722,60512
723,42701
724,40744
725,44903
726,45011
727,41472
728,42642
729,42345
730,41093
731,53094
732,53023
733,45103
734,52773
735,50452
736,50322
737,52534
738,55448
739,56169
740,56186
741,55790
742,63957
743,58533
745,86322
746,85135
747,85381
748,86305
749,32333
750,33405
751,33774
752,32344
753,33444
754,46107
755,24328
756,24175
757,22551
758,23837
759,24651
760,19023
761,97141
762,18701
763,97624
764,38921
765,39479
766,38804
767,38632
768,32266
769,71949
770,72201
771,72653
772,72947
773,72839
774,74947
775,74727
776,73139
777,70510
778,70085
779,70655
780,70549
781,59927
782,87821
783,88424
784,13815
785,87357
786,79601
787,75570
788,78243
789,76661
790,79088
791,76305
792,78643
793,77474
794,75604
795,76945
796,35976
797,20105
798,22644
799,23316
800,24448
801,99111
802,35474
803,35504
804,25003
805,26354
806,25276
807,36579
808,25434
809,25526
810,77050
811,78676
812,94559
813,96047
814,93203
815,92705
816,93001
817,95448
818,93923
819,64166
820,90002
821,96032
822,96051
823,13032
824,92285
825,95032
826,75042
827,77016
828,76570
829,48063
830,48410
831,49659
832,51463
833,82009
834,82201
835,98283
836,24851
837,25951
838,95552
839,25639
840,03042
841,07831
842,07646
843,68601
844,68822
845,69201
846,68925
847,75633
848,85542
849,13365
850,93701
851,92139
852,51231
853,29687
854,29574
855,29128
856,29177
857,03070
858,71008
859,04474
860,98557
861,62963
862,35646
863,75760
864,76567
865,36303
866,35987
867,72183
868,92322
869,84744
870,84050
871,84663
872,15422
873,16475
874,71674
875,17016
878,35581
879,71330
880,17266
881,30521
884,60558
885,61730
886,95466
887,95549
888,75932
889,38948
890,39330
891,10974
892,12222
893,11421
895,68415
896,45111
897,45783
898,40461
899,40076
900,50671
901,21740
902,01506
903,21853
904,02646
905,97374
906,97063
907,97754
908,97520
909,85544
911,87581
912,24129
913,80524
914,81621
915,11558
916,81321
917,81201
918,14510
919,54149
920,54534
921,54627
922,51008
923,50432
924,17303
925,76372
926,80467
927,06414
928,06262
929,32360
930,55085
931,60153
932,66760
933,20892
934,28139
935,27379
936,27244
937,28326
938,27542
939,82839
940,12724
941,12007
942,16444
943,46796
944,32616
945,73019
946,60956
947,35540
948,97335
949,49837
952,82620
953,75928
954,77458
955,43510
956,42404
957,40941
958,95563
959,06883
960,85333
961,25512
962,44119
963,65726
964,83523
965,83442
966,83537
967,98822
968,20006
969,86018
970,62079
971,04910
972,04851
973,97342
974,44682
975,02863
976,17886
977,61316
978,15275
979,29409
980,59929
981,10540
982,50031
983,43047
984,08011
985,83553
986,16416
987,08217
988,84533
989,10979
990,05462
991,15615
992,42374
993,43525
994,02141
995,04489
996,36753
997,45119
998,60029
999,10279
1000,64433
1001,14854
1002,65688
1003,45815
1006,35249
1007,61433
1008,60113
1009,63155
1010,82218
1011,14130
1012,47437
1013,63467
1014,67476
1015,04969
1016,16654
1017,79832
1018,25943
1019,54946
1021,46922
1022,64765
1023,54857
1024,20896
1025,30724
1026,45739
1027,10170
1028,28355
1029,71066
1030,36908
1031,16441
1032,18848
1033,18634
1034,19490
1035,16049
1036,30121
1037,31833
1038,30549
1039,30643
1040,31036
1041,30816
1042,30004
1043,30531
1044,30413
1045,49938
1046,48437
1047,48509
1048,08629
1049,07860
1050,07702
1051,08805
1052,65775
1053,59079
1054,63820
1055,65550
1056,65786
1057,59859
1058,59479
1059,64601
1060,98290
1061,59447
1062,59727
1063,59052
1064,98586
1065,37871
1066,37015
1067,38237
1068,37887
1069,37338
1070,57760
1071,60472
1072,62536
1073,62946
1074,60632
1075,40311
1076,42141
1077,41651
1078,40374
1079,42445
1080,53203
1081,45616
1082,43605
1083,50101
1084,50325
1085,50278
1086,50520
1087,55921
1088,56151
1089,55424
1090,63555
1091,64740
1092,58431
1093,58725
1094,85623
1095,85938
1096,85639
1097,33445
1098,33069
1099,32512
1100,32060
1101,32435
1102,32949
1103,33158
1104,47165
1105,24588
1106,24528
1107,24333
1108,22214
1109,15620
1110,15021
1111,16833
1112,19017
1113,97420
1114,97391
1115,38922
1116,39746
1117,39367
1118,39641
1119,38873
1120,39653
1121,71801
1122,72046
1123,71635
1124,71838
1125,71652
1126,72753
1127,72854
1128,72126
1129,74403
1130,73641
1131,73560
1132,73179
1133,70047
1134,59318
1135,87007
1136,11709
1137,78801
1138,75681
1139,79501
1140,76854
1141,77033
1142,75652
1143,76431
1144,79033
1145,76384
1146,35173
1147,22967
1148,36265
1149,36585
1150,35951
1151,25915
1152,26624
1153,26342
1154,26261
1155,75167
1156,90706
1157,95428
1158,93306
1159,92697
1160,96003
1161,93257
1162,64018
1163,92350
1164,75833
1165,77031
1166,02351
1167,02726
1168,48370
1169,50591
1170,67674
1171,82414
1172,54923
1173,93550
1174,95219
1175,96013
1176,95309
1177,93283
1178,93453
1179,25193
1180,26147
1181,03060
1182,03825
1183,69354
1184,68456
1185,79370
1186,75975
1187,76442
1188,12758
1189,14504
1190,90604
1191,66531
1192,29003
1193,29654
1194,29853
1195,29526
1196,29810
1197,58621
1198,58225
1199,04097
1200,04766
1201,04468
1202,04289
1203,04952
1204,54405
1205,97910
1206,76182
1207,35115
1208,35550
1209,36475
1210,49707
1212,84313
1213,84525
1214,16172
1215,15617
1216,15313
1219,56281
1220,33323
1221,30669
1222,62882
1223,60465
1224,95631
1225,95528
1226,92617
1227,57785
1228,78133
1229,77443
1230,39269
1231,13438
1232,11944
1233,12473
1235,89043
1236,43403
1237,45848
1238,41171
1240,52801
1241,02025
1242,21901
1243,21012
1244,73487
1245,97810
1246,97051
1247,97486
1248,87710
1249,50465
1250,72028
1251,43350
1252,80746
1253,31714
1254,30229
1255,31320
1256,56321
1257,50454
1258,50523
1259,06783
1260,06422
1262,67340
1263,67559
1264,05050
1265,27526
1266,27258
1267,27370
1268,28906
1269,28653
1270,27878
1271,29338
1272,82322
1273,82637
1274,95451
1275,10308
1276,27306
1277,92662
1278,97108
1279,29056
1280,49443
1282,75930
1283,35645
1284,45866
1285,93262
1286,10931
1287,79080
1288,06258
1289,06264
1290,62672
1291,25918
1292,26280
1293,78062
1294,63962
1295,83217
1296,83314
1297,83465
1298,83402
1299,42638
1300,42463
1301,19901
1302,06350
1303,71328
1304,42130
1305,41121
1306,28359
1307,85191
1308,39633
1309,04929
1310,17099
1311,17951
1312,99171
1313,86445
1314,29589
1315,29724
1316,62059
1317,01720
1318,80732
1319,75962
1320,52701
1321,14853
1322,87064
1323,14027
1324,43940
1325,15640
1326,66742
1327,04417
1328,24474
1329,03873
1330,16682
1331,40964
1332,98416
1333,16228
1334,48440
1335,60939
1336,04271
1337,08032
1338,57245
1339,45893
1340,15922
1341,22908
1342,10153
1343,12784
1344,05073
1345,44861
1346,24855
1348,12438
1349,75429
1351,65320
1352,19511
1353,89001
1354,89085
1355,29225
1356,83637
1357,14026
1358,15962
1359,17253
1360,45435
1361,18081
1362,15361
1363,15492
1364,45721
1365,40020
1366,15123
1367,28102
1368,31034
1369,71230
1370,17566
1371,18980
1372,15864
1373,17102
1374,30161
1375,30224
1376,31558
1377,48084
1378,48127
1379,49866
1380,49935
1381,08540
1382,08330
1383,08608
1384,63701
1385,63383
1386,65401
1387,65084
1388,64451
1389,59840
1390,59069
1391,59645
1392,98223
1393,59762
1394,98841
1395,83856
1396,37172
1397,37643
1398,37738
1399,37804
1400,57257
1401,37051
1402,27948
1403,28173
1404,61834
1405,58032
1406,62896
1407,41031
1408,40165
1409,43302
1410,40336
1411,40536
1412,42347
1413,54022
1414,54801
1415,53820
1416,54527
1417,45330
1418,45050
1419,50029
1420,50273
1421,50034
1422,50609
1423,56467
1424,56113
1425,65453
1426,58045
1427,58757
1428,58775
1430,08023
1431,85546
1432,85610
1433,86039
1434,86338
1435,33603
1436,32347
1437,34677
1438,47977
1439,24054
1440,24586
1441,24085
1442,22815
1443,18936
1444,19121
1445,97457
1446,97123
1447,97402
1448,15754
1449,39437
1450,38917
1451,39039
1452,39574
1453,39063
1454,38850
1455,39170
1456,71923
1457,72834
1458,72740
1459,71653
1460,72020
1461,74701
1462,74002
1463,73080
1464,74735
1465,73663
1466,74136
1467,70656
1468,71282
1469,71006
1470,71469
1471,70777
1472,88049
1473,87045
1474,87013
1475,88401
1476,87020
1477,87026
1478,78610
1479,78043
1480,78832
1481,79935
1482,75949
1483,75903
1484,76645
1485,75605
1486,77435
1487,77575
1488,75925
1489,23510
1490,99224
1491,98541
1492,36323
1493,36251
1494,26884
1495,24954
1496,26241
1497,25701
1498,26033
1499,26456
1500,76433
1501,96007
1502,13421
1503,95521
1504,95404
1505,90405
1506,93561
1507,90270
1508,96034
1509,92648
1510,92371
1511,76940
1512,77430
1513,01056
1514,67003
1515,50420
1516,66523
1517,82835
1518,95435
1519,96050
1520,93527
1521,92116
1522,08824
1523,68667
1524,68380
1525,69121
1526,68588
1527,79908
1528,86005
1529,14094
1530,93664
1531,94707
1532,29645
1533,29661
1534,29161
1535,29031
1536,29323
1537,29178
1538,58238
1539,15555
1540,04414
1541,04415
1542,70653
1543,04430
1544,99371
1545,30751
1546,04050
1547,62379
1548,76856
1549,77868
1550,35045
1551,35633
1552,35563
1553,49738
1554,85535
1555,86401
1556,84737
1557,81324
1558,19070
1559,18046
1560,16950
1562,10075
1563,85360
1564,71419
1565,56389
1566,55607
1567,33786
1571,60476
1572,95458
1573,93920
1574,95538
1575,29628
1576,57773
1577,47236
1578,38961
1579,13676
1580,10039
1581,12901
1582,27360
1583,44149
1584,42544
1585,57432
1587,76687
1588,75943
1589,21610
1590,01740
1591,73739
1592,97386
1593,86435
1594,36353
1595,80241
1596,80127
1597,81230
1598,31556
1599,29439
1600,52644
1601,16821
1602,79769
1603,06098
1604,30639
1606,68321
1607,67416
1608,28570
1609,27858
1610,27608
1611,28365
1612,27504
1613,28658
1614,28694
1615,29544
1616,82649
1617,95317
1618,28438
1619,73435
1620,73070
1621,36524
1622,29834
1623,64849
1624,79324
1625,78950
1626,79239
1627,37332
1628,41731
1629,90716
1630,94158
1631,06417
1632,97014
1633,43468
1634,44874
1635,43018
1636,65286
1637,38503
1638,83211
1639,83835
1640,53940
1641,67346
1642,20052
1643,20057
1644,97416
1645,84534
1646,62256
1647,86535
1648,58074
1649,43325
1650,04449
1651,04461
1652,04478
1653,08741
1654,54841
1656,17080
1657,25911
1658,01003
1659,20515
1660,59351
1661,53939
1662,28617
1663,11439
1664,07820
1665,89409
1666,52562
1667,08329
1668,31704
1669,04286
1670,14721
1671,07844
1672,47965
1673,89017
1674,18962
1675,34729
1676,22725
1677,44815
1678,04354
1679,45876
1680,13455
1681,88042
1682,08353
1683,22957
1684,98811
1685,05439
1686,25051
1687,75270
1688,12933
1689,59930
1690,64101
1691,27861
1692,02350
1693,19535
1694,93943
1695,20889
1696,48862
1697,83349
1698,42759
1699,28424
1700,47986
1701,27555
1702,76267
1703,61258
1704,10152
1705,31084
1707,28755
1708,71212
1709,36310
1710,17888
1711,15642
1712,19033
1713,15560
1714,31750
1715,30024
1716,31076
1717,31549
1718,31537
1719,31324
1720,89445
1721,49319
1722,49892
1723,49746
1724,48188
1725,49722
1726,48146
1727,07001
1728,07847
1729,08270
1730,65682
1731,65251
1732,59920
1733,64507
1734,59261
1735,59327
1736,59601
1737,59870
1738,98422
1739,59019
1740,38002
1741,37090
1742,37830
1743,57117
1744,57745
1745,62025
1746,62336
1747,60088
1748,58017
1749,40351
1750,40353
1751,40065
1752,40069
1753,41129
1754,42276
1755,40958
1756,53066
1757,54747
1758,45701
1759,44890
1760,44663
1761,44026
1762,44301
1763,43837
1764,50439
1765,50476
1766,51562
1767,50529
1768,55316
1769,56236
1770,63935
1771,58636
1772,58031
1773,08751
1774,07720
1775,86001
1776,07939
1777,32456
1778,32043
1779,34974
1780,32455
1781,32424
1782,34289
1783,34233
1784,47401
1785,46705
1786,46250
1787,24574
1788,23231
1789,23882
1790,24360
1791,24084
1792,24370
1793,23944
1794,47958
1795,15466
1796,97148
1797,15476
1798,15006
1799,39401
1800,39565
1801,39361
1802,38768
1803,39740
1804,39325
1805,39041
1806,72064
1807,72638
1808,74721
1809,73022
1810,73852
1811,71269
1812,70435
1813,70754
1814,59055
1815,87037
1816,11520
1817,76513
1818,75645
1819,35023
1820,78602
1821,78249
1822,75647
1823,23221
1824,35180
1825,24273
1826,22580
1827,98856
1828,99362
1829,35772
1830,35443
1831,25524
1832,24739
1833,26301
1834,36266
1835,25755
1837,77488
1838,77833
1839,92082
1840,93235
1841,96048
1842,91108
1843,95490
1844,93728
1845,11004
1846,95340
1847,76690
1848,01960
1849,02129
1850,01144
1851,49887
1852,50104
1853,66736
1854,50623
1855,54441
1856,82601
1857,83101
1858,26411
1859,24920
1860,26287
1861,03452
1862,68342
1863,69337
1864,68821
1865,78389
1866,85550
1867,11249
1868,93581
1869,50154
1870,29706
1871,29657
1872,29440
1873,29646
1874,29817
1875,17771
1876,15644
1877,15925
1878,04257
1879,04742
1880,04605
1881,98537
1882,33472
1883,83501
1884,78722
1885,35978
1886,36467
1887,36748
1888,36032
1889,48750
1890,84032
1891,84784
1892,84647
1893,17970
1894,15379
1895,15831
1896,18219
1897,88052
1898,87101
1899,36453
1900,71433
1901,15634
1902,34228
1903,39870
1904,61439
1905,62523
1906,61411
1907,61321
1908,61625
1909,35572
1910,95548
1911,96122
1912,93513
1913,62090
1914,75560
1915,13642
1916,10034
1917,14527
1918,28650
1919,11020
1920,45767
1921,43070
1922,45854
1923,41567
1924,57470
1925,46048
1926,76853
1927,21804
1928,01564
1929,97739
1930,97918
1931,97037
1932,24165
1933,22044
1934,80424
1935,81303
1936,80459
1937,81648
1938,81334
1939,81505
1940,30605
1941,31822
1942,10923
1943,39885
1944,54542
1945,88065
1946,52071
1947,78943
1948,81635
1949,81023
1950,06035
1951,32567
1953,14029
1954,02916
1955,27539
1956,27603
1957,28146
1958,27819
1959,82727
1960,95941
1961,93621
1962,13324
1963,15060
1964,28770
1965,26366
1966,32214
1967,32087
1968,60557
1969,97345
1970,49848
1971,03033
1972,45358
1973,92140
1974,78401
1975,37450
1976,50634
1977,61371
1978,96084
1979,92239
1980,45354
1981,42133
1982,63934
1983,63742
1984,68362
1985,83302
1986,42061
1987,66622
1988,19966
1989,42217
1990,84779
1991,85734
1992,57660
1993,32768
1994,80266
1995,45160
1996,04346
1997,04760
1998,97825
1999,45699
2000,02858
2001,15674
2002,26586
2003,96117
2004,01375
2005,98336
2006,81326
2007,21105
2008,59322
2009,35632
2010,32511
2011,10171
2012,29364
2013,43117
2014,67073
2015,12864
2016,12987
2017,26074
2018,46170
2019,18820
2020,17730
2021,45423
2022,43077
2023,48434
2024,04226
2025,47445
2026,14557
2027,11424
2028,48874
2029,71242
2030,12190
2031,38070
2032,05442
2033,84138
2034,02462
2035,75884
2036,10165
2037,42328
2038,57197
2039,20408
2040,83631
2041,14802
2042,92364
2043,63850
2044,83839
2045,15416
2046,23160
2047,24327
2048,17232
2049,08039
2050,99124
2051,98164
2052,71428
2053,46778
2054,30539
2055,17815
2056,15055
2057,16947
2058,15501
2059,17751
2060,31546
2061,31217
2062,30474
2063,89131
2064,89419
2065,89820
2066,48307
2067,49014
2068,48034
2069,08317
2070,07604
2071,07662
2072,07027
2073,64772
2074,65746
2075,65793
2076,63109
2077,65466
2078,59018
2079,65243
2080,99180
2081,59721
2082,59871
2083,59845
2084,59460
2085,59024
2086,59088
2087,37379
2088,37725
2089,38254
2090,37167
2091,38261
2092,38059
2093,62094
2094,60010
2095,62959
2096,62521
2097,60469
2098,58654
2099,62537
2100,40741
2101,40831
2102,40361
2103,40359
2104,40155
2105,40383
2106,40380
2107,40360
2108,42066
2109,42103
2110,42210
2111,53588
2112,54656
2113,53553
2114,43056
2115,45807
2116,44661
2117,50577
2118,52315
2119,56014
2120,56055
2121,56345
2122,55008
2123,56127
2124,65542
2125,64145
2126,58040
2127,85250
2128,33056
2129,32097
2130,34748
2131,34235
2132,34432
2133,32948
2134,47553
2135,24112
2136,23430
2137,23821
2138,23868
2139,24318
2140,47448
2141,97023
2142,19012
2143,17876
2144,17064
2145,97630
2146,39108
2147,39443
2148,39208
2149,39192
2150,39044
2151,71958
2152,72223
2153,72846
2154,72160
2155,72528
2156,72112
2157,72352
2158,72644
2159,71631
2160,73055
2161,74601
2162,74003
2163,74745
2164,73003
2165,74723
2166,70441
2167,70661
2168,59820
2169,59434
2170,12866
2171,87416
2172,75169
2173,75109
2174,76825
2175,79720
2176,76088
2177,78957
2178,22305
2179,22213
2180,24614
2181,22923
2182,98354
2183,35674
2184,36064
2185,26452
2186,26283
2187,26149
2188,35121
2189,26155
2190,25286
2191,24901
2192,79510
2193,96023
2194,95033
2195,90038
2196,91046
2197,65281
2198,94018
2199,12010
2200,77204
2201,01022
2202,01063
2203,49788
2204,66227
2205,54177
2206,82633
2207,93510
2208,95968
2209,91906
2210,24726
2211,24844
2212,24966
2213,03865
2214,68874
2215,68520
2216,68982
2217,75851
2218,86303
2219,86406
2220,85941
2221,85332
2222,13367
2223,95726
2224,93545
2225,52163
2226,52652
2227,50069
2228,67049
2229,29540
2230,29322
2231,29335
2232,15443
2233,04280
2234,04654
2235,04462
2236,03910
2237,04928
2238,04541
2239,98207
2240,71254
2241,32046
2242,76520
2243,78631
2244,35634
2245,36010
2246,35773
2247,36420
2248,48233
2249,71864
2250,84021
2251,84307
2252,15078
2253,17568
2254,87047
2256,72052
2257,71051
2258,56681
2262,31503
2263,30678
2264,60974
2265,36075
2266,95971
2267,94525
2268,62362
2269,75202
2270,10511
2271,12308
2273,43909
2274,40057
2275,42408
2276,41073
2277,57264
2279,02744
2280,02357
2281,97361
2282,97828
2283,97413
2284,35112
2285,87512
2286,87412
2287,23423
2288,23507
2289,80439
2290,80820
2291,80603
2292,81130
2293,31568
2294,13641
2295,30560
2296,87023
2297,50620
2298,06751
2299,81416
2300,81140
2301,06061
2302,11942
2303,07717
2304,20710
2305,28659
2306,28433
2307,28025
2308,28551
2309,27831
2310,27822
2311,10528
2312,11224
2313,15680
2314,47388
2315,98376
2316,25186
2317,73031
2318,60165
2319,62046
2320,97429
2321,76453
2322,79738
2323,85927
2324,95419
2325,91125
2326,06353
2327,50649
2328,61731
2329,86335
2330,26377
2331,43541
2332,44639
2333,76439
2334,83333
2335,83549
2336,98288
2337,26544
2338,68330
2339,20415
2340,70431
2341,45782
2342,80530
2343,20763
2344,04975
2345,15777
2346,97450
2347,98565
2348,15421
2349,26055
2350,95676
2351,98505
2352,80468
2353,21250
2354,39635
2355,81155
2356,20591
2357,84719
2358,50831
2359,44619
2360,03086
2361,43530
2362,50145
2363,67232
2364,49084
2365,22472
2366,81129
2367,03768
2368,73746
2369,45172
2370,04762
2371,44274
2372,80473
2373,80428
2374,15847
2375,10168
2376,71359
2377,51340
2378,61027
2379,31333
2380,74171
2381,05731
2382,15444
2383,76466
2385,14707
2386,16332
2387,02205
2388,72035
2389,97434
2390,32959
2391,53127
2392,27841
2393,40526
2394,28042
2395,79066
2396,11549
2397,77976
2398,51578
2399,46302
2400,31753
2401,65675
2402,46345
2403,63824
2404,47853
2405,49063
2406,35959
2407,15531
2408,15424
2409,17315
2410,15717
2411,16872
2412,31092
2413,30458
2414,30673
2415,39828
2416,89040
2417,48184
2418,49920
2419,49915
2420,49010
2421,08840
2422,07073
2423,65010
2424,59337
2425,65802
2426,59047
2427,64108
2428,65066
2429,59301
2430,59410
2431,98577
2432,59345
2433,59319
2434,59344
2435,59911
2436,98801
2437,59022
2438,99156
2439,99344
2440,37179
2441,38040
2442,37854
2443,38381
2444,38577
2445,37309
2446,38345
2447,60021
2448,62924
2449,61548
2450,40342
2451,42003
2452,40437
2453,42056
2454,40356
2455,44660
2456,40769
2457,41729
2458,54174
2459,53099
2460,53176
2461,45690
2462,44654
2463,44127
2464,45121
2465,43222
2466,45469
2467,50223
2468,56464
2469,55433
2470,55155
2471,65806
2472,58792
2473,58313
2474,85925
2475,86327
2476,86337
2477,33548
2478,33101
2479,33841
2480,32835
2481,47501
2482,47036
2483,24502
2484,23002
2485,24230
2486,97355
2487,18440
2488,16915
2489,15429
2490,19453
2491,97530
2492,39301
2493,39365
2494,39047
2495,38680
2496,39661
2497,71655
2498,72104
2499,72335
2500,71646
2501,71858
2502,72704
2503,72110
2504,72150
2505,74437
2506,74854
2507,74944
2508,74338
2509,74547
2510,70791
2511,71435
2512,70342
2513,88317
2514,88061
2515,87901
2516,87510
2517,88220
2518,87701
2519,75428
2520,78582
2521,78852
2522,75460
2523,75662
2524,75119
2525,77354
2526,36042
2527,78102
2528,75446
2529,75980
2530,23089
2531,22835
2532,36925
2533,35555
2534,35901
2535,25801
2536,25637
2537,26833
2538,25570
2539,26651
2540,36866
2542,90001
2543,92679
2544,95322
2545,96101
2546,95425
2547,95842
2548,95987
2549,12189
2550,93241
2551,77664
2552,79734
2553,78418
2554,75631
2555,01107
2556,01128
2557,48870
2558,53949
2559,82001
2560,98331
2561,95573
2562,95913
2563,26405
2564,25871
2565,03285
2566,03588
2567,69366
2568,69339
2569,75233
2570,75657
2571,11411
2572,93234
2573,29571
2574,29020
2575,29583
2576,29667
2577,29554
2578,04650
2579,04953
2580,98356
2581,98392
2582,30906
2583,60096
2584,76450
2585,36742
2586,36083
2587,36756
2588,49784
2589,48015
2590,86538
2591,92055
2592,84072
2593,84515
2594,84714
2595,85263
2596,16161
2597,15140
2598,19358
2599,17850
2600,87508
2601,87742
2604,71218
2605,18625
2606,55114
2608,61261
2609,61815
2610,61857
2611,62087
2612,37101
2613,96137
2614,77027
2615,39753
2616,10597
2618,89830
2619,89832
2620,43520
2621,41514
2622,57364
2624,50103
2625,01520
2626,02370
2627,21871
2628,74540
2629,97522
2630,97456
2632,24540
2633,45267
2634,80239
2635,30326
2636,31213
2637,31315
2638,88004
2639,77659
2640,80536
2641,06786
2642,12419
2643,84083
2644,20656
2645,21251
2646,28110
2647,28079
2648,28376
2649,28043
2650,27574
2651,27013
2652,27572
2653,59623
2654,28009
2655,11796
2656,96134
2657,95564
2658,62861
2660,65335
2661,44045
2662,14166
2663,06052
2664,70575
2665,62701
2666,62282
2667,96115
2668,92561
2669,45361
2670,63784
2671,83347
2672,83276
2673,25862
2674,76872
2675,19945
2676,06444
2677,84526
2678,28748
2679,76203
2680,12722
2681,12466
2682,20838
2683,98539
2684,45720
2685,13154
2686,13646
2687,13244
2688,15510
2689,21718
2690,20004
2691,84765
2692,39425
2693,59444
2694,10502
2695,18915
2696,45316
2697,38455
2698,67021
2699,80646
2700,03583
2701,15082
2702,14778
2703,43761
2704,92266
2705,43961
2706,35070
2707,78842
2708,04940
2709,04006
2710,36543
2711,98364
2712,61750
2713,14515
2714,62334
2715,05491
2716,15315
2717,05030
2718,06020
2719,02366
2720,73001
2721,62250
2722,82648
2723,95978
2724,33022
2725,94548
2726,83848
2727,79344
2728,85726
2729,17311
2730,70465
2731,15088
2732,15465
2733,05352
2734,60536
2735,10503
2736,71659
2737,98558
2738,50521
2739,47997
2740,36038
2741,14642
2742,18085
2743,10915
2744,21542
2745,49335
2746,21051
2747,26268
2748,21550
2749,21607
2750,26323
2751,08079
2752,21628
2753,26337
2754,26346
2755,26361
2756,21641
2757,21659
2758,26415
2759,16939
2760,12766
2761,17005
2762,12776
2763,17010
2764,12801
2765,12816
2766,12821
2767,12832
2768,12834
2769,17027
2770,04769
2771,04786
2772,04847
2773,04922
2774,04936
2775,04944
2776,04971
2777,04984
2778,02815
2779,05083
2780,35146
2781,46151
2782,46155
2783,48139
2784,48143
2785,40370
2786,30118
2787,50218
2788,38824
2789,40372
2790,35151
2791,40385
2792,35160
2793,38829
2794,50231
2795,50236
2796,50243
2797,38834
2798,26416
2799,21664
2800,26425
2801,26426
2802,26435
2803,08106
2804,21701
2805,21719
2806,08210
2807,08215
2808,21746
2809,26560
2810,26562
2811,26563
2812,08240
2813,12865
2814,17039
2815,12884
2816,12887
2817,12924
2818,12939
2819,12946
2820,17056
2821,17061
2822,13020
2823,17075
2824,05141
2825,01036
2826,05152
2827,01066
2828,01068
2829,05356
2830,01094
2831,05445
2832,03234
2833,05481
2834,48190
2835,38901
2836,30177
2837,48193
2838,55338
2839,38925
2840,55341
2841,55345
2842,26582
2843,21781
2844,26610
2845,26621
2846,08302
2847,08316
2848,08320
2849,26679
2850,08328
2851,26750
2852,08341
2853,08350
2854,26807
2855,21838
2856,17081
2857,17097
2858,13045
2859,13062
2860,17113
2861,17214
2862,17217
2863,13102
2864,13116
2865,13117
2866,13123
2867,03255
2868,01225
2869,05602
2870,01235
2871,05656
2872,03281
2873,05664
2874,03291
2875,01260
2876,06336
2877,03442
2878,30213
2879,48204
2880,40810
2881,40818
2882,30218
2883,46290
2884,40824
2885,35229
2886,50457
2887,40847
2888,08511
2889,26847
2890,21861
2891,21863
2892,21867
2893,08555
2894,21913
2895,21914
2896,21921
2897,08722
2898,08836
2899,13126
2900,13134
2901,17257
2902,17263
2903,17264
2904,13153
2905,17307
2906,13162
2907,17317
2908,13211
2909,13309
2910,17344
2911,13316
2912,17356
2913,05748
2914,01347
2915,03450
2916,01366
2917,03466
2918,06376
2919,03574
2920,01438
2921,05853
2922,05905
2923,05907
2924,32351
2925,35545
2926,41097
2927,32355
2928,41098
2929,35546
2930,32358
2931,35548
2932,32399
2933,39115
2934,41102
2935,39117
2936,50603
2937,46409
2938,08880
2939,10012
2940,10020
2941,10030
2942,10103
2943,10110
2944,10119
2945,10154
2946,10169
2947,10174
2948,10282
2949,10311
2950,15049
2951,15057
2952,15064
2953,13326
2954,13331
2955,17371
2956,13342
2957,13343
2958,17501
2959,17507
2960,17517
2961,13411
2962,13418
2963,17550
2964,13468
2965,01525
2966,01535
2967,01543
2968,01561
2969,01611
2970,01719
2971,01745
2972,06770
2973,01834
2974,50464
2975,30228
2976,50467
2977,38965
2978,40939
2979,30233
2980,38967
2981,35254
2982,40972
2983,39038
2984,55371
2985,39040
2986,40977
2987,15081
2988,10517
2989,10526
2990,10578
2991,10706
2992,15222
2993,10964
2994,10985
2995,17570
2996,13502
2997,17603
2998,13601
2999,17701
3000,13614
3001,13615
3002,13617
3003,13619
3004,13623
3005,13628
3006,13643
3007,17745
3008,13651
3009,13664
3010,01937
3011,01985
3012,02071
3013,02142
3014,02203
3015,02343
3016,02493
3017,02562
3018,02637
3019,39062
3020,50538
3021,39067
3022,30275
3023,41035
3024,60301
3025,30276
3026,35462
3027,41040
3028,39073
3029,60305
3030,35470
3031,32336
3032,39074
3033,41049
3034,48237
3035,10996
3036,15323
3037,15325
3038,15347
3039,15350
3040,15368
3041,11109
3042,15378
3043,15435
3044,11225
3045,15463
3046,15475
3047,13674
3048,13679
3049,13687
3050,13691
3051,13733
3052,13751
3053,17821
3054,17822
3055,13778
3056,17834
3057,17835
3058,13783
3059,13826
3060,17861
3061,02763
3062,02791
3063,03605
3064,03741
3065,03817
3066,03850
3067,03890
3068,41143
3069,30322
3070,35564
3071,41144
3072,39120
3073,39140
3074,46508
3075,35565
3076,55436
3077,39146
3078,30334
3079,55439
3080,55441
3081,35574
3082,35577
3083,11239
3084,15520
3085,11359
3086,15522
3087,15537
3088,15539
3089,15547
3090,15552
3091,15561
3092,15624
3093,15635
3094,15641
3095,15647
3096,15676
3097,17865
3098,13843
3099,13859
3100,17881
3101,17920
3102,17923
3103,17936
3104,17949
3105,14035
3106,14041
3107,17982
3108,19126
3109,19142
3110,19316
3111,19319
3112,19320
3113,19352
3114,19375
3115,19442
3116,19457
3117,19460
3118,19472
3119,19474
3120,41004
3121,39042
3122,41006
3123,30252
3124,32310
3125,48221
3126,35405
3127,46348
3128,50519
3129,35441
3130,32321
3131,35444
3132,32322
3133,15693
3134,11569
3135,15701
3136,15723
3137,15734
3138,15739
3139,15748
3140,15752
3141,15757
3142,15773
3143,15778
3144,11715
3145,15860
3146,15866
3147,18031
3148,18036
3149,14112
3150,14126
3151,14135
3152,14168
3153,18056
3154,18070
3155,18076
3156,19508
3157,19523
3158,19536
3159,19545
3160,19551
3161,19554
3162,19564
3163,19611
3164,48002
3165,50007
3166,40008
3167,40011
3168,48017
3169,48022
3170,32340
3171,30289
3172,55415
3173,35475
3174,41056
3175,35481
3176,50570
3177,50573
3178,48243
3179,39094
3180,46393
3181,39095
3182,35501
3183,55420
3184,15921
3185,15930
3186,15945
3187,15948
3188,15960
3189,16001
3190,16024
3191,16029
3192,16045
3193,11789
3194,11931
3195,14302
3196,14415
3197,14424
3198,18195
3199,14428
3200,14437
3201,14441
3202,18218
3203,18230
3204,18231
3205,14479
3206,18245
3207,18256
3208,48030
3209,40041
3210,38614
3211,30014
3212,40049
3213,40051
3214,38620
3215,40063
3216,38623
3217,32052
3218,40107
3219,38639
3220,40108
3221,35033
3222,32054
3223,50041
3224,35034
3225,35035
3226,24736
3227,24738
3228,20613
3229,19710
3230,20625
3231,19717
3232,19731
3233,19733
3234,20653
3235,20064
3236,20245
3237,20390
3238,24910
3239,20701
3240,16132
3241,16137
3242,11947
3243,11955
3244,16155
3245,16160
3246,12008
3247,16230
3248,16236
3249,16239
3250,16253
3251,16301
3252,16312
3253,16322
3254,14529
3255,18344
3256,14539
3257,14542
3258,18413
3259,14588
3260,14607
3261,18430
3262,18441
3263,46047
3264,48051
3265,40146
3266,35042
3267,50052
3268,48064
3269,40175
3270,35046
3271,38655
3272,48069
3273,35051
3274,35052
3275,35053
3276,38663
3277,38666
3278,35057
3279,07068
3280,20742
3281,25067
3282,25103
3283,19963
3284,20765
3285,25164
3286,25169
3287,25203
3288,25234
3289,16323
3290,12063
3291,12069
3292,16351
3293,16361
3294,12084
3295,16405
3296,12130
3297,12150
3298,12161
3299,18452
3300,14627
3301,18471
3302,14701
3303,14720
3304,18512
3305,14732
3306,14742
3307,18631
3308,14774
3309,30055
3310,35060
3311,50102
3312,48081
3313,38676
3314,48088
3315,35071
3316,46183
3317,35183
3318,50256
3319,35186
3320,32177
3321,40447
3322,20818
3323,25267
3324,07423
3325,20868
3326,20899
3327,07524
3328,07640
3329,25427
3330,21046
3331,25523
3332,12172
3333,16546
3334,16563
3335,16616
3336,16619
3337,16620
3338,16631
3339,16633
3340,16638
3341,16652
3342,12411
3343,12416
3344,18657
3345,14816
3346,18702
3347,18706
3348,14843
3349,18801
3350,14845
3351,18814
3352,14850
3353,14860
3354,18847
3355,14874
3356,40456
3357,32193
3358,48177
3359,30145
3360,38862
3361,48185
3362,48187
3363,40514
3364,25557
3365,25611
3366,25647
3367,25670
3368,07737
3369,21156
3370,21157
3371,25818
3372,25846
3373,25849
3374,12432
3375,16671
3376,12449
3377,12463
3378,12475
3379,12490
3380,12504
3381,12517
3382,16738
3383,18853
3384,18913
3385,14893
3386,18932
3387,18970
3388,19015
3389,19035
3390,19066
3391,19094
3392,35074
3393,35077
3394,30072
3395,46117
3396,50127
3397,32096
3398,55072
3399,38731
3400,46125
3401,32113
3402,50142
3403,38745
3404,55090
3405,25917
3406,07833
3407,21210
3408,07842
3409,25981
3410,26030
3411,07878
3412,07922
3413,26075
3414,07961
3415,16826
3416,16837
3417,16840
3418,16841
3419,16847
3420,16853
3421,16858
3422,16868
3423,16879
3424,12742
3425,12745
3426,15763
3427,99258
3428,61237
3429,94562
3430,14260
3431,13119
3432,76241
3433,79073
3434,75680
3435,78347
3437,04285
3438,04455
3439,04464
3440,04627
3441,04750
3442,40310
3443,46135
3444,40322
3445,48120
3446,50160
3447,38760
3448,32134
3449,60081
3450,30105
3451,38767
3452,40339
3453,32139
3454,38781
3455,35136
3456,08007
3457,26137
3458,26141
3459,26151
3460,26159
3461,26160
3462,08026
3463,21252
3464,08042
3465,08049
3466,21529
3467,26254
3468,49879
3469,64155
3470,43716
3471,64158
3472,49883
3473,27873
3474,62023
3475,27879
3476,43721
3477,43722
3478,29536
3479,27882
3480,37659
3481,65711
3482,68749
3483,68751
3484,45106
3485,28731
3486,54929
3487,45112
3488,45115
3489,82520
3490,82523
3491,24340
3492,24343
3493,45123
3494,45131
3495,28734
3496,54937
3497,45133
3498,28739
3499,24354
3500,65731
3501,33857
3502,43925
3503,37763
3504,43933
3505,43934
3506,28037
3507,53965
3508,53969
3509,37766
3510,37770
3511,23188
3512,29621
3513,64636
3514,43948
3515,29940
3516,28375
3517,62631
3518,54501
3519,68068
3520,66067
3521,65215
3522,68072
3523,54514
3524,28382
3525,68104
3526,28383
3527,54619
3528,62812
3529,28462
3530,68328
3531,54622
3532,38310
3533,68332
3534,66415
3535,65336
3536,44640
3537,68337
3538,28466
3539,23942
3540,62821
3541,28742
3542,45142
3543,24361
3544,28743
3545,45147
3546,66955
3547,24368
3548,65737
3549,45155
3550,45156
3551,45158
3552,45164
3553,45166
3554,24381
3555,65742
3556,67001
3557,28753
3558,43950
3559,43951
3560,64640
3561,28056
3562,37774
3563,33877
3564,29627
3565,62248
3566,29630
3567,43973
3568,43976
3569,58801
3570,37803
3571,44439
3572,44442
3573,28394
3574,38131
3575,38132
3576,68113
3577,54538
3578,68117
3579,44460
3580,44470
3581,66431
3582,62825
3583,23947
3584,62829
3585,38329
3586,66438
3587,44652
3588,28501
3589,68354
3590,38341
3591,23970
3592,54967
3593,28754
3594,24401
3595,28761
3596,65747
3597,54980
3598,45203
3599,24416
3600,65753
3601,82639
3602,82642
3603,45212
3604,28771
3605,67016
3606,54985
3607,29640
3608,37807
3609,62261
3610,23229
3611,28090
3612,44012
3613,62273
3614,28092
3615,38152
3616,65259
3617,54546
3618,54547
3619,38201
3620,62688
3621,54548
3622,38221
3623,54552
3624,44490
3625,44493
3626,44503
3627,28420
3628,54555
3629,38230
3630,44507
3631,44659
3632,54654
3633,23974
3634,28513
3635,24011
3636,68364
3637,62848
3638,38344
3639,66501
3640,28519
3641,28528
3642,28530
3643,44672
3644,66502
3645,28777
3646,82710
3647,82711
3648,65772
3649,45229
3650,82716
3651,28779
3652,24457
3653,28783
3654,24460
3655,24465
3656,65779
3657,82718
3658,24472
3659,28786
3660,28787
3661,67041
3662,62274
3663,28103
3664,64686
3665,62279
3666,28104
3667,37821
3668,37825
3669,28109
3670,37826
3671,62292
3672,29655
3673,29659
3674,23304
3675,54136
3676,28112
3677,23308
3678,62298
3679,28425
3680,66115
3681,65275
3682,54562
3683,68142
3684,54564
3685,66207
3686,38242
3687,28441
3688,23891
3689,62707
3690,28443
3691,44607
3692,38256
3693,68379
3694,65438
3695,68382
3696,28533
3697,65440
3698,54665
3699,68406
3700,62863
3701,38363
3702,66515
3703,24020
3704,62865
3705,54701
3706,68417
3707,67227
3708,68945
3709,68954
3710,67334
3711,45601
3712,45613
3713,45618
3714,45621
3715,45630
3716,45631
3717,68976
3718,45642
3719,68980
3720,45656
3721,37840
3722,29664
3723,28114
3724,23310
3725,29669
3726,37846
3727,29670
3728,54150
3729,44056
3730,37849
3731,29672
3732,28127
3733,64743
3734,54160
3735,23324
3736,28135
3737,29678
3738,68304
3739,34445
3740,23909
3741,68309
3742,28452
3743,54612
3744,34449
3745,28457
3746,23921
3747,38301
3748,62811
3749,54616
3750,68323
3751,24055
3752,66524
3753,38372
3754,65470
3755,66527
3756,38375
3757,44703
3758,44704
3759,24065
3760,65483
3761,24066
3762,65529
3763,34661
3764,24484
3765,68816
3766,82721
3767,45301
3768,24501
3769,28792
3770,45307
3771,67050
3772,67053
3773,24504
3774,67055
3775,65803
3776,24522
3777,82832
3778,67065
3779,29681
3780,54169
3781,29683
3782,54170
3783,37862
3784,23401
3785,62348
3786,62352
3787,62353
3788,37866
3789,29690
3790,62357
3791,54207
3792,62359
3793,57567
3794,37334
3795,57571
3796,61772
3797,22602
3798,59901
3799,43434
3800,43437
3801,43439
3802,22603
3803,58505
3804,43446
3805,53295
3806,22623
3807,28572
3808,68445
3809,28575
3810,24073
3811,68448
3812,65536
3813,68452
3814,28587
3815,28589
3816,38425
3817,38451
3818,24556
3819,82941
3820,67132
3821,83001
3822,83011
3823,83012
3824,45372
3825,24572
3826,24577
3827,24581
3828,67149
3829,83113
3830,83114
3831,45389
3832,83120
3833,37870
3834,44101
3835,54211
3836,54214
3837,23433
3838,28152
3839,28159
3840,64776
3841,54229
3842,54232
3843,23441
3844,33955
3845,27582
3846,58523
3847,37351
3848,57580
3849,61814
3850,33597
3851,58529
3852,43458
3853,29432
3854,43463
3855,59919
3856,22630
3857,27591
3858,64040
3859,57626
3860,27592
3861,65552
3862,68465
3863,24091
3864,24092
3865,66608
3866,38462
3867,65559
3868,62915
3869,44809
3870,82051
3871,54751
3872,62918
3873,82058
3874,45661
3875,45673
3876,67417
3877,69037
3878,45684
3879,45693
3880,67436
3881,45710
3882,45723
3883,45740
3884,37881
3885,54235
3886,62419
3887,64801
3888,28206
3889,29718
3890,33972
3891,37915
3892,64835
3893,53504
3894,27596
3895,57636
3896,43505
3897,37355
3898,22646
3899,49753
3900,27597
3901,61822
3902,43511
3903,57649
3904,58540
3905,58541
3906,49762
3907,49764
3908,62921
3909,82063
3910,66621
3911,65565
3912,54757
3913,24121
3914,62930
3915,38474
3916,28612
3917,82070
3918,54760
3919,44825
3920,24127
3921,82072
3922,28616
3923,44828
3924,24523
3925,82834
3926,68838
3927,24531
3928,24536
3929,82901
3930,82923
3931,82925
3932,67112
3933,45350
3934,24551
3935,82935
3936,67114
3937,24553
3938,24554
3939,23461
3940,64842
3941,44132
3942,23486
3943,37920
3944,28244
3945,23503
3946,64857
3947,64858
3948,59928
3949,61832
3950,64063
3951,59934
3952,64066
3953,57706
3954,22729
3955,57714
3956,58552
3957,59935
3958,53530
3959,43519
3960,28619
3961,82083
3962,28621
3963,68523
3964,38478
3965,34739
3966,82190
3967,24137
3968,54771
3969,38483
3970,44838
3971,65605
3972,28628
3973,62949
3974,28634
3975,62953
3976,65608
3977,83127
3978,68875
3979,67156
3980,24609
3981,45415
3982,24620
3983,24631
3984,24635
3985,24639
3986,68928
3987,68933
3988,28280
3989,62459
3990,34101
3991,29803
3992,34103
3993,38007
3994,54435
3995,38008
3996,34109
3997,65014
3998,38012
3999,65018
4000,61848
4001,49779
4002,29455
4003,57720
4004,61852
4005,57722
4006,59937
4007,82801
4008,61855
4009,57730
4010,58554
4011,37381
4012,43531
4013,22802
4014,53537
4015,57735
4016,49791
4017,57744
4018,43536
4019,38505
4020,28640
4021,44850
4022,28643
4023,68623
4024,54817
4025,38506
4026,44856
4027,65613
4028,54820
4029,38549
4030,54826
4031,34760
4032,23015
4033,62030
4034,49895
4035,49901
4036,23024
4037,53726
4038,53802
4039,49908
4040,29550
4041,33785
4042,49912
4043,43734
4044,43738
4045,23047
4046,29556
4047,34116
4048,29824
4049,68001
4050,54450
4051,29828
4052,66002
4053,62517
4054,28315
4055,38021
4056,29832
4057,28320
4058,54452
4059,34140
4060,44243
4061,58562
4062,33620
4063,57747
4064,37388
4065,57750
4066,37394
4067,58563
4068,22824
4069,58565
4070,49801
4071,57752
4072,37397
4073,58568
4074,61878
4075,22827
4076,49807
4077,22830
4078,28651
4079,24171
4080,68634
4081,62966
4082,54830
4083,66756
4084,65622
4085,65623
4086,24184
4087,28655
4088,44870
4089,38562
4090,82324
4091,24201
4092,38568
4093,65626
4094,37681
4095,53813
4096,29560
4097,53817
4098,27893
4099,43749
4100,43750
4101,58707
4102,37686
4103,37691
4104,43756
4105,27909
4106,23063
4107,58718
4108,38024
4109,38029
4110,28327
4111,23663
4112,68010
4113,28328
4114,23665
4115,65047
4116,38044
4117,44262
4118,38050
4119,62538
4120,49814
4121,29475
4122,33701
4123,57770
4124,53557
4125,49821
4126,64102
4127,43555
4128,22845
4129,64109
4130,49836
4131,54840
4132,44881
4133,82327
4134,62997
4135,38571
4136,65633
4137,28662
4138,28666
4139,54843
4140,54845
4141,82331
4142,68658
4143,28675
4144,24219
4145,66782
4146,27920
4147,23069
4148,43768
4149,49942
4150,23076
4151,49945
4152,43773
4153,27936
4154,49946
4155,23086
4156,23092
4157,27944
4158,38052
4159,29848
4160,28337
4161,38053
4162,38054
4163,66035
4164,44266
4165,29899
4166,44276
4167,29902
4168,62556
4169,57788
4170,57790
4171,57791
4172,53565
4173,64113
4174,57799
4175,58623
4176,27809
4177,82701
4178,22901
4179,61936
4180,49841
4181,58601
4182,29488
4183,22903
4184,22904
4185,49849
4186,61941
4187,82401
4188,82410
4189,24224
4190,54856
4191,24225
4192,38583
4193,38585
4194,54861
4195,38588
4196,68666
4197,66801
4198,24239
4199,45001
4200,28692
4201,24245
4202,82426
4203,29575
4204,62076
4205,62078
4206,37722
4207,43805
4208,27954
4209,62085
4210,53929
4211,49967
4212,27967
4213,53931
4214,43812
4215,29906
4216,28348
4217,65074
4218,28350
4219,38068
4220,68034
4221,65078
4222,38077
4223,29910
4224,66048
4225,23708
4226,23709
4227,29912
4228,34222
4229,27823
4230,37601
4231,22922
4232,64126
4233,22932
4234,37614
4235,53581
4236,58630
4237,53585
4238,22942
4239,37617
4240,29510
4241,43614
4242,28697
4243,34953
4244,82432
4245,45013
4246,82433
4247,66845
4248,68716
4249,28711
4250,34972
4251,45033
4252,24266
4253,65681
4254,54893
4255,82435
4256,65686
4257,68728
4258,82442
4259,37732
4260,27982
4261,62093
4262,53935
4263,53941
4264,58758
4265,29584
4266,23119
4267,43842
4268,37743
4269,43844
4270,62570
4271,29923
4272,28358
4273,65101
4274,29927
4275,28364
4276,38108
4277,68058
4278,28366
4279,28369
4280,23824
4281,49863
4282,22960
4283,29512
4284,43617
4285,27852
4286,22963
4287,58639
4288,27855
4289,37620
4290,29520
4291,58640
4292,37640
4293,27857
4294,53599
4295,22973
4296,37642
4297,62011
4298,43711
4299,28714
4300,66859
4301,45051
4302,34984
4303,28716
4304,34986
4305,65706
4306,82501
4307,82512
4308,28721
4309,66870
4310,82514
4311,28019
4312,29594
4313,37745
4314,23139
4315,58768
4316,23148
4317,62219
4318,58772
4319,29607
4320,53959
4321,33852
4322,28027
4323,33856
4324,61091
4325,36558
4326,36559
4327,59405
4328,47520
4329,49289
4330,63366
4331,56470
4332,52776
4333,36567
4334,36568
4335,59417
4336,47542
4337,59421
4338,27317
4339,36921
4340,59718
4341,47916
4342,58321
4343,61466
4344,37137
4345,63673
4346,27320
4347,61468
4348,61470
4349,47924
4350,59724
4351,61474
4352,37144
4353,41612
4354,50701
4355,30434
4356,35620
4357,32448
4358,41650
4359,30436
4360,41660
4361,41669
4362,30441
4363,55731
4364,41725
4365,39217
4366,48853
4367,56138
4368,30812
4369,42716
4370,56139
4371,56140
4372,36067
4373,47034
4374,36069
4375,56145
4376,30815
4377,36078
4378,42718
4379,36079
4380,39666
4381,42721
4382,30817
4383,42724
4384,31510
4385,59422
4386,47546
4387,56479
4388,33138
4389,31513
4390,27011
4391,63377
4392,58002
4393,43010
4394,58007
4395,58008
4396,29006
4397,31516
4398,31763
4399,61482
4400,27330
4401,43140
4402,53088
4403,37148
4404,27340
4405,43143
4406,58339
4407,27341
4408,37150
4409,31768
4410,37153
4411,43146
4412,63738
4413,30448
4414,50835
4415,55736
4416,41776
4417,50839
4418,35640
4419,41810
4420,30453
4421,30454
4422,32466
4423,41840
4424,56153
4425,42726
4426,30822
4427,36081
4428,36082
4429,42732
4430,42733
4431,47111
4432,56162
4433,30828
4434,39701
4435,56165
4436,42748
4437,30830
4438,42754
4439,36093
4440,36587
4441,27019
4442,58016
4443,59446
4444,29010
4445,37013
4446,27021
4447,58021
4448,58029
4449,27025
4450,59453
4451,37022
4452,61232
4453,27406
4454,63823
4455,59759
4456,58377
4457,31798
4458,63828
4459,37201
4460,33442
4461,58385
4462,61562
4463,41858
4464,55744
4465,60456
4466,46590
4467,30461
4468,39322
4469,60461
4470,55753
4471,39327
4472,35653
4473,42022
4474,30467
4475,42023
4476,55760
4477,48469
4478,55764
4479,39705
4480,42765
4481,42784
4482,39730
4483,36107
4484,48889
4485,56185
4486,48894
4487,52201
4488,56207
4489,63385
4490,27028
4491,37025
4492,31523
4493,59457
4494,59461
4495,57025
4496,57027
4497,59464
4498,33150
4499,27030
4500,59471
4501,37030
4502,31533
4503,61251
4504,63837
4505,31811
4506,37206
4507,29307
4508,49660
4509,29320
4510,61572
4511,59808
4512,63847
4513,58415
4514,30473
4515,39335
4516,48476
4517,32509
4518,51009
4519,51011
4520,39339
4521,42037
4522,60474
4523,39342
4524,32531
4525,32534
4526,37040
4527,36117
4528,56209
4529,31002
4530,52212
4531,31006
4532,36203
4533,39759
4534,52221
4535,47170
4536,49341
4537,63401
4538,29037
4539,29038
4540,58049
4541,37033
4542,29040
4543,61256
4544,59486
4545,37036
4546,27052
4547,56541
4548,27053
4549,37037
4550,57041
4551,61263
4552,29044
4553,22473
4554,57457
4555,37303
4556,39813
4557,59846
4558,37306
4559,58451
4560,58452
4561,59851
4562,59853
4563,29360
4564,27529
4565,59854
4566,59855
4567,43317
4568,29373
4569,51030
4570,55803
4571,48529
4572,39354
4573,30513
4574,39356
4575,51035
4576,39359
4577,39362
4578,32550
4579,56228
4580,63028
4581,31015
4582,36258
4583,31016
4584,59003
4585,52240
4586,36262
4587,31018
4588,31020
4589,56239
4590,47201
4591,63043
4592,31539
4593,43032
4594,47620
4595,58057
4596,56544
4597,57047
4598,59501
4599,31544
4600,57050
4601,58061
4602,29053
4603,36688
4604,37046
4605,61273
4606,37321
4607,59864
4608,49715
4609,61742
4610,22546
4611,49719
4612,63944
4613,37322
4614,49720
4615,59868
4616,63955
4617,61751
4618,22553
4619,39845
4620,27546
4621,37324
4622,37326
4623,32564
4624,30522
4625,35756
4626,51051
4627,46731
4628,32565
4629,42071
4630,30523
4631,42078
4632,30525
4633,42081
4634,55909
4635,51101
4636,30529
4637,32568
4638,35761
4639,42101
4640,47220
4641,59016
4642,47226
4643,31023
4644,56255
4645,49017
4646,59020
4647,63053
4648,59028
4649,59029
4650,47240
4651,56263
4652,36274
4653,36276
4654,47247
4655,63069
4656,61276
4657,37048
4658,56556
4659,57061
4660,37050
4661,29058
4662,56557
4663,59523
4664,47654
4665,31552
4666,27109
4667,31553
4668,56565
4669,58075
4670,58076
4671,27201
4672,63462
4673,56569
4674,59821
4675,59823
4676,53150
4677,49675
4678,22407
4679,31836
4680,59826
4681,37213
4682,57439
4683,59829
4684,59830
4685,22427
4686,53172
4687,30533
4688,35765
4689,32571
4690,39402
4691,60519
4692,30534
4693,35768
4694,51111
4695,48624
4696,30536
4697,32580
4698,39426
4699,42134
4700,48625
4701,46766
4702,30541
4703,39428
4704,48629
4705,36278
4706,56265
4707,52326
4708,31031
4709,59035
4710,47250
4711,31032
4712,47263
4713,60661
4714,63077
4715,52334
4716,59038
4717,59041
4718,59043
4719,31038
4720,47265
4721,31041
4722,52345
4723,31046
4724,31047
4725,61315
4726,61317
4727,37058
4728,59535
4729,36720
4730,61320
4731,47683
4732,36726
4733,61323
4734,61324
4735,63472
4736,29070
4737,27207
4738,61332
4739,31560
4740,61338
4741,29375
4742,27530
4743,39823
4744,53205
4745,27534
4746,43330
4747,49709
4748,57501
4749,22520
4750,43333
4751,59860
4752,27537
4753,42163
4754,48633
4755,60539
4756,42166
4757,39439
4758,42167
4759,46786
4760,55949
4761,42171
4762,46791
4763,30553
4764,30554
4765,30558
4766,32615
4767,55961
4768,46799
4769,36311
4770,47274
4771,47280
4772,36312
4773,31055
4774,47281
4775,47282
4776,63102
4777,56287
4778,59053
4779,52401
4780,59057
4781,59058
4782,31061
4783,59059
4784,59061
4785,59062
4786,31063
4787,59064
4788,31563
4789,63501
4790,36744
4791,31565
4792,27215
4793,29078
4794,36750
4795,36751
4796,61346
4797,31569
4798,29080
4799,57105
4800,27217
4801,58105
4802,37067
4803,29101
4804,53003
4805,49434
4806,31601
4807,39851
4808,57548
4809,59872
4810,49726
4811,39862
4812,57551
4813,22560
4814,27557
4815,57552
4816,57553
4817,27559
4818,59873
4819,43408
4820,59874
4821,63967
4822,27560
4823,48647
4824,42211
4825,39451
4826,51350
4827,55968
4828,51355
4829,55971
4830,32625
4831,48653
4832,46807
4833,55977
4834,42240
4835,39456
4836,31064
4837,56301
4838,32962
4839,36344
4840,59070
4841,36345
4842,60920
4843,36350
4844,63112
4845,59074
4846,59075
4847,59077
4848,60932
4849,60933
4850,56308
4851,47337
4852,36360
4853,29102
4854,36761
4855,33184
4856,53007
4857,36767
4858,37074
4859,58204
4860,59633
4861,56601
4862,31620
4863,31623
4864,56621
4865,29108
4866,36782
4867,61358
4868,31627
4869,29340
4870,33473
4871,63868
4872,22438
4873,59837
4874,57446
4875,37228
4876,63874
4877,29351
4878,29353
4879,49686
4880,29355
4881,63878
4882,27525
4883,63880
4884,32640
4885,39462
4886,51440
4887,42261
4888,60560
4889,39465
4890,32648
4891,39466
4892,51446
4893,30627
4894,42301
4895,49075
4896,52501
4897,36371
4898,47344
4899,52531
4900,31083
4901,59087
4902,60945
4903,60949
4904,36401
4905,56325
4906,56328
4907,59101
4908,52544
4909,52548
4910,31089
4911,31630
4912,58224
4913,57214
4914,53016
4915,56627
4916,59639
4917,31632
4918,61363
4919,59642
4920,63559
4921,37083
4922,56629
4923,58230
4924,29117
4925,43076
4926,47809
4927,27344
4928,59728
4929,47941
4930,33413
4931,63748
4932,43151
4933,37160
4934,37165
4935,49628
4936,43156
4937,43157
4938,59730
4939,61524
4940,63755
4941,30633
4942,60602
4943,60606
4944,32680
4945,30635
4946,42320
4947,42322
4948,56007
4949,48724
4950,35953
4951,42330
4952,48729
4953,56016
4954,56020
4955,56335
4956,60958
4957,52557
4958,36426
4959,52561
4960,36439
4961,47367
4962,63125
4963,36454
4964,59223
4965,56633
4966,63565
4967,36804
4968,59644
4969,29122
4970,31636
4971,37087
4972,27265
4973,57233
4974,36830
4975,56636
4976,47836
4977,53031
4978,29127
4979,63620
4980,36850
4981,58244
4982,31642
4983,63764
4984,63767
4985,22151
4986,58353
4987,31788
4988,43203
4989,59741
4990,29208
4991,53108
4992,61539
4993,31791
4994,46930
4995,60611
4996,39503
4997,30655
4998,42354
4999,42356
5000,30660
5001,42367
5002,56032
5003,46943
5004,30662
5005,30665
5006,36456
5007,31207
5008,49104
5009,49106
5010,59230
5011,59240
5012,59241
5013,47382
5014,61018
5015,52595
5016,49119
5017,56649
5018,31643
5019,37091
5020,37095
5021,49458
5022,27284
5023,56653
5024,29135
5025,47846
5026,63628
5027,37096
5028,57256
5029,61416
5030,58258
5031,36860
5032,61541
5033,59750
5034,37180
5035,63783
5036,47964
5037,47966
5038,37183
5039,57368
5040,53122
5041,61552
5042,42406
5043,32709
5044,42411
5045,35968
5046,46950
5047,30677
5048,48760
5049,42420
5050,30680
5051,32720
5052,56060
5053,46958
5054,39562
5055,46961
5056,36477
5057,36480
5058,56364
5059,52601
5060,36483
5061,59255
5062,52624
5063,56369
5064,56371
5065,31305
5066,56375
5067,56376
5068,47405
5069,47406
5070,36518
5071,61043
5072,59701
5073,56661
5074,43109
5075,47860
5076,47863
5077,56669
5078,47865
5079,47869
5080,36862
5081,27292
5082,43111
5083,61426
5084,56676
5085,36865
5086,47880
5087,20170
5088,47881
5089,41179
5090,35578
5091,35579
5092,41224
5093,39159
5094,39160
5095,55449
5096,48356
5097,39167
5098,35586
5099,39168
5100,30349
5101,48367
5102,39174
5103,41268
5104,46967
5105,46968
5106,30705
5107,42450
5108,35990
5109,36003
5110,51570
5111,36005
5112,48813
5113,48816
5114,36009
5115,39571
5116,36016
5117,42464
5118,32744
5119,31316
5120,33037
5121,33039
5122,36521
5123,47421
5124,59311
5125,31321
5126,52647
5127,59313
5128,33040
5129,31323
5130,36522
5131,56401
5132,47434
5133,33050
5134,52660
5135,59324
5136,27295
5137,37110
5138,43113
5139,58273
5140,47884
5141,27298
5142,49505
5143,63645
5144,37122
5145,36871
5146,57278
5147,27302
5148,63653
5149,20181
5150,39176
5151,55604
5152,41301
5153,35594
5154,32428
5155,55606
5156,50652
5157,41311
5158,55612
5159,30401
5160,32432
5161,41332
5162,30412
5163,41339
5164,39183
5165,32433
5166,39189
5167,30415
5168,48411
5169,50667
5170,46984
5171,36026
5172,42503
5173,56089
5174,30728
5175,39577
5176,36028
5177,30735
5178,51646
5179,30736
5180,39601
5181,36035
5182,51656
5183,39629
5184,46998
5185,59326
5186,36528
5187,56435
5188,47446
5189,49240
5190,52728
5191,59330
5192,59332
5193,63345
5194,52737
5195,33064
5196,29154
5197,43123
5198,37128
5199,31722
5200,61451
5201,47905
5202,29160
5203,63663
5204,31730
5205,27312
5206,58301
5207,56720
5208,33351
5209,63664
5210,31747
5211,50673
5212,30417
5213,50674
5214,35611
5215,55709
5216,41501
5217,41503
5218,41517
5219,30425
5220,55716
5221,30426
5222,35614
5223,35615
5224,41560
5225,32446
5226,42631
5227,47001
5228,39638
5229,52030
5230,36047
5231,42633
5232,36048
5233,48845
5234,30747
5235,39645
5236,52033
5237,56125
5238,42647
5239,56129
5240,39648
5241,59349
5242,61079
5243,52749
5244,49261
5245,49263
5246,52752
5247,56461
5248,31409
5249,63357
5250,52758
5251,63359
5252,33076
5253,78211
5254,95632
5255,95634
5256,95641
5257,95642
5258,95651
5259,78225
5260,95667
5261,78235
5262,78242
5263,95684
5264,95685
5265,34114
5266,32348
5267,32066
5268,46346
5269,24151
5270,24210
5271,23841
5272,17872
5273,18419
5274,16839
5275,39114
5276,39355
5277,39360
5278,72701
5279,71726
5280,73132
5281,71463
5282,71360
5283,70438
5284,79331
5285,79346
5286,79350
5287,79353
5288,79366
5289,79369
5290,79378
5291,79406
5292,79502
5293,79511
5294,79527
5295,79528
5296,79533
5297,79535
5298,79539
5299,79562
5300,24141
5301,23950
5302,47596
5303,97703
5304,15563
5305,97002
5306,39059
5307,39452
5308,38947
5309,39664
5310,72206
5311,93657
5312,74426
5313,73134
5314,73554
5315,71446
5316,59078
5317,87552
5318,88136
5319,78611
5320,76446
5321,97135
5322,43793
5323,45658
5324,92222
5325,92096
5326,49780
5327,66118
5328,83833
5329,25162
5330,77986
5331,97904
5332,45132
5333,21285
5334,16699
5336,87319
5337,12534
5338,79714
5339,78624
5340,75801
5341,75972
5342,76550
5343,36037
5344,20115
5345,98361
5346,98944
5347,35503
5348,98830
5349,25504
5350,26836
5351,94062
5352,12027
5353,63365
5354,78606
5355,78757
5356,79699
5357,79706
5358,79731
5359,79733
5360,79735
5361,79743
5362,79744
5363,79752
5364,79754
5365,79755
5366,79778
5367,79780
5368,79789
5369,79834
5370,79845
5371,79847
5372,79848
5373,79855
5374,79924
5375,77469
5376,79549
5377,36264
5378,25505
5379,26601
5380,75771
5381,93610
5382,91390
5383,96064
5384,63544
5385,95954
5386,91030
5387,02338
5388,49751
5389,82325
5390,93944
5391,96112
5392,57251
5393,76653
5394,21560
5395,46980
5396,03461
5397,14537
5398,12429
5399,48824
5400,38550
5402,85709
5403,83449
5404,28041
5405,16344
5406,49633
5407,24946
5408,91402
5409,92604
5410,26704
5411,68136
5412,68063
5413,79257
5414,96103
5415,50531
5416,66603
5417,29107
5418,58644
5419,79938
5426,15455
5427,16365
5428,30548
5429,30650
5430,31077
5431,48092
5432,08075
5433,63020
5434,64779
5435,65459
5436,08553
5437,68443
5438,75455
5439,85708
5440,93465
5441,29212
5442,29720
5443,29302
5444,29945
5445,15767
5446,04412
5447,54836
5448,21613
5449,79546
5450,75855
5451,72428
5452,84321
5453,81411
5454,72332
5455,50165
5456,05747
5457,27827
5458,81148
5459,50137
5460,15401
5461,18428
5462,18063
5463,30577
5464,31827
5465,31545
5466,89429
5467,48091
5468,07065
5469,16353
5470,53214
5471,75711
5472,36451
5473,35967
5474,84759
5475,84319
5476,15045
5477,17974
5478,71226
5479,60419
5480,60530
5481,36875
5482,96056
5483,29555
5484,59648
5485,99114
5486,59221
5487,38574
5488,37130
5489,37166
5490,38069
5491,57642
5492,60136
5493,62565
5494,53211
5495,45340
5496,50561
5497,84741
5498,10028
5499,30820
5501,61545
5502,37872
5503,95666
5504,10002
5505,45634
5506,75488
5507,01040
5508,63640
5509,59602
5510,59425
5511,37934
5512,38343
5513,37660
5514,37748
5515,61239
5516,42539
5517,40071
5518,41749
5519,41636
5520,54755
5521,71999
5522,50552
5523,88439
5524,18360
5525,30110
5526,30439
5527,30248
5528,31525
5529,89301
5530,49684
5531,07030
5532,07605
5533,08326
5534,65721
5535,63901
5536,64850
5537,59474
5538,59347
5539,59044
5540,98532
5541,37055
5542,55306
5543,56431
5544,58497
5545,86045
5546,85928
5547,33034
5548,33128
5549,32313
5550,47872
5551,47591
5552,46555
5553,17721
5554,17543
5555,97850
5556,97827
5557,36113
5558,22211
5559,24487
5560,81004
5561,81226
5562,12226
5563,30179
5564,31004
5565,06247
5566,12885
5567,27501
5568,27856
5569,59841
5570,12733
5571,96031
5572,18030
5573,52537
5574,50131
5575,55041
5576,56334
5577,55107
5578,58849
5580,07650
5581,32218
5582,33844
5583,33146
5584,76932
5585,78017
5586,79019
5587,13021
5588,69163
5589,57065
5590,64125
5591,01864
5592,97734
5593,97056
5595,80863
5596,80921
5597,38643
5598,39191
5599,39476
5600,38821
5601,72749
5602,72355
5603,74740
5604,70554
5605,71483
5606,71001
5607,70657
5608,87325
5609,87801
5610,78566
5611,79096
5612,75763
5613,77093
5614,23021
5615,24951
5616,25312
5618,79512
5619,93532
5620,93543
5621,77010
5622,77020
5623,93602
5624,93603
5625,93606
5626,93616
5627,93619
5628,93622
5629,93635
5630,93636
5631,93637
5632,93643
5633,93644
5634,24067
5635,23924
5636,24485
5637,39573
5638,39090
5639,39773
5640,72019
5641,71742
5642,92225
5643,72063
5644,72546
5645,74467
5646,73463
5647,73544
5648,88116
5649,88120
5650,75060
5651,79520
5652,95526
5653,68438
5654,83810
5655,20010
5656,11721
5657,97484
5658,83469
5659,78829
5660,11972
5661,43836
5662,52134
5663,32203
5664,89833
5665,43101
5666,95020
5667,13163
5668,92332
5669,12078
5670,01852
5671,01229
5672,67422
5673,54874
5674,98675
5675,95461
5676,26351
5677,26170
5678,03106
5679,93652
5680,93653
5681,93665
5682,93666
5683,93667
5684,77068
5685,93730
5686,93927
5687,93940
5688,77094
5689,75835
5690,24319
5691,22027
5692,25401
5693,94105
5694,11743
5695,95470
5696,90713
5697,79852
5698,77515
5699,76844
5700,01984
5701,67516
5702,37818
5703,37145
5704,62001
5705,40515
5706,41260
5707,42728
5708,42087
5709,52306
5710,52101
5711,55021
5712,56276
5713,75432
5714,94939
5715,67520
5716,29591
5717,29138
5718,17522
5719,98055
5720,83252
5721,83814
5722,36460
5723,36768
5724,85930
5725,84629
5726,84310
5727,77320
5728,77326
5729,77327
5730,77328
5731,77331
5732,77340
5733,77342
5734,77350
5735,94104
5736,94121
5737,94133
5738,66251
5739,25208
5740,26178
5741,07857
5742,68455
5743,79772
5744,96020
5745,95601
5746,50152
5747,29054
5748,29527
5749,29845
5750,04989
5751,98244
5752,99012
5753,77585
5754,18614
5755,81133
5756,39832
5757,60141
5758,20615
5759,28613
5760,28756
5761,82431
5762,14748
5763,47875
5764,74734
5765,97329
5766,97396
5767,78933
5768,95903
5769,88039
5770,70391
5771,17098
5773,75939
5774,13205
5775,36474
5777,20705
5778,97470
5779,77401
5780,77412
5781,94513
5782,77418
5783,77422
5784,94528
5785,77437
5786,77445
5787,77453
5788,77461
5789,77465
5790,77468
5791,94551
5792,94553
5793,35473
5794,36784
5795,35181
5796,49854
5797,84720
5798,84322
5799,16136
5800,33635
5801,62448
5802,60040
5803,76941
5804,11756
5805,28422
5806,69142
5807,15489
5808,80623
5809,02824
5810,02841
5811,31599
5812,37238
5813,20250
5814,05670
5815,38879
5816,14545
5817,20240
5818,97208
5819,39210
5820,94188
5821,60183
5822,14463
5823,97731
5824,80482
5825,80452
5826,13849
5827,53920
5828,81069
5829,06607
5830,10115
5831,75639
5832,05301
5833,27520
5834,54488
5835,11973
5836,28713
5837,46971
5838,26136
5839,94574
5840,94576
5841,77503
5842,94585
5843,77511
5844,77514
5845,94599
5846,94613
5847,94709
5848,77541
5849,52229
5850,97834
5851,97701
5852,23414
5853,22576
5854,80302
5855,13856
5856,17254
5857,06439
5858,06798
5859,80135
5860,20623
5861,28610
5862,28785
5863,95690
5864,95697
5865,95699
5866,95713
5867,95720
5868,78339
5869,78342
5870,78359
5871,78368
5872,95826
5873,78380
5874,78382
5875,78383
5876,78384
5877,78385
5878,97864
5879,49781
5881,45105
5882,92134
5883,70730
5884,49959
5885,96055
5886,40803
5887,83823
5888,66944
5889,27017
5890,81425
5891,62289
5892,04281
5893,58405
5894,77561
5895,94941
5896,94952
5897,94963
5898,95007
5899,77580
5900,77583
5901,95023
5902,77612
5903,77617
5904,95043
5905,95060
5906,95076
5907,27576
5908,82932
5909,14070
5910,62809
5911,45868
5912,83115
5913,79351
5914,45310
5915,42776
5916,37375
5917,93287
5918,67747
5919,74077
5920,68655
5921,28611
5922,95901
5923,95916
5924,95922
5925,78407
5926,78413
5927,95942
5928,95945
5929,95947
5930,95949
5931,95959
5932,95965
5933,78535
5934,95973
5935,95974
5936,95979
5937,95981
5938,78545
5939,78558
5940,20667
5941,95432
5942,20530
5943,15934
5944,30421
5945,25848
5946,47435
5947,03752
5948,62464
5949,59012
5950,30111
5951,05404
5952,03231
5953,77656
5954,77657
5955,77661
5956,95131
5957,95135
5958,95139
5959,77705
5960,95211
5961,95220
5962,95222
5963,95223
5964,77836
5965,95245
5966,77856
5967,95249
5968,95252
5969,77861
5970,77864
5971,97917
5972,18933
5973,02918
5974,15565
5975,51363
5976,35487
5977,28740
5978,37719
5979,37383
5980,29904
5981,78029
5982,04275
5983,10932
5984,70038
5985,78564
5986,96006
5987,96010
5988,96011
5989,96014
5990,96015
5991,96017
5992,96022
5993,96025
5994,96027
5995,78579
5996,78580
5997,96039
5998,96041
5999,96046
6000,78583
6001,96052
6002,78586
6003,96061
6004,78594
6005,96075
6006,96080
6007,78605
6008,96085
6009,20540
6010,13305
6011,15673
6012,50319
6013,49115
6014,46206
6015,30623
6016,87151
6017,36507
6018,18612
6019,30707
6020,30125
6021,31027
6022,89148
6023,07403
6024,95305
6025,77871
6026,95311
6027,95312
6028,77880
6029,95318
6030,95321
6031,77905
6032,95329
6033,77957
6034,77963
6035,77964
6036,77968
6037,77977
6038,77990
6039,77993
6040,78003
6041,95361
6042,95364
6043,26543
6044,59720
6045,73668
6046,92369
6047,95625
6048,80290
6049,27570
6050,49634
6051,73901
6052,77555
6053,52348
6054,35461
6055,31082
6056,30241
6057,31906
6058,89447
6059,96088
6060,96094
6061,96096
6062,96097
6063,78620
6064,78621
6065,96105
6066,96107
6067,96111
6068,96118
6069,96120
6070,96123
6071,96129
6072,78629
6073,96130
6074,78638
6075,78639
6076,96150
6077,78641
6078,96161
6079,78648
6080,78654
6081,78666
6082,07043
6083,63348
6084,63629
6085,59833
6086,59248
6087,59442
6088,98252
6089,38019
6090,60097
6091,42064
6092,42749
6093,40701
6094,54703
6095,54880
6096,53942
6097,78013
6098,95370
6099,95379
6100,95383
6101,78022
6102,95386
6103,78023
6104,78024
6105,78040
6106,95423
6107,95427
6108,95437
6109,95441
6110,95444
6111,95449
6112,78061
6113,95457
6114,95469
6115,78070
6116,78071
6117,95476
6118,07843
6119,65717
6120,65486
6121,59072
6122,98045
6123,59524
6124,59215
6125,59914
6126,38572
6127,37641
6128,60130
6129,40033
6130,40324
6131,40729
6132,41815
6133,78728
6134,78738
6135,78752
6136,78828
6137,78833
6138,78839
6139,78860
6140,78871
6141,78872
6142,78934
6143,78940
6144,78942
6145,78946
6146,78947
6147,79001
6148,79010
6149,79012
6150,44683
6151,51238
6152,55407
6153,58228
6155,07502
6156,32922
6157,32577
6158,95488
6159,95494
6160,95503
6161,78114
6162,78118
6163,78119
6164,78123
6165,95527
6166,95531
6167,78132
6168,95542
6169,95543
6170,78143
6171,95553
6172,78150
6173,95555
6174,95558
6175,95570
6176,78163
6177,45410
6178,52761
6179,51466
6180,55771
6181,55943
6182,58781
6184,86413
6185,85541
6186,33426
6187,79016
6188,79036
6189,79053
6190,79057
6191,79059
6192,79063
6193,79065
6194,79070
6195,79081
6196,79085
6197,79092
6198,79121
6199,79227
6200,79229
6201,79235
6202,79236
6203,79244
6204,79248
6205,79252
6206,97448
6207,87820
6208,84781
6209,97453
6210,70586
6211,91501
6212,86044
6213,73647
6214,87827
6215,97458
6216,87832
6217,75244
6218,85363
6219,97459
6220,73660
6221,72833
6222,86024
6223,72837
6224,75862
6225,86025
6226,81235
6227,74116
6228,72843
6229,81240
6230,75901
6231,74119
6232,81248
6233,75904
6234,81252
6235,75929
6236,72857
6237,71295
6238,75934
6239,81301
6240,67843
6241,67861
6242,67879
6243,83203
6244,83204
6245,83209
6246,98022
6247,83221
6248,83223
6249,83234
6250,83251
6251,98040
6252,89124
6253,97116
6254,71765
6255,97118
6256,97119
6257,71770
6258,90222
6259,85123
6260,84078
6261,71822
6262,70121
6263,97128
6264,84082
6265,97131
6266,87939
6267,91702
6268,87942
6269,80705
6270,75390
6271,73662
6272,87943
6273,97467
6274,70632
6275,97469
6276,70633
6277,73667
6278,88003
6279,85365
6280,70634
6281,97473
6282,75412
6283,75413
6284,70639
6285,70640
6286,72325
6287,75938
6288,86034
6289,72921
6290,81325
6291,74301
6292,86035
6293,75948
6294,86036
6295,86038
6296,72934
6297,75951
6298,75954
6299,81401
6300,75956
6301,81403
6302,86040
6303,72945
6304,71343
6305,71345
6306,75964
6307,83254
6308,83263
6309,98065
6310,98068
6311,83278
6312,83285
6313,98101
6314,83311
6315,83313
6316,83321
6317,83322
6318,83327
6319,98136
6320,98154
6321,98174
6322,83338
6323,83340
6324,83341
6325,84086
6326,71833
6327,97134
6328,71835
6329,87117
6330,71837
6331,84092
6332,90254
6333,97138
6334,71845
6335,89191
6336,87121
6337,72328
6338,88009
6339,70647
6340,75418
6341,73705
6342,70650
6343,97481
6344,97490
6345,73720
6346,97494
6347,73726
6348,75436
6349,86409
6350,74464
6351,76067
6352,74468
6353,74472
6354,76085
6355,92386
6356,86432
6357,74521
6358,74523
6359,74525
6360,86441
6361,74535
6362,86443
6363,74543
6364,92407
6365,98221
6366,83350
6367,98226
6368,83352
6369,98238
6370,98241
6371,83401
6372,98250
6373,98255
6374,98263
6375,98267
6376,83420
6378,98272
6380,83429
6381,83433
6382,83434
6383,71852
6384,75071
6385,89310
6386,84101
6387,89311
6388,89316
6389,89319
6390,71854
6391,97203
6392,89404
6393,97204
6394,70139
6395,84108
6396,84111
6397,71866
6398,85192
6399,88028
6400,97499
6401,72359
6402,70660
6403,75440
6404,73731
6405,80804
6406,97502
6407,91755
6408,70706
6409,72372
6410,72377
6411,72383
6412,80816
6413,86502
6414,74565
6415,74571
6416,74632
6417,74637
6418,76129
6419,76132
6420,86510
6421,92562
6422,74720
6423,86511
6424,92570
6425,74726
6426,83440
6433,98284
6435,83445
6437,98297
6438,98304
6439,98305
6442,83466
6443,98312
6444,98314
6448,70340
6449,89406
6451,71901
6452,97212
6453,89410
6454,73104
6455,71909
6456,89414
6457,97214
6458,89415
6459,75090
6460,89418
6461,71913
6462,90502
6463,72392
6464,80817
6465,97523
6466,70726
6467,88030
6468,97524
6469,70736
6470,88040
6471,85539
6472,75472
6473,80827
6474,88044
6475,72401
6476,70744
6477,75474
6478,70748
6479,75477
6480,88046
6481,74939
6482,74942
6483,76401
6484,76402
6485,74953
6486,76426
6487,74955
6488,76429
6489,76430
6490,74957
6491,74960
6492,74966
6493,93004
6494,93015
6495,76458
6496,93035
6497,93040
6499,83467
6500,83468
6506,83524
6508,98340
6509,98350
6510,83530
6511,98360
6512,83536
6515,83542
6518,83546
6519,84302
6520,87313
6521,87315
6522,90506
6523,89424
6524,89425
6525,87316
6526,89426
6527,80237
6528,73115
6529,71940
6531,71943
6532,87321
6533,70753
6534,88055
6535,72413
6536,85543
6537,88056
6538,75481
6539,85545
6540,97535
6541,72426
6542,97538
6543,75487
6544,72431
6545,70764
6546,85553
6547,75494
6548,76629
6549,93251
6550,93252
6551,76634
6552,93258
6553,93261
6554,93265
6555,93271
6556,76665
6557,76667
6558,76686
6559,76689
6560,76701
6561,76707
6562,76798
6563,93308
6564,76834
6566,83552
6569,83554
6571,83604
6579,98377
6580,98382
6583,83607
6584,83610
6588,89434
6589,73121
6590,90623
6591,84334
6592,87323
6593,73129
6594,70402
6595,71957
6596,97232
6597,70422
6598,87327
6599,72441
6600,75496
6601,73832
6602,97601
6603,70775
6604,72449
6605,70780
6606,97603
6607,97620
6608,75501
6609,70801
6610,91917
6611,97623
6612,72454
6613,85607
6614,73848
6615,88125
6616,97625
6617,85611
6618,86512
6619,74728
6620,86520
6621,76209
6622,74736
6623,86544
6624,86545
6625,86547
6626,74743
6627,92625
6628,76230
6629,76240
6630,76247
6631,76252
6632,92655
6634,83612
6635,83615
6636,83616
6637,83617
6638,83623
6639,83626
6640,83633
6641,98520
6642,83643
6643,98538
6644,98550
6645,98552
6646,98559
6647,98571
6648,83654
6649,70426
6650,71962
6651,87328
6652,75117
6653,80401
6654,71971
6655,80419
6656,70427
6657,87375
6658,89450
6659,73170
6660,75125
6661,89501
6662,72006
6663,87401
6664,72007
6665,84501
6666,80432
6667,75555
6668,72457
6669,75559
6670,97636
6671,97637
6672,97638
6673,72466
6674,72467
6675,75565
6676,97641
6677,80914
6678,75567
6679,75568
6680,91963
6681,73932
6682,75572
6683,70812
6684,92004
6685,93043
6686,76484
6687,93060
6688,93105
6689,76518
6690,93117
6691,93201
6692,76525
6693,76534
6694,76539
6695,93218
6696,93238
6697,93243
6698,76574
6699,76596
6700,98584
6701,83677
6702,98597
6703,98603
6704,98610
6705,98616
6706,98617
6707,98625
6708,98626
6709,98638
6710,98639
6711,83801
6712,83802
6713,83808
6714,83821
6715,83830
6716,72010
6717,84511
6718,84512
6719,72012
6720,73401
6721,72014
6722,70437
6723,84521
6724,87410
6725,75140
6726,84523
6727,80440
6728,89510
6729,73444
6730,70444
6731,75143
6732,80446
6733,84532
6734,97702
6735,92011
6736,73939
6737,97711
6738,72501
6739,85633
6740,97720
6741,97722
6742,97732
6743,80924
6744,73942
6745,97735
6746,97736
6747,71018
6748,85634
6749,97738
6750,85637
6751,72532
6752,85640
6753,93422
6754,93426
6755,93427
6756,93436
6757,76859
6758,76864
6759,93445
6760,76871
6761,76877
6762,76878
6763,76882
6764,93451
6765,76901
6766,76904
6767,93460
6768,76935
6769,76936
6770,93514
6771,93517
6772,93518
6773,76950
6774,76951
6775,83847
6776,98812
6777,98814
6778,98815
6779,98817
6780,98824
6781,98826
6782,98827
6783,98833
6784,83864
6785,83873
6786,97913
6787,98847
6788,98855
6789,98902
6790,98921
6791,98922
6792,80447
6793,80448
6794,85262
6795,72023
6796,85264
6797,73455
6798,80449
6799,73456
6800,70452
6801,84535
6802,80454
6803,97333
6804,80456
6805,84540
6806,87420
6808,73491
6809,71028
6810,88210
6811,85641
6812,71031
6813,97750
6814,72542
6815,97751
6816,97752
6817,75644
6818,72543
6819,71037
6820,85643
6821,71038
6822,81005
6823,81006
6824,85648
6825,97756
6826,97758
6827,72567
6828,85654
6829,75656
6830,81020
6831,76265
6832,74843
6833,76272
6834,74848
6835,76273
6836,76308
6837,74859
6838,74868
6839,74871
6840,76365
6841,76366
6842,76370
6843,74883
6844,76380
6845,98948
6846,99006
6847,99020
6848,99102
6849,99110
6850,99115
6851,99117
6852,99122
6853,99133
6854,99139
6855,99140
6856,99141
6857,99157
6858,99163
6859,99169
6860,99174
6861,72032
6862,97347
6863,84604
6864,97350
6865,97351
6866,80466
6867,72039
6868,75157
6869,72040
6870,80470
6871,80471
6872,84624
6873,89801
6874,72042
6875,87506
6876,90822
6877,89815
6878,97364
6879,72048
6880,75160
6881,73507
6882,73520
6883,71052
6884,97801
6885,81027
6886,97812
6887,81033
6888,85707
6889,71055
6890,72616
6891,81040
6892,81043
6893,97814
6894,72630
6895,74016
6896,97823
6897,92070
6898,72634
6899,75682
6900,71070
6901,88255
6902,97826
6903,92274
6904,81422
6905,75966
6906,81423
6907,75969
6908,71357
6909,75973
6910,81430
6911,75974
6912,72958
6913,81432
6914,92277
6915,74358
6916,74360
6917,71371
6918,76002
6919,76008
6920,71403
6921,99301
6922,99328
6923,99347
6924,99361
6925,99363
6926,99402
6927,84034
6928,84531
6929,86504
6930,89004
6931,84003
6932,87002
6933,89008
6934,84006
6935,75164
6936,72059
6937,89821
6938,97367
6939,97368
6941,89822
6942,84639
6943,89825
6944,97370
6945,97373
6946,72069
6947,91024
6948,73521
6949,89834
6950,97378
6951,84649
6952,75684
6953,72641
6954,81052
6955,75686
6956,75691
6957,81054
6958,97830
6959,88260
6960,72650
6961,88263
6962,71103
6963,97836
6964,85736
6965,88268
6966,97838
6967,97840
6968,75704
6969,72669
6970,81073
6971,86052
6972,81521
6973,81522
6974,71416
6975,92301
6976,86053
6977,81527
6978,71417
6979,86054
6980,71418
6981,81601
6982,71422
6983,71423
6984,81611
6985,71429
6986,92309
6987,86313
6988,76020
6989,81624
6990,92311
6991,81625
6992,81632
6993,71447
6994,86323
6995,76033
6996,74432
6997,92328
6998,97013
6999,70031
7000,87012
7001,85015
7002,97016
7003,97017
7004,89018
7005,97019
7006,97021
7007,84017
7008,84018
7009,70043
7010,97029
7011,97381
7012,72076
7013,72081
7014,84651
7016,72083
7017,70515
7018,80504
7019,72085
7020,87528
7021,97390
7022,87530
7023,72086
7024,75189
7025,70517
7026,97394
7027,70519
7028,87532
7029,75706
7030,71107
7031,88310
7032,74033
7033,97848
7034,88312
7035,72687
7036,88316
7037,97856
7038,75752
7039,75754
7040,88318
7041,81089
7042,75755
7043,71112
7044,97862
7045,88325
7046,71115
7047,75757
7048,88336
7049,74044
7050,74046
7051,97867
7052,81637
7053,81638
7054,81639
7055,86332
7056,81640
7057,71457
7058,86333
7059,76043
7060,86334
7061,81641
7062,81643
7063,86336
7064,71465
7065,74446
7066,92345
7067,71479
7068,74447
7069,71486
7070,74455
7071,81657
7072,74459
7073,74460
7074,92356
7075,70052
7076,84022
7077,84023
7078,71651
7079,97033
7080,87017
7081,84027
7082,71654
7083,97038
7084,89045
7085,87022
7086,84033
7087,87024
7088,89046
7089,84035
7090,84036
7091,73533
7092,70525
7093,91210
7094,84660
7095,87539
7096,87540
7097,80520
7098,70526
7099,87549
7100,91303
7101,70532
7102,85326
7103,72108
7104,87556
7105,87557
7106,84712
7107,87558
7108,87560
7109,97405
7110,85901
7111,75762
7112,97870
7113,88344
7114,97873
7115,97874
7116,85920
7117,81120
7118,97877
7119,81122
7120,88347
7121,85924
7122,88351
7123,81124
7124,97884
7125,88354
7126,72727
7127,92122
7128,71209
7129,97903
7130,81132
7131,74056
7132,97905
7133,72736
7134,45745
7135,45750
7136,67457
7137,45780
7138,69146
7139,69148
7140,67475
7141,67482
7142,45808
7143,67501
7144,45819
7145,45820
7146,67511
7147,71665
7148,97045
7149,71667
7150,80024
7151,97048
7152,71670
7153,84039
7154,73032
7155,87031
7156,87032
7158,71675
7159,87034
7160,97055
7161,70075
7162,71701
7163,87036
7164,70538
7165,70541
7166,70542
7167,87571
7168,97412
7169,87575
7170,73555
7171,91335
7172,84721
7173,97415
7174,84729
7175,72119
7176,80537
7177,91342
7178,84734
7179,84735
7180,84736
7181,72122
7182,85933
7183,88410
7184,97907
7185,71220
7186,97908
7187,71222
7188,75783
7189,88415
7190,81143
7191,88416
7192,88417
7193,88418
7194,71227
7195,88419
7196,75785
7197,75788
7198,74063
7199,85937
7200,81147
7201,92154
7202,97914
7203,88431
7204,72756
7205,71238
7206,74066
7207,97920
7208,88435
7209,69166
7210,69171
7211,67529
7212,69217
7213,69218
7214,69219
7215,45838
7216,69301
7217,69333
7218,45853
7219,45855
7220,45861
7221,45870
7222,67573
7223,69343
7224,69346
7225,70083
7226,71725
7227,73041
7228,73043
7229,97064
7230,97065
7231,84051
7232,85051
7233,84052
7234,70091
7235,70092
7236,80538
7237,70556
7238,80540
7239,70559
7240,97423
7241,80546
7242,75223
7243,87714
7244,85344
7245,72139
7246,84749
7247,75225
7248,87731
7249,84751
7250,87732
7251,84753
7252,97430
7253,74070
7254,81154
7255,75831
7256,71259
7257,74074
7258,81210
7259,74078
7260,75839
7261,71263
7262,86004
7263,86017
7264,72802
7265,74103
7266,81221
7267,75849
7268,72823
7269,81224
7270,75852
7271,81227
7272,75859
7273,71279
7274,67581
7275,69350
7276,45884
7277,67621
7278,45899
7279,67647
7280,67660
7281,67667
7282,67751
7283,67831
7284,71743
7285,73050
7286,71744
7287,87070
7288,87072
7289,71749
7290,71751
7291,97103
7292,90071
7293,90077
7294,71753
7295,84066
7296,71759
7297,84758
7298,72143
7299,97438
7300,85348
7301,87740
7302,72153
7303,72156
7304,84764
7305,97439
7306,87746
7307,70580
7308,75232
7309,97444
7310,70582
7311,80624
7312,97447
7313,84775
7314,86438
7315,86444
7316,83423
7320,71857
7321,72366
7322,97503
7323,80812
7324,86506
7325,92549
7326,74646
7329,83460
7331,83464
7332,30204
7333,32228
7334,26684
7335,26726
7336,17093
7337,13051
7338,17202
7339,17241
7340,05738
7341,38930
7342,60163
7343,21866
7344,08829
7345,17322
7346,01350
7347,97041
7348,89047
7349,72107
7350,84701
7351,85331
7352,70535
7353,97406
7354,88355
7355,97885
7356,72732
7357,72738
7358,45809
7359,45816
7360,80045
7361,71724
7362,84726
7363,84733
7364,72121
7365,47352
7366,39532
7367,39474
7368,72101
7369,71261
7370,87413
7371,78155
7372,35622
7373,25703
7374,79843
7375,48192
7376,67066
7377,79022
7379,85540
7380,93641
7381,29164
7382,29921
7383,83805
7384,15331
7385,15631
7386,31068
7387,29148
7388,57475
7389,51452
7390,81211
7391,56736
7392,32013
7393,03465
7394,05847
7395,35542
7396,39111
7397,35549
7398,10111
7399,10172
7400,13339
7401,17406
7402,06456
7403,01718
7404,40962
7405,46322
7406,15072
7407,10535
7408,17581
7409,72752
7410,71235
7411,92155
7412,81149
7413,71241
7414,45864
7415,90057
7416,97071
7417,87718
7418,70560
7419,84750
7420,84755
7421,81212
7422,81220
7423,75847
7424,81223
7425,71270
7426,72830
7427,67740
7428,29379
7429,29541
7430,16374
7431,76642
7432,36617
7433,15004
7435,39169
7436,13803
7437,43787
7438,57323
7439,19973
7440,97031
7441,80403
7442,81650
7443,06118
7444,05088
7445,28601
7446,34215
7447,97411
7448,06901
7449,83638
7450,36041
7451,28671
7452,44068
7453,12195
7454,50078
7455,03857
7456,27697
7457,02561
7458,78111
7459,46945
7460,13647
7461,02047
7462,02672
7463,30268
7464,39069
7465,46379
7466,11005
7467,15430
7468,17779
7469,17855
7470,03586
7471,39144
7472,48331
7473,41175
7474,15629
7475,84064
7476,90079
7478,97112
7479,70578
7480,91387
7481,84770
7482,84773
7483,72166
7484,87753
7485,72169
7486,16823
7487,48122
7488,63730
7489,98092
7490,37683
7491,38359
7492,43130
7493,55337
7494,27243
7495,53157
7496,33388
7497,97488
7499,43733
7500,49759
7501,92179
7502,99129
7503,06403
7504,84760
7505,95230
7506,75694
7507,43027
7508,48743
7509,13065
7510,61563
7511,30284
7512,85932
7513,33854
7514,96116
7515,77454
7516,90639
7517,53195
7518,73743
7519,31727
7520,16686
7521,89412
7522,49631
7523,07057
7524,64780
7525,59451
7526,38450
7527,40444
7528,44147
7529,58012
7530,15650
7531,17925
7532,17943
7533,17972
7534,19382
7535,30250
7536,48220
7537,41010
7538,30263
7539,15756
7540,15865
7541,19538
7542,19562
7543,31905
7544,35013
7545,11742
7546,58362
7547,86540
7548,85354
7549,47567
7550,97741
7551,15202
7552,39422
7553,71865
7554,70548
7555,87501
7556,93210
7557,93446
7558,95421
7559,95936
7560,78880
7561,75935
7562,02301
7563,56035
7564,15662
7565,05674
7566,49665
7567,07031
7568,07970
7569,64079
7570,63080
7571,59270
7572,37354
7573,37405
7574,54220
7575,52031
7576,55301
7577,24202
7578,97820
7579,17980
7580,39083
7581,74346
7582,74650
7583,71019
7584,87025
7585,78663
7586,24701
7587,95482
7588,63361
7589,92843
7590,82636
7591,24747
7592,68747
7593,86321
7594,15949
7595,43967
7596,43974
7597,43977
7598,58835
7599,65248
7600,23847
7601,23851
7602,65340
7603,38340
7604,45207
7605,62266
7606,66441
7607,28518
7608,82730
7609,08061
7610,58236
7611,71430
7612,35650
7613,15446
7614,32421
7615,62469
7616,10545
7617,02180
7618,36727
7619,88250
7620,81631
7621,23920
7622,97058
7623,39772
7624,39203
7625,72142
7626,73750
7627,71251
7628,79014
7629,35098
7630,77473
7631,14223
7632,01748
7633,89428
7634,78014
7635,17221
7636,72633
7637,15432
7638,15035
7639,87711
7640,96065
7641,93549
7642,76127
7643,42459
7644,23009
7645,30464
7646,06415
7647,16002
7648,16121
7649,14456
7650,32026
7651,30016
7652,35032
7653,24816
7654,20565
7655,16242
7656,14604
7657,38644
7658,35040
7659,35044
7660,19931
7661,06060
7662,12956
7664,38477
7665,06387
7666,63860
7667,83236
7668,45617
7669,70163
7670,08102
7671,26506
7672,03855
7673,73523
7674,45859
7675,27229
7676,27556
7677,57559
7678,32626
7679,51365
7680,36351
7681,31079
7682,36769
7683,27249
7684,58214
7685,59634
7686,36783
7687,57448
7688,59843
7689,63879
7690,27713
7691,72387
7692,46965
7693,54978
7694,61013
7695,38311
7696,48737
7697,32925
7698,06459
7699,36503
7700,54123
7701,06023
7702,14039
7703,27256
7704,67260
7705,07738
7706,12459
7707,14881
7708,38723
7709,35089
7710,07870
7711,16852
7712,12574
7713,84114
7714,93740
7715,35119
7716,23881
7717,95463
7718,77460
7719,28136
7720,33503
7721,47370
7722,30631
7723,30143
7724,49855
7725,49958
7726,65616
7727,65560
7728,98925
7729,38570
7730,62864
7731,40906
7732,40013
7733,43416
7734,55723
7735,35903
7736,39470
7737,51451
7738,56001
7739,33013
7740,58233
7741,59729
7742,59732
7743,42332
7744,35954
7745,42343
7746,32697
7747,30648
7748,61007
7749,21130
7750,84408
7751,93409
7752,20204
7753,39867
7754,49840
7755,08205
7756,59034
7757,59001
7758,59463
7759,59256
7760,62002
7761,40484
7762,53149
7763,43524
7764,58854
7765,44671
7766,67036
7767,54115
7768,29651
7769,34431
7770,66209
7771,68943
7772,45612
7773,28448
7774,23901
7775,66219
7776,68419
7777,62876
7778,24060
7779,58048
7780,85390
7781,46528
7782,97435
7783,16865
7784,72513
7785,71921
7786,75251
7787,78028
7788,20132
7789,36608
7790,26164
7791,96021
7792,12122
7793,50480
7794,26710
7795,27278
7796,36832
7797,27371
7798,57358
7799,37174
7800,59231
7801,49111
7802,33028
7803,29137
7804,31792
7805,59752
7806,27405
7807,85027
7808,23005
7809,39429
7810,71730
7811,72476
7812,59710
7813,87935
7814,77042
7815,79356
7816,99119
7817,35603
7818,64445
7819,26250
7820,24927
7821,16331
7822,18451
7823,14722
7824,18617
7825,40434
7826,32179
7827,20842
7828,07641
7829,25506
7830,16622
7831,14827
7832,30153
7833,38869
7834,08073
7835,11730
7836,29936
7837,04646
7838,36703
7839,35463
7840,84654
7842,10009
7844,24314
7845,06071
7846,51554
7847,46957
7848,59262
7849,61037
7850,58269
7851,57268
7852,41230
7853,41250
7854,35593
7855,39175
7856,46970
7857,56075
7858,32736
7859,56082
7860,52657
7861,33051
7862,79903
7863,29429
7864,70739
7865,83452
7866,15661
7868,60526
7869,35446
7870,41310
7871,30460
7872,50269
7873,32334
7874,03076
7875,27587
7876,50163
7877,38765
7878,21502
7879,33767
7880,37658
7881,82516
7882,29614
7883,62628
7884,65326
7885,23927
7886,29014
7887,79842
7888,29482
7889,11939
7890,40280
7891,21627
7892,79234
7893,80545
7894,36663
7895,30451
7896,39061
7897,36652
7898,60144
7899,32775
7900,52220
7901,92092
7902,29153
7903,31720
7904,55615
7905,41465
7906,51645
7907,42567
7908,49248
7909,43126
7910,36904
7911,56721
7912,35613
7913,41526
7914,41535
7915,27705
7916,54307
7917,46704
7918,49894
7920,83650
7921,19944
7922,45351
7923,81652
7924,12544
7925,97336
7926,11956
7928,79380
7929,43346
7930,50431
7932,87311
7933,70357
7934,84180
7935,88041
7936,75475
7937,76449
7938,76457
7939,93022
7940,98355
7945,83544
7946,84317
7947,72427
7948,91803
7949,47982
7950,36008
7951,31042
7952,48070
7953,07112
7954,65689
7955,65020
7956,59522
7957,37398
7958,40387
7959,54814
7960,45213
7961,58477
7962,58645
7963,33029
7964,30428
7965,36049
7966,36053
7967,42653
7968,30802
7969,30805
7970,59404
7971,56466
7972,78223
7973,95669
7974,79410
7975,79556
7976,79565
7977,79770
7978,79781
7979,79839
7980,79851
7981,93614
7982,93634
7983,72391
7984,29733
7985,52759
7986,07203
7987,65441
7988,37716
7989,40601
7990,41240
7991,44233
7992,43432
7993,58330
7994,32583
7995,85554
7996,76682
7997,76801
8003,71953
8005,71960
8006,97622
8007,88119
8008,91932
8009,75551
8010,86556
8011,74764
8012,74804
8013,98528
8014,98533
8015,98544
8016,83647
8017,23040
8018,17101
8019,38722
8020,72632
8021,70570
8022,76031
8023,78363
8024,36455
8025,35453
8026,26711
8027,77831
8028,93640
8029,78543
8030,01756
8031,68957
8032,77480
8033,93924
8034,93962
8035,77351
8036,94129
8037,94550
8038,94552
8039,94558
8040,94612
8041,78341
8042,78355
8043,95814
8044,78377
8045,95843
8046,95037
8047,77625
8048,77630
8049,19057
8050,16830
8051,18661
8052,39119
8053,72469
8054,78006
8055,24605
8056,26161
8057,77062
8058,95372
8059,76028
8060,25252
8061,68325
8062,77341
8063,98570
8064,83657
8065,72002
8066,80423
8067,75132
8068,75569
8069,75571
8070,85624
8071,73933
8072,76528
8073,76538
8074,76577
8075,76623
8076,73437
8077,80443
8078,90743
8079,70446
8080,75144
8081,97733
8082,29671
8083,16675
8084,04427
8085,75142
8086,84754
8087,61564
8088,35672
8089,96069
8090,78669
8091,11703
8092,51242
8093,24348
8094,56056
8095,06469
8096,78521
8097,95966
8098,95984
8099,95988
8100,77713
8101,77808
8102,77845
8103,77857
8104,96044
8105,78584
8106,96057
8107,96086
8108,95338
8109,77978
8110,77979
8111,77995
8112,95363
8113,96148
8114,95430
8115,95445
8116,95453
8117,78072
8118,04237
8119,98620
8120,77865
8121,84536
8122,15625
8123,88203
8124,17235
8126,93227
8127,46407
8128,23884
8129,06762
8130,82836
8131,46374
8132,93454
8133,76930
8134,93501
8135,76943
8136,83867
8137,98849
8138,98858
8139,98908
8140,98926
8141,98937
8142,73460
8143,72031
8144,97343
8145,75650
8146,72560
8147,75654
8148,76310
8149,76351
8150,76360
8151,74937
8152,99136
8153,73620
8154,97626
8156,74945
8157,19977
8158,29015
8159,21140
8160,08074
8161,29333
8162,16725
8163,72322
8165,87365
8166,27268
8167,10112
8168,78861
8169,78873
8170,78945
8171,95546
8172,95568
8173,95585
8174,95595
8175,95603
8176,79101
8177,79108
8178,79201
8179,79256
8180,85357
8181,86030
8182,81243
8183,72853
8184,72855
8185,74133
8186,86033
8187,83202
8188,83244
8189,15564
8190,26534
8191,99138
8192,97721
8193,28435
8194,71340
8195,18012
8196,80264
8197,59739
8198,02829
8199,65897
8200,50631
8201,72424
8202,83629
8203,15750
8204,16910
8205,46959
8206,14549
8207,26270
8208,99166
8209,99173
8210,99208
8211,84626
8212,75159
8213,80480
8214,90831
8215,97365
8216,97817
8217,75670
8218,75672
8219,74017
8220,81050
8221,81433
8222,81435
8223,75979
8224,71373
8225,81507
8226,71602
8227,72068
8228,87515
8230,87520
8231,92086
8232,90747
8233,97258
8234,30272
8235,83438
8237,48085
8238,07022
8239,58727
8240,41537
8241,42129
8242,55401
8243,08735
8244,85215
8245,98038
8246,89143
8247,72311
8248,75409
8249,97476
8250,75417
8251,74340
8252,83320
8253,83323
8254,98121
8255,83342
8256,85132
8257,90260
8258,71846
8259,97487
8260,88021
8261,21617
8262,08089
8263,16940
8264,12853
8265,05055
8266,30115
8267,30117
8268,08232
8269,17044
8270,12983
8271,17076
8272,05150
8273,03229
8274,97842
8275,71438
8276,76022
8277,86324
8278,97020
8279,89026
8280,85322
8281,72099
8282,85325
8283,97865
8284,75758
8285,88340
8286,76048
8287,71468
8288,81649
8289,81653
8290,81655
8291,37310
8292,12543
8293,68861
8294,41566
8295,95365
8296,97857
8297,72928
8298,88051
8299,80517
8300,81047
8301,55409
8302,50592
8303,37852
8304,29673
8305,37857
8306,65301
8307,54615
8308,65324
8309,44624
8310,38382
8311,38388
8312,67051
8313,68823
8314,24521
8315,82831
8316,28904
8317,29685
8318,37869
8319,43433
8320,43443
8321,57579
8322,29812
8323,29801
8324,29472
8325,08752
8326,04622
8327,04268
8328,20712
8329,36445
8330,35124
8331,35120
8332,35031
8333,48710
8334,49919
8335,85902
8336,15611
8337,36040
8338,70576
8339,55763
8340,49601
8341,49009
8342,07642
8343,65590
8344,59828
8345,59858
8346,99004
8347,37363
8348,38555
8349,55616
8350,57319
8351,57367
8352,38356
8353,61705
8354,61925
8355,42501
8356,12827
8357,89010
8358,66943
8359,04988
8360,27205
8361,27524
8363,10927
8364,47708
8365,99125
8366,62987
8368,82441
8369,70076
8370,95983
8371,59912
8372,38401
8373,65548
8374,68461
8375,83013
8376,24590
8377,28167
8378,37876
8379,23436
8380,37879
8381,37880
8382,57585
8383,59917
8384,27589
8385,43467
8386,44805
8387,28602
8388,24104
8389,28604
8390,67427
8391,45697
8392,61318
8393,95956
8394,57076
8395,76821
8396,10976
8397,45648
8398,57748
8399,51541
8400,74423
8401,97049
8402,88301
8403,40371
8404,40422
8405,43725
8406,54143
8407,54487
8408,43050
8409,45502
8410,50542
8411,55037
8412,56469
8413,55077
8414,63459
8415,64778
8416,57638
8417,85602
8418,86514
8419,85053
8420,40935
8421,37361
8422,83611
8423,19934
8424,84642
8425,28040
8426,04363
8427,04918
8428,04763
8429,47870
8431,17827
8432,29453
8433,80721
8434,52344
8435,03242
8436,08246
8437,22843
8438,28669
8439,68654
8440,54847
8441,34787
8442,65646
8443,37714
8444,34208
8445,22902
8446,53571
8447,27821
8448,65655
8449,65656
8450,24244
8451,24246
8452,80631
8453,81328
8454,30411
8455,17742
8456,79536
8457,80442
8458,06784
8459,10162
8460,66160
8461,27703
8462,28752
8463,27325
8464,27549
8465,82842
8466,96028
8467,17250
8468,28768
8469,32404
8470,32068
8471,32055
8472,22701
8473,23890
8474,24439
8475,46268
8476,16866
8477,18503
8478,39154
8479,39744
8480,72712
8481,71671
8482,72519
8483,72946
8484,73052
8485,74441
8486,73764
8487,47225
8488,75101
8489,04469
8490,83871
8491,28705
8492,47845
8493,20542
8494,59452
8495,57346
8496,25002
8497,48859
8498,17054
8499,44687
8500,15359
8501,70148
8502,27695
8503,28077
8504,04108
8505,27972
8506,38075
8507,68042
8508,29506
8509,37616
8510,27837
8511,58634
8512,49861
8513,45032
8514,28712
8515,24277
8516,43832
8517,64499
8518,53948
8519,29935
8520,82336
8521,40058
8522,06409
8523,49611
8524,26802
8525,77368
8526,83716
8527,24813
8528,85145
8529,04254
8530,98939
8531,55605
8532,59743
8533,76255
8534,75166
8535,35079
8536,23325
8537,25271
8538,24983
8539,90304
8540,92065
8541,95485
8542,65704
8543,10016
8544,01053
8545,47455
8546,50426
8547,26362
8548,08091
8549,26412
8550,17015
8551,12828
8552,04978
8553,30120
8554,48157
8555,55129
8556,26554
8557,26576
8558,12986
8559,47586
8560,59761
8561,39328
8562,35654
8563,30471
8564,52165
8565,36112
8566,29030
8567,43021
8568,29032
8569,61244
8570,57422
8571,55780
8572,55786
8573,59625
8574,06072
8575,43218
8576,96108
8577,32612
8578,32192
8579,03238
8580,32133
8581,79231
8582,27544
8583,13902
8584,20422
8585,15731
8588,83555
8589,83725
8590,49337
8591,54121
8592,82604
8593,93908
8594,25878
8595,68014
8596,85645
8597,50565
8598,29061
8599,03467
8600,04222
8601,05450
8602,05463
8603,38924
8604,32227
8605,08348
8606,26814
8607,17222
8608,13103
8609,13115
8610,06263
8611,30222
8612,40829
8613,40849
8614,59866
8615,57532
8616,37323
8617,58484
8618,36272
8619,60654
8620,32908
8621,63068
8622,49027
8623,59526
8624,33172
8625,27516
8626,27517
8627,51237
8628,17306
8629,90052
8630,20510
8631,97057
8632,21233
8633,14585
8634,35459
8635,17238
8636,30165
8637,31312
8638,30642
8639,89019
8640,48072
8641,48640
8642,48093
8643,07417
8644,07503
8645,98952
8646,83672
8647,76258
8648,78851
8649,35406
8650,35576
8651,17957
8652,17014
8653,56121
8654,56563
8655,17323
8657,60642
8658,75844
8659,13338
8660,17325
8661,17331
8662,13321
8663,01452
8664,06758
8665,41132
8666,10177
8667,15038
8668,13435
8669,06708
8670,49870
8671,24313
8672,28723
8673,43907
8674,23181
8675,47528
8676,63674
8677,59722
8678,48432
8679,41653
8680,30442
8681,65556
8682,59317
8683,99350
8684,59430
8685,59217
8686,57623
8687,60076
8688,45694
8689,43055
8690,43701
8691,53573
8692,43060
8693,10537
8694,36471
8695,40801
8696,57354
8698,79918
8699,21620
8700,74832
8701,97497
8702,97410
8703,36853
8704,11713
8705,31216
8706,52631
8707,06062
8708,30240
8709,10933
8710,13639
8711,13648
8712,17756
8713,02457
8714,02584
8715,50551
8716,30286
8717,15449
8718,13820
8719,13827
8720,03779
8721,30506
8722,31007
8723,47167
8724,39771
8725,57040
8726,22485
8727,53191
8728,35748
8729,59008
8730,52251
8731,59014
8732,49406
8733,50847
8734,50262
8735,56560
8736,63445
8737,58530
8739,07756
8740,32821
8741,34736
8742,46410
8743,47006
8744,23093
8745,24134
8746,67140
8747,27834
8748,28306
8749,28719
8750,27874
8751,12512
8752,72464
8753,82944
8754,13605
8755,54120
8756,36776
8757,97310
8759,35006
8760,06021
8761,76475
8762,03846
8763,41164
8764,35570
8765,55442
8766,32413
8767,11509
8768,17944
8769,19333
8770,39046
8771,32312
8772,35442
8773,41017
8774,35447
8775,35452
8776,15776
8777,15825
8778,35776
8779,52337
8780,61328
8781,59538
8782,61340
8783,37315
8784,43336
8785,29388
8786,55950
8787,51341
8788,31062
8789,36330
8790,36752
8791,33179
8792,24538
8793,15144
8794,17870
8795,39667
8796,38635
8797,72852
8798,74962
8799,74145
8800,70454
8801,70032
8802,12486
8803,76424
8804,76705
8805,78026
8806,83641
8807,06089
8808,86320
8809,78674
8810,04431
8811,01430
8812,39096
8813,12548
8814,19108
8815,28168
8816,08245
8817,05833
8818,03046
8819,55005
8820,38606
8821,35010
8822,48304
8823,16030
8824,16035
8825,18239
8826,14480
8827,50033
8828,40110
8829,55036
8830,20319
8831,24934
8832,39657
8833,42717
8834,52060
8835,58001
8836,27014
8837,63379
8838,59436
8839,32465
8840,41834
8841,41849
8842,56167
8843,36092
8844,42757
8845,43015
8846,56515
8847,37020
8848,98326
8849,36116
8850,26501
8851,26260
8852,36701
8853,93311
8854,92258
8855,92363
8856,79413
8857,02190
8858,49651
8859,66717
8860,52543
8861,39058
8862,49835
8863,83645
8864,13683
8865,19516
8866,20431
8867,57741
8869,14109
8870,56051
8871,61331
8872,23962
8873,83354
8874,27374
8875,95736
8876,41142
8877,18436
8878,15931
8879,24963
8880,12045
8881,18417
8882,14592
8883,48065
8884,35049
8885,38659
8886,30052
8887,25123
8888,25180
8889,16373
8890,12132
8891,16427
8892,14727
8893,38843
8894,37916
8895,57640
8896,37357
8897,59923
8898,22657
8899,34734
8900,82073
8901,82938
8902,29745
8903,33991
8904,29450
8905,27610
8906,24724
8907,03456
8908,68881
8909,90293
8910,29461
8911,17506
8912,04943
8913,83539
8914,79329
8915,36089
8916,49402
8917,86020
8918,89106
8919,49201
8920,08558
8921,63084
8922,65058
8923,64783
8924,59754
8925,98328
8926,98247
8927,59218
8928,59336
8929,38351
8930,37367
8931,37882
8932,57633
8933,30139
8934,21031
8935,25511
8936,12307
8937,16659
8938,18842
8939,30157
8940,25826
8941,25855
8942,12494
8943,16735
8944,59936
8945,38485
8946,65606
8947,82212
8948,24622
8949,68923
8950,45428
8951,54430
8952,22801
8953,22811
8954,22812
8955,38544
8956,82229
8957,38551
8958,23030
8959,23038
8960,27891
8961,84725
8962,84038
8963,18086
8964,15353
8965,88038
8966,56474
8967,08732
8968,31001
8969,60203
8970,36785
8971,93407
8972,96093
8973,75845
8974,79245
8975,14052
8976,12787
8977,43718
8978,44093
8979,40419
8980,42743
8981,40206
8982,53805
8983,45385
8984,44011
8985,50216
8986,56562
8987,64735
8988,58212
8989,46127
8990,07933
8991,12601
8992,16933
8993,04239
8994,04451
8995,04683
8996,30103
8997,46144
8998,30113
8999,26180
9000,26218
9001,21523
9002,53711
9003,49885
9004,27892
9005,43740
9006,54451
9007,28325
9008,29835
9009,64085
9010,57758
9011,62983
9012,82301
9013,65625
9014,37690
9015,33811
9016,44256
9017,38041
9018,28334
9019,57776
9021,75563
9022,01949
9023,97906
9024,97443
9025,88020
9026,23668
9027,80498
9028,31421
9029,79504
9030,06088
9031,14056
9032,66778
9033,28472
9034,58763
9035,85632
9036,85940
9037,34947
9038,47012
9039,24251
9040,24450
9041,23898
9042,23061
9043,24557
9044,47876
9045,15110
9046,15232
9047,71603
9048,71763
9049,72331
9050,72445
9051,58651
9052,27883
9053,27885
9054,24347
9055,68763
9056,45140
9057,54006
9058,23838
9059,62820
9060,38315
9061,23936
9062,66425
9063,65338
9064,24380
9065,54961
9066,24382
9068,07608
9069,85342
9070,33547
9071,32011
9072,32425
9073,46350
9074,46601
9075,46381
9076,24426
9077,23958
9078,22514
9079,97321
9080,16825
9081,39630
9082,39341
9083,39066
9084,39150
9085,71851
9086,82513
9087,10038
9088,27850
9089,25813
9090,97621
9091,97436
9092,45636
9093,43036
9094,42220
9095,61430
9096,24731
9097,44424
9098,83436
9099,83850
9100,71277
9101,74462
9102,70071
9103,69147
9104,88201
9105,77535
9106,79830
9107,78056
9108,78405
9109,35058
9110,98363
9111,26330
9112,35014
9113,26253
9114,26038
9115,95304
9116,90701
9117,28078
9118,29635
9119,64654
9120,54539
9121,34288
9122,28478
9123,28479
9124,28504
9125,67012
9126,54983
9127,45217
9128,29644
9129,33898
9130,54114
9131,23867
9132,62695
9133,38235
9134,74501
9135,74035
9136,73572
9137,71449
9138,73770
9139,70079
9140,88339
9141,88426
9142,79226
9143,76643
9144,98816
9145,98325
9146,35769
9147,36545
9148,26288
9150,04083
9151,99143
9152,73844
9154,26058
9155,36849
9156,03819
9157,65760
9158,16835
9159,03226
9160,40010
9161,98819
9162,82725
9163,04992
9164,80425
9165,92233
9166,02148
9167,66218
9168,66856
9169,82329
9170,26143
9171,03258
9172,68626
9173,73960
9174,86022
9175,93023
9176,29067
9177,29532
9178,62856
9179,24458
9180,82720
9181,65785
9182,33907
9183,54137
9184,68164
9185,38365
9186,44690
9187,68975
9188,45640
9189,95247
9190,96058
9191,76227
9192,75961
9193,01529
9194,02062
9195,67567
9196,96009
9197,25259
9198,26447
9199,03602
9200,76253
9201,85929
9202,95960
9203,71748
9205,03604
9206,16670
9207,47573
9208,52568
9209,24142
9210,18627
9211,21705
9212,61419
9213,80826
9214,36502
9215,18951
9216,30528
9217,30701
9218,31087
9219,04675
9220,33981
9221,75946
9222,84029
9223,71973
9224,71678
9225,19032
9226,18350
9227,55603
9230,62633
9231,43316
9232,45130
9233,44811
9234,43548
9235,72926
9236,73762
9237,73149
9238,55342
9239,56360
9240,56535
9241,32751
9242,34110
9243,32696
9244,43324
9245,23893
9246,73030
9247,73433
9248,55347
9249,55043
9250,55796
9251,55810
9252,56252
9253,34610
9254,46057
9255,46123
9256,46037
9257,22627
9258,22026
9259,22311
9260,74361
9261,74954
9262,74826
9263,55947
9264,55047
9265,46319
9266,47166
9267,46203
9268,22663
9269,47042
9270,47957
9271,46405
9272,74347
9273,74641
9274,55303
9275,56214
9276,56180
9277,47130
9278,47990
9279,47807
9280,15636
9281,18615
9282,17104
9283,97219
9284,73531
9285,10928
9286,75216
9287,55387
9288,63965
9289,47390
9290,46798
9291,23437
9292,17512
9293,97022
9294,18032
9295,74058
9296,73461
9297,65583
9298,64767
9299,60135
9300,62284
9301,60174
9302,19341
9303,19050
9304,19539
9305,19034
9306,70377
9307,88005
9308,87104
9309,87831
9310,87544
9311,64465
9312,63384
9313,61111
9314,43952
9315,61441
9316,16650
9317,18510
9318,18037
9319,19004
9320,78247
9321,75062
9322,75134
9323,78208
9324,58250
9325,58428
9326,58544
9327,40205
9328,40207
9329,40245
9330,17860
9331,15951
9332,97302
9333,70460
9334,71303
9335,70662
9336,58272
9337,58018
9338,58755
9339,58229
9340,58466
9341,07011
9342,07704
9343,40142
9344,42088
9345,42262
9346,16627
9347,15208
9348,38923
9349,11935
9350,12572
9351,12581
9352,07626
9353,85224
9354,85635
9355,85037
9356,85202
9357,54720
9358,53718
9359,53956
9360,38828
9361,38721
9362,43068
9363,51560
9364,50317
9365,85282
9366,33446
9367,32208
9368,33838
9369,54021
9370,54655
9371,38670
9372,38769
9373,52656
9374,52162
9375,32773
9376,34711
9377,33126
9378,33408
9379,32132
9380,54526
9381,54839
9382,72936
9383,72207
9384,50628
9385,50210
9386,50460
9387,50119
9388,50315
9389,34461
9390,32707
9391,33850
9392,54304
9393,44730
9394,43932
9395,72070
9396,72715
9397,50448
9398,50598
9399,50840
9400,52552
9401,33511
9402,34690
9403,34250
9404,32960
9405,33713
9406,45686
9407,44214
9408,72824
9409,71972
9410,56097
9411,55710
9412,56174
9413,32608
9414,32216
9415,32080
9416,45843
9417,43080
9418,72405
9419,71929
9420,55014
9421,55040
9422,56310
9423,89052
9424,89439
9425,89134
9426,63870
9427,59031
9428,98006
9429,28652
9430,82240
9431,28657
9432,58711
9433,68016
9434,29474
9435,29477
9436,54842
9437,34785
9438,65637
9439,44901
9440,38581
9441,27910
9442,65062
9443,28342
9444,83522
9448,97532
9449,72434
9450,93277
9454,80310
9455,72450
9456,85608
9457,48883
9458,48843
9459,98446
9460,59844
9461,61932
9462,34946
9463,49950
9464,49953
9465,37727
9466,68039
9467,58631
9468,61951
9469,82428
9470,24256
9471,24260
9472,45041
9473,29581
9474,23117
9475,29922
9476,65201
9477,98443
9478,83661
9479,87364
9480,71998
9481,85621
9482,75574
9483,76523
9484,76531
9485,93224
9486,76573
9487,98611
9488,98648
9489,98672
9490,80434
9491,84528
9492,85629
9493,72515
9494,72521
9495,76849
9496,48609
9497,48662
9498,48451
9499,48825
9500,38342
9501,37711
9502,22964
9503,49878
9504,82443
9505,28717
9506,82510
9507,24325
9508,23163
9509,59412
9510,29168
9511,61475
9512,46556
9513,39652
9514,42712
9515,56481
9516,76939
9517,83843
9518,98840
9519,98903
9520,73450
9522,87455
9523,72553
9524,76268
9525,99109
9526,87461
9528,97358
9529,84631
9530,72601
9531,71068
9532,49774
9533,48768
9534,57356
9535,51001
9536,27016
9537,29009
9538,43138
9539,43142
9540,58338
9541,59725
9542,50842
9543,30821
9544,39669
9545,56501
9546,59450
9547,47584
9548,59456
9549,47983
9550,37187
9551,60457
9552,30470
9553,52164
9554,81424
9555,81428
9556,72959
9557,86047
9558,99329
9559,99348
9560,99401
9561,72058
9562,80487
9563,72074
9564,88256
9565,72645
9566,81059
9567,85739
9568,71409
9569,71441
9570,81630
9571,75009
9572,87524
9573,81077
9574,49456
9575,48849
9576,48035
9577,37301
9578,60041
9579,31524
9580,37027
9581,27043
9582,31815
9583,57421
9584,55772
9585,47160
9586,31003
9587,27055
9588,33493
9589,29356
9590,57467
9591,30512
9592,88321
9593,92337
9594,81647
9595,70056
9596,84031
9597,87548
9598,97869
9599,71202
9600,85931
9601,73029
9602,89049
9603,87569
9604,91330
9605,85337
9606,87577
9607,75773
9608,97911
9609,48455
9610,49622
9611,48050
9612,61373
9613,27288
9614,57724
9615,31021
9616,61264
9617,29046
9618,31543
9619,59520
9620,58065
9621,49717
9622,27540
9623,27541
9624,49721
9625,32570
9626,63047
9627,31024
9628,59032
9629,33167
9630,27110
9631,29325
9632,55924
9633,88421
9634,71232
9635,92173
9636,67545
9637,85343
9638,97424
9639,87733
9640,71260
9641,71268
9642,75846
9643,69355
9644,69360
9645,90067
9646,90073
9647,73624
9648,87743
9649,87752
9650,07052
9651,08857
9652,08701
9653,07307
9654,61843
9655,61761
9656,28698
9657,36280
9658,59036
9659,31555
9660,31557
9661,36728
9662,61329
9663,36740
9664,43321
9665,29378
9666,63933
9667,30557
9668,52351
9669,36313
9670,59050
9671,37066
9672,56591
9673,20106
9674,37330
9675,36373
9676,15742
9677,07032
9678,07003
9679,07848
9680,08512
9681,60047
9682,60119
9683,60546
9684,36759
9685,58205
9686,20112
9687,63866
9688,27523
9689,39475
9690,32970
9691,60948
9692,59643
9693,31634
9694,63746
9695,18635
9696,18088
9697,15655
9698,08230
9699,07950
9700,08031
9701,07020
9702,07046
9703,62960
9704,61275
9705,60968
9706,51459
9707,42321
9708,46923
9709,59201
9710,58235
9711,43160
9712,33428
9713,35960
9714,49102
9715,61401
9716,47855
9717,43206
9718,19132
9719,16406
9720,16114
9721,15936
9722,07029
9723,07092
9724,07082
9725,07501
9726,07070
9727,07066
9728,60636
9729,60922
9730,62467
9731,47969
9732,30668
9733,39534
9734,42440
9735,36512
9736,47866
9737,35584
9738,35592
9739,51631
9740,61057
9741,31709
9742,47901
9743,15122
9744,16116
9745,18505
9746,08620
9747,07067
9748,64483
9749,37615
9750,37769
9751,48375
9752,55614
9753,55703
9754,30721
9755,36031
9756,36033
9757,32764
9758,31721
9759,59715
9760,63665
9761,39194
9762,55711
9763,52038
9764,47460
9765,78202
9766,17319
9767,17353
9768,64068
9769,37860
9770,37210
9771,95639
9772,79411
9773,79718
9774,79854
9775,79920
9776,93541
9777,93625
9778,93930
9779,77334
9780,94573
9781,17859
9782,02872
9783,19090
9784,63376
9785,64011
9786,98155
9787,37829
9788,37922
9789,94586
9790,77523
9791,78349
9792,77623
9793,95075
9794,95928
9795,77665
9796,77807
9797,77835
9798,78562
9799,96024
9800,96054
9801,96087
9802,95306
9803,77879
9804,95348
9805,95358
9806,78618
9807,96125
9808,15801
9809,19560
9810,63146
9811,64157
9812,28790
9813,82723
9814,45315
9815,61773
9816,53233
9817,54729
9818,29691
9819,28150
9820,29693
9821,62380
9822,27577
9823,59918
9824,29437
9825,24090
9826,78636
9827,78019
9828,95389
9829,95415
9830,78045
9831,95450
9832,78067
9833,78834
9834,78884
9835,95550
9836,95556
9837,79083
9838,79111
9839,87829
9840,75246
9841,91608
9842,75861
9843,75926
9844,67863
9845,83213
9846,71764
9847,16314
9848,30336
9849,65723
9850,65767
9851,66612
9852,45660
9853,45663
9854,33965
9855,37891
9856,33973
9857,49749
9858,49756
9859,29445
9860,38468
9861,65571
9862,67101
9863,45353
9864,29730
9865,64065
9866,62938
9867,89141
9868,75402
9869,97471
9870,74137
9871,81335
9872,83316
9873,83346
9874,89147
9875,70648
9876,75426
9877,80754
9878,86429
9879,74538
9880,98235
9881,98251
9882,83428
9883,31757
9884,31774
9885,30363
9886,64118
9887,65063
9888,64638
9889,28624
9890,28630
9891,67214
9892,64874
9893,38011
9894,62471
9895,37380
9896,43529
9897,37387
9898,82213
9899,54819
9900,43736
9901,28312
9902,54454
9904,89403
9905,70658
9906,75441
9907,72360
9908,75450
9909,80814
9910,70722
9911,86503
9912,86505
9913,92551
9917,90401
9918,85501
9919,85533
9920,70743
9922,30009
9923,31793
9924,62661
9925,61859
9926,62326
9927,28304
9929,11106
9930,10003
9931,10471
9932,14489
9933,80016
9934,80111
9935,80011
9936,62531
9937,16923
9938,76041
9939,95429
9940,90742
9941,14905
9942,13355
9943,11705
9944,35208
9946,69335
9947,43084
9948,13057
9949,30093
9950,30066
9951,06339
9952,06068
9953,06051
9954,13838
9955,12083
9956,15775
9957,89317
9958,45243
9959,30535
9960,39836
9961,06053
9962,06268
9963,06237
9964,06106
9965,27291
9966,46039
9967,25044
9968,24854
9969,44706
9970,45873
9971,44305
9972,45323
9973,12018
9974,30667
9975,06084
9976,06019
9977,06040
9978,06254
9979,54474
9980,98245
9981,98651
9982,45896
9983,44121
9984,44308
9985,42202
9986,53576
9987,50051
9988,52242
9989,52359
9990,52146
9991,06405
9992,06074
9993,54821
9994,93429
9995,95017
9996,42053
9997,41135
9998,57426
9999,77022
10000,72080
10001,84015
10002,81645
10003,06785
10004,06702
10005,97113
10006,29639
10007,31039
10009,47907
10010,46986
10011,47162
10012,50153
10013,84097
10014,15729
10015,86431
10016,33514
10017,32830
10018,12729
10019,79220
10020,76566
10021,64427
10022,64630
10023,01843
10024,15085
10025,18356
10026,18255
10027,15665
10028,15689
10029,13152
10030,14743
10031,13814
10032,60470
10033,62532
10034,97753
10035,97375
10036,20833
10037,20601
10038,20762
10039,15229
10040,02906
10041,02842
10042,02864
10043,15342
10044,60551
10045,67628
10046,66946
10047,05903
10048,48628
10049,49676
10050,49070
10051,01201
10052,21791
10053,21221
10054,87008
10055,11214
10056,35148
10057,05156
10058,67512
10059,02806
10060,21213
10061,62347
10062,62449
10063,20874
10064,20684
10065,70818
10066,71280
10067,55405
10068,21651
10069,27870
10070,79312
10071,95717
10072,93244
10073,01355
10074,20607
10075,02356
10076,56098
10077,55734
10078,55425
10079,28461
10080,27510
10081,27605
10082,57226
10083,57073
10084,57374
10085,62830
10086,01106
10087,21231
10088,97089
10089,87564
10090,15747
10091,15047
10092,17538
10093,56042
10094,55404
10095,83128
10096,26187
10097,26572
10098,75234
10099,76887
10100,39332
10101,23885
10102,22834
10103,45897
10104,44070
10105,32836
10108,28352
10109,12844
10110,39071
10111,38865
10112,80005
10113,80920
10114,80137
10115,31787
10119,27209
10120,27806
10121,38761
10122,11030
10123,12477
10124,92411
10125,95958
10126,93933
10127,92806
10128,25287
10129,29334
10130,35020
10131,24124
10132,98230
10133,94549
10134,11801
10135,25836
10136,25625
10137,03079
10138,03064
10139,03235
10140,29033
10141,68319
10142,18371
10143,16640
10144,99320
10145,35805
10146,35755
10147,78108
10148,78124
10149,07064
10150,03304
10151,03580
10152,03839
10153,68416
10154,68768
10155,17062
10156,34614
10157,25521
10158,26175
10159,75638
10160,89042
10161,68453
10162,68758
10163,71049
10164,31605
10165,26410
10166,24811
10167,78264
10168,77318
10169,01108
10170,69132
10171,68444
10172,68644
10173,68726
10174,21849
10175,75410
10176,25817
10177,24884
10178,25882
10179,25909
10180,02152
10181,01475
10182,02537
10183,02043
10184,68069
10185,68057
10186,59546
10187,36613
10188,35660
10189,49640
10190,76131
10191,90049
10192,92354
10193,11217
10194,02124
10195,01876
10196,02132
10197,01701
10198,01603
10199,68157
10200,69022
10201,68852
10202,78226
10203,21837
10204,62277
10205,21219
10206,11419
10207,95818
10208,95119
10209,90003
10210,95674
10211,02481
10212,01536
10213,49896
10214,49701
10215,78266
10216,79261
10217,79223
10218,77534
10219,36542
10220,36421
10221,94945
10222,92250
10223,95123
10224,48890
10225,48001
10226,01420
10227,66109
10228,77047
10229,77036
10230,75033
10231,85203
10232,85014
10233,49043
10234,48041
10235,85141
10236,11229
10237,95242
10238,66075
10239,67736
10240,67473
10241,14213
10242,12180
10243,10994
10244,20732
10245,20781
10246,94534
10247,96142
10248,14305
10249,67839
10250,50622
10251,67860
10252,13486
10253,11003
10254,13066
10255,91345
10256,93256
10257,17579
10258,04619
10259,04364
10260,04330
10261,04543
10262,93615
10263,91977
10264,94303
10265,67211
10266,67464
10267,50140
10268,66540
10269,95830
10270,91008
10271,52141
10272,52567
10273,04102
10274,04471
10275,20711
10276,04772
10277,13323
10278,94517
10279,90680
10280,67638
10281,67151
10282,66549
10283,50233
10284,51105
10285,66554
10286,67664
10287,04426
10288,04544
10289,04350
10290,98530
10291,91792
10292,63389
10293,63950
10294,54943
10295,54104
10296,67344
10297,67058
10298,76044
10299,77970
10300,77518
10301,65354
10302,91311
10303,95062
10304,26440
10305,53139
10306,54141
10307,66032
10308,67576
10309,29572
10310,77531
10311,79838
10312,78541
10313,91506
10314,95621
10315,94706
10316,12498
10317,82007
10318,24857
10319,29805
10320,22191
10321,24211
10322,24634
10323,95460
10324,11222
10325,94507
10326,92672
10327,91364
10328,57433
10329,37012
10330,57353
10331,33983
10332,32958
10333,34613
10334,32805
10335,40468
10336,43054
10337,50014
10338,50658
10339,52046
10340,50002
10341,57069
10342,61701
10343,32065
10344,32277
10345,33764
10346,34287
10347,40177
10348,41835
10349,53597
10350,50423
10351,50851
10352,50263
10353,55082
10354,55019
10355,33782
10356,32829
10357,46072
10358,46235
10359,54017
10360,54911
10361,53081
10362,50125
10363,50009
10364,51016
10365,55309
10366,55124
10367,56446
10368,46074
10369,46001
10370,46011
10371,54433
10372,53566
10373,50313
10374,50276
10375,55126
10376,56232
10377,56754
10378,56583
10379,55388
10380,56157
10381,47834
10382,46280
10383,53190
10384,53821
10385,55712
10386,55128
10387,56187
10388,56683
10389,63452
10390,46055
10391,47469
10392,46928
10393,54767
10394,54416
10395,53227
10396,43342
10397,08098
10398,07004
10399,64670
10400,64657
10401,47394
10402,46777
10403,22134
10404,54750
10405,43545
10406,08343
10407,08020
10408,63133
10409,98102
10410,58063
10411,58570
10412,58323
10413,58461
10414,58422
10415,22938
10416,24517
10417,44857
10418,43026
10419,64080
10420,64430
10421,63123
10422,58545
10423,47431
10424,46131
10425,45324
10426,45157
10427,64804
10428,64112
10429,64052
10430,58520
10431,58281
10433,07062
10434,23060
10435,24526
10436,44109
10437,44313
10438,64088
10439,63011
10440,63954
10441,07201
10442,07505
10443,07865
10444,85138
10445,28516
10446,60439
10447,60131
10448,45458
10449,44413
10450,44839
10451,59254
10452,65305
10453,59713
10454,85730
10455,85121
10456,85286
10457,85749
10458,60015
10459,62095
10460,60060
10461,44718
10462,44609
10463,99218
10464,98531
10465,86442
10466,85172
10467,33312
10468,33133
10469,28073
10470,62964
10471,60417
10472,45744
10473,44515
10474,98056
10475,98433
10476,98011
10477,34231
10478,32084
10479,33322
10480,33431
10481,62234
10482,61046
10483,60157
10484,61603
10485,52001
10486,50469
10487,52586
10488,51455
10489,99353
10490,99202
10491,37129
10492,37353
10493,37874
10494,32578
10495,33868
10496,32968
10497,61353
10498,60093
10499,61102
10500,40505
10501,52237
10502,50435
10503,50450
10504,38120
10505,37097
10506,38111
10507,32309
10508,32162
10509,33161
10510,42376
10511,40115
10512,40489
10513,41074
10514,64498
10515,39595
10516,81426
10517,81633
10518,28542
10519,17233
10520,19152
10521,02888
10522,12501
10523,62831
10524,62417
10525,56211
10526,49067
10527,48832
10528,17739
10529,87083
10530,08738
10531,17249
10532,47010
10533,99039
10534,34679
10535,30149
10536,92521
10537,13738
10538,17404
10539,15920
10540,06854
10541,06441
10542,06905
10543,06794
10544,25152
10545,16740
10546,01450
10547,32461
10548,12453
10549,05344
10550,05477
10551,05143
10552,05868
10553,39886
10554,48117
10555,06063
10556,06331
10557,50594
10558,50470
10559,93524
10560,01970
10561,02557
10562,01026
10563,02445
10564,72199
10565,14169
10566,22726
10567,22480
10568,65246
10569,03280
10570,48073
10571,49322
10572,49042
10573,49283
10574,49705
10575,62969
10576,25093
10577,24836
10578,01236
10579,99333
10580,24433
10581,41226
10582,01337
10583,25902
10584,48626
10585,49284
10586,48661
10587,26662
10588,95559
10589,44437
10590,98829
10591,80653
10592,14083
10593,12960
10594,18349
10595,78635
10596,95703
10597,12749
10598,15420
10599,07832
10600,07719
10601,07506
10602,42024
10603,40982
10604,81415
10605,52630
10606,06442
10607,06027
10608,02325
10609,92661
10610,01223
10611,28629
10612,84324
10613,63466
10614,48328
10615,48893
10616,49743
10617,37888
10618,63450
10619,68433
10620,66716
10621,32071
10622,76685
10623,50055
10624,42252
10625,71466
10626,21920
10627,21824
10628,63758
10629,04435
10630,70721
10631,57429
10632,20771
10633,07676
10634,08053
10635,07513
10636,07039
10637,07728
10638,08221
10639,66733
10640,83628
10641,14530
10642,28707
10643,13304
10644,68849
10645,05036
10646,05154
10647,05746
10648,05874
10649,77882
10650,45624
10651,16223
10652,50066
10653,07863
10654,07422
10655,08904
10656,07202
10657,83655
10658,98430
10659,25851
10660,40075
10661,67483
10662,03278
10663,65624
10664,64461
10665,86015
10666,02836
10667,62514
10668,41712
10669,50032
10670,13482
10671,99151
10672,21653
10673,13352
10674,95929
10675,73488
10676,48473
10677,49927
10678,48045
10679,66406
10680,77863
10681,78670
10682,19706
10683,20007
10684,32083
10685,38459
10686,18917
10687,97384
10688,38631
10689,86011
10690,84602
10691,18335
10692,28039
10693,27584
10694,46513
10695,27815
10696,20388
10697,12976
10698,02199
10699,04979
10700,31635
10701,30025
10702,31091
10703,31804
10704,20017
10705,20032
10706,19730
10707,19716
10708,61863
10709,39162
10710,17778
10711,04049
10712,13416
10713,18103
10714,17057
10715,39827
10716,89054
10717,89025
10718,89130
10719,39201
10720,81041
10721,81123
10722,10519
10723,26293
10724,05476
10725,05068
10726,16055
10727,15001
10728,89706
10729,89883
10730,12057
10731,21798
10732,04924
10733,20733
10734,04030
10735,05403
10736,22935
10737,20143
10738,16720
10739,15217
10740,79713
10741,44057
10742,04951
10743,04926
10744,04048
10745,16052
10746,15451
10747,95680
10748,84621
10749,60195
10750,62689
10751,03057
10752,03812
10753,03464
10754,19052
10755,15627
10756,17271
10757,19555
10758,43145
10759,45650
10760,41766
10761,42762
10762,08014
10763,22504
10764,58219
10765,38560
10766,15927
10767,13402
10768,61931
10769,79243
10770,73727
10771,48896
10772,28367
10773,17519
10774,17003
10775,64725
10776,92256
10777,12920
10779,57030
10780,38376
10781,04949
10782,83868
10783,47020
10784,01050
10785,17316
10786,15942
10787,17047
10788,21234
10789,01523
10790,21204
10791,01073
10792,21409
10793,77335
10794,35601
10795,62264
10796,62907
10797,03907
10798,76652
10799,79381
10800,75230
10801,01262
10802,21538
10803,01747
10804,21864
10805,35063
10806,35233
10807,48465
10808,49128
10809,61014
10810,61602
10811,61871
10812,62664
10813,37742
10814,39326
10815,11722
10816,01096
10817,20603
10818,20905
10819,72005
10820,84121
10821,84084
10822,96124
10823,93901
10824,11050
10825,13357
10826,20690
10827,74849
10828,97376
10829,84009
10830,84756
10831,84112
10832,18644
10833,96062
10834,29827
10835,13669
10836,12192
10837,97348
10838,44667
10839,16255
10840,17824
10841,15365
10842,16346
10843,29564
10844,76035
10845,12701
10846,14454
10847,11977
10848,97431
10849,85631
10850,16876
10851,02889
10852,15779
10853,16729
10854,46157
10855,68134
10856,68637
10857,68730
10858,14586
10859,10553
10860,11010
10861,11694
10862,11238
10863,22734
10864,23124
10865,71660
10866,71219
10867,68941
10868,78254
10869,76541
10870,79009
10871,86507
10872,14068
10873,13076
10874,11542
10875,12803
10876,80455
10877,80022
10878,56312
10879,56288
10880,56212
10881,76651
10882,85622
10883,11369
10884,35571
10885,44035
10886,44131
10887,36317
10888,22432
10889,22849
10890,55795
10891,15438
10892,10455
10893,12768
10894,14624
10895,14220
10896,43356
10897,45890
10898,58627
10899,23603
10900,44041
10901,43442
10902,32038
10903,34996
10904,07675
10905,92130
10906,50643
10907,52249
10908,51572
10909,67631
10910,45714
10911,42054
10912,04743
10913,04401
10914,07606
10918,67122
10919,29435
10920,41091
10921,41267
10922,04970
10923,04668
10926,29605
10927,29851
10928,08312
10929,57533
10930,57236
10931,57342
10932,04764
10933,04982
10934,04463
10935,04252
10936,04640
10938,60061
10939,29486
10940,29449
10941,47436
10942,46154
10943,52580
10944,76630
10945,04920
10946,04941
10947,04653
10948,98953
10949,60164
10950,62061
10951,60961
10952,62674
10953,29702
10954,29376
10955,95257
10956,65640
10957,53507
10958,54960
10959,61741
10960,61423
10961,61325
10962,61605
10963,61478
10964,29048
10965,58331
10966,16410
10967,21811
10968,21713
10969,53561
10970,04607
10971,20657
10972,78756
10973,25260
10974,25314
10975,25090
10976,25076
10977,67455
10978,67530
10979,66006
10980,15690
10981,17049
10982,73505
10983,73162
10984,73443
10985,73071
10986,25247
10987,25508
10988,67735
10989,66424
10990,66852
10991,51338
10992,66510
10993,15341
10994,19137
10995,15846
10996,74574
10997,74561
10998,25270
10999,25168
11000,66451
11001,66061
11002,97330
11003,15042
11004,16505
11005,74330
11006,71203
11007,26169
11009,79402
11010,76537
11011,92284
11012,51104
11013,54772
11014,15205
11015,15213
11016,16131
11017,70130
11018,71104
11019,70339
11020,90723
11021,94526
11022,90404
11023,53520
11024,26542
11025,18840
11026,19073
11027,17063
11028,70070
11029,71108
11030,71119
11031,91321
11032,91941
11033,94109
11034,03038
11035,03868
11036,08036
11037,03864
11038,03241
11039,18015
11040,15542
11041,59527
11042,88001
11043,12783
11044,93314
11045,92084
11046,90807
11047,54016
11048,54812
11049,38720
11050,38621
11051,38855
11052,14505
11053,11787
11054,10504
11055,93458
11056,92868
11057,92821
11058,90631
11059,25264
11060,25560
11061,25083
11062,26142
11063,39739
11064,38726
11065,11790
11066,75431
11067,93260
11068,92336
11069,64492
11070,94041
11071,68420
11072,68956
11073,68310
11074,72933
11075,72301
11076,76208
11077,78739
11078,79762
11079,65069
11080,92024
11081,95831
11083,25110
11084,95237
11085,94117
11086,72416
11087,77058
11088,75789
11089,95356
11090,91731
11091,93534
11092,25920
11093,03051
11094,03801
11095,08318
11096,71639
11097,75217
11098,75127
11099,92583
11100,93444
11101,92548
11102,76656
11103,68748
11104,69134
11105,68467
11106,68346
11107,68040
11108,71762
11109,72176
11110,36732
11111,23919
11112,78516
11113,76013
11114,01905
11115,02324
11116,24991
11117,25443
11118,72436
11119,72576
11120,22304
11121,35621
11122,20141
11123,01089
11124,01027
11125,02702
11126,01566
11127,01702
11128,22039
11129,23111
11130,71644
11131,72648
11132,23451
11133,23168
11134,02460
11135,01810
11136,02446
11137,02703
11138,02302
11139,47638
11140,16053
11141,15106
11142,17401
11143,72672
11144,74036
11145,73130
11146,35904
11147,98365
11148,49460
11149,49001
11150,52054
11151,17019
11152,97068
11153,74059
11154,73099
11155,20816
11156,98629
11157,25907
11158,26278
11159,19380
11160,15322
11161,42140
11162,41139
11163,30132
11164,31738
11165,63441
11166,63382
11167,18045
11168,98037
11169,40060
11170,40759
11171,30297
11172,89519
11173,89015
11174,89438
11175,89101
11176,98103
11177,63048
11178,63563
11179,99101
11180,59002
11181,54027
11182,54871
11183,49237
11184,49048
11185,48216
11186,65462
11187,65720
11188,37777
11189,37115
11190,53593
11191,53527
11192,49221
11193,48623
11194,59537
11195,98465
11196,99001
11197,37209
11198,37086
11199,38047
11200,54401
11201,44707
11202,45813
11203,49450
11204,48161
11205,98383
11206,98642
11207,57521
11208,57070
11209,57312
11210,54512
11211,53085
11212,49713
11213,48912
11214,49441
11215,80905
11216,83627
11217,28702
11218,60046
11219,60532
11220,43213
11221,45405
11222,45426
11223,45865
11224,49285
11225,48235
11226,48875
11227,41534
11228,72181
11229,27342
11230,27877
11231,27950
11232,60124
11233,60608
11234,60660
11235,43915
11236,44657
11237,49072
11238,49130
11239,07480
11240,07044
11241,74558
11242,41390
11243,59933
11244,18460
11245,60426
11246,61516
11247,60154
11248,60004
11249,54965
11250,53560
11251,07727
11252,07083
11253,08733
11255,12040
11258,02643
11259,72178
11260,59083
11261,73033
11262,64830
11263,62618
11264,62548
11265,45053
11266,45503
11267,45321
11268,08021
11269,08536
11270,07876
11271,07735
11272,08242
11273,83806
11274,56568
11275,62927
11276,41386
11277,24887
11278,05768
11279,24476
11280,60441
11281,60012
11282,17921
11283,16210
11284,16226
11285,07105
11286,07932
11287,08086
11288,07647
11289,07446
11290,26289
11291,40865
11292,47324
11293,99335
11294,55029
11295,62706
11296,10911
11297,61752
11298,61537
11299,15437
11300,18077
11301,15366
11302,08510
11303,08067
11304,98107
11305,63117
11306,83632
11307,21902
11308,83348
11309,15358
11310,60030
11311,61061
11312,16695
11313,17765
11314,02818
11315,63301
11316,98277
11317,24167
11318,82440
11319,71721
11320,71253
11321,01093
11322,13784
11323,28758
11324,28509
11325,12854
11326,47366
11327,60452
11328,60445
11329,61201
11330,17814
11331,15312
11332,64738
11333,64119
11334,26222
11335,36027
11336,19140
11337,60064
11338,45347
11339,62682
11340,41076
11341,19525
11342,30634
11343,31805
11344,64855
11345,63771
11346,15681
11347,16438
11348,44087
11349,40391
11350,43110
11351,40160
11352,40404
11353,40217
11354,42758
11355,30088
11356,31522
11357,65040
11358,24530
11359,67635
11360,66429
11361,67363
11362,79237
11363,12977
11364,17968
11365,30039
11366,31407
11367,31707
11368,14747
11369,13131
11370,17769
11371,83324
11372,83543
11373,04010
11374,21671
11375,11516
11376,12480
11377,55955
11378,56548
11379,75556
11380,15961
11381,17867
11382,15086
11383,26629
11384,24976
11385,40171
11386,13325
11387,43962
11388,23845
11389,72180
11390,53804
11391,52354
11392,50567
11393,52588
11394,47230
11395,69220
11396,41607
11397,67454
11398,05819
11399,39877
11400,98050
11401,98222
11402,15534
11403,77622
11404,75933
11406,73556
11407,73436
11408,61851
11409,61084
11410,19702
11411,19734
11412,02539
11413,42451
11414,79342
11415,31527
11416,06334
11417,06078
11418,06804
11419,06093
11420,61816
11421,61415
11422,97024
11423,19967
11424,38259
11425,06278
11426,71411
11427,05660
11428,05675
11429,93673
11430,94950
11431,06079
11432,23955
11433,06250
11434,06379
11435,06351
11436,06484
11437,76464
11438,31307
11439,49440
11440,68872
11441,40055
11442,41367
11443,41033
11444,02032
11445,81126
11446,14736
11447,12936
11448,81612
11449,06516
11450,06058
11451,32901
11452,03609
11454,65463
11455,64689
11456,84623
11457,84518
11458,27816
11459,43033
11460,82219
11461,13847
11462,20535
11463,05359
11464,12528
11466,12760
11467,44092
11468,82227
11469,75469
11470,28374
11471,29065
11472,20632
11473,21733
11474,23427
11475,49873
11476,57237
11478,03897
11479,13692
11480,13802
11481,14091
11482,61330
11483,61479
11484,59484
11485,76902
11486,47576
11487,04783
11488,21648
11489,04087
11490,04095
11491,04351
11492,71065
11493,70310
11494,71316
11495,66942
11496,05855
11497,20862
11498,21790
11499,42566
11500,40902
11501,42274
11502,04109
11503,47174
11504,28480
11505,52549
11506,62928
11507,41351
11508,05446
11509,05444
11510,27571
11511,28392
11512,28805
11513,28584
11514,40949
11515,14767
11516,13031
11517,56448
11518,38776
11519,25866
11520,13796
11521,95837
11522,80544
11523,23039
11524,23302
11525,98582
11526,03823
11527,03216
11528,28393
11529,27401
11530,35083
11531,06704
11532,06706
11533,06380
11534,06226
11535,06085
11536,06779
11537,13490
11538,17748
11539,01521
11540,01035
11541,02718
11542,03227
11543,03753
11544,32182
11545,12427
11546,80819
11547,14466
11548,29838
11549,68303
11550,69345
11551,50147
11552,97121
11553,95912
11554,24845
11555,24943
11556,99321
11557,52570
11558,90021
11559,32530
11560,19732
11561,12174
11562,81431
11563,80828
11564,53910
11565,26587
11566,13621
11567,11778
11568,25054
11569,25114
11570,96143
11571,44418
11572,43153
11573,41571
11574,14556
11575,13825
11576,33621
11577,07677
11578,80226
11579,80727
11580,10577
11581,82933
11582,95665
11583,41622
11584,41727
11585,03885
11586,44693
11587,62053
11588,38471
11589,48652
11590,80549
11591,30310
11592,12015
11593,12125
11594,12822
11595,42782
11596,44653
11597,77432
11598,79788
11599,11201
11600,93272
11601,64401
11602,84095
11603,84311
11604,84711
11605,16678
11606,01851
11607,02639
11608,02664
11609,01752
11610,02072
11611,01854
11612,01434
11613,13052
11614,14218
11615,11550
11616,65650
11617,29170
11618,18101
11619,15043
11620,15059
11621,72168
11622,02467
11623,02050
11624,48214
11625,49802
11626,48096
11627,92880
11628,14226
11629,10459
11630,12182
11631,29414
11632,29303
11633,16371
11634,19055
11635,02861
11636,18328
11637,02912
11638,49931
11639,66861
11640,67056
11641,12056
11642,95326
11643,12186
11644,29082
11645,29728
11646,03290
11647,02830
11648,02909
11649,02826
11650,36741
11651,67146
11652,66509
11653,67207
11654,92114
11655,95835
11656,95683
11657,50590
11658,50039
11659,03849
11660,58011
11661,16436
11662,17941
11663,35988
11664,62422
11665,67851
11666,67548
11667,67663
11668,66060
11669,67106
11670,66960
11671,67659
11672,29492
11673,19312
11674,15427
11675,04631
11676,03904
11677,70711
11678,55102
11679,56111
11680,56339
11681,18927
11682,55402
11683,51638
11684,66086
11685,54974
11686,44311
11687,98028
11688,98403
11689,36206
11690,03909
11691,04038
11692,04258
11695,53574
11696,26259
11697,91006
11698,25414
11699,25213
11700,25062
11701,04220
11702,04086
11703,04084
11704,62844
11705,61361
11706,61489
11707,94928
11708,93926
11709,11379
11710,24962
11711,25425
11712,25015
11713,04693
11714,04649
11715,04574
11716,56274
11717,38878
11718,56729
11719,07703
11720,91942
11721,26463
11722,25387
11723,25303
11724,35214
11725,26570
11726,04955
11727,98030
11728,98670
11729,98310
11730,53714
11732,60490
11733,62926
11734,26818
11735,03220
11736,03110
11737,03593
11738,08319
11739,25510
11740,25545
11741,53525
11742,04562
11743,60953
11744,63013
11745,63451
11746,64752
11747,91724
11748,03842
11749,07830
11750,07035
11751,24878
11752,25235
11753,62201
11754,60075
11755,77380
11756,78252
11757,75942
11758,12210
11759,93437
11760,95351
11761,95817
11762,68028
11763,68348
11764,69130
11765,26217
11766,78244
11767,92115
11768,36603
11769,35758
11770,35801
11771,95315
11772,92653
11773,92210
11774,92104
11775,95117
11776,68414
11777,68934
11778,68640
11779,68946
11780,68732
11781,94591
11782,10606
11783,93312
11784,92881
11785,35476
11786,35749
11787,94401
11788,91354
11789,79401
11790,37342
11791,68045
11792,68790
11793,68936
11794,68317
11795,94544
11796,94803
11797,12302
11798,49029
11799,85356
11800,34957
11801,77802
11802,77041
11803,78210
11804,77090
11805,75158
11806,76711
11807,91761
11808,14063
11809,90620
11810,91765
11811,72389
11812,72125
11813,84337
11814,78044
11815,02130
11816,01440
11817,17036
11818,18974
11819,73067
11820,74042
11821,50436
11822,50482
11823,50060
11824,50042
11825,85609
11826,85335
11827,33584
11828,18447
11829,18013
11830,18518
11831,73655
11832,71101
11833,71109
11834,50171
11835,50022
11836,52213
11837,34788
11838,32934
11839,32092
11840,15480
11841,17922
11842,17340
11843,70131
11844,87006
11845,87004
11846,52057
11847,50049
11848,32141
11849,32117
11850,32210
11851,15010
11852,15214
11853,18321
11854,11580
11855,78744
11856,77584
11857,50166
11858,50707
11859,51342
11860,32641
11861,34105
11862,16829
11863,16157
11864,76017
11865,79404
11866,77591
11867,79912
11868,77414
11869,50846
11870,51543
11871,50569
11872,50020
11873,34448
11874,33487
11875,34981
11876,33412
11877,15940
11878,17851
11879,38826
11880,78343
11881,77550
11882,75114
11883,52402
11884,55046
11885,55013
11886,32750
11887,34746
11888,33875
11889,39336
11890,39166
11891,77007
11892,77377
11893,76105
11894,55020
11895,56731
11896,55042
11897,55076
11898,33513
11899,32702
11900,38952
11901,72065
11902,75035
11903,75087
11904,76621
11905,56514
11906,56031
11907,55427
11908,32963
11909,33141
11910,33947
11911,46013
11912,72024
11913,72745
11914,35205
11915,20165
11916,24612
11917,23702
11918,23235
11919,55033
11920,55421
11921,55932
11922,56350
11923,46121
11924,46517
11925,72531
11926,72079
11927,35244
11928,78409
11929,78759
11930,55346
11931,56085
11932,55118
11933,56592
11934,47462
11935,46064
11936,72734
11937,72365
11938,70807
11939,70755
11940,70659
11941,87114
11942,55315
11943,56540
11944,64136
11945,64053
11946,47119
11947,47713
11948,46278
11949,46218
11950,72840
11951,71820
11952,72773
11953,74948
11954,10507
11955,12790
11956,10573
11957,65620
11958,63055
11959,63040
11960,46320
11961,47970
11962,47451
11963,46115
11964,46347
11965,74354
11966,74864
11967,11803
11968,12804
11969,58784
11970,58222
11971,58750
11972,24018
11973,23222
11974,22727
11975,74452
11976,73078
11977,73446
11978,43230
11979,43323
11980,45169
11981,58345
11982,58577
11983,58561
11984,24473
11985,22406
11986,74733
11987,74442
11988,44067
11989,45249
11990,50651
11991,58327
11993,07750
11994,07724
11995,08092
11996,07079
11997,20110
11998,22959
11999,46552
12000,73028
12001,73547
12002,50003
12003,50248
12004,52803
12005,85086
12006,85225
12007,85756
12008,47942
12009,47833
12010,47612
12011,60585
12012,02452
12013,98575
12014,76469
12015,08060
12016,07009
12017,07607
12018,07002
12019,07104
12020,05641
12021,05701
12022,25841
12023,53706
12024,94970
12025,13695
12026,12820
12027,14040
12028,17219
12029,05070
12030,19477
12031,12812
12032,47392
12033,83454
12034,07871
12035,07866
12036,08854
12037,05478
12038,05773
12039,40355
12040,15863
12041,16430
12042,81228
12043,92259
12045,02163
12046,20645
12047,61402
12048,40334
12049,82450
12050,43436
12051,90840
12052,04671
12053,20317
12054,98623
12055,07461
12056,08103
12057,07205
12058,08005
12059,05067
12060,23488
12061,05472
12062,99153
12063,61724
12064,59466
12065,23062
12066,15716
12067,73638
12068,57016
12069,31309
12070,36549
12071,15311
12072,08322
12073,07450
12074,07076
12075,03782
12076,03575
12077,03063
12078,89422
12079,93226
12080,41543
12081,93558
12082,17961
12083,18083
12084,15670
12085,64724
12086,59824
12087,15327
12088,17750
12089,28635
12090,28543
12091,26676
12092,41568
12093,26436
12094,49430
12095,40376
12096,19342
12097,17983
12098,19135
12099,65809
12100,98059
12101,98025
12102,72677
12103,75782
12104,76005
12105,31012
12106,29047
12107,81036
12108,80726
12109,17551
12110,15024
12111,63549
12112,65635
12113,24729
12114,26808
12115,04456
12116,04450
12117,10588
12118,45874
12119,62414
12120,20751
12121,17225
12122,16645
12123,15857
12124,98203
12125,98126
12126,99212
12127,78836
12128,01913
12129,01901
12130,14143
12131,21722
12132,04776
12133,04648
12134,16340
12135,18707
12136,63601
12137,64030
12138,64106
12139,71250
12140,48885
12141,71069
12142,70551
12143,04551
12144,04558
12145,04625
12146,04287
12147,16727
12148,74636
12149,98438
12150,17011
12151,30082
12152,39842
12153,30746
12154,64487
12155,63012
12156,59831
12157,71452
12158,53587
12159,64832
12160,07826
12161,58456
12162,47361
12163,45349
12164,58632
12165,30630
12166,89032
12167,89011
12168,89128
12169,50057
12170,50576
12171,52530
12172,13141
12173,16402
12174,12886
12175,38338
12176,05071
12177,05744
12179,60437
12180,76639
12181,89511
12182,89014
12183,89021
12184,75936
12185,13732
12186,14839
12187,67102
12188,05060
12189,05679
12190,05260
12191,37362
12192,02812
12193,29849
12194,48604
12195,48390
12196,48808
12197,32658
12198,75764
12199,53526
12200,82422
12201,28547
12202,71847
12203,05474
12204,41564
12205,35477
12206,39752
12207,39193
12208,19374
12209,49858
12210,48025
12211,57018
12212,03036
12213,03102
12214,95064
12215,61274
12216,62819
12217,61044
12218,87828
12219,24606
12220,98447
12221,32544
12222,01360
12223,20664
12224,40061
12225,25025
12226,26739
12227,49655
12228,48335
12229,48239
12230,48817
12231,73481
12232,16048
12233,40953
12234,87051
12235,66017
12236,83286
12237,40981
12238,27985
12239,20629
12240,13775
12241,54175
12242,15018
12243,02056
12244,49696
12245,49911
12246,07940
12247,16634
12248,04020
12249,70651
12250,28311
12251,28166
12252,78063
12253,45727
12254,57576
12255,29470
12256,62828
12257,02764
12258,21044
12259,21160
12260,21654
12261,74026
12262,28689
12263,44625
12264,46771
12265,45716
12266,41124
12267,13655
12268,61281
12269,60444
12270,61260
12271,74956
12272,97325
12273,28590
12274,28641
12275,28006
12276,28788
12277,10004
12278,26267
12280,78954
12281,39531
12282,13603
12283,11235
12284,97360
12285,87347
12286,47038
12287,82221
12288,26237
12289,93675
12290,45382
12291,77476
12292,63770
12293,13310
12294,13155
12295,14760
12296,24077
12297,22660
12298,68351
12299,44504
12300,80229
12301,14807
12302,13317
12303,65618
12304,24312
12305,83355
12306,14617
12307,10708
12308,10990
12309,11554
12310,80202
12311,81144
12312,80903
12313,12860
12314,27054
12315,12514
12316,11021
12317,67137
12318,77629
12319,19956
12320,11203
12321,10703
12322,11788
12323,12953
12324,14738
12325,14889
12326,31547
12327,82430
12328,95375
12329,10958
12330,83334
12331,83535
12332,11360
12333,13328
12334,10710
12335,14025
12336,30568
12337,31756
12338,56134
12339,12194
12340,12484
12341,12861
12342,42339
12343,67673
12344,11768
12345,36607
12346,03870
12347,43211
12348,54759
12349,54529
12350,17842
12351,15410
12352,17053
12353,46915
12354,32190
12355,84715
12356,75566
12357,43608
12358,44076
12359,43358
12360,54984
12361,52590
12362,16364
12363,17749
12364,77615
12366,26291
12367,83448
12368,73434
12369,25156
12370,45344
12371,44215
12372,43913
12373,41519
12374,06333
12375,06513
12376,06114
12377,06239
12378,06355
12379,26755
12380,32427
12381,06370
12382,06117
12383,06026
12384,06498
12385,06787
12386,52566
12387,42151
12388,42528
12389,42285
12390,06710
12391,81125
12392,81320
12393,92106
12394,91020
12395,61243
12396,62621
12397,74463
12398,50234
12399,50444
12400,95652
12401,62271
12402,57363
12403,57369
12404,57466
12405,57344
12406,06471
12407,34267
12408,32359
12410,36540
12411,29133
12412,62534
12413,26568
12414,26404
12415,47660
12416,50246
12417,52655
12418,13746
12419,10475
12420,55455
12421,31716
12422,49040
12423,49910
12424,61421
12425,62016
12426,78885
12427,63388
12428,02652
12429,56318
12430,68755
12431,61721
12432,66408
12433,65280
12434,65647
12435,64147
12436,44321
12437,43501
12438,62080
12439,61345
12440,61322
12441,38112
12442,20876
12443,20706
12444,01542
12445,21216
12446,05482
12447,05346
12448,02874
12449,45698
12450,82310
12451,77369
12452,91607
12453,95335
12454,02472
12455,21084
12456,02461
12457,02667
12458,02886
12459,21132
12460,27511
12461,72210
12462,72140
12463,01453
12464,02724
12465,48460
12466,49833
12467,48757
12468,74633
12469,70533
12470,98248
12471,35114
12472,72569
12473,79084
12474,49646
12475,01742
12476,48861
12477,70458
12478,70819
12479,70668
12480,36870
12481,26386
12482,26167
12483,93710
12484,90031
12485,66949
12486,66610
12487,70592
12488,70503
12489,26335
12490,26037
12491,25404
12492,93242
12493,91708
12494,92241
12495,11206
12496,66762
12497,67028
12498,70053
12499,70577
12500,70112
12501,26269
12502,25650
12503,26062
12504,91950
12505,95116
12506,93455
12507,95204
12508,92688
12509,51034
12510,95678
12511,59925
12512,13027
12514,78332
12515,94028
12516,90301
12517,93906
12518,91307
12519,66220
12520,67124
12521,51358
12522,67059
12523,87105
12524,13835
12525,12204
12526,46041
12527,47832
12528,94587
12529,90064
12530,94402
12531,53037
12532,54568
12533,83110
12534,88242
12535,11368
12536,10701
12537,67950
12538,15622
12539,18969
12540,10017
12541,92591
12542,93208
12543,93604
12544,79095
12545,75067
12546,17067
12547,17602
12548,10456
12549,63431
12550,64426
12551,50848
12552,52571
12553,67208
12554,76078
12555,77803
12556,19605
12557,19362
12558,19026
12559,65256
12560,92373
12561,25085
12562,90068
12563,92008
12564,77084
12565,77384
12566,78677
12567,19087
12568,97446
12569,18041
12570,11418
12571,95692
12572,92708
12573,91325
12574,71666
12575,72073
12576,72930
12577,77004
12578,76259
12579,79423
12580,97217
12581,19437
12582,15147
12583,18964
12584,91754
12585,91604
12586,77532
12587,78217
12588,74730
12589,73040
12590,76053
12591,77471
12592,78758
12593,39501
12594,38838
12595,77578
12596,79336
12597,73011
12598,73093
12599,77632
12600,77619
12601,77301
12602,78538
12603,38627
12604,72211
12605,78117
12606,75702
12607,77059
12608,74061
12609,73851
12610,20147
12611,22712
12612,24089
12613,72482
12614,72067
12615,75124
12616,02215
12617,02747
12618,73013
12619,73084
12620,23108
12621,23661
12622,35803
12623,72444
12624,72003
12625,01902
12626,01060
12627,02139
12628,01907
12629,01226
12630,74965
12631,21226
12632,51577
12633,50135
12634,51041
12635,52340
12636,34479
12637,33771
12638,32209
12639,37076
12640,38367
12641,45244
12642,40220
12643,41621
12644,53020
12645,55422
12646,55088
12647,55406
12648,55016
12649,33624
12650,34987
12651,34684
12652,34285
12653,37764
12654,37820
12655,54724
12656,53717
12657,53114
12658,56725
12659,56579
12660,55110
12661,33598
12662,46202
12663,47959
12664,38017
12665,54730
12666,54873
12667,55045
12668,56279
12669,47715
12670,46938
12671,46017
12672,37771
12673,54650
12674,54853
12675,55052
12676,55119
12677,55113
12678,56117
12679,46105
12680,47143
12681,47974
12682,57783
12683,57325
12684,53404
12685,54494
12686,55336
12687,55027
12688,23150
12689,24059
12690,22031
12691,60505
12692,60415
12693,62044
12694,45177
12695,43081
12696,55792
12697,65263
12698,64105
12699,46220
12700,46312
12701,47120
12702,62413
12703,60013
12704,60007
12705,44278
12706,44221
12707,45069
12708,63052
12709,64439
12710,22831
12711,23405
12712,60123
12713,60407
12714,60544
12715,43901
12716,45449
12717,44638
12718,64652
12719,63351
12720,64058
12721,23023
12722,24311
12723,60545
12724,61342
12725,61107
12726,45846
12727,44077
12728,58343
12729,58646
12730,58521
12731,47637
12732,46516
12733,60460
12734,62859
12735,44491
12736,44618
12737,58261
12738,58068
12739,58348
12740,34639
12741,32180
12742,60555
12743,62441
12744,44441
12745,43739
12746,44452
12747,58341
12749,08801
12750,08518
12751,32195
12752,32234
12753,32127
12754,60191
12755,60106
12756,60184
12757,50126
12758,51503
12759,08095
12760,85345
12761,85139
12762,08804
12763,33143
12764,33544
12765,34224
12766,32443
12767,47424
12768,61554
12769,60302
12770,52144
12771,50158
12772,32926
12773,33060
12774,32547
12775,59747
12776,59931
12777,45153
12778,44110
12779,60430
12780,40202
12781,50144
12782,51551
12783,50453
12784,52257
12785,33606
12786,33309
12787,33331
12788,34120
12789,98951
12790,98032
12791,44060
12792,40291
12793,52154
12794,52358
12795,50327
12796,50217
12797,50633
12798,51052
12799,32765
12800,33884
12801,59276
12802,98802
12803,41001
12804,40223
12805,40517
12806,52627
12807,51564
12808,50220
12809,23116
12810,22807
12811,23395
12812,20024
12813,20003
12814,06472
12815,06031
12816,06443
12817,06897
12818,06384
12819,06424
12820,17037
12821,27979
12822,47550
12823,46537
12824,24323
12825,48137
12826,63821
12827,94074
12828,84634
12829,61233
12830,06811
12831,06065
12832,06076
12833,06242
12834,06524
12838,74555
12839,63966
12840,45644
12841,60111
12842,28615
12843,28436
12844,06282
12845,32346
12846,33149
12847,60484
12848,62975
12849,61042
12850,62478
12851,82945
12852,38001
12853,79098
12854,39156
12855,81620
12856,14625
12857,14132
12858,30449
12859,12883
12860,10006
12861,97540
12862,97426
12863,44611
12864,43771
12865,41059
12866,80825
12867,24839
12868,25844
12869,10914
12870,56224
12871,62638
12872,66440
12873,66619
12874,05361
12875,97006
12876,29321
12877,42324
12878,13812
12879,79367
12880,14036
12881,10973
12882,12147
12883,20662
12884,67654
12885,21161
12886,02903
12887,63440
12888,64866
12889,78877
12890,62343
12891,62098
12892,04974
12893,18458
12894,93928
12895,07627
12896,44082
12897,20619
12898,02921
12899,63873
12900,64632
12901,06460
12902,06791
12903,06878
12904,51556
12905,13635
12906,13164
12907,95986
12908,18342
12909,48357
12910,20659
12911,21780
12912,20882
12913,20853
12914,21710
12915,93563
12916,49238
12917,86329
12918,04578
12919,20612
12920,04680
12921,04628
12922,04355
12923,28557
12924,28789
12925,01095
12926,20774
12927,25261
12928,25115
12929,95944
12930,44670
12931,42742
12932,78953
12933,26236
12934,56755
12935,75886
12936,28638
12937,28120
12938,21120
12939,20674
12940,21144
12941,40913
12942,64497
12943,35143
12944,44702
12945,80305
12946,80525
12947,80210
12948,80224
12949,28323
12950,29519
12951,69041
12952,82334
12953,01341
12954,21829
12955,21050
12956,75247
12957,66930
12958,67127
12959,66970
12960,80651
12961,80123
12962,80018
12963,80514
12964,28715
12965,14812
12966,20832
12967,21639
12968,20639
12969,83872
12970,83712
12972,81081
12973,12734
12974,30339
12975,28211
12976,13834
12977,14729
12978,83124
12979,01773
12980,20724
12981,74754
12982,26184
12983,41555
12984,66740
12985,67458
12986,13167
12987,30511
12988,56289
12989,96029
12990,10589
12991,12037
12992,97352
12993,97233
12994,67484
12995,19947
12996,56023
12997,54737
12998,53080
12999,50013
13000,50655
13001,11507
13002,12747
13003,13437
13004,18244
13005,97839
13006,36766
13007,88414
13008,24412
13009,23284
13010,33036
13011,19701
13012,52332
13013,78416
13014,06371
13015,84004
13016,18078
13017,16744
13018,75152
13019,76679
13020,24827
13021,26855
13022,03584
13023,58357
13024,58782
13025,19565
13026,15052
13027,19426
13028,19086
13029,77066
13030,38362
13031,39576
13032,38951
13033,03109
13034,03054
13035,03261
13036,07732
13037,68940
13038,15320
13039,15687
13040,15943
13041,15692
13042,02908
13043,17009
13044,02904
13045,14210
13046,12580
13047,14822
13048,69138
13049,68361
13050,69169
13051,17584
13052,16260
13053,18222
13055,10065
13056,11967
13057,36321
13058,13034
13059,12043
13060,10040
13061,68122
13062,59063
13063,68883
13064,16731
13065,16870
13066,17535
13067,04074
13068,70462
13069,70392
13070,55317
13071,13760
13072,35133
13073,44140
13074,68324
13075,68138
13076,68746
13077,68041
13078,76180
13079,77582
13080,04957
13081,04448
13082,04231
13083,55722
13084,56160
13085,56511
13086,15357
13088,47305
13089,46181
13090,77072
13091,75407
13092,78375
13093,04357
13094,04276
13095,71045
13096,04056
13097,04745
13098,56450
13099,55733
13100,56545
13101,44106
13102,45885
13103,44023
13104,43535
13105,75424
13106,85041
13107,04224
13108,04344
13109,04037
13110,99105
13111,34480
13112,07649
13115,41826
13116,57621
13118,85606
13119,85257
13120,11365
13121,11566
13122,99326
13123,98546
13125,31210
13127,31784
13128,47140
13129,50863
13130,76869
13131,75759
13132,78074
13133,14536
13134,12053
13135,30901
13136,04079
13138,62067
13139,43732
13140,44677
13141,41548
13142,12309
13143,10463
13144,14225
13145,92630
13146,83822
13147,20745
13148,60963
13149,79357
13150,62426
13151,62230
13152,61238
13153,14047
13154,11553
13155,14131
13156,10532
13157,95325
13158,12469
13159,78161
13160,77441
13161,78935
13162,62560
13163,62275
13164,61311
13165,11791
13166,11361
13167,14903
13168,92359
13169,95633
13170,35757
13171,35175
13172,62092
13173,61770
13174,61039
13175,62899
13176,10591
13177,11752
13178,12754
13179,92118
13180,92003
13181,50044
13182,49623
13183,49330
13184,49404
13185,38330
13186,36362
13187,95943
13188,91916
13189,94972
13190,26617
13191,51530
13192,52620
13193,67144
13194,48613
13195,85724
13196,72133
13197,84644
13198,92505
13199,29223
13200,29384
13201,54661
13202,25053
13203,67468
13204,67745
13205,67522
13206,29206
13207,84026
13208,84109
13209,57075
13210,62916
13211,60952
13212,25431
13213,25059
13214,26320
13215,29201
13216,29626
13217,07838
13218,84780
13219,84718
13220,45242
13221,45377
13222,43105
13223,32250
13224,38772
13225,39662
13226,38916
13227,72927
13228,51529
13229,50109
13230,50265
13231,34762
13232,34236
13233,33920
13234,32343
13235,44044
13236,45309
13237,44866
13238,72472
13239,71941
13240,55331
13241,56724
13242,56175
13243,46158
13244,46030
13245,46034
13246,46919
13247,47345
13248,46776
13249,47879
13250,72703
13251,55304
13252,55104
13253,55354
13254,47362
13255,46543
13256,47040
13257,20184
13258,72856
13259,71861
13260,55398
13261,55115
13262,56235
13263,46176
13264,47630
13265,47129
13266,23146
13267,22041
13268,23964
13269,72937
13270,73017
13271,20815
13272,56285
13273,55444
13274,55305
13275,63638
13276,46701
13277,46989
13278,46723
13279,24272
13280,22840
13281,72587
13282,72950
13283,64664
13284,64070
13285,63105
13286,40229
13287,40299
13288,47519
13289,61054
13290,17109
13291,17976
13292,74054
13293,73843
13294,73069
13295,74080
13296,65685
13297,58220
13298,58352
13299,58752
13300,40208
13301,40855
13302,42553
13303,16946
13304,19018
13305,70461
13306,70512
13307,58423
13308,58243
13309,07711
13310,08879
13311,07660
13312,08846
13313,40219
13314,42327
13315,18944
13316,16412
13317,72370
13318,73632
13319,07016
13320,08825
13321,08078
13322,08876
13323,40204
13324,40313
13325,40390
13326,16844
13327,15344
13328,15219
13329,74825
13330,74949
13331,85735
13332,85194
13333,85392
13334,32503
13335,53115
13336,54623
13337,53032
13338,18020
13339,18062
13340,18104
13341,43004
13342,44420
13343,52215
13344,32211
13345,34266
13346,32405
13347,54554
13348,53168
13349,53024
13350,16948
13351,17045
13352,51022
13353,51559
13354,50659
13355,33142
13356,32507
13357,33026
13358,33173
13359,53549
13360,53061
13361,15533
13362,38737
13363,50170
13364,51038
13365,50323
13366,50472
13367,33523
13368,32643
13369,54768
13370,45434
13371,39337
13372,39421
13373,52052
13374,50575
13375,34436
13376,33716
13377,33760
13378,33021
13379,44646
13380,43402
13381,39116
13382,51012
13383,50139
13384,32725
13385,32766
13386,33067
13387,43945
13388,45761
13389,38683
13390,38671
13391,50240
13392,50680
13393,50314
13394,51347
13395,50075
13396,48350
13397,49635
13398,48820
13399,38079
13400,38135
13401,38122
13402,57641
13403,13469
13404,59258
13405,42049
13406,12767
13407,21669
13408,99137
13409,71415
13410,01560
13411,21405
13412,48179
13413,48727
13414,49329
13415,37181
13416,38006
13417,43939
13418,28582
13419,27563
13420,57246
13421,27969
13422,87060
13423,41364
13424,29079
13425,19980
13426,36473
13427,02663
13428,57361
13429,49410
13430,48616
13431,48323
13432,38316
13433,37075
13434,57039
13435,13756
13436,57234
13437,07021
13438,03263
13439,12823
13440,54536
13441,76490
13442,39173
13443,53962
13444,21777
13445,49015
13446,08096
13447,57701
13448,38587
13449,89070
13450,64074
13451,65728
13452,37902
13453,16860
13454,49921
13455,67515
13456,37219
13457,71969
13458,93669
13459,05772
13460,07840
13461,07760
13462,07077
13463,07463
13464,07060
13465,28277
13466,60118
13467,88311
13468,18087
13469,15730
13470,04216
13471,10199
13472,12471
13473,13678
13474,05655
13475,40863
13476,28024
13477,53953
13478,98358
13479,44678
13480,93741
13481,18327
13482,15053
13483,52757
13484,50664
13485,19369
13486,07305
13487,07442
13488,07666
13489,07465
13490,07081
13491,60189
13492,60637
13493,60056
13494,05455
13495,23828
13496,24131
13497,47851
13498,12874
13499,07846
13500,13113
13501,13360
13502,27708
13503,95604
13504,83720
13505,57563
13506,08850
13507,08027
13508,08802
13509,08010
13510,07075
13511,07040
13512,45311
13513,62677
13514,95387
13515,07851
13516,03837
13517,03084
13518,17355
13519,12720
13520,24850
13521,16693
13522,15924
13523,07827
13524,07631
13525,64133
13526,62613
13527,62694
13528,72313
13529,23551
13530,72053
13531,77444
13532,61472
13533,44665
13534,16352
13535,19390
13536,18660
13537,64865
13538,63023
13539,61847
13540,60515
13541,60134
13542,75448
13543,98195
13544,02464
13545,36851
13546,04422
13547,04932
13548,83705
13549,28074
13550,16256
13551,17304
13552,15243
13553,98112
13554,64457
13555,65348
13556,40272
13557,40068
13558,02053
13559,01380
13560,14877
13561,11958
13562,57020
13563,24058
13564,15672
13565,19128
13566,02809
13567,63446
13568,64434
13569,63660
13570,64833
13571,57261
13572,37057
13573,61565
13574,62215
13575,24579
13576,25879
13577,16920
13578,17737
13579,17403
13580,63016
13581,64029
13582,60084
13583,60418
13584,62922
13586,94021
13587,38578
13588,12407
13589,02837
13590,02882
13591,30230
13592,31331
13593,31028
13594,65053
13595,65641
13596,60411
13597,60098
13598,20560
13599,05739
13600,05045
13601,05873
13602,31701
13603,30293
13604,98271
13605,98631
13606,02474
13607,49409
13608,49918
13609,81062
13610,80728
13611,13290
13612,15562
13613,15482
13615,30818
13616,89129
13617,89509
13618,89110
13619,98370
13620,59910
13621,43037
13622,39478
13623,38913
13624,88324
13625,77481
13626,87728
13627,89460
13628,89074
13629,48504
13630,98467
13631,98941
13632,37188
13633,38736
13634,13424
13635,13101
13636,88002
13637,01080
13638,01070
13639,01772
13640,49874
13641,48420
13642,49251
13643,49274
13644,49259
13645,72550
13646,92401
13647,13108
13648,31624
13649,56347
13650,56760
13651,56382
13652,13346
13653,10570
13654,72718
13655,41821
13656,41189
13657,13667
13658,30205
13659,55435
13660,15781
13661,16211
13662,15671
13663,15046
13664,16246
13665,56367
13666,14879
13667,12041
13668,12839
13669,40316
13670,57038
13671,57348
13672,57258
13674,56637
13675,53922
13676,50249
13677,16434
13678,32628
13679,32810
13680,34242
13681,07028
13682,08887
13683,14709
13684,44003
13685,45894
13686,44139
13689,46773
13690,15083
13691,77362
13692,06279
13693,06483
13694,06069
13695,08241
13697,44902
13698,44637
13699,43071
13700,46182
13701,50559
13702,52207
13703,78050
13704,20602
13705,06320
13707,11798
13708,13797
13710,60455
13711,45381
13712,44428
13713,43085
13714,20841
13715,01039
13716,20708
13717,02642
13718,06615
13719,06877
13720,06492
13721,06423
13722,60083
13723,60068
13724,61820
13725,70002
13726,16689
13727,04950
13728,04005
13729,21043
13730,20737
13731,02128
13732,01351
13733,81646
13734,06338
13735,06757
13736,62501
13737,60443
13738,60401
13739,60471
13740,04041
13741,04530
13742,04265
13743,20695
13744,01776
13745,20877
13746,12117
13747,12918
13748,61319
13749,61756
13750,61747
13751,60026
13752,62237
13753,04085
13754,70372
13755,04042
13756,71029
13757,73755
13758,97833
13759,36556
13760,80823
13761,81410
13762,61734
13763,60541
13764,61873
13765,04438
13766,04444
13767,04008
13768,98536
13769,98039
13770,24279
13771,24168
13772,24016
13773,22435
13774,33872
13775,32169
13776,14472
13777,35744
13778,95045
13779,54479
13780,34982
13781,04756
13782,60942
13783,69042
13784,43022
13785,44302
13786,84020
13787,84124
13788,95623
13789,57522
13790,62463
13791,62665
13792,62294
13793,62330
13794,80108
13795,80918
13796,80840
13797,80749
13798,84542
13799,15233
13800,19044
13801,47619
13802,62214
13803,78659
13804,76357
13805,80134
13806,80759
13807,80930
13808,15725
13809,17554
13810,18221
13811,15120
13812,16937
13813,16617
13814,76462
13815,76624
13816,35575
13817,56655
13818,35824
13819,80427
13820,30043
13821,10804
13822,15938
13823,02860
13824,02920
13825,02896
13826,37098
13827,11940
13828,11757
13829,36578
13830,36305
13831,35172
13832,10576
13833,30038
13834,12569
13835,02878
13836,02914
13837,88047
13838,12846
13839,13053
13840,11720
13841,13637
13842,11216
13843,48762
13844,48878
13845,13166
13846,31009
13847,85087
13848,36006
13849,48327
13850,01607
13851,49348
13852,68368
13853,68508
13854,68792
13855,68522
13856,68781
13857,75154
13858,79525
13859,25159
13860,26070
13861,25154
13862,49614
13863,66056
13864,66078
13865,69149
13866,68777
13867,53078
13868,35209
13869,78121
13871,67356
13872,66739
13873,69365
13874,14609
13875,11435
13876,78578
13877,77450
13878,76010
13881,67671
13882,51636
13883,67623
13884,66106
13885,11710
13886,92506
13887,13030
13888,75236
13889,76058
13890,75220
13891,92703
13892,92101
13893,93304
13894,67042
13895,51005
13896,91935
13897,29732
13898,78726
13899,78251
13900,75092
13901,95832
13902,94539
13903,95551
13904,54135
13905,53556
13906,88314
13907,08064
13908,58643
13909,17845
13910,75459
13911,77092
13912,79907
13913,95691
13914,93907
13915,26205
13916,53950
13917,50120
13918,66548
13919,67584
13920,22101
13921,24637
13922,20152
13923,95046
13924,11738
13925,95138
13926,77359
13927,94621
13928,92054
13929,29205
13930,29638
13931,29592
13932,29844
13933,22664
13934,22312
13935,23860
13936,90026
13937,92802
13938,92399
13939,95694
13940,12549
13941,19567
13942,16943
13943,18930
13944,35171
13945,23314
13946,98166
13947,26201
13948,90023
13949,63566
13950,63760
13951,92270
13952,10462
13953,92384
13954,66771
13955,52219
13956,29115
13957,29576
13958,35763
13959,92314
13960,95377
13961,25534
13962,26638
13963,68722
13964,77030
13965,79035
13966,35055
13967,90806
13968,92064
13969,93223
13970,26138
13971,25202
13972,25033
13973,85350
13974,85746
13975,85268
13976,35043
13977,93722
13978,90720
13979,79029
13980,25520
13981,25304
13982,25185
13983,85653
13984,10027
13985,10916
13986,26431
13987,25704
13988,75224
13989,75032
13990,76522
13991,25124
13992,25275
13993,71082
13994,70550
13995,70353
13996,87931
13997,13069
13998,25901
13999,24970
14000,78073
14001,78147
14002,01844
14003,02127
14004,03608
14005,03579
14006,07746
14007,03044
14008,14580
14009,11780
14010,14108
14011,24918
14012,35206
14013,02186
14014,02143
14015,02360
14016,02382
14017,03303
14018,07452
14019,68116
14020,69334
14021,68108
14022,88230
14023,12570
14024,25880
14025,25617
14026,02135
14027,01550
14028,02109
14029,02673
14030,02571
14031,15044
14032,15905
14033,53015
14034,54726
14035,53715
14036,48838
14037,49461
14038,99206
14039,98075
14040,59082
14041,37726
14042,15009
14043,57436
14044,38339
14045,27927
14046,53502
14047,45304
14048,43431
14049,49045
14050,48422
14051,38034
14052,62363
14053,60433
14054,60638
14055,44128
14056,45810
14057,45040
14058,48178
14059,49247
14060,48770
14061,38028
14062,38066
14063,60901
14064,61447
14065,60102
14066,43135
14067,44231
14068,48229
14069,07109
14070,07885
14071,08873
14072,37721
14073,37019
14074,38141
14075,62704
14076,61883
14077,60641
14078,60548
14079,43537
14080,50149
14081,52327
14082,08618
14083,07470
14084,08731
14085,08087
14086,37335
14087,57380
14088,62977
14089,62807
14090,61550
14091,61038
14092,45414
14093,45223
14094,44062
14095,07005
14096,07012
14097,07928
14098,08035
14099,88103
14100,14752
14101,19544
14102,28554
14103,47831
14104,77987
14105,05077
14106,74034
14107,15638
14108,56030
14109,74737
14110,22746
14111,05652
14112,60033
14113,62454
14114,52076
14115,50484
14116,50111
14117,07059
14118,07114
14119,07753
14120,07630
14121,07013
14122,05666
14123,26865
14124,28735
14125,54215
14126,11371
14127,42153
14128,62269
14129,61821
14130,60714
14131,50134
14132,50316
14133,50148
14134,50128
14135,50226
14136,51576
14137,07008
14138,08869
14139,08810
14140,07850
14141,07416
14142,08534
14143,98303
14144,83238
14145,12819
14146,59756
14147,30664
14148,40019
14149,40222
14150,43337
14151,50461
14152,51521
14153,52255
14154,64496
14155,98380
14156,64127
14157,63106
14158,67553
14159,02553
14160,56363
14161,99034
14162,28775
14163,72623
14164,63387
14165,33550
14166,43547
14167,40040
14168,40070
14169,40502
14170,52069
14171,50271
14172,51241
14173,50636
14174,65035
14175,64057
14176,31327
14177,26376
14178,44833
14179,40508
14180,41647
14181,16417
14182,18325
14183,63654
14184,63017
14185,63367
14186,36855
14187,19064
14188,16262
14189,15613
14190,40445
14191,40509
14192,17252
14193,17837
14194,15218
14195,31030
14196,65661
14197,63862
14198,63134
14199,15210
14200,17724
14201,41774
14202,40121
14203,30116
14204,31641
14205,59803
14206,63547
14207,16510
14208,17572
14209,42455
14210,40440
14211,53955
14212,30104
14213,89044
14214,89121
14215,63740
14216,98296
14217,15136
14218,19440
14219,53811
14220,53563
14221,48217
14222,48164
14223,48915
14224,48210
14225,59746
14226,99032
14227,17362
14228,53072
14229,54921
14230,54942
14231,53184
14232,49286
14233,48348
14234,48603
14235,12775
14236,04493
14237,04917
14238,04360
14239,14028
14240,71336
14241,20754
14242,21155
14243,13693
14244,10998
14245,78675
14246,21111
14247,04290
14248,04261
14249,04457
14250,05032
14251,05043
14252,23952
14253,02852
14254,28031
14255,38251
14256,77624
14257,04537
14258,04780
14259,04573
14260,04352
14261,23850
14262,98649
14263,77597
14264,27519
14265,28470
14266,62818
14267,60171
14268,06455
14269,06426
14270,06906
14271,06266
14272,51432
14273,19009
14274,17314
14275,45378
14276,37333
14277,36901
14278,78125
14279,25667
14280,82321
14281,04410
14282,04359
14283,43759
14284,46376
14285,28449
14286,01501
14287,81021
14288,28356
14289,27260
14290,48650
14291,25201
14292,24945
14293,25908
14294,16025
14295,56517
14296,16113
14297,15623
14298,12017
14299,05101
14300,05350
14301,71745
14302,65766
14303,25501
14304,25612
14305,24871
14306,26203
14307,95972
14308,95636
14309,18405
14310,12061
14311,22511
14312,26521
14313,06373
14314,33858
14315,22946
14316,83277
14317,13489
14318,13833
14319,28453
14320,83122
14321,92242
14322,44234
14323,41778
14324,41559
14325,54246
14326,53001
14327,49125
14328,12507
14329,48705
14330,52075
14331,46102
14332,23032
14333,90272
14334,12932
14335,17582
14336,15067
14337,64655
14338,38224
14339,75478
14340,01921
14341,02653
14342,01518
14343,01545
14344,01588
14345,98381
14346,23356
14347,75658
14348,87543
14349,28072
14350,28578
14351,47921
14352,68375
14353,67430
14354,66938
14355,83261
14356,78360
14357,13658
14358,28331
14359,40328
14360,28710
14361,95303
14362,61374
14363,25607
14364,54948
14365,34268
14366,74901
14367,83605
14368,83520
14369,99103
14370,81236
14371,21555
14372,23250
14373,62639
14374,62843
14376,13121
14377,74062
14378,61844
14379,61313
14380,99359
14381,25008
14382,24882
14383,14034
14384,11964
14385,13636
14386,91948
14387,24237
14388,62374
14389,29081
14390,42028
14391,42764
14392,66535
14393,42715
14394,10963
14395,43008
14396,17534
14397,47515
14398,76885
14399,03777
14400,03449
14401,03230
14402,31749
14403,30546
14405,19941
14406,20008
14407,19936
14408,19975
14409,61775
14410,28618
14411,28552
14412,32223
14413,02838
14414,08740
14415,27922
14416,12736
14417,81024
14418,03576
14419,98859
14420,44444
14421,71432
14422,71063
14423,64072
14424,73173
14425,17563
14426,49820
14427,62077
14428,03854
14429,67018
14430,50064
14431,66027
14432,45317
14433,82084
14434,77866
14435,40442
14436,84071
14437,42355
14438,77431
14439,11965
14440,66090
14441,05089
14442,05250
14443,38240
14444,71826
14445,42326
14446,27919
14447,28169
14448,77855
14449,76250
14450,37410
14451,38677
14452,84783
14453,84150
14454,17052
14455,04419
14456,04454
14457,66854
14458,67351
14459,21536
14460,27569
14461,41052
14462,95002
14463,95248
14464,81039
14465,80236
14466,11777
14467,95668
14468,95765
14469,91784
14470,95148
14471,15142
14472,15467
14473,18211
14474,02919
14475,10005
14476,10011
14477,50238
14478,66846
14479,93066
14480,93240
14481,92081
14482,15377
14483,16428
14484,71266
14485,55749
14486,67431
14487,67354
14488,54124
14489,53212
14490,50067
14491,67071
14492,67552
14493,03902
14494,04964
14495,04062
14496,04274
14497,55389
14498,56437
14499,56379
14500,25432
14501,24868
14502,96035
14503,94957
14504,66552
14505,67629
14506,29125
14507,04064
14508,04849
14509,04029
14510,04348
14511,71401
14512,04032
14513,15783
14514,15352
14515,17832
14516,19456
14517,15462
14518,56552
14519,95815
14520,91202
14521,92069
14522,29596
14523,58622
14524,04460
14525,70552
14526,98278
14527,98592
14528,55808
14529,61841
14530,60827
14531,60072
14532,93505
14533,92887
14534,91710
14535,58789
14536,15238
14537,17527
14538,53075
14539,54949
14540,33170
14541,61087
14542,32730
14543,33990
14544,08720
14546,92707
14547,25136
14548,25106
14549,25173
14550,95354
14551,95112
14552,95687
14553,21814
14554,21875
14555,83237
14558,30576
14559,25057
14560,24925
14561,91001
14562,92026
14563,94608
14564,20854
14565,62045
14566,62835
14567,62278
14568,61486
14569,25632
14570,24860
14571,25678
14572,93110
14573,10940
14574,11213
14575,62295
14576,21037
14577,21040
14580,30725
14581,03062
14582,03431
14583,07460
14584,68460
14585,95203
14586,12020
14587,90650
14588,21122
14589,62411
14591,61744
14592,60440
14593,68641
14594,68661
14595,68810
14596,68826
14597,68131
14598,92618
14599,95336
14600,92507
14601,75449
14602,76660
14603,38127
14604,76034
14605,75709
14606,78410
14607,68133
14608,68316
14609,68766
14610,68422
14611,68033
14612,91320
14613,91701
14614,95610
14615,11514
14616,92553
14617,35673
14618,35019
14619,75006
14620,02169
14621,02140
14622,54485
14623,78614
14624,78599
14625,91351
14626,90745
14627,64056
14628,36250
14629,49619
14630,49507
14631,01109
14632,02131
14633,01119
14634,02119
14635,01760
14636,79765
14637,85021
14638,13810
14639,64449
14640,65725
14641,48427
14642,72555
14643,84339
14644,02138
14645,01010
14646,01966
14647,02554
14648,91423
14649,95310
14650,64688
14651,93555
14652,84087
14653,15137
14654,19425
14655,48412
14656,48765
14657,66111
14658,95953
14659,12047
14660,94510
14661,10992
14662,90505
14663,16050
14664,15133
14665,85638
14666,15827
14667,17029
14668,15076
14669,15112
14670,16864
14671,67120
14672,66043
14673,66214
14674,67867
14675,66413
14676,72034
14677,71959
14678,72170
14679,12831
14680,12458
14681,56172
14682,55912
14683,47995
14684,46340
14685,46835
14686,46940
14687,72027
14688,72410
14689,72419
14690,11432
14691,75089
14692,78645
14693,56021
14694,56278
14695,55030
14696,47031
14697,46227
14698,46818
14699,72529
14700,72943
14701,77077
14702,20148
14703,56120
14704,56761
14705,56136
14706,63126
14707,46926
14708,46143
14709,46311
14710,71859
14711,73036
14712,35490
14713,23834
14714,64089
14715,63436
14716,46260
14717,46147
14718,47527
14719,46216
14720,74331
14721,74019
14722,24095
14723,22309
14724,25403
14725,64623
14726,63863
14727,58424
14728,46996
14729,47244
14730,74801
14731,73722
14732,35096
14734,79110
14735,58374
14736,58833
14737,58332
14738,58067
14739,58382
14740,23830
14741,20176
14742,74051
14743,73096
14744,36201
14745,23460
14746,22035
14747,36548
14748,25071
14749,26623
14750,25661
14751,58441
14752,58853
14753,58487
14754,24445
14755,23840
14756,74560
14757,73131
14758,74120
14759,25174
14760,25239
14761,26034
14762,08202
14763,07047
14764,85118
14765,20144
14766,23454
14767,73737
14768,74563
14770,78258
14771,07980
14772,85336
14773,85226
14774,22738
14775,47433
14776,74741
14777,74878
14778,74350
14779,25601
14780,25206
14781,25444
14782,85361
14783,32217
14784,32207
14785,46150
14786,47340
14787,46063
14788,47634
14789,74533
14790,71075
14791,77005
14792,78542
14793,77396
14794,32119
14795,33812
14796,32168
14797,16159
14798,19363
14799,15215
14800,70584
14801,70529
14802,70806
14803,75254
14804,75002
14805,77590
14806,79343
14807,34606
14808,32536
14809,18011
14810,15228
14811,15204
14812,71474
14813,71455
14814,77801
14815,78362
14816,78112
14817,33032
14818,33415
14819,33180
14820,34474
14821,33436
14822,17050
14823,17103
14824,59225
14825,14051
14826,51063
14827,51360
14828,50237
14829,33166
14830,34211
14831,34758
14832,18054
14833,16878
14834,87507
14835,10941
14836,11795
14837,50174
14838,50061
14839,50074
14840,32024
14841,32258
14842,33316
14843,15668
14844,18201
14845,18434
14846,15954
14847,88427
14848,14502
14849,55311
14850,55066
14851,55018
14852,32140
14853,34688
14854,46224
14855,46122
14856,97060
14857,39177
14858,38963
14859,71832
14860,72340
14861,38665
14862,26349
14863,12456
14864,13606
14865,18709
14866,49618
14867,49544
14868,07652
14869,12928
14870,04428
14871,04255
14872,04735
14873,04496
14874,12950
14875,26036
14876,76565
14877,02133
14878,15746
14879,15071
14880,18064
14881,07960
14882,07438
14883,07481
14884,08065
14885,25285
14886,22747
14887,23938
14888,24105
14889,16734
14890,04987
14891,71002
14892,82646
14893,15774
14894,15131
14895,08831
14896,08054
14897,07730
14898,08638
14899,08828
14900,81242
14901,05775
14902,23175
14903,15020
14904,27351
14905,05845
14906,05447
14907,27213
14908,15737
14909,23066
14910,95671
14911,15460
14912,48630
14913,16117
14914,18014
14915,17239
14916,08034
14917,07045
14918,07661
14919,07306
14920,07663
14921,62311
14922,78850
14923,77436
14924,48852
14925,01258
14926,13410
14927,75659
14928,98614
14929,06080
14930,58255
14931,01072
14932,16803
14933,19153
14934,19543
14935,08525
14936,64020
14937,39859
14938,03810
14939,03869
14940,16856
14941,18921
14942,39406
14943,31562
14944,10542
14945,13484
14946,31564
14947,21762
14948,36314
14949,17074
14950,16657
14951,08551
14952,07512
14953,07764
14954,08084
14955,64150
14956,14772
14957,12474
14958,80938
14959,78351
14960,35185
14961,83533
14962,73841
14963,24895
14964,67485
14965,67557
14966,19703
14967,02835
14968,16102
14969,98501
14970,64468
14971,22538
14972,79742
14973,20018
14974,19953
14975,19805
14976,19940
14977,15108
14978,30032
14979,65610
14980,63025
14981,31629
14982,26722
14983,25634
14984,02468
14985,38449
14986,06793
14987,97109
14988,30206
14989,30047
14990,63532
14991,65231
14992,04219
14993,04973
14994,79002
14995,01469
14996,01965
14997,28531
14998,80469
14999,97377
15000,84306
15001,31803
15002,31093
15003,63352
15004,65774
15005,26838
15006,17858
15007,14756
15008,07439
15009,22625
15010,23173
15011,71410
15012,70051
15013,99251
15014,28128
15015,27849
15016,30274
15017,30341
15018,30319
15019,18216
15020,01757
15021,01721
15022,01012
15023,99018
15024,44325
15025,20059
15027,14486
15028,05667
15029,27326
15030,28343
15031,32061
15032,39825
15033,31744
15034,81057
15035,45888
15036,84743
15037,41166
15038,51431
15039,05059
15040,05034
15041,05862
15042,05009
15043,72636
15044,27842
15045,95443
15046,88027
15047,11954
15048,21152
15049,21017
15050,21052
15051,30071
15052,89169
15053,49249
15054,49220
15055,41746
15056,13680
15057,06752
15058,17884
15059,28672
15060,23035
15061,75434
15062,93106
15063,79051
15064,04424
15065,04643
15066,04256
15067,04673
15068,48503
15069,49826
15070,48856
15071,48224
15072,48009
15073,27980
15074,03243
15075,69133
15076,23106
15077,61471
15078,59411
15079,04676
15080,16443
15081,94938
15082,47110
15083,45674
15084,26040
15085,48140
15086,49321
15087,49241
15088,64458
15089,65541
15090,74001
15091,97331
15092,97369
15093,97902
15094,63739
15095,28757
15096,95232
15097,53501
15098,92182
15099,56216
15100,37408
15101,60910
15102,38380
15103,29074
15104,55450
15105,48198
15106,48532
15107,49336
15108,32307
15109,08063
15110,85923
15111,14777
15112,56521
15113,56443
15114,49745
15116,29689
15117,62436
15118,20715
15119,01349
15120,20784
15121,68431
15122,03570
15123,67731
15124,66951
15125,65247
15126,64648
15127,62958
15128,78658
15129,77613
15130,01930
15131,01129
15132,21601
15133,20618
15134,02114
15135,02671
15136,66732
15137,21912
15138,21850
15139,99121
15140,63558
15141,38764
15142,13904
15143,10925
15144,12542
15145,02713
15146,01069
15147,21826
15148,20723
15149,27127
15150,27407
15151,28018
15152,45850
15153,43412
15154,76373
15155,10918
15156,10452
15157,14006
15158,73449
15159,97107
15160,97215
15161,28227
15162,28539
15163,77533
15164,06608
15165,06269
15166,06002
15167,06108
15168,70725
15169,14813
15170,10019
15171,13460
15172,36509
15173,87565
15174,27376
15175,93954
15176,45326
15177,64841
15178,64769
15179,11596
15180,11412
15181,10801
15182,11428
15183,10128
15184,23417
15185,68429
15186,26208
15187,25649
15188,26056
15189,79372
15190,57787
15191,44867
15192,44804
15193,14880
15194,10301
15195,14167
15196,35896
15197,45135
15198,45849
15199,45216
15200,12575
15201,28508
15202,11754
15203,13611
15204,93516
15205,49925
15206,61336
15207,36273
15208,89496
15209,45827
15210,44408
15211,80643
15212,80214
15213,72128
15214,10598
15215,11794
15216,65046
15217,35469
15218,44511
15219,43764
15220,43515
15221,80223
15222,80917
15223,80102
15224,80650
15225,14517
15226,12430
15227,17810
15228,45696
15229,71661
15230,44410
15231,44445
15232,45858
15233,14005
15234,39819
15235,27871
15236,47521
15237,62554
15238,25070
15239,25932
15240,25081
15241,25854
15242,43148
15243,44855
15244,42348
15245,30256
15246,11741
15247,55802
15249,26810
15250,83702
15251,83634
15252,41045
15253,40176
15254,57737
15255,57476
15256,53961
15257,53069
15258,87933
15259,87514
15260,88244
15261,52330
15262,24892
15263,25810
15264,74576
15265,74041
15266,72182
15267,47926
15268,92518
15269,14775
15270,61024
15271,57260
15272,57630
15274,47355
15275,50046
15276,16667
15277,77951
15278,06234
15279,06401
15280,61452
15281,62878
15282,62047
15283,61737
15284,62965
15285,60962
15286,38371
15287,36581
15288,46259
15289,47948
15290,50861
15291,51029
15292,06855
15293,06260
15294,06374
15295,06359
15296,06763
15297,97306
15298,97449
15299,78152
15300,35087
15301,93266
15302,95345
15303,78948
15304,94567
15305,06120
15306,06750
15307,06057
15308,32462
15309,14723
15310,75453
15311,48822
15312,94933
15313,92870
15314,95935
15315,63551
15316,63623
15317,30683
15318,12930
15319,14059
15320,70030
15321,59354
15322,68062
15323,59545
15324,14550
15325,13212
15326,14136
15327,11598
15328,78376
15329,77901
15330,23836
15331,95655
15332,95938
15333,93553
15334,86515
15335,88124
15336,10977
15337,90210
15338,93737
15339,35073
15340,22971
15341,75860
15342,79042
15343,88022
15344,49092
15345,66734
15346,52576
15347,51443
15348,66777
15349,67204
15350,22153
15351,24216
15352,35242
15353,26757
15354,35952
15355,02134
15356,01013
15357,02184
15358,02535
15359,01537
15360,66611
15361,67010
15362,67029
15363,67732
15364,66866
15365,29742
15366,25535
15367,26266
15368,26764
15369,02121
15370,01007
15371,02346
15372,01801
15373,67649
15374,52563
15375,66616
15376,29301
15377,29403
15378,03901
15379,25438
15380,26505
15381,26325
15382,02420
15383,49452
15384,48807
15385,48475
15386,67349
15387,66544
15388,54467
15389,54440
15390,29653
15391,29113
15392,07603
15393,15051
15394,26059
15395,77098
15396,92677
15397,64848
15398,17347
15399,18632
15400,17812
15401,15419
15402,26761
15403,53968
15404,90715
15405,90020
15406,17020
15407,17841
15408,04250
15409,95120
15410,92307
15411,38833
15412,38738
15413,39656
15414,95236
15415,90755
15416,24931
15417,04076
15418,04009
15419,04061
15420,04092
15421,94043
15422,92801
15423,92804
15424,38650
15425,72713
15426,72635
15427,72675
15428,24831
15429,25606
15430,25969
15431,87043
15432,16420
15433,18929
15434,91791
15435,95758
15436,94568
15437,94086
15438,72662
15439,72571
15440,72758
15441,25644
15442,25107
15443,04043
15444,04667
15445,04292
15446,04263
15447,90027
15448,11793
15449,94404
15450,72640
15451,72435
15452,72421
15453,72821
15454,24915
15455,03743
15456,03835
15457,08105
15458,07023
15459,11518
15460,11765
15461,88101
15462,92223
15463,12095
15464,73938
15465,74053
15466,03853
15467,03045
15468,68652
15469,68405
15470,68344
15471,78633
15472,75211
15473,77039
15474,76134
15475,95540
15476,93274
15477,91768
15478,73501
15479,73160
15480,73150
15481,68410
15482,68866
15483,69162
15484,75214
15485,76543
15486,79764
15487,93662
15488,93030
15489,13501
15490,73038
15491,74567
15492,74951
15493,74431
15494,69212
15495,68352
15496,68930
15497,75491
15498,77060
15499,95991
15500,91505
15501,90004
15502,73074
15503,21545
15504,70360
15505,68743
15506,68856
15507,68759
15508,68458
15509,68403
15510,78520
15511,78263
15512,76021
15513,64788
15514,65666
15515,64014
15516,11103
15517,94589
15518,70737
15519,70118
15520,71327
15521,70062
15522,76311
15523,75435
15524,85304
15525,85258
15526,75052
15527,77520
15528,77025
15529,55063
15530,56168
15531,55068
15532,32034
15533,32827
15534,37331
15535,37421
15536,38117
15537,54155
15538,53405
15539,56453
15540,56588
15541,56176
15542,32839
15543,32408
15544,46750
15545,37080
15546,37402
15547,38476
15548,54876
15549,53091
15550,53219
15551,55089
15552,56757
15553,46075
15554,23140
15555,37347
15556,38241
15557,53121
15558,54828
15559,53222
15560,43724
15561,65611
15562,63637
15563,65730
15564,63138
15565,22408
15566,22042
15567,23129
15568,57043
15569,57036
15570,37853
15571,54669
15572,54409
15573,65244
15574,58064
15575,58703
15576,58458
15577,23228
15578,15332
15579,60067
15580,60442
15581,60035
15582,44216
15583,45331
15584,58241
15585,58478
15586,58773
15587,58367
15589,97537
15590,15239
15591,60016
15592,60449
15593,44451
15594,43407
15595,44108
15596,43025
15597,58844
15598,08402
15599,08340
15600,07632
15601,85308
15602,20155
15603,24569
15604,60014
15605,60475
15606,60513
15607,43723
15608,43457
15609,45356
15610,44212
15611,85706
15612,85143
15613,85630
15614,85031
15615,97317
15616,28463
15617,62870
15618,60169
15619,43013
15620,44680
15621,50662
15622,85935
15623,85283
15624,33414
15625,15084
15626,17201
15627,17111
15628,60601
15629,60448
15630,60409
15631,61101
15632,51558
15633,50677
15634,32618
15635,33610
15636,33317
15637,46237
15638,46256
15639,46910
15640,19047
15641,62301
15642,62601
15643,61435
15644,58104
15645,52247
15646,50071
15647,50138
15648,33033
15649,32124
15650,32693
15651,47960
15652,46991
15653,47648
15654,60447
15655,60612
15656,60645
15657,50864
15658,50129
15659,50162
15660,32110
15661,46746
15662,46920
15663,46076
15664,61616
15665,43560
15666,40228
15667,50466
15668,52065
15669,50801
15670,32327
15671,33324
15672,34983
15673,47043
15674,47325
15675,42519
15676,41603
15677,50213
15678,52533
15679,51573
15680,34604
15681,33196
15682,33559
15683,65712
15684,59054
15685,40216
15686,41169
15687,40241
15688,55044
15689,55416
15690,55373
15691,32304
15692,33993
15693,33137
15694,59222
15695,98674
15696,98424
15697,45118
15698,42649
15699,56221
15700,56091
15701,56161
15702,55318
15703,55130
15704,32244
15705,32607
15706,99336
15707,59448
15708,98566
15709,42170
15710,53963
15711,54947
15712,55403
15713,56019
15714,56267
15715,27313
15716,27214
15717,65250
15718,27508
15719,28725
15720,20373
15721,03603
15722,65557
15723,82059
15724,76599
15725,81084
15726,14544
15727,43116
15728,94111
15729,04553
15730,28310
15731,92341
15732,15713
15733,05743
15734,05836
15735,05766
15736,37709
15737,44681
15738,04967
15739,04481
15740,04635
15741,04022
15742,04921
15743,48464
15744,01749
15745,02564
15746,01038
15747,78075
15748,80422
15749,05859
15750,63457
15751,15682
15752,12461
15753,65729
15754,72038
15755,99158
15756,37336
15757,38387
15758,80832
15759,41264
15760,41775
15761,75689
15762,22476
15763,84763
15764,12978
15765,44450
15766,44844
15767,91945
15768,06614
15769,26717
15770,38370
15771,37151
15772,80117
15773,29943
15774,80927
15775,20045
15776,69036
15777,85723
15778,56356
15779,27593
15780,59312
15781,06514
15782,06420
15783,51234
15784,18821
15785,49309
15786,02827
15787,15841
15788,17342
15789,25262
15790,24879
15791,12975
15792,13146
15793,45319
15794,84747
15795,13334
15796,36114
15797,22720
15798,24464
15799,72429
15800,02638
15801,62553
15802,24924
15803,25555
15804,66615
15805,66958
15806,05906
15807,13809
15808,75153
15809,38113
15810,64001
15811,20628
15812,49961
15813,56670
15814,04965
15815,16244
15816,96071
15817,44697
15818,40140
15819,64676
15820,05830
15821,21770
15822,21631
15823,57577
15824,57227
15825,50657
15826,17965
15827,27047
15828,87554
15829,41735
15830,30598
15831,67840
15832,04066
15833,65543
15834,65773
15835,78358
15836,67105
15837,28403
15838,28170
15839,28804
15840,28033
15841,29676
15842,29346
15843,68055
15844,11786
15845,65216
15846,64476
15847,63380
15848,61810
15849,97050
15850,25966
15851,25028
15852,33840
15853,55366
15854,37316
15855,36764
15856,94964
15857,01379
15858,45336
15859,67353
15860,66838
15861,83212
15862,82210
15863,25030
15864,48636
15865,40813
15866,67478
15867,22509
15868,84316
15869,05058
15870,28664
15871,30726
15872,98641
15873,17251
15874,75865
15875,83812
15876,25421
15877,68360
15878,76908
15879,19713
15880,24828
15881,26443
15882,10533
15883,10803
15884,12872
15885,38565
15886,11430
15887,66863
15888,21677
15889,12418
15890,47994
15891,25019
15892,54101
15893,19720
15894,20011
15895,13757
15896,28431
15897,26546
15898,05363
15899,22460
15900,05251
15901,98243
15902,54545
15903,92147
15904,19952
15905,06018
15906,12916
15908,05155
15909,62822
15910,78944
15911,03037
15912,03844
15913,03240
15914,74860
15915,62815
15916,62026
15917,61777
15918,71079
15919,70813
15920,40104
15922,82217
15923,10524
15924,19549
15925,29613
15926,84304
15927,73758
15928,77875
15929,26162
15930,27923
15931,04063
15932,74134
15933,97018
15934,79371
15935,41762
15936,84094
15937,28665
15938,10468
15939,12058
15940,13740
15941,83328
15942,85942
15943,01330
15944,01054
15945,01969
15946,30423
15947,76862
15948,48725
15949,38067
15950,57003
15951,80743
15952,12981
15953,15724
15954,15077
15955,13314
15956,71434
15957,15363
15958,50117
15959,24022
15960,62879
15961,78536
15962,14614
15963,49632
15964,03592
15965,43917
15966,43344
15967,45362
15968,80027
15969,80234
15970,32804
15971,04774
15972,60034
15973,62312
15976,45669
15977,43569
15978,41271
15979,80132
15980,11976
15981,21801
15982,83869
15984,30477
15985,40409
15986,41528
15987,41181
15988,57059
15989,14009
15990,16828
15991,16372
15992,61285
15993,36553
15994,77382
15995,31085
15997,57013
15998,57759
15999,57276
16000,78057
16001,06489
16002,06515
16003,35216
16004,35080
16005,61109
16006,62461
16007,57248
16010,47987
16011,06241
16012,06437
16013,36527
16014,56756
16015,49343
16016,62442
16017,62288
16018,60429
16019,46570
16020,52077
16021,75423
16022,80515
16023,06756
16024,06413
16025,72729
16026,84403
16027,84129
16028,61414
16029,62893
16030,61327
16031,76870
16032,75779
16033,95679
16034,63867
16035,65634
16036,14870
16038,13650
16039,84732
16040,84025
16041,84643
16042,61956
16043,61729
16044,61749
16045,62074
16046,96008
16047,02540
16048,20747
16049,21030
16050,06378
16051,06479
16052,06280
16053,06605
16054,84312
16055,18955
16056,15928
16057,36318
16058,35963
16059,57321
16060,57792
16061,20837
16062,02648
16063,30823
16064,12140
16065,16143
16066,15732
16067,17934
16068,15282
16069,19060
16070,29207
16071,61485
16072,20650
16073,21207
16074,13780
16075,62255
16076,67220
16077,17967
16078,02804
16079,02905
16080,02911
16081,76888
16082,37328
16083,39324
16084,20621
16085,02339
16086,20721
16087,01376
16088,02341
16089,31071
16090,30565
16091,14754
16092,12929
16094,87525
16095,85347
16096,11733
16097,10029
16098,12414
16099,02668
16100,02675
16101,21773
16102,31801
16103,29451
16104,56680
16105,55071
16106,56639
16107,55116
16108,14706
16109,14487
16110,10303
16111,73669
16112,97137
16113,54515
16114,54862
16115,52328
16116,52650
16117,56273
16118,56468
16119,11204
16120,12151
16121,12845
16122,10453
16123,35460
16124,88063
16125,04270
16126,04024
16127,04609
16128,04253
16129,17048
16130,15828
16131,15360
16132,14098
16133,12159
16134,14111
16135,22611
16136,24136
16137,03908
16138,04101
16139,04473
16140,99123
16141,32102
16142,32409
16143,12550
16144,13026
16145,43072
16146,35972
16147,23103
16148,69353
16149,44645
16150,54664
16151,53570
16154,45836
16155,45214
16156,43543
16157,47666
16158,46240
16159,46142
16160,92201
16161,95628
16162,92545
16163,92882
16164,47952
16165,46365
16166,47234
16167,70373
16168,59748
16169,59033
16170,46234
16171,88430
16172,76354
16173,90012
16174,92647
16175,65604
16176,97392
16177,18018
16178,18508
16179,59483
16180,59027
16181,78704
16182,75051
16183,79415
16184,75228
16185,65339
16186,63533
16187,15102
16188,17021
16189,15840
16190,16691
16191,14512
16192,87001
16193,77373
16194,77073
16195,78563
16196,78751
16197,65061
16198,90815
16199,16442
16200,15226
16201,16511
16202,15479
16203,88130
16204,87015
16205,12564
16206,78237
16207,77706
16208,75643
16209,95917
16210,01238
16211,02151
16212,02048
16213,16838
16214,15698
16215,17324
16216,10470
16217,11706
16218,77701
16219,22488
16220,22306
16221,91750
16222,94521
16223,94947
16224,15321
16225,39520
16226,38847
16227,58077
16228,58559
16229,58501
16230,23456
16231,23511
16232,98844
16233,76579
16234,77069
16235,75072
16236,79031
16237,38661
16238,39204
16239,39735
16240,58257
16241,58386
16242,58771
16243,58081
16244,98146
16245,99116
16246,01602
16247,01230
16248,72581
16249,72462
16250,72658
16251,72904
16252,58442
16253,58310
16255,07721
16256,85255
16257,85353
16258,26804
16259,25564
16260,92582
16261,93921
16262,94582
16263,76836
16264,75206
16265,72905
16266,72761
16267,72851
16268,73075
16269,85085
16270,33403
16271,32514
16272,32073
16273,25177
16274,25621
16275,02739
16276,02453
16277,02576
16278,02482
16279,74940
16280,74435
16281,33607
16282,32738
16283,33181
16284,33904
16285,26282
16286,24874
16287,46012
16288,47711
16289,47859
16290,73016
16291,73018
16292,73109
16293,33409
16294,33707
16295,34652
16296,33763
16297,33018
16298,26060
16299,24894
16301,46156
16302,46710
16303,46184
16304,73550
16305,74127
16306,73007
16307,33470
16308,32206
16309,32653
16310,77015
16311,75965
16312,46538
16313,46506
16314,73546
16315,74039
16316,32712
16317,32063
16318,32502
16319,79849
16320,77517
16321,94536
16322,24053
16323,23410
16324,23389
16325,73530
16326,74867
16327,32148
16328,33140
16329,34667
16330,94070
16331,91104
16332,93101
16333,94931
16334,24265
16335,23102
16336,20111
16337,70126
16338,70763
16339,71351
16340,71450
16341,33193
16342,46168
16343,47348
16344,14206
16345,91304
16346,95823
16347,11691
16348,23923
16349,22610
16350,60120
16351,60656
16352,52302
16353,52727
16354,52748
16355,50058
16356,17532
16357,16504
16358,15116
16359,15447
16360,07757
16361,07504
16362,07930
16363,07758
16364,07419
16365,61277
16366,61745
16367,52321
16368,50025
16369,51430
16370,50028
16371,15206
16372,16214
16373,16674
16374,98116
16375,63128
16376,99338
16377,64130
16378,61036
16379,61611
16380,50841
16381,50665
16382,19473
16383,15066
16384,63026
16385,63869
16386,60621
16387,60160
16388,44454
16389,62615
16390,55056
16391,56673
16392,30135
16393,30547
16394,63545
16395,63939
16396,63846
16397,60479
16398,41044
16399,40118
16400,55122
16401,56537
16402,55108
16403,55443
16404,30102
16405,30808
16406,98258
16407,64161
16408,59635
16409,59916
16410,59875
16411,41630
16412,44113
16413,40504
16414,64050
16415,63662
16416,64781
16417,63945
16418,63113
16419,31904
16420,30567
16421,98292
16422,59647
16423,45171
16424,40242
16425,56315
16426,55787
16427,55105
16428,56041
16429,89441
16430,89142
16431,89034
16432,98002
16433,98943
16434,38328
16435,38116
16436,40023
16437,41317
16438,40209
16439,56578
16440,55718
16441,89411
16442,89161
16443,37760
16444,37018
16445,53018
16446,53181
16447,54902
16448,58368
16449,58641
16450,89029
16451,48462
16452,37035
16453,57434
16454,54423
16455,53073
16456,56159
16457,55007
16458,49036
16459,48125
16460,48917
16461,37877
16462,57107
16463,54157
16464,54227
16465,53089
16466,51056
16467,51061
16468,51571
16469,50214
16470,48169
16471,48380
16472,57793
16473,57224
16474,53402
16475,54559
16476,50207
16477,50554
16478,50274
16479,50449
16480,49770
16481,49056
16482,57754
16483,57454
16484,60143
16485,53528
16486,45251
16487,45342
16488,55934
16489,56277
16490,48341
16491,49034
16492,48876
16493,60090
16494,60175
16495,62207
16496,43345
16497,43106
16498,45801
16499,21540
16500,53792
16501,63840
16502,74750
16503,13645
16504,12863
16505,51460
16506,52646
16507,83218
16508,46937
16509,47464
16510,65741
16511,48892
16512,48230
16513,49534
16514,61937
16515,60518
16516,61241
16517,60459
16518,45652
16519,44807
16520,45833
16521,04057
16522,24714
16523,53928
16524,17931
16525,07208
16526,07017
16527,07901
16528,07094
16529,07828
16530,62450
16531,60563
16532,44699
16533,45312
16534,15330
16535,17084
16536,19150
16537,07074
16538,07747
16539,07103
16540,08730
16541,07458
16542,08077
16543,62032
16544,60108
16545,20135
16546,44103
16547,66753
16548,83330
16549,83841
16550,06095
16551,06382
16552,06519
16553,06777
16554,06256
16555,13795
16556,27042
16557,47427
16558,46764
16559,45120
16560,78588
16562,83446
16563,06231
16564,06716
16565,06377
16566,32246
16567,31824
16569,29916
16570,02832
16571,83548
16572,98650
16573,66769
16574,12566
16575,13846
16576,54741
16577,93109
16578,95224
16579,74438
16580,49656
16581,08247
16582,45218
16583,44826
16584,41837
16585,19711
16586,19810
16587,20012
16589,13060
16590,11427
16591,36913
16592,62890
16593,97327
16594,43779
16595,75778
16596,19803
16597,04642
16598,04617
16599,04068
16600,10510
16601,66521
16602,67336
16603,97388
16604,79102
16605,75960
16606,37078
16607,37932
16608,43811
16609,19806
16610,70761
16611,70036
16612,66743
16613,67622
16614,66537
16615,95919
16616,65660
16617,45743
16618,47273
16619,14894
16620,12979
16621,27957
16622,29114
16623,10986
16624,66092
16625,67758
16626,02873
16627,21240
16628,63732
16629,64479
16630,13640
16631,62655
16632,94511
16633,97901
16634,20637
16635,21655
16636,64741
16637,02532
16638,20895
16639,62627
16640,62351
16641,28209
16642,28685
16643,28544
16644,27884
16645,28208
16646,27505
16647,20640
16648,21057
16649,06461
16650,50516
16651,16411
16652,70836
16653,49766
16654,60129
16655,04001
16656,04666
16657,04479
16658,04911
16659,04051
16660,27455
16661,28636
16662,20814
16663,21015
16664,02019
16665,25022
16666,25133
16667,25125
16668,25989
16669,81504
16670,80109
16671,80861
16672,27027
16673,28212
16674,25685
16675,21082
16676,02035
16677,21562
16678,20860
16679,95374
16680,92317
16681,80909
16682,80611
16683,80103
16684,25035
16685,25984
16686,21755
16687,20677
16688,74083
16689,97324
16690,43334
16691,40464
16692,30622
16693,12752
16694,11693
16695,26812
16696,25040
16697,82644
16698,82423
16699,74845
16700,97498
16701,40003
16702,42124
16703,75420
16704,13363
16705,30002
16706,12067
16707,88118
16708,82833
16709,13456
16710,97875
16711,52158
16712,20120
16713,65479
16714,38257
16715,87513
16716,50130
16717,16877
16718,14519
16719,14882
16720,12202
16721,22920
16722,23976
16723,77483
16724,65039
16725,67836
16726,06478
16727,06488
16728,81524
16729,72768
16730,17260
16731,16218
16732,29332
16733,57766
16734,67837
16735,66211
16736,54754
16737,66858
16738,35404
16739,29829
16740,08224
16741,16056
16742,18622
16743,16726
16744,15104
16745,15474
16746,46562
16747,78705
16748,76023
16749,39663
16750,54457
16751,54770
16752,03582
16753,15026
16754,02891
16755,02816
16756,02828
16758,37175
16759,14125
16760,11971
16761,54666
16762,25676
16763,17754
16764,16023
16765,70652
16766,56567
16767,12903
16768,89039
16769,45832
16770,44505
16771,93523
16772,13861
16773,91360
16774,24974
16775,15610
16776,16672
16777,18854
16778,56271
16779,56181
16780,56282
16781,44404
16782,43766
16783,40067
16784,26437
16785,24872
16786,15017
16787,04071
16788,55356
16789,55445
16790,56657
16792,47384
16793,47231
16794,51545
16795,25646
16796,26763
16797,71264
16798,04694
16799,04554
16800,04677
16801,16936
16802,56566
16803,55376
16804,44085
16805,44634
16806,45202
16807,03886
16808,03755
16809,03249
16810,04662
16811,04490
16812,04021
16813,55417
16814,32082
16815,32579
16816,32053
16817,40516
16818,57037
16819,57382
16820,03246
16821,03301
16822,03773
16823,03253
16824,98662
16825,98832
16826,54005
16827,03911
16828,32147
16829,08758
16831,51058
16832,52551
16833,77538
16834,77547
16835,03811
16836,03218
16837,68981
16838,69211
16839,59863
16840,04685
16841,04855
16842,61265
16846,44847
16847,43903
16848,68967
16849,68715
16850,68720
16851,68937
16852,61075
16853,62931
16854,30327
16855,39866
16856,14623
16857,12989
16858,69038
16859,68366
16860,68106
16861,68454
16862,79934
16863,62640
16864,62466
16866,60146
16867,62354
16868,12306
16869,11433
16870,14606
16871,78357
16872,85310
16873,85147
16874,21666
16875,21010
16876,62941
16877,62954
16878,62245
16879,10026
16880,13495
16881,11570
16882,10520
16883,11763
16884,85530
16885,11211
16886,11959
16887,14209
16888,60607
16889,77018
16890,75492
16891,61231
16892,61370
16893,49421
16894,49032
16895,02368
16896,02476
16897,12092
16898,95677
16899,12571
16900,35127
16901,56542
16902,48607
16903,72719
16904,84329
16905,60531
16906,62673
16907,35203
16908,01950
16909,66083
16910,50541
16911,66023
16912,91763
16913,92886
16914,50157
16915,84096
16916,84054
16917,84328
16918,93925
16919,92091
16920,95233
16921,67835
16922,66862
16923,67026
16924,66939
16925,67734
16926,67952
16927,15433
16928,18051
16929,72350
16930,71676
16931,21663
16932,21665
16933,21667
16934,08104
16935,26438
16936,55340
16937,46239
16938,38929
16939,21757
16940,21758
16941,17071
16942,13028
16943,05084
16944,02833
16945,01029
16946,05142
16947,21673
16948,21678
16949,05408
16950,32224
16951,60151
16952,50433
16953,50434
16954,08234
16955,26574
16956,26581
16957,01031
16958,01032
16959,05148
16960,01034
16961,05441
16962,03223
16963,01103
16964,06096
16965,05452
16966,35218
16967,32225
16968,46241
16969,12859
16970,12862
16971,17040
16972,05149
16973,05151
16974,03071
16975,06059
16976,03082
16977,05252
16978,05254
16979,03237
16980,05458
16981,05459
16982,05461
16983,32226
16984,40763
16985,48203
16986,12871
16987,12873
16988,12878
16989,05257
16990,05261
16991,05262
16992,05340
16993,05343
16994,01079
16995,05464
16996,05465
16997,02894
16998,21774
16999,21787
17000,26631
17001,17042
17002,12910
17003,12911
17004,05353
17005,05355
17006,01083
17007,01084
17008,05401
17009,01088
17010,05483
17011,38841
17012,35212
17013,08248
17014,26588
17015,21779
17016,12912
17017,12913
17018,12914
17019,08068
17020,21649
17021,12789
17022,12858
17023,50320
17024,50321
17025,60137
17026,21783
17027,08260
17028,26615
17029,12919
17030,17046
17031,12921
17032,05056
17033,32157
17034,48141
17035,46160
17036,55330
17037,48189
17038,08311
17039,26656
17040,21797
17041,12926
17042,12927
17043,12934
17044,12937
17045,35150
17046,46162
17047,48191
17048,30176
17049,50324
17050,32212
17051,26591
17052,21782
17053,12942
17054,12945
17055,46164
17056,48150
17057,38827
17058,38915
17059,30178
17060,21784
17061,26627
17062,17051
17063,12955
17064,12957
17065,50222
17066,48152
17067,46171
17068,46172
17069,46228
17070,60140
17071,55333
17072,21679
17073,08107
17074,26448
17075,26451
17076,08108
17077,12958
17078,12961
17079,12962
17080,50228
17081,50230
17082,48159
17083,46229
17084,55334
17085,46231
17086,08110
17087,21702
17088,08201
17089,12966
17090,12967
17091,12972
17092,50232
17093,55127
17094,50235
17095,55150
17096,50242
17097,50244
17098,38920
17099,48195
17100,30182
17101,21703
17102,08204
17103,21711
17104,08212
17105,17058
17106,12973
17107,55302
17108,60104
17109,30183
17110,30185
17111,21727
17112,21734
17113,26519
17114,17059
17115,17065
17116,48162
17117,21660
17118,08097
17119,30187
17120,40734
17121,26525
17122,26537
17123,12992
17124,12993
17125,17069
17126,21661
17127,26419
17128,40737
17129,30188
17130,26547
17131,21754
17132,08080
17133,21623
17134,21624
17135,12833
17136,12835
17137,12837
17138,16730
17139,02631
17140,01890
17141,01097
17142,48738
17143,01057
17144,05649
17145,05046
17146,05146
17147,05362
17148,05761
17149,08081
17150,26338
17151,12841
17152,12842
17153,17025
17154,99131
17155,14808
17156,80474
17157,21657
17158,05828
17159,26524
17160,87583
17161,77046
17162,01840
17163,02644
17164,74359
17165,03233
17166,26343
17167,21629
17168,26369
17169,17028
17170,17030
17171,04853
17172,04856
17173,50857
17174,97102
17175,13081
17176,12423
17177,03441
17178,65801
17179,64092
17180,28330
17181,15678
17182,55905
17183,89557
17184,33960
17185,21634
17186,21635
17187,04860
17188,04901
17189,04912
17190,04923
17191,38589
17192,67109
17193,82420
17194,06332
17195,06467
17196,15764
17197,18340
17198,36130
17200,05682
17201,21638
17202,26372
17203,04930
17204,03034
17205,05035
17206,05037
17207,02813
17208,28133
17209,27814
17210,97028
17211,36547
17212,71034
17213,21675
17214,31067
17215,50105
17216,08088
17217,21643
17218,01011
17219,02822
17220,05069
17221,05072
17222,32145
17223,27942
17224,28439
17225,03813
17226,83825
17227,59454
17228,18225
17229,15727
17230,56313
17231,21715
17232,70537
17233,21077
17234,28378
17235,92415
17236,21644
17237,21645
17238,26384
17239,04938
17240,04947
17241,04956
17242,04958
17243,03446
17244,65710
17245,64661
17246,74830
17247,67332
17248,05837
17249,05678
17250,42254
17251,40363
17252,78338
17253,76263
17254,43791
17255,50272
17256,08093
17257,26408
17258,05048
17259,05052
17260,01009
17261,06022
17262,05053
17263,67221
17264,66506
17265,12183
17266,84774
17267,56080
17268,21647
17269,71942
17270,71728
17271,17727
17272,15532
17273,27599
17274,94575
17275,21652
17276,51244
17277,08094
17278,12748
17279,12751
17280,16941
17281,48134
17282,48135
17283,50211
17284,35149
17285,48138
17286,12422
17287,13684
17288,70523
17289,05860
17290,01259
17291,20661
17292,21767
17293,64420
17294,16263
17295,16321
17296,75564
17297,82929
17298,27259
17299,12785
17300,16938
17301,16942
17302,12759
17303,04963
17304,04981
17305,04983
17306,02802
17307,02808
17308,24138
17309,22820
17310,80741
17311,23298
17312,70712
17313,13138
17314,04535
17315,26228
17316,08055
17317,12762
17318,12764
17319,12765
17320,12769
17321,12849
17322,12851
17323,12857
17324,47840
17325,03266
17326,15536
17327,15488
17328,26271
17329,26273
17330,12770
17331,12771
17332,17004
17333,04757
17334,04761
17335,04768
17336,04773
17337,18415
17338,39736
17339,97125
17340,72075
17341,81046
17342,81222
17343,26275
17344,08057
17345,21557
17346,17006
17347,12777
17348,17007
17349,12779
17350,04777
17351,04785
17352,04841
17353,04843
17354,04852
17355,12974
17356,22724
17357,05354
17358,48426
17359,24715
17360,21561
17361,26285
17362,12780
17363,12781
17364,12788
17365,12792
17366,99031
17367,47381
17368,64868
17369,38347
17370,25942
17371,60930
17372,04787
17373,04406
17374,03448
17375,27506
17376,27929
17377,26292
17378,26296
17379,08069
17380,08071
17381,12808
17382,12809
17383,12810
17384,25853
17385,60917
17386,79259
17387,56262
17388,01944
17389,18602
17390,17933
17391,49902
17392,08324
17393,39737
17394,08070
17395,26321
17396,12817
17397,17017
17398,17018
17399,55084
17400,26731
17401,26430
17402,93237
17403,17946
17404,23055
17405,62081
17406,31561
17407,32323
17408,59735
17409,14173
17410,12085
17411,21619
17412,26327
17413,41095
17414,35543
17415,40921
17416,50468
17417,40923
17418,40927
17419,50604
17420,46408
17421,50606
17422,48320
17423,17516
17424,13406
17425,13408
17426,35544
17427,13471
17428,01515
17429,40940
17430,40943
17431,40946
17432,48212
17433,30234
17434,08848
17435,08852
17436,08853
17437,08858
17438,17518
17439,17520
17440,13417
17441,13420
17442,01516
17443,01522
17444,06468
17445,01532
17446,01534
17447,06470
17448,55370
17449,60177
17450,50479
17451,48215
17452,60180
17453,08865
17454,08867
17455,08882
17456,17529
17457,17536
17458,13431
17459,01568
17460,01569
17461,01571
17462,06510
17463,01583
17464,01590
17465,01604
17466,40979
17467,55372
17468,40983
17469,08884
17470,08886
17471,08889
17472,08901
17473,13433
17474,13436
17475,13450
17476,01605
17477,06517
17478,01609
17479,01612
17480,40988
17481,35401
17482,10467
17483,06390
17484,15005
17485,15007
17486,10014
17487,10018
17488,10025
17489,13454
17490,13459
17491,13461
17492,13464
17493,06604
17494,06606
17495,06610
17496,01731
17497,06611
17498,10469
17499,10474
17500,15087
17501,15089
17502,10031
17503,10033
17504,10044
17505,10069
17506,15014
17507,15015
17508,10167
17509,10271
17510,10280
17511,26691
17512,26714
17513,21835
17514,17210
17515,01746
17516,06705
17517,06754
17518,10512
17519,10514
17520,10516
17521,15019
17522,15027
17523,10307
17524,15037
17525,13110
17526,05653
17527,05736
17528,50447
17529,06759
17530,01778
17531,06782
17532,01821
17533,10546
17534,10548
17535,10552
17536,15135
17537,10562
17538,10310
17539,15054
17540,15056
17541,10454
17542,10466
17543,17361
17544,08809
17545,13322
17546,05764
17547,03457
17548,06790
17549,01824
17550,06801
17551,01832
17552,01835
17553,06812
17554,10509
17555,15101
17556,17363
17557,17365
17558,05767
17559,01367
17560,05769
17561,01368
17562,05774
17563,06824
17564,06831
17565,06880
17566,10530
17567,10536
17568,10538
17569,13329
17570,13332
17571,13333
17572,01370
17573,05778
17574,01378
17575,06890
17576,01879
17577,38954
17578,32352
17579,46404
17580,55423
17581,48310
17582,13335
17583,13337
17584,17372
17585,05821
17586,03561
17587,05825
17588,05827
17589,40868
17590,38957
17591,40870
17592,32356
17593,30311
17594,39113
17595,48312
17596,13340
17597,13348
17598,01431
17599,01432
17600,06389
17601,05842
17602,05846
17603,05850
17604,40873
17605,38962
17606,55360
17607,30313
17608,41101
17609,50595
17610,13350
17611,13353
17612,13354
17613,01451
17614,06410
17615,05857
17616,05858
17617,05867
17618,40874
17619,46307
17620,30314
17621,50597
17622,50599
17623,55428
17624,48315
17625,13364
17626,17407
17627,17408
17628,05872
17629,01468
17630,01473
17631,32257
17632,30309
17633,40903
17634,38964
17635,55362
17636,50601
17637,60416
17638,48316
17639,17502
17640,17505
17641,17509
17642,13404
17643,50585
17644,41094
17645,50586
17646,01474
17647,46310
17648,60173
17649,40914
17650,48211
17651,35554
17652,50602
17653,55430
17654,38946
17655,35226
17656,60162
17657,17255
17658,13136
17659,13140
17660,26753
17661,08344
17662,17240
17663,13120
17664,13122
17665,05485
17666,40823
17667,38949
17668,40826
17669,17262
17670,13142
17671,17265
17672,08349
17673,26767
17674,08360
17675,05486
17676,05488
17677,05489
17678,02898
17679,38950
17680,48207
17681,40830
17682,50456
17683,48208
17684,13143
17685,17267
17686,13147
17687,26801
17688,21822
17689,01222
17690,03256
17691,03257
17692,05640
17693,03268
17694,55355
17695,40844
17696,35234
17697,13204
17698,13206
17699,13208
17700,13209
17701,21841
17702,17082
17703,17086
17704,05647
17705,06243
17706,05648
17707,03273
17708,38953
17709,50459
17710,40856
17711,17327
17712,17352
17713,17087
17714,17088
17715,17090
17716,17094
17717,05650
17718,01237
17719,05654
17720,02907
17721,26817
17722,26823
17723,08502
17724,03444
17725,03445
17726,05751
17727,01344
17728,01346
17729,05753
17730,05757
17731,13036
17732,13039
17733,01242
17734,01244
17735,03279
17736,05661
17737,05663
17738,03282
17739,01253
17740,08505
17741,21842
17742,08514
17743,13214
17744,13219
17745,13301
17746,13303
17747,13040
17748,13044
17749,17110
17750,05672
17751,01256
17752,01257
17753,05677
17754,01264
17755,01267
17756,01270
17757,08515
17758,08520
17759,21851
17760,13320
17761,17360
17762,01340
17763,13054
17764,13061
17765,13063
17766,03307
17767,02917
17768,05733
17769,05737
17770,08528
17771,08530
17772,21856
17773,05758
17774,05759
17775,05760
17776,03451
17777,17112
17778,13071
17779,13072
17780,05742
17781,03443
17782,50438
17783,32233
17784,46254
17785,08535
17786,08542
17787,21872
17788,08550
17789,08554
17790,21890
17791,13308
17792,13313
17793,17345
17794,13319
17795,13073
17796,13074
17797,35223
17798,30214
17799,08562
17800,08609
17801,08610
17802,21904
17803,17268
17804,13148
17805,13077
17806,13078
17807,55349
17808,38940
17809,60155
17810,21915
17811,08619
17812,21919
17813,08641
17814,13156
17815,13157
17816,13158
17817,13080
17818,13082
17819,17211
17820,40771
17821,30216
17822,08648
17823,08721
17824,08736
17825,08742
17826,13160
17827,13165
17828,17318
17829,13203
17830,13083
17831,17213
17832,13084
17833,40806
17834,38941
17835,08753
17836,08759
17837,08807
17838,26678
17839,26680
17840,17223
17841,17224
17842,13090
17843,38943
17844,48205
17845,08826
17846,08827
17847,08837
17848,26690
17849,08323
17850,17229
17851,13104
17852,30217
17853,40815
17854,08844
17855,17244
17856,17246
17857,26705
17858,26707
17859,26720
17860,08352
17861,17236
17862,13114
17863,40819
17864,38944
17865,40820
17866,48206
17867,19104
17868,19107
17869,35559
17870,50611
17871,48322
17872,19438
17873,19454
17874,19465
17875,30331
17876,50621
17877,39149
17878,13862
17879,13863
17880,30318
17881,14004
17882,17935
17883,19492
17884,19501
17885,19503
17886,55374
17887,55375
17888,55438
17889,41174
17890,50625
17891,13865
17892,17878
17893,14008
17894,17938
17895,46324
17896,46327
17897,41003
17898,48219
17899,39152
17900,30337
17901,32410
17902,13901
17903,17889
17904,14011
17905,17948
17906,17952
17907,17953
17908,17954
17909,30251
17910,50501
17911,55378
17912,30338
17913,48340
17914,46514
17915,13903
17916,13905
17917,17959
17918,14030
17919,14031
17920,14033
17921,46341
17922,55384
17923,50515
17924,50629
17925,15483
17926,15484
17927,15486
17928,14001
17929,17929
17930,17930
17931,17963
17932,17964
17933,14042
17934,50510
17935,41007
17936,15490
17937,11236
17938,11237
17939,11354
17940,15521
17941,15148
17942,15201
17943,10595
17944,13492
17945,17978
17946,17981
17947,14048
17948,50511
17949,55381
17950,50514
17951,11357
17952,11362
17953,15530
17954,11364
17955,02459
17956,30273
17957,50558
17958,11219
17959,14054
17960,14055
17961,19109
17962,19111
17963,19113
17964,30257
17965,48223
17966,50518
17967,55386
17968,11366
17969,11372
17970,11374
17971,15538
17972,13685
17973,13813
17974,02766
17975,02767
17976,02770
17977,19114
17978,19115
17979,19118
17980,19122
17981,19123
17982,19129
17983,39045
17984,60185
17985,15540
17986,15544
17987,11385
17988,02771
17989,02777
17990,02779
17991,02780
17992,19130
17993,19131
17994,19133
17995,19134
17996,19138
17997,30253
17998,55382
17999,15559
18000,11413
18001,11416
18002,11420
18003,02790
18004,01343
18005,03595
18006,03598
18007,19139
18008,19143
18009,19144
18010,19146
18011,55432
18012,46502
18013,48324
18014,30324
18015,11422
18016,15612
18017,15616
18018,15618
18019,15628
18020,15633
18021,03601
18022,03607
18023,03740
18024,03748
18025,03765
18026,03770
18027,19148
18028,19149
18029,19151
18030,19301
18031,46504
18032,50613
18033,60422
18034,11434
18035,15639
18036,15646
18037,03771
18038,03774
18039,03780
18040,03781
18041,19310
18042,19311
18043,19317
18044,41146
18045,41149
18046,41159
18047,15656
18048,11547
18049,15660
18050,15663
18051,11557
18052,17862
18053,03785
18054,03816
18055,03826
18056,03833
18057,19330
18058,19343
18059,46507
18060,60423
18061,50616
18062,17864
18063,13839
18064,13841
18065,03836
18066,03840
18067,03841
18068,03845
18069,03856
18070,03861
18071,03862
18072,19344
18073,19348
18074,46510
18075,39145
18076,13842
18077,13844
18078,13850
18079,13860
18080,03867
18081,03872
18082,03883
18083,19103
18084,19365
18085,19373
18086,19403
18087,19422
18088,48329
18089,50619
18090,55437
18091,35464
18092,50545
18093,50546
18094,46371
18095,13673
18096,13675
18097,17777
18098,15225
18099,10954
18100,10956
18101,10970
18102,10975
18103,17758
18104,17763
18105,55410
18106,30285
18107,50548
18108,13681
18109,13682
18110,15260
18111,10980
18112,10983
18113,17565
18114,13665
18115,06902
18116,01887
18117,41043
18118,55411
18119,50556
18120,13690
18121,17801
18122,13473
18123,13475
18124,13478
18125,06907
18126,01908
18127,01923
18128,01940
18129,01951
18130,01983
18131,46375
18132,50557
18133,39079
18134,13697
18135,17813
18136,13731
18137,17569
18138,13480
18139,02026
18140,02030
18141,02052
18142,02054
18143,02061
18144,39082
18145,10987
18146,10988
18147,10989
18148,10993
18149,13734
18150,13736
18151,17578
18152,13488
18153,02090
18154,02093
18155,02110
18156,02116
18157,02144
18158,02150
18159,02170
18160,15310
18161,15316
18162,15329
18163,13739
18164,13750
18165,13491
18166,13494
18167,02188
18168,02322
18169,02330
18170,02333
18171,02367
18172,02379
18173,02421
18174,11023
18175,11024
18176,15334
18177,15345
18178,13752
18179,13753
18180,17601
18181,13602
18182,02451
18183,02465
18184,02494
18185,02534
18186,02538
18187,02542
18188,15349
18189,11096
18190,15351
18191,11101
18192,11102
18193,17823
18194,13776
18195,17830
18196,13608
18197,13612
18198,02563
18199,02575
18200,02601
18201,02645
18202,15364
18203,11105
18204,11205
18205,15412
18206,15413
18207,17836
18208,13787
18209,17840
18210,13804
18211,02723
18212,13613
18213,13616
18214,17702
18215,02655
18216,02659
18217,02720
18218,02721
18219,11210
18220,15417
18221,11218
18222,17846
18223,17847
18224,13618
18225,17729
18226,39057
18227,55397
18228,60194
18229,15425
18230,15431
18231,13832
18232,02740
18233,02743
18234,02745
18235,02760
18236,13620
18237,13624
18238,30265
18239,41018
18240,11221
18241,15440
18242,15442
18243,15448
18244,15454
18245,13807
18246,17844
18247,02725
18248,13630
18249,13634
18250,50533
18251,41030
18252,48228
18253,11228
18254,15464
18255,15468
18256,15477
18257,17856
18258,13830
18259,17744
18260,13638
18261,17747
18262,30269
18263,50536
18264,15469
18265,13666
18266,10579
18267,10583
18268,10590
18269,13652
18270,17752
18271,35456
18272,35458
18273,50539
18274,17764
18275,13670
18276,10594
18277,10607
18278,10707
18279,10910
18280,10913
18281,10917
18282,13656
18283,13660
18284,50540
18285,32330
18286,41039
18287,46366
18288,17772
18289,13672
18290,10921
18291,10924
18292,15221
18293,13661
18294,30277
18295,50543
18296,48028
18297,40036
18298,18437
18299,18438
18300,18443
18301,14618
18302,40077
18303,46040
18304,30033
18305,16154
18306,11960
18307,11961
18308,16212
18309,16213
18310,40037
18311,16313
18312,14620
18313,48048
18314,48049
18315,30035
18316,46044
18317,60022
18318,46049
18319,38642
18320,60020
18321,16217
18322,11975
18323,16224
18324,12046
18325,12051
18326,16316
18327,48054
18328,46051
18329,48059
18330,40145
18331,24716
18332,20002
18333,24719
18334,24733
18335,20608
18336,12009
18337,16232
18338,16245
18339,18330
18340,18331
18341,14521
18342,18332
18343,32059
18344,38651
18345,50050
18346,20611
18347,20005
18348,19707
18349,20009
18350,12019
18351,16249
18352,16250
18353,12022
18354,18333
18355,18334
18356,18336
18357,14525
18358,40157
18359,20622
18360,20624
18361,20626
18362,16258
18363,16259
18364,14526
18365,18337
18366,18343
18367,30041
18368,40161
18369,48060
18370,24808
18371,24817
18372,24823
18373,60190
18374,48227
18375,11731
18376,14082
18377,14532
18378,14533
18379,18351
18380,48067
18381,48071
18382,60043
18383,30046
18384,50062
18385,24826
18386,20015
18387,24861
18388,24862
18389,14203
18390,18067
18391,14227
18392,19610
18393,14534
18394,18353
18395,38652
18396,48062
18397,32062
18398,24866
18399,24870
18400,60404
18401,46392
18402,30308
18403,18357
18404,14541
18405,14546
18406,18370
18407,50054
18408,40170
18409,48066
18410,40178
18411,24873
18412,20019
18413,24881
18414,24898
18415,20230
18416,14469
18417,14470
18418,14471
18419,18372
18420,14551
18421,18403
18422,38664
18423,50065
18424,50068
18425,46065
18426,20260
18427,20427
18428,20520
18429,20675
18430,20676
18431,20680
18432,18237
18433,14476
18434,18240
18435,14477
18436,14559
18437,14560
18438,18407
18439,40046
18440,55017
18441,38617
18442,24944
18443,20685
18444,14478
18445,18246
18446,18248
18447,18249
18448,14568
18449,14569
18450,40050
18451,40052
18452,30017
18453,20692
18454,24957
18455,19809
18456,07058
18457,11932
18458,14482
18459,14485
18460,14572
18461,14589
18462,38619
18463,32040
18464,16127
18465,16130
18466,11934
18467,16133
18468,14507
18469,18302
18470,18322
18471,14591
18472,18424
18473,48036
18474,40062
18475,46035
18476,30021
18477,48040
18478,16141
18479,11946
18480,16142
18481,18324
18482,18326
18483,46016
18484,18425
18485,14610
18486,14611
18487,38625
18488,30022
18489,32044
18490,11948
18491,11949
18492,11950
18493,11951
18494,16148
18495,48027
18496,32025
18497,32033
18498,14612
18499,18435
18500,14616
18501,55026
18502,48043
18503,38633
18504,55031
18505,30008
18506,40009
18507,48014
18508,11755
18509,15953
18510,15955
18511,15956
18512,60193
18513,39056
18514,55396
18515,15684
18516,14139
18517,14141
18518,14145
18519,60005
18520,40022
18521,30012
18522,40025
18523,15958
18524,11758
18525,11762
18526,15683
18527,15686
18528,15688
18529,15696
18530,15697
18531,18049
18532,14150
18533,14171
18534,14174
18535,48023
18536,30013
18537,48026
18538,55413
18539,16020
18540,11764
18541,11784
18542,16110
18543,11792
18544,11565
18545,11568
18546,15710
18547,15714
18548,14202
18549,14204
18550,18058
18551,30288
18552,41051
18553,30290
18554,16111
18555,16123
18556,11804
18557,11930
18558,11575
18559,15721
18560,15722
18561,14211
18562,18066
18563,18069
18564,41055
18565,50562
18566,48238
18567,14301
18568,14425
18569,18109
18570,14432
18571,15728
18572,15738
18573,11581
18574,14217
18575,18072
18576,18073
18577,14221
18578,46383
18579,30292
18580,60403
18581,14450
18582,18212
18583,18224
18584,14464
18585,15753
18586,15760
18587,15761
18588,15765
18589,11692
18590,14222
18591,18080
18592,18091
18593,18092
18594,50566
18595,35480
18596,18102
18597,14303
18598,14411
18599,11701
18600,15772
18601,15780
18602,15821
18603,19504
18604,19505
18605,19507
18606,41063
18607,46385
18608,14433
18609,18202
18610,14445
18611,15823
18612,15824
18613,15829
18614,19518
18615,19520
18616,50571
18617,30295
18618,48240
18619,18229
18620,14467
18621,18232
18622,15832
18623,11716
18624,11717
18625,11718
18626,11725
18627,19522
18628,39092
18629,50574
18630,60406
18631,14414
18632,14416
18633,18106
18634,11726
18635,15868
18636,15870
18637,19526
18638,19529
18639,19550
18640,55418
18641,48301
18642,41075
18643,48302
18644,46394
18645,11766
18646,11767
18647,16027
18648,11769
18649,16034
18650,11770
18651,14062
18652,14066
18653,14069
18654,19534
18655,19540
18656,19559
18657,30305
18658,50579
18659,41086
18660,11771
18661,16037
18662,16040
18663,14067
18664,18017
18665,14080
18666,19547
18667,19601
18668,19602
18669,19604
18670,46402
18671,30307
18672,32350
18673,11732
18674,16046
18675,16061
18676,11783
18677,14085
18678,14086
18679,18034
18680,19607
18681,19608
18682,55001
18683,15904
18684,11739
18685,11740
18686,30258
18687,32317
18688,14101
18689,14102
18690,14103
18691,38601
18692,35004
18693,15909
18694,15923
18695,15929
18696,11747
18697,41015
18698,50527
18699,60192
18700,14105
18701,14113
18702,38603
18703,32003
18704,48005
18705,11749
18706,11751
18707,11753
18708,15944
18709,55391
18710,46356
18711,50532
18712,14127
18713,14129
18714,14138
18715,60002
18716,40007
18717,16651
18718,12405
18719,12409
18720,21201
18721,25840
18722,25845
18723,07803
18724,14826
18725,14836
18726,18705
18727,46217
18728,38860
18729,12410
18730,12412
18731,38868
18732,25857
18733,25864
18734,25865
18735,14837
18736,14838
18737,30152
18738,50309
18739,55321
18740,38871
18741,60133
18742,12424
18743,12428
18744,14840
18745,14846
18746,40486
18747,48180
18748,48182
18749,55324
18750,46222
18751,35211
18752,16668
18753,12431
18754,12433
18755,14847
18756,18812
18757,18817
18758,18822
18759,18823
18760,46219
18761,50312
18762,60126
18763,38876
18764,46225
18765,16669
18766,12464
18767,12465
18768,18826
18769,18828
18770,18829
18771,38866
18772,55320
18773,25530
18774,07718
18775,21074
18776,12434
18777,12440
18778,12441
18779,12442
18780,18832
18781,18833
18782,19902
18783,20758
18784,20770
18785,12068
18786,12077
18787,25540
18788,25559
18789,21085
18790,12451
18791,12452
18792,16683
18793,12454
18794,14859
18795,14864
18796,12110
18797,18509
18798,18624
18799,46071
18800,21090
18801,25573
18802,25608
18803,21104
18804,12468
18805,16692
18806,12472
18807,18837
18808,14867
18809,14869
18810,50251
18811,20912
18812,25507
18813,12176
18814,16506
18815,25624
18816,21108
18817,25630
18818,12444
18819,12446
18820,12448
18821,12450
18822,18844
18823,14878
18824,60115
18825,16508
18826,12185
18827,21113
18828,25638
18829,21114
18830,25652
18831,16685
18832,12455
18833,12457
18834,48170
18835,40460
18836,30141
18837,16509
18838,12187
18839,25653
18840,21117
18841,25669
18842,16661
18843,16662
18844,16664
18845,55308
18846,32187
18847,48173
18848,35204
18849,12193
18850,12198
18851,16602
18852,25671
18853,25672
18854,12420
18855,12421
18856,14787
18857,14788
18858,18642
18859,32189
18860,38852
18861,12205
18862,16613
18863,16621
18864,16624
18865,25699
18866,21128
18867,21131
18868,07739
18869,14803
18870,14804
18871,18643
18872,55310
18873,48174
18874,32202
18875,38856
18876,16623
18877,12209
18878,16625
18879,16630
18880,25702
18881,21153
18882,21154
18883,14806
18884,14809
18885,38857
18886,55312
18887,32204
18888,46214
18889,16637
18890,16639
18891,16641
18892,25811
18893,07755
18894,25823
18895,18655
18896,14817
18897,14820
18898,38859
18899,30148
18900,35207
18901,16646
18902,16647
18903,21163
18904,25831
18905,25837
18906,14823
18907,14824
18908,14825
18909,14741
18910,14750
18911,18616
18912,25244
18913,25245
18914,07410
18915,20722
18916,20735
18917,25047
18918,16403
18919,12120
18920,14755
18921,18619
18922,25265
18923,25266
18924,25268
18925,19946
18926,25060
18927,19950
18928,16407
18929,12123
18930,12124
18931,14757
18932,18628
18933,20839
18934,20904
18935,20910
18936,07620
18937,21014
18938,19951
18939,19954
18940,19955
18941,25086
18942,25088
18943,12134
18944,16415
18945,12136
18946,18629
18947,14770
18948,14783
18949,25419
18950,25422
18951,07643
18952,20746
18953,25108
18954,25109
18955,19958
18956,25118
18957,12139
18958,12143
18959,12153
18960,14784
18961,38668
18962,46068
18963,48076
18964,21032
18965,21047
18966,19962
18967,20748
18968,20759
18969,25132
18970,16433
18971,12155
18972,50072
18973,48079
18974,55053
18975,55054
18976,35061
18977,21054
18978,12165
18979,16501
18980,12168
18981,25139
18982,25141
18983,25160
18984,25165
18985,12156
18986,12160
18987,18444
18988,30058
18989,38672
18990,21036
18991,25430
18992,20776
18993,20779
18994,19971
18995,18445
18996,14621
18997,14622
18998,35062
18999,38674
19000,21048
19001,07701
19002,20782
19003,07304
19004,25211
19005,20785
19006,16326
19007,18453
19008,18454
19009,18455
19010,18456
19011,48082
19012,50107
19013,30060
19014,35064
19015,16502
19016,12170
19017,16503
19018,12175
19019,12054
19020,16328
19021,16333
19022,16334
19023,18457
19024,18461
19025,18465
19026,18466
19027,50108
19028,35068
19029,38685
19030,25437
19031,25446
19032,21045
19033,12059
19034,12060
19035,12064
19036,16343
19037,18469
19038,18470
19039,48089
19040,30064
19041,46077
19042,20850
19043,07432
19044,20852
19045,20855
19046,12065
19047,12066
19048,14710
19049,14712
19050,14714
19051,48165
19052,30127
19053,60107
19054,20861
19055,20866
19056,07456
19057,25306
19058,20880
19059,12070
19060,12071
19061,16345
19062,14715
19063,14716
19064,50252
19065,48167
19066,60109
19067,50254
19068,20878
19069,25313
19070,20903
19071,16347
19072,12076
19073,14717
19074,14718
19075,50258
19076,30134
19077,60112
19078,30054
19079,24977
19080,16354
19081,16362
19082,14719
19083,14724
19084,38849
19085,50264
19086,24981
19087,24984
19088,20714
19089,12087
19090,12090
19091,14726
19092,14728
19093,14731
19094,38851
19095,25241
19096,20812
19097,19930
19098,25007
19099,25024
19100,19938
19101,12093
19102,16370
19103,12108
19104,14735
19105,18610
19106,08004
19107,26105
19108,21227
19109,62233
19110,43944
19111,54002
19112,26209
19113,08045
19114,26215
19115,33773
19116,58652
19117,08008
19118,45107
19119,54003
19120,43946
19121,23219
19122,26224
19123,21520
19124,08048
19125,49893
19126,23011
19127,28726
19128,66901
19129,54930
19130,64633
19131,64635
19132,58790
19133,21521
19134,26234
19135,54922
19136,28729
19137,24326
19138,45113
19139,54932
19140,66932
19141,54933
19142,43947
19143,28052
19144,64637
19145,21524
19146,08050
19147,21531
19148,08051
19149,34997
19150,28730
19151,66873
19152,68756
19153,65714
19154,66935
19155,66936
19156,62236
19157,23220
19158,34237
19159,68065
19160,08052
19161,26257
19162,21539
19163,54928
19164,68752
19165,68753
19166,28736
19167,66941
19168,64639
19169,58793
19170,54013
19171,27866
19172,64153
19173,27869
19174,12515
19175,18966
19176,19003
19177,19030
19178,24350
19179,24351
19180,65722
19181,29939
19182,65202
19183,33765
19184,64154
19185,53704
19186,46113
19187,55074
19188,50143
19189,25921
19190,68765
19191,65727
19192,54945
19193,64620
19194,38114
19195,23831
19196,34238
19197,38115
19198,29530
19199,62015
19200,37645
19201,53705
19202,21214
19203,16932
19204,04730
19205,30094
19206,28032
19207,29611
19208,64622
19209,43928
19210,44405
19211,28372
19212,23829
19213,22989
19214,58647
19215,64156
19216,62017
19217,30101
19218,50164
19219,43930
19220,62226
19221,29941
19222,44406
19223,62018
19224,27872
19225,64163
19226,62022
19227,35125
19228,50167
19229,55109
19230,46146
19231,33859
19232,28034
19233,08009
19234,26146
19235,37650
19236,64167
19237,37656
19238,48126
19239,30108
19240,64624
19241,37765
19242,08012
19243,26150
19244,27875
19245,49886
19246,23004
19247,35130
19248,40350
19249,64625
19250,26152
19251,21230
19252,43719
19253,64402
19254,38773
19255,48130
19256,35135
19257,29617
19258,58785
19259,08019
19260,21237
19261,43720
19262,27880
19263,38774
19264,60087
19265,48133
19266,33860
19267,58787
19268,08022
19269,08028
19270,08029
19271,21244
19272,08030
19273,53713
19274,64421
19275,49891
19276,64423
19277,26101
19278,08002
19279,21225
19280,08003
19281,64631
19282,54001
19283,26181
19284,08033
19285,21403
19286,26039
19287,21220
19288,12726
19289,12737
19290,12743
19291,16801
19292,16802
19293,18850
19294,18851
19295,35091
19296,30078
19297,38730
19298,26047
19299,07924
19300,07926
19301,16935
19302,16220
19303,50110
19304,51045
19305,84008
19306,53584
19307,54152
19308,95221
19309,95613
19310,13699
19311,14883
19312,14884
19313,14885
19314,50133
19315,48103
19316,07931
19317,07934
19318,07935
19319,07936
19320,14453
19321,04679
19322,48111
19323,60071
19324,14886
19325,18901
19326,60062
19327,48104
19328,21223
19329,07977
19330,07979
19331,07981
19332,08001
19333,35116
19334,50151
19335,46133
19336,18902
19337,18920
19338,18923
19339,18925
19340,32112
19341,46126
19342,12533
19343,16820
19344,16822
19345,35117
19346,38753
19347,14892
19348,18935
19349,14897
19350,18942
19351,18950
19352,48105
19353,46128
19354,12545
19355,12547
19356,16832
19357,38754
19358,32130
19359,14901
19360,14904
19361,18954
19362,38740
19363,35111
19364,12553
19365,16834
19366,48114
19367,50155
19368,35118
19369,19001
19370,19002
19371,19006
19372,48108
19373,38746
19374,12561
19375,30096
19376,30097
19377,19007
19378,19013
19379,19022
19380,19025
19381,19027
19382,30084
19383,55087
19384,60070
19385,25870
19386,16836
19387,12565
19388,12567
19389,48118
19390,32131
19391,19036
19392,19038
19393,19041
19394,19046
19395,25873
19396,25875
19397,25876
19398,07823
19399,21206
19400,16845
19401,16849
19402,16851
19403,16854
19404,16855
19405,50156
19406,48116
19407,19053
19408,19063
19409,19072
19410,07825
19411,21208
19412,16859
19413,16861
19414,16863
19415,14785
19416,13649
19417,13457
19418,79776
19419,79383
19420,77852
19421,79721
19422,23667
19426,19078
19427,19079
19428,19083
19429,19096
19430,46104
19431,50116
19432,25922
19433,25928
19434,12577
19435,12578
19436,12583
19437,12585
19438,16911
19439,04110
19440,04342
19441,04347
19442,04475
19443,04539
19444,04571
19445,46111
19446,50123
19447,30067
19448,48094
19449,48095
19450,25938
19451,07834
19452,16871
19453,12586
19454,04626
19455,04634
19456,04664
19457,04674
19458,30068
19459,46112
19460,25958
19461,25971
19462,25972
19463,16901
19464,16912
19465,12481
19466,12483
19467,12491
19468,12492
19469,55069
19470,35082
19471,30075
19472,21212
19473,25977
19474,07852
19475,07853
19476,12603
19477,16917
19478,12493
19479,12495
19480,16724
19481,16732
19482,16733
19483,12508
19484,46120
19485,48101
19486,55073
19487,07856
19488,25985
19489,07869
19490,21217
19491,16921
19492,12719
19493,12723
19494,12516
19495,16746
19496,12530
19497,12531
19498,30076
19499,38725
19500,26032
19501,07874
19502,07882
19503,62836
19504,54646
19505,65265
19506,23874
19507,44506
19508,28763
19509,28766
19510,82640
19511,29643
19512,28083
19513,44656
19514,54110
19515,54556
19516,38232
19517,45206
19518,65755
19519,65756
19520,62262
19521,33897
19522,37810
19523,28089
19524,54111
19525,54112
19526,62265
19527,23230
19528,23875
19529,23878
19530,82643
19531,45208
19532,54106
19533,64667
19534,37813
19535,62268
19536,64672
19537,38233
19538,28423
19539,54981
19540,37811
19541,58847
19542,44017
19543,58852
19544,64673
19545,68358
19546,62850
19547,24012
19548,24422
19549,65759
19550,54107
19551,64668
19552,64674
19553,37814
19554,54651
19555,28512
19556,68789
19557,28772
19558,68102
19559,29545
19560,68327
19561,62817
19562,66962
19563,44022
19564,64679
19565,62272
19566,34482
19567,34484
19568,62846
19569,68365
19570,65762
19571,67013
19572,44436
19573,44440
19574,66085
19575,34286
19576,64681
19577,37819
19578,62851
19579,62853
19580,38348
19581,28774
19582,54986
19583,38134
19584,66094
19585,66428
19586,62827
19587,65258
19588,66097
19589,44471
19590,34291
19591,34481
19592,54653
19593,62841
19594,62842
19595,65355
19596,67019
19597,24432
19598,65344
19599,54636
19600,66101
19601,34292
19602,68123
19603,66442
19604,62849
19605,66449
19606,65768
19607,54102
19608,23954
19609,68349
19610,28405
19611,66102
19612,62838
19613,68355
19614,68357
19615,58838
19616,37806
19617,54638
19618,68350
19619,38332
19620,65262
19621,38220
19622,66103
19623,67002
19624,54964
19625,68780
19626,82635
19627,54103
19628,64658
19629,44647
19630,66436
19631,54550
19632,68127
19633,28409
19634,38222
19635,45176
19636,68783
19637,62258
19638,23227
19639,44651
19640,62832
19641,62690
19642,34293
19643,68128
19644,67004
19645,28759
19646,33890
19647,33896
19648,23960
19649,54643
19650,38337
19651,44485
19652,66105
19653,38225
19654,68784
19655,24411
19656,24413
19657,24415
19658,68786
19659,29642
19660,62260
19661,64660
19662,54644
19663,23963
19664,34476
19665,68130
19666,44502
19667,68132
19668,54979
19669,82638
19670,65752
19671,28071
19672,33876
19673,28391
19674,54530
19675,34241
19676,62642
19677,44641
19678,23943
19679,68340
19680,28741
19681,62243
19682,43963
19683,28075
19684,28076
19685,62656
19686,68111
19687,44423
19688,34243
19689,44425
19690,65733
19691,65734
19692,23223
19693,43964
19694,28395
19695,62671
19696,54519
19697,34251
19698,44427
19699,45144
19700,65735
19701,28745
19702,54020
19703,37779
19704,54541
19705,68118
19706,44429
19707,54520
19708,44430
19709,45146
19710,24363
19711,66952
19712,64646
19713,43968
19714,28401
19715,44643
19716,68341
19717,65237
19718,65239
19719,68105
19720,65327
19721,24366
19722,68769
19723,28746
19724,62246
19725,64649
19726,54631
19727,66427
19728,23839
19729,28384
19730,66953
19731,45150
19732,54952
19733,29631
19734,64650
19735,38138
19736,62675
19737,66409
19738,65329
19739,45152
19740,66956
19741,68771
19742,62249
19743,62253
19744,64651
19745,34472
19746,44644
19747,44627
19748,54621
19749,82609
19750,68774
19751,54024
19752,23225
19753,58830
19754,54632
19755,68343
19756,68345
19757,38327
19758,34473
19759,66411
19760,44628
19761,24374
19762,24377
19763,66964
19764,43986
19765,54025
19766,23857
19767,54630
19768,66412
19769,65332
19770,68329
19771,62814
19772,66966
19773,45159
19774,45162
19775,28080
19776,28385
19777,38128
19778,68112
19779,44446
19780,44632
19781,34470
19782,62816
19783,45168
19784,68778
19785,65240
19786,28386
19787,38133
19788,62666
19789,62667
19790,54624
19791,65334
19792,66414
19793,66968
19794,65744
19795,68779
19796,45174
19797,44432
19798,38125
19799,68107
19800,28398
19801,44455
19802,66091
19803,44633
19804,54626
19805,54963
19806,62238
19807,54014
19808,38126
19809,66079
19810,28387
19811,68066
19812,62634
19813,34239
19814,44412
19815,38313
19816,66416
19817,66417
19818,28465
19819,28054
19820,54015
19821,33873
19822,23843
19823,44443
19824,34275
19825,54511
19826,65203
19827,68333
19828,66422
19829,68335
19830,34471
19831,29625
19832,62239
19833,23846
19834,28390
19835,23833
19836,34240
19837,65337
19838,38317
19839,68338
19840,62240
19841,64641
19842,64642
19843,44064
19844,33919
19845,62321
19846,62340
19847,23336
19848,23337
19849,34446
19850,23915
19851,66216
19852,54722
19853,65473
19854,62323
19855,24070
19856,62885
19857,33931
19858,23347
19859,44081
19860,66217
19861,66221
19862,28454
19863,66223
19864,66534
19865,34653
19866,62881
19867,34655
19868,45246
19869,45247
19870,65788
19871,64755
19872,62344
19873,54613
19874,44620
19875,66224
19876,66536
19877,68436
19878,65501
19879,68437
19880,45248
19881,68815
19882,29682
19883,44084
19884,23357
19885,44621
19886,34450
19887,68313
19888,38390
19889,68439
19890,38391
19891,65790
19892,68817
19893,45252
19894,23358
19895,23418
19896,62355
19897,62803
19898,62806
19899,54727
19900,24069
19901,28791
19902,45255
19903,65791
19904,62346
19905,54173
19906,29686
19907,65323
19908,68318
19909,66403
19910,28524
19911,38352
19912,67023
19913,24482
19914,45302
19915,45303
19916,68818
19917,68820
19918,23413
19919,64759
19920,33936
19921,62808
19922,66404
19923,62810
19924,23234
19925,23236
19926,62297
19927,68137
19928,65443
19929,28801
19930,67047
19931,45306
19932,28147
19933,64763
19934,65325
19935,68322
19936,66407
19937,68413
19938,67333
19939,45620
19940,68970
19941,45646
19942,54140
19943,45308
19944,24503
19945,67052
19946,23407
19947,33935
19948,28144
19949,54618
19950,28555
19951,54139
19952,82732
19953,67054
19954,45314
19955,64761
19956,44090
19957,64762
19958,62868
19959,28556
19960,64730
19961,64733
19962,37845
19963,67057
19964,28806
19965,28129
19966,62325
19967,33921
19968,64746
19969,44610
19970,65464
19971,68418
19972,64734
19973,23315
19974,44054
19975,37848
19976,28901
19977,28902
19978,67061
19979,54162
19980,44691
19981,65468
19982,66526
19983,44055
19984,23320
19985,37851
19986,33916
19987,68828
19988,68831
19989,65804
19990,67067
19991,62711
19992,28445
19993,34637
19994,34638
19995,62872
19996,68423
19997,62874
19998,28119
19999,62313
20000,28905
20001,28137
20002,66213
20003,38258
20004,44612
20005,68424
20006,62875
20007,54721
20008,54153
20009,62316
20010,62339
20011,54165
20012,33928
20013,34442
20014,54603
20015,44613
20016,68428
20017,62877
20018,66533
20019,68430
20020,62880
20021,28124
20022,28125
20023,33917
20024,33930
20025,64748
20026,64750
20027,66215
20028,68305
20029,54610
20030,68147
20031,65282
20032,66208
20033,68154
20034,24019
20035,65457
20036,44688
20037,28526
20038,62858
20039,54119
20040,44030
20041,65284
20042,66210
20043,38255
20044,38369
20045,66518
20046,65461
20047,24014
20048,28529
20049,24015
20050,44032
20051,62280
20052,62281
20053,23894
20054,65287
20055,44606
20056,67219
20057,67223
20058,45506
20059,68950
20060,68952
20061,68376
20062,54660
20063,68377
20064,54125
20065,33905
20066,23897
20067,44608
20068,23899
20069,67330
20070,68955
20071,68958
20072,67335
20073,24435
20074,67020
20075,24437
20076,28105
20077,62285
20078,54128
20079,62860
20080,44675
20081,68378
20082,45614
20083,67352
20084,68978
20085,45220
20086,28778
20087,67022
20088,24440
20089,28107
20090,37828
20091,23237
20092,34602
20093,38357
20094,67357
20095,69020
20096,29662
20097,65770
20098,45224
20099,65771
20100,64722
20101,44039
20102,62293
20103,66503
20104,68381
20105,65439
20106,68959
20107,68964
20108,45629
20109,45226
20110,24441
20111,45230
20112,54130
20113,23301
20114,44676
20115,66507
20116,67355
20117,45654
20118,28781
20119,45231
20120,29658
20121,23306
20122,33909
20123,28532
20124,68402
20125,28537
20126,28538
20127,44048
20128,44049
20129,44050
20130,45232
20131,28782
20132,45233
20133,44047
20134,54557
20135,68404
20136,65444
20137,67337
20138,67341
20139,68972
20140,68977
20141,24459
20142,45236
20143,65777
20144,24471
20145,34429
20146,38236
20147,38361
20148,65446
20149,65449
20150,68942
20151,67226
20152,67228
20153,68944
20154,45240
20155,65781
20156,65784
20157,23879
20158,68135
20159,44510
20160,68407
20161,68409
20162,28540
20163,45504
20164,67235
20165,68947
20166,45241
20167,68813
20168,67037
20169,62702
20170,65274
20171,54667
20172,38366
20173,45505
20174,68948
20175,24477
20176,67038
20177,54560
20178,28428
20179,54561
20180,66512
20181,34608
20182,28520
20183,54658
20184,45245
20185,68814
20186,28430
20187,44512
20188,66203
20189,28546
20190,65456
20191,28521
20192,28523
20193,28097
20194,64682
20195,44024
20196,28101
20197,65279
20198,66204
20199,44514
20200,38368
20201,54659
20202,34498
20203,29650
20204,58856
20205,54565
20206,28434
20207,66205
20208,68144
20209,34698
20210,62917
20211,53515
20212,37366
20213,69033
20214,45679
20215,67418
20216,29715
20217,23452
20218,29717
20219,68502
20220,62433
20221,44122
20222,44123
20223,58542
20224,65564
20225,82060
20226,82061
20227,45680
20228,45681
20229,44116
20230,37890
20231,62424
20232,28207
20233,64831
20234,23455
20235,68505
20236,44814
20237,66618
20238,44817
20239,45682
20240,45685
20241,23453
20242,33971
20243,37892
20244,28213
20245,29727
20246,62923
20247,24120
20248,44818
20249,67420
20250,45688
20251,69043
20252,54302
20253,62427
20254,54303
20255,62439
20256,37917
20257,62440
20258,68506
20259,65582
20260,69044
20261,67428
20262,69045
20263,69046
20264,37912
20265,62431
20266,62432
20267,22641
20268,58532
20269,57631
20270,64048
20271,65566
20272,34714
20273,45695
20274,67437
20275,67438
20276,33573
20277,57572
20278,66546
20279,66550
20280,22642
20281,57632
20282,53505
20283,57634
20284,68507
20285,38473
20286,24122
20287,68512
20288,69101
20289,67441
20290,24087
20291,68854
20292,68859
20293,44095
20294,49752
20295,43504
20296,22645
20297,54758
20298,44822
20299,45711
20300,67443
20301,67446
20302,29704
20303,22640
20304,66605
20305,22650
20306,33604
20307,65567
20308,28609
20309,45724
20310,45729
20311,62903
20312,62905
20313,34689
20314,37356
20315,22652
20316,57639
20317,34715
20318,65580
20319,69125
20320,67448
20321,38456
20322,66606
20323,38457
20324,49755
20325,61830
20326,27601
20327,64054
20328,68503
20329,82053
20330,82054
20331,82055
20332,45734
20333,33957
20334,28174
20335,54742
20336,38460
20337,37359
20338,58538
20339,68504
20340,62919
20341,45659
20342,44111
20343,64790
20344,33966
20345,62906
20346,54746
20347,34691
20348,22655
20349,22656
20350,57644
20351,67364
20352,69023
20353,69024
20354,69027
20355,44112
20356,28203
20357,62418
20358,24093
20359,62910
20360,34695
20361,54749
20362,43506
20363,57646
20364,64055
20365,67401
20366,45662
20367,54241
20368,28204
20369,54245
20370,24101
20371,24102
20372,57651
20373,57652
20374,69028
20375,69029
20376,69030
20377,37886
20378,54247
20379,44114
20380,62914
20381,38463
20382,53511
20383,57661
20384,45671
20385,69032
20386,67410
20387,45384
20388,68870
20389,68871
20390,83116
20391,83118
20392,37348
20393,61811
20394,59915
20395,61812
20396,57569
20397,64015
20398,24079
20399,24082
20400,24083
20401,45388
20402,83121
20403,44094
20404,62360
20405,58524
20406,49740
20407,58503
20408,33576
20409,43430
20410,34669
20411,68450
20412,44710
20413,34681
20414,44714
20415,62361
20416,23421
20417,54208
20418,58528
20419,43460
20420,57601
20421,49735
20422,64017
20423,57574
20424,62897
20425,28585
20426,54733
20427,33948
20428,29692
20429,44099
20430,29434
20431,64037
20432,53223
20433,49736
20434,61774
20435,28586
20436,34683
20437,24086
20438,64771
20439,37873
20440,57622
20441,22639
20442,37339
20443,37340
20444,53224
20445,44720
20446,34685
20447,54738
20448,54212
20449,62365
20450,44102
20451,23432
20452,62902
20453,54740
20454,27573
20455,43435
20456,44721
20457,66604
20458,62901
20459,45360
20460,54216
20461,62366
20462,33950
20463,43465
20464,29436
20465,43466
20466,37341
20467,53225
20468,64021
20469,82939
20470,45363
20471,29696
20472,54739
20473,68463
20474,44802
20475,82005
20476,33585
20477,43445
20478,37343
20479,68850
20480,82942
20481,62367
20482,62370
20483,62373
20484,68464
20485,38454
20486,53228
20487,29420
20488,37345
20489,53235
20490,68442
20491,24562
20492,68853
20493,28163
20494,62375
20495,62376
20496,49748
20497,43469
20498,58531
20499,29426
20500,45365
20501,45368
20502,45369
20503,44105
20504,23434
20505,33953
20506,61813
20507,57584
20508,37352
20509,49744
20510,22620
20511,62887
20512,24565
20513,67131
20514,54228
20515,23435
20516,64035
20517,53403
20518,64036
20519,66538
20520,28571
20521,24566
20522,68855
20523,37878
20524,33954
20525,23440
20526,43452
20527,61817
20528,61818
20529,54728
20530,62888
20531,24571
20532,45371
20533,62410
20534,29708
20535,64784
20536,62356
20537,54205
20538,53220
20539,62889
20540,28573
20541,66542
20542,66543
20543,68858
20544,68860
20545,83025
20546,33956
20547,33596
20548,61802
20549,33570
20550,53221
20551,22601
20552,33572
20553,62892
20554,68446
20555,28577
20556,62894
20557,68447
20558,67142
20559,67143
20560,24578
20561,22624
20562,59913
20563,43451
20564,61764
20565,43420
20566,24076
20567,28580
20568,24580
20569,83111
20570,83112
20571,68864
20572,67150
20573,28303
20574,54427
20575,44202
20576,43731
20577,23043
20578,23045
20579,37665
20580,33613
20581,61846
20582,27613
20583,44851
20584,28644
20585,64870
20586,38547
20587,37680
20588,53809
20589,43735
20590,22743
20591,61849
20592,22749
20593,44854
20594,68624
20595,82223
20596,24162
20597,54822
20598,58701
20599,49917
20600,23050
20601,64075
20602,27614
20603,38541
20604,68627
20605,28646
20606,68629
20607,62962
20608,64442
20609,29821
20610,43522
20611,53532
20612,57725
20613,24153
20614,34753
20615,54827
20616,68631
20617,38552
20618,44864
20619,62477
20620,38016
20621,28314
20622,29456
20623,27615
20624,24161
20625,38545
20626,66748
20627,38553
20628,34759
20629,62479
20630,62480
20631,62481
20632,44224
20633,66541
20634,64076
20635,61853
20636,33615
20637,68514
20638,44824
20639,67070
20640,68841
20641,67107
20642,33776
20643,62027
20644,62028
20645,65023
20646,62510
20647,64077
20648,43526
20649,64078
20650,44130
20651,62445
20652,54408
20653,44143
20654,23022
20655,62031
20656,64428
20657,44235
20658,62515
20659,38018
20660,23605
20661,44236
20662,58558
20663,27617
20664,61856
20665,33609
20666,49769
20667,68517
20668,68521
20669,54805
20670,27888
20671,58655
20672,62033
20673,29826
20674,54449
20675,34117
20676,44230
20677,33617
20678,58560
20679,22810
20680,83126
20681,45403
20682,68882
20683,68927
20684,67217
20685,23025
20686,23027
20687,65024
20688,23604
20689,61858
20690,43533
20691,49793
20692,61862
20693,45459
20694,68939
20695,23504
20696,49905
20697,53801
20698,53803
20699,62465
20700,54428
20701,29809
20702,34104
20703,28637
20704,62956
20705,65609
20706,44846
20707,64861
20708,44145
20709,54418
20710,54420
20711,62034
20712,64429
20713,28305
20714,34108
20715,54436
20716,54810
20717,62957
20718,37938
20719,64863
20720,33781
20721,62036
20722,62468
20723,65013
20724,38504
20725,28278
20726,23505
20727,62458
20728,37663
20729,64436
20730,23517
20731,54442
20732,34112
20733,29816
20734,82214
20735,54813
20736,28301
20737,62460
20738,54425
20739,64867
20740,62037
20741,43728
20742,44217
20743,62473
20744,34113
20745,44849
20746,28642
20747,68621
20748,68622
20749,82222
20750,62462
20751,54426
20752,34102
20753,53806
20754,64438
20755,62475
20756,54448
20757,22741
20758,33611
20759,29452
20760,24148
20761,62951
20762,65584
20763,68833
20764,45325
20765,45328
20766,64847
20767,23464
20768,23480
20769,62447
20770,22728
20771,61842
20772,22731
20773,24149
20774,24150
20775,68835
20776,67068
20777,82837
20778,28226
20779,54403
20780,33982
20781,22733
20782,49775
20783,53529
20784,44842
20785,83123
20786,82838
20787,24529
20788,67072
20789,37921
20790,28262
20791,44138
20792,43517
20793,22735
20794,61845
20795,24593
20796,67155
20797,28909
20798,65807
20799,68840
20800,28269
20801,54410
20802,49776
20803,24594
20804,45402
20805,67074
20806,24534
20807,37924
20808,28270
20809,49777
20810,64071
20811,45420
20812,68922
20813,45424
20814,67103
20815,45332
20816,45333
20817,68843
20818,45334
20819,44142
20820,54412
20821,22740
20822,24133
20823,24597
20824,24598
20825,67104
20826,45337
20827,37931
20828,54413
20829,82082
20830,66713
20831,67205
20832,45416
20833,67206
20834,45338
20835,45341
20836,24541
20837,62451
20838,64856
20839,44144
20840,66714
20841,65588
20842,65589
20843,24649
20844,67212
20845,67213
20846,45346
20847,24550
20848,82934
20849,45352
20850,64060
20851,27606
20852,54769
20853,65591
20854,62940
20855,24599
20856,24601
20857,45404
20858,67159
20859,68878
20860,68879
20861,67118
20862,82937
20863,45359
20864,54313
20865,53518
20866,61833
20867,22709
20868,28623
20869,38481
20870,68524
20871,24630
20872,68901
20873,67209
20874,29729
20875,28214
20876,64062
20877,49765
20878,38482
20879,68527
20880,66720
20881,45431
20882,68929
20883,67215
20884,68932
20885,68935
20886,23457
20887,23459
20888,37918
20889,22713
20890,22714
20891,27609
20892,68528
20893,34741
20894,54773
20895,24607
20896,45406
20897,24613
20898,28215
20899,44129
20900,22716
20901,53522
20902,22718
20903,62947
20904,66725
20905,38475
20906,66711
20907,64836
20908,37919
20909,61839
20910,64064
20911,61840
20912,22723
20913,38486
20914,38487
20915,54763
20916,66712
20917,24128
20918,23462
20919,62443
20920,62444
20921,53523
20922,58549
20923,24147
20924,38488
20925,66735
20926,54766
20927,24132
20928,44827
20929,28216
20930,64843
20931,62446
20932,44133
20933,37373
20934,64067
20935,44889
20936,28670
20937,22911
20938,61938
20939,64466
20940,37708
20941,64467
20942,65059
20943,62546
20944,23669
20945,28673
20946,38061
20947,49853
20948,34797
20949,54849
20950,33813
20951,27924
20952,62547
20953,34207
20954,38058
20955,66039
20956,28344
20957,62551
20958,66041
20959,38582
20960,54854
20961,53901
20962,27925
20963,23690
20964,23691
20965,65064
20966,44272
20967,44280
20968,29905
20969,62555
20970,65649
20971,54855
20972,37710
20973,53911
20974,23072
20975,62549
20976,29860
20977,44273
20978,44281
20979,44285
20980,65067
20981,28677
20982,28678
20983,33815
20984,23075
20985,62058
20986,23083
20987,62060
20988,23692
20989,65065
20990,54475
20991,65068
20992,64110
20993,22850
20994,37411
20995,64111
20996,54858
20997,28679
20998,68663
20999,64469
21000,23085
21001,66007
21002,23606
21003,29464
21004,53550
21005,43566
21006,37412
21007,61924
21008,54865
21009,68669
21010,27932
21011,27935
21012,62970
21013,44875
21014,64453
21015,62050
21016,49838
21017,27807
21018,54859
21019,44904
21020,62062
21021,27937
21022,58731
21023,23662
21024,61910
21025,61917
21026,49839
21027,24226
21028,68665
21029,28682
21030,33823
21031,27941
21032,58733
21033,49947
21034,34773
21035,65627
21036,29485
21037,27808
21038,61929
21039,28684
21040,72338
21041,34950
21042,43780
21043,23091
21044,49948
21045,68643
21046,65629
21047,44880
21048,58653
21049,68719
21050,61930
21051,24217
21052,68659
21053,43783
21054,23666
21055,65631
21056,68647
21057,68648
21058,62999
21059,29487
21060,43567
21061,64114
21062,65644
21063,66779
21064,68660
21065,65051
21066,62539
21067,68022
21068,66763
21069,68649
21070,66767
21071,28660
21072,61933
21073,27812
21074,53569
21075,28676
21076,38580
21077,65052
21078,68651
21079,44883
21080,28667
21081,66772
21082,33708
21083,43571
21084,64116
21085,54848
21086,66781
21087,54466
21088,65054
21089,28668
21090,66773
21091,68653
21092,66775
21093,27817
21094,43604
21095,33709
21096,29569
21097,23068
21098,27915
21099,27916
21100,34205
21101,28338
21102,66033
21103,65638
21104,38573
21105,53572
21106,29570
21107,58721
21108,23070
21109,37692
21110,64459
21111,57767
21112,33647
21113,53551
21114,66014
21115,68005
21116,23608
21117,62972
21118,54832
21119,62974
21120,62049
21121,33810
21122,49815
21123,57769
21124,53554
21125,44250
21126,44251
21127,34141
21128,53540
21129,61864
21130,53541
21131,24179
21132,68638
21133,62982
21134,43758
21135,53827
21136,49816
21137,27801
21138,49795
21139,64082
21140,53544
21141,43540
21142,24185
21143,34771
21144,62051
21145,37701
21146,23065
21147,29479
21148,29481
21149,43542
21150,49799
21151,61866
21152,66758
21153,66761
21154,62984
21155,23651
21156,44253
21157,66015
21158,68007
21159,57775
21160,43554
21161,33703
21162,43557
21163,22821
21164,53545
21165,62985
21166,34772
21167,44254
21168,62522
21169,66018
21170,49834
21171,22847
21172,27804
21173,61870
21174,27704
21175,37391
21176,38563
21177,38564
21178,29836
21179,54455
21180,57779
21181,49827
21182,37406
21183,37396
21184,57751
21185,58564
21186,38567
21187,68642
21188,44878
21189,38037
21190,34145
21191,22844
21192,22846
21193,58579
21194,29466
21195,61874
21196,53546
21197,23056
21198,43746
21199,37682
21200,64443
21201,68008
21202,38039
21203,66024
21204,61920
21205,49806
21206,33629
21207,57756
21208,64444
21209,33803
21210,34201
21211,28332
21212,23664
21213,68015
21214,66025
21215,53559
21216,27803
21217,37407
21218,33634
21219,64090
21220,29471
21221,61882
21222,43549
21223,53816
21224,23059
21225,62526
21226,65043
21227,58575
21228,64096
21229,37404
21230,27712
21231,57763
21232,62040
21233,29563
21234,58705
21235,49922
21236,66026
21237,29841
21238,62530
21239,61911
21240,64097
21241,61912
21242,66749
21243,44865
21244,68632
21245,49929
21246,53818
21247,68017
21248,38042
21249,38046
21250,62533
21251,66031
21252,64098
21253,43551
21254,28654
21255,54829
21256,27897
21257,58710
21258,37687
21259,29843
21260,38049
21261,54462
21262,34134
21263,68003
21264,65617
21265,24174
21266,29565
21267,62048
21268,65050
21269,62535
21270,54463
21271,54465
21272,38023
21273,23607
21274,82242
21275,66754
21276,68635
21277,49930
21278,33809
21279,57764
21280,58573
21281,44240
21282,34135
21283,66013
21284,65619
21285,62967
21286,66755
21287,64455
21288,29567
21289,58712
21290,58713
21291,62568
21292,38105
21293,29920
21294,33847
21295,33848
21296,33849
21297,58765
21298,43906
21299,62612
21300,29926
21301,58642
21302,64146
21303,49871
21304,54490
21305,65702
21306,24282
21307,29601
21308,64504
21309,53952
21310,65109
21311,23805
21312,22972
21313,49872
21314,62006
21315,62009
21316,24283
21317,68731
21318,24290
21319,33851
21320,62216
21321,58769
21322,44319
21323,44320
21324,27860
21325,27862
21326,24292
21327,65705
21328,62217
21329,53954
21330,29928
21331,29929
21332,34232
21333,64152
21334,27864
21335,62012
21336,45044
21337,68733
21338,66860
21339,62218
21340,23177
21341,62622
21342,54498
21343,68059
21344,24280
21345,65690
21346,45042
21347,24293
21348,45052
21349,64505
21350,43908
21351,62624
21352,44333
21353,44401
21354,66830
21355,66835
21356,62084
21357,27966
21358,62561
21359,54904
21360,68735
21361,43910
21362,23156
21363,28371
21364,34234
21365,68061
21366,33755
21367,68037
21368,23801
21369,22931
21370,53582
21371,66851
21372,54909
21373,68736
21374,24301
21375,45062
21376,58778
21377,37762
21378,62223
21379,27845
21380,64132
21381,23114
21382,53936
21383,27986
21384,45065
21385,66864
21386,65707
21387,58770
21388,23153
21389,27846
21390,49864
21391,61953
21392,53937
21393,64490
21394,33837
21395,68739
21396,45066
21397,54913
21398,64506
21399,43914
21400,37757
21401,23176
21402,43615
21403,29516
21404,62097
21405,29582
21406,64493
21407,68741
21408,34990
21409,45068
21410,62571
21411,66053
21412,68046
21413,58638
21414,33756
21415,64494
21416,28007
21417,53947
21418,58760
21419,65708
21420,54914
21421,34223
21422,62572
21423,62573
21424,44312
21425,43616
21426,27851
21427,23120
21428,43840
21429,66868
21430,66869
21431,54491
21432,62610
21433,61957
21434,27853
21435,64134
21436,29585
21437,28012
21438,45101
21439,54915
21440,24324
21441,54493
21442,62611
21443,43619
21444,43620
21445,64138
21446,33843
21447,58761
21448,66871
21449,58762
21450,28017
21451,62205
21452,62206
21453,68047
21454,38106
21455,66058
21456,49868
21457,53594
21458,23128
21459,23138
21460,38104
21461,64503
21462,29593
21463,43905
21464,28021
21465,28360
21466,28363
21467,22936
21468,43609
21469,45015
21470,65679
21471,68718
21472,54872
21473,45005
21474,43786
21475,62558
21476,28349
21477,22937
21478,27832
21479,45030
21480,66849
21481,24270
21482,64474
21483,27946
21484,27947
21485,44288
21486,66046
21487,65075
21488,58626
21489,43611
21490,64129
21491,66850
21492,68723
21493,53916
21494,49952
21495,65076
21496,68031
21497,65077
21498,61949
21499,22943
21500,22947
21501,33744
21502,37731
21503,53933
21504,53919
21505,43788
21506,58736
21507,28351
21508,66047
21509,22948
21510,43613
21511,22949
21512,27974
21513,27981
21514,27949
21515,64480
21516,29909
21517,44303
21518,68036
21519,27839
21520,22952
21521,23113
21522,33834
21523,37723
21524,53924
21525,44304
21526,54482
21527,38076
21528,29511
21529,64131
21530,37733
21531,29579
21532,64486
21533,62091
21534,43802
21535,37724
21536,58740
21537,27956
21538,54484
21539,65079
21540,68038
21541,22958
21542,27843
21543,65664
21544,37737
21545,49970
21546,49960
21547,23109
21548,54486
21549,28357
21550,62567
21551,68701
21552,65662
21553,49971
21554,64489
21555,43822
21556,27953
21557,33825
21558,44306
21559,65083
21560,38103
21561,54875
21562,66839
21563,29580
21564,43821
21565,23110
21566,43804
21567,62083
21568,29918
21569,66050
21570,28704
21571,66840
21572,24271
21573,54895
21574,49963
21575,58741
21576,64482
21577,65085
21578,53575
21579,24258
21580,66842
21581,45039
21582,68727
21583,68729
21584,27958
21585,53926
21586,62086
21587,43606
21588,53577
21589,61942
21590,64120
21591,65668
21592,65669
21593,54901
21594,64485
21595,27973
21596,29577
21597,27965
21598,27970
21599,33711
21600,27826
21601,64123
21602,66843
21603,68714
21604,28690
21605,24243
21606,62088
21607,37729
21608,37730
21609,62089
21610,43607
21611,29501
21612,28708
21613,28709
21614,68717
21615,44907
21616,65657
21617,28693
21618,44286
21619,66044
21620,66045
21621,53578
21622,27829
21623,65672
21624,82434
21625,82421
21626,45003
21627,66834
21628,62557
21629,65072
21630,44287
21631,33712
21632,27830
21633,58625
21634,50830
21635,30446
21636,47989
21637,58380
21638,33441
21639,53132
21640,41817
21641,41819
21642,46573
21643,55741
21644,60634
21645,52807
21646,31518
21647,60450
21648,41754
21649,57010
21650,58381
21651,47991
21652,47992
21653,55742
21654,41828
21655,41831
21656,41832
21657,27018
21658,36602
21659,58015
21660,56510
21661,61115
21662,57012
21663,37191
21664,27408
21665,57383
21666,41833
21667,30456
21668,41838
21669,49325
21670,59443
21671,49327
21672,37014
21673,47580
21674,61559
21675,63833
21676,22303
21677,48446
21678,41843
21679,41845
21680,48449
21681,43014
21682,57006
21683,47578
21684,49328
21685,36604
21686,27409
21687,46582
21688,50853
21689,41848
21690,41855
21691,32784
21692,47574
21693,49326
21694,47575
21695,31520
21696,33144
21697,27024
21698,37203
21699,43215
21700,31806
21701,47060
21702,56152
21703,56155
21704,47514
21705,33130
21706,52802
21707,57314
21708,61465
21709,37016
21710,57014
21711,57015
21712,33145
21713,35647
21714,60453
21715,48453
21716,35649
21717,52078
21718,47102
21719,47104
21720,33406
21721,50702
21722,41655
21723,56137
21724,58030
21725,57017
21726,56516
21727,56518
21728,48457
21729,39307
21730,39309
21731,52079
21732,60631
21733,48866
21734,32779
21735,43002
21736,49318
21737,47929
21738,58329
21739,49331
21740,29018
21741,31807
21742,37204
21743,48450
21744,32501
21745,47106
21746,39668
21747,47932
21748,56735
21749,61484
21750,36605
21751,37023
21752,48454
21753,46580
21754,50849
21755,46595
21756,32789
21757,47108
21758,56158
21759,57332
21760,53086
21761,57334
21762,33410
21763,47933
21764,31794
21765,41759
21766,41760
21767,48442
21768,32792
21769,42740
21770,48871
21771,36088
21772,57335
21773,49615
21774,56737
21775,43144
21776,22204
21777,63822
21778,57376
21779,47981
21780,57379
21781,30450
21782,41763
21783,32798
21784,47114
21785,42746
21786,32801
21787,60633
21788,61490
21789,56738
21790,57341
21791,53128
21792,49649
21793,39272
21794,55735
21795,41772
21796,56166
21797,52136
21798,48877
21799,56170
21800,49617
21801,61491
21802,63736
21803,29229
21804,31795
21805,59760
21806,50833
21807,41773
21808,52142
21809,47122
21810,56171
21811,22060
21812,49620
21813,43212
21814,49650
21815,22205
21816,53129
21817,30452
21818,48444
21819,47124
21820,48879
21821,47125
21822,46563
21823,32463
21824,31796
21825,53130
21826,37189
21827,63826
21828,48445
21829,50837
21830,55738
21831,41804
21832,52044
21833,48850
21834,56132
21835,43003
21836,27009
21837,57001
21838,47516
21839,49287
21840,31501
21841,49288
21842,43137
21843,47922
21844,58325
21845,52045
21846,60628
21847,36066
21848,47557
21849,57002
21850,57645
21851,59414
21852,33127
21853,47523
21854,57322
21855,37142
21856,56728
21857,48851
21858,47025
21859,52047
21860,57648
21861,43005
21862,43009
21863,57004
21864,59416
21865,47524
21866,22032
21867,61476
21868,61477
21869,33407
21870,52048
21871,32776
21872,52806
21873,49320
21874,47562
21875,47564
21876,49301
21877,49302
21878,33131
21879,55720
21880,41605
21881,41606
21882,47030
21883,30809
21884,43011
21885,57005
21886,52777
21887,47532
21888,47535
21889,47537
21890,41616
21891,41619
21892,41631
21893,52049
21894,52050
21895,42713
21896,63381
21897,47928
21898,49304
21899,56473
21900,55721
21901,41632
21902,30810
21903,56141
21904,47032
21905,53083
21906,31764
21907,59419
21908,63368
21909,46550
21910,41640
21911,41642
21912,47035
21913,36071
21914,48855
21915,61480
21916,56734
21917,57331
21918,63703
21919,36572
21920,63369
21921,33134
21922,41643
21923,32449
21924,41645
21925,46553
21926,47037
21927,48857
21928,56144
21929,56733
21930,57329
21931,36919
21932,61460
21933,53074
21934,48430
21935,55724
21936,39665
21937,47041
21938,37146
21939,49612
21940,57330
21941,49613
21942,56722
21943,22003
21944,36922
21945,46554
21946,39209
21947,52064
21948,52068
21949,36080
21950,47558
21951,43006
21952,56723
21953,47909
21954,55725
21955,50703
21956,52073
21957,56475
21958,61104
21959,49316
21960,36584
21961,53076
21962,47917
21963,37134
21964,58318
21965,41659
21966,48433
21967,41667
21968,48438
21969,31512
21970,56477
21971,27012
21972,47561
21973,37135
21974,57315
21975,35630
21976,41713
21977,32459
21978,36575
21979,49307
21980,33853
21981,62225
21982,49279
21983,49282
21984,33404
21985,49546
21986,41719
21987,48439
21988,36576
21989,47552
21990,43001
21991,47512
21992,36555
21993,47513
21994,47918
21995,61467
21996,56726
21997,41723
21998,32460
21999,27006
22000,27007
22001,33125
22002,52765
22003,52767
22004,63363
22005,43136
22006,29169
22007,56727
22008,49548
22009,39216
22010,41740
22011,48441
22012,56222
22013,47172
22014,49002
22015,49008
22016,56231
22017,32831
22018,31017
22019,49344
22020,29039
22021,33156
22022,43315
22023,29368
22024,61726
22025,57471
22026,47175
22027,48507
22028,63031
22029,32832
22030,36263
22031,36609
22032,57035
22033,63432
22034,53192
22035,33521
22036,57472
22037,53202
22038,42050
22039,35740
22040,59007
22041,60646
22042,32833
22043,27050
22044,63433
22045,63434
22046,43318
22047,57473
22048,42045
22049,51027
22050,42051
22051,60482
22052,48519
22053,56237
22054,63036
22055,56240
22056,37034
22057,27051
22058,35677
22059,55797
22060,46702
22061,39352
22062,35741
22063,63038
22064,63439
22065,36612
22066,47615
22067,61257
22068,61259
22069,35739
22070,51028
22071,55798
22072,35745
22073,60487
22074,51031
22075,63039
22076,63041
22077,32837
22078,49013
22079,49347
22080,36610
22081,43029
22082,43030
22083,33157
22084,50858
22085,46613
22086,55752
22087,60464
22088,35746
22089,51033
22090,31022
22091,56244
22092,36611
22093,63438
22094,56543
22095,58416
22096,63882
22097,48884
22098,32807
22099,48897
22100,36606
22101,55804
22102,42055
22103,58054
22104,33160
22105,49688
22106,61704
22107,58443
22108,57456
22109,58042
22110,56534
22111,53143
22112,22314
22113,32539
22114,46706
22115,56243
22116,63042
22117,52253
22118,31909
22119,58444
22120,49689
22121,33496
22122,42032
22123,46628
22124,32817
22125,60640
22126,55806
22127,30516
22128,32542
22129,55807
22130,47203
22131,60649
22132,56248
22133,57460
22134,33498
22135,57461
22136,53188
22137,47164
22138,52211
22139,31005
22140,30517
22141,60501
22142,46711
22143,52227
22144,47177
22145,56223
22146,39815
22147,58448
22148,57465
22149,63021
22150,56218
22151,60502
22152,48601
22153,60643
22154,33155
22155,56536
22156,57032
22157,49690
22158,27527
22159,56219
22160,31008
22161,39762
22162,55811
22163,46714
22164,55812
22165,49342
22166,31535
22167,59848
22168,37307
22169,52217
22170,52218
22171,55814
22172,39363
22173,46721
22174,52231
22175,52232
22176,29036
22177,58047
22178,43311
22179,58454
22180,39767
22181,52222
22182,56227
22183,52233
22184,52235
22185,52236
22186,32828
22187,47610
22188,61252
22189,39817
22190,61725
22191,39769
22192,52223
22193,60644
22194,63030
22195,56229
22196,56230
22197,63430
22198,57034
22199,61568
22200,61569
22201,33455
22202,55779
22203,30501
22204,60462
22205,42020
22206,47142
22207,47145
22208,31812
22209,31814
22210,55781
22211,55783
22212,42021
22213,60463
22214,32811
22215,47147
22216,56201
22217,58035
22218,29306
22219,61570
22220,42039
22221,39347
22222,48467
22223,48468
22224,48470
22225,47588
22226,56520
22227,57024
22228,61235
22229,59804
22230,53144
22231,39348
22232,46637
22233,48506
22234,51002
22235,52147
22236,47126
22237,52151
22238,61236
22239,63386
22240,37026
22241,31816
22242,33458
22243,53146
22244,32812
22245,39755
22246,48881
22247,36104
22248,49333
22249,43017
22250,27502
22251,27503
22252,57420
22253,48910
22254,39756
22255,52208
22256,56210
22257,42788
22258,36105
22259,58038
22260,33147
22261,59462
22262,37207
22263,22315
22264,58402
22265,63845
22266,33460
22267,39750
22268,63019
22269,32814
22270,52542
22271,52573
22272,56523
22273,57026
22274,56524
22275,43223
22276,58413
22277,56208
22278,60639
22279,52626
22280,52156
22281,56527
22282,37028
22283,43019
22284,49664
22285,27507
22286,22401
22287,47161
22288,32818
22289,47163
22290,52210
22291,32806
22292,36106
22293,30904
22294,31532
22295,59467
22296,57028
22297,33461
22298,57428
22299,27509
22300,63849
22301,48471
22302,39751
22303,30909
22304,63005
22305,52159
22306,52160
22307,58043
22308,56529
22309,63390
22310,33154
22311,46615
22312,51003
22313,60466
22314,55767
22315,51020
22316,42040
22317,52161
22318,48888
22319,63010
22320,52166
22321,59472
22322,49339
22323,32508
22324,48502
22325,55769
22326,51006
22327,39345
22328,51023
22329,52169
22330,32808
22331,47136
22332,27040
22333,56533
22334,51007
22335,60468
22336,35661
22337,32533
22338,60477
22339,51024
22340,52171
22341,47137
22342,37031
22343,47598
22344,42029
22345,35670
22346,48458
22347,39320
22348,32809
22349,47138
22350,31808
22351,33449
22352,22307
22353,31810
22354,46619
22355,55775
22356,42031
22357,50854
22358,35652
22359,52172
22360,48895
22361,36111
22362,53142
22363,57385
22364,22308
22365,42035
22366,35671
22367,39323
22368,50859
22369,50860
22370,63015
22371,39745
22372,27410
22373,63839
22374,37205
22375,35774
22376,46767
22377,55940
22378,42154
22379,51247
22380,32603
22381,60534
22382,60537
22383,59037
22384,56270
22385,27208
22386,59540
22387,30542
22388,55941
22389,51245
22390,48632
22391,32605
22392,52333
22393,36301
22394,59542
22395,56575
22396,22503
22397,58460
22398,48635
22399,32606
22400,59039
22401,32931
22402,52341
22403,47270
22404,59544
22405,57078
22406,43319
22407,29374
22408,43322
22409,27531
22410,55946
22411,51249
22412,46779
22413,46781
22414,52342
22415,60712
22416,49037
22417,31045
22418,49423
22419,33176
22420,22508
22421,63932
22422,53204
22423,46783
22424,55957
22425,63087
22426,56280
22427,63088
22428,29072
22429,58102
22430,57477
22431,37311
22432,61728
22433,48638
22434,46784
22435,30552
22436,63463
22437,59531
22438,58058
22439,49401
22440,58060
22441,43343
22442,58480
22443,58463
22444,39826
22445,58464
22446,61732
22447,60542
22448,39440
22449,42207
22450,56570
22451,61314
22452,63465
22453,51047
22454,48611
22455,46747
22456,47224
22457,53206
22458,61733
22459,33525
22460,55959
22461,48642
22462,56571
22463,49420
22464,60653
22465,47639
22466,57067
22467,57430
22468,33467
22469,43326
22470,33527
22471,46787
22472,55951
22473,46788
22474,55953
22475,27203
22476,36722
22477,37212
22478,58426
22479,55920
22480,35766
22481,61735
22482,37313
22483,58467
22484,30555
22485,46793
22486,46794
22487,36723
22488,29069
22489,42104
22490,42120
22491,60520
22492,33534
22493,53207
22494,43332
22495,30543
22496,52322
22497,37060
22498,57071
22499,33174
22500,42122
22501,51108
22502,60521
22503,22534
22504,37317
22505,52323
22506,63070
22507,49030
22508,58079
22509,47670
22510,51109
22511,46759
22512,55925
22513,46760
22514,37318
22515,63936
22516,53208
22517,63071
22518,60657
22519,52325
22520,63469
22521,56572
22522,55926
22523,30537
22524,51230
22525,33540
22526,22539
22527,22542
22528,58475
22529,56266
22530,49031
22531,60659
22532,63471
22533,47710
22534,63474
22535,57077
22536,30538
22537,51232
22538,60525
22539,55933
22540,43338
22541,33541
22542,52329
22543,31033
22544,49033
22545,37062
22546,56573
22547,61333
22548,46761
22549,46763
22550,46765
22551,63940
22552,48631
22553,51246
22554,47260
22555,31035
22556,56256
22557,49021
22558,27107
22559,57068
22560,49418
22561,43035
22562,56546
22563,57048
22564,29405
22565,58486
22566,33549
22567,43357
22568,47235
22569,52309
22570,60652
22571,59529
22572,61310
22573,61312
22574,56547
22575,49403
22576,47631
22577,39846
22578,37325
22579,32561
22580,63051
22581,59025
22582,43224
22583,31830
22584,33463
22585,61606
22586,29052
22587,36618
22588,57051
22589,30519
22590,39364
22591,51046
22592,59026
22593,52313
22594,56260
22595,49668
22596,31832
22597,27513
22598,58062
22599,47633
22600,49405
22601,48602
22602,30520
22603,51048
22604,52314
22605,52316
22606,60655
22607,47243
22608,63855
22609,37211
22610,31901
22611,56549
22612,27104
22613,63447
22614,43040
22615,51049
22616,39366
22617,56264
22618,49026
22619,52318
22620,47246
22621,31903
22622,53170
22623,27518
22624,37214
22625,36619
22626,56551
22627,46725
22628,51053
22629,55902
22630,36277
22631,29055
22632,43044
22633,49670
22634,29330
22635,49408
22636,47635
22637,42076
22638,60506
22639,51054
22640,51055
22641,37047
22642,58071
22643,57058
22644,49677
22645,53158
22646,57438
22647,56553
22648,58069
22649,39837
22650,48610
22651,55904
22652,63453
22653,27105
22654,55918
22655,55919
22656,48622
22657,43341
22658,63941
22659,58476
22660,46733
22661,42085
22662,51062
22663,60514
22664,56554
22665,43045
22666,53153
22667,27514
22668,61610
22669,53156
22670,61740
22671,49716
22672,63942
22673,48612
22674,32569
22675,51103
22676,63454
22677,43046
22678,61279
22679,29324
22680,22405
22681,33462
22682,58418
22683,57529
22684,63943
22685,49718
22686,46743
22687,46745
22688,48617
22689,49412
22690,49415
22691,57062
22692,61604
22693,43227
22694,63851
22695,39840
22696,57531
22697,22548
22698,48619
22699,55917
22700,59015
22701,61282
22702,37052
22703,58420
22704,49667
22705,63852
22706,58479
22707,39841
22708,29404
22709,33542
22710,52301
22711,63044
22712,63045
22713,29059
22714,63458
22715,43031
22716,58056
22717,63951
22718,59867
22719,63953
22720,36269
22721,47223
22722,32903
22723,58072
22724,61283
22725,61284
22726,29045
22727,31542
22728,53213
22729,27545
22730,56253
22731,63049
22732,49417
22733,59525
22734,49349
22735,36615
22736,63443
22737,57536
22738,57537
22739,58483
22740,47229
22741,60651
22742,32905
22743,52308
22744,61356
22745,29111
22746,61359
22747,37082
22748,53017
22749,36786
22750,37218
22751,58433
22752,27521
22753,48701
22754,51445
22755,30625
22756,47803
22757,31626
22758,33187
22759,36790
22760,59640
22761,61362
22762,57219
22763,33478
22764,37220
22765,43235
22766,43240
22767,51447
22768,32664
22769,51448
22770,60564
22771,32666
22772,47338
22773,47339
22774,49076
22775,56311
22776,36793
22777,47805
22778,27522
22779,33480
22780,58436
22781,51449
22782,51450
22783,60565
22784,63115
22785,49078
22786,47341
22787,63560
22788,37085
22789,22454
22790,33483
22791,37302
22792,32667
22793,35905
22794,49074
22795,36370
22796,60940
22797,33001
22798,60941
22799,56314
22800,20121
22801,49446
22802,61517
22803,22469
22804,59842
22805,35906
22806,48706
22807,49079
22808,47346
22809,59089
22810,27262
22811,53021
22812,63876
22813,58440
22814,33486
22815,53186
22816,57455
22817,32940
22818,52362
22819,47714
22820,33178
22821,56316
22822,36375
22823,20129
22824,20130
22825,33301
22826,58231
22827,30602
22828,42259
22829,39459
22830,29406
22831,33569
22832,51354
22833,30575
22834,36376
22835,49080
22836,60946
22837,22066
22838,63744
22839,61519
22840,63745
22841,43147
22842,63747
22843,55985
22844,60559
22845,51433
22846,39461
22847,49066
22848,57108
22849,53006
22850,63548
22851,33009
22852,47351
22853,56323
22854,33010
22855,52540
22856,43074
22857,20124
22858,46816
22859,48657
22860,51439
22861,58203
22862,33185
22863,61354
22864,47353
22865,49087
22866,61364
22867,27263
22868,39464
22869,48658
22870,43064
22871,57110
22872,31088
22873,47354
22874,63120
22875,33471
22876,49683
22877,51441
22878,46819
22879,48659
22880,53010
22881,59632
22882,52550
22883,56331
22884,27253
22885,37215
22886,53177
22887,53178
22888,42266
22889,30607
22890,47802
22891,43065
22892,57212
22893,58223
22894,22436
22895,58430
22896,37216
22897,42275
22898,30619
22899,63552
22900,33186
22901,29112
22902,53014
22903,22437
22904,33476
22905,43232
22906,46825
22907,55987
22908,31622
22909,37079
22910,57213
22911,31631
22912,56626
22913,37217
22914,33477
22915,61615
22916,55990
22917,46845
22918,42280
22919,31625
22920,59638
22921,57216
22922,47804
22923,57445
22924,53182
22925,39897
22926,57564
22927,49060
22928,60914
22929,56303
22930,52352
22931,56283
22932,61349
22933,63537
22934,43061
22935,49733
22936,51345
22937,30562
22938,46802
22939,47327
22940,63110
22941,60915
22942,59071
22943,63091
22944,63101
22945,31057
22946,63540
22947,63541
22948,56589
22949,27233
22950,56590
22951,42214
22952,42215
22953,49065
22954,32966
22955,60927
22956,59076
22957,36316
22958,52353
22959,37069
22960,27235
22961,30563
22962,35806
22963,47335
22964,60934
22965,60935
22966,56309
22967,56284
22968,49046
22969,52355
22970,36758
22971,53004
22972,49435
22973,55964
22974,32619
22975,59085
22976,59631
22977,60804
22978,31058
22979,52356
22980,57543
22981,61753
22982,30564
22983,55965
22984,37073
22985,36765
22986,36320
22987,60805
22988,56291
22989,22554
22990,43359
22991,63960
22992,55967
22993,48651
22994,30566
22995,31081
22996,32967
22997,49436
22998,58201
22999,52361
23000,63104
23001,47302
23002,57544
23003,43360
23004,32621
23005,55969
23006,51351
23007,27242
23008,29104
23009,56295
23010,49051
23011,61754
23012,57547
23013,49725
23014,46804
23015,55970
23016,32622
23017,20109
23018,49437
23019,47303
23020,63107
23021,39854
23022,53215
23023,35808
23024,51357
23025,60549
23026,46805
23027,58202
23028,61350
23029,63546
23030,59066
23031,52403
23032,22556
23033,61755
23034,39861
23035,42234
23036,30573
23037,46806
23038,47330
23039,56304
23040,60919
23041,47712
23042,57103
23043,56581
23044,58492
23045,27551
23046,35810
23047,60553
23048,36346
23049,31069
23050,63530
23051,49424
23052,63964
23053,27553
23054,55975
23055,51366
23056,31070
23057,31072
23058,60926
23059,63531
23060,29075
23061,61759
23062,22567
23063,60554
23064,48654
23065,46808
23066,39455
23067,55960
23068,30559
23069,49425
23070,56585
23071,57104
23072,37329
23073,43406
23074,53217
23075,46814
23076,63108
23077,49057
23078,47304
23079,31049
23080,31050
23081,63534
23082,58103
23083,56586
23084,33565
23085,57555
23086,60911
23087,31065
23088,60913
23089,47320
23090,52349
23091,31052
23092,32950
23093,49426
23094,56587
23095,49428
23096,53218
23097,29410
23098,22578
23099,56357
23100,49103
23101,63130
23102,48766
23103,39561
23104,59247
23105,33027
23106,47386
23107,47387
23108,58365
23109,43205
23110,33434
23111,59751
23112,49642
23113,52581
23114,47968
23115,57366
23116,51555
23117,51557
23118,49117
23119,63135
23120,59252
23121,47841
23122,61543
23123,57365
23124,61544
23125,63782
23126,61546
23127,49644
23128,37184
23129,56062
23130,56063
23131,46960
23132,53036
23133,63626
23134,58366
23135,47963
23136,53118
23137,27403
23138,59755
23139,47975
23140,43207
23141,35981
23142,56065
23143,48801
23144,57247
23145,58249
23146,56650
23147,49643
23148,33435
23149,47967
23150,22193
23151,57370
23152,57371
23153,43210
23154,31220
23155,47393
23156,31301
23157,20151
23158,43082
23159,56651
23160,63787
23161,29210
23162,53119
23163,57373
23164,58369
23165,22203
23166,57375
23167,58372
23168,36482
23169,52619
23170,53038
23171,57249
23172,43150
23173,57349
23174,29204
23175,32686
23176,37186
23177,56039
23178,56043
23179,63136
23180,33030
23181,59257
23182,33031
23183,56652
23184,49457
23185,31650
23186,31698
23187,48731
23188,56343
23189,52574
23190,57243
23191,48754
23192,42409
23193,42410
23194,56045
23195,59259
23196,52625
23197,31647
23198,53039
23199,56759
23200,47954
23201,43201
23202,51540
23203,48755
23204,60616
23205,61021
23206,31302
23207,47842
23208,31649
23209,31790
23210,22180
23211,60610
23212,39507
23213,42413
23214,46947
23215,61025
23216,49126
23217,56368
23218,43102
23219,36854
23220,33313
23221,48748
23222,56036
23223,60614
23224,56048
23225,51544
23226,32713
23227,61011
23228,52584
23229,61012
23230,47847
23231,58256
23232,47848
23233,47849
23234,51535
23235,30666
23236,51536
23237,33023
23238,46951
23239,35971
23240,56358
23241,63131
23242,53044
23243,20158
23244,33314
23245,56658
23246,49099
23247,63129
23248,49101
23249,56052
23250,48759
23251,51546
23252,52585
23253,47374
23254,47850
23255,56660
23256,20164
23257,61008
23258,59226
23259,32714
23260,48761
23261,49107
23262,61015
23263,63132
23264,56359
23265,33315
23266,63630
23267,63775
23268,33433
23269,56353
23270,56354
23271,35973
23272,46952
23273,47380
23274,31211
23275,49112
23276,61019
23277,37178
23278,29209
23279,52577
23280,31206
23281,51552
23282,39556
23283,56057
23284,59243
23285,49113
23286,59244
23287,49116
23288,61367
23289,49448
23290,61368
23291,63567
23292,31789
23293,22172
23294,47943
23295,63751
23296,22079
23297,42337
23298,42338
23299,56634
23300,49449
23301,29123
23302,33430
23303,57355
23304,56763
23305,43152
23306,58344
23307,43154
23308,33417
23309,35956
23310,42344
23311,51520
23312,43078
23313,57232
23314,31638
23315,58356
23316,46931
23317,60609
23318,48735
23319,35958
23320,31775
23321,29203
23322,56017
23323,48733
23324,31090
23325,53027
23326,58237
23327,58239
23328,56024
23329,46932
23330,51526
23331,43155
23332,47944
23333,36425
23334,52553
23335,49451
23336,61376
23337,57235
23338,51527
23339,48742
23340,42361
23341,31778
23342,22102
23343,58346
23344,63121
23345,52554
23346,60957
23347,53029
23348,47837
23349,61377
23350,56646
23351,42369
23352,48745
23353,42370
23354,42371
23355,31779
23356,22124
23357,47949
23358,56336
23359,47359
23360,33015
23361,47360
23362,60959
23363,49454
23364,61378
23365,47838
23366,42349
23367,51528
23368,42350
23369,31780
23370,53097
23371,35907
23372,59105
23373,49091
23374,61379
23375,27282
23376,46939
23377,51532
23378,42366
23379,56003
23380,32669
23381,56342
23382,59106
23383,27283
23384,53034
23385,57241
23386,57242
23387,56033
23388,46941
23389,46946
23390,48747
23391,51458
23392,60603
23393,60604
23394,51461
23395,39477
23396,31094
23397,52560
23398,33311
23399,47950
23400,61525
23401,31781
23402,56027
23403,56028
23404,46936
23405,48741
23406,42303
23407,48708
23408,51465
23409,60964
23410,36435
23411,60966
23412,63124
23413,56758
23414,61526
23415,33418
23416,61528
23417,47951
23418,61536
23419,22181
23420,59745
23421,46902
23422,48720
23423,31098
23424,36441
23425,58351
23426,43162
23427,22150
23428,49637
23429,58361
23430,33432
23431,53110
23432,48722
23433,32683
23434,30641
23435,46911
23436,59212
23437,49093
23438,47368
23439,63766
23440,37171
23441,22182
23442,57359
23443,32701
23444,46929
23445,56022
23446,39480
23447,39481
23448,32692
23449,59213
23450,59214
23451,36442
23452,57350
23453,63769
23454,53092
23455,49621
23456,48723
23457,56009
23458,60970
23459,60973
23460,31201
23461,56349
23462,61530
23463,22152
23464,47955
23465,27349
23466,56750
23467,56010
23468,51501
23469,48726
23470,36446
23471,52572
23472,59219
23473,59740
23474,61531
23475,63750
23476,27350
23477,43149
23478,48728
23479,42333
23480,56352
23481,49098
23482,33304
23483,42518
23484,48827
23485,41539
23486,41540
23487,56101
23488,48840
23489,48841
23490,56713
23491,58282
23492,53070
23493,33328
23494,56090
23495,30730
23496,43125
23497,50682
23498,55719
23499,63304
23500,63330
23501,33054
23502,61449
23503,56714
23504,33330
23505,61450
23506,33332
23507,49509
23508,43127
23509,59716
23510,41553
23511,41558
23512,35616
23513,49236
23514,47443
23515,63333
23516,20186
23517,56715
23518,20190
23519,43128
23520,56716
23521,58311
23522,31735
23523,41562
23524,60446
23525,48428
23526,36529
23527,56434
23528,33055
23529,61068
23530,36877
23531,27311
23532,20194
23533,20197
23534,49519
23535,31743
23536,46545
23537,52003
23538,56116
23539,36530
23540,52726
23541,56440
23542,36879
23543,61454
23544,29163
23545,36915
23546,41602
23547,36039
23548,47449
23549,52730
23550,63339
23551,61030
23552,61031
23553,61420
23554,57265
23555,61427
23556,47906
23557,20198
23558,52002
23559,56114
23560,30742
23561,52731
23562,49242
23563,50635
23564,50647
23565,42453
23566,48821
23567,61458
23568,61459
23569,55706
23570,48414
23571,39643
23572,60626
23573,47011
23574,36532
23575,31401
23576,33062
23577,47457
23578,47458
23579,49228
23580,49504
23581,58274
23582,32431
23583,32438
23584,55707
23585,42629
23586,56110
23587,47003
23588,59333
23589,49246
23590,55613
23591,46530
23592,60438
23593,50672
23594,55708
23595,32439
23596,36043
23597,56115
23598,63344
23599,47454
23600,30410
23601,48386
23602,41352
23603,48417
23604,30420
23605,48418
23606,51639
23607,48831
23608,30731
23609,47459
23610,36535
23611,41365
23612,41366
23613,41397
23614,41408
23615,50675
23616,32440
23617,48419
23618,41512
23619,39581
23620,30733
23621,32754
23622,51647
23623,63347
23624,36538
23625,59339
23626,41425
23627,48401
23628,55702
23629,46536
23630,41513
23631,50676
23632,48834
23633,36030
23634,56093
23635,59343
23636,56447
23637,50666
23638,50668
23639,46539
23640,48413
23641,32442
23642,55713
23643,48835
23644,46992
23645,51649
23646,52738
23647,49250
23648,50669
23649,46982
23650,32746
23651,41522
23652,41524
23653,46994
23654,60623
23655,51652
23656,51653
23657,56449
23658,61074
23659,33327
23660,46985
23661,36025
23662,46987
23663,46988
23664,46990
23665,48421
23666,41531
23667,50681
23668,41538
23669,36036
23670,42603
23671,32763
23672,42462
23673,36020
23674,46978
23675,36022
23676,56686
23677,56688
23678,31711
23679,29150
23680,52635
23681,61032
23682,63144
23683,48353
23684,30345
23685,55454
23686,55601
23687,51601
23688,46979
23689,56083
23690,56384
23691,31318
23692,36867
23693,53063
23694,61438
23695,31712
23696,49202
23697,31314
23698,55602
23699,48359
23700,48360
23701,49203
23702,56386
23703,56387
23704,57273
23705,20180
23706,56701
23707,36511
23708,52638
23709,36513
23710,61041
23711,41232
23712,35587
23713,32426
23714,61048
23715,61049
23716,61050
23717,61052
23718,63650
23719,33326
23720,52640
23721,63147
23722,47857
23723,53045
23724,57259
23725,48363
23726,41254
23727,50644
23728,52645
23729,31322
23730,27305
23731,46526
23732,53047
23733,63631
23734,58259
23735,56663
23736,41256
23737,41257
23738,30350
23739,41263
23740,52649
23741,59314
23742,61060
23743,39179
23744,60436
23745,50653
23746,43107
23747,36861
23748,48371
23749,41265
23750,59315
23751,49227
23752,33042
23753,61443
23754,37127
23755,56666
23756,63633
23757,42441
23758,56068
23759,39563
23760,36523
23761,33043
23762,50648
23763,30360
23764,50650
23765,53049
23766,63636
23767,49464
23768,48806
23769,51561
23770,56069
23771,47432
23772,61062
23773,32430
23774,50654
23775,29145
23776,58262
23777,29146
23778,35984
23779,46962
23780,63303
23781,31326
23782,36874
23783,41274
23784,30354
23785,47871
23786,58265
23787,53050
23788,58266
23789,57263
23790,56071
23791,56072
23792,39564
23793,61063
23794,52658
23795,29152
23796,27299
23797,53065
23798,61425
23799,20169
23800,33319
23801,57266
23802,48811
23803,30708
23804,42452
23805,49230
23806,61064
23807,47438
23808,58275
23809,47885
23810,36863
23811,56678
23812,61431
23813,32726
23814,30710
23815,36526
23816,52720
23817,61065
23818,57274
23819,33325
23820,49506
23821,61432
23822,59711
23823,55446
23824,30340
23825,60428
23826,56073
23827,49234
23828,57270
23829,58271
23830,61028
23831,56373
23832,50630
23833,41183
23834,50632
23835,41201
23836,30711
23837,56074
23838,53058
23839,20171
23840,57272
23841,56685
23842,63139
23843,36505
23844,41203
23845,41204
23846,41216
23847,48346
23848,48815
23849,56078
23850,42456
23851,48818
23852,61434
23853,53059
23854,43115
23855,59263
23856,56377
23857,60431
23858,30344
23859,50638
23860,36013
23861,48819
23862,30720
23863,27865
23864,80908
23865,21034
23866,66071
23867,54082
23868,90302
23869,95333
23870,10021
23871,63538
23872,24888
23873,24822
23874,36271
23875,04657
23876,02115
23877,01527
23878,02120
23879,01850
23880,48145
23881,12590
23882,96104
23883,65739
23884,12304
23885,94066
23886,78417
23887,75490
23888,93021
23889,91203
23890,49024
23891,67005
23892,67045
23893,53580
23894,24867
23895,25113
23896,75669
23897,77566
23898,93430
23899,94503
23900,92782
23901,66066
23902,67444
23903,51632
23904,03874
23905,07762
23906,03848
23907,68441
23908,69120
23909,38374
23910,02155
23911,02136
23912,01151
23913,95709
23914,11358
23915,91767
23916,53151
23917,82050
23918,26743
23919,68064
23920,79936
23923,79603
23924,79605
23925,79606
23926,79607
23927,95459
23928,78547
23929,79097
23930,29175
23931,19076
23932,12052
23933,01460
23934,49768
23935,68307
23936,76014
23937,77035
23938,77988
23939,85745
23940,79703
23941,79705
23942,79719
23943,30750
23944,56122
23945,47022
23946,56458
23947,43971
23948,42565
23949,27876
23950,03053
23951,60967
23952,11779
23953,10465
23954,50441
23955,79739
23956,79741
23957,79748
23958,95618
23959,78218
23960,78231
23961,78238
23962,97633
23963,41714
23964,49312
23965,12870
23969,79749
23970,79756
23971,79758
23972,79761
23973,79763
23974,15216
23975,70783
23976,59013
23977,79563
23978,71030
23979,05495
23980,23422
23981,05454
23982,13210
23983,10472
23984,11373
23985,11590
23986,79766
23987,79777
23988,73027
23989,97531
23990,49648
23991,03784
23992,03590
23993,18464
23994,12521
23995,24316
23996,67031
23997,29412
23998,08346
23999,79932
24000,79782
24001,79783
24002,79835
24003,64756
24004,43830
24005,05255
24006,24993
24007,02635
24008,04284
24009,10501
24010,88115
24011,61335
24012,12527
24013,47861
24014,16925
24015,79836
24016,79853
24017,79902
24018,79904
24019,79905
24020,77577
24021,78234
24022,42436
24023,05041
24024,05875
24025,26202
24026,22711
24027,87715
24028,12401
24029,76657
24030,75422
24031,79906
24032,79915
24033,79916
24034,79925
24035,79928
24036,93246
24037,06870
24038,06107
24039,50843
24040,86433
24041,01071
24042,44080
24043,25183
24044,89446
24045,01830
24046,76120
24047,78025
24048,22015
24049,26206
24050,79930
24051,76691
24052,77055
24053,24737
24054,95480
24055,45622
24056,42131
24057,49071
24058,49453
24059,66012
24060,25181
24061,25209
24062,22206
24063,22033
24064,23523
24065,98613
24066,99144
24067,65676
24068,65436
24069,98266
24070,66738
24071,51654
24072,67345
24074,77840
24075,94306
24076,95821
24077,25515
24078,36207
24079,67134
24080,32732
24081,06081
24082,84059
24083,27356
24084,67203
24085,67634
24086,94601
24087,94519
24088,94547
24089,90621
24090,91730
24091,47862
24092,17055
24093,79561
24094,79566
24095,47971
24096,47018
24097,52039
24098,95608
24099,78203
24100,78204
24101,95612
24102,17562
24103,15935
24104,46180
24105,46616
24106,46574
24107,46382
24108,36054
24109,30755
24110,78205
24111,95615
24112,78207
24113,18640
24114,38751
24115,38966
24116,24236
24117,20191
24118,19446
24119,56128
24120,47023
24121,32771
24122,61077
24123,95620
24124,78209
24125,71855
24126,71964
24127,72173
24128,72769
24129,72523
24130,71825
24131,70375
24132,47024
24133,30803
24134,95624
24135,95626
24136,95627
24137,72520
24138,72412
24139,72102
24140,74931
24141,70005
24142,52042
24143,52043
24144,95629
24145,78213
24146,71827
24147,73005
24148,74554
24149,74366
24150,74831
24151,52742
24152,49252
24153,31405
24154,95630
24155,78214
24156,78216
24157,74850
24158,74747
24159,70769
24160,70816
24161,11746
24162,78240
24163,52745
24164,61078
24165,49253
24166,52746
24167,49254
24168,95635
24169,95637
24170,79311
24171,79313
24172,79314
24173,79316
24174,47568
24175,26298
24176,90010
24177,33066
24178,52747
24179,49255
24180,56455
24181,95640
24182,95645
24183,79322
24184,79325
24185,79339
24186,32420
24187,61344
24188,02857
24189,59353
24190,61080
24191,95646
24192,95648
24193,79345
24194,79347
24195,79358
24196,78570
24197,78224
24198,95686
24199,31406
24200,52750
24201,52751
24202,95659
24203,95660
24204,95661
24205,95662
24206,79359
24207,79360
24208,23442
24209,97132
24210,17857
24211,47470
24212,33068
24213,59401
24214,95663
24215,95664
24216,78232
24217,79363
24218,79364
24219,79376
24220,15853
24221,15203
24222,19008
24223,63353
24224,52753
24225,31408
24226,78233
24227,95672
24228,78236
24229,79377
24230,79379
24231,79382
24232,79403
24233,79412
24234,17776
24235,18210
24236,72351
24237,33070
24238,49267
24239,49268
24240,52760
24241,78239
24242,32114
24243,34209
24244,33835
24245,33183
24246,79407
24247,79414
24248,79424
24249,79503
24250,79508
24251,42635
24252,32767
24253,56119
24254,31411
24255,49270
24256,33073
24257,46226
24258,47923
24259,46201
24260,79530
24261,79534
24262,79538
24263,39647
24264,47016
24265,36550
24266,49271
24267,31415
24268,33109
24269,95607
24270,46755
24271,47978
24272,46540
24273,79544
24274,79547
24275,79548
24276,79553
24277,52035
24278,30753
24279,36551
24280,61085
24281,22482
24282,47232
24283,98119
24284,63830
24285,65603
24286,15212
24287,18641
24288,15234
24289,02108
24290,60051
24291,60421
24292,49818
24293,49090
24294,64628
24295,98058
24296,21750
24297,01240
24298,02657
24299,61016
24300,62021
24301,60172
24302,07731
24303,08859
24304,07050
24305,08015
24306,55927
24307,55032
24308,01938
24309,97417
24310,44052
24311,40358
24312,40503
24313,07435
24314,08345
24315,08361
24316,56258
24317,56251
24318,97114
24319,24469
24320,69131
24321,42461
24322,40026
24323,41016
24324,65570
24325,63827
24326,63014
24327,63034
24328,56329
24329,56465
24330,56297
24331,80501
24332,67445
24333,66054
24334,28307
24335,54635
24336,54460
24337,64501
24338,98661
24339,98932
24340,38139
24341,63127
24342,64671
24343,58649
24344,80033
24345,80227
24346,80864
24347,53960
24348,44483
24350,30080
24351,07034
24352,69021
24353,58046
24354,58078
24355,58052
24356,08560
24357,50535
24358,06016
24359,06850
24360,06001
24361,06335
24362,06248
24363,44074
24364,43204
24365,46572
24366,04039
24367,48734
24368,04096
24369,32086
24370,86032
24371,08812
24372,08225
24373,32256
24374,27358
24375,27828
24376,43747
24377,43762
24378,60620
24379,53510
24380,45211
24381,50268
24382,32174
24383,56326
24384,54230
24385,50136
24386,29468
24387,60803
24388,13864
24389,14555
24390,11572
24391,11429
24392,33870
24393,33605
24394,32222
24395,06281
24396,14781
24397,62886
24398,36340
24399,19067
24400,10580
24401,10566
24402,11933
24403,12188
24404,33019
24405,34668
24406,33122
24407,64016
24408,64644
24409,16648
24410,16327
24411,43447
24412,43767
24413,40045
24414,34488
24415,59758
24416,59733
24417,02871
24418,18235
24419,41219
24420,57451
24421,46901
24422,98589
24423,38548
24424,16156
24425,89013
24426,57045
24428,46703
24429,46106
24430,37604
24431,57053
24432,38453
24433,48637
24434,48234
24435,48911
24436,21401
24437,20736
24438,02176
24439,24375
24440,23322
24441,23141
24442,57481
24443,62703
24444,60148
24445,48867
24446,48837
24447,07036
24448,07204
24449,65270
24450,22201
24451,47283
24452,17066
24453,60188
24454,60480
24455,35213
24456,48098
24457,85619
24458,54628
24459,53932
24460,15632
24461,02807
24462,30044
24463,36738
24464,35759
24465,49097
24466,72847
24467,84081
24468,18519
24469,18912
24470,02839
24471,45102
24472,43229
24473,43164
24474,31054
24475,30124
24476,48080
24477,84601
24478,29438
24479,94130
24480,30581
24481,15715
24482,88026
24484,85534
24485,56641
24486,45430
24487,02859
24488,02879
24489,10001
24490,49245
24491,48836
24492,91980
24493,30807
24494,05730
24495,24442
24496,49674
24497,55335
24498,55111
24499,34433
24500,71039
24501,55726
24502,16748
24503,49712
24504,49508
24505,89315
24506,12969
24507,30597
24508,33867
24509,36869
24511,30005
24512,30545
24513,56249
24514,62420
24515,49829
24516,07078
24517,08310
24518,07080
24519,19464
24520,18421
24521,62629
24522,61348
24523,96136
24524,79330
24525,07726
24526,07042
24527,07024
24528,63090
24529,15338
24530,15063
24531,61453
24532,35097
24533,63341
24534,32058
24537,26276
24538,93611
24539,18972
24540,15012
24541,15762
24542,65261
24543,63116
24544,61072
24545,35184
24546,25825
24547,54888
24548,30621
24549,30106
24550,63857
24551,64701
24552,76476
24553,75261
24554,38756
24555,26294
24556,03104
24557,03221
24558,30329
24559,89166
24560,59067
24561,37909
24562,57301
24563,61928
24564,60435
24565,03860
24566,68788
24567,68370
24568,89179
24569,48906
24570,57106
24571,61776
24572,60630
24573,60085
24574,51010
24575,52040
24576,51537
24577,68845
24578,68662
24579,75161
24580,49419
24581,48314
24582,48891
24583,61727
24584,62685
24585,60152
24586,50266
24587,50451
24588,55101
24589,76115
24590,95650
24591,90013
24592,50048
24593,49783
24594,08757
24595,07310
24596,07090
24597,62895
24598,62063
24599,40215
24600,71937
24601,17868
24602,15926
24603,66052
24604,29483
24605,29741
24606,08244
24607,07026
24608,08226
24609,15459
24610,15062
24611,42351
24612,40214
24615,08559
24616,17728
24617,04238
24618,04614
24619,15901
24620,03903
24621,04630
24622,04240
24623,70516
24624,41572
24625,40006
24626,15445
24627,15224
24628,18977
24629,16146
24630,71060
24631,04416
24632,04472
24633,04418
24634,04862
24635,04606
24636,54213
24637,54734
24638,15963
24639,17078
24640,99027
24641,62952
24642,98260
24643,32136
24644,61089
24645,60912
24646,12460
24647,27046
24648,57755
24649,63350
24650,60025
24651,60031
24652,60586
24653,49459
24654,01880
24655,49310
24656,67230
24657,93960
24658,77095
24659,94005
24660,73066
24661,98576
24662,99217
24663,45638
24664,41092
24665,66614
24666,67035
24667,67672
24668,94014
24669,77099
24670,94020
24671,25111
24672,25936
24673,41214
24674,40258
24675,44125
24676,53533
24677,66528
24678,52338
24679,66070
24680,75205
24681,78015
24682,76549
24683,24740
24684,53189
24685,53209
24686,53703
24687,25413
24688,82844
24689,12538
24690,78749
24691,76049
24692,26041
24693,25021
24694,54944
24695,43845
24696,52754
24697,26845
24698,25075
24699,03276
24700,24527
24701,98134
24703,77627
24704,13088
24705,43228
24706,44223
24707,07072
24708,03766
24709,68834
24710,68019
24711,25547
24712,10547
24713,51401
24714,56667
24715,32118
24716,95923
24717,92020
24718,43103
24719,44135
24720,93646
24721,93647
24722,93648
24723,93650
24724,46036
24725,44708
24726,21218
24727,80232
24728,94703
24729,92257
24730,90069
24731,50132
24732,52228
24733,50001
24734,93651
24735,93654
24736,77056
24737,78702
24738,77014
24739,77032
24740,93633
24741,63072
24742,65034
24743,44695
24744,43512
24745,93656
24746,93660
24747,77061
24748,93668
24749,19428
24750,73532
24751,59274
24752,99323
24753,91789
24754,96145
24755,14605
24756,52772
24757,51239
24758,50428
24759,77063
24760,77064
24761,77065
24762,93703
24763,67008
24764,66042
24765,20001
24766,37132
24767,06447
24768,70759
24769,92509
24770,11230
24771,92324
24772,94112
24773,91605
24774,90732
24775,12305
24776,92663
24777,93704
24778,77067
24779,77070
24780,40152
24781,84520
24782,28373
24783,86028
24784,62519
24785,77071
24786,02118
24787,01915
24788,01841
24789,11223
24790,91103
24791,63961
24792,93711
24793,93721
24794,77074
24795,77075
24796,29062
24797,20670
24798,04927
24799,04985
24800,48415
24801,48634
24802,48873
24803,65612
24804,94564
24805,93401
24806,77076
24807,93725
24808,93726
24809,77079
24810,04660
24811,98619
24812,02347
24813,67480
24814,38015
24815,57221
24816,10950
24817,92408
24818,94607
24819,93727
24820,93905
24821,77083
24822,77085
24823,77086
24825,61442
24826,12031
24827,01860
24828,49303
24829,57252
24830,57479
24831,60478
24832,60451
24833,78956
24834,78655
24835,77087
24836,77089
24837,77091
24838,93955
24839,01524
24840,06796
24841,80475
24842,10560
24843,60954
24844,61529
24845,60099
24846,01020
24847,01085
24848,01510
24849,01008
24850,26133
24851,25405
24852,97229
24853,17364
24854,50047
24855,50169
24856,50168
24857,21771
24858,20772
24859,92071
24860,13368
24861,76957
24862,77003
24863,16254
24864,16424
24865,56096
24866,55434
24867,55055
24868,56762
24869,02719
24870,02171
24871,20871
24872,02145
24873,93535
24874,77006
24875,97419
24876,74652
24877,55060
24878,56123
24879,64448
24880,20634
24881,73768
24882,36091
24883,93536
24884,77008
24885,77009
24886,73118
24887,73949
24888,64873
24889,58254
24890,58620
24891,87046
24892,24555
24893,93544
24894,77011
24895,77012
24896,71346
24897,11560
24898,58735
24899,07522
24900,85741
24901,86343
24902,85367
24903,22969
24904,43730
24905,93551
24906,77017
24907,76114
24908,79707
24909,25503
24910,24846
24911,32128
24912,33558
24913,32778
24914,80808
24915,80723
24916,93554
24917,77019
24918,70401
24919,70770
24920,32904
24921,32526
24922,10705
24923,30173
24924,31204
24925,18946
24926,93560
24927,77023
24928,77024
24929,12529
24930,78064
24931,32095
24932,32820
24933,33705
24934,53506
24935,97003
24936,97202
24937,97130
24938,93591
24939,77026
24940,93605
24941,93608
24942,79013
24943,37350
24944,40845
24945,83281
24946,83325
24947,34217
24948,46140
24949,39346
24950,39054
24951,72116
24952,77028
24953,93612
24954,77037
24955,93623
24956,93624
24957,59006
24958,87106
24959,12404
24960,46774
24961,62319
24962,72585
24963,72573
24964,73059
24965,93626
24966,17853
24967,19512
24968,39540
24969,38610
24970,14608
24971,10302
24972,73646
24973,73004
24974,73543
24975,93628
24976,39423
24977,72141
24978,12158
24979,10461
24980,10965
24981,74072
24982,13092
24983,93630
24984,93631
24985,72461
24986,11968
24987,13041
24988,35651
24989,10926
24990,76704
24991,77040
24992,78229
24993,77048
24994,93638
24995,28217
24996,12523
24997,15856
24998,44887
24999,44629
25000,45345
25001,43521
25002,79541
25003,79045
25004,93645
25005,46186
25006,46748
25007,46501
25008,45055
25009,44509
25010,50006
25011,50023
25013,46110
25014,51333
25015,23323
25016,23930
25017,24431
25018,47453
25019,47017
25020,50212
25021,50056
25022,52225
25023,51240
25024,50845
25025,95410
25026,98612
25027,36763
25028,25102
25029,36255
25030,36754
25031,77546
25032,94806
25033,94920
25034,62242
25035,61270
25036,61428
25037,81151
25038,30624
25039,35582
25040,28683
25041,94922
25042,43558
25043,45812
25044,92010
25045,94708
25046,93249
25047,12786
25048,13748
25049,55785
25050,52769
25051,28733
25052,27616
25053,41008
25054,41046
25055,60950
25056,62668
25057,75215
25058,17547
25059,78352
25060,06357
25061,06365
25062,06277
25063,25061
25064,27106
25065,12439
25066,57452
25067,57570
25069,10960
25070,14422
25071,12207
25072,14207
25073,11552
25074,80722
25075,06033
25076,33035
25077,33545
25078,10604
25079,82411
25080,93402
25081,02630
25082,80648
25083,13622
25084,35222
25085,43320
25086,43217
25087,12546
25088,66432
25089,21028
25090,21402
25091,13428
25092,12815
25093,54540
25094,34269
25095,21013
25096,21061
25097,21903
25098,49729
25099,55793
25100,04485
25101,14481
25102,56183
25103,85003
25104,04861
25105,16928
25106,94027
25107,94566
25108,77486
25109,94569
25110,01364
25111,74569
25112,71333
25113,22730
25114,23959
25115,05820
25116,94063
25117,77385
25118,68110
25119,95462
25120,94571
25121,77489
25122,77493
25123,81008
25124,30238
25125,55982
25126,89430
25127,38226
25128,15450
25129,17945
25130,62474
25131,43310
25132,94523
25133,94577
25134,77494
25135,94578
25136,77498
25137,20817
25138,01354
25139,21788
25140,30056
25141,06778
25142,01081
25143,12173
25144,77423
25145,77428
25146,94580
25147,77502
25148,94583
25149,77504
25150,77505
25151,97385
25152,36436
25153,68773
25154,22125
25155,13632
25156,13806
25157,58355
25158,05762
25159,15720
25160,41527
25161,45779
25162,94530
25163,94531
25164,94533
25165,94538
25166,77506
25167,77507
25168,77510
25169,94590
25170,72776
25171,84085
25172,84128
25173,17560
25174,15906
25175,22637
25176,13483
25177,49965
25178,94542
25179,77449
25180,77455
25181,94592
25182,94596
25183,94597
25184,72537
25185,19609
25186,15340
25187,02875
25189,64028
25190,15619
25191,59441
25192,06091
25193,94546
25194,77459
25195,94598
25196,94602
25197,94603
25198,94606
25199,35552
25200,71072
25201,01037
25202,28274
25203,23081
25204,92338
25205,20220
25206,28553
25207,31823
25208,77470
25209,94555
25210,77477
25211,94560
25212,77521
25213,94609
25214,94610
25215,55732
25216,16926
25217,12856
25218,72130
25219,87016
25220,94561
25221,77479
25222,94611
25223,94702
25224,77536
25225,94704
25226,56452
25228,24078
25229,45219
25230,80601
25231,80221
25232,77482
25233,77485
25234,94710
25235,94720
25236,77545
25237,94804
25240,06412
25241,81330
25242,80483
25243,29709
25244,57271
25245,78731
25246,68315
25247,68067
25248,68710
25249,69026
25250,77356
25251,77357
25252,80476
25253,12062
25254,38647
25255,11782
25256,10952
25257,68023
25258,75683
25259,77358
25260,94122
25261,56257
25262,66517
25263,21794
25264,20740
25265,12025
25266,02748
25267,85742
25268,14304
25269,13029
25270,77363
25271,94124
25272,77367
25273,94127
25274,94128
25275,21668
25276,27701
25277,28701
25278,20743
25279,20794
25280,21865
25281,14092
25282,94545
25283,50206
25284,66746
25285,77371
25286,77374
25287,28098
25288,54469
25289,54652
25290,12525
25291,21076
25292,02021
25293,77406
25294,66865
25295,29546
25296,29666
25297,08890
25298,18507
25299,04046
25300,77375
25301,94305
25302,94403
25303,12211
25304,14873
25305,77415
25306,77417
25307,94518
25308,04487
25309,04349
25310,03905
25311,71362
25312,77381
25313,66226
25314,67637
25315,13042
25316,16120
25317,47611
25318,02670
25319,94501
25320,94502
25321,77388
25322,77389
25323,04681
25324,54234
25325,32437
25326,53033
25327,82943
25329,61540
25330,77407
25331,94512
25332,94514
25333,94516
25334,21742
25335,79543
25336,53944
25337,95955
25338,49679
25339,03470
25340,44666
25341,77419
25342,94520
25343,78373
25344,35078
25345,48865
25346,11208
25347,94563
25348,03264
25349,03077
25350,78591
25351,44065
25352,94505
25353,94506
25354,94509
25355,84042
25356,84075
25357,72747
25358,77302
25359,03032
25360,68949
25361,68973
25362,68004
25363,68301
25364,42159
25365,62943
25366,61413
25367,06112
25368,11232
25369,45429
25370,45148
25371,45390
25372,77303
25373,77304
25374,94024
25375,68827
25376,69154
25377,13202
25378,13477
25379,06418
25380,49052
25381,15337
25382,41034
25383,41360
25384,57046
25385,77306
25386,94025
25387,94030
25388,12443
25389,13207
25390,92372
25391,52583
25392,66872
25393,02831
25394,11220
25395,55121
25396,55929
25397,47334
25398,78411
25399,64770
25400,94037
25401,94038
25402,94044
25403,94061
25404,29385
25405,29590
25406,07088
25407,56531
25408,33865
25409,34737
25410,52632
25411,56438
25412,77336
25413,94065
25414,77338
25415,77339
25416,16929
25417,04107
25418,04739
25419,31066
25421,60176
25422,61560
25423,56362
25424,56623
25425,94080
25426,77346
25427,94089
25428,94103
25429,94107
25430,04217
25431,04575
25432,04442
25433,04227
25434,54447
25435,60053
25436,90292
25437,96114
25438,65285
25439,68825
25440,68791
25441,77355
25442,94115
25443,20688
25445,52768
25446,06354
25447,70453
25448,12164
25449,38543
25450,34216
25451,77904
25452,95324
25453,95130
25454,95132
25455,95133
25456,77702
25457,78559
25458,78560
25459,78561
25460,78565
25461,78569
25462,43414
25463,78596
25464,78597
25465,95330
25466,77960
25467,77961
25468,95134
25469,95136
25470,95140
25471,96019
25472,78572
25473,78573
25474,78607
25475,12941
25476,35775
25477,77962
25478,77973
25479,77974
25480,77707
25481,77708
25482,95205
25483,95207
25484,95209
25485,78574
25486,78575
25487,78576
25488,75671
25489,57650
25490,10278
25491,04556
25492,39824
25493,55758
25494,20617
25495,77975
25496,95341
25497,95346
25498,95210
25499,95212
25500,95226
25501,95227
25502,78577
25503,96033
25504,96040
25505,78585
25506,96059
25507,05840
25508,83425
25509,17768
25510,77982
25511,95350
25512,77837
25513,95240
25514,78589
25515,78590
25516,78592
25517,78595
25518,96073
25519,26667
25520,49757
25521,25979
25522,71823
25523,98583
25524,48627
25525,77983
25526,77991
25527,78001
25528,77853
25529,77867
25530,04491
25531,53022
25532,50528
25533,06451
25534,67111
25535,78257
25536,18301
25537,78009
25538,95367
25539,78011
25540,04658
25541,04572
25542,04568
25543,78371
25544,06480
25545,25690
25546,12732
25547,77565
25548,15666
25549,18960
25550,98261
25551,24520
25552,04563
25553,58580
25554,54966
25555,95111
25556,28720
25557,60921
25558,95864
25559,16153
25560,18414
25561,78005
25562,78007
25563,78008
25564,76958
25565,29932
25566,78550
25567,01001
25568,28447
25569,16057
25570,17032
25571,18651
25572,93526
25573,32403
25574,05351
25575,57659
25576,32816
25577,26210
25578,18636
25579,24935
25580,01845
25581,01504
25582,21810
25583,38839
25584,03262
25585,83337
25586,41739
25587,15679
25588,15143
25589,30291
25590,87824
25591,78841
25592,27533
25593,04613
25594,13441
25595,12032
25596,18220
25597,03245
25598,44040
25599,56594
25600,16311
25601,30092
25602,49058
25603,93529
25604,77642
25605,95113
25606,16745
25607,07648
25608,56668
25609,10464
25610,25205
25611,05440
25612,12922
25613,05065
25614,49012
25615,48649
25616,49232
25617,48334
25618,95118
25619,95121
25620,95122
25621,05448
25622,05342
25623,98256
25624,24250
25625,72536
25626,30609
25627,49645
25628,49685
25629,95307
25630,77660
25631,95125
25632,95126
25633,03047
25634,17220
25635,42047
25636,25651
25637,27964
25638,17041
25639,77446
25640,04859
25641,01945
25642,77873
25643,77876
25644,77878
25645,77662
25646,77663
25647,98946
25648,46301
25649,12036
25650,70609
25651,14061
25652,63073
25653,63448
25654,80757
25655,15849
25656,95313
25657,95316
25658,95319
25659,95328
25660,95127
25661,95128
25662,95129
25663,95010
25664,95012
25665,95019
25666,95030
25667,67563
25668,33924
25669,33839
25670,80815
25671,13068
25672,55751
25673,61778
25674,66741
25675,65778
25676,14898
25677,60951
25678,06825
25679,77611
25680,77616
25681,95039
25682,13033
25683,78391
25684,21830
25685,78245
25686,78250
25687,06092
25688,25214
25689,42273
25690,79560
25691,95050
25692,95051
25693,95054
25694,95065
25695,95910
25696,95934
25697,95937
25698,95688
25699,95689
25700,24486
25701,67954
25702,95066
25703,95073
25704,78414
25705,78419
25706,95948
25707,95951
25708,78501
25709,78253
25710,78255
25711,83686
25712,95110
25713,27607
25714,78503
25715,95970
25716,95975
25717,95982
25718,95693
25719,78259
25720,78260
25721,83540
25722,74577
25723,28450
25724,26541
25725,53808
25726,01770
25727,48721
25728,49822
25729,95695
25730,95698
25731,95701
25732,67645
25733,19801
25734,19804
25735,20016
25736,20037
25737,92315
25738,10309
25739,11426
25740,95961
25741,95962
25742,95714
25743,95715
25744,95721
25745,42123
25746,57620
25747,14739
25748,15558
25749,78549
25750,95993
25751,78557
25753,39525
25754,95722
25755,95728
25756,95742
25757,04093
25758,04564
25759,92093
25760,98591
25761,25048
25762,54977
25763,94903
25764,23426
25765,14841
25766,50862
25767,78336
25768,78340
25769,95746
25771,61272
25772,94923
25773,62869
25774,36034
25775,78248
25776,78526
25777,78537
25778,95747
25779,78353
25780,95762
25781,77551
25782,77560
25783,94929
25784,94930
25785,77562
25786,49680
25787,49625
25788,63460
25789,78402
25790,95914
25791,78404
25792,78406
25793,95811
25794,95816
25795,95820
25796,94937
25797,77563
25798,77655
25799,41777
25800,95925
25801,78408
25802,95926
25803,78370
25804,95824
25805,95825
25806,94946
25807,94949
25808,94951
25809,14895
25810,06481
25811,06755
25812,06477
25813,95930
25814,78412
25815,95932
25816,78379
25817,95828
25818,95829
25819,77568
25820,94954
25821,49812
25822,26671
25823,31637
25824,95841
25825,73661
25826,62617
25827,75838
25828,65409
25829,78004
25830,77571
25831,94960
25832,94965
25833,24916
25834,43450
25835,64440
25836,83706
25837,54424
25838,15848
25839,82332
25840,94971
25841,94973
25842,77573
25843,83832
25844,83214
25845,81615
25846,06082
25847,10541
25848,37010
25849,42236
25850,95003
25851,95005
25852,95006
25853,50275
25854,50010
25855,50208
25856,79052
25857,79054
25858,85016
25859,86403
25860,34761
25861,78159
25862,78160
25863,52320
25864,45320
25865,44146
25866,79056
25867,79058
25868,32205
25869,32163
25870,34747
25871,95602
25872,78164
25873,45056
25874,44010
25875,44417
25876,44046
25877,79061
25878,79064
25879,34956
25880,33136
25881,32819
25882,32181
25883,95606
25884,40347
25885,51004
25886,52804
25887,52411
25888,79068
25889,79072
25890,79082
25891,79093
25892,32311
25893,34465
25894,54639
25895,54129
25896,50021
25897,50036
25898,50475
25899,79094
25900,79103
25901,91406
25902,33538
25903,46815
25904,46032
25905,53548
25906,53210
25907,53154
25908,50560
25909,50005
25910,51364
25911,55117
25912,55125
25913,79104
25914,79107
25915,79118
25916,46050
25917,95486
25918,78104
25919,78107
25920,41847
25921,81138
25922,30312
25923,48124
25924,78672
25925,55350
25926,55991
25927,56054
25928,79247
25929,79251
25930,79255
25931,79258
25932,70585
25933,95492
25934,95497
25935,60044
25936,53079
25937,78069
25938,64012
25939,55106
25940,65351
25941,97451
25942,84782
25943,78109
25944,95501
25945,58737
25946,78742
25947,78870
25948,78879
25949,65764
25950,63037
25951,79124
25952,79233
25953,78113
25954,95511
25955,78883
25956,78931
25957,78932
25958,65663
25959,58746
25960,70583
25961,91405
25962,75235
25963,95519
25964,95524
25965,78122
25966,95537
25967,78941
25968,78962
25969,58495
25970,58384
25971,08823
25972,07010
25973,50250
25974,55319
25975,55103
25976,78130
25977,95547
25978,78963
25979,79005
25980,85022
25981,33880
25982,33952
25983,55006
25984,55049
25985,78140
25986,78142
25987,78145
25988,78146
25989,79007
25990,43214
25991,45653
25992,32955
25993,32506
25994,32159
25995,34705
25996,55322
25997,55974
25998,95554
25999,78154
26000,44260
26001,43016
26002,79015
26003,79021
26004,79024
26005,79025
26006,79032
26007,79034
26008,56087
26009,65761
26010,95565
26011,95567
26012,43912
26013,43772
26014,79039
26015,79040
26016,63468
26017,58722
26018,58445
26019,95569
26020,95571
26021,52722
26022,51467
26023,50124
26024,52175
26025,79041
26026,79043
26027,79044
26028,58036
26029,85383
26030,85020
26031,95385
26032,95388
26033,38559
26034,38326
26035,01254
26036,34138
26037,50427
26038,19145
26039,19120
26040,78656
26041,78660
26042,95401
26043,95403
26044,37143
26045,37337
26046,16059
26047,15068
26048,78662
26049,78664
26050,07018
26051,07063
26052,95405
26053,95407
26054,78039
26055,57469
26056,60706
26057,62054
26058,62544
26059,17302
26060,18446
26061,08690
26062,07407
26063,07095
26064,08872
26065,07069
26066,95409
26067,95417
26068,95439
26069,40402
26070,78681
26071,78701
26072,78703
26073,17350
26074,18940
26075,63557
26076,98034
26077,63118
26078,95420
26079,78041
26080,78712
26081,78730
26082,78734
26083,78737
26084,31831
26085,30189
26086,64859
26087,59749
26088,95426
26089,95442
26090,78747
26091,78748
26092,78754
26093,31060
26094,89423
26095,98367
26096,98837
26097,78055
26098,95446
26099,78059
26100,78717
26101,78719
26102,78723
26103,48197
26104,78608
26105,37694
26106,38057
26107,37141
26108,95452
26109,95456
26110,95465
26111,78741
26112,78745
26113,78746
26114,96092
26115,78612
26116,57794
26117,57528
26118,60647
26119,95467
26120,78066
26121,78802
26122,78827
26123,78830
26124,78843
26125,78613
26126,78615
26127,61944
26128,60018
26129,78101
26130,48186
26131,49411
26132,78724
26133,78725
26134,78729
26135,78617
26136,78619
26137,60543
26138,62075
26139,49277
26140,49120
26141,60516
26142,62650
26143,78623
26144,96106
26145,96109
26146,62920
26147,62428
26148,49096
26149,08083
26150,07420
26151,07110
26152,08043
26153,07624
26154,62257
26155,60110
26156,60467
26157,96113
26158,96119
26159,96121
26160,45742
26161,44053
26162,40211
26163,07108
26164,07508
26165,64643
26166,61301
26167,60178
26168,61240
26169,78628
26170,96128
26171,40213
26172,41048
26173,40210
26174,63780
26175,65230
26176,28399
26177,59323
26178,96132
26179,96133
26180,96135
26181,41238
26182,54935
26183,53716
26184,59065
26185,65017
26186,49805
26187,83844
26188,56226
26189,95253
26190,05776
26191,96140
26192,96146
26193,53555
26194,78012
26195,95376
26196,78016
26197,59480
26198,98930
26199,23126
26200,22535
26201,16680
26202,78640
26203,78652
26204,95380
26205,78021
26206,98115
26207,98117
26208,98118
26209,98125
26210,98236
26211,98239
26212,98249
26213,85131
26214,80138
26215,70123
26216,87116
26217,97489
26218,73718
26219,98133
26220,98144
26221,88025
26222,98253
26223,98257
26224,83404
26225,97136
26226,84088
26227,80203
26228,89149
26229,97492
26230,97493
26231,75437
26232,76059
26233,76060
26234,76061
26237,98262
26239,89156
26240,71839
26241,70124
26242,80204
26243,91741
26244,97495
26245,80755
26246,86404
26247,76063
26249,98270
26253,84093
26254,87120
26255,90255
26256,72348
26257,73724
26258,76064
26259,76066
26260,76070
26263,70128
26264,73082
26265,97140
26266,89178
26267,91744
26268,75433
26269,88024
26270,81418
26271,74469
26272,76071
26273,74470
26277,83435
26278,85137
26279,70125
26280,89183
26281,75237
26282,72204
26283,80652
26284,86029
26285,74130
26286,92374
26287,74471
26288,74477
26289,86426
26290,92377
26292,97147
26293,97149
26294,70127
26296,80207
26297,73077
26298,67876
26299,98004
26300,98033
26301,75058
26302,92378
26303,76084
26304,89314
26305,84102
26306,80211
26307,84103
26308,90262
26311,80209
26312,87109
26313,70119
26314,85373
26315,92253
26316,92382
26317,92385
26318,92391
26320,98274
26321,98275
26322,73079
26323,97146
26324,97477
26325,72329
26326,98043
26327,98047
26328,83255
26329,76086
26330,76087
26331,92394
26332,87123
26333,71853
26334,97201
26335,80737
26336,80740
26337,72330
26338,80742
26339,83262
26340,98052
26341,86440
26342,92395
26343,92398
26344,83335
26345,98158
26346,98178
26347,75421
26348,72333
26349,85374
26350,97478
26351,98053
26352,98057
26353,83271
26354,74530
26355,76103
26356,92404
26357,98198
26358,98204
26359,91732
26360,80744
26361,73716
26362,80745
26363,83274
26364,98070
26365,74536
26366,74546
26367,76106
26368,83344
26369,87113
26370,75065
26371,80747
26372,88011
26373,98072
26374,83283
26375,98077
26376,74549
26377,98208
26378,98220
26379,80136
26380,89146
26381,90248
26382,70122
26383,97480
26384,85377
26385,72339
26386,72341
26387,98087
26388,98104
26389,83312
26390,98225
26391,98229
26392,97133
26393,90249
26394,91739
26395,85379
26396,72342
26397,91740
26398,98108
26399,98109
26400,98110
26401,83353
26402,98232
26403,98233
26404,71834
26405,73072
26406,97122
26407,73062
26408,70644
26409,75416
26410,80736
26411,73650
26412,75241
26413,67841
26414,67842
26415,67846
26416,67849
26417,80128
26418,73063
26419,73701
26420,70646
26421,72903
26422,80640
26423,80642
26424,67850
26425,67853
26426,67854
26427,67857
26428,84074
26430,75937
26431,71325
26432,75243
26433,80644
26434,80645
26435,67859
26436,67864
26437,67865
26438,80129
26439,73064
26440,90230
26441,85122
26442,72923
26443,92254
26444,81327
26445,73654
26446,97461
26447,67868
26448,67870
26449,67871
26450,67877
26452,97124
26453,97127
26454,71331
26455,72932
26456,91606
26457,70605
26458,87930
26459,67880
26460,67882
26461,67951
26462,87110
26463,73068
26464,87111
26465,89139
26466,86042
26467,74343
26468,70607
26469,75252
26470,87936
26471,67953
26472,83201
26473,98003
26474,85128
26475,90245
26476,87112
26477,81332
26478,74332
26479,72935
26480,74333
26481,75253
26482,70615
26483,74108
26484,86023
26485,74110
26486,98007
26487,98008
26488,83210
26489,75063
26490,97465
26491,72209
26492,70630
26493,72941
26494,74339
26495,72944
26496,72835
26497,92234
26498,74112
26499,92236
26500,98019
26501,98020
26502,83220
26503,98023
26504,87941
26505,97466
26506,85364
26507,74344
26508,98042
26509,81233
26510,72838
26511,98026
26512,83235
26513,80701
26514,72212
26515,71339
26516,72938
26517,72940
26518,72841
26519,81237
26520,83241
26521,83243
26522,70631
26523,80720
26524,72227
26525,73664
26526,71302
26527,74146
26528,72908
26529,81239
26530,92240
26531,74115
26532,83245
26533,98036
26534,75401
26535,91709
26536,92252
26537,72916
26538,71286
26539,74117
26540,72845
26541,81244
26542,74128
26543,83250
26544,85120
26545,80729
26546,73673
26547,80731
26548,71322
26549,71323
26550,71291
26551,81251
26552,84069
26553,80125
26554,80733
26555,75411
26556,87823
26557,97455
26558,72202
26559,92243
26560,74129
26561,92249
26562,74132
26563,97115
26564,90212
26565,73058
26566,80126
26567,90220
26568,70637
26569,91722
26570,75238
26571,91502
26572,73645
26573,85355
26574,72865
26575,75931
26576,74135
26578,97117
26579,72320
26580,70643
26581,75240
26582,80634
26583,92251
26584,72901
26585,67838
26586,84073
26587,70117
26588,71766
26589,76474
26590,98321
26591,76823
26592,93313
26593,76827
26599,72415
26600,70757
26601,98323
26602,73773
26603,80902
26604,76828
26605,76832
26606,98366
26607,83545
26608,80836
26609,73766
26610,72417
26611,88081
26612,97543
26613,75493
26614,98368
26616,83547
26617,71922
26618,89420
26619,85205
26620,73110
26621,97534
26622,70760
26623,91801
26624,97544
26625,85552
26626,98371
26627,83602
26628,84305
26629,90504
26630,97218
26631,84308
26632,84309
26633,80860
26634,70762
26635,80862
26636,73771
26637,70767
26638,91901
26639,98372
26640,98373
26641,85210
26642,80249
26643,80233
26644,70363
26645,85206
26646,72425
26647,97539
26648,75489
26649,72437
26650,85601
26655,75093
26656,80235
26657,70364
26658,87317
26659,84104
26660,80219
26661,76109
26662,76117
26663,91902
26664,76628
26665,93250
26666,76632
26667,98390
26669,98391
26670,89427
26671,71933
26673,75082
26674,85201
26675,70355
26676,76633
26677,76635
26678,75104
26679,71950
26680,97224
26681,84315
26682,90601
26683,90602
26684,91775
26685,70752
26686,74959
26687,76636
26688,76638
26689,98375
26695,85207
26696,80238
26697,84318
26698,73116
26699,76432
26700,92869
26701,92879
26702,76640
26703,93263
26704,76648
26705,98394
26706,98396
26707,98404
26708,84326
26709,84327
26710,84320
26711,85208
26712,90605
26713,74964
26714,76443
26715,76649
26716,93267
26718,98327
26719,98329
26720,98330
26721,97222
26722,80246
26723,89431
26724,85209
26725,76444
26726,76445
26727,93270
26728,76664
26729,76666
26730,93276
26733,98333
26734,98337
26735,89433
26736,70380
26737,93003
26738,76452
26739,76455
26740,76671
26741,76673
26742,93280
26743,98335
26744,98338
26745,97223
26746,87322
26748,93012
26749,93013
26750,76680
26751,93286
26752,93291
26755,88048
26756,72411
26757,75480
26758,76460
26759,76463
26760,93301
26761,93305
26762,76708
26763,76710
26764,98339
26765,98345
26766,83526
26767,98346
26768,80833
26769,73763
26770,70756
26771,80835
26772,76471
26773,76472
26774,76802
26775,76820
26776,98351
26777,98353
26778,98357
26779,83541
26780,83444
26781,83450
26782,85531
26783,72390
26784,90275
26785,85142
26786,74553
26787,92410
26788,83451
26791,72394
26792,72395
26793,91766
26794,75076
26795,90277
26796,89405
26797,74556
26798,74557
26799,92501
26801,98295
26803,88034
26804,70732
26805,88043
26806,73090
26807,97205
26808,90278
26809,76108
26810,92503
26811,83455
26812,83462
26813,70740
26814,73759
26815,80829
26816,73095
26817,71860
26818,74562
26819,92504
26821,98311
26824,70747
26825,76388
26826,92823
26827,75078
26828,84113
26829,97206
26830,97209
26831,91745
26832,76110
26833,74570
26834,76111
26835,75080
26836,84116
26837,73098
26838,92835
26839,92840
26840,92844
26841,92845
26842,92860
26843,75438
26844,75439
26845,72358
26846,92508
26847,74578
26848,76116
26849,84117
26850,75081
26851,87301
26852,75476
26853,70749
26854,72404
26855,73728
26856,91746
26857,88029
26858,73730
26859,74604
26860,92532
26861,89408
26862,97211
26863,80222
26864,76389
26865,92831
26866,92832
26867,92833
26868,85387
26869,91748
26870,85388
26871,92536
26872,74630
26873,76118
26874,84118
26876,70344
26877,92861
26878,76427
26879,92867
26880,75442
26881,80801
26882,73733
26883,80802
26884,92539
26885,92543
26886,73102
26887,70345
26888,84119
26889,90305
26890,91780
26891,80831
26892,76164
26893,92808
26894,97501
26895,70663
26896,76119
26897,74643
26899,87310
26900,70352
26901,85536
26902,80822
26903,70734
26904,75447
26905,73735
26906,72364
26907,76126
26908,74644
26909,84120
26910,75088
26911,90403
26913,80824
26914,75468
26915,75470
26916,91752
26917,80807
26918,70669
26919,86508
26920,74647
26921,70356
26922,80228
26923,87312
26924,73757
26925,75471
26926,91770
26927,72368
26928,85395
26929,73738
26930,80810
26931,70710
26932,74651
26933,92557
26934,76133
26935,76135
26937,70358
26938,73108
26939,85204
26940,80212
26942,73741
26943,72373
26944,72374
26945,76137
26946,76140
26947,76148
26948,76155
26950,90501
26951,84301
26952,80231
26953,70129
26954,90274
26955,72376
26956,91762
26957,70719
26958,98279
26959,98280
26961,98281
26962,75457
26963,91764
26964,73749
26966,84105
26967,80215
26968,72384
26969,73747
26970,98282
26972,83443
26975,98286
26976,76548
26977,93225
26978,76852
26979,98590
26980,98593
26981,83676
26982,98596
26983,97305
26985,76556
26986,89512
26987,73447
26988,93428
26989,93432
26990,98602
26991,98604
26992,72016
26994,72021
26995,85260
26996,93434
26997,76857
26998,98605
26999,98606
27000,72017
27001,84529
27002,85625
27003,85626
27004,85627
27005,73937
27006,76858
27007,93441
27008,76861
27009,83687
27010,83703
27011,83704
27012,90731
27013,80444
27014,85259
27015,75602
27016,80919
27017,92009
27018,93442
27019,76865
27020,98621
27021,98624
27022,90740
27023,70445
27024,87415
27025,97707
27026,70817
27027,76866
27028,76875
27029,98632
27030,98635
27031,75105
27032,84330
27033,70394
27034,80304
27035,75603
27036,97710
27037,93512
27038,93522
27039,93530
27040,98640
27041,98644
27042,83804
27043,83809
27044,72447
27045,91914
27046,92595
27047,74748
27048,97712
27049,92019
27050,83837
27051,83840
27052,83845
27053,98663
27054,83813
27055,98664
27056,76244
27057,98466
27058,90660
27059,87402
27060,72512
27061,71003
27062,93463
27063,76934
27064,98671
27065,98673
27066,75562
27067,70811
27068,76483
27069,93108
27070,71004
27071,72517
27072,80922
27073,71007
27074,76955
27075,83836
27076,83824
27077,83826
27078,98682
27079,93111
27080,76524
27081,92021
27082,80925
27083,72526
27084,76557
27085,98683
27086,98684
27087,98686
27088,90712
27089,93204
27090,93205
27091,72527
27092,80929
27093,80939
27094,80951
27095,93230
27096,76561
27097,72011
27098,75135
27099,70436
27100,76527
27101,93206
27102,71023
27103,92025
27104,93239
27105,93245
27106,93247
27108,84513
27109,73425
27110,75137
27111,76530
27112,93212
27113,72533
27114,81001
27115,72538
27116,93405
27117,93410
27118,76622
27119,76626
27120,83669
27121,80436
27122,84516
27123,73430
27124,76542
27125,93219
27126,76841
27127,76842
27128,83670
27129,90717
27130,89506
27131,85254
27132,73440
27133,93220
27134,93221
27135,76845
27136,76848
27137,93424
27138,98587
27139,98588
27140,98526
27141,83642
27142,73853
27143,72460
27144,73857
27145,90630
27146,70395
27147,85213
27148,80301
27149,92571
27150,76177
27151,83644
27152,83646
27153,98555
27154,83648
27155,70805
27156,80910
27157,85614
27158,84338
27159,89442
27160,71956
27161,76179
27162,92584
27163,92587
27164,98560
27165,98564
27166,83651
27167,97632
27168,85615
27169,84340
27170,84341
27171,97230
27172,92590
27173,76205
27174,74731
27175,98572
27176,98579
27177,73858
27178,80911
27179,73135
27180,97231
27181,76207
27182,92596
27183,83660
27184,98581
27185,83666
27186,75115
27187,73151
27188,85616
27189,80916
27190,91978
27191,70420
27192,73141
27193,73142
27194,73145
27195,74738
27196,76210
27197,92602
27198,71961
27199,75116
27200,71965
27201,97239
27202,76487
27203,76491
27204,80904
27205,72438
27206,72440
27207,92606
27208,92610
27209,76226
27210,92612
27211,71968
27212,85233
27213,73859
27214,72471
27215,88132
27216,75495
27217,91905
27218,92620
27219,74755
27220,74760
27221,74761
27222,92626
27223,71970
27224,97266
27225,85234
27226,75573
27227,70814
27228,72479
27229,92007
27230,75601
27231,72442
27232,72443
27233,76238
27234,76239
27235,92637
27237,80420
27238,76501
27239,93063
27240,93064
27241,75497
27242,88113
27243,92646
27244,76245
27245,76251
27246,84404
27247,72001
27248,73860
27249,85620
27250,80915
27251,73834
27252,70776
27253,92651
27254,74824
27255,74827
27256,80421
27257,89448
27258,70815
27259,93041
27260,93042
27261,88114
27262,73835
27263,92657
27264,98405
27266,98407
27267,98408
27268,90670
27269,85248
27270,84405
27271,93067
27272,76504
27273,76511
27274,93202
27275,91910
27276,85603
27277,70782
27278,98409
27279,98418
27280,98421
27281,98444
27282,89451
27283,97301
27285,73931
27286,72473
27287,70809
27288,73838
27289,80906
27290,83619
27291,98445
27292,90703
27293,84414
27294,90704
27295,70390
27296,73120
27297,84331
27298,85605
27299,91911
27300,70787
27301,98498
27302,98499
27303,98502
27304,75126
27305,85251
27307,84332
27308,80294
27309,70393
27310,85212
27311,73122
27312,97225
27313,97227
27314,70788
27315,70789
27316,80907
27317,98503
27318,98506
27319,83636
27320,90710
27321,97303
27322,72455
27323,72456
27324,75558
27325,89436
27326,84335
27327,73128
27328,72453
27329,91931
27330,91934
27331,88126
27332,70803
27333,92586
27334,98512
27335,98524
27336,92060
27337,72611
27338,91040
27339,73527
27340,91042
27341,75968
27342,72951
27343,99346
27344,99349
27345,99352
27346,92061
27347,89003
27348,91101
27349,72639
27350,71073
27351,71355
27352,71356
27353,72952
27354,99354
27355,99356
27356,99357
27357,80004
27358,89005
27359,85008
27360,92078
27361,72642
27362,71078
27363,74349
27364,92276
27365,72955
27366,81427
27367,99360
27368,99403
27370,73006
27371,90006
27372,85718
27373,74020
27374,92083
27375,74352
27376,71358
27377,89060
27378,89061
27379,80002
27380,89002
27381,80007
27382,97008
27383,85009
27384,73008
27385,85719
27386,75692
27387,72956
27388,75976
27389,84002
27390,85006
27391,97005
27392,84005
27393,72055
27394,70501
27395,74021
27396,75693
27397,75977
27398,92280
27399,92281
27400,83849
27401,83851
27402,98860
27403,87417
27404,84633
27405,97366
27406,85301
27407,81063
27408,85737
27409,71366
27410,71367
27411,73453
27412,90803
27413,71048
27414,92660
27415,75163
27416,84635
27417,91007
27418,84636
27419,88264
27420,97835
27421,81058
27422,71368
27423,71369
27424,74840
27425,76364
27426,98950
27427,99017
27428,72060
27429,72061
27430,84637
27431,74022
27432,75701
27433,81501
27434,76001
27435,81503
27436,76006
27437,99203
27438,84627
27439,90813
27440,84638
27441,91010
27444,85303
27445,74023
27446,88267
27447,71375
27448,74369
27449,84628
27450,85297
27451,70471
27452,84640
27453,89826
27454,75667
27455,72617
27456,72619
27457,71378
27458,74370
27459,85298
27460,97362
27462,74010
27463,89828
27464,97371
27465,71061
27466,74015
27467,72629
27468,76009
27469,71404
27470,80481
27471,84632
27472,84645
27473,87511
27474,81045
27475,85711
27476,92066
27477,99223
27478,99322
27479,99324
27480,85704
27481,92056
27482,74011
27483,75165
27485,72631
27486,92067
27487,99330
27488,99337
27489,81025
27490,81030
27491,85705
27492,70507
27493,91016
27494,87516
27495,71067
27496,88252
27497,85713
27498,99341
27499,99343
27500,99345
27501,97813
27502,88232
27503,74012
27504,87517
27505,87518
27506,88253
27507,85714
27508,85715
27509,81419
27510,72949
27511,74833
27512,76262
27513,76264
27514,99025
27515,99026
27516,98831
27517,98834
27518,98836
27519,84539
27520,70455
27521,85281
27522,74836
27523,74839
27524,74842
27525,74844
27526,99029
27527,99033
27528,99036
27529,99118
27530,83866
27531,83870
27532,89704
27533,70456
27534,76266
27535,92673
27536,99113
27537,99126
27538,83876
27539,99128
27540,97341
27541,90804
27542,75150
27544,76270
27545,76271
27546,99135
27547,99147
27548,99148
27549,98846
27550,98848
27551,97344
27552,72539
27553,72540
27554,92675
27555,76301
27556,76302
27557,99150
27558,99205
27559,99207
27560,99216
27561,98851
27562,98852
27563,75640
27564,75642
27565,81003
27566,74856
27567,76306
27568,90808
27569,85295
27571,70463
27572,70464
27573,90810
27574,98857
27575,98901
27576,92027
27577,71033
27578,73951
27579,74857
27580,76309
27581,92691
27582,99154
27583,99160
27584,99161
27585,98923
27586,98933
27587,98934
27588,72544
27589,92028
27590,92694
27591,92701
27592,74865
27593,92704
27594,80461
27595,80463
27596,90805
27598,85284
27599,98935
27600,98936
27601,72554
27602,92029
27603,76363
27604,74873
27605,74875
27606,92780
27607,72041
27608,80478
27609,98938
27610,72022
27611,75146
27612,85646
27613,75651
27614,76377
27615,76379
27616,74902
27617,99167
27618,99170
27619,73448
27620,87418
27621,71044
27622,92037
27623,72561
27624,74930
27625,92805
27627,75155
27628,84620
27629,84622
27630,75147
27631,70448
27632,74006
27633,92807
27634,98942
27635,70466
27636,97357
27637,70449
27639,71047
27640,72566
27641,98947
27642,99003
27643,99179
27644,99181
27645,70450
27646,80451
27647,81007
27648,72568
27649,72577
27650,99009
27651,99011
27652,83846
27653,98813
27654,98821
27655,89523
27656,85266
27657,72025
27658,85658
27659,72578
27660,99013
27661,99016
27662,83854
27663,83855
27664,73458
27665,80453
27666,72030
27667,72579
27668,72583
27669,99019
27670,99021
27671,99023
27672,83857
27673,98828
27675,90802
27677,81022
27678,76261
27679,88341
27680,71129
27681,73566
27682,85340
27683,85341
27684,81131
27685,72730
27686,92124
27687,70067
27688,90037
27689,87029
27690,88343
27691,90043
27692,80031
27693,92126
27694,85934
27695,72739
27696,69128
27697,45741
27698,67449
27699,69129
27700,80023
27701,85034
27702,70068
27703,84043
27704,80101
27705,90044
27706,88411
27707,75780
27708,74060
27709,67451
27710,67452
27711,45760
27712,69135
27713,84040
27714,90040
27715,85035
27717,70082
27718,97909
27719,71223
27720,67456
27721,45764
27722,97054
27723,90041
27724,84041
27725,75039
27726,85042
27727,72742
27728,72760
27729,71243
27730,45768
27731,45770
27732,69140
27733,75034
27734,73034
27735,80030
27736,85040
27737,71720
27738,71722
27739,92128
27740,75784
27741,92129
27742,45771
27743,45772
27744,92103
27745,90011
27746,80012
27747,90018
27748,89835
27749,91106
27750,89084
27751,73549
27752,97408
27753,92145
27754,75791
27755,75792
27756,45773
27757,45775
27758,45778
27759,75204
27760,76052
27761,97035
27762,70058
27763,71662
27764,75212
27765,87566
27766,87567
27767,91324
27768,72113
27769,67514
27770,69167
27771,67518
27772,69168
27773,69170
27774,67460
27775,69143
27776,45784
27777,91214
27779,84662
27780,73551
27781,80526
27782,73552
27783,73553
27784,71229
27785,88422
27786,81146
27787,92132
27788,92135
27789,69144
27790,45786
27791,73539
27792,91301
27793,73540
27794,75207
27795,91326
27796,80532
27797,70543
27798,71237
27799,85939
27800,45789
27801,69145
27803,70528
27804,91302
27805,97403
27806,91331
27807,80534
27808,70544
27809,73557
27810,91340
27811,92113
27812,81101
27813,97876
27814,74052
27815,69151
27816,45804
27817,67490
27819,70531
27820,87551
27821,73559
27822,84723
27823,84724
27824,71201
27825,88348
27826,88349
27827,67491
27828,69155
27829,69156
27830,72106
27831,84665
27832,72117
27833,85338
27834,72714
27835,88350
27836,85926
27837,69157
27838,69161
27839,45817
27840,67505
27841,45821
27842,87553
27843,84667
27844,91306
27845,70534
27846,97404
27847,87579
27848,87582
27849,92117
27850,72717
27851,74055
27852,67510
27853,69165
27854,87027
27855,73542
27856,84710
27857,72118
27858,73564
27859,97883
27860,72722
27861,90036
27862,87028
27863,70065
27864,89048
27865,72111
27866,87562
27867,73548
27868,88342
27869,85339
27870,72120
27871,88353
27872,92119
27873,92120
27874,92121
27875,75750
27876,85747
27877,92107
27879,89030
27880,97030
27881,75705
27882,85743
27883,71407
27884,81523
27885,70041
27886,75019
27887,90019
27888,92108
27889,81087
27890,85750
27891,74037
27892,85755
27893,90024
27894,89031
27895,84024
27896,80017
27897,71414
27898,76011
27899,74401
27900,89020
27901,89022
27902,71640
27903,75756
27904,85757
27905,88323
27906,88330
27908,70057
27909,75024
27910,81526
27911,92305
27912,71642
27913,97026
27914,81091
27915,92111
27916,74045
27917,85028
27918,73020
27919,73021
27920,73025
27921,81610
27922,86301
27923,76016
27925,97027
27926,80015
27927,74047
27928,71454
27930,75025
27931,71424
27932,71425
27934,87521
27935,86326
27936,74434
27937,80516
27939,74421
27940,76018
27942,75173
27943,71456
27944,76039
27945,86331
27946,90033
27947,71658
27948,73026
27949,71439
27950,86314
27951,97383
27952,87523
27953,73529
27954,74436
27955,76040
27956,92339
27957,87535
27958,97401
27959,86315
27960,74427
27961,74428
27962,87527
27963,85320
27964,91105
27965,70513
27966,84652
27967,71459
27968,71461
27969,92342
27970,81642
27971,87538
27972,73537
27973,74429
27974,92316
27975,92320
27976,75181
27977,70514
27978,75182
27979,97389
27981,85321
27982,92344
27983,74445
27984,71472
27985,75028
27986,71663
27987,86325
27988,85012
27989,87005
27990,87529
27993,91201
27994,76050
27995,86351
27996,90025
27997,97032
27998,85024
27999,75023
28000,84007
28001,97011
28003,84655
28004,85323
28005,84656
28006,71473
28007,74450
28008,97034
28010,89012
28011,85013
28012,75007
28013,70518
28014,84657
28015,75203
28016,92347
28017,74451
28018,84028
28019,87018
28021,87011
28022,70520
28023,72103
28024,91206
28025,97845
28026,92352
28027,74454
28028,92102
28029,72655
28030,84010
28031,84013
28032,73010
28033,97015
28034,74030
28035,81076
28036,72679
28037,81654
28038,71485
28039,81067
28040,97841
28041,72660
28042,74029
28043,90014
28044,84014
28045,75010
28046,90015
28047,75707
28048,72680
28049,92358
28050,70049
28051,70050
28052,72663
28053,97843
28054,73012
28055,90016
28056,70037
28057,85017
28058,80013
28059,72682
28060,72683
28061,92105
28062,72686
28063,75708
28064,73642
28065,91401
28066,72167
28067,25011
28068,25187
28069,03458
28070,68044
28071,73092
28073,17261
28074,13144
28075,17309
28076,80621
28077,84776
28078,81128
28079,97886
28080,69216
28081,11207
28082,10550
28083,85173
28084,71862
28085,13302
28086,13318
28087,05765
28088,92123
28089,45788
28090,67467
28091,12074
28092,66532
28093,16115
28094,04538
28095,87144
28096,70665
28098,73024
28099,85029
28100,80021
28101,90034
28102,69150
28103,45805
28104,67492
28105,67502
28106,04453
28107,70591
28108,34119
28109,75454
28110,97504
28111,85032
28112,80521
28113,84664
28114,75209
28115,67513
28118,90042
28119,78959
28120,40808
28121,70714
28122,70715
28123,73744
28124,75210
28125,97882
28126,88352
28128,75038
28129,70080
28130,36205
28131,85912
28132,84065
28133,74631
28134,92555
28135,45872
28136,87042
28137,85083
28138,73571
28139,87723
28140,84044
28141,84722
28142,87578
28143,87580
28144,60503
28145,61360
28146,38229
28147,74653
28148,92567
28149,74722
28150,74081
28151,67643
28152,67738
28153,90065
28154,84730
28155,91343
28156,72123
28157,47342
28158,47369
28159,46070
28160,21211
28161,01339
28162,74724
28165,73053
28166,73054
28167,90201
28168,23856
28169,17301
28170,15314
28171,15367
28172,88231
28173,70341
28174,33594
28175,55332
28176,35215
28177,80602
28178,73627
28179,72721
28180,72685
28181,76054
28182,11963
28183,12196
28184,45318
28185,50424
28186,21776
28187,26611
28188,21793
28189,91381
28190,72152
28191,85349
28192,73703
28193,73538
28194,59424
28195,72354
28196,92389
28197,86437
28198,21817
28199,21840
28200,17120
28201,13087
28202,17237
28203,05487
28204,75229
28205,87745
28206,80610
28207,77433
28208,76092
28209,23224
28210,92397
28211,74528
28212,03260
28213,03269
28214,01243
28215,05669
28216,05680
28217,40807
28218,72157
28219,84766
28220,24712
28221,78626
28222,92603
28223,74531
28224,92405
28225,40816
28226,55352
28227,50458
28228,84767
28229,97442
28230,95776
28231,90039
28232,65555
28233,90247
28234,74552
28235,98264
28236,83421
28237,55358
28238,08501
28239,70581
28240,80615
28241,75231
28242,79521
28243,01002
28246,98276
28247,26851
28248,08561
28249,21918
28250,08723
28251,17247
28252,87749
28253,73639
28254,85352
28255,84772
28256,72165
28257,48201
28258,66434
28259,25537
28260,11378
28261,87124
28262,84106
28263,73089
28264,72774
28265,74079
28266,70094
28267,97086
28268,73049
28269,45844
28270,67550
28271,45851
28272,73569
28273,70558
28274,84738
28275,75219
28276,72801
28277,74084
28278,86016
28279,75048
28280,84060
28281,80116
28282,67560
28283,45860
28284,69340
28285,45863
28286,67564
28287,67566
28288,91350
28289,84739
28290,80542
28291,74085
28292,74104
28293,75848
28294,75850
28295,92227
28296,84061
28297,45867
28298,45869
28299,67570
28300,67572
28301,73570
28302,72127
28303,72826
28304,72827
28305,92230
28306,75856
28307,75858
28308,97101
28309,89115
28310,67575
28311,67578
28312,89086
28313,90045
28314,87040
28315,85043
28316,80543
28317,72129
28318,71272
28319,92231
28320,71276
28321,45879
28322,71747
28323,87068
28324,84045
28326,87713
28327,91352
28328,84742
28329,45880
28330,45881
28331,67579
28332,45882
28333,45883
28334,69351
28335,80118
28337,90095
28338,80122
28339,87041
28340,84046
28341,70084
28342,72132
28343,84745
28344,69352
28345,69356
28346,45889
28347,67601
28348,73622
28349,91362
28350,73625
28351,97437
28352,89102
28353,97062
28354,75040
28355,72135
28356,84746
28357,69357
28358,67625
28359,69358
28360,89117
28361,75050
28362,89118
28363,70114
28365,87044
28366,73573
28367,91355
28368,67626
28369,45895
28370,45898
28371,97110
28372,73056
28373,84067
28374,75054
28375,80105
28376,85045
28377,90047
28378,73042
28379,72137
28380,87729
28381,87730
28382,75226
28383,67640
28384,69361
28385,67642
28386,91367
28387,73626
28388,80106
28389,90048
28390,85048
28391,75041
28392,70087
28393,84752
28394,87734
28395,80758
28396,67646
28397,67650
28398,80121
28399,97106
28400,89119
28401,90094
28402,90056
28403,70090
28404,87048
28405,87736
28406,73601
28407,71245
28408,67651
28409,67653
28410,67657
28411,67669
28412,91361
28413,85346
28414,75227
28416,87049
28417,88436
28418,71247
28419,74071
28420,67675
28421,67701
28422,67733
28423,67737
28424,67741
28425,70115
28426,97111
28427,80124
28428,73044
28429,90059
28430,80110
28431,74073
28432,92211
28433,67748
28434,67752
28435,67753
28436,67757
28437,67523
28438,67524
28439,45828
28440,67525
28441,67526
28442,84055
28443,73045
28444,89108
28445,71256
28446,67762
28447,67764
28448,90063
28449,69214
28450,69221
28451,67543
28452,45835
28453,75043
28454,89109
28455,84056
28456,73047
28457,92220
28458,86003
28459,97080
28460,80112
28461,75044
28462,67546
28463,67547
28464,45840
28465,91344
28466,73568
28467,75218
28468,70555
28469,72764
28470,74075
28471,14024
28472,19112
28473,19125
28474,19141
28475,19154
28476,66076
28477,66080
28478,66087
28479,56013
28480,63655
28481,61801
28482,62052
28483,19335
28484,19468
28485,55385
28486,28468
28487,38321
28488,58650
28489,32563
28490,34221
28491,62995
28492,40059
28493,58316
28494,07418
28495,85307
28496,33913
28497,65347
28498,38334
28499,28511
28500,34786
28501,34202
28502,47882
28503,44403
28504,54940
28505,33567
28506,32541
28507,33637
28508,54968
28509,54971
28510,23226
28511,15025
28512,17068
28513,18053
28514,45678
28515,43348
28516,51462
28517,46544
28518,46565
28519,45204
28520,23866
28521,66104
28522,38641
28523,72205
28524,74126
28525,52214
28526,55120
28527,56156
28528,58270
28529,46124
28530,20117
28531,54982
28532,67017
28533,70346
28534,77002
28535,75070
28536,80218
28537,13472
28538,40915
28539,97067
28540,17552
28541,71944
28542,37809
28543,62263
28544,33901
28545,36319
28546,23827
28547,87735
28548,69367
28549,05201
28550,60424
28551,72013
28552,73438
28553,34420
28554,34428
28555,99037
28556,26421
28557,25311
28558,87102
28559,43612
28560,14842
28561,70611
28562,14513
28563,44001
28564,58843
28565,11212
28566,90022
28567,11233
28568,01606
28569,61520
28570,58474
28571,60202
28572,41601
28573,77088
28574,23509
28575,98568
28576,33903
28577,44473
28578,62684
28579,48739
28580,50522
28581,66021
28582,40965
28583,53120
28584,24853
28585,25302
28586,75790
28587,30260
28588,15695
28589,15712
28590,15736
28591,11714
28592,67544
28593,55784
28594,42541
28595,42157
28596,40231
28597,70773
28598,54126
28599,45875
28600,43440
28601,91915
28602,95946
28603,93036
28604,14081
28605,18038
28606,14134
28607,14170
28608,35966
28609,16038
28610,51442
28611,50525
28612,51453
28613,76933
28614,01077
28615,02466
28616,67361
28617,51248
28618,14208
28619,14219
28620,14261
28621,19510
28622,15207
28623,16066
28624,30034
28625,50563
28626,55009
28627,95231
28628,25231
28629,69123
28630,68734
28631,35005
28632,30011
28633,49442
28634,48038
28635,07712
28636,07093
28637,65787
28638,58051
28639,85296
28640,28751
28641,68776
28642,66967
28643,55414
28644,39088
28645,30294
28646,59102
28647,38030
28648,60629
28649,34945
28650,32401
28651,17866
28652,17885
28653,58795
28654,62241
28655,43953
28656,46391
28657,55419
28658,30306
28659,15937
28660,05866
28661,89402
28662,27568
28663,83119
28664,17723
28665,50229
28666,55112
28667,05901
28668,50588
28669,35553
28670,30317
28671,08861
28672,08902
28673,67749
28674,67756
28675,50122
28676,13626
28677,17760
28678,28574
28679,10523
28680,10024
28681,15028
28682,10451
28683,17366
28684,13403
28685,29568
28686,18462
28687,01922
28688,02113
28689,02210
28690,02458
28691,02556
28692,27316
28693,62994
28694,13413
28695,13439
28696,04210
28697,04345
28698,54209
28699,85701
28700,46360
28701,50544
28702,41042
28703,11042
28704,14740
28705,01730
28706,50038
28707,03455
28708,01541
28709,06512
28710,06712
28711,01827
28712,06840
28713,84047
28714,16677
28715,10704
28716,55395
28717,15362
28718,11209
28719,15456
28720,11234
28721,21612
28722,35989
28723,18704
28724,35235
28725,32259
28726,55364
28727,56320
28728,30220
28729,13668
28730,13696
28731,13744
28732,17829
28733,08640
28734,07444
28735,65349
28736,65740
28737,32308
28738,10506
28739,15145
28740,10596
28741,10922
28742,61865
28743,38036
28744,95258
28745,61547
28746,13788
28747,02738
28748,02769
28749,03750
28750,05841
28751,03852
28752,27847
28753,01074
28754,18223
28755,53046
28756,10969
28757,13476
28758,11370
28759,11702
28760,51563
28761,03814
28762,03847
28763,19102
28764,60420
28765,48326
28766,15470
28767,30303
28768,48615
28769,08090
28770,13607
28771,72751
28772,63825
28773,01540
28774,21239
28775,72066
28776,15502
28777,11363
28778,11375
28779,11417
28780,67801
28781,98516
28782,37914
28783,92131
28784,71233
28785,45845
28786,67554
28787,45856
28788,22209
28789,12072
28790,25253
28791,80120
28792,89120
28793,89122
28794,97441
28795,05075
28796,01436
28797,21056
28798,95920
28799,67561
28800,67568
28801,69341
28802,67574
28803,45877
28804,06039
28805,33574
28806,13811
28807,03048
28808,87750
28809,19116
28810,15237
28811,19056
28812,47357
28813,72565
28814,06037
28815,90058
28816,84053
28817,87052
28818,21676
28819,21714
28820,27581
28821,13145
28822,30510
28823,31551
28824,37861
28825,67138
28826,71740
28827,90062
28828,87061
28829,17060
28830,03832
28831,76519
28832,41824
28833,48209
28834,48829
28835,07041
28836,07657
28837,07054
28838,19709
28839,58216
28840,20686
28841,04616
28842,72134
28843,87722
28844,12741
28845,52535
28846,49877
28847,44086
28848,63074
28849,64139
28850,60101
28851,74759
28852,88045
28853,70563
28854,80550
28855,64149
28856,67459
28857,70086
28858,20660
28859,04069
28860,17228
28861,62712
28862,62010
28863,10603
28864,14420
28865,06073
28866,06438
28867,74105
28868,72828
28869,74107
28870,67648
28872,01030
28873,51651
28874,18473
28875,08038
28876,41861
28877,40111
28878,53590
28879,53810
28880,50471
28881,13035
28882,62014
28883,05826
28884,67656
28885,67665
28886,67730
28887,56340
28888,12489
28889,24603
28890,14506
28891,60208
28892,46165
28893,03244
28894,36267
28895,27917
28896,01754
28897,60201
28898,62035
28899,60156
28900,19043
28901,19081
28902,50118
28903,32094
28904,32656
28905,56029
28906,49444
28907,60142
28908,43220
28909,40379
28910,38732
28911,50141
28912,50146
28913,25904
28914,30629
28915,56319
28916,63561
28917,57223
28918,53946
28919,44255
28920,50073
28921,21209
28922,25978
28923,07921
28924,49082
28925,49083
28926,56324
28927,36801
28928,49445
28929,49627
28930,50225
28931,50008
28932,07945
28933,16827
28934,12563
28935,56327
28936,63119
28937,56330
28938,27357
28939,56751
28940,47946
28941,55963
28942,56143
28943,56385
28944,12589
28945,12721
28946,56332
28947,58227
28948,53019
28949,57220
28950,59731
28951,61523
28952,63763
28953,65630
28954,65769
28955,45225
28956,12746
28957,12915
28958,76880
28959,04019
28960,04555
28961,04684
28962,68924
28963,68865
28964,98643
28965,21778
28966,33177
28967,46913
28968,46914
28969,46917
28970,32694
28971,28108
28972,64723
28973,64728
28974,54558
28975,38748
28976,05839
28977,28749
28978,10173
28979,32634
28980,77053
28981,02332
28982,75057
28983,11776
28984,31097
28985,59211
28986,52565
28987,54601
28988,62862
28989,68401
28990,56046
28991,01266
28992,12836
28993,47467
28994,18040
28995,12035
28996,20764
28997,12106
28998,57566
28999,52569
29000,49094
29001,68801
29002,67030
29003,24479
29004,64683
29005,19127
29006,15090
29007,16360
29008,48306
29009,63111
29010,63877
29011,60561
29012,49095
29013,47371
29014,47373
29015,28432
29016,54566
29017,28444
29018,08724
29019,07107
29020,59418
29021,21029
29022,54941
29023,12406
29024,26636
29025,55782
29026,05832
29027,25986
29028,02641
29029,21087
29030,59030
29031,57534
29032,61571
29033,97844
29035,79730
29036,83233
29037,20894
29038,74068
29039,35750
29040,25635
29041,25666
29042,21158
29043,60504
29044,44089
29045,42044
29046,41751
29047,06525
29048,24880
29049,64022
29050,83228
29051,17901
29052,18411
29053,25843
29054,16666
29055,12435
29056,53011
29057,54891
29058,40346
29059,28223
29060,80818
29061,04411
29062,17321
29063,19350
29064,31602
29065,48362
29066,16679
29067,12482
29068,12502
29069,43988
29070,52157
29071,51050
29072,98535
29073,12998
29074,01906
29075,50150
29076,07734
29077,07087
29078,64840
29079,12522
29080,18914
29081,50583
29082,56220
29083,51444
29084,55992
29085,68056
29086,42204
29087,15546
29088,36444
29089,65081
29090,37923
29091,18938
29092,18976
29093,19020
29094,11962
29095,16222
29096,47725
29097,53002
29098,66945
29099,29842
29100,25009
29101,94304
29102,14522
29103,18347
29104,49431
29105,33182
29106,58494
29107,04011
29108,21009
29109,48744
29110,84107
29111,26681
29112,03087
29113,68466
29114,14543
29115,14561
29116,14613
29117,33563
29118,30572
29119,72414
29120,16229
29121,13327
29122,14120
29123,52729
29124,29418
29125,30040
29126,46058
29127,55972
29128,32631
29129,60556
29130,56742
29131,60181
29132,16750
29133,04611
29134,32937
29135,61001
29136,35054
29137,50070
29138,55981
29139,63114
29140,62681
29141,57311
29142,11231
29143,77386
29144,55065
29145,18346
29146,55973
29147,25049
29148,25082
29149,53012
29150,57201
29151,22448
29152,12540
29153,45886
29154,43777
29155,18846
29158,25119
29159,20778
29160,06457
29161,06042
29162,36352
29163,49068
29164,33484
29166,77994
29167,74050
29168,80923
29169,62244
29170,62939
29171,75180
29173,67117
29174,02910
29175,27045
29176,53013
29177,49073
29178,31606
29179,43066
29180,30328
29181,31645
29182,50582
29183,32324
29184,13132
29185,12206
29186,11953
29187,68367
29188,27343
29189,28622
29190,54723
29191,37221
29192,53185
29193,58438
29194,46542
29195,47551
29196,43112
29198,21042
29199,74640
29200,78215
29201,77043
29202,42458
29203,18830
29204,47331
29205,31078
29206,22980
29207,15126
29208,21093
29209,01373
29210,97452
29211,92333
29212,73659
29213,66095
29214,61760
29215,49728
29216,29407
29217,15902
29218,72433
29219,72624
29220,80104
29221,80734
29222,54446
29223,19904
29224,42083
29225,43410
29226,57562
29227,73651
29228,59273
29229,88012
29230,16342
29231,06238
29232,11576
29233,80107
29234,04434
29235,08533
29236,36792
29237,30571
29238,42232
29239,11952
29240,75075
29241,75094
29242,23602
29243,26035
29244,03745
29245,16033
29246,14423
29247,13124
29248,81029
29249,12763
29250,28515
29251,65360
29252,68339
29253,25130
29254,25550
29255,90241
29256,94108
29257,14435
29258,18234
29259,18242
29260,18252
29261,97627
29262,55983
29263,22732
29264,32899
29265,28525
29266,54762
29267,25005
29268,95018
29269,93618
29270,78220
29271,48033
29272,38622
29273,48042
29274,40117
29275,20606
29276,20620
29277,47925
29278,17343
29279,59253
29280,47720
29281,75668
29282,95382
29283,90232
29284,52405
29285,01028
29286,66857
29287,66401
29288,24869
29289,20020
29290,20693
29291,11941
29292,16145
29293,58267
29294,49503
29295,53051
29296,53057
29297,46531
29298,41348
29299,48393
29300,17313
29301,04103
29302,04073
29303,28732
29304,66933
29305,68761
29306,50642
29307,54513
29308,38118
29309,38119
29310,41421
29311,41464
29312,46534
29313,54889
29314,36571
29315,24352
29316,65732
29317,65333
29318,54625
29319,66418
29320,35610
29321,51640
29322,48656
29323,84070
29324,15333
29325,29615
29326,43935
29327,62232
29328,66423
29329,28467
29330,68767
29331,51648
29332,51650
29333,32759
29334,30739
29335,88135
29336,55704
29337,23192
29338,29624
29339,54950
29340,68770
29341,28308
29342,60624
29343,49512
29344,27314
29345,27315
29347,60145
29348,76681
29349,58794
29350,62630
29351,44411
29352,25502
29353,14861
29354,15845
29355,39631
29356,61071
29357,10709
29358,13493
29359,36562
29360,44689
29361,33912
29362,68320
29363,47854
29364,54161
29365,61242
29366,43347
29367,06235
29368,52732
29369,61073
29370,44431
29371,57072
29372,46772
29373,91204
29374,49256
29375,61533
29376,56037
29377,62541
29378,93222
29379,36773
29380,29162
29381,61455
29382,01929
29383,20744
29384,20783
29385,56659
29386,46809
29387,03820
29388,16421
29389,67009
29390,42058
29391,37305
29392,84057
29393,47452
29394,56442
29395,97709
29396,23883
29397,18845
29398,75172
29399,11530
29400,44705
29401,29726
29402,43931
29403,14865
29404,36539
29405,52739
29406,63349
29407,80220
29408,30582
29409,06259
29410,51523
29411,60617
29412,35980
29413,63140
29414,28421
29415,63743
29416,85532
29417,04003
29418,41234
29419,46524
29420,41255
29421,50645
29422,80216
29423,67743
29424,60074
29425,46149
29426,26134
29427,42437
29428,47396
29429,05153
29430,05822
29431,04939
29432,71009
29433,73097
29434,01505
29435,83842
29436,46974
29437,56081
29438,51579
29439,51630
29440,38778
29441,26148
29442,63143
29443,31313
29444,47404
29445,27978
29446,21766
29447,25544
29448,77467
29449,46975
29450,49224
29451,21236
29452,21286
29453,26238
29454,47408
29455,56381
29456,49233
29457,52721
29458,20175
29459,52653
29460,52654
29461,26263
29462,33770
29463,64165
29464,37657
29465,56671
29466,61440
29467,58276
29468,58277
29469,58278
29470,49229
29471,31328
29472,85613
29473,29543
29474,24330
29475,31705
29476,20166
29477,56711
29478,31719
29479,10032
29480,52324
29481,29714
29482,25692
29483,77365
29484,40472
29485,30144
29486,37843
29487,33914
29488,23321
29489,61532
29490,61534
29491,49636
29492,94541
29493,95355
29494,92335
29495,40481
29496,55327
29497,68434
29498,62320
29499,62324
29500,54614
29501,49638
29502,49639
29503,13159
29504,95638
29505,68326
29506,36256
29507,29448
29508,28460
29509,68421
29510,64862
29511,30656
29512,32703
29513,01062
29514,01886
29515,49129
29516,50173
29517,67869
29518,37029
29519,28469
29520,07645
29521,32221
29522,33014
29523,32757
29524,42368
29525,60613
29526,48746
29527,95757
29528,68842
29529,68713
29530,41005
29531,11772
29532,33625
29533,32735
29534,46161
29535,56034
29536,35962
29537,36470
29538,16341
29539,12075
29540,66780
29541,28762
29542,47980
29543,51550
29544,24656
29545,22654
29546,48749
29547,59242
29548,52593
29549,12086
29550,12118
29551,21146
29552,20716
29553,01331
29554,15235
29555,38759
29556,39097
29557,61020
29558,56361
29559,59250
29560,12157
29561,18463
29562,14711
29563,31011
29564,06419
29565,12203
29566,74106
29567,73048
29568,53040
29569,31699
29570,61412
29571,14733
29572,14779
29573,32079
29574,35974
29575,48763
29576,48767
29577,70403
29578,87531
29579,53042
29580,36856
29581,61417
29582,61418
29583,38673
29584,48083
29585,60050
29586,97007
29587,36907
29588,80133
29589,75503
29590,98177
29591,25705
29592,22192
29593,33438
29594,43209
29595,50257
29596,19979
29597,20872
29598,20906
29599,50255
29600,29142
29601,18355
29602,03906
29603,04047
29604,75013
29605,95334
29606,90066
29607,63801
29608,53126
29609,07033
29610,25529
29611,12169
29612,84001
29613,72057
29614,16036
29615,15223
29616,90290
29617,11563
29618,75110
29619,32927
29620,33614
29621,33071
29622,33777
29623,12184
29624,12197
29625,07822
29627,61234
29628,62434
29629,02149
29630,51533
29631,25976
29632,91403
29633,47581
29634,46166
29635,16636
29636,16655
29637,16665
29638,38358
29639,34607
29640,68974
29641,29126
29642,58240
29643,24017
29644,16063
29645,16507
29646,73114
29647,14801
29648,14815
29649,18708
29650,54670
29651,67301
29652,56647
29653,63622
29654,73945
29655,73742
29656,18818
29657,14855
29658,55307
29659,45623
29660,68979
29661,49455
29662,36852
29663,53035
29664,70001
29665,78052
29666,78609
29667,22202
29668,78733
29669,02122
29670,49127
29671,51534
29673,72522
29674,77429
29675,77442
29676,93307
29677,90029
29678,66948
29679,82243
29680,72524
29681,80926
29682,77451
29683,77456
29684,77478
29685,95366
29686,64473
29687,75840
29688,14075
29689,51037
29690,50836
29691,29118
29692,04408
29693,53125
29694,94565
29695,77519
29696,02081
29697,02543
29698,67556
29699,29365
29700,07723
29701,04040
29702,98562
29703,98580
29704,35128
29705,48730
29706,94605
29707,77530
29708,94705
29709,66937
29710,53964
29711,92624
29713,72004
29714,84522
29715,18656
29716,19405
29717,94801
29718,94805
29719,94904
29720,03222
29721,68836
29723,80426
29725,55012
29726,78369
29727,78372
29728,95833
29729,95838
29730,32444
29731,41547
29732,54210
29733,41666
29734,89502
29735,89503
29736,85617
29737,61488
29738,14708
29739,10022
29740,45715
29741,95008
29742,95013
29743,77587
29744,95035
29745,04421
29746,02359
29747,64441
29748,80830
29749,88134
29750,70808
29751,21078
29752,01531
29753,73729
29754,77640
29755,95950
29756,46208
29757,91790
29758,55357
29759,49276
29760,79532
29761,70810
29762,72478
29763,32617
29764,60089
29765,47597
29766,24281
29767,77044
29768,89705
29769,98074
29770,56178
29771,93215
29772,76544
29773,43534
29774,40840
29775,57657
29776,23966
29777,38645
29778,32064
29779,91913
29780,15550
29781,15458
29782,76554
29783,76559
29784,76569
29785,25149
29786,03103
29787,03049
29788,68359
29789,71945
29790,74364
29791,38654
29792,72386
29793,73169
29794,83709
29795,83714
29796,12518
29797,11561
29798,77049
29799,77051
29800,74572
29801,70301
29802,73658
29803,59440
29804,10605
29805,98645
29806,83803
29807,93723
29808,77080
29809,77082
29810,59834
29811,87021
29812,88346
29813,75452
29814,83811
29815,98665
29816,83815
29817,93932
29818,93953
29819,87010
29820,75001
29821,77034
29822,76655
29823,25121
29824,10023
29825,83827
29826,83834
29827,70442
29828,94010
29829,94102
29830,94116
29831,77360
29832,35224
29833,25832
29834,14216
29835,64117
29836,91504
29837,92678
29838,73439
29839,73442
29840,77364
29841,94301
29842,77379
29843,78221
29844,78227
29845,65276
29846,58704
29847,08750
29848,85375
29849,33334
29850,85334
29851,63543
29852,19933
29853,19355
29854,15146
29855,78228
29856,95673
29857,70772
29858,76670
29859,76676
29860,27928
29861,12167
29862,56644
29863,16028
29864,31075
29865,95682
29866,79416
29867,93292
29868,12487
29869,12496
29870,08314
29871,89508
29872,48809
29873,79506
29874,79526
29875,84336
29876,89440
29877,90638
29878,49817
29879,23354
29880,03585
29881,49782
29882,07751
29883,07670
29884,99005
29885,38107
29886,79537
29887,79545
29888,79821
29889,79901
29890,87326
29891,90640
29892,70802
29893,02632
29894,12115
29895,05673
29896,61553
29897,55609
29898,71630
29899,05341
29900,57328
29901,60517
29902,79911
29903,79922
29904,93609
29905,92656
29906,83639
29907,98315
29908,90402
29909,73105
29910,89413
29911,84123
29912,62220
29913,60938
29914,62438
29915,93620
29916,77038
29917,93627
29918,84401
29919,73840
29920,97216
29921,97525
29922,41002
29923,40150
29924,10953
29925,21930
29926,19124
29927,19541
29928,18504
29929,74753
29930,76233
29931,92629
29932,76249
29933,75473
29934,91773
29935,45628
29936,43023
29937,30342
29938,31303
29939,48213
29940,47403
29941,46737
29942,22310
29943,73760
29944,91776
29945,70750
29946,76435
29947,52070
29948,50517
29949,52203
29950,49730
29951,07644
29952,70785
29953,75550
29954,74963
29955,92883
29956,55906
29957,55944
29958,56131
29959,07722
29960,65713
29961,76706
29962,76454
29963,93033
29964,76481
29965,98342
29966,08109
29967,32137
29968,32708
29969,65330
29970,98547
29971,57231
29972,76712
29973,76824
29974,76831
29976,98385
29977,98349
29978,98359
29979,71935
29980,32976
29981,41563
29982,41604
29983,36052
29984,61473
29985,60538
29987,98388
29989,70374
29990,75102
29991,73117
29992,52037
29993,30756
29994,48848
29995,49264
29996,60473
29997,62948
29998,40203
29999,36916
30000,41554
30001,12594
30002,75103
30003,80247
30004,47471
30005,49266
30006,53558
30007,53104
30008,44264
30009,52206
30010,82515
30011,14821
30012,62643
30013,84325
30014,72430
30015,88072
30016,72432
30017,31410
30018,49269
30019,50568
30020,55079
30021,56050
30022,78002
30023,63735
30024,52305
30025,85551
30026,04221
30027,36561
30028,61081
30029,78219
30030,07302
30031,63952
30032,63141
30033,92109
30034,81090
30035,92110
30036,84076
30037,80131
30038,75061
30039,90240
30040,89138
30041,17023
30042,04779
30043,04858
30044,04937
30045,59521
30046,59482
30047,88337
30048,71480
30049,76051
30050,74456
30052,90242
30053,89144
30054,91711
30055,04976
30056,05038
30057,38801
30058,55123
30059,38109
30060,26575
30061,17038
30062,76055
30063,90028
30064,95939
30065,57225
30066,29493
30067,72315
30068,70638
30069,85371
30070,32164
30071,48160
30072,50247
30073,12923
30074,12944
30075,12964
30076,77872
30077,79519
30078,72326
30079,71334
30080,21662
30081,21672
30082,05091
30083,05253
30084,05345
30085,03217
30086,12033
30087,46532
30088,52053
30089,92260
30090,71341
30091,92262
30092,26444
30093,08203
30094,21737
30095,05468
30096,30171
30097,10305
30098,14891
30099,11040
30100,44137
30101,92264
30102,92268
30103,80010
30104,78504
30105,13694
30106,93449
30107,38914
30108,81064
30109,45322
30110,45645
30111,44104
30112,74342
30113,72948
30114,98106
30115,72584
30116,78837
30117,95562
30118,79087
30119,75249
30120,74027
30121,74028
30122,35178
30123,65789
30124,83332
30125,98148
30126,98168
30127,74363
30128,74368
30129,81506
30130,71106
30131,72666
30132,72670
30133,12149
30134,36580
30135,98199
30137,97001
30138,80003
30139,85007
30140,71427
30141,92308
30142,92313
30143,74430
30144,44813
30145,57217
30147,71841
30148,80205
30149,90263
30150,87122
30151,89007
30152,90005
30153,90007
30154,92321
30155,92325
30156,90017
30157,37753
30158,60008
30159,61070
30160,70654
30161,73719
30162,80751
30163,90008
30164,91011
30165,70506
30166,89831
30167,85018
30168,73014
30169,85019
30170,62837
30171,43920
30172,54023
30173,72347
30174,85382
30175,88023
30176,72072
30177,73526
30178,97837
30179,73015
30180,71643
30181,44840
30182,44115
30183,43219
30184,21626
30185,15759
30186,18472
30187,75020
30188,80510
30189,91107
30190,50112
30191,50670
30192,52755
30193,58363
30194,08085
30195,21658
30196,16930
30197,30518
30198,31765
30199,75201
30200,80513
30201,91205
30202,91207
30203,55038
30204,55025
30205,63656
30206,17002
30207,12778
30208,12791
30209,12824
30210,48872
30211,49630
30212,08830
30213,71111
30214,74038
30216,32407
30217,33702
30218,33759
30219,34743
30220,99146
30221,54524
30222,12985
30223,81253
30224,74131
30225,28339
30226,78539
30227,97039
30228,80928
30229,15771
30230,25134
30231,72863
30232,98010
30233,98012
30234,95977
30235,96002
30236,30168
30237,06810
30238,32668
30239,82714
30240,43413
30241,42442
30242,98021
30243,72668
30244,39529
30245,01503
30246,51015
30247,95215
30248,95225
30249,95228
30250,03827
30251,66853
30252,21162
30253,06029
30254,49969
30255,26585
30256,74935
30257,88262
30258,25142
30259,03254
30260,11957
30261,95254
30262,95301
30263,96038
30264,28411
30265,54473
30266,73103
30267,63621
30268,83424
30269,04691
30270,36910
30271,29915
30272,23438
30273,99159
30274,99201
30275,96063
30276,78593
30277,12148
30278,97078
30279,49007
30280,13485
30281,49825
30282,98556
30283,18825
30284,03751
30285,72047
30287,72628
30288,96074
30289,78598
30290,77984
30291,79567
30292,73944
30293,71021
30294,42741
30295,14819
30296,05763
30297,27976
30298,62961
30299,05042
30300,02111
30301,15472
30302,55903
30303,24604
30304,77969
30305,95360
30306,73946
30307,72534
30308,47531
30309,49629
30310,87505
30311,72045
30312,78010
30313,96126
30314,73947
30315,76874
30316,58569
30317,23161
30318,05651
30319,85712
30320,97824
30321,92075
30322,92278
30323,78632
30324,78634
30325,93452
30326,93519
30328,61831
30329,21023
30330,21862
30331,05456
30332,22643
30333,27247
30334,16882
30335,50241
30336,08062
30337,99152
30338,96141
30339,78642
30340,93531
30341,83874
30342,98845
30343,98853
30344,78886
30345,78938
30346,78951
30347,79003
30348,98024
30349,83232
30350,83239
30351,78650
30352,78657
30353,78665
30354,73459
30355,89701
30356,75149
30357,80457
30358,79011
30359,78141
30360,40109
30361,06518
30362,92365
30363,64164
30364,67347
30365,95464
30366,95468
30367,95471
30369,87421
30370,71043
30371,78148
30372,78151
30373,19968
30374,16350
30375,04746
30376,49088
30377,17043
30378,15033
30379,55447
30380,33065
30381,71046
30382,72564
30383,74008
30384,79078
30385,79230
30386,79240
30387,79250
30388,97818
30389,81071
30391,62839
30392,62019
30393,78567
30394,12023
30395,81019
30396,74869
30397,74872
30398,91601
30399,91602
30400,85362
30401,70601
30402,75451
30403,06119
30404,12166
30405,13730
30406,68938
30407,43527
30408,76367
30409,74881
30410,75248
30411,80654
30412,87937
30413,67481
30414,27310
30415,28036
30416,41080
30417,79091
30418,21229
30419,02375
30420,73106
30421,74884
30422,99130
30423,62976
30424,62338
30425,62854
30426,62069
30427,44270
30428,54471
30429,20902
30430,20901
30431,20769
30432,02191
30433,02558
30434,63332
30435,58730
30436,58439
30437,61088
30438,19939
30439,19808
30440,28340
30441,38060
30442,21640
30443,20777
30444,97414
30445,58759
30446,07106
30447,86043
30448,70729
30449,28341
30450,23693
30451,68025
30452,28345
30453,22742
30454,68178
30455,42001
30456,32129
30457,42634
30458,79326
30459,80913
30460,04497
30461,28347
30462,37416
30463,37419
30464,40047
30465,44622
30466,24646
30467,67639
30468,83246
30469,04655
30470,98240
30471,62423
30472,29331
30473,43570
30474,30601
30475,14012
30476,10010
30477,40162
30478,40854
30479,40212
30480,83713
30481,98320
30482,78344
30483,24938
30484,26886
30485,27818
30486,49852
30487,61940
30488,53579
30489,54756
30490,21053
30491,73159
30492,66402
30493,62358
30494,12814
30495,01519
30496,01342
30497,93528
30498,20755
30499,54870
30500,45002
30501,54166
30502,54481
30503,43438
30504,67063
30505,04645
30506,64081
30507,39530
30508,54927
30509,53812
30510,28663
30511,28442
30512,63774
30513,62543
30514,14462
30515,30646
30516,55390
30517,45227
30518,44004
30519,44275
30520,60936
30521,67024
30522,82335
30523,06807
30524,96155
30525,67450
30526,84731
30527,04443
30528,54864
30529,34949
30530,34951
30531,45672
30532,43119
30533,53503
30534,66609
30535,62912
30536,13361
30537,67442
30538,43556
30539,61919
30540,33827
30541,81082
30542,80019
30543,80535
30544,52404
30545,50076
30546,28605
30547,28606
30548,37409
30549,33704
30550,53562
30551,37308
30552,92059
30553,57337
30554,50219
30555,50446
30556,52336
30557,66617
30558,67423
30559,45692
30560,16843
30561,54844
30562,54846
30563,62908
30564,78732
30565,10962
30566,52594
30567,55075
30568,55379
30569,67439
30570,56574
30571,38579
30572,24220
30573,12094
30574,14427
30575,55979
30576,56026
30577,55325
30578,33706
30579,33946
30580,37713
30581,23084
30582,14214
30583,68846
30584,44614
30585,55939
30586,55024
30588,30180
30589,43778
30590,64470
30591,45830
30592,44438
30593,41557
30594,55910
30595,55092
30596,31783
30597,61462
30598,27938
30599,64471
30600,43782
30601,41544
30602,57450
30604,50660
30605,98201
30606,64151
30607,75486
30608,29001
30609,97004
30610,24139
30611,29431
30612,29051
30613,63834
30614,63122
30615,65350
30616,37149
30617,22832
30618,80528
30619,80130
30620,56744
30621,16673
30622,64659
30623,98105
30624,44028
30625,44709
30626,66547
30627,54731
30628,13452
30629,12144
30630,14571
30631,17960
30632,04091
30633,04002
30634,98027
30635,59275
30636,68457
30637,68462
30638,28594
30639,06340
30640,06511
30641,67360
30642,62314
30643,04055
30644,04863
30645,59532
30646,37049
30647,45373
30648,67152
30649,54154
30650,54156
30651,04413
30652,98188
30653,57401
30654,60048
30655,60077
30656,62378
30657,62401
30658,43462
30659,54159
30660,44072
30661,28134
30662,53521
30663,04476
30664,21874
30665,61542
30666,60615
30667,61341
30668,68862
30669,45380
30670,28456
30671,68314
30672,76627
30673,36749
30674,60955
30675,58845
30676,60187
30677,54217
30678,29697
30679,34453
30680,44626
30681,38379
30682,72084
30683,84115
30684,84333
30685,61053
30686,06330
30687,06255
30688,43464
30689,53406
30690,59922
30691,24064
30692,54725
30693,18623
30694,16317
30695,06070
30696,06249
30697,06896
30698,33922
30699,67147
30700,45383
30701,45387
30702,34654
30703,65534
30704,62884
30705,16150
30706,16401
30707,02915
30708,14805
30709,66439
30710,21541
30711,47858
30712,12935
30713,37403
30714,06111
30715,24072
30716,82731
30717,68824
30718,88265
30719,13215
30720,20630
30721,28747
30722,49903
30723,26590
30724,67060
30725,68832
30726,23408
30727,37863
30728,71016
30729,48383
30730,48154
30731,27896
30732,27810
30733,24941
30734,43449
30735,23415
30736,54180
30737,54201
30738,48423
30739,48075
30740,48097
30741,07740
30742,29166
30743,24843
30744,54422
30745,63625
30746,20678
30747,02666
30748,54204
30749,33578
30750,58504
30751,07405
30752,07006
30753,07621
30754,08822
30755,12850
30756,15957
30757,47115
30758,20886
30759,21911
30760,64024
30761,11001
30762,10306
30763,07733
30764,07514
30765,07430
30766,32639
30767,97634
30768,20879
30769,01301
30770,95827
30771,92014
30772,91208
30773,50161
30774,64437
30775,63956
30776,17022
30777,12838
30778,17026
30779,16329
30780,15050
30781,12970
30782,02125
30783,01255
30784,99040
30785,12847
30786,12855
30787,03882
30788,15554
30789,04106
30790,04072
30791,12980
30792,12996
30793,70733
30794,80649
30795,51531
30796,27968
30797,14060
30798,23409
30799,04925
30800,62518
30801,04282
30802,17073
30803,05360
30804,05405
30805,01092
30806,29525
30807,57381
30808,63829
30809,49653
30810,03462
30811,17774
30812,49760
30813,81525
30814,43902
30815,49955
30816,03224
30817,05457
30818,05471
30819,55339
30820,47993
30821,53140
30822,61561
30823,31025
30824,01562
30825,14753
30826,13111
30827,65345
30828,23681
30829,05734
30830,05086
30831,40740
30832,13112
30833,57384
30834,49657
30835,48461
30836,05039
30837,23303
30838,05494
30839,47135
30840,87519
30841,32337
30842,03884
30843,71475
30844,26348
30845,61059
30846,15744
30847,01867
30848,35217
30849,50430
30850,55343
30851,55344
30852,48463
30853,55756
30854,55757
30855,06473
30856,20689
30857,48144
30858,46118
30859,72114
30860,01826
30861,02045
30862,48342
30863,66202
30864,21813
30865,21821
30866,08401
30867,32505
30868,46614
30869,30905
30870,74855
30871,64491
30872,68050
30873,62979
30874,66049
30875,67425
30876,67474
30877,66016
30878,13118
30879,17243
30880,39741
30881,39743
30882,04459
30883,71118
30884,79927
30885,26571
30886,92627
30887,12524
30888,08327
30889,26716
30890,08332
30891,36110
30892,36115
30893,52202
30894,30907
30895,24834
30896,35754
30898,91384
30899,25696
30900,25243
30901,17212
30902,17215
30903,58041
30904,56528
30905,49338
30906,95819
30907,94110
30908,94619
30909,93950
30910,03275
30911,03824
30912,03055
30913,68124
30914,68920
30915,04961
30916,04986
30917,05033
30918,49340
30919,57031
30920,43221
30921,92683
30922,95320
30923,68114
30924,69127
30925,69025
30926,05040
30927,05051
30928,06024
30929,05061
30930,29316
30931,31821
30932,90221
30933,90291
30934,64475
30935,94002
30936,91786
30937,68961
30938,77651
30939,76201
30940,85033
30941,05076
30942,48158
30943,30122
30944,58401
30945,57424
30946,01904
30947,01507
30948,43565
30949,14413
30950,24847
30951,26339
30952,86436
30953,12208
30954,14212
30955,94134
30956,46175
30957,35176
30958,30126
30959,21716
30960,21723
30961,26520
30962,57427
30963,53147
30964,63848
30965,26347
30966,21636
30967,26374
30968,92058
30969,50524
30970,67470
30971,08223
30972,21756
30973,21769
30974,42036
30975,51018
30976,51019
30977,46635
30978,26385
30979,17013
30980,67583
30981,29907
30982,29588
30983,12952
30984,12959
30985,12965
30986,65680
30987,24269
30988,68724
30989,68725
30990,80479
30991,21625
30992,21738
30993,05001
30994,66751
30995,21205
30996,73086
30997,73441
30998,54896
30999,43824
31000,04017
31001,04548
31002,97730
31003,28117
31004,27023
31005,71027
31006,05443
31007,93433
31008,53943
31009,62203
31010,23123
31011,38318
31012,87712
31013,10549
31014,29743
31015,14072
31016,14814
31017,54151
31018,73753
31019,03225
31020,18079
31021,98647
31022,81136
31023,12470
31024,70451
31025,62204
31026,44314
31027,68048
31028,76371
31029,78736
31030,61230
31031,97070
31032,78540
31033,29377
31034,33602
31035,33944
31036,26852
31037,99030
31038,54495
31039,29934
31040,66062
31041,75074
31042,76123
31043,23502
31044,33411
31045,32504
31046,33710
31047,33175
31048,70522
31049,32072
31050,05031
31051,05161
31052,23079
31053,24848
31054,12082
31055,54499
31056,44402
31057,36695
31058,25143
31059,32609
31060,34142
31061,59926
31062,13315
31063,13345
31064,78144
31065,08321
31066,43755
31067,78727
31068,76637
31069,32219
31070,33440
31071,10527
31072,59081
31073,70825
31074,15733
31075,16848
31076,22719
31077,05358
31078,54417
31079,46103
31080,78027
31081,38461
31082,23922
31083,98823
31084,46038
31085,46953
31086,28581
31087,14475
31088,71831
31089,54464
31090,47033
31091,62082
31092,45887
31093,95614
31094,25320
31095,25411
31096,46062
31097,46368
31098,53925
31099,58744
31100,12138
31101,95323
31102,06105
31103,06416
31104,75098
31105,77434
31106,22940
31107,24228
31108,64484
31109,27962
31110,25827
31111,96068
31112,41231
31113,29840
31114,15411
31115,12436
31116,24430
31117,47522
31118,17402
31119,53930
31120,49968
31121,63785
31122,79225
31123,67632
31124,95560
31125,71301
31126,71406
31127,16426
31128,15074
31129,17540
31130,34219
31131,23704
31132,83318
31133,83406
31134,59435
31135,87014
31136,16233
31137,39702
31138,65080
31139,38080
31140,44307
31141,24818
31142,67154
31143,76884
31144,20036
31145,06853
31147,06776
31148,06830
31149,38629
31150,39567
31151,29911
31152,44310
31153,71320
31154,84646
31155,06010
31156,32535
31158,10930
31159,71842
31160,72858
31161,22939
31162,53586
31163,27840
31164,62996
31165,79008
31166,39078
31167,55922
31168,03851
31169,03597
31170,73734
31171,73717
31172,27844
31173,65674
31174,42722
31175,42352
31176,50115
31177,50421
31178,50612
31179,50277
31180,13135
31181,11436
31182,11727
31183,32332
31184,55408
31185,60304
31186,46373
31187,48236
31188,46377
31189,40031
31190,48505
31191,52639
31192,55313
31193,28205
31194,45370
31195,45891
31196,55412
31197,11215
31198,15428
31199,15436
31200,51025
31201,52216
31202,48933
31203,32824
31204,56025
31205,55768
31206,56292
31207,56710
31208,44837
31209,43983
31210,15461
31211,15473
31212,15478
31213,52224
31214,32826
31215,49004
31216,47613
31217,65260
31218,58251
31219,58218
31220,40312
31221,57474
31222,57238
31223,46349
31224,17820
31225,13777
31226,13782
31227,61254
31228,47616
31229,58013
31230,58317
31231,46052
31232,52555
31233,95412
31234,20720
31235,20616
31236,21228
31237,13786
31238,13801
31239,13808
31240,59487
31241,49346
31242,85256
31243,85650
31244,85004
31245,33305
31246,21215
31247,21075
31248,20636
31249,03440
31250,60511
31251,33169
31252,51201
31253,58053
31254,61262
31255,63437
31256,32320
31257,33168
31258,33714
31259,33778
31260,02633
31261,88121
31262,24248
31263,22301
31264,15551
31265,60931
31266,61914
31267,39202
31268,61722
31269,57468
31270,61723
31271,49706
31272,47150
31273,46205
31274,46031
31275,72458
31276,80020
31277,80620
31278,80113
31279,30315
31280,13425
31281,06612
31282,33761
31283,59856
31284,29370
31285,33012
31286,33321
31287,33772
31288,33543
31289,33189
31290,81520
31291,10543
31292,14514
31293,56173
31294,28718
31295,23169
31296,63373
31297,37140
31298,29372
31299,55805
31300,42060
31301,60491
31302,32803
31303,46069
31304,53183
31305,15770
31306,76678
31307,06375
31308,06903
31309,32303
31310,65601
31311,65535
31312,39358
31313,51039
31314,40243
31315,40218
31316,41859
31317,46321
31318,50483
31319,46323
31320,40997
31321,10601
31322,59932
31323,59865
31324,98332
31325,32548
31326,35751
31327,51044
31328,53913
31329,54028
31330,54956
31331,10805
31332,10920
31333,15227
31334,10968
31335,15241
31336,37865
31337,38575
31338,63033
31339,52245
31340,49011
31341,53531
31342,53098
31343,17731
31344,13625
31345,13633
31346,57345
31347,61114
31348,60139
31349,60042
31350,52248
31351,52254
31352,56245
31353,54476
31354,45651
31355,44882
31356,45432
31357,13654
31358,13662
31359,61410
31360,60540
31361,60410
31362,37042
31363,57049
31364,27103
31365,43062
31366,44820
31367,02364
31368,02492
31369,02536
31370,02559
31371,02650
31372,02715
31373,62208
31374,58783
31375,62670
31376,33162
31377,52778
31378,50310
31379,50201
31380,50473
31381,44484
31382,45238
31383,13790
31384,62626
31385,61614
31386,45067
31387,68742
31388,24317
31389,08611
31390,21917
31391,08628
31392,30083
31393,30814
31394,48381
31395,61436
31396,62635
31397,35618
31398,28722
31399,24322
31400,08691
31401,56550
31402,57054
31403,57055
31404,48655
31405,48317
31406,48429
31407,93562
31408,94940
31409,57042
31410,08734
31411,37752
31412,36569
31413,33165
31414,61748
31415,43351
31416,57540
31417,49332
31418,08046
31419,07836
31420,08755
31421,08817
31422,08835
31423,17320
31424,13224
31425,56472
31426,47541
31427,49305
31428,57541
31429,33556
31430,32566
31431,30527
31432,08527
31433,07111
31434,07071
31435,07462
31436,07974
31437,13312
31438,17349
31439,05824
31440,49306
31441,63675
31442,39212
31443,57218
31444,51060
31445,35760
31446,46740
31447,07849
31448,07801
31449,64747
31450,05829
31451,06385
31452,05843
31453,41745
31454,65233
31455,46742
31456,48618
31457,48621
31458,98001
31459,04732
31460,04736
31461,04966
31462,05851
31463,05871
31464,01464
31465,61469
31466,37138
31467,57324
31468,52310
31469,63060
31470,04358
31471,04623
31472,04686
31473,54970
31474,55426
31475,48313
31476,46406
31477,55429
31478,41721
31479,41722
31480,52317
31481,49028
31482,04848
31483,21222
31484,48756
31485,30316
31486,50605
31487,50607
31488,10304
31489,15030
31490,64653
31491,98607
31492,31550
31493,47649
31494,57064
31495,57066
31496,49724
31497,72036
31498,10314
31499,10457
31500,13407
31501,29172
31502,56732
31503,41663
31504,48435
31505,37801
31506,29063
31507,59530
31508,84728
31509,84049
31510,13409
31511,13415
31512,17545
31513,37754
31514,37755
31515,61607
31516,58421
31517,84757
31518,17070
31519,17555
31520,13470
31521,01775
31522,62221
31523,58776
31524,59827
31525,53167
31526,57440
31527,16875
31528,02814
31530,01803
31531,06795
31532,01833
31533,06820
31534,06851
31535,58779
31536,47525
31537,47529
31538,49682
31539,57441
31540,55931
31542,71225
31543,32301
31544,55369
31545,01247
31546,03287
31547,05676
31548,05681
31549,51235
31550,01338
31551,04488
31552,05770
31553,28368
31554,76650
31555,80622
31556,33855
31557,19367
31558,55359
31560,22968
31561,53598
31562,49876
31563,22976
31564,05732
31565,05735
31566,55353
31567,27943
31568,80430
31569,19106
31570,18052
31571,16134
31572,15132
31574,31566
31575,27863
31576,62013
31577,68740
31578,40827
31579,32254
31580,40843
31581,40858
31582,18214
31583,18603
31584,15423
31587,48860
31588,52072
31589,52074
31590,59427
31591,14737
31592,14744
31593,18618
31594,47116
31595,47117
31596,66520
31598,36583
31599,72367
31600,72369
31601,50012
31602,15075
31603,67627
31604,18626
31605,18630
31606,42753
31607,47123
31608,27022
31609,47579
31610,25567
31611,90746
31612,25916
31613,98527
31614,92304
31615,76597
31616,42444
31617,36057
31618,15711
31619,27813
31620,02647
31621,04737
31622,14782
31623,32176
31624,48166
31625,45719
31626,58027
31627,47585
31628,56519
31629,24061
31630,23707
31631,95357
31632,28527
31633,78162
31634,25654
31635,19530
31636,19010
31637,12024
31638,67447
31639,45732
31640,44117
31641,25309
31642,25428
31643,01098
31644,01863
31645,12917
31646,13774
31647,24515
31648,70629
31649,98439
31650,05079
31651,18621
31652,19807
31653,62425
31654,68510
31655,66701
31656,25039
31657,25036
31658,36279
31659,05658
31660,23398
31661,40995
31662,12604
31663,03284
31664,01224
31665,12997
31666,11978
31667,16235
31668,44118
31669,44120
31670,28210
31672,77447
31673,03830
31674,40862
31675,24830
31676,50530
31677,16240
31678,37360
31679,57656
31680,57658
31681,77345
31682,93706
31683,94132
31684,61326
31685,43331
31686,22529
31687,46797
31688,16248
31689,12042
31690,54761
31691,62933
31692,62934
31693,95014
31694,90061
31695,73528
31696,71105
31697,63648
31698,32951
31699,16319
31700,14564
31701,54311
31702,64834
31703,44126
31704,95436
31705,92376
31706,10460
31707,26559
31708,14224
31709,60408
31710,50581
31711,46403
31712,18426
31713,18433
31714,37365
31715,53517
31716,91436
31717,94588
31718,16041
31719,16051
31720,11797
31721,14615
31722,18439
31723,14619
31724,38658
31725,58005
31726,59433
31727,58009
31728,29180
31729,65652
31730,92310
31731,16105
31732,11901
31733,30045
31734,46060
31735,48074
31736,58335
31737,22043
31738,57339
31739,49616
31740,14626
31741,95658
31742,94556
31743,14468
31744,18241
31745,18250
31746,18254
31747,14511
31748,19964
31749,25140
31750,25161
31751,57340
31752,22046
31753,53090
31754,79119
31755,78616
31756,02568
31757,14516
31758,38626
31759,19970
31760,25204
31761,07401
31762,56748
31763,41812
31764,41822
31765,41825
31766,02649
31767,01082
31768,02478
31769,01982
31770,30028
31771,30030
31772,38637
31773,16404
31774,12121
31775,35643
31776,41839
31777,41844
31778,50641
31779,52651
31780,52623
31781,52133
31782,48047
31783,19736
31784,20658
31785,20566
31786,56142
31787,56146
31788,56149
31789,12137
31790,12154
31791,16440
31792,18517
31793,52132
31794,52135
31795,47868
31796,17370
31797,21632
31798,16927
31799,46730
31800,27248
31801,59469
31802,82845
31803,19475
31804,41014
31805,48226
31806,15784
31807,15834
31808,19606
31809,19029
31810,97221
31811,35585
31812,02881
31813,38927
31814,28016
31815,27101
31816,11724
31817,15861
31818,55935
31819,97304
31820,97009
31821,13754
31822,54563
31823,01462
31824,12131
31825,11451
31826,17329
31827,28202
31828,46056
31829,55936
31830,51243
31831,46770
31832,63079
31833,52335
31834,38864
31835,39560
31836,65658
31837,97144
31838,67658
31839,54480
31840,26422
31841,32009
31842,62998
31843,31037
31844,60707
31845,47272
31846,52346
31847,52347
31848,71638
31849,72744
31850,55748
31851,14215
31852,18071
31853,48003
31854,02825
31855,64739
31856,77650
31857,43518
31858,49038
31859,37061
31860,71752
31861,72379
31862,40012
31863,48021
31864,55011
31865,48242
31866,30296
31867,43340
31868,12029
31869,50624
31870,36736
31871,27212
31872,74014
31873,74852
31874,73541
31875,12943
31876,23071
31877,05777
31878,03293
31879,03259
31880,49881
31881,62823
31882,56576
31883,59547
31884,73165
31885,73112
31886,73057
31887,18074
31888,14228
31889,48006
31890,25148
31891,42082
31892,57520
31893,39834
31894,74032
31895,59465
31896,87547
31897,41071
31898,50578
31899,41083
31900,03809
31901,03818
31902,03838
31903,03858
31904,03871
31905,57523
31906,61739
31907,51331
31908,88345
31909,87724
31910,11415
31911,11729
31912,14172
31913,18055
31914,18059
31915,03894
31916,41168
31917,46511
31918,55952
31919,55954
31920,10518
31921,78222
31922,76073
31923,01862
31924,14418
31925,80809
31926,60425
31927,50626
31928,50627
31929,42206
31930,51334
31931,75959
31932,78753
31933,52170
31934,32423
31935,38928
31936,11423
31937,15626
31938,15637
31939,11545
31940,46795
31941,63103
31942,49047
31943,77372
31944,23420
31945,77971
31946,13755
31947,83427
31948,15677
31949,11559
31950,14013
31951,36322
31952,56293
31953,49050
31954,20136
31955,24595
31956,67739
31957,46342
31958,47356
31959,06109
31960,06482
31961,14020
31962,14032
31963,49053
31964,49055
31965,83858
31966,41836
31967,79529
31968,06013
31969,30147
31970,36574
31971,14037
31972,14043
31973,17985
31974,63536
31975,22025
31976,70645
31977,78838
31978,80230
31979,10522
31980,04429
31981,14065
31982,05902
31983,67565
31984,02865
31985,14057
31986,19345
31987,19372
31988,19401
31989,19444
31990,19462
31991,24467
31992,23508
31993,47940
31994,44841
31995,41011
31996,21704
31997,02066
31998,74534
31999,45657
32000,51250
32001,50106
32002,50035
32003,51343
32004,35131
32005,48131
32006,08041
32007,42378
32008,23359
32009,80026
32010,80547
32011,55070
32012,55057
32013,55329
32014,26230
32015,21530
32016,65026
32017,34137
32018,34139
32019,44241
32020,80805
32021,80821
32022,11937
32023,55363
32024,56150
32025,21532
32026,21543
32027,62024
32028,58566
32029,61875
32030,29469
32031,61877
32032,58571
32033,30259
32034,12811
32035,54171
32036,56241
32037,56378
32038,49913
32039,49916
32040,57762
32041,61884
32042,34769
32043,54867
32044,28377
32045,63343
32046,65322
32047,33801
32048,29831
32049,66008
32050,38558
32051,54837
32052,50239
32053,52209
32054,06360
32055,06475
32056,58059
32057,19054
32058,19074
32059,19085
32060,30079
32061,45348
32062,90603
32063,11704
32064,04027
32065,54838
32066,62988
32067,13743
32068,11501
32069,55705
32070,35094
32071,31567
32072,07055
32073,60625
32074,12303
32075,62990
32076,37688
32077,29566
32078,58033
32079,58429
32080,58324
32081,08066
32082,55080
32083,46130
32084,21133
32085,21202
32086,12485
32087,44836
32088,64456
32089,49934
32090,53825
32091,81413
32092,06043
32093,06110
32094,33715
32095,38744
32096,48109
32097,30087
32098,45419
32099,67218
32100,23518
32101,27890
32102,53826
32103,64463
32104,67521
32105,21650
32106,28429
32107,26031
32108,07881
32109,07920
32110,94572
32111,10013
32112,11510
32114,28333
32115,65048
32116,42127
32117,40337
32118,26050
32119,07946
32120,07976
32121,21224
32122,44905
32123,44136
32124,45439
32125,54459
32126,66030
32127,53923
32128,54648
32129,12582
32130,16874
32131,12592
32132,60618
32133,60150
32134,60045
32135,65049
32136,68020
32137,61913
32138,54026
32139,53543
32140,43938
32141,16922
32142,12725
32143,60103
32144,60069
32145,22841
32146,41141
32147,57386
32148,57057
32149,43713
32150,45064
32151,12740
32152,04495
32153,04612
32154,04652
32155,27960
32156,62254
32157,62512
32159,47456
32160,63061
32161,43314
32162,43231
32163,50401
32164,04747
32165,38762
32166,46148
32167,40348
32168,60960
32169,60073
32170,40513
32171,02660
32172,01075
32173,02746
32174,20707
32175,50063
32176,51454
32177,52041
32178,25517
32179,21060
32180,65016
32181,54443
32182,62476
32183,33616
32184,82936
32185,44134
32186,54406
32187,62452
32188,15236
32189,19075
32190,31404
32191,16635
32192,16656
32193,53534
32194,43528
32195,54407
32196,64854
32197,54411
32198,30019
32199,30062
32200,12413
32201,12417
32202,18810
32203,18816
32204,53536
32205,15003
32206,15065
32207,16422
32208,02895
32209,35221
32210,54414
32211,57703
32212,43516
32213,31772
32214,89113
32215,89158
32216,49525
32217,48044
32218,18824
32219,18831
32220,14858
32221,70354
32222,56425
32223,16112
32224,57716
32225,13037
32226,48823
32227,48732
32228,49265
32229,18834
32230,14871
32231,55314
32232,48183
32233,55956
32234,62550
32235,61369
32236,90606
32237,25248
32238,25820
32239,49345
32240,48846
32241,35210
32242,10901
32243,14830
32244,11735
32245,25251
32246,26719
32247,69347
32248,68711
32249,49315
32250,07424
32251,07716
32252,38870
32253,40510
32254,32220
32258,68516
32259,68636
32260,68844
32261,69152
32262,08833
32263,08816
32264,55328
32265,07748
32266,25812
32267,29819
32268,61250
32269,75853
32270,85050
32271,85748
32272,08016
32273,63841
32274,63461
32275,25839
32276,25868
32277,16694
32278,12503
32279,10035
32280,10567
32281,14548
32282,12116
32283,93705
32284,51548
32285,66710
32286,67519
32287,63056
32288,64742
32289,12513
32290,12526
32291,19014
32292,19021
32293,19031
32294,61880
32295,61943
32296,61422
32297,29609
32298,68071
32299,16022
32300,65632
32301,98029
32302,98660
32303,19040
32304,37377
32305,43532
32306,33618
32307,38542
32308,19533
32309,18354
32310,04090
32311,98374
32312,38392
32313,27612
32314,22737
32315,66724
32316,65614
32317,34756
32318,44859
32319,04105
32320,04015
32321,04624
32322,04733
32323,37312
32324,57313
32325,28626
32326,62950
32327,28631
32328,44843
32329,28649
32330,38554
32331,84058
32332,99204
32333,54470
32334,04576
32335,20687
32336,57718
32337,60510
32338,38846
32339,67210
32340,24657
32341,45433
32342,45440
32343,62935
32344,65586
32345,24539
32346,21102
32347,62898
32348,48168
32349,50261
32350,35188
32351,65001
32352,65011
32353,45335
32354,45339
32355,67108
32356,76571
32357,35147
32358,21001
32359,25420
32360,44203
32361,54437
32362,24549
32363,68847
32364,35228
32365,18042
32366,21035
32367,25442
32368,63336
32369,82215
32370,24849
32371,26104
32372,29649
32373,23233
32374,35975
32375,25674
32376,67135
32377,50027
32378,53179
32379,44601
32380,34434
32381,66212
32382,38701
32383,38771
32384,64645
32385,64454
32386,75415
32387,72626
32388,14769
32389,06103
32390,06032
32392,79086
32393,62691
32394,62692
32395,28412
32397,94015
32398,92203
32399,54611
32400,90035
32401,95422
32402,91723
32403,66508
32404,65452
32405,39776
32406,72026
32407,72175
32408,58210
32409,58723
32410,58496
32411,07601
32412,15545
32413,48032
32414,85378
32415,25031
32416,45070
32417,63853
32418,77598
32419,94618
32420,10312
32421,94118
32422,23872
32423,38231
32424,28455
32425,39572
32426,10984
32427,25315
32428,03887
32429,03875
32430,03052
32431,03031
32432,66514
32433,44685
32434,72346
32435,74932
32436,27881
32437,08251
32438,85253
32439,85716
32440,33510
32441,69331
32442,26619
32443,68664
32444,67761
32445,92649
32446,91411
32447,95670
32448,65745
32449,23876
32450,71758
32451,71836
32452,04579
32453,04547
32454,04942
32455,16423
32456,68745
32457,68331
32458,68876
32459,66516
32460,34609
32461,62867
32462,64422
32463,64424
32464,68757
32465,32305
32466,33308
32467,32953
32468,19802
32469,19960
32470,84606
32471,61876
32472,63937
32473,64647
32474,43972
32475,29634
32476,43985
32477,72051
32478,72044
32479,73061
32480,02892
32481,29329
32482,19435
32483,02189
32484,02067
32485,01952
32486,69153
32487,68073
32488,76093
32489,10458
32490,45619
32491,68960
32492,69001
32493,65715
32494,68760
32495,66940
32496,33579
32497,34210
32498,32601
32499,46204
32500,47441
32501,86411
32502,73644
32503,73503
32504,33881
32505,74422
32506,73432
32507,22443
32508,20609
32509,12177
32510,95391
32511,52140
32512,67025
32513,92676
32514,95616
32515,94131
32516,94085
32517,68764
32518,65724
32519,43942
32520,46163
32521,46304
32522,23844
32523,74756
32524,74829
32525,73009
32526,28396
32527,54537
32528,73666
32529,70508
32530,74936
32531,57568
32532,35457
32533,29684
32534,03878
32535,03215
32536,24013
32537,68966
32538,67342
32539,45647
32540,43943
32541,58788
32542,19136
32543,17557
32544,19061
32545,19406
32546,70072
32547,71405
32548,44449
32549,66088
32550,65255
32551,59420
32552,76578
32553,27824
32554,54657
32555,34491
32556,68371
32557,68372
32558,33566
32559,32822
32560,54004
32561,54007
32562,54009
32563,17024
32564,16124
32565,16881
32566,71275
32567,59260
32568,66093
32569,65257
32570,87059
32571,87038
32572,11367
32573,63473
32574,97040
32575,66010
32576,44669
32577,38355
32578,32724
32579,33592
32580,54011
32581,37772
32582,38646
32583,39553
32584,14818
32585,87063
32586,38333
32587,54642
32588,11577
32589,78201
32590,79701
32591,14872
32592,04492
32593,13659
32594,05473
32595,34601
32596,45237
32597,45239
32598,33619
32599,34744
32600,32081
32601,68070
32602,65232
32603,54517
32604,39218
32605,28081
32606,14590
32607,87053
32608,62833
32609,23967
32610,75069
32611,75056
32612,80750
32613,05081
32614,47590
32615,68803
32616,65783
32617,68812
32618,67039
32619,33974
32620,33805
32621,34452
32622,46236
32623,62644
32624,62649
32625,65236
32626,27536
32627,26660
32628,27231
32629,87320
32630,88240
32631,23968
32632,28510
32633,65754
32634,77013
32635,78552
32636,79109
32637,15380
32638,12843
32639,85309
32640,77464
32641,01245
32642,62286
32643,64720
32644,46221
32645,47465
32646,46033
32647,46303
32648,66072
32649,66073
32650,28464
32651,28138
32652,94060
32653,78065
32654,75414
32655,24421
32656,68787
32657,35243
32658,76112
32659,76374
32660,31648
32661,01005
32662,11377
32663,12520
32664,33908
32665,23294
32666,64726
32667,46561
32668,46785
32669,15946
32670,23934
32671,68336
32672,12028
32673,17035
32674,75022
32675,75036
32676,77581
32677,65757
32678,28773
32679,22302
32680,23238
32681,91737
32682,90266
32683,78330
32684,78374
32685,79106
32686,23307
32687,54138
32688,23887
32689,18947
32690,15022
32691,16435
32692,23937
32693,66959
32694,31019
32695,92136
32696,62992
32697,23889
32698,23350
32699,45215
32700,28088
32701,54113
32702,24263
32703,25571
32704,76890
32705,01104
32706,01118
32707,02126
32708,01463
32709,23888
32710,68152
32711,15220
32712,17033
32713,45154
32714,66963
32715,65738
32716,58572
32717,62871
32718,62421
32719,02885
32720,49061
32721,08403
32722,24378
32723,36560
32724,28091
32725,44021
32726,35811
32727,25064
32728,25628
32729,48847
32730,49323
32731,52536
32732,65283
32733,38253
32734,97267
32735,39110
32736,45167
32737,54962
32738,79027
32739,79046
32740,28273
32741,64061
32742,22715
32743,54421
32744,44201
32745,38004
32746,92841
32747,92865
32748,76436
32749,79062
32750,79241
32751,37374
32752,37376
32753,57719
32754,61850
32755,61854
32756,76448
32757,76459
32758,08059
32759,37369
32760,85396
32761,04441
32762,35619
32763,71064
32764,29130
32765,21717
32766,72179
32767,97454
32768,22736
32769,73065
32770,89135
32771,57738
32772,68620
32773,44853
32774,68628
32775,31554
32776,83463
32777,81434
32778,60928
32779,48620
32780,59714
32781,55431
32782,47118
32783,74729
32784,71040
32785,35016
32786,98843
32787,29073
32788,86434
32789,77830
32790,01220
32791,54458
32792,81049
32793,77440
32794,39148
32795,84790
32796,74114
32797,72842
32798,87940
32799,75287
32800,91706
32801,54824
32802,29547
32803,53719
32804,43981
32805,30215
32806,07656
32807,38556
32808,43610
32809,52591
32810,39051
32811,11980
32812,95525
32813,35022
32814,95589
32815,97526
32816,12738
32817,21287
32818,30504
32819,66539
32820,62891
32821,28579
32822,54732
32823,81241
32824,72860
32825,67844
32826,72324
32827,72327
32828,75944
32829,58656
32830,43727
32831,57717
32832,56355
32833,47326
32834,15741
32835,78361
32836,24801
32837,95255
32838,04945
32839,87747
32840,28451
32841,77466
32842,41085
32843,51510
32844,54736
32845,67123
32846,67878
32847,98005
32848,98031
32849,87107
32850,71326
32851,74337
32852,53807
32853,23601
32854,31051
32855,61372
32856,07102
32857,59847
32858,60402
32859,46390
32860,39654
32861,70546
32862,76234
32863,93420
32864,95918
32866,93450
32867,80465
32868,28681
32869,29446
32870,24563
32871,67133
32872,87108
32873,82052
32874,69034
32875,69040
32876,92267
32877,71350
32878,65025
32879,62520
32880,44415
32881,12852
32882,93408
32883,31548
32884,37043
32885,54521
32886,74425
32887,87522
32888,26003
32889,11356
32890,71292
32891,84080
32892,93255
32893,97819
32894,27239
32895,12750
32896,15535
32897,81429
32898,83014
32899,68863
32900,68869
32901,67432
32902,69122
32903,98051
32904,83272
32905,65032
32906,49796
32907,64084
32908,81232
32909,16201
32910,37841
32911,40119
32912,54645
32913,97496
32914,11104
32915,98273
32916,95202
32917,48218
32918,78058
32919,97761
32920,28001
32921,97541
32922,29665
32923,64745
32924,89521
32925,28160
32926,29707
32927,45735
32928,29712
32929,54301
32930,83287
32931,98122
32932,83336
32933,61872
32934,33626
32935,64086
32936,27709
32937,07436
32938,37618
32939,44662
32940,24592
32941,97759
32942,70723
32943,91962
32944,70589
32945,36268
32946,56672
32947,57761
32948,18035
32949,74837
32950,40144
32951,21071
32953,08821
32954,27583
32955,64034
32956,43456
32957,44124
32958,43502
32959,53508
32960,89145
32961,73073
32962,75068
32964,83431
32965,84098
32966,85140
32967,08406
32968,04734
32969,64744
32970,65321
32971,38452
32972,58535
32973,27604
32974,80206
32975,97145
32976,88008
32977,91733
32978,89318
32980,90280
32981,54745
32982,54748
32983,38469
32984,34731
32985,72353
32986,92368
32987,76077
32988,92392
32989,76102
32990,91759
32991,76107
32992,78644
32993,78671
32994,78721
32995,62932
32996,82081
32997,98224
32999,44830
33000,92530
33001,92563
33004,78735
33005,78750
33006,45327
33007,68837
33008,65810
33009,67110
33010,68532
33011,28627
33012,68873
33014,97210
33015,70343
33016,90303
33017,97213
33018,78949
33019,95493
33020,78116
33021,67119
33022,33976
33023,64844
33024,24602
33025,45409
33026,73107
33027,70359
33028,73754
33029,73756
33030,73761
33031,95536
33032,95587
33033,23487
33034,44141
33035,45417
33036,24641
33037,75479
33038,74941
33039,32935
33040,63089
33041,37059
33042,36374
33043,33004
33044,49085
33045,63781
33046,58370
33047,51542
33048,77045
33049,77054
33050,77057
33051,93702
33052,93720
33053,62883
33054,45305
33055,28803
33056,67062
33057,60622
33058,30738
33059,19119
33060,19147
33061,15061
33062,18323
33064,35986
33065,55367
33066,29856
33067,23696
33068,23701
33069,44906
33070,66833
33071,34952
33072,98685
33073,80435
33074,48854
33075,30813
33076,31773
33077,47141
33078,57022
33079,71462
33080,92346
33081,81656
33082,47665
33083,31826
33084,49710
33085,61736
33086,61738
33087,49089
33088,59636
33089,33190
33090,20119
33091,33194
33092,51549
33093,33063
33094,59338
33095,77081
33096,77096
33097,94022
33098,94040
33099,29680
33100,62341
33101,62345
33102,49235
33103,56433
33104,17339
33105,15129
33106,02840
33107,56444
33108,56482
33109,56088
33110,22851
33113,64481
33114,49962
33115,80438
33116,75141
33117,56147
33118,48858
33119,33135
33120,39232
33121,41764
33122,56522
33123,59468
33124,57029
33125,75021
33126,85023
33127,90032
33128,31829
33129,57435
33130,57437
33131,58425
33132,22433
33133,42156
33134,55945
33135,53093
33136,27355
33137,49626
33138,43158
33139,36541
33140,61448
33141,94087
33142,94114
33143,94123
33144,77376
33145,94508
33146,62349
33147,23416
33148,64019
33149,63334
33150,56441
33151,15851
33152,16743
33153,34475
33154,33016
33156,90503
33157,73111
33158,84314
33159,97220
33160,73119
33161,27959
33162,68030
33163,34212
33164,23703
33165,27825
33166,97322
33167,70447
33168,70820
33169,93440
33170,76873
33171,76903
33172,46567
33173,46571
33174,30455
33175,61567
33176,59802
33177,97042
33178,87537
33180,35764
33181,51106
33182,45822
33183,35802
33184,51301
33185,46792
33186,53095
33187,35950
33188,20187
33189,31733
33190,94515
33191,77420
33192,54202
33193,61769
33194,61771
33195,91356
33196,95070
33197,65264
33198,30236
33199,30740
33200,30752
33201,60605
33202,60523
33203,62513
33204,88053
33205,80834
33206,72422
33207,62563
33208,65082
33209,64124
33210,97737
33211,71024
33212,76953
33213,83852
33214,83860
33215,48864
33216,32796
33217,56164
33218,31820
33219,37208
33220,48472
33221,75208
33222,85328
33223,91316
33224,81121
33225,45831
33226,69336
33227,45862
33228,32952
33229,56294
33230,56296
33231,56580
33232,42325
33233,56011
33234,36912
33235,48416
33236,94535
33237,77457
33238,77475
33239,94579
33240,51553
33241,35979
33242,36481
33243,52621
33244,63137
33245,93065
33246,94925
33247,75077
33248,30170
33249,89104
33250,61501
33251,61067
33252,82244
33253,73772
33254,73801
33255,29505
33256,64128
33257,45014
33258,76837
33259,62625
33260,66064
33261,98850
33262,98940
33263,90744
33264,30833
33265,27020
33266,42027
33267,51014
33268,42038
33269,75765
33270,75770
33271,45871
33272,90046
33273,85044
33274,89103
33275,56584
33276,63535
33277,63539
33278,47358
33279,56338
33280,55717
33281,32445
33282,39206
33283,94595
33284,77539
33285,94901
33286,56374
33287,52637
33288,56662
33289,01610
33290,01105
33291,01581
33292,02038
33293,48128
33294,48176
33295,17368
33296,18420
33297,04669
33298,54835
33299,66757
33300,76631
33301,76641
33302,93268
33303,45034
33304,45036
33305,53589
33306,29518
33307,43623
33308,75148
33309,72029
33310,47577
33311,58379
33312,22207
33313,49654
33314,42041
33315,51026
33316,45746
33317,45766
33318,45776
33319,67466
33321,89107
33322,58488
33323,58490
33324,53216
33325,49727
33326,52556
33327,33020
33328,61006
33329,33306
33330,48842
33331,36046
33332,78256
33333,78261
33334,95735
33335,95822
33336,58260
33337,57262
33338,66783
33339,67901
33340,67855
33341,04915
33342,04765
33343,38569
33344,43748
33345,64446
33346,76693
33347,93309
33349,23112
33350,58748
33351,58756
33352,33762
33353,22974
33354,89703
33355,75641
33356,73950
33357,92036
33358,59801
33359,41862
33360,55746
33361,52205
33362,56215
33363,67487
33364,45814
33365,97053
33366,71677
33367,87056
33368,84740
33369,57560
33370,51346
33371,46803
33372,20137
33373,61375
33374,56118
33375,52032
33376,30757
33377,95834
33378,94924
33379,77564
33380,47874
33381,57269
33382,39157
33383,67216
33384,66607
33385,66206
33386,53137
33387,04854
33388,71354
33389,99185
33390,43754
33391,58716
33392,98387
33393,98402
33394,71952
33395,80260
33396,43843
33397,54489
33398,65692
33399,45054
33400,34994
33401,72562
33402,72572
33403,55750
33404,48466
33405,55765
33406,39766
33407,32825
33408,56225
33409,87035
33410,89081
33411,73562
33412,72131
33413,72136
33414,42223
33415,60552
33416,55976
33417,27281
33418,57239
33419,63624
33420,47468
33421,49262
33422,36544
33423,94956
33424,95004
33425,41222
33426,60432
33427,82323
33428,90250
33429,93010
33430,11226
33431,25688
33432,53048
33433,33469
33434,61278
33435,62693
33436,43760
33437,65037
33438,73127
33440,29924
33441,34229
33442,76248
33443,28020
33444,53951
33445,74834
33446,74851
33447,48880
33448,52155
33449,48886
33450,36109
33451,59477
33452,57033
33453,73565
33454,92127
33455,49006
33456,72762
33457,81225
33458,49064
33459,60918
33460,53103
33461,43202
33462,61535
33463,27377
33464,52756
33465,49272
33466,95619
33467,78212
33468,77586
33469,95915
33470,78415
33471,41262
33472,35983
33473,24985
33474,24815
33475,03251
33476,21795
33477,77078
33478,66020
33479,54456
33480,68018
33481,80303
33482,70774
33483,98406
33484,83624
33485,28023
33486,92692
33487,92706
33488,74880
33489,88254
33490,71353
33491,92282
33492,74367
33493,27048
33494,59485
33495,36260
33496,52241
33497,52246
33498,86021
33499,69348
33500,67644
33501,56307
33502,60929
33503,47336
33504,51525
33505,46933
33506,48740
33507,95653
33508,78230
33509,95681
33510,79323
33511,79355
33512,95957
33513,51565
33514,51566
33515,60619
33516,51575
33517,68029
33518,68971
33519,68526
33520,68347
33521,68633
33522,78390
33523,34203
33524,64093
33525,58576
33526,88112
33527,70778
33528,97604
33529,98513
33530,98542
33531,98569
33532,23149
33533,23180
33534,99008
33535,99022
33536,73002
33537,71601
33538,29042
33539,43028
33540,61720
33541,57052
33542,29401
33543,58482
33544,67661
33545,67744
33546,67834
33547,53005
33548,29105
33549,27252
33550,42372
33551,30663
33552,79373
33553,79518
33554,95969
33555,78548
33556,36017
33557,61047
33558,68926
33559,68002
33560,69039
33561,85054
33562,45826
33563,43523
33564,35648
33565,48703
33566,57782
33567,49831
33568,92585
33569,92592
33570,97236
33571,89449
33572,85249
33573,63362
33574,52766
33575,33129
33576,99134
33577,99155
33578,70003
33579,85302
33580,85305
33581,85306
33582,81055
33583,58455
33584,29369
33585,57538
33586,42069
33588,87062
33589,43067
33590,57442
33591,61010
33592,33024
33593,33025
33594,47383
33595,79540
33596,79602
33597,95124
33598,77703
33599,95251
33600,52641
33601,47429
33602,98595
33603,61337
33604,05158
33605,05062
33606,05492
33607,49747
33608,27805
33609,66770
33610,66776
33611,76225
33612,76228
33613,70433
33614,73855
33615,75561
33616,33132
33617,61103
33618,33401
33619,57317
33620,99176
33621,75156
33622,72661
33623,76012
33624,76015
33625,71426
33626,42048
33627,60481
33628,55901
33629,46732
33630,73051
33631,85119
33632,70116
33633,91377
33634,29341
33635,57449
33636,31907
33637,35816
33638,47385
33639,29129
33640,79745
33641,79759
33642,79785
33643,96016
33644,96037
33645,96067
33646,36525
33647,52659
33648,56684
33649,61437
33650,24176
33652,61743
33653,62942
33654,80025
33655,84062
33656,27921
33657,27926
33658,62056
33659,74766
33660,22853
33661,72470
33662,85618
33663,47920
33664,22030
33665,41615
33666,84630
33667,92057
33668,85710
33669,92327
33670,70006
33672,70039
33673,35747
33674,51036
33675,51040
33676,42079
33677,42086
33678,46741
33679,80612
33680,85351
33681,35771
33682,51436
33683,42265
33684,30620
33685,63627
33686,56654
33687,89437
33688,07206
33689,07421
33690,77950
33691,95337
33692,37118
33693,47904
33694,57279
33695,48377
33696,55368
33697,77614
33698,38844
33699,70786
33700,97635
33701,93670
33702,84648
33703,16611
33704,37715
33705,27939
33706,58734
33707,37415
33708,49847
33709,76486
33710,93103
33711,41635
33712,41649
33713,81044
33714,61108
33715,33139
33716,80014
33717,89027
33718,72082
33719,84653
33721,35752
33722,97859
33723,47227
33724,32907
33725,49022
33726,39427
33727,60527
33728,32920
33729,42286
33730,30628
33731,57255
33732,36858
33733,57362
33734,33437
33735,93552
33736,93601
33737,77029
33738,95368
33739,96090
33740,96110
33741,65484
33742,48382
33743,41385
33744,42516
33745,17762
33746,76937
33747,30429
33748,52771
33749,52066
33750,36343
33751,15209
33752,15675
33753,15376
33754,02817
33755,02893
33756,29847
33757,62545
33758,27820
33759,24221
33760,82412
33761,65654
33762,98585
33763,98601
33764,98628
33765,48436
33766,39213
33767,56484
33768,47930
33769,61483
33770,72088
33771,70524
33772,71110
33773,81092
33774,76036
33775,36693
33776,47640
33777,57063
33778,47264
33779,52339
33780,53226
33781,92614
33782,29458
33783,85193
33784,75703
33785,89444
33787,79837
33788,88338
33789,40475
33791,74820
