zip,waitlist_candidates,waitlist_episodes
00001,4,4
00007,1,1
00009,25,25
00018,1,1
00068,1,1
00078,1,1
00079,1,1
00082,1,1
00092,2,2
00180,1,1
00229,1,1
00238,1,1
00243,4,4
00260,1,1
00276,1,1
00285,1,1
00301,2,2
00334,1,1
00407,1,1
00600,2,2
00601,16,16
00602,80,86
00603,72,73
00604,4,4
00605,19,21
00606,8,8
00608,1,1
00610,57,60
00611,2,2
00612,70,72
00613,13,13
00614,6,6
00616,14,14
00617,29,29
00618,1,1
00622,12,12
00623,66,70
00624,31,31
00625,1,1
00627,37,37
00628,2,2
00629,1,1
00631,1,1
00632,2,2
00633,1,1
00637,39,41
00638,30,31
00640,2,2
00641,37,37
00646,43,43
00647,4,4
00650,15,15
00652,7,7
00653,9,9
00656,27,28
00658,1,1
00659,47,47
00660,26,26
00662,64,64
00664,16,16
00667,33,33
00669,44,44
00670,9,10
00673,1,1
00674,56,57
00675,1,1
00676,61,62
00677,21,21
00678,35,36
00679,7,8
00680,93,97
00681,24,25
00682,22,23
00683,42,43
00684,1,1
00685,78,79
00687,42,42
00688,21,22
00690,10,10
00691,1,1
00692,39,40
00693,63,65
00694,17,17
00698,65,68
00703,43,43
00704,8,8
00705,47,47
00707,19,19
00712,1,1
00714,12,12
00715,5,6
00716,45,45
00717,26,26
00718,23,23
00719,47,47
00720,26,26
00721,2,2
00723,22,22
00725,132,132
00726,24,25
00727,40,40
00728,51,51
00729,77,77
00730,41,41
00731,25,26
00732,12,12
00733,10,10
00734,2,2
00735,20,20
00736,60,61
00737,22,22
00738,53,53
00739,58,59
00740,4,4
00741,9,9
00744,4,4
00745,93,96
00751,29,29
00754,57,59
00757,33,34
00764,1,1
00765,10,10
00766,31,33
00767,48,48
00769,56,56
00771,53,54
00772,19,19
00773,22,22
00775,2,2
00776,1,1
00777,61,63
00778,48,49
00780,20,20
00782,14,14
00783,53,53
00784,48,49
00785,11,11
00786,1,1
00787,1,1
00788,1,1
00791,55,58
00792,10,10
00793,2,2
00794,49,50
00795,49,51
00797,1,1
00798,2,2
00801,20,20
00802,35,36
00803,18,18
00804,10,10
00805,3,3
00820,10,10
00821,4,4
00822,3,3
00823,11,11
00824,4,4
00830,2,3
00831,7,7
00840,9,9
00841,11,11
00850,2,2
00851,21,21
00861,1,1
00865,1,1
00901,4,4
00902,7,7
00903,1,1
00907,15,15
00908,5,5
00909,2,2
00910,4,4
00911,6,6
00912,9,9
00913,2,2
00914,4,4
00915,19,19
00916,2,2
00917,29,30
00918,26,26
00919,37,37
00920,34,34
00921,41,42
00922,4,4
00923,30,30
00924,60,61
00925,7,7
00926,145,147
00927,18,18
00928,11,11
00929,10,10
00931,4,4
00933,1,1
00936,24,25
00939,1,1
00946,1,1
00949,89,90
00950,12,12
00951,14,14
00952,17,17
00953,80,81
00954,4,4
00956,94,94
00957,61,61
00958,4,4
00959,67,69
00960,22,22
00961,50,50
00962,29,29
00963,4,4
00964,1,1
00965,6,6
00966,18,18
00967,1,1
00968,3,3
00969,53,54
00970,24,24
00971,22,22
00975,1,1
00976,62,63
00977,12,12
00978,9,9
00979,26,26
00982,21,21
00983,48,48
00984,11,11
00985,68,69
00986,13,13
00987,63,63
00988,6,6
01000,1,1
01001,63,66
01002,34,35
01005,12,12
01007,44,45
01008,1,1
01009,6,6
01010,9,9
01011,4,4
01012,3,3
01013,82,85
01014,1,1
01015,1,1
01016,1,1
01020,85,88
01021,1,1
01022,8,9
01025,1,1
01026,2,2
01027,46,49
01028,39,40
01029,3,3
01030,38,39
01031,5,5
01032,2,2
01033,13,13
01034,2,2
01035,16,16
01036,11,11
01037,4,4
01038,5,5
01039,6,6
01040,162,166
01041,2,2
01046,1,1
01050,4,4
01053,5,5
01054,3,3
01056,53,60
01057,32,32
01060,29,29
01061,1,1
01062,25,26
01066,1,1
01067,1,1
01068,10,10
01069,26,29
01071,4,4
01072,3,3
01073,16,17
01074,3,3
01075,50,54
01077,26,28
01079,4,4
01080,7,7
01081,10,10
01082,30,30
01083,8,9
01084,1,1
01085,103,105
01086,3,4
01088,3,3
01089,100,103
01092,4,4
01093,4,4
01094,1,1
01095,26,26
01096,3,3
01097,1,1
01098,5,5
01101,5,5
01103,8,8
01104,102,110
01105,54,55
01106,36,37
01107,47,49
01108,93,100
01109,145,152
01116,1,1
01118,42,44
01119,59,60
01128,7,7
01129,31,32
01138,2,2
01139,1,1
01150,2,2
01151,29,30
01156,1,1
01168,1,1
01180,1,1
01201,175,183
01202,4,4
01208,1,1
01210,1,1
01211,1,1
01220,24,24
01222,1,1
01223,9,9
01225,7,7
01226,22,22
01229,1,1
01230,16,17
01234,1,1
01235,7,7
01236,5,5
01237,16,16
01238,22,25
01240,15,15
01242,3,3
01243,1,1
01245,1,1
01247,50,51
01248,1,1
01253,3,3
01254,4,4
01255,4,4
01256,3,4
01257,14,15
01258,2,2
01259,1,1
01260,1,1
01262,3,3
01266,3,3
01267,12,12
01270,3,3
01297,1,1
01301,58,60
01302,2,2
01330,7,7
01331,56,58
01334,1,1
01337,4,4
01338,1,1
01339,3,3
01340,5,5
01341,6,7
01342,5,5
01344,4,5
01349,3,4
01351,4,4
01354,5,5
01360,10,10
01364,35,37
01366,1,1
01368,7,8
01370,10,10
01373,8,8
01375,3,4
01376,19,20
01378,3,3
01379,1,1
01380,1,1
01420,176,181
01430,21,21
01431,9,9
01432,36,38
01434,1,1
01436,14,15
01440,107,109
01441,1,1
01446,2,2
01450,36,36
01451,9,9
01452,20,22
01453,157,164
01457,1,1
01460,22,23
01462,36,36
01463,42,44
01464,22,24
01467,1,1
01468,14,14
01469,25,25
01473,33,34
01474,4,4
01475,41,44
01496,1,1
01501,75,80
01503,14,14
01504,29,30
01505,10,10
01506,16,16
01507,44,45
01508,4,4
01509,1,1
01510,64,66
01515,11,11
01516,33,35
01517,1,1
01518,7,7
01519,24,26
01520,59,62
01521,9,9
01522,14,14
01523,17,17
01524,23,24
01525,2,2
01526,1,1
01527,56,58
01529,9,10
01531,4,4
01532,46,47
01534,22,24
01535,20,21
01536,22,24
01537,5,5
01538,1,1
01540,65,65
01541,11,11
01542,8,8
01543,30,33
01545,188,195
01550,63,64
01551,1,1
01556,1,1
01560,14,14
01561,4,4
01562,58,60
01564,31,31
01566,30,31
01568,24,26
01569,50,55
01570,79,83
01571,53,55
01574,1,1
01576,1,1
01581,62,66
01583,31,33
01585,20,21
01588,38,39
01590,32,35
01601,6,6
01602,93,93
01603,105,110
01604,161,164
01605,170,177
01606,86,89
01607,48,51
01608,27,27
01609,89,91
01610,121,122
01611,10,10
01612,13,15
01613,5,5
01644,1,1
01655,3,3
01690,1,1
01701,97,100
01702,108,111
01705,1,1
01712,1,1
01718,1,2
01719,12,12
01720,35,36
01721,46,48
01730,34,35
01731,4,4
01740,11,11
01741,8,8
01742,28,29
01745,1,1
01746,35,37
01747,18,18
01748,42,42
01749,68,69
01752,140,146
01754,23,24
01756,21,21
01757,98,102
01760,89,90
01766,1,1
01770,12,13
01772,25,25
01773,13,13
01775,22,25
01776,29,29
01778,29,31
01801,123,124
01802,2,2
01803,99,103
01805,60,60
01809,1,1
01810,83,85
01819,1,1
01820,2,2
01821,105,106
01822,1,1
01823,1,1
01824,63,66
01826,114,121
01827,5,5
01830,107,111
01831,2,2
01832,73,74
01833,20,20
01834,22,23
01835,42,43
01836,1,1
01840,30,30
01841,231,235
01842,6,6
01843,128,134
01844,192,201
01845,67,68
01850,55,57
01851,157,165
01852,142,148
01853,6,6
01854,101,102
01860,15,16
01862,34,34
01863,29,30
01864,39,40
01865,1,1
01866,1,1
01867,72,75
01874,1,1
01875,1,1
01876,98,100
01879,35,37
01880,89,92
01881,1,1
01885,1,1
01886,51,54
01887,74,80
01888,4,4
01890,49,50
01901,14,14
01902,193,200
01903,2,2
01904,77,80
01905,106,108
01906,127,133
01907,56,58
01908,13,15
01913,53,56
01915,111,115
01920,2,2
01921,20,20
01922,10,10
01923,85,89
01929,17,18
01930,92,94
01931,1,1
01936,2,2
01938,45,47
01940,33,34
01944,16,16
01945,45,50
01949,30,31
01950,52,53
01951,7,7
01952,34,36
01954,1,1
01960,175,181
01965,2,2
01966,19,20
01969,14,17
01970,151,157
01982,20,22
01983,14,15
01984,8,8
01985,12,12
02005,1,1
02019,63,66
02020,5,5
02021,74,78
02025,17,18
02026,87,91
02030,11,11
02032,9,10
02035,50,53
02038,93,97
02041,1,1
02043,41,42
02045,48,52
02047,1,1
02048,54,57
02050,78,80
02051,3,3
02052,22,23
02053,28,29
02054,29,30
02056,27,27
02059,1,1
02061,19,23
02062,103,110
02066,56,59
02067,39,40
02071,2,2
02072,112,118
02073,1,1
02081,52,55
02090,27,28
02093,30,31
02101,1,1
02102,1,1
02105,1,1
02108,7,8
02109,12,12
02110,10,11
02111,27,28
02112,4,4
02113,13,14
02114,39,40
02115,46,48
02116,63,65
02117,2,2
02118,93,94
02119,188,191
02120,54,57
02121,160,166
02122,97,99
02123,1,1
02124,294,302
02125,138,143
02126,151,154
02127,67,71
02128,123,127
02129,45,47
02130,107,113
02131,139,142
02132,94,97
02134,33,33
02135,80,84
02136,174,180
02137,1,1
02138,59,61
02139,89,91
02140,57,59
02141,34,36
02142,4,5
02143,59,60
02144,46,47
02145,83,85
02146,1,1
02147,1,1
02148,200,208
02149,165,172
02150,189,197
02151,231,242
02152,60,62
02153,1,1
02155,155,163
02156,1,1
02159,1,1
02164,1,1
02169,178,184
02170,50,52
02171,68,72
02172,1,1
02173,1,1
02174,3,3
02175,1,1
02176,82,86
02178,1,1
02180,67,70
02181,2,2
02184,128,130
02186,82,84
02187,1,1
02188,51,53
02189,42,45
02190,47,50
02191,21,22
02193,1,1
02195,1,1
02196,1,1
02199,3,3
02205,1,1
02210,9,11
02212,1,1
02213,1,1
02215,23,23
02222,1,1
02227,2,2
02230,1,1
02233,1,1
02238,2,2
02255,1,1
02272,1,1
02301,278,284
02302,163,166
02303,5,5
02304,2,2
02305,1,1
02306,1,1
02310,2,2
02316,1,1
02322,20,22
02324,61,62
02327,1,1
02330,45,48
02331,2,2
02332,37,40
02333,45,48
02334,2,2
02338,21,21
02339,44,46
02341,36,37
02343,45,50
02344,1,1
02345,6,6
02346,66,71
02347,34,37
02350,1,1
02351,47,50
02352,1,1
02355,4,4
02356,44,44
02358,3,3
02359,63,66
02360,184,197
02361,1,1
02362,3,3
02364,44,45
02367,5,5
02368,182,190
02370,57,63
02375,30,30
02379,23,23
02382,45,49
02401,1,1
02408,1,1
02410,1,1
02420,35,36
02421,26,29
02440,1,1
02445,40,42
02446,46,46
02448,1,1
02451,60,64
02452,47,47
02453,66,66
02454,3,3
02455,2,2
02458,34,36
02459,31,32
02460,24,24
02461,19,19
02462,3,3
02464,7,8
02465,36,36
02466,18,18
02467,38,39
02468,10,10
02470,1,1
02471,3,3
02472,100,109
02473,1,1
02474,63,67
02476,43,44
02478,48,50
02481,24,25
02482,20,21
02492,40,40
02493,21,21
02494,21,21
02511,1,1
02532,35,38
02534,2,2
02535,4,4
02536,61,64
02537,16,16
02538,19,19
02539,9,9
02540,19,19
02541,3,3
02542,2,2
02543,1,1
02549,1,1
02553,4,4
02554,28,31
02556,5,5
02557,12,14
02558,8,8
02559,10,10
02561,1,1
02562,14,15
02563,31,34
02564,1,2
02567,1,1
02568,24,26
02571,24,25
02574,1,1
02575,2,3
02576,15,15
02577,1,1
02584,2,2
02588,1,1
02601,41,43
02605,1,1
02630,7,8
02631,31,32
02632,29,30
02633,15,15
02635,8,8
02637,2,2
02638,13,14
02639,17,19
02641,2,3
02642,6,7
02643,3,3
02644,15,15
02645,23,24
02646,10,12
02648,25,28
02649,52,53
02650,5,5
02651,5,5
02652,3,3
02653,9,10
02655,15,18
02657,18,18
02659,4,4
02660,26,26
02661,1,1
02662,2,2
02663,3,3
02664,30,30
02666,6,6
02667,8,8
02668,8,9
02669,2,3
02670,11,12
02671,3,3
02672,2,2
02673,24,26
02675,23,26
02676,2,2
02702,11,11
02703,127,135
02705,1,1
02712,1,1
02714,1,1
02715,11,11
02717,16,17
02718,17,19
02719,47,51
02720,113,121
02721,93,100
02722,3,3
02723,49,50
02724,42,45
02725,4,4
02726,42,46
02738,15,15
02739,18,18
02740,173,182
02741,1,1
02742,1,1
02743,33,35
02744,46,52
02745,78,81
02746,53,57
02747,57,58
02748,29,31
02760,72,74
02762,34,35
02763,7,7
02764,10,10
02766,48,51
02767,46,49
02768,2,2
02769,37,40
02770,11,13
02771,32,35
02777,43,44
02779,15,15
02780,174,182
02781,1,1
02790,43,49
02802,1,1
02804,11,11
02806,29,30
02807,1,1
02808,8,8
02809,63,65
02812,1,3
02813,22,23
02814,16,16
02816,93,95
02817,19,20
02818,58,61
02820,1,1
02822,23,25
02823,1,1
02824,3,3
02825,21,21
02826,2,2
02827,6,6
02828,13,14
02829,1,2
02830,23,24
02831,12,13
02832,10,10
02833,3,3
02835,19,19
02837,5,5
02838,11,13
02839,6,6
02840,52,54
02842,46,48
02852,62,64
02854,1,1
02857,22,22
02858,1,1
02859,13,13
02860,139,143
02861,80,81
02862,1,1
02863,47,50
02864,69,72
02865,50,53
02871,46,48
02874,12,12
02876,2,2
02878,38,39
02879,60,63
02880,1,1
02881,8,8
02882,42,43
02883,2,2
02885,25,27
02886,82,86
02887,1,1
02888,66,67
02889,85,86
02891,48,48
02892,10,10
02893,89,91
02894,2,3
02895,124,128
02896,27,29
02898,5,5
02901,2,2
02902,1,1
02903,36,37
02904,111,114
02905,87,89
02906,42,43
02907,123,125
02908,97,97
02909,121,126
02910,65,70
02911,42,43
02914,66,68
02915,36,36
02916,27,27
02917,28,28
02918,1,1
02919,87,93
02920,97,102
02921,33,33
02929,1,1
02935,1,1
02940,1,1
02954,1,1
02965,1,1
03031,28,28
03032,23,23
03033,9,10
03034,7,7
03036,11,12
03037,12,13
03038,89,92
03041,1,1
03042,15,15
03044,11,11
03045,34,35
03046,5,6
03047,2,3
03048,12,13
03049,19,20
03050,1,1
03051,67,73
03052,18,20
03053,70,74
03054,77,81
03055,36,36
03056,1,1
03057,10,10
03060,73,75
03061,1,1
03062,72,74
03063,48,50
03064,37,40
03070,14,14
03071,12,13
03075,1,1
03076,34,37
03077,29,33
03079,75,78
03082,5,5
03084,4,4
03086,6,6
03087,32,33
03101,10,10
03102,81,82
03103,92,94
03104,91,98
03105,1,1
03106,33,33
03108,2,2
03109,19,19
03110,36,36
03120,1,1
03216,4,4
03217,9,9
03218,4,5
03220,11,12
03221,7,7
03222,16,17
03223,7,7
03224,6,6
03225,6,6
03226,5,5
03227,1,1
03229,13,15
03233,2,2
03234,15,18
03235,27,28
03237,6,6
03240,6,6
03241,2,2
03242,5,7
03243,3,3
03244,28,29
03245,3,3
03246,28,29
03249,19,20
03251,4,4
03253,10,10
03254,10,10
03255,5,5
03256,6,6
03257,16,16
03258,7,7
03259,1,1
03260,1,1
03261,11,11
03262,3,3
03263,9,9
03264,13,14
03266,8,8
03268,2,2
03269,9,10
03273,1,1
03275,25,26
03276,26,28
03278,6,7
03279,3,3
03280,4,4
03281,19,20
03282,2,2
03284,2,2
03285,4,4
03287,6,6
03289,1,1
03290,8,9
03292,1,1
03293,3,3
03301,80,83
03302,5,6
03303,39,42
03304,22,23
03307,11,11
03390,1,1
03394,1,1
03431,52,53
03440,9,9
03442,5,7
03444,5,5
03445,1,1
03446,20,20
03447,11,11
03448,2,3
03449,8,9
03450,5,5
03451,8,8
03452,9,9
03455,6,6
03456,2,2
03457,2,3
03458,13,14
03461,11,11
03462,5,5
03465,8,8
03466,1,1
03467,4,4
03468,1,1
03469,2,2
03470,13,13
03535,1,1
03557,1,1
03561,11,11
03570,19,20
03574,4,4
03576,7,7
03579,1,1
03580,1,1
03581,9,9
03582,9,10
03583,3,3
03584,13,14
03585,6,6
03588,2,2
03590,1,1
03592,5,5
03593,1,1
03595,1,1
03598,2,2
03601,2,2
03602,8,9
03603,13,13
03608,5,6
03609,1,1
03629,1,1
03662,1,1
03740,1,1
03741,8,9
03743,27,29
03745,3,3
03746,1,1
03748,9,9
03750,3,3
03752,1,1
03753,11,11
03754,1,1
03755,8,8
03756,4,4
03765,1,1
03766,14,14
03768,3,3
03770,2,2
03771,1,1
03773,20,21
03774,1,1
03777,4,4
03779,1,1
03780,1,1
03781,3,3
03782,9,9
03784,9,9
03785,7,7
03801,54,55
03802,1,1
03809,13,13
03810,6,6
03811,15,16
03812,2,3
03813,11,11
03814,12,12
03815,2,2
03816,5,5
03817,1,1
03818,12,13
03819,13,13
03820,68,71
03821,4,4
03823,1,2
03824,7,7
03825,18,20
03826,10,10
03827,16,16
03830,2,3
03833,54,56
03835,23,23
03836,4,4
03837,4,5
03838,2,2
03839,8,9
03840,6,7
03841,12,13
03842,48,50
03843,4,4
03844,4,5
03845,1,1
03846,2,2
03848,14,16
03849,8,8
03850,2,2
03851,13,13
03852,1,1
03853,1,1
03854,3,4
03855,7,8
03856,3,3
03857,21,21
03858,16,16
03860,16,16
03861,11,12
03862,10,11
03864,2,2
03865,28,30
03866,1,1
03867,60,63
03868,16,18
03869,6,6
03870,13,13
03871,3,3
03872,11,11
03873,20,20
03874,27,28
03878,29,30
03882,4,4
03883,1,1
03884,5,5
03885,13,13
03886,2,2
03887,5,5
03894,22,23
03896,3,3
03899,1,1
03901,11,11
03902,2,2
03903,13,13
03904,19,21
03905,2,2
03906,9,9
03907,1,1
03908,17,17
03909,21,21
03910,1,1
03911,1,1
03948,1,1
04001,2,2
04002,22,23
04003,1,1
04004,2,3
04005,62,65
04008,7,8
04009,16,17
04010,3,3
04011,45,46
04012,1,1
04015,9,9
04016,2,2
04020,1,1
04021,12,13
04027,18,18
04029,5,5
04030,4,4
04032,20,21
04034,1,1
04036,1,1
04037,3,3
04038,40,40
04039,25,26
04040,6,6
04041,5,5
04042,11,11
04043,19,22
04046,17,17
04047,12,12
04048,5,5
04049,11,11
04051,1,1
04054,2,2
04055,6,6
04056,2,2
04057,1,1
04061,9,9
04062,39,40
04063,1,1
04064,27,27
04068,3,4
04069,5,6
04070,3,3
04071,11,13
04072,46,48
04073,44,46
04074,41,43
04076,7,7
04077,3,3
04078,1,1
04079,12,12
04083,7,7
04084,12,13
04085,6,6
04086,38,38
04087,6,6
04088,3,3
04090,25,27
04091,4,4
04092,53,58
04093,16,17
04095,4,4
04096,16,17
04097,9,9
04101,45,47
04102,49,50
04103,70,73
04105,21,22
04106,59,61
04107,18,19
04110,3,3
04112,2,2
04113,1,1
04116,1,1
04119,1,1
04136,2,2
04153,1,1
04172,1,1
04210,54,57
04211,1,1
04212,2,2
04217,5,5
04219,3,3
04220,4,4
04221,2,2
04222,10,10
04223,1,1
04224,8,9
04226,1,1
04230,1,1
04231,1,1
04236,10,11
04238,1,1
04239,7,7
04240,79,86
04250,12,12
04252,10,10
04253,1,1
04254,8,8
04255,4,4
04256,10,10
04257,5,5
04258,7,7
04259,12,12
04260,12,12
04261,2,2
04263,9,9
04265,3,3
04268,10,10
04270,20,20
04274,18,19
04276,12,13
04280,17,17
04281,11,11
04282,8,8
04284,4,4
04287,12,12
04289,2,2
04290,2,2
04292,2,2
04294,8,8
04330,63,68
04332,3,4
04342,6,6
04344,9,12
04345,34,36
04346,3,3
04347,6,6
04348,10,10
04349,6,6
04350,7,7
04351,8,8
04352,5,5
04353,2,2
04354,3,4
04355,7,7
04357,8,10
04358,14,15
04360,2,2
04361,1,1
04363,6,6
04364,6,7
04401,96,101
04402,3,3
04406,1,1
04410,1,1
04411,2,2
04412,29,32
04414,2,3
04415,1,1
04416,17,17
04418,5,5
04419,7,7
04421,1,1
04422,7,7
04426,10,10
04427,7,8
04428,4,5
04429,10,11
04430,4,4
04434,4,4
04435,4,4
04438,3,3
04441,2,2
04443,5,5
04444,10,10
04448,5,5
04449,7,7
04450,2,2
04451,1,1
04453,1,1
04456,5,5
04457,13,14
04459,2,2
04461,6,6
04462,15,16
04463,7,7
04464,2,3
04468,20,22
04469,1,1
04472,3,3
04473,9,9
04474,5,5
04475,1,1
04476,3,3
04478,1,1
04479,2,2
04488,1,2
04489,2,2
04496,11,13
04497,1,1
04506,1,1
04507,1,1
04530,36,38
04532,1,1
04537,8,10
04538,7,7
04539,1,1
04543,6,6
04544,1,1
04547,3,3
04548,3,3
04551,2,2
04553,2,2
04554,1,1
04555,6,7
04556,3,3
04558,2,2
04560,1,1
04562,5,5
04563,3,4
04564,1,1
04568,2,2
04571,3,4
04572,12,12
04573,1,1
04574,3,4
04576,2,2
04578,13,14
04579,10,12
04605,21,23
04606,2,2
04607,4,4
04609,13,13
04611,3,3
04612,2,2
04614,5,6
04617,2,2
04619,6,6
04625,1,2
04627,1,1
04628,1,1
04630,1,1
04631,5,5
04634,5,5
04635,1,1
04640,3,3
04643,4,4
04644,1,1
04649,2,2
04650,1,1
04652,3,4
04653,1,1
04654,3,3
04655,1,1
04658,5,5
04660,2,2
04664,3,3
04666,2,2
04667,7,7
04668,2,2
04671,2,2
04672,1,1
04674,1,1
04675,1,1
04679,4,4
04680,3,3
04681,4,4
04684,4,4
04685,1,1
04686,1,1
04694,7,8
04704,1,1
04730,20,22
04732,6,7
04733,1,1
04735,1,2
04736,20,21
04739,2,2
04740,5,6
04742,11,11
04743,7,9
04745,6,6
04747,3,3
04750,1,1
04755,1,1
04756,7,8
04757,7,8
04758,6,6
04760,1,1
04761,1,1
04762,2,2
04765,2,2
04768,1,1
04769,17,17
04772,2,2
04773,2,2
04774,1,1
04776,2,2
04777,1,1
04780,1,2
04781,1,1
04783,2,3
04785,4,5
04786,7,9
04787,1,1
04841,22,26
04843,10,10
04847,3,3
04848,1,1
04849,5,5
04851,1,1
04853,1,1
04854,1,2
04855,2,2
04856,6,6
04858,6,6
04860,4,4
04861,5,5
04862,11,11
04863,1,1
04864,9,9
04901,56,59
04910,5,5
04911,9,10
04912,2,2
04915,15,16
04917,8,9
04918,2,3
04920,2,2
04921,1,1
04922,2,2
04923,2,2
04924,6,7
04926,1,1
04927,10,10
04928,5,5
04929,3,3
04930,10,11
04932,2,2
04935,1,1
04936,1,1
04937,15,16
04938,11,12
04939,3,3
04941,3,3
04942,3,3
04943,9,9
04945,2,3
04947,1,1
04949,2,2
04950,7,7
04952,5,5
04953,11,11
04955,3,4
04957,8,10
04958,9,9
04961,1,1
04962,1,1
04963,13,13
04964,2,2
04965,6,7
04966,2,2
04967,5,5
04969,5,5
04970,3,3
04971,3,3
04973,4,5
04974,9,9
04976,30,31
04978,2,2
04979,3,3
04981,5,5
04982,2,3
04983,4,4
04984,4,5
04988,4,4
04989,10,10
05001,15,15
05030,4,4
05032,5,6
05033,3,3
05034,1,1
05037,2,2
05038,3,3
05039,1,1
05040,1,1
05041,2,2
05042,1,1
05045,4,4
05046,4,4
05047,3,3
05048,5,6
05049,2,2
05050,1,1
05051,3,3
05055,3,4
05058,1,1
05059,6,7
05060,17,17
05061,5,7
05062,2,2
05065,2,2
05068,13,13
05069,2,2
05075,2,2
05076,2,2
05077,3,3
05079,1,1
05081,1,1
05083,3,3
05085,1,1
05086,3,3
05088,4,4
05089,14,14
05091,8,9
05101,12,12
05124,1,1
05142,1,1
05143,11,11
05146,2,2
05148,1,1
05149,5,6
05150,2,2
05151,2,2
05153,1,1
05154,2,2
05155,1,1
05156,14,14
05158,4,4
05159,1,1
05181,1,1
05201,28,30
05207,1,1
05250,7,7
05251,3,3
05252,1,1
05254,1,1
05255,10,11
05257,5,5
05260,1,1
05261,4,4
05262,5,5
05301,35,36
05303,1,1
05340,3,3
05342,2,2
05343,1,1
05345,4,4
05346,4,4
05350,2,2
05351,2,2
05352,1,1
05353,5,6
05354,8,9
05356,5,5
05358,1,1
05359,2,2
05361,3,3
05363,5,5
05381,1,1
05401,53,54
05402,2,2
05403,41,45
05404,11,12
05406,2,2
05407,1,1
05408,18,18
05440,3,3
05441,1,1
05443,18,18
05444,4,4
05445,8,8
05446,25,26
05450,14,15
05452,50,51
05454,15,16
05456,3,3
05457,3,3
05458,4,4
05459,9,9
05461,9,9
05462,4,4
05463,2,2
05464,5,5
05465,11,11
05466,1,1
05468,36,37
05470,1,1
05471,4,4
05472,5,5
05473,3,3
05474,4,4
05476,5,5
05477,5,5
05478,30,32
05481,3,3
05482,21,22
05483,6,6
05486,5,5
05487,2,3
05488,15,15
05489,5,5
05490,1,1
05491,16,16
05494,2,2
05495,26,28
05501,1,1
05565,1,1
05601,1,1
05602,16,16
05641,35,35
05647,1,1
05649,3,3
05650,2,2
05651,3,3
05652,4,4
05653,3,4
05654,2,2
05655,8,8
05656,10,10
05657,1,1
05658,4,5
05660,1,1
05661,11,11
05663,9,10
05664,3,3
05667,6,7
05669,1,1
05670,1,1
05672,12,12
05673,5,5
05674,2,2
05675,4,4
05676,15,17
05677,2,2
05678,1,1
05679,6,6
05680,4,4
05682,1,1
05701,46,49
05702,3,3
05731,1,1
05732,3,3
05733,14,14
05734,2,2
05735,15,15
05736,2,2
05737,2,2
05738,2,2
05740,2,2
05742,1,1
05743,14,14
05745,2,2
05746,1,1
05748,3,3
05749,1,1
05751,3,4
05753,11,11
05757,1,1
05758,2,2
05759,3,3
05760,5,5
05761,1,1
05762,2,2
05763,11,12
05764,9,9
05765,5,5
05769,4,4
05770,4,5
05773,3,3
05774,6,6
05777,11,11
05778,1,1
05819,27,29
05820,4,5
05821,3,3
05822,3,3
05823,1,1
05824,2,2
05826,3,3
05828,4,4
05829,7,7
05830,2,2
05832,3,3
05836,3,3
05837,1,1
05839,1,1
05840,1,1
05843,8,8
05845,5,5
05846,4,4
05847,3,3
05849,5,5
05851,17,18
05853,1,1
05855,16,17
05857,2,2
05858,1,1
05859,1,1
05860,2,2
05863,1,1
05866,2,2
05867,1,1
05868,4,4
05871,3,3
05872,3,3
05875,1,1
05902,1,1
05903,1,1
05904,1,1
05905,1,1
05906,3,3
06001,31,31
06002,125,131
06006,2,2
06010,156,161
06013,19,20
06016,18,19
06017,1,1
06018,4,4
06019,22,24
06022,1,1
06023,1,1
06024,2,2
06026,10,10
06027,6,6
06029,34,37
06031,2,2
06032,41,42
06033,58,60
06034,1,1
06035,17,17
06037,59,63
06039,3,3
06040,105,109
06042,49,51
06043,12,12
06045,1,1
06046,1,1
06050,3,3
06051,112,117
06052,25,28
06053,106,111
06054,1,1
06056,2,2
06057,22,24
06058,5,5
06059,2,2
06060,3,3
06062,56,57
06063,4,4
06064,1,1
06065,2,2
06066,89,92
06067,49,51
06068,4,4
06069,7,7
06070,31,31
06071,22,22
06073,15,15
06074,60,62
06075,1,1
06076,32,34
06077,1,1
06078,25,26
06080,1,1
06081,1,1
06082,122,130
06083,2,2
06084,26,26
06085,18,19
06088,23,23
06089,4,4
06090,3,3
06092,10,11
06093,6,6
06094,3,3
06095,104,108
06096,43,43
06098,39,41
06103,8,8
06104,1,1
06105,78,81
06106,157,162
06107,34,35
06108,82,84
06109,57,58
06110,31,32
06111,85,89
06112,97,103
06114,97,99
06117,28,29
06118,111,118
06119,30,33
06120,66,68
06129,1,1
06137,1,1
06138,1,1
06153,1,1
06165,1,1
06191,1,1
06198,1,1
06221,1,1
06226,54,56
06231,13,14
06232,9,11
06233,1,1
06234,26,28
06235,6,6
06237,15,17
06238,26,27
06239,35,37
06241,17,19
06242,5,5
06243,1,1
06246,2,2
06247,7,7
06248,14,15
06249,17,18
06250,20,20
06254,7,8
06255,20,21
06256,5,5
06259,9,9
06260,20,22
06262,4,4
06263,1,1
06264,2,2
06266,1,1
06267,2,2
06268,16,19
06269,1,1
06277,15,17
06278,8,8
06279,11,12
06280,4,4
06281,18,20
06282,2,2
06297,1,1
06320,83,87
06330,10,11
06331,7,7
06332,1,1
06333,15,16
06334,5,6
06335,15,15
06339,15,15
06340,69,73
06350,1,1
06351,44,45
06353,1,1
06354,7,7
06355,39,42
06357,22,24
06359,10,10
06360,113,115
06365,14,14
06370,23,25
06371,26,26
06373,1,1
06374,22,24
06375,9,9
06376,1,1
06377,5,5
06378,11,12
06379,19,21
06380,6,7
06382,25,25
06384,6,6
06385,38,42
06387,2,2
06401,61,62
06402,1,1
06403,12,12
06405,91,96
06409,2,2
06410,64,67
06412,16,16
06413,33,38
06415,45,47
06416,36,38
06417,8,9
06418,30,31
06419,14,15
06420,16,16
06422,20,21
06423,10,10
06424,40,40
06426,4,4
06430,5,5
06437,54,55
06438,5,5
06441,13,13
06442,6,7
06443,45,49
06447,14,14
06450,144,152
06451,85,87
06453,1,1
06455,8,10
06456,1,1
06457,137,141
06460,121,128
06461,33,34
06468,35,35
06469,7,8
06470,45,47
06471,24,25
06472,20,20
06473,72,74
06475,24,25
06477,37,37
06478,35,36
06479,30,31
06480,23,23
06481,4,4
06482,34,36
06483,47,48
06484,123,131
06488,48,49
06489,84,87
06490,1,1
06492,120,125
06497,1,1
06498,15,15
06501,1,1
06504,3,3
06505,2,2
06507,1,1
06510,8,8
06511,211,221
06512,114,118
06513,179,185
06514,127,131
06515,74,77
06516,239,248
06517,56,59
06518,49,52
06519,84,91
06520,3,3
06524,11,11
06525,21,22
06530,1,1
06531,1,1
06539,1,1
06541,1,1
06581,1,1
06584,1,1
06601,1,1
06602,1,1
06604,108,109
06605,86,88
06606,162,167
06607,44,47
06608,53,54
06610,106,108
06611,101,106
06612,14,15
06614,88,95
06615,90,94
06617,1,1
06631,1,1
06701,1,1
06702,14,14
06703,1,1
06704,80,83
06705,102,107
06706,59,60
06708,95,98
06710,45,48
06712,36,36
06716,34,35
06721,1,1
06742,1,2
06750,6,6
06751,6,6
06752,5,6
06754,3,3
06755,1,1
06757,7,7
06758,1,1
06759,8,8
06762,17,17
06763,3,3
06770,93,98
06776,79,81
06777,4,4
06778,3,3
06779,25,25
06781,1,1
06782,5,5
06783,5,5
06784,7,7
06785,2,2
06786,29,29
06787,15,15
06790,102,106
06791,17,17
06793,1,1
06794,1,1
06795,28,29
06796,1,1
06798,21,22
06801,49,51
06802,1,1
06804,48,49
06807,10,11
06810,154,159
06811,83,83
06812,36,37
06813,1,1
06820,38,39
06824,48,48
06825,52,55
06830,59,60
06831,43,45
06836,1,1
06840,28,28
06843,1,1
06848,1,1
06850,58,62
06851,83,86
06852,3,3
06853,4,4
06854,101,105
06855,21,22
06856,1,1
06870,11,11
06875,1,1
06876,1,1
06877,38,41
06878,10,12
06880,42,43
06881,3,3
06883,21,21
06890,12,12
06896,18,19
06897,27,27
06901,21,21
06902,211,219
06903,39,40
06904,1,1
06905,47,49
06906,36,36
06907,26,28
06911,2,2
06999,1,1
07001,44,44
07002,283,286
07003,194,201
07004,26,29
07005,50,55
07006,72,74
07007,2,2
07008,89,91
07009,37,39
07010,73,76
07011,148,154
07012,45,46
07013,93,101
07014,21,21
07015,1,1
07016,54,56
07017,189,192
07018,175,177
07019,6,6
07020,32,33
07021,4,4
07022,39,40
07023,16,16
07024,97,104
07025,1,1
07026,104,108
07027,12,13
07028,23,23
07029,56,59
07030,86,86
07031,48,49
07032,122,125
07033,24,25
07034,47,48
07035,35,35
07036,163,170
07037,3,3
07038,1,1
07039,94,96
07040,86,88
07041,15,15
07042,98,100
07043,17,17
07044,39,41
07045,29,29
07046,6,6
07047,201,203
07050,175,180
07051,5,5
07052,174,176
07053,1,1
07054,84,88
07055,211,216
07056,1,1
07057,40,40
07058,14,14
07059,49,51
07060,174,175
07061,2,2
07062,80,82
07063,83,85
07064,15,15
07065,135,138
07066,64,64
07067,58,62
07068,18,18
07069,18,19
07070,48,48
07071,79,83
07072,17,17
07073,30,31
07074,13,13
07075,32,32
07076,75,82
07077,15,16
07078,17,17
07079,47,48
07080,86,87
07081,56,57
07082,16,16
07083,233,238
07084,1,1
07086,37,38
07087,181,184
07088,32,35
07090,61,61
07092,19,20
07093,158,162
07094,64,65
07095,85,86
07098,1,1
07101,17,17
07102,56,56
07103,211,218
07104,218,220
07105,100,102
07106,190,194
07107,188,189
07108,141,144
07109,166,167
07110,90,91
07111,343,349
07112,163,166
07114,43,46
07115,1,1
07119,1,1
07120,2,2
07140,1,1
07160,1,1
07182,1,1
07201,86,88
07202,122,124
07203,99,101
07204,39,41
07205,122,125
07206,82,82
07207,1,1
07208,97,99
07212,1,1
07222,1,1
07268,1,1
07290,1,1
07301,2,2
07302,89,93
07303,5,5
07304,203,209
07305,291,299
07306,183,186
07307,109,109
07308,2,2
07310,18,18
07311,1,1
07401,13,13
07402,1,1
07403,20,20
07405,57,58
07406,1,1
07407,73,76
07408,2,2
07410,126,126
07411,1,1
07416,16,17
07417,26,26
07418,8,8
07419,21,21
07420,17,17
07421,22,23
07422,22,23
07423,8,8
07424,80,83
07425,1,1
07428,2,2
07430,74,77
07432,17,17
07435,8,9
07436,32,33
07438,36,37
07439,7,7
07440,17,17
07442,29,29
07444,25,27
07446,36,37
07450,60,63
07452,37,38
07453,1,1
07456,29,30
07457,19,19
07458,26,26
07460,11,11
07461,55,58
07462,23,23
07463,22,22
07465,26,26
07466,2,2
07470,140,144
07476,1,1
07480,55,57
07481,39,41
07482,1,1
07501,124,127
07502,71,74
07503,59,60
07504,66,68
07505,4,4
07506,61,62
07507,1,1
07508,83,83
07509,4,4
07510,5,5
07512,31,31
07513,45,45
07514,84,85
07522,96,97
07523,1,1
07524,58,58
07526,1,1
07540,1,1
07542,1,1
07544,1,1
07546,1,1
07547,1,1
07548,1,1
07553,1,1
07573,1,1
07601,202,207
07602,1,1
07603,33,33
07604,44,44
07605,28,28
07606,6,6
07607,35,35
07608,1,1
07620,14,15
07621,108,110
07622,1,1
07624,24,24
07626,22,22
07627,8,8
07628,74,76
07630,17,18
07631,119,124
07632,16,16
07640,9,9
07641,13,13
07642,20,20
07643,40,40
07644,90,93
07645,27,28
07646,63,68
07647,10,10
07648,18,19
07649,22,23
07650,61,63
07652,109,110
07653,1,1
07654,1,1
07656,29,30
07657,35,35
07660,37,39
07661,34,34
07662,18,18
07663,53,56
07664,1,1
07666,184,188
07670,25,25
07675,71,73
07676,14,14
07677,19,19
07680,1,1
07688,1,1
07701,60,60
07702,13,13
07704,9,10
07707,1,1
07710,2,2
07711,4,4
07712,143,150
07714,1,1
07716,27,27
07717,4,4
07718,12,12
07719,53,57
07720,13,13
07721,13,13
07722,35,37
07723,4,4
07724,83,85
07726,144,149
07727,27,28
07728,184,192
07730,65,67
07731,118,124
07732,22,22
07733,42,42
07734,48,49
07735,80,84
07737,14,14
07738,24,24
07739,16,17
07740,112,116
07742,1,1
07746,60,61
07747,109,113
07748,94,94
07750,12,12
07751,52,53
07753,185,187
07755,18,19
07756,7,8
07757,12,12
07758,22,22
07760,26,27
07762,38,39
07763,1,1
07764,15,15
07769,1,1
07771,1,1
07782,1,1
07801,80,80
07803,11,11
07806,1,1
07809,1,1
07821,17,17
07822,5,5
07823,21,22
07824,2,2
07825,12,12
07826,16,18
07827,15,16
07828,35,36
07830,7,8
07832,6,6
07834,70,71
07836,33,35
07838,12,12
07840,70,72
07842,1,1
07843,38,39
07845,1,1
07847,7,7
07848,15,15
07849,25,25
07850,24,25
07851,4,4
07852,12,14
07853,33,34
07856,9,10
07857,12,12
07860,65,66
07863,9,9
07865,5,5
07866,71,72
07869,52,52
07871,50,53
07873,1,1
07874,40,40
07875,2,2
07876,38,40
07878,2,3
07880,2,2
07882,37,37
07885,35,35
07901,43,45
07903,1,1
07920,71,80
07921,25,28
07922,29,31
07924,14,15
07925,1,1
07926,3,3
07927,10,10
07928,35,38
07929,1,1
07930,22,24
07931,8,8
07932,18,18
07933,4,4
07934,5,5
07935,1,1
07936,35,35
07938,1,1
07940,30,31
07945,23,24
07946,3,3
07948,1,1
07950,68,69
07960,107,110
07962,1,1
07974,33,34
07976,4,4
07978,1,1
07979,1,1
07980,6,6
07981,12,12
07984,2,2
08001,5,5
08002,94,98
08003,115,118
08004,56,57
08005,91,93
08006,3,3
08007,27,29
08008,20,21
08009,50,52
08010,61,65
08011,1,1
08012,155,160
08013,2,2
08014,2,2
08015,90,94
08016,159,164
08017,2,2
08018,4,4
08019,5,5
08020,9,12
08021,203,210
08022,33,37
08023,3,4
08025,2,2
08026,4,4
08027,18,18
08028,76,76
08029,17,17
08030,58,59
08031,55,57
08032,3,3
08033,36,39
08034,59,60
08035,23,24
08036,31,31
08037,75,78
08038,2,2
08039,2,2
08040,2,2
08041,8,8
08042,3,3
08043,105,107
08045,26,26
08046,245,251
08048,53,53
08049,18,19
08050,78,80
08051,24,24
08052,74,75
08053,132,137
08054,132,135
08055,80,81
08056,11,11
08057,52,54
08058,1,1
08059,18,22
08060,74,74
08061,10,11
08062,54,55
08063,19,20
08064,2,2
08065,21,21
08066,36,36
08067,6,7
08068,34,35
08069,55,58
08070,43,45
08071,25,25
08072,3,3
08073,1,1
08075,87,90
08077,67,72
08078,30,31
08079,50,50
08080,149,153
08081,245,247
08083,40,43
08084,27,28
08085,62,64
08086,30,30
08087,79,80
08088,60,62
08089,17,18
08090,23,24
08091,20,20
08092,6,6
08093,46,49
08094,172,179
08095,1,1
08096,161,169
08097,20,21
08098,30,31
08099,1,1
08100,1,1
08101,3,3
08102,44,45
08103,61,64
08104,120,123
08105,120,124
08106,41,41
08107,45,46
08108,61,63
08109,81,87
08110,114,116
08143,1,1
08153,1,1
08160,1,1
08168,1,1
08201,41,45
08202,4,4
08203,32,32
08204,61,63
08205,82,86
08206,1,1
08210,52,53
08212,2,2
08213,2,2
08214,2,2
08215,50,53
08217,1,1
08219,1,1
08221,19,20
08222,1,1
08223,14,14
08224,2,2
08225,24,24
08226,30,30
08230,22,24
08231,1,1
08232,85,86
08234,173,186
08240,3,3
08241,1,1
08242,13,13
08243,8,9
08244,46,47
08246,3,3
08247,2,2
08250,2,2
08251,39,40
08252,4,4
08260,62,66
08270,27,28
08274,1,1
08302,147,153
08310,6,6
08311,3,4
08312,19,20
08313,1,1
08314,1,1
08315,1,1
08316,3,3
08317,3,4
08318,39,41
08319,3,3
08320,2,2
08321,2,3
08322,32,32
08323,2,3
08324,3,3
08326,4,4
08327,3,3
08328,3,3
08330,110,117
08331,1,1
08332,154,156
08340,3,3
08341,4,5
08342,3,3
08343,14,14
08344,15,15
08345,2,2
08346,3,3
08348,4,5
08349,4,4
08350,1,1
08352,6,6
08353,1,1
08360,178,185
08361,79,82
08362,2,2
08366,1,1
08372,1,1
08375,1,1
08400,1,1
08401,129,134
08402,20,21
08403,3,3
08404,4,4
08406,32,34
08430,1,1
08472,1,1
08480,1,1
08501,24,25
08502,28,30
08503,1,1
08505,66,68
08507,2,2
08510,12,13
08511,1,1
08512,38,39
08514,14,15
08515,9,10
08518,26,30
08520,74,76
08525,13,14
08526,1,1
08527,207,211
08528,2,3
08530,22,22
08533,19,20
08534,36,37
08535,8,8
08536,45,45
08540,74,75
08542,7,7
08543,1,1
08544,1,1
08548,1,1
08550,56,58
08551,14,14
08553,1,1
08554,11,12
08555,4,5
08558,19,19
08559,11,11
08560,10,11
08562,16,16
08572,1,1
08577,1,1
08582,1,1
08588,1,1
08601,5,5
08604,1,1
08605,1,1
08606,1,1
08607,2,2
08608,11,11
08609,51,51
08610,122,128
08611,74,74
08612,1,1
08616,3,3
08617,2,2
08618,175,176
08619,90,92
08620,39,43
08624,1,1
08628,39,39
08629,51,52
08638,120,123
08640,2,2
08641,5,5
08646,1,1
08648,102,105
08661,2,2
08690,51,53
08691,44,45
08701,203,208
08707,1,1
08709,2,2
08721,74,77
08722,41,42
08723,104,104
08724,141,142
08730,15,16
08731,72,72
08732,6,6
08733,5,5
08734,23,24
08735,10,10
08736,28,28
08738,2,2
08739,2,2
08740,7,8
08741,8,9
08742,75,77
08750,11,12
08751,5,5
08752,6,6
08753,225,238
08754,4,4
08755,92,95
08757,128,131
08758,34,34
08759,154,158
08772,1,1
08774,1,1
08779,1,1
08801,23,23
08802,15,16
08804,12,12
08805,25,25
08807,99,100
08808,2,2
08809,13,13
08810,42,43
08812,40,43
08814,1,1
08816,177,183
08817,131,135
08818,3,3
08820,119,122
08821,1,1
08822,70,72
08823,49,50
08824,41,42
08825,8,8
08826,14,14
08827,23,23
08828,2,2
08829,7,8
08830,68,69
08831,214,221
08832,15,15
08833,31,32
08835,21,21
08836,15,15
08837,49,53
08840,43,43
08844,97,101
08846,46,46
08848,20,20
08850,32,34
08851,2,2
08852,63,66
08853,16,16
08854,207,212
08857,155,157
08858,2,2
08859,93,95
08861,191,196
08862,2,2
08863,45,45
08864,1,1
08865,100,103
08867,8,9
08868,1,1
08869,23,23
08870,1,1
08872,76,77
08873,239,246
08875,1,1
08876,69,71
08877,2,2
08879,81,84
08880,10,11
08882,46,46
08883,1,1
08884,27,28
08885,2,2
08886,15,16
08887,6,6
08888,1,1
08889,16,18
08890,1,1
08901,133,138
08902,170,173
08903,1,1
08904,31,32
08930,1,1
08959,1,1
09015,1,1
09065,1,1
09069,1,1
09076,1,1
09084,2,2
09096,1,1
09123,1,1
09128,1,1
09147,1,1
09166,1,1
09173,1,1
09280,1,1
09301,1,1
09302,1,1
09303,1,1
09312,1,1
09435,1,1
09603,1,1
09608,1,1
09720,1,1
09745,1,1
09752,1,1
09757,1,1
10000,4,4
10001,85,87
10002,328,336
10003,71,72
10004,9,9
10005,14,14
10006,4,4
10007,9,9
10008,2,2
10009,218,226
10010,76,77
10011,124,129
10012,42,43
10013,74,78
10014,55,57
10016,129,131
10017,43,44
10018,13,13
10019,119,124
10020,2,2
10021,179,181
10022,93,97
10023,153,156
10024,163,170
10025,300,315
10026,147,151
10027,281,287
10028,110,114
10029,470,496
10030,158,163
10031,278,285
10032,408,419
10033,278,282
10034,181,184
10035,216,227
10036,70,70
10037,143,145
10038,72,74
10039,201,206
10040,191,193
10042,1,1
10044,35,35
10050,1,1
10052,1,1
10065,59,59
10069,11,11
10075,44,45
10096,2,2
10101,2,2
10103,1,1
10107,1,1
10115,1,1
10116,1,1
10119,1,1
10120,2,2
10123,1,1
10128,146,151
10129,1,1
10145,1,1
10150,2,2
10159,1,1
10162,3,3
10163,1,1
10175,1,1
10215,1,1
10230,1,1
10260,1,1
10279,1,1
10280,12,12
10282,3,3
10290,1,1
10300,1,1
10301,161,167
10302,89,91
10303,129,131
10304,203,204
10305,160,163
10306,192,199
10307,46,48
10308,96,100
10309,90,94
10310,100,103
10312,243,257
10314,344,358
10341,1,1
10373,1,1
10375,1,1
10394,1,1
10400,1,1
10403,1,1
10409,1,1
10415,1,1
10423,1,1
10435,1,1
10437,1,1
10446,1,1
10450,1,1
10451,266,273
10452,390,402
10453,394,401
10454,214,223
10455,223,232
10456,484,494
10457,376,390
10458,385,394
10459,232,240
10460,307,321
10461,229,237
10462,460,479
10463,358,365
10464,22,23
10465,185,189
10466,413,424
10467,655,681
10468,394,410
10469,362,375
10470,79,80
10471,86,90
10472,380,393
10473,394,404
10474,60,63
10475,329,336
10483,1,1
10491,1,1
10500,1,1
10501,6,7
10502,16,19
10503,1,1
10504,16,16
10505,6,6
10506,17,17
10507,25,27
10508,1,2
10509,64,67
10510,33,36
10511,9,10
10512,93,102
10514,29,29
10516,13,15
10517,5,5
10518,5,5
10519,4,4
10520,39,41
10522,35,35
10523,46,48
10524,10,10
10526,2,2
10528,38,38
10530,42,44
10532,25,27
10533,14,14
10535,2,2
10536,25,26
10537,4,5
10538,32,34
10541,96,100
10542,2,2
10543,56,59
10545,2,2
10546,4,4
10547,29,31
10548,14,14
10549,61,65
10550,219,224
10551,8,8
10552,108,108
10553,50,51
10560,13,15
10562,124,133
10564,1,1
10566,111,117
10567,83,88
10570,45,46
10573,105,110
10575,1,1
10576,12,12
10577,14,14
10578,2,2
10579,35,37
10580,45,45
10583,96,97
10587,2,2
10588,8,9
10589,23,24
10590,19,21
10591,90,93
10594,14,14
10595,21,22
10596,11,11
10597,4,4
10598,87,92
10601,43,44
10602,3,4
10603,77,79
10604,47,48
10605,67,69
10606,63,65
10607,50,51
10609,1,1
10614,1,1
10616,1,1
10642,1,1
10647,1,1
10650,1,1
10667,1,1
10694,1,1
10701,370,390
10702,4,4
10703,90,99
10704,152,158
10705,196,207
10706,27,29
10707,42,45
10708,66,68
10709,21,21
10710,102,104
10764,1,1
10770,1,1
10777,1,1
10801,168,176
10802,3,3
10803,27,28
10804,41,44
10805,64,68
10811,1,1
10845,1,1
10880,1,1
10884,1,1
10901,87,89
10903,1,1
10905,1,1
10907,1,1
10913,13,13
10914,1,2
10915,1,1
10916,11,11
10917,4,4
10918,39,41
10919,9,9
10920,28,30
10921,9,9
10922,3,3
10923,40,42
10924,39,39
10925,18,20
10926,18,18
10927,63,66
10928,13,13
10930,30,30
10932,1,1
10938,1,1
10940,168,174
10941,60,64
10949,3,3
10950,124,130
10951,1,1
10952,115,119
10954,113,116
10956,129,134
10958,14,17
10959,1,1
10960,42,43
10962,26,27
10963,9,9
10964,5,5
10965,46,48
10968,7,8
10969,6,6
10970,49,51
10973,11,11
10974,12,15
10976,4,4
10977,232,238
10979,1,1
10980,44,45
10981,2,2
10982,2,2
10983,21,21
10984,9,9
10985,3,3
10986,8,8
10987,14,14
10989,41,44
10990,76,79
10992,31,31
10993,26,26
10994,23,24
10996,3,3
10997,1,1
10998,9,10
11000,2,2
11001,109,114
11002,2,2
11003,215,222
11004,64,67
11005,6,6
11010,81,82
11020,20,22
11021,57,58
11022,1,1
11023,32,36
11024,22,22
11025,1,1
11026,1,1
11027,1,1
11029,1,1
11030,46,46
11033,3,3
11038,1,1
11040,136,145
11050,88,92
11073,1,1
11075,1,1
11077,1,1
11090,1,1
11091,1,1
11096,34,34
11101,132,134
11102,128,131
11103,124,125
11104,85,88
11105,121,125
11106,173,177
11107,1,1
11109,8,8
11111,1,1
11123,1,1
11134,1,1
11135,1,1
11139,1,1
11200,2,2
11201,163,168
11202,5,5
11203,412,423
11204,291,302
11205,142,150
11206,309,320
11207,478,494
11208,461,473
11209,205,215
11210,283,291
11211,218,223
11212,472,487
11213,278,288
11214,299,306
11215,148,149
11216,242,248
11217,109,114
11218,231,238
11219,255,267
11220,356,358
11221,345,359
11222,96,99
11223,263,272
11224,228,234
11225,273,280
11226,467,474
11227,5,5
11228,120,125
11229,278,286
11230,298,313
11231,124,130
11232,90,94
11233,335,346
11234,429,439
11235,276,286
11236,471,484
11237,148,150
11238,196,199
11239,86,88
11240,1,1
11243,1,1
11246,1,1
11247,1,1
11249,44,45
11250,1,1
11269,1,1
11273,1,1
11287,1,1
11295,1,1
11297,1,1
11299,1,1
11310,1,1
11314,1,1
11321,1,1
11325,1,1
11341,1,1
11342,1,1
11345,1,1
11347,1,1
11352,2,2
11353,1,1
11354,206,212
11355,317,329
11356,81,83
11357,133,139
11358,125,128
11360,82,84
11361,87,90
11362,68,69
11363,21,21
11364,144,147
11365,184,186
11366,68,70
11367,167,172
11368,395,405
11369,175,176
11370,115,119
11371,3,3
11372,228,233
11373,392,402
11374,190,192
11375,255,264
11377,351,364
11378,117,121
11379,110,115
11380,1,1
11383,1,1
11385,290,303
11386,3,3
11392,1,1
11399,1,1
11411,131,132
11412,196,201
11413,237,245
11414,117,122
11415,67,70
11416,107,111
11417,127,129
11418,177,181
11419,255,262
11420,269,279
11421,172,178
11422,171,175
11423,190,197
11425,3,3
11426,100,104
11427,121,124
11428,121,123
11429,145,145
11430,1,1
11431,4,4
11432,286,290
11433,199,203
11434,370,381
11435,266,275
11436,117,123
11443,1,1
11463,1,1
11466,1,1
11468,1,1
11470,1,1
11475,1,1
11483,1,1
11501,60,64
11507,29,29
11508,1,1
11509,12,12
11510,139,144
11512,1,1
11514,18,21
11516,29,31
11518,41,44
11520,218,220
11530,78,85
11531,1,1
11532,1,1
11534,2,2
11535,1,1
11542,109,109
11543,1,2
11545,34,34
11547,2,2
11548,1,1
11550,319,330
11552,100,103
11553,140,143
11554,153,158
11555,1,1
11557,26,27
11558,28,29
11559,23,24
11560,21,21
11561,146,151
11563,89,90
11565,30,31
11566,123,128
11568,11,12
11569,4,4
11570,82,85
11571,4,4
11572,80,86
11575,92,93
11576,38,43
11577,45,45
11579,16,18
11580,170,179
11581,65,67
11582,1,1
11588,2,2
11589,1,1
11590,207,210
11591,1,1
11595,1,1
11596,27,29
11598,40,42
11657,1,1
11664,1,1
11667,1,1
11680,1,1
11691,258,267
11692,100,102
11693,73,78
11694,67,69
11697,21,21
11700,2,2
11701,130,136
11702,46,49
11703,86,87
11704,144,147
11705,22,22
11706,297,308
11707,2,2
11709,24,25
11710,86,91
11711,1,1
11713,47,47
11714,76,78
11715,13,13
11716,39,40
11717,254,268
11718,11,11
11719,7,7
11720,84,87
11721,19,20
11722,174,182
11724,8,8
11725,99,102
11726,76,81
11727,119,121
11729,110,115
11730,50,50
11731,83,85
11732,8,10
11733,53,53
11735,114,118
11737,1,1
11738,69,69
11739,5,5
11740,37,39
11741,92,97
11742,43,43
11743,125,129
11746,199,207
11747,64,66
11749,14,14
11750,1,1
11751,59,62
11752,39,44
11753,41,43
11754,58,62
11755,57,61
11756,176,180
11757,141,145
11758,179,184
11760,2,2
11762,70,72
11763,130,135
11764,32,33
11765,4,4
11766,37,40
11767,43,44
11768,59,60
11769,31,31
11770,2,3
11771,37,37
11772,180,187
11773,1,1
11775,1,1
11776,80,84
11777,37,40
11778,46,47
11779,117,123
11780,40,41
11782,37,39
11783,70,71
11784,94,94
11785,1,1
11786,18,21
11787,96,99
11788,58,58
11789,27,28
11790,30,31
11791,70,71
11792,14,14
11793,108,113
11795,84,86
11796,14,16
11797,20,20
11798,95,95
11800,1,1
11801,153,160
11802,1,1
11803,77,84
11804,13,13
11805,1,1
11810,1,1
11849,1,1
11850,1,1
11851,1,1
11901,107,110
11904,1,1
11907,1,1
11915,1,1
11930,3,3
11931,7,8
11932,7,7
11933,26,27
11934,22,23
11935,6,7
11937,48,50
11939,2,2
11940,19,19
11941,19,21
11942,16,16
11944,18,18
11945,1,1
11946,42,42
11947,5,6
11948,3,3
11949,36,36
11950,74,79
11951,51,53
11952,9,11
11953,57,60
11954,8,9
11955,19,19
11957,2,2
11958,4,4
11959,7,7
11960,1,1
11961,53,56
11962,1,1
11963,26,26
11964,5,5
11965,1,1
11967,100,103
11968,24,25
11969,7,8
11970,2,2
11971,15,16
11972,4,4
11975,5,5
11976,1,1
11977,5,5
11978,16,17
11980,21,22
11981,1,1
11984,1,1
11990,1,1
11993,1,1
11994,1,1
12007,1,1
12008,1,1
12009,14,15
12010,58,60
12015,3,3
12018,14,16
12019,27,27
12020,68,72
12022,2,2
12023,6,6
12025,13,13
12027,5,5
12028,4,4
12029,3,3
12032,2,2
12033,23,25
12035,4,4
12037,7,8
12041,2,2
12042,2,2
12043,17,20
12045,3,3
12046,2,2
12047,53,55
12051,9,9
12052,2,2
12053,14,17
12054,33,34
12056,6,7
12057,5,5
12058,1,1
12059,10,10
12060,4,4
12061,28,30
12062,2,2
12063,1,2
12064,1,1
12065,79,81
12066,5,5
12067,2,2
12068,1,1
12070,1,1
12072,4,5
12073,1,1
12074,5,5
12075,3,4
12076,1,1
12077,7,7
12078,51,55
12083,9,9
12084,5,5
12085,1,1
12086,4,5
12087,2,2
12089,1,1
12090,26,29
12092,1,1
12093,2,2
12094,7,8
12095,28,32
12106,6,7
12110,45,45
12111,2,2
12115,1,1
12116,4,4
12117,6,6
12118,38,42
12119,1,1
12121,3,3
12122,11,13
12123,18,18
12124,2,2
12125,3,3
12128,1,1
12130,2,2
12131,4,4
12132,1,1
12134,6,6
12136,3,3
12137,2,2
12138,10,10
12139,1,1
12140,4,4
12143,16,17
12144,59,59
12147,3,3
12148,10,10
12149,2,2
12150,2,2
12151,2,2
12153,4,4
12154,6,6
12155,1,1
12156,3,3
12157,7,7
12158,11,12
12159,15,16
12160,1,1
12161,2,2
12164,2,2
12165,1,1
12166,6,6
12167,2,2
12168,5,5
12170,17,17
12172,1,1
12173,2,2
12174,1,1
12175,3,3
12177,2,2
12180,109,119
12181,1,1
12182,38,40
12183,9,11
12184,12,13
12185,2,2
12186,18,19
12187,2,2
12188,40,42
12189,37,40
12190,4,4
12192,7,9
12193,3,3
12194,1,1
12195,1,1
12196,6,6
12197,6,6
12198,22,24
12201,2,3
12202,28,30
12203,53,56
12204,34,34
12205,74,80
12206,42,42
12207,10,11
12208,48,48
12209,25,27
12210,27,28
12211,40,40
12219,1,1
12224,1,1
12238,2,2
12244,1,1
12250,1,1
12253,2,2
12270,1,1
12301,1,1
12302,59,64
12303,71,77
12304,52,56
12305,17,20
12306,45,48
12307,17,17
12308,25,28
12309,70,73
12332,1,1
12380,1,1
12401,118,125
12402,5,5
12404,10,11
12405,1,1
12406,1,1
12409,1,1
12411,2,2
12412,1,1
12413,3,3
12414,18,18
12417,2,3
12418,1,1
12419,1,1
12420,1,1
12421,1,1
12423,2,2
12424,1,1
12427,1,1
12428,24,27
12429,1,1
12430,3,3
12431,8,8
12432,2,2
12433,2,2
12434,3,3
12435,2,2
12436,1,1
12440,4,4
12441,1,1
12442,1,1
12443,6,7
12446,15,17
12448,1,1
12449,7,7
12451,6,6
12455,3,4
12456,4,4
12457,1,1
12458,8,9
12460,3,3
12461,4,4
12462,1,1
12463,4,4
12464,7,7
12465,3,3
12466,5,5
12468,1,1
12469,2,2
12471,2,2
12472,4,5
12473,2,3
12474,1,1
12477,49,50
12480,3,4
12481,2,2
12482,2,2
12483,1,1
12484,6,6
12485,2,2
12486,6,6
12487,10,11
12490,3,3
12491,5,5
12495,2,2
12496,4,5
12498,11,11
12500,1,1
12501,4,4
12502,3,3
12503,2,2
12504,1,1
12507,1,1
12508,100,104
12511,2,2
12512,3,3
12513,5,5
12514,7,8
12515,4,5
12516,4,4
12518,16,17
12520,9,9
12521,3,3
12522,16,18
12523,3,4
12524,60,60
12525,9,9
12526,9,10
12527,2,2
12528,40,44
12529,7,7
12531,12,12
12533,65,70
12534,44,46
12538,48,51
12540,17,20
12541,1,1
12542,22,23
12543,13,13
12544,1,1
12545,5,5
12546,8,8
12547,11,12
12548,2,3
12549,28,33
12550,200,210
12551,4,5
12552,1,1
12553,104,110
12554,1,1
12561,33,34
12563,30,31
12564,19,20
12565,4,4
12566,32,34
12567,7,8
12568,6,6
12569,26,30
12570,22,23
12571,27,32
12572,26,27
12574,1,1
12575,12,14
12577,9,9
12578,6,7
12579,1,1
12580,11,12
12581,3,3
12582,22,25
12583,1,1
12584,2,2
12585,2,2
12586,38,39
12589,57,61
12590,120,128
12592,1,1
12594,21,21
12595,1,1
12601,133,140
12602,3,3
12603,140,151
12604,1,1
12606,1,1
12611,1,1
12688,1,1
12701,54,62
12719,5,6
12721,23,25
12722,1,1
12723,4,4
12724,1,1
12725,1,1
12726,3,3
12729,4,4
12732,3,3
12733,3,3
12734,5,5
12737,9,10
12740,9,9
12743,1,1
12745,1,1
12746,5,6
12747,5,6
12748,5,5
12749,1,1
12750,1,1
12751,4,4
12754,22,23
12758,15,16
12759,3,3
12760,1,2
12762,1,1
12763,1,1
12764,4,4
12765,2,3
12768,2,3
12770,2,2
12771,37,39
12775,12,12
12776,2,2
12777,2,2
12778,4,5
12779,16,17
12780,10,12
12783,4,4
12786,1,1
12788,6,6
12789,6,6
12790,15,15
12792,1,1
12801,22,23
12803,22,23
12804,77,86
12809,4,4
12811,1,1
12814,4,4
12815,1,1
12816,11,12
12817,5,5
12820,1,1
12821,3,3
12822,18,20
12824,2,2
12827,9,10
12828,19,20
12830,1,1
12831,42,47
12832,12,13
12833,12,13
12834,13,14
12835,3,3
12836,1,1
12837,1,1
12839,22,23
12841,1,1
12842,2,2
12843,1,1
12845,8,8
12846,7,7
12847,2,2
12850,8,8
12851,1,1
12852,1,1
12853,1,1
12855,2,2
12856,1,1
12857,1,1
12859,4,5
12860,2,2
12861,1,1
12865,6,6
12866,83,84
12870,7,7
12871,6,6
12873,1,1
12878,2,2
12883,12,12
12884,2,2
12885,8,9
12887,14,17
12901,73,74
12903,2,2
12910,5,5
12912,5,5
12913,2,2
12914,1,1
12916,4,4
12917,5,5
12918,4,5
12919,6,6
12920,6,6
12921,4,4
12923,1,1
12926,6,7
12927,2,2
12928,4,4
12929,3,3
12932,4,4
12934,3,3
12935,5,5
12936,2,2
12937,3,3
12941,7,7
12943,2,2
12944,11,11
12945,2,2
12946,11,11
12950,6,6
12953,34,34
12956,2,2
12957,4,4
12958,7,7
12959,5,5
12960,6,6
12962,12,12
12965,1,1
12966,7,8
12967,4,4
12969,2,2
12970,1,1
12972,11,11
12973,1,1
12974,3,3
12978,3,3
12979,7,7
12980,2,2
12981,8,8
12983,21,22
12985,4,5
12986,9,9
12987,1,1
12988,1,1
12989,3,3
12992,7,7
12993,5,6
12996,3,3
12997,3,3
12998,3,4
13020,1,1
13021,123,124
13024,3,3
13026,6,6
13027,77,79
13028,4,4
13029,13,13
13030,10,10
13031,38,39
13032,33,34
13033,11,11
13034,7,7
13035,21,24
13036,20,20
13037,16,17
13039,46,47
13040,8,8
13041,28,29
13042,8,8
13044,6,6
13045,50,51
13052,4,4
13053,8,8
13054,3,3
13057,41,42
13060,4,4
13061,4,4
13063,1,1
13064,1,1
13065,2,2
13066,34,34
13068,8,8
13069,48,49
13071,4,4
13072,1,1
13073,15,15
13074,9,9
13076,3,4
13077,14,14
13078,28,28
13080,7,8
13081,4,4
13082,13,13
13083,2,2
13084,10,10
13087,1,1
13088,60,63
13090,77,80
13092,6,6
13096,1,1
13101,7,7
13103,2,2
13104,38,38
13108,20,22
13110,10,10
13111,3,3
13112,4,4
13113,1,1
13114,7,8
13115,1,1
13116,6,6
13117,2,2
13118,23,23
13120,11,11
13123,1,1
13126,106,108
13131,10,10
13132,6,6
13135,19,20
13137,2,2
13138,2,2
13140,7,7
13141,5,5
13142,13,15
13143,9,9
13144,5,5
13145,3,3
13146,3,3
13147,1,1
13148,28,29
13152,20,20
13155,1,1
13156,6,6
13157,2,2
13158,2,2
13159,12,13
13160,4,4
13162,6,7
13163,1,1
13164,4,4
13165,20,20
13166,19,19
13167,6,6
13201,2,2
13202,12,13
13203,39,41
13204,62,63
13205,80,81
13206,39,39
13207,50,51
13208,70,70
13209,32,32
13210,47,47
13211,13,13
13212,61,63
13213,1,1
13214,17,18
13215,25,25
13217,1,1
13219,31,31
13220,1,1
13224,31,31
13302,3,4
13303,4,4
13304,5,5
13308,12,12
13309,11,11
13310,2,2
13312,2,2
13313,1,1
13314,2,2
13315,1,1
13316,15,15
13317,9,10
13318,3,3
13320,2,2
13321,1,1
13322,2,2
13323,22,22
13324,1,1
13325,1,1
13326,18,19
13327,3,3
13328,2,2
13329,3,4
13331,1,1
13332,7,7
13334,2,2
13335,6,7
13337,4,4
13338,3,3
13339,14,14
13340,24,25
13342,1,1
13343,5,6
13346,8,8
13348,2,2
13350,24,25
13354,6,7
13355,2,2
13357,27,29
13360,1,1
13362,1,1
13363,8,9
13364,1,1
13365,17,17
13367,15,16
13368,2,2
13399,1,1
13402,4,4
13403,12,14
13404,2,2
13407,8,8
13408,6,6
13409,6,6
13410,1,1
13411,11,11
13413,35,36
13415,1,1
13417,9,9
13420,6,6
13421,33,36
13422,1,2
13424,6,7
13425,7,7
13426,1,1
13428,3,3
13431,2,2
13433,5,5
13436,1,1
13437,2,2
13438,13,13
13439,6,6
13440,94,101
13441,1,1
13442,2,2
13452,3,3
13454,1,1
13456,15,17
13459,2,2
13460,10,11
13461,5,5
13464,3,3
13469,3,3
13470,3,3
13471,6,6
13476,12,12
13477,2,2
13478,11,11
13480,4,4
13485,6,7
13486,1,1
13490,6,6
13491,4,4
13492,30,31
13493,7,7
13494,2,2
13495,5,6
13501,96,97
13502,81,83
13503,1,1
13505,2,2
13509,1,1
13586,1,1
13601,63,64
13603,6,6
13605,14,14
13606,10,10
13607,4,4
13608,6,6
13611,2,2
13612,9,9
13613,7,7
13614,1,1
13615,6,6
13616,3,3
13617,16,17
13618,7,8
13619,22,23
13620,4,4
13622,5,6
13624,9,10
13625,5,5
13626,9,10
13632,1,1
13634,11,11
13635,2,2
13637,10,10
13642,21,22
13643,1,1
13646,6,6
13647,3,3
13648,3,3
13650,2,2
13652,3,4
13654,4,4
13655,16,17
13656,2,2
13658,4,5
13659,2,2
13660,8,9
13661,2,2
13662,38,39
13665,2,2
13667,4,4
13668,8,8
13669,37,38
13670,2,2
13672,3,3
13673,4,4
13676,22,22
13679,5,5
13680,2,2
13681,4,4
13682,2,2
13683,4,4
13684,1,1
13685,8,8
13690,1,1
13691,10,11
13693,1,1
13694,1,1
13697,4,4
13730,3,3
13731,3,3
13732,18,18
13733,7,7
13734,9,9
13736,2,2
13738,2,2
13739,2,2
13740,1,1
13743,7,7
13744,5,6
13745,1,1
13746,8,8
13748,6,6
13750,2,2
13751,2,2
13752,1,1
13753,13,14
13754,11,11
13755,4,5
13756,3,3
13757,3,3
13760,126,128
13761,1,1
13762,1,1
13763,1,1
13767,1,1
13775,4,4
13776,1,1
13777,1,1
13778,12,12
13780,1,1
13782,1,1
13783,8,9
13786,3,3
13787,10,10
13788,3,3
13790,60,61
13795,7,8
13796,5,5
13797,2,2
13801,3,3
13802,2,2
13803,9,9
13804,4,4
13807,4,4
13808,3,3
13809,1,1
13810,1,1
13811,8,8
13812,3,3
13813,1,1
13814,1,1
13815,31,32
13820,40,43
13825,11,11
13827,40,40
13830,11,11
13833,8,8
13834,3,3
13835,5,5
13838,9,10
13839,5,5
13840,1,1
13841,4,4
13843,6,6
13844,3,3
13848,1,1
13849,15,15
13850,43,43
13856,13,14
13861,3,3
13862,18,18
13863,1,1
13864,3,3
13865,20,20
13901,64,67
13902,1,1
13903,46,49
13904,26,27
13905,58,59
13970,1,1
13980,1,1
14001,30,31
14004,63,64
14005,3,3
14006,21,22
14008,5,5
14009,13,13
14010,1,1
14011,12,13
14012,4,4
14013,6,6
14017,1,1
14020,69,72
14024,8,8
14025,5,5
14026,2,2
14027,1,2
14028,6,6
14030,4,5
14031,17,17
14032,21,21
14033,2,2
14034,5,5
14035,2,2
14036,15,15
14037,1,1
14040,7,7
14042,10,11
14043,67,68
14045,1,1
14047,20,20
14048,51,52
14049,1,1
14051,45,46
14052,35,37
14054,4,4
14056,1,1
14057,21,23
14058,2,2
14059,23,23
14060,1,1
14061,1,1
14062,7,7
14063,33,33
14065,6,6
14066,3,3
14067,12,12
14068,20,21
14069,3,3
14070,16,16
14072,59,60
14074,1,1
14075,133,135
14080,13,14
14081,17,17
14082,1,1
14085,13,13
14086,85,86
14091,5,5
14092,41,41
14094,147,150
14095,1,1
14098,7,8
14101,3,3
14102,2,2
14103,22,22
14104,1,1
14105,11,11
14107,1,1
14108,12,12
14109,1,1
14111,13,13
14113,2,3
14120,119,123
14125,9,9
14126,2,2
14127,65,67
14129,2,2
14131,15,16
14132,20,21
14136,16,16
14138,5,5
14139,4,4
14141,18,18
14143,6,7
14145,7,7
14147,1,1
14150,117,121
14167,4,4
14168,4,5
14170,3,3
14171,5,5
14172,9,9
14173,1,1
14174,20,20
14201,45,45
14202,14,14
14203,28,28
14204,62,64
14205,4,4
14206,74,75
14207,87,88
14208,59,59
14209,34,34
14210,40,42
14211,129,130
14212,43,43
14213,83,84
14214,68,70
14215,257,261
14216,74,74
14217,74,75
14218,71,71
14219,32,32
14220,65,65
14221,136,137
14222,17,17
14223,68,68
14224,117,120
14225,130,132
14226,80,81
14227,65,66
14228,50,51
14240,1,1
14248,1,1
14261,2,2
14270,1,1
14299,1,1
14301,42,42
14303,20,20
14304,88,89
14305,101,101
14362,1,1
14380,1,1
14395,1,1
14409,1,1
14411,30,32
14414,15,15
14416,10,10
14418,4,4
14420,35,38
14422,2,2
14423,15,15
14424,68,70
14425,32,32
14427,6,7
14428,22,22
14429,1,1
14432,8,8
14433,19,19
14435,11,12
14437,28,29
14441,1,1
14442,1,1
14445,22,22
14450,95,97
14453,2,2
14454,13,13
14456,46,46
14461,1,1
14462,3,3
14464,27,28
14466,5,5
14467,22,22
14468,59,62
14469,12,12
14470,20,21
14471,7,7
14472,21,23
14476,3,3
14477,5,5
14478,1,1
14480,2,2
14481,7,7
14482,14,14
14485,16,16
14486,1,1
14487,13,13
14489,25,26
14502,29,31
14503,1,1
14504,4,5
14505,20,20
14507,3,3
14508,1,1
14510,14,15
14512,10,10
14513,36,38
14514,22,23
14516,3,3
14517,14,15
14519,36,37
14521,6,6
14522,27,27
14525,12,12
14526,50,50
14527,20,20
14530,18,19
14532,7,7
14533,2,2
14534,79,81
14536,2,2
14537,1,1
14541,7,7
14542,1,1
14543,4,4
14544,3,3
14546,18,19
14548,9,9
14549,1,1
14550,6,6
14551,12,12
14555,5,5
14559,52,52
14560,5,5
14561,8,8
14563,1,1
14564,27,28
14568,18,18
14569,9,9
14571,2,2
14572,9,10
14578,1,1
14580,105,108
14585,2,2
14586,42,44
14589,30,30
14590,14,15
14591,3,3
14592,1,1
14603,2,2
14604,10,10
14605,50,50
14606,107,109
14607,33,33
14608,45,45
14609,160,161
14610,42,43
14611,68,68
14612,105,110
14613,57,59
14614,2,2
14615,63,63
14616,76,80
14617,60,60
14618,43,45
14619,93,94
14620,40,42
14621,158,160
14622,28,28
14623,50,52
14624,98,102
14625,37,37
14626,91,96
14642,1,1
14650,1,1
14692,4,4
14701,133,138
14702,1,1
14706,15,15
14708,1,1
14709,6,6
14710,12,12
14711,2,2
14712,9,11
14714,4,4
14715,13,13
14716,10,10
14717,1,1
14718,5,5
14719,4,5
14720,2,3
14721,1,1
14722,1,1
14723,3,3
14724,5,5
14726,5,5
14727,8,8
14728,4,4
14729,4,4
14731,1,1
14732,2,2
14733,11,11
14735,4,4
14737,12,12
14738,5,6
14739,5,5
14740,4,4
14741,4,5
14742,1,1
14743,4,4
14744,1,1
14747,1,1
14748,4,4
14750,18,19
14753,5,5
14754,4,4
14755,5,5
14757,11,11
14760,40,42
14767,4,5
14769,3,4
14770,5,5
14772,8,9
14773,1,1
14775,5,5
14777,1,1
14779,26,27
14781,4,4
14782,4,4
14783,4,4
14784,2,2
14785,1,1
14787,16,17
14788,1,1
14801,19,19
14803,1,1
14804,4,4
14805,3,4
14806,7,7
14807,11,11
14809,8,8
14810,30,30
14812,4,4
14813,5,5
14814,1,1
14815,3,3
14816,2,2
14817,5,5
14818,4,4
14819,4,5
14820,1,1
14821,13,16
14822,6,6
14823,7,8
14824,1,1
14825,1,1
14826,7,7
14827,3,4
14830,54,55
14836,3,3
14837,11,12
14838,6,6
14839,5,5
14840,5,5
14841,2,2
14842,1,1
14843,27,27
14845,49,54
14847,4,4
14849,1,1
14850,73,76
14851,1,1
14855,3,3
14858,3,3
14859,6,6
14860,2,2
14861,5,5
14864,1,2
14865,6,6
14867,17,17
14869,3,3
14870,20,20
14871,17,17
14872,3,3
14873,5,5
14877,1,1
14878,1,1
14879,11,12
14880,2,2
14882,8,8
14883,7,7
14885,1,1
14886,13,13
14887,2,2
14888,1,1
14889,2,2
14891,7,7
14892,17,18
14894,4,4
14895,27,29
14897,5,5
14898,3,3
14901,33,34
14902,16,16
14903,13,14
14904,36,37
14905,22,23
14985,1,1
15001,139,144
15003,42,45
15005,33,36
15006,1,1
15007,2,2
15009,57,59
15010,103,107
15012,63,66
15014,15,16
15015,3,3
15017,69,73
15018,2,2
15019,5,5
15020,1,1
15021,28,30
15022,41,42
15024,35,36
15025,80,84
15026,16,17
15027,6,7
15028,1,1
15030,7,8
15032,2,3
15033,18,20
15034,12,13
15035,12,12
15037,48,49
15038,3,3
15042,32,33
15043,7,8
15044,76,76
15045,19,20
15046,9,9
15047,1,1
15049,3,3
15050,17,18
15051,1,1
15052,13,13
15053,3,3
15054,2,2
15055,2,2
15056,2,3
15057,52,54
15059,20,22
15060,5,5
15061,45,49
15062,45,47
15063,57,58
15064,4,4
15065,39,40
15066,49,52
15067,7,7
15068,164,170
15071,48,49
15074,47,47
15076,1,1
15078,2,2
15081,1,1
15082,1,1
15083,3,3
15084,37,38
15085,26,27
15086,2,2
15089,36,37
15090,55,56
15101,81,83
15102,109,113
15104,58,59
15105,1,1
15106,70,73
15107,1,1
15108,138,144
15110,32,33
15112,17,19
15116,48,52
15120,71,73
15122,72,74
15126,28,28
15127,1,2
15129,41,43
15131,40,40
15132,98,103
15133,27,28
15135,21,22
15136,73,77
15137,60,62
15139,26,27
15140,19,19
15142,8,8
15143,66,69
15144,19,19
15145,34,36
15146,145,150
15147,84,88
15148,14,15
15201,55,58
15202,70,73
15203,21,21
15204,42,44
15205,88,90
15206,146,148
15207,60,61
15208,65,65
15209,56,57
15210,111,117
15211,47,48
15212,142,154
15213,80,82
15214,78,82
15215,43,43
15216,76,77
15217,54,57
15218,46,46
15219,88,90
15220,70,74
15221,172,177
15222,14,14
15223,27,29
15224,78,80
15225,4,4
15226,48,52
15227,107,112
15228,42,43
15229,52,53
15230,3,3
15232,22,24
15233,22,23
15234,49,49
15235,207,216
15236,116,125
15237,139,142
15238,54,57
15239,63,64
15241,68,71
15243,41,43
15246,1,1
15255,1,1
15269,1,1
15301,214,223
15310,1,1
15311,4,5
15312,14,14
15313,3,3
15314,16,16
15315,1,1
15317,147,156
15320,20,23
15321,8,8
15322,5,5
15323,22,23
15324,4,4
15325,3,3
15327,2,2
15328,1,1
15329,5,5
15330,27,27
15331,1,1
15332,31,31
15333,7,7
15336,1,1
15337,1,1
15338,6,6
15340,6,6
15341,3,3
15342,26,26
15344,7,7
15345,9,9
15346,5,5
15347,3,3
15349,4,5
15350,2,2
15351,2,2
15352,2,2
15357,9,10
15358,6,7
15360,6,6
15361,1,1
15362,2,3
15363,3,3
15364,3,3
15365,1,1
15366,2,2
15367,26,28
15368,6,6
15370,37,37
15376,5,5
15377,3,3
15380,1,1
15401,128,136
15410,2,2
15411,5,5
15412,1,1
15413,8,8
15415,1,1
15416,5,5
15417,21,23
15419,6,6
15420,1,1
15421,5,5
15423,9,9
15424,3,3
15425,80,83
15427,4,4
15428,4,4
15430,3,3
15431,32,34
15432,2,2
15433,2,2
15434,2,2
15435,2,2
15436,9,9
15437,3,3
15438,9,9
15442,13,15
15444,4,4
15445,9,9
15446,1,1
15448,1,1
15449,1,1
15450,4,4
15451,3,3
15455,1,1
15456,17,19
15458,14,14
15459,4,4
15460,1,1
15461,11,13
15462,2,2
15464,5,5
15465,2,2
15466,1,1
15468,10,11
15469,4,4
15470,1,1
15472,1,1
15473,22,23
15474,5,6
15475,5,5
15476,2,2
15477,6,6
15478,15,15
15479,6,6
15480,7,7
15482,4,4
15484,3,3
15486,7,7
15488,1,1
15489,3,3
15490,2,2
15492,1,1
15501,44,45
15502,1,1
15513,1,1
15521,4,4
15522,37,38
15530,20,20
15531,8,8
15533,3,3
15534,1,1
15535,7,8
15536,2,2
15537,17,18
15538,2,2
15539,2,2
15540,2,2
15541,8,8
15542,1,1
15544,1,1
15545,5,5
15546,1,1
15547,1,1
15548,1,1
15550,3,3
15551,3,3
15552,9,11
15553,2,2
15554,6,6
15557,16,16
15558,7,7
15559,12,12
15560,2,3
15563,15,16
15568,1,1
15601,208,215
15603,1,1
15610,16,18
15611,3,3
15612,2,2
15613,44,47
15615,2,2
15617,2,2
15618,6,6
15619,1,1
15620,6,6
15621,1,1
15622,6,6
15623,4,4
15626,10,10
15627,29,31
15628,1,1
15629,4,4
15631,3,3
15632,36,39
15633,1,1
15634,1,1
15636,8,8
15637,6,6
15639,4,4
15640,1,1
15641,2,2
15642,134,135
15644,61,64
15650,87,96
15655,2,2
15656,48,50
15658,37,38
15660,1,1
15661,4,4
15662,2,2
15663,3,4
15665,3,5
15666,38,40
15668,53,56
15670,8,8
15671,4,4
15672,12,12
15674,1,1
15675,5,5
15677,1,1
15678,1,1
15679,10,10
15680,2,2
15681,14,14
15683,14,14
15686,5,5
15687,1,2
15688,1,1
15689,1,1
15690,38,40
15691,1,1
15692,2,2
15693,1,1
15695,1,1
15696,2,2
15697,9,9
15698,1,1
15701,86,94
15711,2,2
15713,2,3
15714,15,15
15715,3,3
15716,1,1
15717,31,31
15720,2,2
15721,2,2
15722,5,5
15724,6,6
15725,4,5
15727,4,4
15728,9,10
15729,3,3
15732,6,7
15734,1,1
15736,3,4
15737,2,2
15742,3,3
15744,2,2
15745,2,2
15746,1,1
15747,4,4
15748,16,16
15750,1,1
15752,1,1
15753,2,2
15754,1,1
15756,1,1
15757,4,5
15759,9,10
15761,1,1
15762,2,2
15764,1,1
15765,5,5
15767,47,49
15771,4,4
15772,5,5
15773,1,1
15774,2,2
15778,2,2
15780,1,1
15783,1,1
15801,63,66
15821,1,1
15823,4,4
15824,17,17
15825,45,46
15827,1,1
15829,2,2
15832,1,1
15834,10,10
15835,1,1
15840,4,4
15841,2,2
15843,1,1
15845,10,10
15846,9,9
15848,6,6
15849,4,5
15851,21,22
15853,24,26
15856,2,2
15857,45,45
15860,1,1
15861,1,1
15863,1,1
15864,4,4
15865,4,4
15866,2,2
15868,4,4
15870,3,3
15901,14,14
15902,39,41
15904,50,53
15905,62,65
15906,30,30
15907,2,2
15909,26,26
15920,4,5
15921,2,2
15922,1,1
15923,3,4
15924,3,3
15925,1,1
15926,5,5
15927,3,3
15928,6,6
15930,1,1
15931,38,39
15935,3,3
15936,3,3
15938,7,8
15940,4,4
15942,8,8
15943,15,16
15944,10,10
15946,22,22
15948,2,2
15949,5,6
15951,2,2
15952,4,4
15954,7,7
15955,5,6
15956,5,6
15957,1,1
15958,5,5
15959,1,1
15960,3,3
15961,2,2
15962,2,2
15963,30,30
16001,138,147
16002,47,49
16020,4,4
16023,11,11
16025,9,9
16027,1,1
16028,7,7
16029,1,1
16033,17,17
16034,3,3
16037,12,12
16038,11,11
16041,11,12
16046,39,39
16049,11,11
16050,4,4
16051,12,12
16052,3,3
16053,13,13
16054,1,1
16055,29,30
16056,13,13
16057,25,27
16059,36,38
16061,6,6
16063,26,27
16066,77,80
16101,116,119
16102,15,16
16105,57,62
16107,2,3
16111,3,4
16112,5,5
16113,1,1
16114,1,1
16115,8,10
16116,7,7
16117,49,50
16120,11,11
16121,19,21
16123,7,7
16124,4,4
16125,55,56
16127,49,53
16130,7,7
16131,2,2
16132,3,3
16133,4,4
16134,10,11
16136,5,6
16137,40,41
16141,6,6
16142,15,15
16143,7,7
16145,13,13
16146,58,60
16148,67,69
16150,24,26
16153,9,9
16154,14,16
16156,7,7
16157,13,14
16158,1,1
16159,12,12
16160,3,3
16161,4,4
16177,1,1
16197,1,1
16201,65,69
16207,1,1
16210,2,3
16211,1,1
16212,4,4
16214,25,26
16216,1,1
16218,1,1
16222,5,6
16224,2,2
16225,2,2
16226,28,31
16227,1,1
16228,1,1
16229,13,14
16230,2,2
16232,9,9
16233,4,4
16235,2,2
16236,1,1
16238,1,1
16239,10,10
16240,7,7
16242,9,12
16244,1,1
16246,2,2
16248,9,10
16249,1,1
16254,9,9
16255,4,4
16256,3,3
16258,7,7
16259,7,7
16262,7,7
16263,1,1
16265,1,1
16295,1,1
16301,50,52
16311,3,3
16313,6,6
16314,16,16
16316,21,23
16317,4,4
16319,4,4
16322,1,1
16323,43,46
16326,1,1
16327,6,6
16329,1,1
16333,1,1
16334,1,1
16335,52,56
16340,5,5
16341,3,3
16342,7,7
16343,1,1
16344,4,4
16345,9,10
16346,8,8
16347,4,4
16350,5,5
16351,2,2
16353,8,8
16354,28,31
16360,4,4
16362,2,2
16364,4,4
16365,52,53
16370,1,1
16371,8,8
16372,1,1
16373,7,7
16374,9,9
16401,11,12
16402,2,2
16403,18,18
16404,5,5
16405,1,1
16406,9,9
16407,30,30
16410,1,1
16411,5,6
16412,20,20
16415,30,32
16417,21,21
16420,2,2
16421,5,6
16423,15,15
16424,19,19
16426,9,10
16427,1,1
16428,43,45
16433,11,11
16434,10,10
16435,10,10
16436,1,1
16438,12,13
16440,1,1
16441,18,19
16442,7,7
16443,4,4
16494,1,1
16501,8,8
16502,32,33
16503,40,41
16504,44,46
16505,56,59
16506,53,56
16507,17,17
16508,42,42
16509,74,78
16510,79,80
16511,36,36
16512,1,1
16544,1,1
16601,97,100
16602,100,102
16604,1,1
16611,8,8
16613,5,5
16616,1,1
16617,7,7
16619,3,3
16620,2,2
16621,2,2
16622,1,1
16623,4,5
16624,1,1
16625,12,13
16627,4,6
16630,16,16
16633,2,2
16634,1,1
16635,36,39
16636,1,1
16637,11,11
16638,1,1
16639,4,5
16640,4,4
16641,17,17
16644,1,1
16646,7,7
16647,4,4
16648,32,33
16650,6,6
16651,21,24
16652,32,33
16655,5,5
16656,6,6
16657,8,9
16662,16,17
16663,1,1
16664,16,16
16665,2,2
16666,9,9
16667,4,4
16668,11,11
16669,3,4
16670,2,2
16671,4,5
16672,1,1
16673,8,8
16677,2,2
16678,4,4
16679,1,1
16680,1,1
16681,1,1
16682,1,1
16683,1,1
16685,3,3
16686,27,27
16692,1,1
16693,10,10
16694,1,1
16695,2,2
16701,52,55
16720,2,2
16724,3,3
16726,1,1
16728,1,1
16731,5,5
16735,20,20
16738,4,4
16740,8,8
16743,10,11
16744,1,1
16745,2,2
16746,3,3
16748,10,10
16749,5,5
16750,1,1
16801,43,43
16803,28,29
16804,2,2
16805,1,1
16808,1,1
16820,2,2
16821,3,3
16822,11,11
16823,51,52
16825,2,2
16826,3,3
16827,13,13
16828,9,9
16829,1,1
16830,36,37
16833,20,21
16834,3,3
16835,1,1
16836,5,6
16837,1,1
16838,5,6
16840,3,4
16841,16,17
16843,3,3
16844,8,8
16847,1,1
16848,2,2
16849,3,3
16850,1,1
16851,7,8
16852,1,1
16853,3,3
16854,2,3
16855,2,2
16856,1,1
16858,9,9
16860,1,1
16861,1,1
16863,1,1
16864,1,1
16865,5,5
16866,33,35
16868,3,3
16870,24,24
16871,1,1
16872,2,2
16874,4,4
16875,19,20
16877,2,2
16878,12,12
16879,4,4
16881,7,7
16901,28,29
16907,1,1
16912,6,6
16914,4,4
16915,10,10
16917,1,1
16920,4,4
16921,4,4
16922,9,9
16923,8,8
16925,8,8
16926,1,1
16927,3,3
16929,7,8
16930,2,2
16931,1,1
16932,2,2
16933,12,12
16935,3,3
16936,9,9
16938,1,1
16939,1,1
16942,1,1
16943,1,1
16944,1,1
16946,10,11
16947,10,10
16948,3,3
16950,8,8
17002,4,5
17003,35,36
17004,12,12
17005,2,2
17006,4,4
17007,18,18
17009,6,6
17010,3,3
17011,72,72
17013,106,107
17015,58,59
17016,1,1
17017,5,5
17018,10,10
17019,41,44
17020,26,26
17021,2,2
17022,69,72
17023,7,8
17024,14,15
17025,47,48
17026,9,9
17027,1,1
17028,5,5
17029,3,3
17032,22,23
17033,42,45
17034,9,10
17035,3,4
17036,60,64
17037,6,6
17038,21,23
17039,1,1
17040,5,6
17042,103,110
17043,12,15
17044,74,76
17045,11,11
17046,99,102
17047,5,5
17048,9,10
17049,8,8
17050,107,113
17051,7,7
17052,6,7
17053,19,19
17055,122,125
17056,1,1
17057,72,76
17058,3,3
17059,20,20
17060,8,8
17061,19,19
17062,13,17
17063,4,4
17064,1,1
17065,14,15
17066,12,12
17067,30,31
17068,9,9
17070,35,37
17073,14,14
17074,20,20
17078,44,45
17081,1,1
17082,9,9
17084,16,16
17085,1,1
17086,1,1
17087,11,11
17088,2,2
17090,14,14
17093,3,3
17094,6,6
17097,1,1
17098,8,8
17099,4,5
17101,4,4
17102,30,33
17103,50,50
17104,85,85
17105,3,3
17108,1,1
17109,87,92
17110,104,109
17111,105,110
17112,129,134
17113,59,63
17131,1,1
17135,1,1
17140,1,1
17201,81,84
17202,70,72
17210,1,1
17211,1,1
17212,1,1
17213,1,1
17214,5,5
17215,4,4
17219,2,2
17220,3,3
17221,2,2
17222,33,34
17223,2,2
17224,3,3
17225,45,46
17228,1,1
17229,3,4
17231,1,1
17232,1,1
17233,7,7
17234,1,1
17235,2,2
17236,17,17
17237,6,6
17238,2,2
17239,1,2
17240,7,7
17241,39,41
17243,8,8
17244,7,9
17246,1,1
17247,1,1
17249,1,1
17252,11,11
17254,2,2
17255,6,6
17256,1,1
17257,86,88
17260,1,1
17262,4,5
17263,2,2
17264,6,6
17266,4,4
17267,7,7
17268,73,78
17271,1,1
17272,1,1
17280,1,1
17287,1,1
17293,1,1
17301,11,12
17302,5,5
17303,4,4
17304,8,9
17306,1,1
17307,22,22
17309,6,6
17311,3,3
17313,41,42
17314,22,22
17315,86,89
17316,18,19
17317,1,1
17319,28,28
17320,25,25
17321,8,9
17322,17,18
17324,17,18
17325,95,97
17327,25,27
17328,1,1
17329,6,6
17331,151,158
17339,23,24
17340,33,36
17343,3,3
17344,5,5
17345,27,29
17347,9,9
17349,28,29
17350,19,19
17352,4,4
17353,12,12
17355,1,1
17356,61,64
17357,2,2
17358,1,1
17360,19,19
17361,15,16
17362,41,43
17363,30,33
17364,15,15
17365,8,9
17366,17,19
17368,29,30
17370,15,16
17372,16,16
17401,41,43
17402,108,111
17403,122,124
17404,135,140
17405,1,1
17406,66,71
17407,6,7
17408,76,81
17409,1,1
17474,1,1
17501,10,10
17502,6,7
17503,1,1
17505,7,7
17506,1,1
17507,3,3
17508,3,3
17509,11,12
17512,55,56
17513,1,1
17516,16,16
17517,45,47
17518,3,3
17519,16,17
17520,8,8
17522,96,100
17527,17,18
17529,7,7
17532,6,6
17534,1,1
17535,3,3
17536,12,15
17538,14,15
17540,39,39
17543,102,104
17545,44,46
17547,18,18
17550,1,1
17551,22,24
17552,54,56
17554,30,30
17555,16,16
17557,33,34
17560,13,13
17562,9,9
17563,9,9
17565,6,6
17566,29,29
17567,3,3
17569,16,16
17572,6,6
17575,1,1
17578,18,19
17579,11,12
17581,2,2
17582,5,5
17584,26,26
17601,133,136
17602,157,160
17603,211,215
17604,2,2
17608,2,2
17675,1,1
17691,1,1
17701,172,173
17702,33,35
17721,8,8
17724,13,14
17726,1,1
17728,12,13
17735,1,1
17737,24,25
17740,38,38
17742,1,1
17744,11,11
17745,55,57
17747,10,10
17748,2,2
17751,28,29
17752,14,14
17754,31,32
17756,43,46
17758,5,5
17760,2,2
17762,1,1
17763,3,3
17764,9,11
17765,4,4
17771,9,9
17772,4,4
17774,3,3
17776,1,1
17777,25,26
17778,2,3
17779,2,2
17801,55,56
17810,7,7
17812,4,4
17813,6,6
17814,20,20
17815,84,85
17820,12,12
17821,65,67
17822,1,1
17823,4,4
17824,16,17
17827,1,1
17829,1,1
17830,9,9
17831,1,1
17832,9,9
17833,2,2
17834,8,8
17837,30,31
17840,5,5
17841,14,15
17842,30,31
17844,27,29
17845,5,5
17846,10,10
17847,37,38
17850,2,2
17851,31,32
17853,8,8
17854,1,1
17855,5,6
17856,7,7
17857,36,38
17859,7,8
17860,11,12
17862,1,1
17864,6,6
17865,1,1
17866,34,35
17868,1,1
17870,29,30
17872,45,46
17876,3,4
17878,6,7
17881,6,6
17886,6,6
17887,2,2
17888,1,1
17889,9,9
17901,56,58
17921,19,20
17922,14,14
17923,1,1
17925,2,2
17929,2,2
17930,3,3
17931,17,17
17932,1,1
17934,3,3
17935,4,4
17936,4,5
17938,3,3
17941,3,3
17944,1,1
17945,1,1
17948,18,21
17949,1,1
17951,1,1
17953,1,1
17954,9,9
17959,5,5
17960,17,18
17961,22,24
17963,31,31
17964,1,1
17965,3,3
17967,10,10
17968,2,2
17970,12,12
17972,33,34
17974,2,2
17976,19,19
17978,1,1
17979,1,1
17980,3,3
17981,13,13
17983,2,3
17985,7,7
18011,11,11
18013,59,60
18014,37,37
18015,122,129
18016,2,2
18017,153,158
18018,108,111
18019,1,1
18020,72,76
18029,1,1
18030,2,2
18031,33,34
18032,32,33
18034,29,29
18035,1,1
18036,47,47
18037,21,22
18038,11,12
18039,3,3
18040,54,54
18041,26,26
18042,155,159
18043,2,2
18044,1,1
18045,90,93
18046,1,1
18049,53,53
18051,15,16
18052,99,102
18053,4,5
18054,10,10
18055,57,58
18056,8,8
18058,24,25
18059,5,5
18062,74,76
18063,1,2
18064,88,91
18065,2,2
18066,19,19
18067,71,73
18068,1,1
18069,26,26
18070,5,5
18071,38,39
18072,15,16
18073,28,28
18074,18,18
18076,9,9
18077,7,8
18078,19,21
18079,1,1
18080,36,38
18083,2,2
18085,4,4
18087,1,1
18088,19,19
18091,26,26
18092,5,5
18101,19,20
18102,219,231
18103,187,197
18104,154,161
18105,6,7
18106,12,13
18109,79,82
18140,1,2
18201,88,92
18202,30,30
18210,29,29
18211,7,8
18213,1,1
18214,6,7
18216,2,2
18218,7,7
18219,8,9
18220,1,1
18221,1,1
18222,33,33
18223,1,1
18224,20,22
18225,1,1
18229,35,38
18230,1,1
18231,2,2
18232,14,14
18235,68,71
18237,10,10
18240,18,18
18241,2,2
18246,1,1
18249,9,9
18250,9,9
18252,44,48
18254,3,4
18255,14,14
18285,1,1
18295,1,1
18301,114,116
18302,61,61
18320,2,2
18321,6,6
18322,10,10
18324,47,51
18325,9,9
18326,14,15
18327,5,5
18328,19,20
18330,41,41
18331,2,2
18332,13,13
18333,2,2
18334,17,17
18335,1,1
18336,13,13
18337,39,39
18342,1,1
18343,13,13
18344,12,12
18346,11,11
18347,16,16
18350,7,7
18351,2,2
18352,8,8
18353,34,37
18354,1,1
18355,2,2
18356,2,2
18360,109,115
18367,1,1
18370,4,5
18371,1,1
18372,10,10
18377,1,1
18402,1,1
18403,20,22
18405,8,8
18407,50,52
18410,1,1
18411,47,49
18413,1,1
18414,16,16
18415,4,4
18417,4,4
18419,17,18
18421,16,18
18424,18,18
18425,3,3
18426,15,15
18427,3,3
18428,44,46
18431,29,30
18433,18,19
18434,14,14
18435,4,4
18436,44,45
18439,4,4
18440,1,1
18443,4,4
18444,36,37
18445,7,8
18446,10,10
18447,29,32
18451,2,2
18452,18,20
18453,4,4
18454,1,1
18456,3,3
18457,1,1
18458,14,14
18460,1,1
18462,1,1
18463,1,1
18464,6,6
18465,4,4
18466,83,85
18469,1,1
18470,7,8
18471,4,4
18472,12,12
18473,2,2
18503,3,3
18504,62,64
18505,62,63
18507,27,29
18508,38,41
18509,36,39
18510,29,31
18512,28,28
18515,1,1
18517,19,19
18518,26,27
18519,11,11
18539,1,1
18572,1,1
18602,2,2
18603,86,88
18610,19,19
18612,43,44
18614,7,7
18615,4,4
18616,3,3
18617,10,10
18618,15,15
18621,17,18
18622,1,1
18623,9,10
18624,4,4
18625,1,1
18626,3,3
18629,7,7
18630,10,10
18631,5,5
18634,56,58
18635,17,18
18636,3,3
18640,60,62
18641,21,21
18642,19,19
18643,38,39
18644,25,26
18647,1,1
18649,1,1
18651,24,25
18654,2,2
18655,21,22
18656,10,10
18657,44,45
18660,18,18
18661,12,12
18667,1,1
18700,1,1
18701,8,9
18702,159,162
18703,3,3
18704,101,101
18705,50,51
18706,61,61
18707,52,53
18708,32,33
18709,9,9
18740,1,1
18776,1,1
18801,24,25
18810,12,13
18812,5,5
18813,2,2
18816,1,1
18818,2,2
18821,2,2
18822,14,14
18823,1,1
18824,2,2
18825,1,1
18826,4,4
18829,1,1
18830,4,4
18831,4,4
18832,6,6
18833,6,6
18834,15,15
18837,7,7
18840,29,29
18842,1,1
18843,2,2
18844,3,3
18847,15,15
18848,21,22
18850,6,6
18851,2,2
18853,11,11
18854,6,6
18901,82,84
18902,42,42
18906,1,1
18907,1,1
18909,1,1
18911,1,1
18912,4,4
18913,2,2
18914,64,67
18915,8,8
18916,4,4
18917,4,4
18920,3,3
18921,2,2
18923,1,1
18925,16,17
18927,2,2
18928,1,1
18929,22,22
18930,7,7
18931,1,1
18932,4,5
18934,1,1
18935,1,1
18936,1,1
18938,36,41
18940,69,73
18942,13,13
18943,1,1
18944,53,55
18947,14,14
18949,1,1
18950,2,2
18951,111,114
18954,31,32
18955,4,4
18957,1,1
18958,1,1
18960,45,46
18963,2,2
18964,39,40
18966,114,115
18968,3,3
18969,42,45
18970,4,4
18971,1,1
18972,14,16
18974,170,172
18976,66,66
18977,15,15
19001,62,65
19002,82,82
19003,33,33
19004,24,24
19006,64,68
19007,121,124
19008,65,67
19009,1,1
19010,49,49
19012,32,33
19013,259,263
19014,83,84
19015,60,62
19016,1,1
19017,2,2
19018,113,117
19019,1,1
19020,276,287
19021,45,47
19022,29,29
19023,151,153
19025,23,23
19026,101,105
19027,81,83
19028,1,1
19029,13,14
19030,49,49
19031,10,10
19032,39,39
19033,35,37
19034,21,22
19035,13,13
19036,66,67
19038,100,104
19040,71,75
19041,11,11
19043,13,13
19044,59,59
19045,1,1
19046,74,77
19047,139,143
19050,199,204
19053,110,112
19054,63,65
19055,67,71
19056,59,62
19057,72,74
19058,1,1
19060,27,30
19061,137,142
19063,126,130
19064,79,81
19065,1,1
19066,10,10
19067,181,186
19070,29,29
19071,2,2
19072,24,26
19073,67,71
19074,28,29
19075,22,22
19076,33,33
19077,1,1
19078,38,41
19079,53,54
19081,13,15
19082,222,227
19083,119,124
19084,1,1
19085,21,22
19086,26,27
19087,77,79
19090,106,109
19094,25,26
19095,37,39
19096,38,38
19101,1,1
19102,17,17
19103,56,58
19104,167,171
19105,1,1
19106,38,39
19107,42,43
19108,1,1
19110,1,1
19111,291,302
19113,1,1
19114,162,168
19115,132,138
19116,146,148
19118,29,30
19119,198,208
19120,536,554
19121,213,217
19122,133,136
19123,88,92
19124,417,433
19125,85,87
19126,162,166
19127,14,14
19128,134,137
19129,48,49
19130,84,89
19131,333,344
19132,325,336
19133,234,243
19134,276,285
19135,170,176
19136,128,132
19137,30,33
19138,356,366
19139,307,313
19140,483,496
19141,358,366
19142,177,180
19143,510,516
19144,379,392
19145,272,281
19146,191,194
19147,110,111
19148,240,245
19149,239,245
19150,293,300
19151,213,220
19152,141,144
19153,88,92
19154,139,142
19158,2,2
19173,1,1
19180,1,1
19250,1,1
19273,1,1
19286,1,1
19301,16,16
19306,1,1
19308,2,2
19309,1,1
19310,6,6
19311,28,28
19312,30,30
19317,30,32
19318,2,2
19319,2,2
19320,210,217
19329,1,1
19330,18,18
19333,14,16
19335,145,154
19341,36,37
19342,40,41
19343,25,26
19344,25,25
19345,2,2
19348,49,52
19350,35,36
19351,1,1
19352,20,20
19353,1,1
19355,77,80
19358,3,3
19360,2,2
19362,11,12
19363,49,53
19365,20,21
19367,1,1
19369,3,3
19372,10,10
19373,6,6
19374,4,4
19375,3,4
19376,2,2
19380,135,139
19382,119,123
19390,34,37
19393,1,1
19395,3,3
19401,208,214
19403,153,158
19404,3,5
19405,17,18
19406,69,70
19407,1,1
19408,1,1
19420,1,1
19421,4,4
19422,65,71
19425,32,32
19426,106,112
19428,48,50
19430,1,1
19435,1,1
19436,1,1
19438,67,68
19440,71,71
19442,3,3
19443,1,1
19444,35,35
19446,176,183
19447,1,1
19450,1,1
19453,5,5
19454,108,110
19456,1,1
19457,1,1
19460,98,102
19462,58,60
19464,202,215
19465,47,47
19466,1,1
19468,69,70
19470,2,2
19472,2,2
19473,51,53
19474,4,4
19475,40,40
19477,1,1
19478,1,1
19480,1,1
19486,2,2
19490,2,2
19492,2,2
19501,2,2
19503,5,5
19504,12,14
19505,13,15
19506,16,18
19507,13,14
19508,53,54
19510,21,23
19511,2,3
19512,57,58
19518,42,44
19519,1,1
19520,15,15
19522,50,52
19523,1,1
19525,44,46
19526,40,42
19529,8,8
19530,23,23
19533,17,17
19534,10,10
19536,5,6
19539,13,14
19540,30,31
19541,13,15
19543,17,17
19545,1,1
19547,17,18
19549,3,3
19550,4,4
19551,18,19
19555,11,13
19559,1,1
19560,36,36
19562,11,11
19563,1,1
19565,13,13
19567,13,13
19568,1,1
19577,1,1
19582,1,1
19601,106,111
19602,78,80
19603,3,3
19604,88,88
19605,63,66
19606,95,100
19607,66,71
19608,70,74
19609,26,28
19610,39,43
19611,26,26
19620,1,1
19625,1,1
19630,1,1
19634,1,1
19644,1,1
19646,1,1
19648,1,1
19656,1,1
19701,186,193
19702,226,230
19703,81,84
19706,7,7
19707,50,52
19709,173,178
19711,165,168
19713,145,148
19714,1,1
19718,1,1
19720,333,340
19730,5,6
19732,2,2
19733,3,3
19734,45,49
19735,1,1
19770,1,1
19773,1,1
19801,83,88
19802,142,145
19803,61,62
19804,79,83
19805,174,180
19806,28,30
19807,16,16
19808,150,156
19809,56,57
19810,101,106
19830,1,1
19839,1,1
19844,1,1
19850,1,1
19855,1,1
19860,1,1
19899,7,7
19901,136,139
19903,4,4
19904,159,159
19930,17,19
19931,1,1
19933,39,40
19934,51,51
19936,4,4
19938,38,39
19939,25,25
19940,19,20
19941,13,13
19943,46,48
19944,3,3
19945,39,41
19946,17,19
19947,65,67
19950,21,21
19951,13,13
19952,48,51
19953,19,20
19954,7,8
19955,2,2
19956,68,69
19958,119,123
19960,27,29
19962,40,42
19963,83,86
19964,3,3
19965,1,1
19966,113,118
19967,8,8
19968,38,39
19969,3,4
19970,23,23
19971,52,55
19973,94,95
19975,38,38
19977,95,98
19979,2,2
19980,1,1
19996,1,1
20001,121,128
20002,248,257
20003,76,80
20004,6,6
20005,33,33
20006,1,2
20007,55,57
20008,86,90
20009,119,126
20010,90,91
20011,294,307
20012,71,71
20013,2,2
20015,30,30
20016,52,55
20017,92,99
20018,111,114
20019,315,331
20020,274,284
20024,54,56
20029,2,2
20030,2,2
20032,156,161
20036,6,6
20037,105,117
20038,1,1
20040,1,1
20056,1,1
20090,3,4
20105,49,50
20106,14,14
20108,2,2
20109,121,127
20110,160,167
20111,127,135
20112,82,85
20115,19,22
20116,1,1
20117,5,5
20118,6,6
20119,14,14
20120,120,127
20121,73,76
20122,2,2
20124,39,39
20128,1,1
20129,1,1
20130,1,1
20132,29,31
20134,3,3
20135,2,3
20136,73,76
20137,9,10
20139,1,1
20141,13,13
20142,1,1
20143,5,5
20146,2,2
20147,147,150
20148,92,95
20151,70,73
20152,60,61
20153,1,1
20155,103,105
20156,2,2
20158,9,9
20159,1,1
20161,1,1
20164,122,124
20165,90,96
20166,35,35
20167,3,4
20168,2,2
20169,47,49
20170,120,125
20171,93,97
20172,2,2
20174,1,1
20175,62,62
20176,118,125
20177,2,2
20178,2,2
20180,19,19
20181,21,22
20184,3,3
20186,39,39
20187,63,66
20188,1,1
20189,3,3
20190,45,47
20191,87,88
20192,1,1
20193,1,1
20194,31,33
20197,7,7
20198,10,11
20201,1,1
20206,1,1
20207,1,1
20221,1,1
20223,1,1
20248,1,1
20304,1,1
20307,6,7
20313,1,1
20334,1,1
20412,2,2
20454,1,1
20455,1,1
20505,1,1
20562,1,1
20564,1,2
20601,118,124
20602,119,124
20603,157,164
20604,6,6
20606,3,3
20607,66,68
20608,5,5
20609,2,2
20610,2,2
20611,6,6
20612,1,1
20613,70,71
20614,1,1
20615,2,2
20616,27,30
20617,2,2
20619,36,36
20620,6,7
20621,6,7
20622,9,10
20623,16,17
20624,3,3
20625,2,2
20628,5,5
20629,4,4
20632,2,2
20634,33,35
20635,1,1
20636,35,36
20637,22,23
20639,54,56
20640,51,53
20645,3,3
20646,91,94
20648,1,1
20650,49,52
20653,76,80
20654,1,1
20656,5,5
20657,75,78
20658,5,5
20659,101,105
20662,4,4
20664,11,12
20667,7,7
20670,4,4
20673,2,2
20674,1,1
20675,14,14
20676,9,9
20677,7,7
20678,60,63
20680,1,1
20684,1,1
20685,17,18
20688,9,9
20689,4,5
20690,5,5
20692,8,8
20693,5,5
20695,58,60
20703,2,2
20704,1,1
20705,99,100
20706,220,227
20707,139,141
20708,117,122
20709,2,2
20710,37,41
20711,29,31
20712,34,34
20714,13,15
20715,113,121
20716,130,135
20717,1,1
20718,1,1
20719,1,1
20720,107,113
20721,180,184
20722,29,29
20723,134,141
20724,64,65
20725,1,1
20731,2,2
20732,30,32
20733,10,10
20734,1,1
20735,268,276
20736,26,26
20737,76,77
20739,1,1
20740,61,62
20741,1,1
20743,238,245
20744,359,374
20745,167,179
20746,169,174
20747,239,243
20748,230,239
20749,1,1
20751,5,5
20753,2,2
20754,33,33
20755,27,27
20756,1,1
20759,15,15
20762,5,5
20763,9,9
20764,19,19
20765,5,5
20766,1,1
20769,32,33
20770,86,91
20772,286,302
20773,12,12
20774,317,325
20775,1,1
20776,15,15
20777,13,13
20778,8,8
20779,2,2
20781,48,51
20782,107,111
20783,123,128
20784,130,134
20785,202,209
20786,2,2
20787,3,3
20789,1,1
20791,4,4
20794,53,53
20805,2,2
20806,1,1
20814,50,50
20815,72,73
20816,35,36
20817,65,70
20818,4,5
20824,1,1
20832,73,75
20833,25,25
20836,1,1
20837,24,28
20841,25,25
20842,4,5
20849,1,1
20850,101,104
20851,44,45
20852,103,106
20853,92,96
20854,111,117
20855,41,42
20856,1,1
20858,1,1
20859,1,1
20860,8,9
20861,13,14
20862,1,1
20866,54,54
20871,47,50
20872,34,36
20873,3,3
20874,187,199
20875,1,1
20876,68,72
20877,121,126
20878,171,179
20879,93,96
20880,2,2
20882,42,45
20884,2,2
20886,100,102
20887,1,1
20889,10,10
20895,50,51
20896,2,3
20897,1,1
20901,111,117
20902,166,168
20903,67,68
20904,185,190
20905,76,78
20906,238,245
20907,1,1
20908,1,1
20910,109,111
20912,76,79
20913,1,1
20914,1,1
20916,5,5
20930,1,1
20974,1,1
20978,1,1
21001,114,120
21005,5,6
21008,2,2
21009,125,127
21012,57,58
21013,12,13
21014,121,126
21015,81,85
21017,30,32
21018,2,2
21022,2,2
21028,15,15
21029,26,28
21030,74,79
21032,30,30
21034,13,15
21035,25,25
21036,5,6
21037,70,74
21040,128,130
21041,1,1
21042,103,108
21043,130,135
21044,168,174
21045,148,153
21046,52,55
21047,52,52
21048,42,45
21049,1,1
21050,61,63
21051,3,3
21052,3,3
21053,9,9
21054,38,39
21057,12,12
21060,166,173
21061,272,288
21062,1,1
21071,2,2
21074,50,51
21075,92,96
21076,67,69
21077,1,1
21078,94,99
21082,8,8
21084,38,38
21085,70,72
21087,18,20
21090,34,35
21093,127,133
21102,33,33
21104,18,18
21107,1,1
21108,67,69
21111,14,14
21113,117,124
21114,62,63
21117,242,251
21120,18,19
21122,250,265
21123,2,3
21125,1,1
21128,44,45
21130,1,1
21131,19,21
21132,12,13
21133,230,238
21136,130,136
21139,1,1
21140,20,20
21141,1,1
21143,1,1
21144,166,170
21146,96,99
21152,19,19
21153,4,4
21154,23,24
21155,4,4
21156,1,1
21157,129,133
21158,76,79
21160,7,7
21161,16,16
21162,14,14
21163,27,30
21174,1,1
21176,1,1
21200,1,1
21201,79,80
21202,84,88
21203,6,6
21204,45,46
21205,98,109
21206,282,292
21207,305,314
21208,181,190
21209,108,112
21210,28,31
21211,57,60
21212,165,171
21213,223,232
21214,95,103
21215,364,372
21216,182,186
21217,183,192
21218,247,257
21219,42,45
21220,202,214
21221,204,214
21222,285,306
21223,146,152
21224,186,194
21225,139,151
21226,35,35
21227,136,139
21228,177,180
21229,305,320
21230,130,142
21231,65,70
21233,1,1
21234,289,301
21236,144,148
21237,145,150
21239,190,200
21240,1,1
21243,2,2
21244,191,202
21273,1,1
21275,1,1
21276,1,1
21278,1,1
21281,2,2
21282,1,1
21286,73,76
21287,10,11
21291,1,1
21292,1,1
21299,1,1
21316,1,1
21399,1,1
21401,137,140
21402,4,4
21403,106,110
21405,3,3
21409,62,65
21464,1,1
21502,127,133
21520,7,7
21521,2,2
21523,1,1
21524,3,3
21529,3,3
21530,5,5
21531,3,3
21532,30,32
21536,13,13
21538,1,1
21539,8,9
21541,3,3
21545,3,3
21550,49,51
21555,6,6
21556,1,1
21557,1,1
21561,6,7
21562,11,13
21601,108,113
21607,2,2
21609,1,1
21612,2,2
21613,114,118
21616,1,1
21617,33,34
21619,32,35
21620,64,67
21622,5,5
21623,9,9
21624,1,1
21625,17,18
21627,1,1
21629,41,43
21631,12,12
21632,28,30
21634,3,3
21635,5,5
21636,4,4
21637,1,1
21638,25,27
21639,15,15
21640,6,6
21641,2,2
21643,32,34
21644,1,1
21645,1,1
21647,3,3
21649,2,2
21650,2,2
21651,11,11
21652,1,1
21653,1,1
21654,7,7
21655,24,26
21657,7,7
21658,15,15
21659,5,5
21660,14,14
21661,16,17
21662,3,3
21663,17,18
21664,3,3
21666,61,64
21668,6,6
21669,1,2
21670,1,1
21671,3,3
21672,2,2
21673,13,13
21678,7,7
21679,3,3
21701,118,124
21702,138,148
21703,130,131
21704,34,35
21705,2,2
21707,3,3
21710,14,15
21711,3,3
21713,31,33
21714,2,2
21716,24,25
21719,1,1
21721,1,1
21722,29,31
21723,3,3
21727,12,13
21733,2,2
21734,8,8
21737,3,3
21738,14,16
21740,210,220
21742,103,107
21750,17,17
21754,23,23
21755,20,21
21756,18,18
21757,8,9
21758,24,27
21762,1,1
21765,1,1
21766,1,1
21767,7,8
21769,34,34
21770,19,20
21771,97,100
21772,1,1
21773,20,21
21774,31,33
21776,21,22
21777,2,2
21778,2,2
21779,3,3
21780,5,5
21782,19,19
21783,23,23
21784,120,128
21787,34,36
21788,32,32
21791,13,15
21793,38,39
21794,8,8
21795,39,43
21797,21,22
21798,4,6
21801,110,116
21802,6,6
21803,2,2
21804,134,141
21811,96,100
21813,13,14
21814,1,1
21816,1,1
21817,22,22
21821,1,1
21822,11,11
21824,2,2
21826,14,14
21829,1,1
21830,20,20
21835,3,3
21836,1,1
21837,10,11
21838,8,9
21840,4,4
21841,5,5
21842,57,60
21843,3,3
21849,13,13
21850,14,14
21851,34,35
21853,40,40
21856,7,7
21861,4,4
21863,24,24
21864,3,3
21865,3,3
21866,1,1
21867,1,1
21869,4,4
21871,9,10
21872,5,6
21874,5,5
21875,28,28
21901,58,59
21903,22,22
21904,36,37
21911,31,33
21912,2,2
21913,2,2
21914,3,3
21915,15,16
21916,1,1
21917,8,8
21918,18,19
21919,14,14
21920,3,3
21921,153,159
21922,2,2
21930,1,1
22000,1,1
22003,179,183
22014,1,1
22015,130,135
22019,1,1
22022,1,1
22025,65,68
22026,74,75
22027,6,7
22030,140,147
22031,95,96
22032,83,83
22033,128,132
22035,1,1
22036,1,1
22038,1,1
22039,59,63
22040,1,1
22041,88,91
22042,112,113
22043,54,56
22044,48,48
22046,37,37
22050,1,1
22060,23,23
22065,1,1
22066,42,43
22071,2,2
22073,1,1
22079,110,112
22096,1,1
22101,64,66
22102,62,63
22103,1,1
22106,1,1
22110,3,3
22111,1,1
22116,3,3
22123,1,1
22124,39,39
22125,4,4
22134,9,9
22150,82,84
22151,54,55
22152,92,96
22153,89,96
22160,1,1
22170,1,1
22172,28,30
22180,71,73
22181,39,40
22182,64,68
22187,1,1
22191,263,272
22192,216,223
22193,317,326
22194,1,1
22195,4,4
22197,1,1
22199,2,3
22201,72,76
22202,58,60
22203,58,60
22204,153,158
22205,38,40
22206,55,55
22207,57,60
22209,30,31
22211,1,1
22212,1,1
22213,8,8
22220,2,2
22230,1,1
22242,1,1
22262,1,1
22301,35,36
22302,50,54
22303,27,30
22304,172,176
22305,45,46
22306,125,128
22307,23,24
22308,36,38
22309,136,140
22310,95,101
22311,52,59
22312,94,97
22313,3,3
22314,96,99
22315,85,88
22317,1,1
22320,1,2
22331,1,1
22334,1,1
22354,1,1
22356,1,1
22373,1,1
22382,1,1
22401,88,90
22402,4,4
22404,6,6
22405,128,136
22406,92,97
22407,227,239
22408,99,105
22427,10,10
22432,2,2
22435,9,10
22436,8,9
22437,1,1
22438,3,3
22443,33,33
22448,6,6
22454,6,6
22455,2,2
22456,1,1
22458,1,1
22460,8,9
22469,10,11
22472,1,1
22473,27,27
22476,2,2
22480,3,3
22482,14,14
22485,86,87
22488,9,10
22501,1,1
22502,1,1
22503,26,26
22504,1,1
22508,56,58
22511,4,4
22514,9,9
22517,2,2
22520,29,29
22526,1,1
22529,1,1
22534,12,12
22535,4,4
22538,1,1
22539,12,13
22542,6,6
22546,56,58
22551,70,72
22553,63,65
22554,204,212
22555,5,5
22556,96,99
22560,38,39
22562,1,1
22565,4,4
22567,16,16
22572,26,27
22576,4,4
22578,5,5
22580,35,36
22590,1,1
22597,1,1
22601,79,84
22602,88,88
22603,50,55
22604,1,1
22610,4,4
22611,26,26
22620,4,4
22623,1,1
22624,11,11
22625,12,13
22627,4,5
22630,117,123
22637,8,8
22639,4,4
22642,14,15
22643,1,1
22644,8,8
22645,11,11
22646,1,1
22650,1,1
22652,5,5
22655,58,61
22656,12,12
22657,28,31
22660,4,4
22663,9,9
22664,23,23
22665,1,1
22701,127,130
22709,4,4
22712,27,29
22713,4,4
22714,8,9
22715,4,4
22716,2,3
22718,4,4
22719,2,2
22720,3,3
22722,3,3
22724,9,9
22726,1,1
22727,20,21
22728,10,10
22729,1,1
22731,3,3
22732,2,2
22733,1,1
22734,14,16
22735,12,14
22737,9,11
22738,4,4
22740,4,5
22741,2,2
22742,5,5
22743,2,2
22747,2,2
22748,3,3
22780,1,1
22785,1,1
22801,67,67
22802,55,56
22803,3,3
22810,4,4
22812,23,26
22815,21,21
22821,8,8
22822,1,1
22824,20,21
22827,36,36
22830,1,1
22831,3,3
22832,3,4
22834,2,2
22835,44,46
22837,1,1
22840,16,16
22841,7,7
22842,22,24
22843,7,7
22844,10,10
22846,2,2
22847,1,1
22849,16,16
22850,1,1
22851,9,9
22853,7,7
22882,1,1
22900,1,1
22901,90,91
22902,61,61
22903,77,77
22905,1,1
22906,5,5
22911,39,40
22912,1,1
22920,9,9
22921,1,1
22922,7,7
22923,21,22
22931,1,1
22932,28,29
22935,3,3
22936,15,15
22937,9,9
22938,5,6
22939,18,18
22940,3,4
22942,35,35
22943,3,3
22945,1,1
22946,1,1
22947,12,13
22948,1,1
22949,7,9
22952,13,13
22958,6,6
22959,7,7
22960,46,46
22963,66,67
22964,4,5
22967,13,13
22968,29,30
22969,4,4
22971,7,7
22972,3,3
22973,17,17
22974,19,19
22976,2,3
22980,146,152
22986,1,1
23001,1,1
23002,59,65
23003,2,2
23004,5,6
23005,56,58
23009,36,37
23011,2,2
23015,14,14
23020,1,1
23021,1,1
23022,5,5
23023,3,3
23024,40,43
23025,1,1
23027,4,4
23030,30,32
23032,2,2
23035,5,6
23038,9,9
23039,7,7
23040,24,25
23043,9,9
23047,9,10
23050,4,4
23055,6,6
23059,92,96
23060,129,134
23061,60,61
23062,13,13
23063,14,14
23065,6,6
23068,2,2
23069,13,13
23070,1,1
23071,2,2
23072,45,46
23075,61,61
23076,3,3
23079,2,2
23083,10,10
23084,6,7
23085,1,1
23086,18,18
23089,18,18
23090,6,7
23091,1,1
23092,1,1
23093,57,62
23101,1,1
23102,14,15
23103,25,27
23106,3,3
23109,5,5
23110,1,1
23111,138,148
23112,161,169
23113,57,61
23114,52,53
23115,3,3
23116,88,92
23117,39,42
23119,1,1
23120,27,27
23123,8,8
23124,19,19
23125,2,2
23126,6,7
23127,1,1
23128,3,3
23129,1,1
23131,1,1
23134,1,1
23138,6,6
23139,88,94
23140,26,26
23141,26,28
23146,7,8
23147,1,1
23148,9,10
23149,18,18
23150,63,66
23153,3,3
23156,8,8
23161,1,1
23162,1,1
23163,1,1
23165,1,1
23168,21,21
23175,7,7
23176,3,3
23177,4,4
23180,2,2
23181,25,27
23185,121,126
23187,1,1
23188,110,114
23189,1,1
23192,34,35
23193,1,1
23208,1,1
23213,1,1
23218,1,1
23219,22,23
23220,76,79
23221,36,40
23222,179,185
23223,327,332
23224,239,242
23225,208,216
23226,37,37
23227,119,122
23228,132,138
23229,114,122
23230,28,28
23231,200,208
23233,76,81
23234,218,223
23235,114,117
23236,124,128
23237,104,105
23238,65,66
23239,1,1
23244,1,1
23261,1,1
23268,1,1
23275,1,1
23294,61,63
23298,2,2
23301,8,8
23302,1,1
23303,5,5
23306,2,2
23307,3,3
23308,6,6
23310,15,15
23311,1,1
23314,32,34
23315,4,5
23316,11,11
23320,221,225
23321,119,121
23322,155,163
23323,179,182
23324,136,137
23325,75,78
23327,1,1
23328,1,1
23333,1,1
23335,1,1
23336,14,15
23337,1,1
23341,1,1
23347,9,9
23350,16,16
23354,1,1
23356,8,9
23357,3,3
23358,2,2
23359,3,4
23360,1,1
23369,1,1
23395,2,2
23398,1,1
23401,1,1
23404,1,1
23405,3,3
23407,2,2
23410,2,2
23413,2,2
23414,4,4
23415,3,3
23416,2,2
23417,25,26
23418,2,2
23420,13,13
23421,19,19
23422,1,1
23424,1,1
23425,1,1
23427,1,1
23428,1,1
23430,64,67
23431,1,1
23432,8,8
23433,5,5
23434,226,232
23435,104,106
23436,3,3
23437,24,25
23438,5,5
23439,2,2
23440,1,1
23441,3,4
23442,3,3
23443,1,1
23447,1,1
23451,86,88
23452,207,212
23453,124,130
23454,163,167
23455,152,155
23456,193,198
23457,12,12
23462,214,219
23463,1,1
23464,283,294
23465,1,1
23466,5,5
23467,2,2
23469,1,1
23471,1,1
23480,1,1
23486,1,1
23487,26,26
23501,3,3
23502,108,109
23503,101,103
23504,114,118
23505,95,98
23507,15,15
23508,37,39
23509,61,65
23510,15,15
23513,154,157
23517,16,16
23518,105,107
23523,53,53
23534,1,1
23541,2,2
23542,2,2
23553,1,1
23555,1,1
23580,1,1
23601,95,99
23602,139,144
23603,11,11
23604,4,4
23605,78,79
23606,75,78
23607,116,117
23608,189,192
23609,2,2
23612,1,1
23628,1,1
23633,1,1
23635,1,1
23651,2,2
23661,73,74
23662,30,32
23663,80,85
23664,35,35
23665,3,3
23666,259,269
23669,174,179
23670,1,1
23690,11,12
23692,56,58
23693,54,58
23696,10,10
23701,142,147
23702,47,47
23703,114,117
23704,97,97
23707,70,75
23708,1,1
23716,1,1
23737,1,1
23783,1,1
23790,1,1
23801,6,6
23802,1,1
23803,200,202
23804,3,3
23805,127,134
23813,1,1
23814,1,1
23821,13,13
23822,1,1
23824,34,34
23827,9,9
23828,7,7
23829,9,9
23830,9,10
23831,138,143
23832,153,158
23833,9,10
23834,98,103
23835,1,1
23836,51,52
23837,24,25
23838,58,60
23839,6,6
23840,12,14
23841,25,25
23842,29,29
23843,3,3
23844,7,8
23846,1,1
23847,93,95
23850,4,4
23851,73,75
23852,1,1
23856,11,11
23860,130,133
23866,6,6
23867,12,12
23868,27,27
23870,12,12
23872,6,6
23874,5,5
23875,59,62
23876,1,1
23878,6,6
23879,3,3
23881,10,11
23882,13,13
23883,11,11
23885,10,11
23887,4,4
23888,13,14
23889,4,4
23890,17,17
23891,2,2
23892,1,1
23893,3,3
23898,8,9
23899,1,1
23901,54,55
23902,1,1
23913,1,1
23915,5,5
23917,15,16
23919,15,15
23920,19,19
23921,7,7
23922,16,16
23923,9,9
23924,28,28
23927,12,13
23930,18,18
23932,1,1
23934,4,4
23936,18,18
23937,11,12
23942,5,5
23944,15,15
23947,15,17
23950,16,16
23952,1,1
23954,11,11
23958,17,17
23959,2,2
23960,12,12
23962,3,3
23963,2,2
23964,5,6
23966,13,13
23967,6,6
23968,2,2
23970,53,54
23974,16,16
23976,1,1
24001,1,1
24005,1,1
24011,3,3
24012,89,94
24013,20,21
24014,44,45
24015,39,41
24016,35,35
24017,136,136
24018,108,110
24019,97,98
24023,1,1
24031,1,1
24053,10,10
24054,21,21
24055,40,41
24058,1,1
24059,1,1
24060,65,67
24062,1,1
24064,9,9
24065,27,28
24066,10,11
24067,3,3
24069,11,11
24070,1,2
24072,5,5
24073,72,73
24076,4,4
24077,5,5
24078,26,28
24079,5,5
24081,1,1
24082,5,5
24083,16,18
24084,45,47
24085,6,6
24087,21,21
24088,13,14
24089,14,14
24090,16,16
24091,19,20
24092,5,5
24093,1,1
24095,12,14
24101,15,15
24102,9,9
24104,13,16
24105,1,1
24112,133,137
24114,2,2
24115,6,6
24120,4,4
24121,43,45
24122,10,10
24124,24,24
24126,1,1
24127,16,17
24128,8,8
24132,4,4
24133,7,7
24134,24,24
24136,19,20
24137,13,13
24138,3,4
24139,3,3
24141,50,51
24143,3,3
24147,6,6
24148,34,35
24149,11,13
24150,1,2
24151,57,60
24153,121,126
24162,12,14
24165,5,5
24167,1,1
24168,1,1
24171,15,16
24174,15,16
24175,26,27
24176,1,1
24179,65,67
24184,19,19
24185,2,2
24201,33,33
24202,23,23
24210,41,42
24211,25,25
24212,1,1
24216,7,7
24217,1,1
24219,21,21
24220,2,2
24221,2,2
24224,4,4
24225,5,5
24226,6,6
24228,23,24
24230,11,11
24236,7,7
24237,2,2
24239,2,3
24243,9,9
24244,17,19
24245,3,3
24246,1,1
24248,6,6
24250,4,4
24251,12,13
24256,11,11
24258,1,2
24260,29,30
24263,11,11
24265,3,3
24266,31,32
24271,8,8
24272,1,1
24273,18,18
24277,8,8
24279,12,13
24280,4,4
24281,5,5
24282,2,2
24283,5,5
24290,4,4
24292,2,3
24293,24,26
24301,56,59
24311,6,6
24312,6,6
24313,5,5
24314,3,4
24315,7,7
24317,13,14
24318,3,3
24319,17,17
24322,1,1
24324,4,4
24325,3,3
24326,3,3
24327,2,2
24328,9,9
24330,5,6
24333,51,52
24340,24,25
24343,30,32
24347,6,6
24348,9,9
24350,1,1
24351,2,2
24352,4,4
24354,44,45
24360,19,19
24361,12,12
24363,2,2
24365,1,1
24366,6,7
24368,16,17
24369,1,1
24370,22,22
24374,2,2
24375,2,2
24377,1,1
24379,1,1
24380,7,7
24381,12,13
24382,41,43
24398,1,1
24401,131,136
24402,1,1
24412,2,2
24413,2,2
24416,24,25
24417,1,1
24421,12,12
24422,18,18
24426,51,51
24430,12,12
24431,7,8
24433,2,2
24435,2,3
24436,1,1
24437,3,3
24439,2,2
24440,13,13
24441,13,13
24445,13,13
24448,2,2
24450,33,34
24455,1,1
24457,1,1
24458,2,2
24459,3,4
24460,4,4
24465,1,1
24467,11,12
24469,1,1
24471,5,5
24472,6,7
24473,2,2
24474,1,1
24476,2,2
24477,59,61
24479,3,3
24482,16,16
24483,5,6
24484,5,5
24485,1,1
24486,3,3
24487,1,1
24501,113,115
24502,109,112
24503,66,68
24504,47,49
24505,2,2
24506,1,1
24507,2,2
24517,31,31
24519,1,1
24520,12,13
24521,39,40
24522,40,41
24523,62,62
24525,1,1
24526,5,5
24527,14,14
24528,20,20
24529,7,7
24530,5,6
24531,37,38
24532,1,1
24534,8,8
24536,1,1
24538,19,19
24539,1,1
24540,153,158
24541,97,97
24549,10,10
24550,23,24
24551,68,69
24553,7,7
24554,16,16
24555,9,10
24556,5,6
24557,37,37
24558,31,32
24563,24,24
24565,2,2
24566,6,6
24569,8,8
24570,1,1
24571,9,10
24572,83,86
24574,14,14
24575,1,1
24576,2,2
24577,26,27
24578,1,1
24579,10,10
24580,1,1
24582,1,1
24586,22,23
24588,34,36
24589,11,11
24590,23,23
24592,70,73
24593,10,10
24594,11,11
24595,1,1
24597,9,9
24598,2,2
24602,3,3
24603,3,3
24604,2,2
24605,20,20
24606,1,1
24609,13,14
24612,5,6
24613,3,3
24614,13,14
24615,1,1
24620,7,9
24622,2,2
24624,1,1
24627,2,2
24628,2,2
24630,19,19
24631,6,6
24634,1,1
24635,3,3
24637,19,19
24639,11,11
24641,18,19
24646,1,2
24649,9,9
24651,19,20
24656,12,13
24657,1,1
24701,58,62
24706,1,1
24708,1,1
24710,1,1
24712,3,3
24714,1,1
24715,2,2
24724,1,1
24726,2,2
24731,1,1
24733,2,2
24736,1,1
24737,1,1
24739,22,24
24740,60,64
24741,1,1
24747,14,14
24790,1,1
24801,9,9
24802,1,1
24816,2,2
24817,2,2
24818,1,2
24822,1,1
24823,2,2
24826,1,1
24827,3,3
24828,1,1
24831,1,1
24836,1,1
24838,1,1
24839,1,1
24844,5,7
24845,1,1
24847,1,1
24849,2,2
24850,5,5
24851,3,3
24853,3,3
24856,1,1
24857,2,2
24860,1,1
24861,2,2
24862,2,2
24866,1,1
24867,1,1
24868,9,10
24869,2,2
24870,6,7
24872,4,4
24873,4,4
24874,10,11
24878,2,3
24879,1,1
24880,1,1
24881,2,2
24888,1,1
24901,27,28
24910,9,10
24916,3,3
24918,2,2
24920,3,4
24924,1,1
24925,4,4
24927,1,2
24931,3,3
24934,2,2
24935,2,2
24938,2,2
24941,6,6
24944,1,1
24945,1,1
24946,2,2
24951,2,2
24954,9,9
24957,2,2
24963,17,18
24966,2,2
24970,4,5
24976,3,4
24977,2,2
24981,2,2
24983,7,7
24986,22,24
24993,2,2
25003,12,12
25005,3,3
25008,1,1
25009,4,5
25011,2,2
25015,8,8
25024,2,2
25031,1,1
25033,11,12
25035,5,5
25036,2,3
25039,5,5
25040,3,3
25043,5,5
25044,1,1
25045,18,20
25047,3,3
25048,1,1
25049,1,1
25051,1,1
25053,12,12
25054,5,5
25057,2,2
25059,3,3
25061,2,2
25062,1,1
25063,5,5
25064,47,48
25067,6,6
25070,10,10
25071,28,28
25075,2,2
25076,1,1
25081,2,2
25082,4,4
25083,1,1
25085,6,6
25086,3,3
25090,1,1
25102,1,1
25103,2,2
25106,5,5
25107,2,2
25108,2,2
25109,2,2
25110,1,1
25111,1,1
25112,2,3
25114,1,2
25118,1,1
25121,2,2
25123,9,9
25124,3,3
25125,2,2
25130,9,9
25132,1,1
25133,1,1
25134,1,1
25136,3,3
25140,3,3
25141,1,1
25142,1,1
25143,30,32
25148,1,1
25152,1,1
25154,3,3
25156,2,2
25159,9,9
25160,1,1
25161,4,4
25162,3,3
25164,9,10
25165,2,2
25168,7,7
25169,1,1
25173,2,2
25174,2,2
25177,60,63
25181,1,1
25186,4,4
25202,5,5
25203,1,1
25206,2,2
25208,3,3
25213,13,13
25214,1,1
25230,1,1
25234,1,1
25235,2,2
25239,5,5
25241,7,7
25243,2,2
25244,1,1
25245,2,2
25248,5,5
25251,1,1
25252,4,4
25253,5,5
25259,2,2
25260,2,2
25261,1,1
25262,3,3
25264,3,3
25265,4,4
25266,3,4
25267,2,2
25268,1,1
25270,3,3
25271,21,23
25275,2,2
25276,20,20
25279,1,1
25285,2,2
25286,11,11
25287,4,4
25301,10,10
25302,55,57
25303,16,17
25304,23,25
25306,29,31
25309,43,43
25311,30,31
25312,25,26
25313,31,33
25314,50,53
25315,6,6
25320,25,25
25329,1,1
25357,1,1
25360,2,2
25387,15,15
25401,52,52
25402,3,3
25403,44,47
25404,48,51
25405,38,40
25411,43,46
25413,20,20
25414,65,72
25419,30,32
25420,11,11
25422,6,6
25423,1,1
25425,30,33
25427,42,44
25428,39,40
25430,37,40
25431,1,1
25434,6,6
25438,27,27
25441,1,1
25442,10,10
25443,14,14
25444,2,2
25446,5,5
25471,1,1
25487,1,1
25501,4,4
25502,4,4
25503,4,5
25504,35,37
25505,1,1
25506,8,10
25507,1,1
25508,21,21
25510,18,18
25511,7,7
25512,1,2
25514,20,20
25515,5,6
25517,2,2
25520,2,2
25521,3,3
25523,4,4
25524,6,8
25526,68,70
25529,1,1
25530,19,22
25534,1,1
25535,9,9
25537,8,8
25541,31,33
25545,13,14
25546,1,1
25547,2,2
25550,27,29
25555,7,8
25556,1,1
25557,4,5
25559,4,5
25560,22,24
25564,4,4
25565,1,1
25567,1,1
25570,14,14
25571,7,7
25572,1,1
25576,1,1
25601,16,16
25606,1,1
25607,1,1
25608,5,5
25611,2,2
25612,2,2
25613,1,1
25614,1,1
25617,3,3
25621,9,9
25624,2,2
25625,8,8
25628,1,1
25630,1,1
25632,2,2
25634,4,4
25635,5,5
25636,1,1
25637,3,3
25638,6,6
25639,4,4
25640,1,1
25644,2,2
25646,6,6
25647,2,2
25649,6,7
25651,7,7
25652,11,11
25653,1,1
25661,14,14
25667,3,3
25669,8,8
25670,17,18
25671,5,6
25672,1,1
25674,9,9
25676,5,5
25678,3,3
25690,2,2
25692,5,5
25696,6,6
25699,1,1
25701,58,60
25702,18,18
25703,7,7
25704,35,37
25705,58,61
25711,1,1
25759,2,2
25776,2,2
25801,110,114
25802,5,5
25811,2,2
25812,3,3
25813,25,27
25818,2,2
25823,6,6
25825,4,4
25827,14,14
25831,5,5
25832,15,15
25836,1,1
25839,3,3
25840,15,15
25841,3,3
25843,2,3
25844,4,4
25845,4,4
25846,4,5
25851,1,1
25855,1,1
25857,2,2
25865,5,5
25868,2,3
25871,3,3
25873,4,4
25875,1,1
25878,3,3
25880,12,12
25882,3,4
25901,44,45
25904,4,5
25907,1,1
25909,3,3
25915,1,1
25916,1,1
25917,11,11
25918,14,15
25919,2,2
25920,2,2
25921,7,7
25922,2,2
25927,1,1
25928,4,4
25932,1,1
25938,4,4
25943,2,2
25951,19,21
25958,4,4
25962,6,7
25969,1,1
25971,2,2
25972,1,1
25976,4,5
25978,3,3
25979,5,5
25981,6,6
25984,4,4
26003,109,110
26030,4,4
26031,2,2
26033,7,8
26034,18,18
26035,7,7
26037,18,19
26038,8,8
26039,2,2
26040,1,1
26041,43,44
26047,18,18
26050,7,8
26055,8,8
26056,2,2
26059,7,7
26060,2,2
26062,82,86
26070,30,30
26074,2,2
26075,1,2
26101,97,99
26102,1,1
26103,1,1
26104,43,44
26105,31,31
26126,1,1
26133,10,10
26134,2,2
26135,1,1
26136,4,5
26137,2,2
26141,1,1
26142,5,6
26143,9,10
26146,3,3
26147,9,10
26149,7,7
26150,18,21
26151,1,2
26155,23,23
26159,8,8
26160,1,2
26161,1,1
26162,1,1
26164,22,22
26167,2,2
26170,14,16
26175,10,11
26178,2,2
26180,7,7
26181,12,12
26184,4,4
26186,1,1
26187,22,27
26201,43,47
26202,2,2
26203,2,2
26205,14,14
26206,11,12
26208,1,1
26209,1,1
26210,1,1
26218,4,4
26220,1,1
26222,2,3
26224,2,2
26234,2,2
26235,1,1
26237,2,2
26238,1,1
26241,41,42
26250,14,14
26253,8,8
26257,3,3
26259,2,2
26260,2,2
26261,5,6
26263,1,1
26264,2,3
26269,2,2
26270,3,4
26272,1,1
26273,4,4
26275,1,1
26276,1,1
26280,3,3
26282,1,1
26283,4,5
26287,5,6
26288,14,15
26291,3,3
26292,4,4
26294,3,3
26296,1,1
26301,62,65
26302,2,2
26320,2,2
26323,2,2
26327,1,1
26330,34,35
26332,1,1
26335,1,1
26337,5,5
26338,4,4
26342,1,2
26344,1,1
26346,3,3
26347,4,4
26351,5,5
26354,22,24
26362,11,11
26369,2,2
26372,1,2
26374,5,5
26377,2,2
26378,7,7
26384,2,2
26385,14,15
26386,5,7
26404,1,1
26405,3,3
26407,1,1
26408,6,6
26410,2,2
26411,1,1
26413,1,1
26415,10,11
26416,17,18
26424,1,1
26425,2,2
26426,16,16
26431,21,22
26434,1,1
26437,1,1
26438,1,1
26440,2,3
26444,10,10
26447,2,2
26448,1,1
26451,2,2
26452,27,28
26456,2,2
26501,40,43
26504,1,1
26505,50,53
26506,2,2
26507,2,2
26508,77,81
26519,5,5
26520,4,4
26521,2,2
26525,12,13
26529,2,2
26531,4,4
26534,2,2
26537,13,14
26541,7,8
26542,4,4
26544,2,2
26547,5,6
26554,124,128
26555,1,1
26560,1,1
26562,1,1
26568,3,3
26570,9,9
26571,6,6
26572,1,1
26574,1,1
26575,1,1
26576,1,1
26581,4,4
26582,14,15
26585,1,1
26588,8,8
26590,2,2
26594,1,1
26601,13,13
26607,1,1
26610,3,3
26611,1,1
26617,2,2
26619,2,2
26623,4,4
26624,10,11
26627,2,2
26628,1,1
26635,1,1
26636,1,1
26638,1,1
26651,35,37
26656,2,2
26660,3,4
26662,6,6
26667,1,1
26669,1,1
26671,1,2
26675,1,1
26676,1,1
26679,7,7
26681,3,3
26690,2,2
26691,1,1
26701,1,1
26704,16,17
26705,2,2
26710,6,7
26711,8,8
26717,1,2
26719,3,3
26726,21,22
26739,3,3
26743,5,6
26753,13,14
26755,3,3
26757,17,17
26761,2,2
26763,6,6
26764,10,10
26766,1,1
26801,3,4
26802,2,2
26804,2,2
26807,7,7
26808,5,5
26810,1,1
26812,4,4
26814,2,2
26815,3,3
26817,2,3
26833,12,12
26836,13,14
26845,3,3
26847,10,10
26851,7,7
26855,3,3
26861,1,1
26865,1,1
26866,1,1
26884,2,2
26924,1,1
26940,1,1
26945,1,1
27004,1,1
27006,34,36
27007,8,9
27009,8,8
27011,7,7
27012,63,64
27013,17,17
27014,2,2
27015,1,1
27016,5,5
27017,30,30
27018,20,20
27019,9,9
27020,19,20
27021,39,39
27022,3,3
27023,28,29
27024,10,10
27025,31,33
27027,11,11
27028,71,74
27030,103,107
27040,35,35
27041,14,14
27042,2,2
27043,20,21
27045,27,28
27046,6,6
27047,3,3
27048,26,29
27049,1,1
27050,6,6
27051,14,14
27052,25,26
27053,8,8
27054,3,3
27055,38,38
27065,1,1
27071,1,1
27072,1,1
27078,1,1
27082,1,1
27091,1,1
27092,1,1
27101,61,62
27102,4,4
27103,105,107
27104,81,82
27105,203,206
27106,125,126
27107,151,153
27113,1,1
27117,1,1
27127,121,122
27137,1,1
27146,1,1
27184,1,1
27191,1,1
27193,1,1
27201,3,3
27203,61,64
27204,8,8
27205,67,74
27207,8,8
27208,2,2
27209,11,11
27210,1,1
27212,7,7
27214,38,38
27215,130,135
27216,3,3
27217,134,135
27221,1,1
27228,1,1
27229,12,12
27230,1,1
27231,4,4
27233,16,18
27234,1,1
27235,11,11
27239,20,21
27242,3,3
27243,11,11
27244,12,14
27248,12,13
27249,42,44
27250,2,2
27252,3,3
27253,92,98
27254,2,2
27258,22,22
27259,1,1
27260,88,90
27261,5,5
27262,52,54
27263,47,48
27265,148,151
27271,1,1
27272,1,1
27273,1,1
27278,94,98
27281,9,9
27282,60,61
27283,7,7
27284,143,144
27288,90,94
27289,1,1
27291,6,6
27292,130,136
27293,3,3
27295,85,85
27298,16,17
27299,12,12
27301,37,38
27302,104,106
27305,5,5
27306,19,20
27307,1,1
27310,12,13
27311,10,10
27312,57,59
27313,21,22
27314,2,3
27315,6,6
27316,17,19
27317,40,42
27320,122,128
27322,1,1
27323,1,1
27325,20,21
27326,9,10
27330,122,129
27331,8,8
27332,86,91
27333,1,1
27340,1,1
27341,9,9
27342,3,4
27343,1,1
27344,47,48
27349,11,13
27350,17,19
27351,3,3
27355,7,7
27356,4,4
27357,22,22
27358,27,29
27359,2,2
27360,128,129
27370,59,64
27371,21,21
27372,1,1
27374,2,2
27376,21,21
27377,30,32
27379,17,17
27397,1,1
27401,93,96
27402,5,5
27403,38,39
27404,2,2
27405,194,198
27406,234,240
27407,162,167
27408,38,39
27409,54,58
27410,120,122
27416,3,3
27417,1,1
27419,2,2
27420,1,1
27423,1,1
27451,1,1
27455,73,77
27461,1,1
27472,1,1
27495,1,1
27501,56,59
27502,74,74
27503,10,10
27504,44,44
27505,27,27
27506,2,2
27507,5,6
27508,6,6
27509,15,16
27510,27,27
27511,77,78
27512,1,1
27513,107,109
27514,44,45
27515,1,1
27516,66,70
27517,64,67
27518,40,42
27519,92,95
27520,110,118
27521,16,18
27522,50,54
27523,28,28
27524,23,25
27525,43,46
27526,146,152
27527,79,81
27528,4,4
27529,168,174
27530,110,113
27532,2,2
27533,2,2
27534,112,113
27535,1,1
27536,81,83
27537,67,68
27538,1,1
27539,59,59
27540,88,92
27541,16,17
27542,26,28
27543,1,1
27544,14,17
27545,104,106
27546,45,45
27549,74,76
27550,1,1
27551,3,3
27552,1,1
27553,6,6
27555,2,2
27556,2,2
27557,26,27
27559,4,4
27560,49,49
27562,20,20
27563,10,10
27565,111,113
27567,1,1
27568,1,1
27569,22,22
27571,16,18
27572,20,21
27573,33,33
27574,42,45
27575,1,1
27576,49,51
27577,77,78
27581,13,13
27582,4,4
27583,24,25
27584,1,1
27586,1,1
27587,177,190
27588,1,1
27589,30,32
27591,71,72
27592,48,48
27593,1,1
27594,3,3
27596,43,44
27597,90,95
27598,1,1
27601,17,17
27602,2,2
27603,133,141
27604,119,120
27605,17,17
27606,91,95
27607,43,43
27608,21,22
27609,74,74
27610,269,278
27611,2,2
27612,71,72
27613,92,98
27614,79,80
27615,100,103
27616,150,155
27617,52,52
27619,2,2
27620,4,4
27622,3,3
27623,1,1
27624,2,2
27625,2,2
27629,4,5
27631,1,1
27636,2,2
27649,1,1
27651,1,1
27652,1,1
27654,1,1
27656,2,2
27658,1,1
27661,3,3
27675,1,1
27683,1,1
27699,1,1
27701,82,84
27702,10,10
27703,222,228
27704,172,181
27705,140,147
27706,3,3
27707,178,187
27709,3,4
27710,7,7
27712,62,64
27713,188,191
27715,5,5
27717,6,6
27751,1,1
27801,112,117
27802,5,5
27803,85,89
27804,111,115
27805,16,17
27806,10,10
27807,14,14
27808,5,5
27809,19,19
27810,12,12
27811,2,2
27812,15,15
27813,3,3
27814,2,2
27816,11,11
27817,22,23
27818,8,8
27819,4,4
27820,10,10
27821,3,3
27822,24,26
27823,36,36
27824,6,6
27828,33,34
27829,4,4
27830,10,11
27831,13,13
27832,10,10
27833,1,1
27834,243,248
27835,3,3
27836,1,1
27837,14,14
27839,23,23
27840,2,2
27842,4,4
27843,7,7
27844,12,13
27845,8,9
27846,10,10
27847,6,6
27849,13,13
27850,27,27
27851,17,19
27852,20,20
27853,1,1
27855,29,30
27856,60,65
27857,5,5
27858,124,126
27860,9,10
27861,1,1
27862,3,3
27863,40,41
27864,24,24
27865,6,6
27866,1,1
27868,2,2
27869,7,8
27870,117,118
27871,20,21
27872,2,3
27874,24,24
27875,1,1
27876,7,7
27877,1,1
27878,3,3
27880,4,5
27881,3,3
27882,27,28
27883,9,9
27884,5,5
27885,5,7
27886,84,85
27888,6,6
27889,136,139
27890,16,18
27891,23,24
27892,58,58
27893,142,148
27894,3,4
27895,1,1
27896,71,74
27897,7,7
27898,1,1
27901,1,1
27906,3,3
27909,135,140
27910,56,58
27911,1,1
27912,1,1
27915,4,4
27916,3,3
27917,1,1
27919,4,4
27920,7,7
27921,12,12
27922,6,6
27923,2,2
27924,15,15
27925,8,8
27926,7,7
27927,3,3
27928,6,6
27929,5,5
27932,65,66
27935,5,6
27936,1,1
27937,19,20
27938,7,7
27939,8,8
27941,2,2
27942,1,1
27943,3,3
27944,26,26
27946,6,6
27947,4,5
27948,30,30
27949,17,17
27950,5,5
27953,3,3
27954,26,26
27956,2,2
27957,8,8
27958,26,27
27959,11,11
27960,2,2
27962,45,46
27964,1,1
27965,1,1
27966,2,2
27967,2,2
27968,2,2
27969,1,1
27970,14,14
27973,3,3
27974,6,7
27976,8,8
27978,1,1
27979,7,9
27980,9,9
27981,3,4
27983,37,38
27986,5,5
28001,66,69
28002,4,5
28006,8,8
28007,9,9
28009,4,4
28012,61,66
28013,1,1
28015,1,1
28016,47,48
28017,3,3
28018,14,14
28019,1,1
28020,10,11
28021,48,49
28023,38,38
28025,116,116
28026,1,1
28027,148,152
28031,54,55
28032,11,11
28033,10,10
28034,43,46
28036,27,27
28037,56,58
28038,2,2
28039,6,6
28040,20,20
28041,1,1
28042,3,3
28043,52,54
28051,1,1
28052,107,109
28053,3,3
28054,114,121
28056,83,85
28067,1,1
28070,3,3
28071,4,4
28072,4,4
28073,15,15
28075,47,48
28076,4,4
28077,2,2
28078,130,136
28079,104,108
28080,19,19
28081,65,67
28082,1,1
28083,60,62
28085,1,1
28086,90,93
28088,12,12
28090,22,22
28091,12,12
28092,96,97
28093,2,2
28097,11,11
28098,9,9
28101,3,3
28102,3,3
28103,33,34
28104,52,53
28105,104,106
28106,5,5
28107,18,19
28108,1,1
28110,114,117
28111,3,3
28112,73,74
28113,2,2
28114,16,16
28115,90,94
28117,90,92
28119,11,11
28120,76,80
28124,11,11
28125,5,5
28126,1,1
28127,27,28
28128,21,21
28129,14,14
28130,1,1
28133,12,12
28134,32,33
28135,11,12
28136,4,4
28137,5,6
28138,21,21
28139,41,42
28144,83,83
28145,7,7
28146,67,72
28147,80,80
28150,89,91
28151,3,3
28152,70,71
28159,8,8
28160,16,16
28163,6,8
28164,35,37
28166,29,29
28167,5,5
28168,40,41
28170,37,37
28172,1,1
28173,104,104
28174,31,31
28177,1,1
28201,1,1
28202,19,19
28203,25,25
28204,15,15
28205,115,116
28206,40,42
28207,11,11
28208,125,129
28209,40,40
28210,103,103
28211,43,43
28212,125,130
28213,140,142
28214,119,122
28215,220,227
28216,209,212
28217,78,81
28218,2,2
28219,1,1
28220,2,2
28223,1,1
28224,1,1
28225,2,2
28226,102,103
28227,160,165
28229,3,3
28233,1,1
28234,1,1
28235,1,1
28236,1,1
28237,1,1
28241,1,1
28244,1,1
28247,2,3
28251,1,1
28256,4,4
28258,2,2
28259,1,1
28262,118,120
28265,2,2
28266,1,1
28267,1,1
28268,1,1
28269,233,242
28270,53,54
28272,2,2
28273,117,119
28277,150,154
28278,81,82
28282,1,1
28297,1,1
28301,60,62
28302,5,5
28303,99,100
28304,128,134
28305,18,18
28306,104,107
28307,18,18
28308,1,1
28309,2,2
28311,123,124
28312,53,56
28314,176,182
28315,38,39
28318,8,9
28320,21,22
28323,13,13
28326,30,32
28327,41,41
28328,80,84
28329,6,6
28330,2,2
28331,2,2
28332,2,2
28333,36,37
28334,75,76
28335,3,3
28337,45,45
28338,11,11
28339,24,25
28340,40,41
28341,13,13
28343,10,10
28344,9,9
28345,41,41
28347,7,7
28348,97,101
28349,16,16
28350,5,5
28351,8,8
28352,74,79
28353,7,7
28355,2,2
28356,18,18
28357,6,6
28358,93,95
28359,9,9
28360,43,43
28362,3,3
28363,1,1
28364,42,42
28365,20,21
28366,17,17
28367,2,2
28368,3,3
28369,4,4
28370,4,4
28371,24,25
28372,57,59
28373,5,5
28374,38,38
28376,135,137
28377,32,32
28378,2,3
28379,68,73
28380,2,2
28382,19,20
28383,31,31
28384,36,38
28385,4,4
28386,20,21
28387,43,45
28388,2,2
28390,59,59
28391,22,23
28392,5,5
28393,9,9
28394,9,10
28395,6,7
28396,12,12
28398,20,22
28399,3,4
28401,69,71
28402,4,4
28403,73,73
28405,76,80
28406,3,3
28407,2,2
28408,2,2
28409,59,61
28411,87,89
28412,99,100
28416,1,1
28420,7,8
28421,5,5
28422,17,17
28423,11,12
28424,2,2
28425,36,37
28428,16,16
28429,29,29
28430,9,10
28431,27,28
28432,2,2
28433,20,21
28434,10,10
28435,14,14
28436,4,4
28437,1,1
28438,6,7
28439,4,5
28441,5,5
28442,6,6
28443,42,43
28444,14,14
28445,17,17
28447,5,5
28448,2,2
28449,1,1
28450,10,10
28451,105,109
28453,18,18
28454,9,9
28455,4,4
28456,24,25
28457,19,19
28458,22,25
28459,5,5
28460,19,19
28461,62,64
28462,33,33
28463,35,36
28464,18,19
28465,17,17
28466,40,40
28467,32,33
28468,12,12
28469,20,20
28470,24,25
28472,57,57
28478,26,26
28479,13,13
28480,5,5
28501,95,98
28502,3,3
28503,3,3
28504,77,79
28508,3,3
28509,1,1
28510,2,2
28511,2,2
28512,5,5
28513,39,40
28515,8,8
28516,35,35
28518,19,19
28519,3,3
28521,4,4
28523,10,10
28524,1,1
28525,7,7
28526,13,13
28527,1,1
28528,1,1
28529,6,6
28530,27,27
28531,5,5
28532,69,72
28533,2,2
28537,1,1
28538,6,6
28539,32,34
28540,102,106
28541,3,3
28543,1,1
28544,16,16
28546,110,113
28547,8,8
28551,47,48
28552,1,1
28554,1,1
28555,32,33
28556,3,3
28557,39,41
28560,96,99
28561,7,7
28562,94,97
28563,2,2
28564,1,1
28567,1,1
28570,59,64
28571,7,9
28572,14,14
28573,13,13
28574,43,44
28577,1,1
28578,9,9
28579,1,1
28580,39,39
28581,1,1
28582,5,5
28584,35,36
28585,14,15
28586,36,36
28587,2,2
28589,1,1
28590,91,96
28593,1,1
28594,9,9
28601,140,145
28602,75,75
28603,4,4
28604,15,16
28605,6,6
28606,6,6
28607,39,40
28608,1,1
28609,14,15
28610,31,32
28612,36,36
28613,74,77
28614,1,1
28615,2,2
28616,2,2
28617,2,2
28618,7,7
28619,4,4
28621,17,17
28622,4,4
28623,7,7
28624,3,3
28625,103,104
28626,9,10
28627,4,4
28628,4,4
28629,1,1
28630,56,57
28631,4,4
28634,12,13
28635,4,4
28636,12,14
28637,5,5
28638,18,18
28640,7,7
28641,1,1
28642,20,20
28643,5,5
28644,2,2
28645,110,116
28646,1,1
28649,1,1
28650,40,40
28651,14,15
28652,1,1
28654,10,10
28655,136,141
28657,14,14
28658,81,83
28659,38,38
28660,2,2
28661,1,1
28664,1,1
28665,7,7
28666,3,3
28667,2,2
28669,10,11
28670,10,10
28671,2,2
28672,1,1
28673,25,26
28675,10,10
28676,9,9
28677,81,81
28678,14,14
28679,6,6
28680,7,8
28681,66,68
28682,6,6
28683,3,3
28684,3,3
28685,7,7
28687,1,1
28689,7,7
28690,26,26
28691,2,2
28692,10,10
28693,7,7
28694,18,18
28697,31,32
28698,1,1
28701,7,7
28702,3,3
28704,38,38
28705,7,8
28707,1,1
28708,2,2
28709,5,5
28711,29,30
28712,40,43
28713,18,19
28714,34,34
28715,68,73
28716,51,51
28717,7,7
28719,55,57
28720,1,1
28721,23,23
28722,4,4
28723,13,13
28724,1,1
28725,1,1
28726,4,4
28727,1,1
28728,5,5
28729,10,10
28730,13,14
28731,12,13
28732,26,27
28734,53,56
28735,1,1
28736,2,2
28739,47,47
28740,5,6
28741,5,5
28742,8,9
28743,1,1
28744,3,3
28745,3,3
28746,6,6
28747,2,2
28748,24,25
28751,15,16
28752,66,68
28753,16,16
28754,14,14
28755,1,1
28756,11,11
28757,1,1
28758,2,2
28759,15,16
28760,2,2
28761,25,26
28762,18,19
28763,5,6
28766,2,2
28768,18,19
28771,19,19
28772,2,2
28773,6,6
28774,3,3
28775,2,3
28776,1,1
28777,19,20
28778,25,26
28779,46,47
28781,3,3
28782,10,10
28783,2,2
28785,14,14
28786,61,62
28787,43,45
28788,3,4
28789,19,19
28790,4,5
28791,30,31
28792,50,52
28793,3,3
28801,33,33
28802,3,3
28803,55,55
28804,46,47
28805,47,51
28806,93,93
28813,1,1
28814,2,2
28815,1,1
28816,4,4
28828,1,1
28851,1,1
28858,1,1
28864,1,1
28880,1,1
28882,1,1
28901,4,4
28902,5,5
28903,1,1
28904,14,15
28905,5,6
28906,43,44
28909,3,4
29001,13,13
29002,1,1
29003,33,33
29006,32,32
29009,9,10
29010,35,36
29014,6,6
29015,8,9
29016,84,85
29018,24,24
29020,91,93
29030,3,3
29031,12,12
29032,9,10
29033,42,43
29036,46,49
29038,9,9
29039,12,12
29040,25,26
29042,20,20
29044,24,24
29045,89,93
29047,16,16
29048,24,25
29051,5,5
29052,16,16
29053,57,59
29054,35,35
29055,15,15
29056,7,7
29058,16,17
29059,35,35
29061,74,75
29063,108,110
29065,1,1
29067,28,28
29069,9,9
29070,58,58
29071,4,4
29072,128,132
29073,127,131
29074,1,1
29075,10,10
29078,56,63
29079,4,4
29080,19,20
29081,3,3
29082,2,2
29092,2,2
29098,1,1
29101,7,7
29102,68,69
29104,6,6
29105,14,14
29106,1,1
29107,12,12
29108,69,71
29111,7,9
29112,26,26
29113,3,4
29114,4,4
29115,110,115
29116,4,4
29118,64,66
29123,23,24
29125,12,13
29126,9,9
29127,31,31
29128,23,23
29129,9,9
29130,22,22
29132,2,3
29133,3,3
29135,33,33
29137,8,8
29138,35,35
29142,21,24
29145,1,1
29146,5,5
29148,28,28
29150,130,131
29151,8,8
29152,1,1
29153,56,57
29154,87,92
29158,1,1
29160,34,35
29161,45,45
29162,10,12
29163,4,4
29164,18,18
29166,1,1
29168,12,12
29169,62,65
29170,70,75
29171,2,2
29172,27,29
29175,3,3
29177,1,1
29178,10,10
29180,59,60
29201,30,31
29202,8,9
29203,183,184
29204,76,81
29205,52,55
29206,53,58
29208,1,1
29209,152,155
29210,122,124
29211,1,1
29212,100,102
29217,1,1
29221,5,5
29223,222,224
29224,2,2
29229,179,184
29230,2,2
29240,1,1
29250,1,1
29255,1,1
29259,1,1
29261,1,1
29270,1,1
29290,2,2
29301,79,82
29302,35,35
29303,43,45
29304,4,5
29305,2,2
29306,30,30
29307,30,31
29316,68,70
29320,4,4
29321,7,7
29322,17,18
29323,36,39
29325,43,43
29329,2,2
29330,17,17
29331,1,1
29332,14,14
29333,2,2
29334,29,30
29335,14,15
29339,1,1
29340,48,48
29341,51,51
29342,2,2
29343,1,1
29349,69,72
29351,3,3
29353,8,9
29355,1,1
29356,27,27
29360,59,60
29364,3,3
29365,32,33
29368,1,1
29369,40,40
29370,6,6
29372,13,13
29373,2,2
29374,5,6
29375,1,1
29376,25,26
29379,48,50
29381,1,1
29384,13,13
29385,25,26
29388,37,38
29393,1,1
29401,22,22
29402,2,2
29403,69,69
29404,2,2
29405,109,109
29406,86,86
29407,124,131
29410,42,42
29412,123,129
29413,3,3
29414,119,123
29416,2,2
29417,1,1
29418,112,119
29419,1,1
29420,76,77
29422,3,3
29423,7,7
29425,2,2
29426,6,6
29429,14,14
29431,20,21
29432,13,13
29434,3,3
29435,12,12
29436,27,28
29437,14,14
29438,13,14
29439,10,11
29440,136,141
29442,3,3
29445,211,218
29446,7,7
29448,5,6
29449,37,39
29450,21,21
29451,7,7
29452,3,3
29453,5,5
29455,107,108
29456,109,115
29457,5,6
29458,15,15
29461,158,161
29464,116,122
29465,5,5
29466,76,82
29468,12,12
29469,1,1
29470,16,16
29471,6,7
29472,30,30
29474,2,2
29475,8,8
29476,2,2
29477,26,27
29478,1,1
29479,36,38
29481,6,6
29482,3,3
29483,218,226
29484,4,4
29485,170,176
29486,74,76
29487,17,17
29488,82,85
29492,30,31
29501,118,119
29502,4,4
29503,3,3
29504,4,4
29505,65,66
29506,85,86
29510,53,54
29511,17,18
29512,64,67
29516,3,3
29518,2,2
29519,2,2
29520,40,44
29521,1,1
29525,14,14
29526,120,124
29527,75,80
29528,3,3
29530,12,12
29532,51,51
29536,52,57
29540,16,17
29541,29,30
29543,5,5
29544,16,18
29545,6,6
29546,7,7
29547,12,12
29550,95,96
29551,6,6
29554,31,32
29555,20,20
29556,45,46
29558,1,1
29560,49,50
29563,5,5
29564,6,6
29565,22,22
29566,53,54
29568,55,56
29569,62,65
29570,10,10
29571,53,55
29572,18,20
29574,35,35
29575,58,61
29576,89,90
29577,76,76
29578,5,5
29579,117,125
29580,4,4
29581,12,12
29582,57,58
29583,14,14
29584,11,12
29585,48,50
29587,3,4
29588,119,124
29590,8,8
29591,14,15
29592,2,2
29593,6,6
29594,2,2
29596,6,6
29597,3,3
29598,1,1
29601,27,27
29602,3,3
29603,1,1
29604,1,1
29605,127,129
29606,4,4
29607,107,108
29608,1,1
29609,60,62
29610,2,2
29611,79,81
29612,1,1
29613,1,1
29614,2,2
29615,64,64
29616,1,1
29617,70,73
29620,58,58
29621,117,117
29622,5,5
29623,2,2
29624,49,49
29625,99,101
29626,35,37
29627,63,64
29628,13,15
29630,37,37
29631,20,20
29632,1,1
29635,5,5
29636,1,1
29638,12,12
29639,9,9
29640,82,84
29641,4,4
29642,71,73
29643,10,10
29644,60,60
29645,27,28
29646,90,92
29648,2,2
29649,68,70
29650,56,61
29651,121,127
29652,1,1
29653,14,14
29654,35,37
29655,17,17
29657,38,38
29658,3,3
29660,1,1
29661,12,13
29662,57,58
29664,2,2
29666,27,30
29667,2,2
29669,41,43
29670,27,28
29671,45,48
29672,31,32
29673,71,72
29675,1,1
29676,17,17
29677,1,1
29678,59,59
29679,3,3
29680,89,92
29681,115,118
29682,9,10
29684,13,13
29685,8,8
29686,2,2
29687,107,114
29689,11,12
29690,62,66
29691,20,20
29692,15,16
29693,28,28
29696,10,10
29697,31,32
29702,23,24
29703,2,3
29704,10,12
29706,68,70
29707,48,48
29708,57,60
29709,13,14
29710,72,75
29712,8,9
29714,7,7
29715,77,78
29716,4,4
29717,4,4
29718,9,10
29720,145,154
29721,3,3
29726,7,7
29727,3,3
29728,19,19
29729,8,8
29730,162,164
29731,3,3
29732,178,182
29739,1,1
29740,1,1
29741,6,7
29742,9,10
29743,5,5
29744,2,2
29745,76,79
29761,1,1
29765,1,1
29795,1,1
29801,105,109
29802,8,8
29803,102,103
29804,2,2
29805,21,24
29807,1,1
29808,1,1
29809,6,6
29810,25,25
29812,42,42
29813,1,1
29816,1,1
29817,28,28
29819,7,7
29821,1,1
29822,5,5
29824,15,16
29826,1,1
29827,10,10
29828,3,3
29829,29,30
29831,9,9
29832,22,22
29834,6,7
29835,24,25
29836,3,4
29838,2,2
29839,1,1
29841,96,102
29842,33,33
29843,3,3
29845,7,8
29847,19,20
29848,3,3
29849,1,1
29851,25,25
29853,27,28
29856,7,8
29860,47,49
29861,2,2
29895,3,3
29901,4,4
29902,35,36
29903,2,2
29905,2,2
29906,73,75
29907,29,29
29909,56,60
29910,106,111
29911,6,6
29915,2,2
29916,6,6
29918,14,14
29920,38,40
29921,2,2
29922,10,10
29923,4,4
29924,17,17
29925,7,7
29926,56,58
29927,43,43
29928,33,34
29929,5,5
29931,2,2
29932,1,1
29934,4,4
29935,10,10
29936,58,60
29938,2,3
29940,13,13
29941,5,5
29943,5,5
29944,19,19
29945,21,22
30000,3,3
30002,18,18
30003,2,2
30004,129,132
30005,56,56
30006,4,4
30007,1,1
30008,83,87
30009,28,29
30010,1,1
30011,42,43
30012,115,119
30013,113,118
30014,125,129
30015,12,13
30016,263,275
30017,71,72
30018,3,3
30019,135,142
30021,86,86
30022,143,146
30023,3,3
30024,152,155
30025,36,36
30026,1,1
30028,52,53
30029,2,2
30030,65,65
30031,1,1
30032,220,228
30033,73,73
30034,251,256
30035,92,94
30036,3,3
30037,3,3
30038,187,194
30039,176,180
30040,165,173
30041,127,129
30042,3,3
30043,251,260
30044,270,276
30045,146,150
30046,69,72
30047,178,182
30048,2,2
30052,207,217
30053,2,2
30054,37,40
30055,16,17
30056,8,8
30058,295,304
30059,2,2
30060,100,105
30061,5,5
30062,157,165
30064,157,161
30065,1,1
30066,147,154
30067,117,118
30068,54,58
30069,1,1
30070,1,2
30071,63,65
30072,2,2
30073,1,2
30074,4,4
30075,137,142
30076,103,104
30077,2,2
30078,124,125
30079,11,13
30080,108,110
30081,1,1
30082,74,76
30083,240,244
30084,111,115
30085,3,3
30086,2,2
30087,158,161
30088,136,142
30089,1,1
30090,1,1
30091,1,1
30092,86,87
30093,136,139
30094,155,163
30096,189,197
30097,101,104
30098,1,1
30100,1,1
30101,143,147
30102,118,122
30103,44,45
30104,21,21
30105,5,6
30106,79,82
30107,45,45
30108,21,23
30109,1,1
30110,36,38
30112,5,5
30113,18,21
30114,136,143
30115,97,101
30116,71,73
30117,85,86
30120,106,112
30121,70,71
30122,103,105
30123,3,3
30124,12,12
30125,64,66
30126,127,129
30127,235,240
30129,1,1
30130,2,2
30132,119,121
30133,2,2
30134,141,146
30135,229,236
30137,7,9
30139,8,9
30141,82,83
30142,1,1
30143,65,66
30144,108,111
30145,26,28
30146,2,3
30147,13,13
30148,4,4
30150,1,1
30151,1,1
30152,130,136
30153,43,43
30154,2,3
30156,1,1
30157,133,140
30161,85,86
30162,3,3
30164,1,1
30165,110,114
30166,2,2
30167,1,1
30168,74,75
30169,2,2
30170,17,17
30171,10,10
30172,2,2
30173,19,19
30175,16,18
30176,20,20
30177,3,3
30178,8,8
30179,46,47
30180,97,99
30181,1,1
30182,9,9
30183,10,10
30184,16,17
30185,18,19
30186,2,2
30187,23,24
30188,163,173
30189,102,109
30194,1,1
30196,1,1
30201,1,1
30204,46,47
30205,10,12
30206,4,4
30209,1,1
30210,2,2
30212,2,2
30213,176,181
30214,120,124
30215,108,117
30216,8,8
30217,21,23
30218,10,10
30219,2,2
30220,19,25
30221,1,1
30222,17,18
30223,110,112
30224,80,83
30228,199,204
30229,1,1
30230,23,24
30233,51,53
30234,6,6
30235,1,1
30236,184,190
30237,7,7
30238,164,168
30240,112,118
30241,73,74
30244,1,1
30248,101,105
30250,1,1
30251,9,9
30252,151,158
30253,216,224
30256,5,6
30257,16,18
30258,8,8
30259,13,13
30260,76,78
30262,1,1
30263,165,173
30264,1,1
30265,106,109
30268,29,30
30269,90,94
30271,3,3
30272,2,2
30273,69,70
30274,145,149
30276,46,49
30277,56,57
30280,1,1
30281,296,305
30284,3,4
30285,3,3
30286,73,77
30288,45,45
30289,2,2
30290,28,29
30291,78,80
30292,19,20
30293,13,15
30294,218,220
30295,8,9
30296,145,147
30297,84,86
30298,1,1
30301,1,1
30302,4,4
30303,7,7
30305,42,42
30306,32,32
30307,36,36
30308,41,41
30309,57,59
30310,92,94
30311,137,142
30312,51,52
30313,12,12
30314,51,52
30315,107,110
30316,98,98
30317,45,45
30318,122,128
30319,68,71
30320,2,2
30321,4,4
30322,7,7
30323,1,1
30324,75,77
30325,3,3
30326,17,19
30327,41,46
30328,76,80
30329,49,49
30331,242,243
30334,3,3
30335,1,1
30336,2,2
30337,36,37
30338,66,67
30339,54,58
30340,67,71
30341,89,94
30342,48,49
30343,2,2
30344,133,134
30345,54,55
30346,8,9
30349,338,343
30350,84,85
30353,1,1
30354,49,52
30355,1,1
30356,1,1
30357,2,2
30359,3,3
30360,19,21
30363,5,5
30364,1,1
30367,1,1
30374,1,1
30377,1,2
30392,1,1
30395,1,1
30399,1,1
30401,49,50
30410,9,9
30411,5,5
30413,3,3
30414,1,1
30415,20,20
30417,33,33
30420,3,3
30421,15,15
30423,3,3
30425,3,3
30426,3,3
30427,31,31
30428,9,9
30429,4,4
30434,34,35
30436,26,26
30439,24,24
30441,7,7
30442,29,29
30445,7,7
30446,8,10
30450,15,15
30451,2,2
30452,4,4
30453,15,15
30454,3,4
30455,2,2
30456,12,13
30457,12,14
30458,82,82
30459,4,4
30460,1,1
30461,46,46
30464,1,1
30467,38,38
30470,1,1
30471,11,11
30473,9,10
30474,54,56
30475,4,4
30477,16,16
30487,1,1
30501,71,73
30503,5,5
30504,49,52
30506,128,133
30507,71,75
30510,17,18
30511,10,10
30512,49,51
30513,25,26
30514,10,10
30515,1,1
30516,6,6
30517,37,40
30518,127,136
30519,146,148
30520,10,10
30521,15,16
30522,5,5
30523,38,38
30524,1,1
30525,20,21
30527,11,11
30528,44,45
30529,34,34
30530,12,13
30531,23,25
30533,69,72
30534,72,76
30535,22,23
30536,19,20
30537,1,1
30538,6,7
30539,1,1
30540,60,62
30541,8,9
30542,100,103
30543,20,22
30545,5,5
30546,23,24
30547,7,7
30548,59,64
30549,62,64
30552,8,8
30553,24,26
30554,21,23
30555,5,5
30557,10,11
30558,17,17
30559,12,12
30560,13,16
30562,2,2
30563,9,10
30564,11,11
30565,17,18
30566,30,31
30567,13,15
30568,4,4
30569,1,1
30571,9,9
30572,3,3
30575,4,5
30576,5,5
30577,65,72
30579,1,1
30581,1,1
30582,9,10
30592,1,1
30601,55,55
30603,1,1
30604,3,3
30605,62,64
30606,111,113
30607,36,37
30608,5,5
30619,1,1
30620,42,42
30621,16,16
30622,32,33
30623,2,2
30624,7,7
30625,7,8
30626,1,1
30627,9,9
30628,15,16
30629,12,12
30630,8,8
30631,5,5
30633,16,16
30634,7,7
30635,63,67
30638,1,1
30640,1,1
30641,5,5
30642,55,57
30643,64,64
30646,23,24
30647,3,3
30648,13,14
30650,41,43
30655,82,83
30656,53,59
30660,3,3
30662,18,19
30663,10,12
30665,1,1
30666,34,35
30667,2,2
30668,7,7
30669,10,10
30673,33,34
30675,1,1
30677,53,55
30678,5,5
30680,111,115
30683,23,24
30701,106,112
30703,3,3
30704,1,1
30705,80,89
30706,2,2
30707,40,42
30708,1,1
30710,20,20
30711,10,10
30719,4,4
30720,67,72
30721,100,106
30722,1,1
30724,1,1
30725,11,11
30727,1,1
30728,42,44
30730,6,7
30731,6,6
30733,5,5
30734,6,7
30735,17,17
30736,98,101
30737,1,1
30738,13,13
30739,15,16
30740,25,26
30741,81,87
30742,15,15
30746,5,5
30747,45,48
30749,1,1
30750,4,4
30751,1,1
30752,16,17
30753,18,19
30755,21,21
30757,4,6
30801,2,2
30802,22,25
30803,1,1
30805,12,12
30808,14,14
30809,97,99
30810,3,3
30812,1,1
30813,111,117
30814,28,29
30815,210,214
30816,9,10
30817,18,18
30818,1,1
30820,4,5
30821,4,5
30823,4,4
30824,68,70
30826,1,1
30828,17,18
30830,61,61
30832,1,1
30833,22,23
30876,1,1
30900,1,1
30901,70,72
30903,2,2
30904,83,85
30905,7,7
30906,271,279
30907,175,181
30909,142,144
30914,1,1
30916,5,6
30919,4,4
30973,1,1
31001,4,4
31002,6,7
31005,53,57
31006,17,17
31007,3,3
31008,67,70
31009,2,2
31011,1,1
31012,3,3
31013,1,1
31014,34,34
31015,59,60
31016,3,3
31017,4,4
31018,5,5
31019,5,5
31020,13,13
31021,105,106
31022,3,3
31023,46,46
31024,68,73
31025,3,3
31026,2,2
31027,27,27
31028,28,30
31029,51,52
31030,65,65
31031,18,19
31032,31,31
31033,8,9
31034,6,6
31035,4,4
31036,37,37
31037,6,6
31038,2,2
31040,9,9
31041,1,1
31042,6,7
31043,1,1
31044,13,13
31046,9,10
31047,29,31
31049,4,4
31050,3,3
31052,35,37
31053,1,1
31054,6,7
31055,15,15
31057,4,4
31058,3,3
31059,5,6
31060,7,7
31061,128,134
31063,20,21
31064,32,34
31065,7,7
31066,3,3
31067,1,1
31068,10,11
31069,60,63
31070,5,5
31071,1,1
31075,7,7
31076,11,11
31077,4,4
31078,14,14
31079,6,8
31081,1,1
31082,42,43
31085,1,1
31087,40,40
31088,152,160
31089,19,19
31090,4,4
31091,8,8
31092,10,10
31093,89,90
31094,4,5
31096,14,14
31097,7,7
31098,6,6
31099,3,4
31131,1,1
31139,4,4
31141,1,1
31146,1,1
31156,1,1
31201,24,25
31202,2,2
31203,1,1
31204,107,111
31205,1,1
31206,96,101
31207,1,1
31208,4,4
31209,4,4
31210,101,102
31211,52,52
31216,42,42
31217,78,79
31219,1,1
31220,55,56
31221,1,1
31231,1,1
31301,6,7
31302,17,17
31303,14,14
31304,1,1
31305,30,32
31307,5,5
31308,21,21
31309,4,5
31310,5,5
31312,49,50
31313,108,111
31314,2,2
31315,9,9
31316,27,29
31318,3,3
31320,39,40
31321,23,24
31322,61,63
31323,5,5
31324,51,53
31326,54,58
31328,9,9
31329,20,20
31331,19,20
31333,2,2
31368,1,1
31401,39,39
31402,2,2
31403,1,1
31404,94,95
31405,106,111
31406,114,122
31407,34,35
31408,23,23
31409,1,1
31410,63,65
31411,22,22
31412,2,2
31413,1,1
31414,3,3
31415,41,42
31416,2,2
31418,2,2
31419,157,161
31420,1,1
31432,1,1
31501,58,60
31502,4,4
31503,52,54
31505,1,1
31510,30,32
31512,5,6
31513,54,55
31515,4,4
31516,41,44
31518,1,1
31519,5,5
31520,81,83
31521,1,1
31522,55,57
31523,44,48
31524,1,1
31525,101,104
31527,5,5
31530,1,1
31532,1,1
31533,57,59
31534,6,6
31535,25,27
31537,17,18
31539,28,28
31542,12,12
31543,21,22
31544,2,2
31545,59,62
31546,27,29
31548,63,65
31549,5,5
31550,1,1
31551,1,1
31552,2,2
31553,15,15
31554,19,19
31555,9,9
31557,13,13
31558,60,62
31560,17,18
31562,7,8
31563,4,4
31565,8,8
31566,9,11
31567,2,2
31568,6,7
31569,14,15
31576,1,1
31580,1,1
31588,1,1
31598,8,8
31601,90,91
31602,80,84
31603,4,4
31604,4,4
31605,54,58
31606,7,8
31609,1,1
31620,24,27
31621,1,1
31622,3,4
31623,1,1
31624,3,3
31625,3,3
31626,10,11
31629,4,4
31630,2,2
31631,2,2
31632,25,26
31634,22,24
31635,23,26
31636,23,23
31637,6,7
31638,6,6
31639,27,28
31641,8,9
31642,12,13
31643,26,26
31645,16,18
31647,12,12
31648,3,3
31649,4,4
31650,7,7
31701,60,63
31702,4,4
31703,2,2
31705,109,112
31706,3,3
31707,81,83
31708,3,4
31709,48,48
31711,3,3
31712,6,6
31714,18,20
31716,10,11
31719,28,29
31720,3,3
31721,76,76
31723,2,2
31728,2,2
31730,25,26
31733,6,7
31735,1,1
31737,1,1
31738,6,6
31742,1,1
31743,6,7
31744,8,8
31747,1,1
31749,1,1
31750,51,51
31756,3,3
31757,29,29
31763,83,85
31764,4,5
31765,6,7
31766,1,1
31768,59,62
31771,13,14
31772,1,1
31773,8,8
31774,19,21
31775,4,4
31776,7,8
31778,7,7
31779,25,25
31780,6,7
31781,3,3
31782,1,2
31783,1,1
31784,2,2
31786,1,1
31787,5,5
31788,18,20
31789,5,5
31790,4,4
31791,41,42
31792,80,84
31793,23,25
31794,65,68
31795,4,4
31796,2,2
31798,4,4
31799,3,3
31801,9,11
31803,16,17
31804,16,17
31805,11,11
31806,8,8
31807,5,5
31808,35,35
31810,1,1
31811,10,12
31812,1,1
31815,5,5
31816,20,20
31820,32,34
31822,19,19
31823,2,2
31824,7,7
31825,4,4
31826,1,1
31827,5,5
31829,11,11
31830,5,6
31831,11,11
31833,24,24
31836,5,5
31865,1,1
31878,1,1
31901,13,13
31902,4,4
31903,73,76
31904,78,82
31905,7,8
31906,77,81
31907,204,208
31908,1,1
31909,94,99
31914,1,1
31989,1,1
32003,76,81
32004,4,4
32007,1,1
32008,21,22
32009,8,9
32011,53,55
32014,1,1
32023,1,1
32024,42,43
32025,45,46
32033,23,23
32034,108,114
32035,6,6
32038,28,31
32040,21,22
32041,5,5
32043,79,83
32044,6,8
32046,26,27
32050,1,1
32052,16,17
32053,6,6
32054,25,27
32055,56,57
32056,8,8
32058,12,12
32059,12,13
32060,48,51
32062,12,13
32063,33,34
32064,17,17
32065,116,121
32066,14,15
32067,2,2
32068,163,171
32069,1,1
32071,6,6
32072,1,1
32073,143,146
32078,1,1
32079,2,2
32080,72,75
32081,41,42
32082,93,100
32083,7,7
32084,86,92
32085,5,5
32086,85,91
32087,15,15
32091,55,56
32092,94,99
32093,1,1
32094,8,8
32095,33,33
32096,8,9
32097,58,61
32102,8,8
32104,1,1
32110,24,25
32112,20,20
32113,13,13
32114,106,111
32115,2,2
32116,1,1
32117,77,80
32118,47,49
32119,53,55
32120,2,2
32123,1,1
32124,24,24
32126,1,1
32127,91,97
32128,48,49
32129,51,52
32130,18,19
32131,14,15
32132,23,23
32134,26,27
32135,8,8
32136,31,31
32137,152,159
32138,2,2
32139,2,2
32140,6,7
32141,49,53
32145,14,15
32147,4,5
32148,21,23
32157,1,1
32158,4,5
32159,70,74
32160,1,1
32162,128,132
32163,44,48
32164,164,170
32168,86,91
32169,30,31
32170,2,2
32173,3,3
32174,156,163
32175,1,1
32176,35,35
32177,83,84
32178,5,5
32179,18,20
32180,5,5
32181,11,12
32182,2,2
32183,4,5
32187,12,13
32189,17,18
32190,1,1
32192,3,3
32193,4,4
32195,11,11
32201,1,1
32202,16,16
32203,5,5
32204,24,25
32205,98,98
32206,73,73
32207,105,107
32208,211,218
32209,214,224
32210,229,244
32211,126,131
32212,4,4
32213,1,1
32214,2,2
32216,137,139
32217,60,62
32218,275,290
32219,60,61
32220,50,50
32221,123,127
32222,49,50
32223,63,68
32224,123,130
32225,168,170
32226,67,71
32227,4,4
32228,2,2
32231,1,1
32232,1,1
32233,63,65
32234,28,31
32235,1,1
32238,1,1
32240,2,2
32241,2,2
32243,1,1
32244,258,267
32245,2,2
32246,210,223
32247,3,3
32250,76,78
32254,73,74
32255,2,2
32256,154,161
32257,121,127
32258,78,78
32259,124,131
32260,1,1
32266,19,21
32275,1,1
32277,84,87
32301,51,53
32302,2,2
32303,108,112
32304,42,44
32305,66,69
32306,1,1
32308,54,54
32309,53,54
32310,36,38
32311,44,46
32312,65,69
32314,2,2
32315,2,2
32317,45,46
32318,1,1
32320,12,13
32321,11,11
32322,7,7
32324,15,16
32326,1,1
32327,50,51
32328,8,8
32330,6,6
32331,10,10
32332,1,1
32333,36,38
32334,2,2
32335,1,1
32336,2,2
32337,2,2
32340,23,23
32341,3,3
32343,13,14
32344,27,29
32345,1,1
32346,4,4
32347,31,33
32348,26,29
32350,4,4
32351,48,53
32352,15,16
32353,9,9
32355,1,1
32358,4,5
32359,6,6
32361,1,1
32362,1,1
32370,1,1
32371,1,1
32401,67,67
32402,2,2
32403,2,2
32404,94,97
32405,71,72
32406,1,1
32407,21,23
32408,29,32
32409,16,16
32410,2,2
32411,2,2
32412,1,1
32413,40,42
32417,2,2
32420,2,2
32421,5,5
32423,3,3
32424,16,18
32425,29,32
32426,7,7
32427,2,2
32428,40,43
32430,2,2
32431,11,12
32432,1,1
32433,31,31
32435,15,17
32437,1,1
32438,8,9
32439,27,27
32440,15,15
32442,7,7
32443,6,6
32444,39,41
32445,4,4
32446,22,22
32447,3,3
32448,10,10
32449,1,1
32450,1,1
32455,11,11
32456,16,18
32457,4,5
32459,38,43
32460,14,15
32461,2,2
32462,7,7
32464,8,8
32465,12,13
32466,13,14
32488,1,1
32498,1,1
32501,49,49
32502,10,10
32503,106,109
32504,40,42
32505,88,91
32506,74,76
32507,84,89
32510,1,1
32511,1,1
32513,4,4
32514,116,120
32515,1,1
32518,1,1
32522,2,2
32524,5,5
32525,2,2
32526,142,149
32530,1,1
32531,11,12
32532,1,1
32533,79,80
32534,47,49
32535,14,15
32536,54,59
32539,62,65
32540,3,3
32541,40,42
32542,4,4
32544,2,2
32545,1,1
32547,99,102
32548,67,67
32549,7,7
32550,16,18
32556,1,1
32557,1,1
32560,3,3
32561,23,27
32562,2,2
32563,53,55
32564,6,6
32565,14,14
32566,91,93
32567,11,11
32568,9,9
32569,27,27
32570,70,74
32571,88,95
32572,1,1
32575,3,3
32577,21,22
32578,79,84
32579,28,29
32580,14,14
32583,60,63
32601,32,32
32602,2,2
32603,3,3
32605,53,54
32606,70,71
32607,71,72
32608,111,117
32609,65,67
32610,32,32
32614,8,9
32615,39,42
32616,6,6
32617,9,9
32618,22,23
32619,15,19
32621,24,25
32622,1,1
32625,7,8
32626,11,11
32627,2,2
32628,12,15
32631,2,2
32633,4,4
32634,2,2
32635,1,1
32636,1,2
32640,37,38
32641,41,43
32643,36,37
32644,6,6
32648,1,1
32653,41,43
32654,1,1
32655,5,5
32656,41,42
32658,2,2
32663,2,2
32664,1,1
32666,14,15
32667,14,16
32668,12,14
32669,40,41
32670,2,2
32673,1,1
32680,29,31
32681,5,5
32683,2,2
32686,17,19
32692,2,3
32693,38,43
32694,5,5
32696,35,37
32697,1,1
32701,56,58
32702,6,6
32703,130,134
32704,5,5
32707,92,95
32708,94,100
32709,6,6
32710,2,2
32712,102,103
32713,58,65
32714,89,91
32716,3,3
32717,1,1
32719,2,2
32720,78,80
32721,2,2
32722,1,1
32724,81,83
32725,130,134
32726,42,43
32727,2,2
32728,1,1
32730,16,17
32732,9,9
32735,11,12
32736,33,33
32737,1,1
32738,138,142
32739,1,1
32741,1,1
32744,7,8
32746,103,107
32750,67,69
32751,50,52
32754,24,24
32755,1,1
32756,2,2
32757,61,64
32759,12,12
32761,1,1
32762,1,1
32763,57,62
32764,7,7
32765,125,128
32766,31,33
32767,5,5
32768,1,1
32771,128,133
32772,5,5
32773,80,83
32774,1,1
32775,1,1
32776,30,30
32778,54,57
32779,72,73
32780,120,125
32784,32,34
32789,48,48
32790,1,1
32792,97,101
32793,2,2
32794,2,2
32795,4,4
32796,62,68
32798,3,3
32799,1,1
32801,10,10
32802,1,1
32803,34,34
32804,42,46
32805,57,61
32806,63,64
32807,84,86
32808,155,160
32809,55,57
32810,97,99
32811,92,93
32812,90,92
32814,12,12
32816,2,2
32817,65,70
32818,146,147
32819,71,73
32820,21,23
32821,36,38
32822,164,166
32824,125,133
32825,161,163
32826,41,43
32827,30,32
32828,139,146
32829,61,62
32831,1,1
32832,51,52
32833,34,35
32835,91,95
32836,40,42
32837,131,135
32839,110,115
32853,1,1
32856,2,2
32859,2,2
32860,3,3
32861,6,6
32862,1,1
32867,2,2
32868,2,2
32869,1,1
32872,1,2
32877,1,1
32878,2,2
32901,57,60
32902,1,1
32903,28,29
32904,73,73
32905,77,79
32906,1,1
32907,126,135
32908,23,25
32909,99,100
32920,24,25
32922,38,39
32923,3,3
32924,1,1
32925,2,2
32926,60,61
32927,65,68
32931,29,30
32934,36,39
32935,99,101
32936,1,1
32937,67,69
32940,79,83
32948,12,12
32949,6,6
32950,11,11
32951,24,24
32952,46,48
32953,67,69
32955,92,94
32957,2,3
32958,78,80
32959,2,2
32960,47,48
32961,3,3
32962,62,70
32963,34,35
32964,3,3
32965,1,1
32966,51,55
32967,52,54
32968,22,23
32970,3,3
32976,24,25
32978,2,2
32987,1,1
33001,1,1
33004,59,61
33005,1,1
33009,120,123
33010,144,153
33012,182,190
33013,76,78
33014,110,117
33015,178,184
33016,137,143
33017,3,3
33018,122,127
33019,40,40
33020,134,139
33021,139,147
33022,2,2
33023,268,277
33024,234,241
33025,218,225
33026,89,94
33027,197,204
33028,86,92
33029,111,120
33030,68,70
33031,22,22
33032,146,148
33033,199,209
33034,58,60
33035,45,47
33036,10,10
33037,36,37
33039,1,1
33040,63,65
33042,9,10
33043,13,14
33045,1,1
33050,20,22
33051,2,2
33054,117,118
33055,198,204
33056,185,189
33060,94,98
33061,2,2
33062,85,88
33063,188,193
33064,140,147
33065,167,175
33066,41,44
33067,62,65
33068,177,182
33069,97,98
33070,13,13
33071,81,84
33073,88,93
33074,2,2
33075,1,1
33076,90,93
33077,1,1
33079,2,2
33081,3,3
33082,2,2
33083,1,1
33084,3,3
33092,2,2
33093,2,2
33102,1,1
33106,1,1
33109,1,1
33112,2,2
33113,1,1
33114,1,1
33120,1,1
33122,2,2
33123,1,1
33124,2,2
33125,168,178
33126,123,127
33127,109,113
33128,19,20
33129,32,33
33130,55,55
33131,28,28
33132,23,25
33133,73,78
33134,81,84
33135,99,104
33136,73,75
33137,45,47
33138,86,90
33139,72,73
33140,45,49
33141,67,69
33142,207,216
33143,69,70
33144,65,70
33145,74,78
33146,24,25
33147,222,231
33148,1,1
33149,22,23
33150,142,145
33152,1,1
33154,34,35
33155,131,139
33156,77,79
33157,218,231
33158,16,16
33159,3,3
33160,119,121
33161,182,185
33162,215,224
33164,1,1
33165,153,156
33166,71,73
33167,95,98
33168,142,145
33169,214,223
33170,61,62
33172,119,125
33173,97,102
33174,81,87
33175,175,182
33176,138,140
33177,183,190
33178,82,89
33179,159,167
33180,83,88
33181,52,54
33182,45,52
33183,97,99
33184,67,70
33185,78,82
33186,173,182
33187,60,63
33189,72,72
33190,29,31
33191,1,1
33193,111,117
33194,12,12
33196,142,153
33198,1,1
33203,1,2
33207,1,1
33209,2,2
33217,1,1
33222,2,2
33234,1,1
33238,1,1
33242,1,1
33247,4,4
33257,1,1
33264,1,1
33268,1,1
33269,2,2
33280,2,2
33281,1,1
33283,1,1
33301,38,39
33303,1,1
33304,50,51
33305,23,23
33306,11,11
33308,86,92
33309,122,125
33310,1,1
33311,299,306
33312,180,182
33313,276,283
33314,64,67
33315,34,36
33316,33,35
33317,109,113
33318,1,1
33319,183,191
33320,1,1
33321,182,191
33322,160,168
33323,69,72
33324,117,123
33325,82,86
33326,75,76
33327,45,49
33328,85,87
33330,36,37
33331,47,47
33332,30,30
33334,95,98
33335,1,1
33341,3,3
33343,2,2
33344,1,1
33345,4,4
33347,1,1
33348,1,1
33351,123,127
33360,1,1
33370,1,1
33371,1,1
33377,1,1
33391,1,1
33401,52,54
33402,2,2
33403,35,35
33404,116,117
33405,36,36
33406,63,64
33407,102,107
33408,40,40
33409,71,76
33410,95,96
33411,187,194
33412,62,66
33413,39,40
33414,123,131
33415,129,136
33416,4,4
33417,102,103
33418,99,102
33419,2,2
33420,2,2
33421,2,2
33422,2,2
33424,1,2
33425,1,1
33426,55,55
33427,2,2
33428,102,103
33429,1,1
33430,90,93
33431,39,40
33432,54,57
33433,105,110
33434,57,59
33435,111,118
33436,126,132
33437,141,145
33438,3,3
33440,71,76
33441,99,99
33442,69,72
33443,3,3
33444,97,101
33445,114,116
33446,68,77
33448,1,1
33449,22,23
33452,1,1
33454,1,2
33455,38,38
33457,1,1
33458,114,118
33460,79,81
33461,81,85
33462,82,87
33463,159,165
33467,170,175
33468,3,3
33469,24,24
33470,86,88
33471,9,9
33472,57,62
33473,22,24
33474,2,2
33475,3,3
33476,34,35
33477,23,23
33478,28,29
33480,30,31
33481,3,3
33482,4,6
33483,31,31
33484,95,97
33486,51,54
33487,44,45
33488,1,1
33493,10,10
33494,1,1
33496,56,60
33498,43,44
33503,1,1
33504,2,2
33509,3,3
33510,95,100
33511,151,157
33513,25,25
33514,4,4
33521,5,6
33523,41,43
33524,1,1
33525,55,58
33526,7,8
33527,42,44
33530,1,2
33533,1,1
33534,33,34
33537,2,2
33538,7,7
33539,3,3
33540,23,23
33541,64,66
33542,52,55
33543,81,81
33544,68,69
33545,46,47
33547,46,48
33548,23,25
33549,54,55
33550,2,2
33554,1,1
33556,70,73
33558,61,61
33559,43,46
33562,1,1
33563,62,62
33564,3,3
33565,48,52
33566,48,52
33567,30,32
33568,4,4
33569,104,107
33570,82,84
33571,1,1
33572,66,68
33573,71,73
33576,26,26
33578,120,123
33579,93,97
33583,1,1
33584,82,89
33585,1,1
33586,1,1
33587,1,1
33590,1,1
33592,32,35
33593,1,1
33594,125,128
33595,2,2
33596,55,58
33597,16,16
33598,51,52
33602,49,51
33603,55,60
33604,89,92
33605,72,73
33606,37,37
33607,61,62
33608,1,1
33609,37,40
33610,157,163
33611,74,75
33612,135,137
33613,80,80
33614,118,122
33615,146,153
33616,44,48
33617,128,132
33618,65,66
33619,106,109
33624,119,124
33625,74,76
33626,57,58
33629,36,37
33630,1,1
33633,1,1
33634,56,58
33635,33,37
33637,52,54
33639,1,1
33644,1,1
33646,3,3
33647,171,175
33658,1,1
33661,1,1
33672,2,2
33673,2,2
33675,4,4
33677,1,1
33679,2,2
33680,4,4
33681,2,2
33682,3,3
33684,3,3
33685,4,4
33687,5,5
33688,2,2
33694,1,1
33701,34,34
33702,73,77
33703,50,53
33704,24,25
33705,115,117
33706,48,52
33707,67,70
33708,46,47
33709,82,82
33710,94,98
33711,61,63
33712,117,118
33713,83,86
33714,42,42
33715,27,29
33716,31,31
33731,2,2
33732,1,1
33733,7,7
33737,2,2
33738,1,1
33743,2,2
33744,2,2
33746,1,1
33755,56,57
33756,89,91
33759,44,47
33760,47,51
33761,51,52
33762,16,18
33763,43,43
33764,82,84
33765,33,34
33767,31,33
33768,1,1
33770,73,77
33771,81,87
33772,52,56
33773,52,52
33774,54,56
33775,1,1
33776,24,24
33777,54,56
33778,50,53
33779,2,2
33780,3,3
33781,73,77
33782,57,57
33785,19,19
33786,5,5
33788,1,1
33789,1,1
33801,61,64
33802,3,3
33803,72,74
33804,3,4
33805,67,72
33809,78,80
33810,102,106
33811,54,55
33812,32,33
33813,90,90
33815,40,42
33820,2,2
33823,87,93
33825,89,91
33826,5,5
33827,8,8
33829,1,1
33830,67,67
33831,2,2
33833,1,1
33834,12,12
33835,1,1
33836,3,3
33837,79,79
33838,13,14
33839,7,7
33840,5,7
33841,29,30
33843,29,30
33844,114,117
33845,1,1
33846,3,3
33848,4,4
33849,7,8
33850,19,19
33851,3,3
33852,58,59
33853,36,37
33854,3,3
33855,3,4
33856,3,3
33857,4,5
33858,1,1
33859,28,29
33860,53,56
33862,6,6
33865,2,2
33867,1,1
33868,28,30
33869,1,1
33870,53,54
33871,1,1
33872,42,42
33873,42,44
33874,1,1
33875,30,32
33876,14,14
33880,89,90
33881,79,82
33882,2,3
33883,1,1
33884,69,72
33885,1,1
33890,16,16
33896,35,35
33897,44,44
33898,43,46
33901,49,50
33902,3,3
33903,59,62
33904,89,90
33905,79,82
33906,4,4
33907,59,60
33908,95,101
33909,81,85
33910,1,1
33912,56,56
33913,57,60
33914,110,117
33915,3,3
33916,76,79
33917,76,78
33918,1,1
33919,61,62
33920,7,7
33921,3,3
33922,14,14
33923,1,1
33928,55,56
33929,1,1
33930,2,2
33931,19,19
33935,59,63
33936,65,67
33938,1,1
33946,3,3
33947,27,27
33948,42,44
33949,1,1
33950,53,58
33951,1,1
33952,78,83
33953,18,19
33954,18,18
33955,29,29
33956,8,8
33957,6,6
33960,1,1
33965,1,1
33966,21,22
33967,47,49
33970,6,6
33971,47,48
33972,32,33
33973,22,22
33974,36,38
33975,8,8
33976,43,45
33979,1,1
33980,25,25
33981,38,41
33982,26,29
33983,34,36
33990,87,91
33991,62,64
33993,88,93
33994,1,2
34013,1,1
34089,1,1
34101,2,2
34102,23,24
34103,24,29
34104,45,46
34105,30,31
34108,34,35
34109,48,48
34110,44,44
34111,1,1
34112,65,67
34113,66,69
34114,50,52
34116,71,73
34117,39,40
34119,89,92
34120,100,103
34133,5,5
34134,36,39
34135,112,115
34136,1,1
34137,1,1
34140,2,3
34141,10,10
34142,62,68
34143,7,7
34145,29,30
34146,3,3
34184,1,1
34201,11,12
34202,60,61
34203,81,82
34204,1,1
34205,70,71
34207,81,84
34208,92,94
34209,80,83
34210,39,40
34211,23,24
34212,44,45
34214,1,1
34215,1,1
34216,3,3
34217,9,9
34219,57,59
34220,1,1
34221,109,111
34222,36,36
34223,44,45
34224,42,43
34226,1,1
34228,12,13
34229,21,21
34230,1,1
34231,55,57
34232,74,80
34233,44,47
34234,81,83
34235,33,36
34236,32,32
34237,33,35
34238,49,52
34239,41,43
34240,40,42
34241,40,40
34242,27,28
34243,59,62
34250,2,2
34251,16,18
34258,1,1
34264,2,2
34265,1,1
34266,61,62
34269,6,8
34270,1,1
34274,1,1
34275,46,47
34283,1,1
34284,2,2
34285,37,37
34286,48,48
34287,59,62
34288,32,33
34289,6,6
34290,4,4
34291,18,19
34292,40,41
34293,116,121
34326,1,1
34328,1,1
34342,1,1
34383,1,1
34410,1,1
34412,1,1
34420,39,43
34421,6,6
34423,1,1
34428,19,22
34429,23,23
34430,3,3
34431,22,23
34432,40,41
34433,27,27
34434,22,22
34436,22,24
34441,1,1
34442,29,31
34443,1,1
34445,4,5
34446,43,44
34447,2,2
34448,21,21
34449,10,13
34450,37,38
34451,1,1
34452,32,34
34453,33,37
34455,1,1
34460,3,3
34461,19,20
34462,1,1
34464,2,2
34465,37,39
34466,1,1
34470,45,46
34471,46,47
34472,81,84
34473,71,73
34474,42,43
34475,31,32
34476,62,65
34477,2,2
34478,8,9
34479,33,34
34480,43,47
34481,74,78
34482,52,55
34483,1,1
34484,12,12
34487,1,1
34488,32,32
34489,1,1
34490,1,1
34491,46,46
34492,3,3
34498,2,3
34532,1,1
34546,1,1
34593,1,1
34601,58,60
34602,19,19
34604,24,24
34605,3,3
34606,58,60
34607,23,23
34608,82,86
34609,116,119
34610,37,37
34611,3,3
34613,45,45
34614,32,33
34618,1,1
34637,17,18
34638,76,76
34639,70,70
34641,1,1
34642,1,1
34652,68,71
34653,66,66
34654,49,49
34655,108,111
34660,2,2
34665,2,2
34667,92,96
34668,109,113
34669,36,37
34674,2,2
34677,60,62
34679,1,1
34680,1,1
34681,4,4
34683,63,65
34684,73,74
34685,32,33
34686,1,1
34688,18,18
34689,62,66
34690,36,37
34691,50,53
34694,1,1
34695,56,56
34696,2,2
34698,85,90
34705,13,13
34706,1,1
34711,174,177
34712,5,5
34713,4,4
34714,46,49
34715,46,47
34723,1,1
34731,22,22
34734,8,8
34736,69,71
34737,9,10
34738,1,1
34739,2,2
34741,128,131
34742,4,5
34743,130,133
34744,132,137
34745,2,2
34746,123,126
34747,53,53
34748,110,114
34749,5,5
34753,19,19
34755,2,2
34756,9,9
34758,115,120
34759,119,124
34760,5,5
34761,118,121
34762,2,2
34765,1,1
34769,73,74
34770,1,1
34771,51,53
34772,75,79
34773,10,10
34777,2,2
34778,1,1
34785,39,42
34786,60,63
34787,122,124
34788,40,40
34789,3,3
34791,1,1
34797,3,3
34863,1,1
34869,1,1
34893,1,1
34900,1,1
34901,1,1
34945,13,13
34946,18,18
34947,38,39
34948,1,1
34949,20,22
34950,43,44
34951,32,33
34952,105,107
34953,192,202
34954,3,3
34956,17,18
34957,54,56
34958,1,1
34961,3,3
34963,1,1
34966,1,1
34972,50,53
34973,2,2
34974,57,59
34979,2,2
34981,11,12
34982,67,70
34983,114,120
34984,54,59
34985,1,1
34986,82,82
34987,37,38
34988,5,5
34990,58,61
34991,3,3
34992,1,1
34994,34,34
34996,19,19
34997,89,95
35000,5,5
35001,2,2
35004,32,34
35005,39,41
35006,14,14
35007,88,89
35010,50,51
35011,3,3
35014,17,17
35016,50,54
35017,1,1
35019,4,4
35020,146,147
35022,77,82
35023,97,100
35024,1,1
35031,20,22
35032,1,1
35033,9,9
35034,23,23
35035,4,4
35036,3,3
35037,2,2
35040,47,48
35042,17,17
35043,36,38
35044,32,32
35045,44,45
35046,16,16
35048,1,2
35049,12,14
35051,22,22
35053,6,6
35054,14,15
35055,44,45
35056,5,5
35057,24,24
35058,26,27
35060,1,1
35061,6,7
35062,19,19
35063,11,11
35064,68,69
35068,27,29
35069,1,1
35071,38,40
35072,21,21
35073,6,6
35077,33,34
35078,7,7
35079,19,20
35080,34,38
35082,1,1
35083,9,10
35085,20,20
35087,4,4
35089,10,10
35091,10,10
35094,56,57
35096,27,27
35097,5,5
35098,2,2
35105,1,1
35108,2,2
35111,42,42
35112,2,2
35113,2,2
35114,19,20
35115,56,58
35116,14,14
35117,16,16
35118,13,13
35119,2,2
35120,35,37
35121,30,30
35122,1,1
35124,47,50
35125,34,34
35126,78,78
35127,64,66
35128,31,32
35129,1,1
35130,8,9
35131,10,10
35133,12,13
35135,6,6
35136,10,11
35137,1,1
35142,1,1
35143,8,8
35146,28,28
35147,5,5
35148,8,8
35149,3,3
35150,67,67
35151,25,25
35160,82,84
35161,4,4
35170,1,1
35171,10,10
35172,10,10
35173,89,92
35175,18,20
35176,3,3
35178,19,19
35179,21,22
35180,29,29
35181,2,2
35182,1,1
35183,2,2
35184,14,15
35186,8,9
35188,8,8
35200,1,1
35201,4,4
35202,3,3
35203,18,18
35204,68,68
35205,54,54
35206,83,86
35207,60,60
35208,82,83
35209,59,62
35210,44,47
35211,150,155
35212,48,49
35213,32,32
35214,117,120
35215,256,258
35216,99,100
35217,53,53
35218,43,43
35219,1,1
35221,33,34
35222,29,29
35223,20,20
35224,29,29
35225,1,1
35226,74,76
35227,1,1
35228,44,44
35231,1,1
35232,2,2
35233,8,9
35234,34,35
35235,89,89
35236,2,2
35238,3,3
35240,1,1
35242,125,129
35243,38,40
35244,95,96
35245,1,1
35255,2,2
35259,1,1
35261,2,2
35264,1,1
35266,2,2
35268,1,1
35271,2,2
35288,1,1
35363,1,1
35401,77,77
35402,3,3
35403,4,4
35404,57,57
35405,133,135
35406,23,24
35407,1,1
35411,1,1
35424,1,1
35436,1,1
35440,1,1
35441,4,5
35442,20,20
35443,11,11
35444,8,8
35446,3,4
35447,14,14
35452,5,5
35453,34,36
35456,11,12
35457,1,1
35458,3,4
35459,3,3
35460,4,4
35461,8,8
35462,25,25
35463,6,6
35464,3,3
35466,11,11
35468,1,1
35470,11,11
35471,1,1
35473,46,48
35474,29,29
35475,27,27
35476,21,21
35480,7,7
35481,11,12
35486,1,1
35490,14,15
35500,1,1
35501,30,33
35502,5,5
35503,25,26
35504,31,32
35509,1,1
35527,1,1
35540,5,6
35541,9,9
35542,2,2
35543,5,5
35544,2,2
35546,11,12
35548,3,3
35549,7,7
35550,11,12
35552,6,6
35553,15,17
35554,2,2
35555,48,51
35563,8,8
35564,5,5
35565,35,37
35570,16,17
35571,3,3
35572,2,2
35574,7,8
35575,4,4
35576,8,8
35577,1,1
35578,13,13
35579,11,11
35580,10,10
35581,19,19
35582,11,11
35584,5,5
35585,6,6
35586,9,9
35587,1,2
35592,9,9
35593,2,2
35594,15,16
35601,109,111
35603,72,72
35610,5,5
35611,74,75
35612,3,3
35613,54,54
35614,21,21
35615,1,1
35616,10,11
35617,1,1
35618,12,12
35619,11,12
35620,14,14
35621,5,5
35622,19,20
35630,88,91
35631,2,2
35633,53,54
35634,19,19
35640,68,70
35643,9,9
35645,36,39
35646,22,23
35647,6,6
35648,10,10
35650,32,33
35651,2,2
35652,27,27
35653,31,31
35654,22,23
35655,1,1
35660,39,40
35661,63,64
35670,24,24
35671,10,10
35672,29,29
35673,15,16
35674,66,67
35677,2,2
35678,1,1
35701,1,1
35703,1,1
35726,1,1
35733,1,1
35739,8,8
35740,7,7
35741,6,6
35742,2,2
35744,6,6
35746,3,3
35747,12,12
35748,18,18
35749,77,78
35750,35,36
35751,1,1
35752,10,10
35754,11,11
35755,1,1
35756,41,42
35757,47,47
35758,105,110
35759,28,29
35760,6,6
35761,30,31
35762,1,1
35763,32,32
35765,10,10
35767,1,1
35768,24,25
35769,31,32
35771,14,17
35772,17,17
35773,36,37
35775,2,2
35776,3,3
35782,1,1
35788,1,1
35793,1,1
35801,47,48
35802,47,47
35803,74,77
35804,1,1
35805,59,62
35806,73,74
35808,5,5
35810,157,161
35811,90,92
35814,1,1
35815,2,2
35816,63,65
35824,17,17
35901,53,53
35902,5,5
35903,85,86
35904,39,41
35905,12,13
35906,30,32
35907,21,22
35908,1,1
35931,1,1
35935,1,1
35950,42,42
35951,16,16
35952,17,17
35953,30,31
35954,31,32
35956,17,17
35957,35,36
35958,7,7
35959,16,16
35960,41,44
35961,13,13
35962,16,18
35963,9,9
35964,1,1
35966,3,3
35967,38,39
35968,17,18
35971,6,6
35972,5,5
35973,11,11
35974,5,5
35975,2,2
35976,35,37
35978,11,13
35979,3,3
35980,7,7
35981,2,2
35983,13,13
35984,6,6
35986,16,16
35987,8,8
35988,5,5
35989,10,10
35990,1,1
35999,2,2
36001,1,1
36003,10,10
36005,3,3
36006,3,4
36008,1,1
36009,8,8
36010,18,19
36013,2,2
36016,13,13
36017,7,7
36018,1,1
36020,4,4
36022,31,32
36023,1,1
36024,14,14
36025,5,5
36026,3,3
36027,61,63
36028,1,1
36029,3,3
36031,1,1
36032,8,8
36033,9,9
36034,2,2
36035,5,5
36036,4,4
36037,31,31
36038,2,2
36039,1,1
36040,18,18
36041,5,5
36042,2,2
36043,15,15
36044,1,1
36046,5,6
36047,11,11
36048,8,8
36049,14,14
36051,2,2
36052,6,6
36053,6,6
36054,35,36
36056,1,1
36064,23,24
36066,41,41
36067,74,80
36068,3,3
36069,9,9
36071,2,2
36072,3,3
36075,7,8
36078,30,31
36079,27,27
36080,9,9
36081,29,29
36083,34,35
36084,1,1
36087,2,2
36088,4,4
36089,31,32
36091,6,6
36092,45,46
36093,26,26
36101,2,2
36104,37,37
36105,47,48
36106,37,39
36107,23,23
36108,60,60
36109,50,52
36110,50,50
36111,38,38
36115,2,2
36116,144,147
36117,122,128
36120,3,3
36121,2,2
36123,3,3
36125,2,2
36126,1,1
36144,1,1
36150,1,1
36175,1,1
36201,81,81
36202,4,4
36203,47,48
36205,3,3
36206,45,48
36207,48,48
36208,1,1
36210,1,1
36211,1,1
36216,1,1
36226,2,2
36244,1,1
36246,1,1
36250,15,15
36251,7,7
36252,1,1
36253,2,2
36254,1,1
36256,6,6
36257,1,1
36258,1,1
36260,17,17
36262,2,2
36263,1,1
36264,23,24
36265,51,53
36266,15,15
36267,3,3
36268,26,27
36269,2,2
36271,18,18
36272,37,39
36273,13,13
36274,35,36
36275,1,1
36276,7,7
36277,21,21
36278,11,11
36279,8,8
36280,7,7
36284,1,1
36290,1,1
36300,1,1
36301,98,99
36302,6,6
36303,69,70
36304,1,1
36305,31,33
36307,2,2
36310,20,20
36311,6,6
36312,13,14
36313,1,1
36314,3,3
36316,3,3
36317,3,3
36318,3,3
36319,7,7
36320,4,4
36321,7,7
36322,22,23
36323,20,21
36330,78,80
36331,6,6
36335,1,1
36340,11,13
36343,3,3
36344,8,8
36345,32,32
36346,2,2
36348,1,1
36350,7,8
36351,14,14
36352,14,16
36353,7,8
36360,54,56
36361,2,2
36362,4,5
36363,1,1
36370,1,1
36371,3,3
36373,3,3
36375,10,10
36376,7,7
36380,1,1
36386,1,1
36401,27,27
36409,1,1
36420,33,34
36421,14,15
36424,1,1
36425,9,10
36426,52,52
36427,4,4
36432,5,7
36435,6,6
36439,4,4
36441,9,9
36442,7,7
36445,16,16
36451,21,21
36453,8,8
36456,6,8
36458,3,3
36460,18,19
36461,4,5
36466,1,1
36467,25,25
36469,1,1
36470,1,1
36471,3,3
36473,1,1
36474,7,7
36475,7,7
36477,17,18
36478,2,2
36480,6,6
36481,2,2
36482,9,9
36483,4,4
36501,1,1
36502,61,62
36503,1,1
36504,5,5
36505,7,7
36507,63,65
36509,8,9
36511,3,3
36512,1,1
36513,4,4
36515,1,1
36518,15,15
36521,15,16
36522,17,19
36523,8,8
36524,11,12
36525,10,10
36526,86,89
36527,26,27
36528,8,8
36530,16,18
36532,52,53
36533,6,6
36535,76,77
36536,10,10
36538,2,2
36539,3,3
36540,7,7
36541,35,36
36542,40,41
36544,33,33
36545,50,50
36547,3,3
36548,3,3
36549,12,12
36551,18,18
36553,10,11
36554,1,1
36555,3,3
36556,2,2
36558,11,11
36559,3,3
36560,15,15
36561,23,24
36562,3,3
36564,2,2
36567,26,26
36568,2,2
36569,1,1
36571,48,50
36572,19,19
36574,8,8
36575,69,69
36576,11,11
36577,1,1
36578,4,4
36579,7,7
36580,19,19
36581,1,1
36582,67,71
36584,2,2
36585,5,5
36587,17,17
36590,2,2
36600,1,1
36601,4,4
36602,3,3
36603,29,29
36604,30,30
36605,90,91
36606,72,74
36607,37,38
36608,108,110
36609,87,89
36610,55,55
36611,27,27
36612,21,21
36613,51,52
36616,3,3
36617,70,70
36618,58,61
36619,46,51
36633,1,1
36640,1,1
36643,1,1
36652,1,1
36660,1,1
36663,2,2
36670,1,1
36671,1,1
36672,1,1
36685,2,2
36687,1,1
36689,2,2
36693,51,53
36695,113,116
36696,1,1
36701,106,108
36702,4,4
36703,31,32
36720,2,2
36722,4,5
36723,1,1
36726,18,19
36728,1,1
36732,27,27
36736,11,11
36738,2,2
36740,5,5
36742,9,9
36744,25,25
36748,7,7
36749,4,4
36750,14,15
36751,4,4
36752,4,4
36754,4,4
36756,18,18
36758,3,3
36759,4,4
36761,7,7
36763,3,3
36765,6,6
36766,3,3
36767,5,5
36768,4,4
36769,8,8
36773,1,1
36775,2,2
36776,8,8
36780,1,1
36781,1,1
36782,17,17
36783,3,4
36784,34,35
36785,5,5
36786,11,11
36787,1,1
36790,1,1
36792,2,3
36793,1,1
36801,83,84
36803,4,4
36804,49,49
36806,1,1
36810,1,1
36826,2,2
36830,63,65
36831,1,1
36832,32,33
36840,2,2
36850,9,10
36852,11,11
36853,25,25
36854,47,49
36855,6,6
36856,24,24
36860,5,5
36861,8,10
36862,25,26
36863,41,41
36865,2,2
36866,18,18
36867,53,55
36868,1,1
36869,58,59
36870,38,40
36871,5,5
36874,20,21
36875,12,12
36877,36,38
36879,5,5
36896,1,1
36901,1,1
36904,21,21
36907,7,7
36908,7,7
36909,1,1
36912,5,5
36915,1,1
36916,3,3
36919,5,5
36921,3,3
36922,1,1
36925,14,14
36929,1,1
36968,1,1
36969,1,1
36999,1,1
37006,1,1
37010,10,10
37012,1,1
37013,298,305
37014,4,4
37015,42,42
37016,2,2
37018,9,9
37019,7,7
37020,11,11
37022,14,14
37023,1,1
37024,1,1
37025,14,14
37026,3,3
37027,124,131
37028,2,2
37029,16,17
37030,20,20
37031,10,10
37032,9,10
37033,30,31
37034,17,18
37035,13,13
37036,18,18
37037,20,20
37040,135,141
37041,1,1
37042,230,236
37043,124,126
37046,10,10
37047,2,3
37048,11,11
37049,15,15
37050,2,2
37051,12,12
37052,13,13
37055,79,82
37056,2,2
37057,4,4
37058,17,20
37059,1,1
37060,6,7
37061,7,7
37062,36,36
37064,162,167
37065,2,2
37066,155,160
37067,60,60
37069,38,39
37070,2,2
37072,101,105
37073,36,40
37074,20,21
37075,208,220
37076,118,122
37077,2,2
37078,2,2
37079,3,3
37080,19,20
37082,21,23
37083,31,31
37085,16,17
37086,110,112
37087,138,141
37088,3,3
37089,1,1
37090,50,51
37091,67,69
37095,4,4
37096,15,17
37097,5,5
37098,16,16
37101,17,17
37110,70,71
37111,1,1
37115,145,147
37116,3,3
37118,7,7
37121,2,2
37122,155,158
37125,2,2
37127,49,50
37128,156,160
37129,135,140
37130,149,152
37133,5,5
37134,12,12
37135,33,34
37137,7,7
37138,70,71
37141,5,5
37142,5,5
37143,10,10
37144,12,12
37145,4,4
37146,16,16
37148,53,54
37149,9,9
37150,11,11
37151,1,1
37153,11,11
37155,1,1
37160,100,101
37162,2,2
37166,29,29
37167,145,148
37171,1,1
37172,99,100
37174,91,92
37175,2,2
37178,2,2
37179,31,32
37180,8,8
37181,2,2
37183,5,6
37184,20,21
37185,24,24
37186,22,22
37187,21,21
37188,53,58
37189,22,22
37190,26,26
37191,10,10
37200,1,1
37201,4,5
37202,1,1
37203,45,47
37204,32,32
37205,71,74
37206,68,70
37207,208,212
37208,74,75
37209,85,90
37210,56,58
37211,208,212
37212,18,19
37213,1,1
37214,80,82
37215,53,56
37216,67,68
37217,98,100
37218,100,101
37219,5,5
37220,17,17
37221,89,91
37227,1,1
37228,8,8
37229,2,2
37232,3,3
37238,1,1
37294,1,1
37301,6,6
37302,10,10
37303,53,56
37305,1,1
37306,4,4
37307,8,9
37308,8,8
37309,10,10
37310,8,9
37311,63,63
37312,73,75
37313,2,2
37315,1,1
37317,5,5
37318,7,7
37320,5,6
37321,57,58
37322,19,19
37323,64,66
37324,11,11
37325,3,3
37327,29,29
37328,7,7
37329,5,5
37330,23,24
37331,15,16
37332,7,8
37333,3,3
37334,64,68
37335,2,2
37336,17,18
37337,3,3
37338,13,14
37339,7,7
37341,36,37
37342,12,13
37343,105,106
37345,7,7
37347,24,24
37348,5,6
37349,1,1
37350,3,4
37351,1,1
37352,8,8
37353,13,14
37354,38,39
37355,74,76
37356,3,3
37357,11,12
37359,2,2
37360,6,6
37361,3,3
37362,3,3
37363,100,101
37365,10,10
37366,3,3
37367,24,25
37369,1,1
37370,9,10
37371,3,3
37373,8,8
37374,3,3
37375,5,5
37377,34,35
37378,1,1
37379,63,68
37380,24,24
37381,18,18
37382,1,1
37385,20,20
37387,12,13
37388,68,69
37391,4,4
37392,1,1
37396,1,1
37397,19,20
37398,45,45
37402,15,15
37403,1,1
37404,44,46
37405,28,29
37406,58,61
37407,26,26
37408,5,5
37409,8,9
37410,19,19
37411,89,89
37412,72,73
37414,1,1
37415,63,65
37416,63,65
37419,19,19
37421,117,117
37422,6,6
37424,2,2
37438,1,1
37448,1,1
37451,1,1
37482,1,1
37501,1,1
37526,1,1
37533,1,1
37601,76,80
37602,3,3
37604,51,51
37607,1,1
37615,41,42
37616,11,12
37617,37,39
37618,27,27
37620,89,94
37621,2,2
37640,10,10
37641,26,27
37642,47,48
37643,85,87
37644,2,2
37645,13,13
37650,20,20
37656,14,15
37657,2,2
37658,8,8
37659,54,56
37660,106,109
37662,2,2
37663,41,45
37664,53,55
37665,9,9
37680,2,2
37681,11,12
37683,23,24
37686,25,25
37687,6,7
37688,1,1
37690,4,4
37691,1,1
37692,11,11
37694,3,3
37701,19,19
37705,12,12
37708,13,14
37709,9,9
37710,1,1
37711,8,8
37713,3,3
37714,12,12
37716,67,69
37717,3,3
37719,1,1
37721,30,30
37722,11,11
37723,1,1
37724,8,9
37725,28,30
37726,4,4
37727,8,9
37729,1,1
37730,2,2
37731,1,1
37737,19,19
37738,11,12
37742,10,10
37743,58,58
37744,3,3
37745,42,46
37748,41,42
37752,16,16
37754,10,10
37755,7,7
37756,9,10
37757,19,19
37760,26,27
37762,7,9
37763,36,38
37764,25,25
37766,40,40
37769,11,11
37770,9,10
37771,39,39
37772,29,30
37774,66,67
37775,1,1
37777,31,32
37779,9,9
37786,1,1
37801,59,60
37802,5,5
37803,65,69
37804,68,69
37806,10,10
37807,14,14
37809,10,11
37810,4,4
37811,11,12
37813,36,37
37814,83,83
37815,2,2
37816,1,1
37818,10,10
37819,2,2
37820,14,14
37821,47,47
37822,2,2
37824,3,3
37825,19,20
37826,12,12
37828,5,5
37829,2,2
37830,73,74
37831,2,2
37834,1,1
37840,27,28
37841,13,14
37843,10,10
37845,4,4
37846,10,11
37847,7,8
37848,1,1
37849,81,85
37851,1,1
37852,4,4
37853,5,5
37854,35,36
37857,38,38
37860,8,8
37861,20,20
37862,40,43
37863,8,8
37864,3,4
37865,52,52
37866,3,3
37868,2,2
37869,5,5
37870,17,18
37871,27,27
37872,3,3
37873,6,7
37874,29,31
37876,64,65
37877,26,27
37878,2,2
37879,19,21
37880,7,7
37881,4,4
37882,8,8
37885,6,7
37886,12,14
37887,9,9
37888,5,5
37890,16,17
37891,7,7
37892,5,5
37901,2,2
37902,4,4
37909,35,35
37912,36,37
37914,85,86
37915,20,20
37916,2,2
37917,45,45
37918,121,124
37919,55,56
37920,84,86
37921,76,78
37922,67,69
37923,60,62
37924,33,34
37927,3,4
37928,2,3
37931,54,55
37932,31,32
37933,1,1
37934,60,61
37938,52,53
37939,1,1
37949,2,2
37950,1,1
37964,1,1
37984,1,2
37987,1,1
37998,1,1
38001,14,14
38002,133,139
38004,41,42
38006,18,18
38007,1,1
38008,33,33
38011,20,22
38012,89,91
38013,2,2
38014,1,1
38015,15,16
38016,140,145
38017,120,124
38018,138,142
38019,73,78
38023,17,17
38024,87,89
38027,1,1
38028,23,23
38029,1,1
38030,3,3
38034,14,14
38035,1,1
38036,3,3
38037,7,7
38039,20,20
38040,17,17
38041,13,13
38042,1,1
38044,4,4
38049,12,12
38050,6,6
38052,13,15
38053,105,110
38054,1,1
38056,1,1
38057,11,12
38058,37,37
38059,16,17
38060,40,40
38063,55,56
38066,19,22
38067,8,8
38068,50,52
38069,19,19
38070,1,1
38075,14,14
38076,2,2
38079,15,15
38080,5,5
38086,1,1
38088,3,3
38101,4,4
38102,1,1
38103,24,25
38104,82,85
38105,35,37
38106,164,168
38107,90,90
38108,74,78
38109,304,309
38111,171,174
38112,62,64
38113,1,1
38114,145,150
38115,181,186
38116,252,256
38117,85,88
38118,198,203
38119,93,97
38120,45,46
38122,66,66
38124,1,1
38125,210,217
38126,26,26
38127,234,237
38128,239,242
38130,3,4
38133,80,84
38134,164,168
38135,112,113
38136,1,1
38138,84,89
38139,43,43
38141,120,125
38144,1,1
38145,1,1
38167,2,2
38168,1,1
38174,3,3
38175,2,2
38177,1,1
38181,4,4
38184,1,1
38186,3,3
38187,3,3
38201,30,31
38204,1,1
38205,1,1
38220,6,6
38221,10,10
38222,2,2
38224,1,1
38225,14,15
38226,1,1
38229,7,7
38230,14,14
38231,8,8
38232,10,11
38233,10,11
38235,1,1
38236,2,2
38237,43,44
38240,8,9
38241,2,2
38242,59,61
38251,6,7
38253,5,5
38254,1,1
38255,5,5
38256,10,10
38257,14,14
38258,9,9
38259,2,2
38260,11,12
38261,58,60
38281,1,1
38297,1,1
38301,114,120
38302,2,2
38305,206,214
38308,1,1
38310,18,18
38311,3,4
38313,11,11
38315,9,9
38316,2,2
38317,5,5
38318,1,1
38320,28,30
38321,5,5
38324,2,2
38325,1,2
38326,6,6
38327,2,2
38328,1,1
38329,10,10
38330,11,12
38332,2,2
38333,1,1
38334,5,5
38337,6,6
38338,1,1
38339,1,1
38340,34,35
38341,7,7
38342,3,3
38343,60,63
38344,30,32
38345,6,6
38347,2,2
38348,3,3
38351,78,82
38352,2,2
38355,15,17
38356,6,7
38357,3,3
38358,37,39
38361,4,4
38362,9,9
38363,10,10
38365,1,1
38366,8,8
38367,10,11
38368,5,8
38369,7,7
38370,1,1
38371,3,3
38372,56,59
38374,4,4
38375,22,22
38376,2,3
38379,9,9
38380,1,1
38381,5,5
38382,24,26
38387,2,2
38388,7,7
38390,3,3
38391,1,1
38392,1,1
38401,192,201
38402,5,5
38403,1,1
38425,4,4
38449,14,14
38450,4,4
38451,19,19
38452,1,1
38454,4,4
38455,1,1
38456,7,8
38457,3,3
38460,4,4
38461,5,5
38462,32,32
38463,6,7
38464,66,69
38468,9,10
38469,11,12
38471,4,4
38472,10,10
38473,3,3
38474,21,23
38475,1,1
38476,3,3
38477,11,11
38478,52,53
38481,1,1
38482,5,5
38483,18,20
38485,22,22
38486,2,2
38487,2,2
38488,5,5
38501,67,68
38502,3,3
38503,2,2
38504,2,2
38506,63,65
38510,1,1
38531,1,1
38538,1,1
38541,3,3
38543,1,1
38544,19,19
38545,3,3
38547,4,4
38548,3,3
38549,4,4
38551,9,10
38552,1,1
38553,3,3
38555,36,38
38556,35,36
38557,1,1
38558,23,24
38559,5,5
38560,1,1
38562,13,14
38563,5,5
38564,2,2
38565,4,4
38567,3,4
38568,5,5
38570,20,20
38571,31,31
38572,26,27
38573,7,7
38574,18,19
38575,2,2
38577,1,1
38579,6,6
38580,1,1
38581,8,8
38582,3,3
38583,65,66
38585,8,8
38587,5,5
38588,3,3
38589,2,2
38601,9,9
38603,8,9
38606,64,66
38610,9,9
38611,53,55
38614,75,76
38615,1,1
38617,1,1
38618,44,46
38619,27,28
38620,17,17
38621,6,7
38622,5,5
38623,1,1
38625,3,3
38626,2,2
38627,1,1
38629,10,12
38631,2,2
38632,94,97
38633,5,6
38634,4,4
38635,72,74
38637,91,94
38638,2,2
38639,6,6
38641,8,8
38642,11,11
38643,12,12
38645,5,5
38646,15,15
38647,7,7
38650,11,11
38651,32,33
38652,56,59
38654,172,178
38655,100,104
38658,8,8
38659,6,7
38661,9,10
38662,1,1
38663,35,37
38664,13,13
38665,8,8
38666,30,31
38668,46,47
38669,1,1
38670,2,2
38671,132,135
38672,44,45
38673,2,2
38674,1,1
38676,27,28
38678,1,1
38679,1,1
38680,25,25
38683,8,8
38685,9,9
38701,60,63
38702,1,1
38703,29,29
38704,2,2
38706,1,1
38710,1,1
38720,1,1
38721,5,5
38722,2,2
38724,1,1
38725,1,1
38726,1,1
38730,5,5
38732,39,39
38736,2,2
38737,14,14
38740,3,3
38744,2,2
38746,6,6
38748,8,9
38751,45,45
38752,1,1
38753,5,6
38754,10,11
38756,16,16
38759,2,2
38760,3,3
38761,10,10
38762,9,9
38764,2,2
38766,1,1
38767,1,1
38768,1,1
38769,3,3
38771,7,7
38773,12,13
38774,10,10
38778,2,2
38780,1,1
38781,1,1
38801,72,76
38802,3,3
38803,5,5
38804,47,51
38809,1,1
38812,1,1
38821,41,41
38823,1,1
38824,19,19
38826,15,16
38827,5,5
38828,3,3
38829,47,49
38833,4,5
38834,82,84
38835,4,4
38838,2,2
38841,10,10
38843,28,28
38844,1,1
38846,4,4
38847,7,7
38848,1,2
38849,17,17
38850,13,14
38851,30,30
38852,22,22
38855,8,8
38856,2,2
38857,10,10
38858,19,19
38859,1,1
38860,29,30
38861,1,1
38862,11,11
38863,52,55
38864,3,3
38865,13,13
38866,23,24
38868,18,19
38869,2,2
38870,6,6
38871,3,3
38873,8,8
38878,4,4
38879,9,9
38886,1,1
38893,1,1
38901,79,82
38902,6,6
38904,1,1
38906,1,1
38913,1,1
38914,1,2
38915,13,13
38916,16,16
38917,7,7
38920,1,1
38921,33,33
38922,15,15
38923,7,8
38924,2,2
38925,8,8
38927,8,8
38928,2,2
38929,7,7
38930,100,106
38935,2,2
38940,5,6
38941,18,18
38943,1,1
38946,1,1
38947,2,2
38948,7,8
38949,1,1
38950,1,1
38951,4,4
38952,2,2
38953,3,3
38954,3,3
38957,2,2
38963,7,7
38965,32,33
38966,8,8
38967,21,21
39006,1,1
39024,2,2
39034,1,1
39038,29,32
39039,17,17
39040,10,11
39041,23,24
39042,105,110
39043,3,4
39044,8,8
39045,3,3
39046,109,113
39047,94,98
39051,34,35
39053,1,1
39054,1,1
39056,80,85
39057,9,9
39059,49,51
39060,3,3
39061,1,1
39062,2,2
39063,24,25
39066,17,17
39067,3,3
39069,29,30
39071,15,15
39072,1,1
39073,54,54
39074,42,45
39076,1,1
39078,1,1
39079,6,6
39080,1,1
39082,2,2
39083,35,37
39086,3,3
39090,36,37
39092,9,10
39094,14,14
39095,31,31
39096,8,8
39097,7,8
39102,1,1
39108,9,10
39110,99,108
39111,36,38
39114,27,27
39115,1,1
39116,8,8
39117,26,29
39119,17,18
39120,93,95
39121,3,3
39122,2,2
39130,3,3
39139,1,1
39140,12,12
39144,3,3
39145,12,13
39146,12,12
39149,8,8
39150,23,25
39151,1,1
39152,2,2
39153,15,15
39154,36,38
39157,71,72
39158,3,3
39159,11,11
39160,10,10
39162,1,1
39163,2,2
39166,4,4
39167,2,2
39168,23,25
39169,6,6
39170,25,26
39173,1,1
39174,1,1
39175,25,25
39176,9,10
39179,2,2
39180,112,116
39182,4,4
39183,43,43
39189,21,21
39190,1,1
39191,18,20
39192,3,3
39194,63,64
39196,1,1
39201,2,3
39202,18,18
39203,19,19
39204,57,58
39205,2,2
39206,131,133
39207,2,2
39208,93,95
39209,118,121
39210,1,1
39211,65,66
39212,124,127
39213,86,88
39216,13,13
39218,22,24
39232,23,24
39248,3,3
39272,59,62
39279,1,1
39280,1,1
39282,1,1
39288,2,2
39292,1,1
39296,1,1
39301,56,60
39302,2,3
39303,1,1
39304,1,1
39305,45,48
39307,37,40
39309,1,1
39320,4,4
39322,8,9
39325,12,12
39327,8,8
39328,16,17
39330,9,10
39331,1,1
39332,5,5
39333,1,1
39335,6,6
39336,7,7
39337,4,4
39338,9,9
39339,53,56
39341,33,33
39342,4,4
39345,16,16
39346,5,5
39347,3,3
39348,2,2
39350,92,101
39355,17,17
39356,5,5
39358,3,3
39359,3,3
39360,16,16
39361,4,4
39362,11,11
39363,3,3
39364,5,5
39365,18,19
39366,6,6
39367,52,53
39370,1,1
39391,1,1
39401,119,122
39402,95,100
39404,5,6
39405,1,1
39406,1,1
39416,1,1
39421,19,21
39422,18,18
39423,11,11
39424,1,1
39425,9,9
39426,44,46
39427,4,4
39428,35,36
39429,58,58
39436,1,1
39437,39,41
39439,19,20
39440,78,79
39441,3,3
39442,1,1
39443,55,57
39448,1,1
39451,8,9
39452,83,91
39455,29,30
39456,3,4
39457,2,3
39459,8,9
39461,1,1
39462,8,9
39464,5,5
39465,63,65
39466,88,92
39470,27,27
39474,24,24
39475,31,32
39476,37,38
39477,6,6
39478,12,13
39479,17,17
39480,8,10
39481,4,4
39482,25,26
39483,22,22
39501,84,87
39502,1,1
39503,146,154
39504,1,1
39505,11,11
39506,6,7
39507,51,53
39520,38,41
39521,2,2
39524,2,2
39525,22,24
39530,24,24
39531,48,49
39532,98,101
39533,3,4
39534,1,1
39535,1,1
39537,1,1
39540,27,28
39552,2,2
39553,58,61
39554,1,1
39555,2,2
39556,23,23
39558,2,2
39560,59,63
39561,7,7
39562,47,50
39563,79,81
39564,91,95
39565,43,47
39566,1,1
39567,25,26
39568,2,2
39571,30,31
39572,5,5
39573,23,25
39574,26,28
39576,13,13
39577,35,38
39581,30,31
39585,1,1
39601,69,74
39602,1,1
39603,1,1
39627,1,1
39629,14,15
39630,3,3
39631,10,10
39632,1,1
39633,7,7
39638,16,16
39641,12,14
39643,8,8
39645,14,14
39647,3,3
39648,73,75
39649,6,6
39650,1,1
39651,1,1
39652,25,26
39653,1,1
39654,13,14
39655,1,1
39656,6,6
39657,6,6
39661,9,9
39662,6,6
39663,16,17
39664,9,10
39665,2,2
39666,26,27
39667,38,39
39668,2,2
39669,19,19
39676,1,1
39701,44,44
39702,84,85
39703,1,1
39704,2,2
39705,44,45
39730,31,32
39735,11,11
39736,2,2
39737,2,2
39739,9,9
39740,8,8
39741,7,7
39743,3,3
39744,16,16
39745,6,6
39746,10,10
39747,10,10
39750,9,9
39751,3,3
39752,4,4
39753,1,1
39755,3,3
39756,6,6
39759,105,106
39766,8,8
39769,10,10
39772,7,7
39773,66,67
39776,2,2
39813,6,6
39815,5,5
39817,24,25
39818,2,2
39819,25,25
39823,24,24
39825,1,1
39826,1,1
39827,5,5
39828,40,42
39834,9,9
39836,1,1
39837,11,13
39840,20,22
39841,3,3
39842,25,26
39845,26,27
39846,7,7
39847,1,1
39851,5,5
39854,11,11
39859,1,1
39861,3,3
39862,8,8
39866,4,4
39867,4,4
39870,9,9
39877,2,2
39885,1,1
39886,3,3
39897,9,9
39909,1,1
39999,1,1
40001,1,1
40003,7,7
40004,83,85
40006,13,13
40008,11,11
40009,2,2
40011,5,5
40012,2,2
40013,8,8
40014,43,45
40019,13,14
40022,2,2
40023,11,12
40026,10,11
40030,1,1
40031,51,53
40033,34,35
40037,8,8
40040,1,1
40045,7,7
40046,3,3
40047,60,62
40048,1,1
40050,5,5
40051,15,16
40052,3,3
40055,4,4
40056,4,4
40057,12,13
40059,44,47
40060,1,1
40062,1,1
40065,85,91
40066,1,2
40067,11,12
40068,6,6
40069,31,32
40070,1,1
40071,37,38
40075,2,2
40076,5,5
40077,4,4
40078,11,11
40086,1,1
40092,1,1
40104,3,3
40107,6,6
40108,25,27
40109,9,9
40110,1,1
40111,8,8
40115,1,1
40117,4,4
40118,19,20
40119,4,4
40121,7,7
40135,1,1
40140,4,4
40142,5,5
40143,10,10
40144,3,3
40145,2,2
40146,4,4
40150,8,9
40157,1,1
40160,82,84
40162,16,17
40165,89,93
40170,1,1
40171,2,2
40175,35,35
40176,2,2
40177,3,3
40178,1,1
40188,1,1
40200,1,1
40201,1,1
40202,17,17
40203,48,49
40204,26,27
40205,36,36
40206,48,49
40207,56,60
40208,30,30
40209,3,3
40210,68,69
40211,96,98
40212,68,69
40213,48,51
40214,113,116
40215,50,52
40216,158,163
40217,30,30
40218,103,105
40219,123,125
40220,102,106
40222,50,52
40223,56,57
40225,1,1
40227,1,1
40228,50,51
40229,107,110
40233,1,1
40241,68,68
40242,35,36
40243,29,31
40244,1,1
40245,87,88
40250,2,2
40251,1,1
40253,4,4
40255,1,2
40257,1,1
40258,69,71
40259,1,1
40266,1,1
40269,1,1
40272,110,111
40275,1,1
40285,2,2
40291,108,114
40299,97,99
40303,1,1
40310,2,2
40311,17,18
40312,16,17
40313,8,9
40316,1,1
40317,4,4
40321,1,1
40322,6,6
40324,121,125
40328,2,2
40330,48,51
40334,1,1
40335,1,1
40336,36,37
40337,14,14
40342,71,76
40346,1,1
40347,10,10
40348,1,1
40351,41,45
40353,57,58
40355,2,2
40356,134,142
40358,4,4
40359,16,16
40360,19,21
40361,45,47
40362,1,1
40363,1,1
40370,8,9
40371,9,9
40372,3,3
40374,2,2
40379,13,14
40380,17,18
40383,63,67
40385,15,15
40387,6,6
40390,11,11
40391,105,112
40401,1,1
40402,7,8
40403,68,72
40409,8,8
40415,1,1
40419,10,10
40422,67,73
40432,1,1
40437,11,13
40440,7,7
40442,3,3
40444,44,45
40445,2,2
40447,8,8
40452,2,2
40456,27,29
40460,6,6
40461,4,4
40464,3,3
40465,1,1
40468,6,6
40471,1,1
40472,5,5
40475,158,164
40476,3,5
40484,38,40
40486,6,6
40489,7,7
40500,1,1
40502,57,59
40503,67,68
40504,65,67
40505,97,100
40506,2,2
40507,1,2
40508,48,48
40509,120,128
40510,5,5
40511,115,117
40512,1,1
40513,31,34
40514,36,38
40515,104,107
40516,8,8
40517,106,114
40522,3,3
40523,1,1
40536,2,3
40544,2,2
40553,1,1
40555,3,3
40560,1,1
40562,2,2
40576,1,1
40586,1,1
40591,1,1
40601,158,167
40602,2,2
40633,1,1
40637,1,1
40701,76,83
40702,8,10
40712,1,1
40729,18,18
40730,2,2
40734,10,11
40737,1,1
40740,13,13
40741,68,71
40743,4,4
40744,41,42
40745,1,1
40755,1,1
40759,9,9
40769,37,40
40771,3,3
40801,2,3
40806,8,8
40807,3,3
40810,4,4
40813,1,1
40815,8,9
40819,2,2
40823,11,13
40824,2,3
40826,1,1
40827,1,1
40828,6,6
40829,2,2
40830,1,1
40831,15,16
40843,1,1
40844,1,1
40847,2,2
40850,1,1
40854,2,2
40855,2,2
40862,2,2
40863,1,1
40868,3,3
40870,6,6
40873,4,5
40874,1,1
40902,6,7
40903,1,2
40906,21,22
40915,2,3
40923,5,5
40927,1,1
40930,2,2
40935,3,3
40939,3,4
40940,1,1
40943,3,3
40949,2,3
40953,1,1
40955,1,1
40962,33,39
40965,36,38
40972,3,3
40977,16,19
40982,1,1
40988,1,1
40995,2,2
41001,46,47
41002,10,10
41003,6,7
41004,7,8
41005,54,56
41006,8,8
41007,13,13
41008,19,20
41010,8,8
41011,66,70
41012,1,1
41014,11,11
41015,42,47
41016,8,8
41017,80,84
41018,73,76
41030,15,16
41031,51,53
41033,1,1
41034,5,5
41035,22,23
41037,1,1
41039,7,7
41040,9,10
41041,23,23
41042,127,131
41043,4,5
41044,8,8
41045,5,5
41046,2,2
41047,1,1
41048,42,44
41049,8,9
41051,79,85
41055,7,7
41056,42,44
41059,10,10
41063,17,18
41064,1,1
41065,1,1
41070,1,1
41071,52,52
41073,23,23
41074,16,16
41075,32,34
41076,44,50
41080,1,1
41083,2,2
41085,2,2
41086,9,9
41089,1,1
41091,41,43
41092,4,4
41093,8,8
41094,31,33
41095,8,9
41097,17,17
41098,2,2
41101,65,70
41102,74,76
41104,1,1
41105,1,1
41121,4,5
41124,1,1
41129,35,36
41132,2,3
41135,1,1
41139,24,26
41141,5,5
41143,29,32
41144,34,38
41146,3,3
41149,3,3
41164,31,33
41166,3,3
41168,6,6
41169,17,18
41171,7,7
41173,1,1
41175,18,18
41176,1,1
41179,24,28
41180,2,3
41181,1,1
41183,2,2
41189,7,8
41201,1,1
41203,4,4
41204,4,4
41213,1,1
41214,3,4
41216,4,4
41219,3,3
41222,18,19
41224,15,16
41226,1,1
41230,32,32
41231,4,4
41232,1,1
41234,3,3
41238,5,5
41240,23,23
41254,1,1
41255,2,2
41256,5,5
41257,2,2
41260,3,3
41262,6,6
41263,2,2
41264,3,3
41265,5,5
41267,2,2
41268,1,1
41274,4,4
41301,12,13
41304,1,1
41311,9,10
41314,11,12
41317,1,1
41332,5,5
41339,27,27
41344,1,1
41348,7,7
41365,2,2
41367,1,1
41385,3,3
41390,1,1
41397,2,2
41408,2,2
41409,1,1
41410,1,1
41419,1,1
41421,2,2
41425,4,4
41465,26,26
41472,22,22
41501,64,67
41502,8,9
41503,1,1
41512,3,4
41513,2,2
41514,12,13
41519,4,4
41522,17,18
41524,2,2
41527,2,2
41528,4,4
41531,5,5
41534,2,2
41535,1,2
41537,17,17
41538,1,1
41539,9,9
41544,2,2
41547,2,2
41548,2,2
41552,1,1
41553,8,9
41554,7,7
41555,3,3
41557,6,6
41558,2,2
41559,2,2
41560,1,1
41562,13,13
41563,2,2
41564,5,6
41566,4,4
41567,1,1
41568,3,3
41571,4,4
41572,19,20
41601,4,4
41602,4,4
41603,7,7
41604,4,4
41605,2,2
41606,1,1
41607,2,2
41615,3,3
41616,1,1
41619,1,1
41630,2,2
41631,1,1
41635,6,6
41640,5,5
41642,3,3
41645,1,2
41647,3,3
41649,11,11
41650,2,2
41653,26,27
41655,5,6
41659,2,2
41660,1,1
41666,5,5
41667,1,1
41669,2,2
41701,42,45
41702,11,12
41712,1,1
41713,1,1
41716,1,1
41719,3,3
41721,2,2
41722,6,6
41727,4,4
41729,3,5
41731,3,3
41735,2,2
41739,1,1
41740,2,2
41745,1,1
41746,4,4
41749,18,20
41754,1,1
41763,4,4
41764,3,3
41772,2,2
41773,6,6
41774,6,6
41776,6,7
41777,2,2
41778,1,2
41803,1,1
41804,4,4
41810,2,2
41812,1,1
41815,1,1
41817,2,2
41818,1,1
41819,3,3
41821,3,3
41822,8,8
41824,5,5
41825,1,1
41826,6,8
41828,5,5
41831,5,6
41833,4,4
41834,5,5
41836,3,3
41837,5,5
41838,1,1
41839,1,1
41840,5,5
41843,2,2
41844,3,4
41845,2,2
41849,1,1
41858,27,28
41862,2,2
42001,71,75
42002,7,7
42003,67,70
42020,3,3
42021,4,4
42023,8,8
42024,2,2
42025,24,26
42027,5,6
42029,14,14
42031,7,7
42032,1,1
42035,2,2
42036,4,4
42038,14,15
42039,2,2
42040,3,3
42041,10,11
42044,10,10
42045,5,8
42048,4,6
42049,6,6
42050,6,6
42051,6,6
42053,10,10
42054,2,2
42055,9,9
42056,2,2
42058,8,8
42064,15,17
42066,47,48
42069,4,6
42071,47,50
42076,3,3
42078,4,4
42079,2,2
42081,5,6
42082,6,7
42083,2,2
42085,4,4
42086,16,18
42087,8,8
42088,5,5
42101,129,138
42102,1,1
42103,38,41
42104,59,60
42107,1,1
42120,4,5
42122,16,17
42127,14,14
42129,9,9
42130,1,1
42133,3,3
42134,46,49
42135,3,3
42141,61,65
42142,1,1
42150,1,1
42151,1,1
42154,1,1
42157,1,1
42158,1,1
42159,2,2
42160,3,3
42164,34,39
42166,4,4
42167,13,13
42170,3,3
42171,18,18
42202,5,6
42206,11,11
42207,3,3
42210,10,12
42211,32,32
42214,1,1
42215,5,5
42217,8,8
42219,1,1
42220,19,20
42223,10,10
42232,2,2
42234,4,4
42240,152,155
42241,3,3
42254,1,1
42256,7,8
42259,2,2
42261,20,20
42262,9,9
42265,2,2
42266,15,16
42274,8,8
42275,4,4
42276,47,48
42285,3,3
42286,6,6
42301,101,107
42302,1,1
42303,86,88
42305,1,1
42309,1,1
42320,22,22
42321,1,1
42323,5,5
42324,2,2
42325,8,9
42327,8,8
42328,6,7
42330,18,18
42333,3,3
42337,2,2
42339,1,1
42343,6,6
42344,5,6
42345,19,19
42347,22,23
42348,10,10
42350,1,1
42351,7,8
42352,3,3
42354,1,1
42355,2,2
42361,2,2
42366,11,11
42367,4,4
42368,4,4
42370,1,1
42371,1,1
42372,8,8
42374,1,1
42376,11,11
42378,8,9
42404,10,10
42406,3,3
42408,15,15
42409,9,10
42410,8,8
42411,8,8
42413,11,12
42419,3,4
42420,83,85
42431,84,85
42436,3,3
42437,17,19
42440,3,4
42441,1,1
42442,10,11
42444,1,1
42445,32,33
42450,9,9
42451,2,2
42452,5,5
42453,2,2
42455,2,2
42456,14,14
42457,1,1
42458,1,1
42459,16,17
42462,3,3
42464,4,4
42501,48,48
42503,51,53
42515,1,1
42518,5,5
42519,8,8
42528,3,3
42533,3,3
42539,31,33
42544,18,18
42553,13,13
42565,1,1
42566,5,5
42567,18,22
42602,23,25
42603,2,2
42606,1,1
42629,18,18
42631,1,1
42633,46,48
42634,3,3
42635,10,10
42638,2,3
42641,1,1
42642,44,45
42647,3,3
42649,8,8
42653,8,8
42701,110,115
42702,2,2
42707,1,1
42711,1,1
42712,2,2
42713,3,4
42715,1,1
42716,1,1
42717,12,12
42718,64,66
42719,1,1
42721,5,5
42722,2,2
42724,7,7
42726,6,6
42728,42,47
42729,4,4
42732,2,2
42733,3,3
42736,1,1
42740,2,2
42741,1,1
42742,1,1
42743,20,21
42746,3,3
42748,24,28
42749,11,11
42753,4,4
42754,31,33
42757,4,4
42759,3,4
42765,13,15
42776,5,5
42777,1,1
42782,5,5
42784,3,3
43000,1,1
43001,2,2
43003,8,9
43004,76,77
43006,3,3
43007,3,3
43008,7,7
43009,10,11
43011,16,17
43013,3,3
43014,12,12
43015,133,139
43016,70,71
43017,83,88
43018,1,1
43019,22,24
43021,26,27
43022,4,4
43023,18,18
43025,21,21
43026,139,146
43028,25,27
43029,1,1
43030,1,1
43031,28,29
43032,1,1
43035,56,58
43036,1,1
43040,70,72
43044,13,14
43045,5,5
43046,12,12
43050,73,73
43054,46,50
43055,144,153
43056,43,44
43058,2,2
43060,7,7
43061,11,12
43062,81,83
43064,30,34
43065,75,79
43066,3,3
43067,1,1
43068,182,188
43070,1,1
43071,9,11
43072,16,17
43074,23,24
43076,33,33
43078,46,46
43080,10,10
43081,140,148
43082,57,59
43084,1,1
43085,65,68
43101,3,3
43102,9,10
43103,31,33
43105,21,21
43106,4,4
43107,6,7
43109,1,1
43110,124,130
43111,1,1
43112,11,11
43113,58,60
43115,3,3
43116,7,7
43119,76,77
43123,179,186
43125,61,63
43126,1,1
43128,9,9
43130,156,162
43135,5,5
43136,5,5
43137,12,13
43138,33,35
43140,56,59
43143,13,14
43145,4,4
43146,19,19
43147,119,124
43148,6,7
43149,9,9
43150,5,5
43151,3,3
43152,1,1
43153,1,1
43154,11,11
43155,10,11
43157,2,2
43160,68,69
43162,21,23
43164,6,6
43199,1,1
43201,32,33
43202,32,33
43203,33,34
43204,103,106
43205,40,41
43206,76,76
43207,173,181
43209,76,79
43210,2,2
43211,90,92
43212,25,25
43213,104,106
43214,61,65
43215,28,29
43216,1,1
43217,8,9
43219,107,108
43220,52,53
43221,67,68
43222,15,16
43223,70,73
43224,130,131
43227,92,93
43228,141,147
43229,187,194
43230,143,146
43231,61,61
43232,194,202
43235,74,76
43236,1,1
43240,5,5
43273,1,1
43290,1,1
43301,1,1
43302,120,126
43310,8,9
43311,42,46
43313,1,1
43314,7,7
43315,21,21
43316,24,24
43317,3,3
43318,4,4
43319,4,4
43320,1,1
43323,1,1
43324,9,9
43326,31,31
43331,13,14
43332,3,3
43333,2,2
43334,18,18
43336,1,1
43337,2,2
43338,22,23
43340,4,6
43341,1,1
43342,5,5
43343,4,4
43344,15,15
43345,1,1
43347,2,2
43348,5,5
43351,30,31
43356,2,2
43357,16,16
43358,7,7
43359,2,2
43360,4,4
43402,61,63
43406,6,6
43407,1,1
43408,1,1
43410,38,39
43412,5,5
43413,3,3
43416,5,5
43420,105,112
43430,12,12
43431,14,14
43432,4,4
43435,2,2
43437,1,1
43438,1,1
43440,12,13
43442,4,4
43443,8,8
43445,1,1
43447,12,14
43449,16,17
43450,9,10
43451,4,4
43452,49,51
43456,3,3
43457,3,3
43458,2,2
43460,20,20
43462,1,1
43464,6,7
43465,17,17
43466,5,6
43469,6,6
43501,3,3
43502,13,14
43505,2,2
43506,32,34
43510,1,1
43511,2,2
43512,90,92
43515,19,19
43516,7,7
43517,6,6
43518,12,12
43521,8,8
43522,12,12
43523,1,1
43524,2,2
43525,1,1
43526,8,9
43527,3,3
43528,59,63
43529,2,2
43532,8,8
43533,3,3
43534,3,3
43536,3,3
43537,78,80
43540,1,1
43541,1,1
43542,9,10
43543,14,15
43545,30,32
43547,1,1
43548,1,1
43549,3,3
43551,114,118
43552,2,2
43553,2,2
43554,4,4
43555,2,2
43556,6,6
43557,12,14
43558,38,39
43560,67,70
43565,1,2
43566,25,26
43567,30,30
43569,7,8
43570,3,3
43571,18,18
43602,8,8
43604,24,25
43605,70,71
43606,61,64
43607,90,92
43608,55,59
43609,53,57
43610,12,13
43611,67,70
43612,84,90
43613,96,99
43614,91,97
43615,148,151
43616,62,65
43617,19,22
43618,1,1
43619,26,27
43620,15,15
43621,1,1
43623,62,65
43624,2,2
43635,2,3
43647,1,1
43650,1,1
43666,1,1
43671,1,1
43701,141,147
43702,2,2
43713,20,21
43716,3,3
43717,2,2
43718,7,7
43719,8,9
43720,3,3
43721,1,1
43722,2,2
43723,9,9
43724,15,17
43725,40,42
43727,5,5
43728,1,1
43730,4,5
43731,16,16
43732,3,3
43733,1,1
43734,3,4
43735,1,1
43738,1,1
43739,4,4
43746,7,7
43748,4,4
43749,5,5
43754,1,2
43755,5,5
43756,11,11
43758,3,3
43759,1,1
43760,11,11
43762,18,18
43764,26,26
43766,5,5
43767,2,2
43771,5,5
43772,5,5
43773,2,2
43777,9,9
43778,5,5
43779,1,1
43780,9,10
43782,1,1
43783,12,13
43786,1,1
43787,8,8
43788,5,7
43791,1,1
43793,15,15
43801,1,1
43802,2,2
43804,4,4
43811,3,3
43812,55,55
43821,8,8
43822,9,10
43824,5,6
43830,12,13
43831,1,1
43832,15,16
43837,2,2
43840,4,4
43843,2,2
43844,14,14
43845,9,9
43901,10,11
43903,8,9
43906,27,27
43907,14,16
43908,2,2
43910,10,11
43912,15,15
43913,4,4
43915,8,8
43917,8,8
43920,67,70
43925,1,1
43926,3,3
43927,2,3
43928,1,1
43930,3,3
43931,1,1
43932,4,4
43933,8,8
43935,32,34
43938,14,14
43939,1,1
43940,2,3
43942,5,5
43943,11,12
43944,10,10
43945,5,5
43946,4,4
43947,22,22
43950,45,46
43951,1,1
43952,60,63
43953,36,37
43961,1,1
43963,6,6
43964,29,31
43968,22,22
43971,3,3
43972,1,1
43973,9,9
43976,6,6
43977,8,10
43981,2,2
43986,6,7
43988,2,2
44001,61,65
44003,17,17
44004,86,87
44005,4,4
44010,8,10
44011,63,66
44012,61,62
44013,1,1
44017,41,43
44021,16,19
44022,22,24
44023,45,46
44024,64,67
44026,32,32
44028,30,30
44030,49,51
44032,4,4
44034,1,1
44035,201,210
44036,2,2
44039,123,133
44040,14,15
44041,43,45
44044,37,41
44045,5,5
44046,2,2
44047,23,23
44048,8,8
44050,18,19
44052,116,121
44053,68,70
44054,51,56
44055,74,78
44056,48,49
44057,60,65
44060,182,199
44061,1,1
44062,30,31
44064,6,7
44065,9,9
44067,66,66
44068,3,3
44070,99,105
44072,12,12
44074,31,33
44076,19,19
44077,155,163
44081,21,21
44082,2,2
44084,10,11
44085,10,10
44086,10,10
44087,80,86
44089,49,51
44090,22,22
44092,47,53
44093,4,4
44094,111,116
44095,97,102
44099,7,7
44101,6,8
44102,145,147
44103,73,77
44104,100,101
44105,160,165
44106,95,96
44107,110,119
44108,122,126
44109,132,142
44110,104,105
44111,135,142
44112,108,112
44113,44,47
44114,23,23
44115,23,23
44116,47,48
44117,65,70
44118,164,167
44119,65,67
44120,164,169
44121,149,153
44122,127,134
44123,79,85
44124,127,131
44125,121,126
44126,57,59
44127,24,26
44128,172,174
44129,96,101
44130,167,177
44131,60,62
44132,66,73
44133,90,92
44134,117,121
44135,120,129
44136,71,76
44137,137,143
44138,70,77
44139,64,66
44140,32,32
44141,43,44
44142,62,67
44143,97,103
44144,76,77
44145,82,88
44146,145,149
44147,53,57
44149,36,38
44158,1,1
44181,1,1
44195,9,9
44201,14,17
44202,71,76
44203,115,122
44205,1,1
44210,2,2
44212,129,134
44214,2,2
44215,7,7
44216,21,21
44217,14,15
44221,84,88
44223,42,43
44224,105,109
44230,18,18
44231,20,21
44233,17,17
44234,4,4
44235,6,6
44236,46,50
44240,77,79
44241,55,57
44250,6,7
44251,1,1
44253,12,13
44254,15,16
44255,30,33
44256,152,159
44258,2,2
44260,38,41
44262,13,15
44264,5,5
44266,107,115
44270,32,35
44272,21,22
44273,22,23
44275,7,7
44276,7,7
44278,51,53
44280,15,16
44281,67,71
44285,3,3
44286,12,12
44287,26,27
44288,9,10
44301,42,42
44302,28,29
44303,17,17
44304,11,11
44305,65,67
44306,70,72
44307,47,49
44308,3,3
44310,97,100
44311,22,23
44312,94,99
44313,82,83
44314,52,54
44317,1,1
44319,70,75
44320,112,112
44321,44,45
44322,1,1
44323,1,1
44326,2,2
44333,44,46
44334,2,2
44401,3,3
44402,6,6
44403,13,13
44404,5,5
44405,27,27
44406,68,72
44408,31,31
44410,48,51
44411,10,10
44412,2,3
44413,19,19
44414,1,1
44417,2,3
44418,5,5
44420,43,50
44423,5,6
44424,2,2
44425,45,45
44427,2,2
44428,8,8
44429,11,12
44430,18,19
44431,9,9
44432,32,33
44436,15,15
44437,17,17
44438,17,17
44440,11,12
44441,6,7
44442,7,7
44443,4,4
44444,16,17
44445,11,11
44446,50,52
44449,7,7
44450,5,5
44451,7,7
44452,6,6
44454,2,3
44455,3,3
44460,57,62
44470,14,14
44471,41,42
44473,13,13
44480,1,1
44481,32,35
44482,1,1
44483,77,81
44484,57,62
44485,50,50
44490,1,1
44491,10,10
44501,3,3
44502,36,36
44503,4,4
44504,22,23
44505,85,87
44506,16,16
44507,21,21
44509,36,36
44510,10,10
44511,72,74
44512,116,125
44513,1,1
44514,76,79
44515,87,89
44526,1,1
44537,1,1
44540,1,1
44601,79,80
44606,16,16
44608,8,8
44609,15,16
44611,5,5
44612,17,17
44613,2,2
44614,43,47
44615,24,25
44618,11,11
44620,2,2
44621,8,9
44622,33,34
44624,9,9
44626,9,9
44627,9,11
44629,8,10
44632,18,20
44633,6,6
44634,3,3
44636,1,1
44637,4,4
44638,5,5
44641,48,49
44643,12,13
44644,7,7
44645,7,7
44646,121,126
44647,45,46
44651,2,3
44653,1,1
44654,19,19
44656,7,7
44657,25,25
44659,1,1
44661,2,2
44662,23,25
44663,71,74
44666,8,8
44667,26,27
44669,2,2
44671,2,2
44672,14,14
44676,15,15
44677,7,7
44680,10,10
44681,13,13
44683,21,21
44685,86,92
44688,11,14
44690,2,2
44691,125,131
44695,3,3
44699,2,3
44701,5,5
44702,2,2
44703,11,12
44704,10,10
44705,52,55
44706,37,37
44707,19,20
44708,56,61
44709,41,45
44710,24,24
44714,19,19
44718,23,25
44720,94,98
44721,35,37
44727,1,1
44730,17,17
44779,1,1
44802,4,4
44804,2,2
44805,79,85
44807,3,3
44809,2,2
44811,31,31
44813,16,17
44814,4,4
44817,4,4
44818,3,3
44820,43,44
44822,16,17
44824,10,11
44825,2,2
44826,3,3
44827,25,25
44830,33,35
44833,51,52
44836,7,7
44837,8,10
44838,1,1
44839,37,38
44840,6,6
44841,4,4
44842,16,16
44843,4,4
44844,2,2
44846,6,7
44847,5,5
44849,7,7
44850,2,2
44851,8,8
44853,7,7
44854,5,5
44855,2,2
44857,61,64
44859,3,3
44861,1,1
44864,8,8
44865,10,10
44866,3,3
44867,5,6
44870,135,143
44873,1,1
44874,2,2
44875,31,31
44878,7,7
44880,10,10
44882,4,4
44883,85,90
44887,5,5
44889,16,17
44890,26,28
44901,1,1
44902,19,19
44903,62,64
44904,34,36
44905,34,37
44906,51,51
44907,37,39
44912,1,1
45001,3,3
45002,37,37
45003,3,3
45005,84,87
45011,178,189
45012,1,1
45013,117,122
45014,117,123
45015,26,28
45030,45,48
45034,4,4
45036,83,87
45039,68,68
45040,118,122
45042,74,77
45044,159,165
45050,27,27
45051,1,1
45052,11,11
45053,6,7
45054,8,8
45055,1,1
45056,39,40
45062,2,2
45064,7,7
45065,19,20
45066,57,58
45067,32,32
45068,27,29
45069,128,133
45070,1,1
45101,7,7
45102,69,75
45103,91,93
45104,1,1
45105,2,2
45106,34,34
45107,30,31
45111,2,2
45112,2,2
45113,10,10
45118,10,10
45120,11,11
45121,12,12
45122,37,42
45123,23,23
45130,16,18
45133,65,68
45135,12,12
45140,109,113
45142,11,13
45144,11,11
45145,1,1
45146,7,7
45148,3,3
45150,67,69
45152,30,30
45153,13,13
45154,37,38
45155,1,1
45156,2,2
45157,27,28
45158,1,1
45159,8,8
45160,3,3
45162,10,10
45164,1,1
45167,13,13
45168,2,2
45169,20,22
45171,15,15
45174,3,3
45176,34,34
45177,55,57
45201,2,2
45202,43,45
45203,13,13
45204,19,19
45205,52,55
45206,39,40
45207,18,18
45208,33,34
45209,13,13
45211,135,139
45212,53,59
45213,30,30
45214,24,24
45215,106,109
45216,37,37
45217,27,28
45218,11,13
45219,30,31
45220,23,24
45223,37,40
45224,65,69
45225,30,34
45226,10,10
45227,57,59
45229,67,69
45230,64,68
45231,182,187
45232,26,26
45233,40,42
45236,77,80
45237,99,102
45238,126,131
45239,102,106
45240,126,127
45241,76,78
45242,63,68
45243,33,34
45244,66,69
45245,59,61
45246,59,62
45247,52,53
45248,60,65
45249,29,30
45250,2,2
45251,52,54
45252,12,12
45254,2,2
45255,59,61
45257,1,1
45258,1,1
45301,2,2
45302,5,6
45303,3,3
45304,13,13
45305,20,22
45306,5,5
45307,1,1
45308,10,10
45309,36,39
45310,2,2
45311,20,20
45312,2,2
45314,9,9
45315,14,14
45316,1,1
45318,11,11
45319,1,1
45320,45,46
45321,5,5
45322,58,61
45323,22,22
45324,107,110
45325,9,9
45326,4,4
45327,27,30
45330,1,1
45331,54,56
45332,3,3
45333,5,5
45334,6,6
45335,21,24
45337,2,2
45338,13,14
45339,5,5
45340,4,4
45341,10,10
45342,95,96
45344,51,52
45345,16,16
45346,7,7
45347,16,16
45348,3,3
45350,1,1
45354,3,3
45356,55,55
45359,3,3
45360,2,2
45361,1,1
45362,2,2
45363,5,6
45365,86,89
45368,7,7
45369,6,6
45370,6,6
45371,52,55
45373,91,92
45377,37,37
45380,12,12
45381,21,22
45382,3,3
45383,13,14
45384,2,2
45385,131,135
45387,18,18
45388,3,3
45390,4,4
45402,34,34
45403,41,42
45404,25,25
45405,89,90
45406,89,91
45407,6,6
45408,10,10
45409,11,12
45410,53,55
45413,1,1
45414,50,53
45415,49,52
45416,37,38
45417,103,104
45418,6,6
45419,26,26
45420,83,88
45424,158,170
45426,92,96
45427,10,10
45429,64,65
45430,22,22
45431,63,63
45432,42,43
45433,5,6
45434,29,29
45439,37,40
45440,53,55
45442,1,1
45446,1,1
45449,51,51
45458,71,73
45459,73,74
45472,1,1
45475,1,1
45489,1,1
45501,1,1
45502,54,56
45503,103,107
45504,43,44
45505,62,64
45506,53,57
45564,1,1
45601,147,151
45612,9,9
45613,8,8
45614,15,15
45616,3,3
45617,1,1
45618,1,1
45619,22,22
45620,1,1
45623,10,11
45628,9,11
45629,9,9
45631,46,47
45634,9,10
45638,70,74
45640,48,48
45644,8,8
45645,7,7
45647,8,8
45648,35,37
45651,21,23
45652,7,7
45653,12,13
45654,3,3
45656,17,17
45657,5,5
45658,9,9
45659,6,6
45660,15,16
45661,15,17
45662,66,69
45663,11,13
45669,26,28
45671,1,1
45672,6,7
45673,1,1
45674,1,1
45678,2,2
45679,8,8
45680,43,45
45681,3,3
45682,7,7
45684,2,2
45685,2,2
45686,11,11
45687,1,2
45688,1,1
45690,40,40
45692,25,26
45693,10,10
45694,36,40
45695,2,3
45696,4,4
45697,12,13
45698,1,1
45701,23,24
45710,14,17
45711,2,2
45713,1,1
45714,31,32
45715,4,4
45716,1,1
45719,4,4
45723,12,12
45724,4,4
45727,1,2
45729,3,3
45732,9,9
45735,2,2
45740,1,1
45741,1,1
45742,7,7
45743,4,4
45744,4,4
45745,2,2
45746,1,1
45750,61,61
45760,6,6
45761,3,3
45764,10,11
45766,1,1
45767,14,14
45768,6,6
45769,17,17
45770,3,3
45771,8,8
45772,6,6
45775,1,1
45776,5,5
45778,4,4
45779,1,1
45780,11,13
45784,4,4
45786,8,8
45788,4,4
45801,63,64
45802,2,2
45804,52,54
45805,61,64
45806,25,27
45807,27,28
45810,15,17
45812,9,9
45813,13,14
45814,8,8
45815,1,1
45817,16,16
45819,1,1
45821,3,3
45822,30,31
45826,1,1
45827,6,6
45828,10,11
45830,13,14
45831,8,9
45832,5,5
45833,23,26
45839,1,1
45840,139,144
45841,2,2
45843,7,7
45844,5,5
45845,8,8
45846,8,8
45849,4,4
45850,12,12
45853,7,7
45855,1,1
45856,12,15
45858,9,9
45860,2,2
45861,1,1
45862,6,6
45863,1,1
45865,9,9
45867,5,5
45868,2,2
45869,5,6
45871,6,6
45872,13,14
45873,8,8
45874,6,6
45875,16,18
45876,4,5
45877,2,2
45879,13,14
45880,9,9
45881,5,5
45882,11,12
45883,6,6
45884,1,1
45885,28,28
45886,1,1
45887,11,12
45888,2,2
45889,1,1
45890,2,2
45891,49,52
45894,1,1
45895,48,49
45896,5,5
45897,1,1
45899,2,3
45904,1,1
46001,33,36
46003,1,1
46011,60,63
46012,35,35
46013,46,47
46015,2,2
46016,56,58
46017,24,28
46018,1,1
46023,2,2
46026,1,1
46030,11,11
46031,6,6
46032,86,89
46033,83,87
46034,19,19
46035,4,4
46036,30,32
46037,75,76
46038,101,105
46040,33,36
46041,61,66
46042,1,1
46043,1,1
46044,8,8
46048,5,5
46049,2,2
46050,1,1
46051,3,3
46052,58,62
46055,37,38
46056,11,11
46057,1,1
46058,7,7
46060,78,80
46061,2,2
46062,67,69
46064,24,25
46065,7,7
46067,1,1
46068,9,9
46069,20,21
46070,8,8
46071,13,14
46072,33,36
46074,67,70
46075,19,20
46076,5,6
46077,52,54
46080,1,1
46082,3,3
46102,1,1
46104,1,1
46105,8,10
46106,17,17
46107,33,34
46111,1,1
46112,97,108
46113,56,60
46115,2,2
46117,3,4
46118,10,10
46119,1,1
46120,16,16
46121,19,19
46122,50,51
46123,102,105
46124,17,18
46126,15,16
46128,7,7
46130,9,10
46131,76,79
46132,1,1
46133,3,3
46135,40,41
46140,129,132
46142,78,81
46143,133,138
46147,11,11
46148,17,18
46149,2,2
46150,1,1
46151,92,96
46153,1,1
46155,1,1
46156,2,2
46157,16,17
46158,76,79
46160,14,14
46161,9,9
46163,36,38
46164,11,11
46165,6,6
46166,3,3
46167,23,24
46168,81,83
46170,2,2
46171,5,5
46172,3,3
46173,22,22
46175,2,2
46176,64,66
46180,2,2
46181,10,10
46182,4,4
46183,1,1
46184,32,32
46186,4,4
46201,91,99
46202,59,60
46203,85,88
46204,13,13
46205,99,103
46206,2,2
46208,83,87
46212,1,1
46213,1,1
46214,75,77
46216,12,12
46217,83,84
46218,153,158
46219,100,104
46220,96,100
46221,93,98
46222,136,140
46224,95,97
46225,16,18
46226,209,216
46227,156,160
46228,56,56
46229,119,122
46231,26,28
46232,1,1
46234,86,90
46235,104,108
46236,86,91
46237,105,108
46238,1,1
46239,92,97
46240,53,54
46241,83,90
46242,1,1
46248,1,1
46250,47,47
46251,1,1
46253,1,1
46254,174,177
46255,1,1
46256,69,71
46258,1,1
46259,35,35
46260,117,119
46268,115,120
46278,27,28
46280,20,22
46285,1,1
46293,1,1
46301,3,3
46302,1,1
46303,38,40
46304,68,74
46306,2,2
46307,189,198
46308,1,1
46310,35,36
46311,67,68
46312,105,112
46317,1,1
46319,71,75
46320,61,66
46321,54,55
46322,76,81
46323,76,82
46324,78,83
46325,1,1
46326,1,1
46327,35,35
46328,1,1
46340,7,7
46341,30,33
46342,85,89
46344,1,1
46345,1,1
46346,3,3
46347,11,12
46348,4,5
46349,11,11
46350,126,133
46352,3,3
46356,54,56
46360,148,155
46361,1,1
46362,1,1
46365,3,3
46366,7,7
46367,1,1
46368,156,164
46371,5,6
46373,55,58
46374,4,4
46375,65,69
46377,2,3
46381,1,1
46382,2,2
46383,114,119
46385,133,142
46390,9,9
46391,18,19
46392,23,25
46394,24,25
46401,3,3
46402,19,19
46403,57,60
46404,102,107
46405,31,34
46406,46,48
46407,47,49
46408,79,82
46409,55,56
46410,205,211
46411,6,6
46453,1,1
46454,1,1
46501,11,12
46504,8,8
46505,1,1
46506,20,21
46507,28,28
46508,1,1
46510,9,10
46511,5,6
46514,103,106
46515,1,1
46516,74,79
46517,53,56
46524,4,4
46526,60,60
46527,1,1
46528,51,51
46530,49,55
46531,2,2
46532,2,2
46534,31,33
46536,9,9
46537,1,1
46538,12,12
46539,6,6
46540,21,21
46542,15,15
46543,4,4
46544,69,70
46545,53,55
46546,1,1
46550,31,32
46552,13,15
46553,8,8
46554,5,5
46555,3,3
46556,2,2
46561,26,29
46562,16,17
46563,62,67
46565,9,9
46567,23,23
46570,6,6
46571,6,6
46573,10,11
46574,15,15
46580,58,58
46582,39,41
46590,13,14
46601,20,21
46613,35,35
46614,71,75
46615,35,36
46616,16,17
46617,28,28
46619,59,61
46628,76,77
46632,1,1
46635,21,21
46637,36,39
46701,19,21
46702,5,6
46703,28,30
46705,1,1
46706,48,50
46710,9,10
46711,13,16
46714,34,36
46721,7,7
46723,17,17
46725,47,49
46730,5,5
46732,4,4
46733,56,58
46737,19,22
46738,21,23
46740,6,6
46741,6,6
46742,15,15
46743,5,5
46745,5,6
46746,11,11
46747,8,8
46748,11,12
46750,60,63
46755,43,46
46760,3,3
46761,29,29
46763,3,3
46764,3,3
46765,10,11
46767,17,18
46768,1,1
46770,9,9
46771,1,1
46772,2,2
46773,3,3
46774,54,57
46775,1,1
46776,3,3
46777,14,16
46779,3,4
46781,4,4
46783,21,22
46784,6,7
46785,3,3
46787,16,17
46788,1,1
46792,8,9
46793,8,9
46794,2,2
46795,13,13
46797,3,3
46798,5,5
46799,3,3
46802,28,28
46803,33,34
46804,78,81
46805,55,55
46806,108,110
46807,47,48
46808,47,48
46809,25,25
46814,36,37
46815,67,71
46816,75,77
46818,53,56
46819,27,27
46825,89,90
46835,93,94
46837,1,1
46845,47,50
46853,1,1
46861,1,1
46867,1,1
46885,1,1
46895,1,1
46901,101,103
46902,106,113
46903,2,2
46910,9,11
46911,4,4
46913,4,4
46914,4,5
46915,1,1
46917,3,3
46919,4,4
46920,1,1
46922,2,2
46923,15,17
46926,3,3
46928,13,14
46929,10,11
46931,1,1
46932,8,9
46933,16,17
46936,13,15
46938,8,10
46939,6,6
46940,8,9
46941,1,1
46943,1,1
46946,1,1
46947,64,65
46950,3,3
46951,4,4
46952,60,65
46953,58,60
46957,3,3
46958,1,2
46959,1,1
46960,6,6
46962,16,18
46970,64,67
46972,1,1
46974,3,3
46975,29,30
46976,1,1
46978,8,9
46979,12,14
46982,5,5
46985,2,2
46986,2,2
46987,2,2
46988,1,1
46989,10,11
46990,4,4
46991,5,5
46992,44,46
46994,5,6
46996,18,18
47001,22,22
47003,2,2
47006,23,23
47011,3,3
47012,17,17
47016,1,1
47018,7,7
47020,4,5
47022,2,2
47023,3,3
47024,8,8
47025,60,63
47030,4,4
47031,14,14
47032,6,6
47036,4,4
47037,4,4
47038,5,6
47040,21,22
47041,13,15
47042,10,10
47043,11,11
47060,13,13
47079,1,1
47102,28,30
47106,10,11
47108,6,6
47110,1,1
47111,39,43
47112,37,38
47114,1,1
47115,3,3
47116,3,3
47117,12,12
47118,3,3
47119,24,24
47120,3,3
47122,18,18
47124,9,10
47125,10,10
47126,11,11
47129,42,43
47130,134,140
47135,1,1
47136,13,14
47138,16,17
47140,7,7
47141,5,6
47142,1,1
47143,5,5
47145,6,6
47146,1,1
47147,1,1
47150,134,141
47151,1,1
47161,12,12
47162,1,1
47163,1,1
47164,3,3
47165,14,14
47167,52,56
47170,27,29
47172,44,47
47175,3,3
47176,2,2
47177,2,2
47201,90,94
47202,3,3
47203,79,80
47220,6,6
47223,2,2
47224,3,3
47226,1,1
47227,6,6
47229,3,3
47230,4,4
47231,5,5
47232,8,9
47234,3,3
47235,3,3
47240,52,56
47241,3,3
47243,14,14
47244,1,1
47246,8,9
47250,62,64
47257,1,1
47260,4,4
47263,2,2
47264,3,3
47265,32,35
47270,3,3
47272,7,7
47273,4,4
47274,62,63
47280,3,3
47281,3,3
47282,1,1
47283,8,9
47302,59,60
47303,48,49
47304,69,72
47305,12,12
47306,1,1
47307,1,1
47320,11,11
47325,4,4
47326,4,4
47327,12,13
47330,17,17
47331,55,56
47334,5,5
47336,17,17
47338,8,10
47339,2,2
47340,6,6
47341,8,8
47342,4,4
47345,3,3
47346,14,14
47348,19,19
47351,1,1
47352,4,4
47353,13,13
47355,5,5
47356,14,15
47357,3,3
47358,3,4
47359,9,10
47360,6,6
47361,1,1
47362,77,80
47363,1,2
47366,2,2
47368,8,8
47369,7,7
47371,38,41
47373,3,3
47374,133,143
47380,4,5
47381,2,2
47382,2,3
47383,9,9
47384,8,8
47385,9,9
47386,8,9
47387,3,3
47388,2,2
47390,10,10
47393,2,2
47394,34,37
47396,16,17
47401,66,71
47402,1,1
47403,67,68
47404,41,43
47407,1,1
47408,17,18
47420,3,3
47421,69,74
47424,24,26
47427,4,4
47429,24,26
47431,3,3
47432,8,8
47433,6,7
47436,4,5
47438,11,13
47441,22,23
47443,3,3
47446,17,19
47447,1,1
47448,20,22
47449,1,1
47451,4,5
47452,12,12
47454,22,23
47456,4,4
47457,1,1
47459,15,16
47460,32,33
47462,12,12
47463,1,1
47465,1,1
47468,3,3
47469,2,2
47470,1,1
47471,7,7
47484,1,1
47501,37,37
47512,7,7
47513,3,3
47514,1,1
47515,2,2
47516,1,1
47519,3,5
47520,6,6
47521,1,1
47523,9,10
47524,1,1
47527,3,3
47528,1,1
47529,4,4
47531,5,5
47532,14,16
47533,1,1
47537,2,3
47541,4,4
47542,17,17
47546,39,39
47550,2,2
47553,16,17
47556,1,1
47557,3,4
47558,2,2
47561,4,4
47562,8,8
47564,6,6
47567,23,23
47568,1,1
47575,1,1
47576,1,1
47577,4,4
47578,3,3
47579,4,4
47580,1,1
47581,7,8
47586,33,33
47588,2,2
47590,1,2
47591,42,47
47597,2,2
47598,11,12
47601,36,38
47610,12,12
47611,2,2
47612,3,3
47613,1,1
47615,6,7
47619,3,3
47620,34,34
47630,72,73
47631,1,1
47633,8,8
47634,10,11
47635,14,15
47636,1,1
47638,11,11
47639,14,15
47640,4,5
47648,10,10
47649,6,6
47660,11,13
47665,12,12
47666,3,3
47670,26,27
47706,1,2
47710,54,57
47711,64,66
47712,58,61
47713,31,32
47714,95,97
47715,70,76
47716,1,1
47717,1,1
47720,33,36
47725,34,36
47728,2,2
47743,1,1
47747,1,1
47751,1,1
47772,1,1
47802,71,75
47803,58,64
47804,20,21
47805,42,44
47807,23,24
47809,2,2
47831,1,2
47832,2,2
47833,6,6
47834,38,38
47837,5,5
47838,7,8
47840,7,8
47841,4,4
47842,26,28
47846,5,6
47847,2,2
47848,6,7
47849,1,1
47850,4,4
47855,2,2
47857,2,2
47858,4,4
47860,1,1
47861,3,3
47862,5,5
47863,1,1
47868,6,6
47871,1,1
47872,21,22
47874,8,9
47875,1,1
47876,1,1
47879,5,5
47881,2,2
47882,19,19
47884,1,1
47885,19,19
47901,4,4
47903,2,2
47904,22,23
47905,97,100
47906,69,75
47907,2,2
47909,104,108
47917,2,3
47918,15,15
47920,4,4
47921,2,2
47922,6,6
47923,7,7
47924,1,1
47925,1,1
47926,7,8
47928,3,3
47929,2,2
47930,4,4
47932,10,10
47933,69,73
47936,1,1
47941,2,2
47942,1,1
47943,1,1
47944,7,7
47946,4,4
47948,2,2
47949,2,2
47950,4,4
47951,5,5
47952,5,5
47954,5,5
47955,2,2
47957,7,7
47959,1,1
47960,39,42
47963,3,3
47967,2,2
47968,3,3
47970,4,4
47971,6,7
47974,6,6
47975,4,4
47978,21,22
47979,1,1
47980,6,7
47981,3,3
47982,1,1
47983,1,1
47987,11,11
47989,5,5
47990,1,1
47991,3,3
47992,4,4
47993,8,8
47994,1,1
47995,6,6
48001,46,47
48002,9,11
48003,16,16
48005,11,12
48006,11,12
48009,53,53
48014,8,8
48015,31,31
48017,33,35
48021,163,168
48022,2,2
48023,14,14
48025,53,54
48026,48,53
48027,5,6
48028,4,4
48030,50,56
48032,7,7
48033,98,104
48034,91,91
48035,107,110
48036,79,83
48037,6,6
48038,132,136
48039,24,25
48040,28,29
48041,12,12
48042,77,85
48043,51,51
48044,138,141
48045,81,87
48046,1,1
48047,116,120
48048,20,20
48049,12,13
48050,3,3
48051,45,46
48054,14,14
48057,2,2
48059,42,43
48060,115,122
48061,2,2
48062,25,25
48063,10,10
48064,12,12
48065,28,28
48066,188,192
48067,80,86
48068,2,2
48069,5,5
48070,11,11
48071,99,107
48072,40,42
48073,87,92
48074,23,23
48075,118,121
48076,146,154
48079,34,35
48080,87,90
48081,71,74
48082,60,63
48083,72,75
48084,34,34
48085,85,89
48087,1,1
48088,69,73
48089,92,95
48090,1,1
48091,104,108
48092,73,78
48093,73,74
48094,57,63
48095,19,20
48096,12,12
48097,17,17
48098,56,59
48099,2,2
48101,86,87
48103,138,141
48104,55,57
48105,69,70
48106,3,3
48107,1,1
48108,72,74
48109,1,1
48111,186,188
48112,1,1
48114,62,65
48115,1,1
48116,55,58
48117,28,29
48118,34,34
48120,32,34
48121,2,2
48122,33,34
48123,1,1
48124,94,99
48125,72,74
48126,139,145
48127,146,151
48128,31,31
48129,1,1
48130,31,33
48131,21,22
48132,1,1
48133,19,19
48134,70,73
48135,95,101
48136,1,1
48137,11,11
48138,33,33
48139,1,1
48140,3,3
48141,137,139
48143,3,3
48144,29,30
48145,8,8
48146,134,140
48150,72,73
48152,82,83
48154,128,131
48157,3,3
48158,25,26
48159,11,12
48160,34,34
48161,69,71
48162,104,108
48164,29,31
48165,14,15
48166,29,29
48167,47,50
48168,44,45
48169,51,52
48170,105,111
48173,39,39
48174,157,158
48175,2,3
48176,54,56
48178,81,86
48179,13,13
48180,219,221
48181,1,1
48182,59,59
48183,128,134
48184,78,80
48185,150,156
48186,142,144
48187,156,168
48188,158,159
48189,43,47
48190,4,4
48191,14,15
48192,65,67
48193,49,50
48195,104,107
48197,223,226
48198,192,194
48201,45,45
48202,67,67
48203,116,118
48204,115,117
48205,193,195
48206,70,72
48207,99,103
48208,48,48
48209,87,90
48210,80,82
48211,27,28
48212,124,128
48213,127,132
48214,99,100
48215,63,63
48216,13,13
48217,31,31
48218,32,33
48219,272,283
48220,86,92
48221,198,204
48223,128,129
48224,226,231
48225,84,85
48226,17,17
48227,240,246
48228,232,237
48229,31,31
48230,45,48
48231,2,2
48234,185,193
48235,250,257
48236,78,82
48237,137,139
48238,123,126
48239,176,180
48240,79,81
48243,2,2
48268,1,1
48273,1,1
48277,1,1
48288,1,1
48298,1,1
48301,31,31
48302,43,43
48304,46,46
48306,63,63
48307,113,115
48309,73,76
48310,171,181
48312,118,127
48313,78,82
48314,62,64
48315,95,98
48316,67,69
48317,64,66
48320,14,15
48321,1,1
48322,106,108
48323,51,55
48324,57,60
48325,1,1
48326,67,72
48327,62,63
48328,78,80
48329,81,85
48330,2,2
48331,66,70
48332,2,2
48333,1,1
48334,56,56
48335,65,70
48336,77,78
48340,85,87
48341,75,76
48342,81,83
48346,67,67
48347,1,1
48348,68,73
48350,20,21
48353,16,16
48356,25,25
48357,29,30
48359,38,42
48360,39,44
48361,2,2
48362,44,47
48363,15,17
48366,2,2
48367,7,7
48370,2,2
48371,71,72
48374,44,46
48375,57,60
48376,1,1
48377,37,37
48380,25,26
48381,36,38
48382,63,65
48383,25,27
48386,49,50
48390,68,69
48393,57,62
48401,1,1
48410,1,1
48411,1,1
48412,17,17
48413,16,16
48414,8,9
48415,23,24
48416,10,10
48417,12,13
48418,11,11
48419,10,10
48420,53,55
48421,19,20
48422,11,12
48423,81,82
48427,4,4
48428,14,14
48429,24,24
48430,95,97
48431,1,1
48433,63,66
48435,7,7
48436,11,11
48437,2,2
48438,18,19
48439,149,156
48441,14,16
48442,63,63
48444,26,26
48445,2,3
48446,84,86
48449,6,6
48450,7,7
48451,38,38
48453,14,14
48454,6,6
48455,20,21
48456,2,3
48457,15,15
48458,70,74
48460,8,8
48461,24,26
48462,31,31
48463,16,16
48464,3,3
48465,1,1
48466,6,6
48467,3,3
48468,6,6
48469,2,3
48470,1,1
48471,13,13
48472,6,6
48473,60,62
48475,5,5
48492,1,1
48501,5,5
48502,1,1
48503,82,85
48504,123,123
48505,84,85
48506,68,71
48507,95,101
48509,31,32
48512,1,1
48515,1,1
48519,28,29
48529,28,29
48532,76,81
48548,2,2
48601,194,197
48602,95,97
48603,80,82
48604,36,36
48605,2,2
48607,9,10
48608,1,1
48609,36,36
48610,18,18
48611,12,12
48612,22,22
48613,2,2
48614,3,4
48615,8,8
48616,19,20
48617,28,29
48618,11,11
48619,2,2
48621,3,3
48622,17,17
48623,31,33
48624,45,45
48625,47,49
48626,17,18
48628,2,2
48629,25,25
48631,13,13
48632,13,13
48634,9,9
48635,1,1
48636,3,3
48637,4,4
48638,33,33
48640,68,71
48641,2,2
48642,72,73
48647,11,11
48649,6,6
48650,17,19
48651,9,9
48652,6,6
48653,16,16
48654,10,10
48655,18,19
48656,9,12
48657,12,12
48658,9,9
48659,5,5
48661,30,30
48662,3,3
48701,2,2
48702,1,1
48703,10,10
48705,2,2
48706,106,111
48707,1,1
48708,65,67
48720,4,5
48721,1,1
48722,13,14
48723,23,24
48724,3,3
48725,6,6
48726,19,20
48727,6,8
48728,1,1
48729,2,2
48730,8,9
48731,5,5
48732,28,31
48733,6,6
48734,16,16
48735,1,1
48737,5,5
48738,4,4
48739,12,12
48740,10,10
48742,9,9
48744,14,14
48745,5,5
48746,20,20
48747,2,2
48748,5,5
48749,3,3
48750,16,16
48755,8,8
48756,15,15
48757,9,9
48759,11,11
48760,2,2
48761,4,4
48762,11,11
48763,10,10
48764,1,1
48765,3,3
48766,4,4
48767,2,2
48768,37,37
48770,5,5
48801,25,27
48804,2,2
48805,2,2
48806,3,3
48807,2,2
48808,17,17
48809,31,32
48811,9,9
48813,59,60
48815,7,7
48816,1,1
48817,11,12
48818,4,4
48819,9,9
48820,52,58
48821,16,18
48822,10,10
48823,71,76
48827,54,57
48829,5,5
48831,11,11
48832,5,5
48834,6,6
48835,7,7
48836,41,41
48837,49,50
48838,50,51
48840,35,36
48841,2,2
48842,62,64
48843,109,113
48844,2,2
48846,55,57
48847,22,22
48848,20,20
48849,12,13
48850,10,10
48851,6,6
48854,44,44
48855,32,33
48856,2,2
48857,7,7
48858,84,85
48860,2,2
48861,4,4
48864,55,58
48865,4,4
48866,14,14
48867,71,73
48870,1,1
48871,6,6
48872,16,16
48873,2,2
48875,26,27
48876,6,6
48877,9,9
48878,5,5
48879,32,33
48880,22,22
48881,12,13
48883,14,14
48884,8,8
48885,4,4
48886,6,7
48888,18,19
48889,3,4
48890,9,9
48891,9,9
48892,9,9
48893,13,13
48894,3,3
48895,28,28
48896,1,1
48897,4,4
48906,77,78
48908,1,1
48910,108,115
48911,165,169
48912,57,58
48915,31,32
48917,119,120
48933,16,16
48944,1,1
49001,63,64
49002,51,54
49003,2,2
49004,36,36
49006,39,42
49007,32,33
49008,36,36
49009,111,119
49010,43,43
49011,10,10
49012,5,5
49013,12,13
49014,56,59
49015,86,86
49016,3,4
49017,74,76
49021,20,20
49022,130,130
49023,1,1
49024,77,77
49026,10,12
49028,12,12
49029,5,6
49030,5,5
49031,27,27
49032,12,13
49033,5,6
49034,4,4
49036,65,67
49037,63,63
49038,29,31
49040,6,6
49042,12,13
49043,10,10
49045,17,17
49046,19,19
49047,36,37
49048,76,76
49050,3,3
49051,3,3
49052,3,3
49053,17,17
49055,18,22
49056,9,9
49057,23,25
49058,34,35
49060,5,5
49061,5,5
49064,13,14
49065,20,20
49066,1,1
49067,11,11
49068,42,44
49070,7,7
49071,30,30
49072,5,5
49073,12,12
49075,3,3
49076,10,10
49078,20,20
49079,42,42
49080,35,35
49081,1,1
49082,9,9
49083,18,18
49085,64,67
49087,10,10
49088,7,7
49089,3,3
49090,33,36
49091,61,63
49092,6,6
49093,43,45
49094,8,8
49095,2,2
49096,10,10
49097,31,31
49098,18,18
49099,9,9
49101,9,10
49102,4,4
49103,26,27
49106,10,10
49107,29,33
49111,11,11
49112,20,20
49113,5,5
49116,3,3
49117,9,10
49119,2,2
49120,87,89
49125,7,7
49126,5,5
49127,33,34
49128,13,14
49129,2,3
49130,8,8
49135,1,1
49201,98,100
49202,57,58
49203,122,124
49204,1,1
49206,1,1
49220,5,5
49221,127,130
49224,53,54
49227,11,11
49228,15,15
49229,10,11
49230,34,35
49232,4,4
49233,6,6
49234,10,11
49235,5,5
49236,16,17
49237,2,2
49238,8,9
49240,30,32
49241,4,4
49242,40,41
49245,15,15
49246,3,3
49247,11,11
49248,2,2
49249,11,11
49250,14,14
49251,16,16
49252,4,5
49253,13,13
49254,10,10
49255,1,1
49256,12,13
49259,9,9
49260,1,1
49261,2,2
49262,2,2
49264,10,11
49265,16,16
49266,6,7
49267,11,11
49268,2,2
49269,16,16
49270,7,7
49271,5,5
49272,8,8
49274,6,6
49276,3,4
49277,6,6
49279,5,5
49282,1,1
49283,9,9
49284,4,4
49285,10,11
49286,45,46
49287,9,9
49301,49,49
49302,19,20
49303,3,3
49304,19,20
49305,5,5
49306,16,17
49307,33,34
49309,3,3
49310,10,11
49315,63,64
49316,45,46
49318,6,6
49319,63,64
49320,3,3
49321,47,50
49322,6,6
49323,24,24
49325,5,5
49326,9,10
49327,23,23
49328,12,12
49329,29,29
49330,12,13
49331,42,44
49332,9,9
49333,32,32
49335,2,2
49336,13,13
49337,39,42
49338,4,4
49339,5,5
49340,5,5
49341,109,111
49342,2,2
49343,18,18
49344,15,15
49345,41,42
49346,17,18
49347,6,6
49348,34,35
49349,24,26
49390,1,1
49396,1,1
49401,19,20
49402,4,4
49403,8,8
49404,19,20
49405,4,4
49406,2,2
49408,27,27
49410,6,6
49411,5,5
49412,38,41
49415,20,21
49417,73,76
49418,72,72
49419,19,20
49420,15,15
49421,20,21
49422,2,2
49423,110,112
49424,151,157
49425,10,11
49426,86,89
49428,65,67
49431,52,54
49435,13,13
49436,3,3
49437,17,18
49439,1,1
49440,5,5
49441,110,113
49442,136,138
49443,1,1
49444,104,105
49445,53,53
49446,12,12
49448,11,11
49449,11,12
49450,13,13
49451,17,18
49452,4,4
49453,6,6
49454,6,6
49455,16,16
49456,55,55
49457,28,28
49458,3,3
49459,5,5
49460,19,19
49461,30,30
49463,1,2
49464,68,70
49465,1,1
49470,1,1
49479,1,1
49483,1,1
49501,3,4
49503,92,95
49504,101,104
49505,92,95
49506,76,80
49507,120,122
49508,150,156
49509,84,85
49510,1,1
49512,40,41
49514,1,1
49519,84,85
49525,85,90
49534,46,49
49541,1,1
49544,24,24
49546,76,78
49548,94,96
49549,1,1
49592,1,1
49601,53,55
49610,2,2
49611,2,2
49612,4,4
49613,2,2
49614,3,3
49615,7,7
49616,8,8
49617,12,15
49618,2,2
49619,3,3
49620,11,11
49621,3,3
49622,8,8
49623,6,6
49625,6,6
49626,2,2
49627,1,1
49629,4,4
49630,5,5
49631,16,16
49632,3,3
49633,11,11
49635,8,8
49636,3,3
49637,11,11
49638,2,2
49639,4,5
49640,5,5
49642,5,5
49643,18,19
49644,6,6
49645,4,4
49646,27,27
49648,3,3
49649,11,11
49650,7,7
49651,20,20
49653,5,5
49654,3,3
49655,9,9
49656,6,6
49657,4,4
49659,16,17
49660,36,38
49663,7,7
49664,8,8
49665,11,11
49666,1,1
49668,9,9
49670,8,8
49674,1,1
49675,7,7
49676,6,6
49677,10,10
49679,7,7
49680,6,6
49682,10,10
49683,6,6
49684,60,63
49685,34,36
49686,62,64
49688,8,8
49689,2,2
49690,19,19
49696,16,19
49701,3,3
49705,1,1
49706,13,13
49707,65,69
49709,6,6
49710,1,1
49711,1,1
49712,26,26
49713,8,8
49715,6,6
49716,2,2
49718,3,3
49719,1,1
49720,24,26
49721,30,30
49724,4,4
49725,2,2
49726,2,2
49727,14,15
49728,1,1
49729,5,5
49730,2,2
49733,3,3
49734,1,1
49735,41,42
49738,24,25
49740,17,17
49743,2,2
49744,7,7
49745,4,4
49746,11,11
49747,3,3
49749,8,8
49751,4,4
49752,1,1
49753,5,5
49755,1,1
49756,9,9
49757,1,1
49759,6,6
49762,2,2
49764,2,2
49765,5,6
49766,8,8
49769,7,7
49770,27,27
49774,2,2
49776,4,4
49777,5,5
49779,5,5
49780,4,4
49781,6,6
49782,2,2
49783,46,47
49788,7,7
49793,1,1
49795,10,11
49796,1,1
49797,1,1
49799,4,4
49801,36,37
49802,15,17
49805,1,2
49806,1,1
49807,11,11
49812,1,1
49814,3,4
49815,2,2
49817,1,1
49818,2,2
49820,1,1
49821,1,1
49825,1,1
49827,4,4
49829,41,45
49831,3,3
49834,1,1
49835,2,2
49836,2,2
49837,22,23
49840,1,1
49841,7,8
49847,6,6
49848,1,1
49849,29,29
49853,3,4
49854,10,11
49855,68,72
49858,32,32
49861,3,3
49862,7,7
49864,1,1
49866,17,19
49868,3,3
49870,6,6
49871,2,2
49872,2,2
49876,1,1
49878,7,7
49879,4,4
49880,2,2
49881,2,2
49884,1,1
49885,2,2
49886,1,1
49887,4,4
49892,4,4
49893,3,4
49894,2,2
49895,2,2
49896,5,5
49901,1,1
49903,1,1
49905,1,1
49908,7,8
49911,1,1
49912,4,5
49913,12,12
49915,3,3
49916,3,3
49917,1,1
49919,1,1
49920,9,10
49922,1,1
49925,1,1
49927,2,3
49930,11,14
49931,8,9
49933,1,1
49934,2,2
49935,13,14
49938,22,22
49945,6,6
49946,8,9
49947,1,1
49948,1,1
49950,1,1
49953,2,3
49955,1,1
49958,3,3
49963,1,1
49964,2,2
49967,2,2
49968,2,2
49969,6,6
49971,2,2
50001,3,3
50002,3,3
50003,10,10
50005,4,4
50006,7,7
50007,2,2
50009,60,61
50010,42,42
50012,1,1
50013,1,1
50014,40,41
50020,5,6
50021,58,60
50022,20,21
50023,56,59
50024,1,1
50025,13,13
50026,2,2
50027,1,1
50028,4,4
50032,4,4
50034,2,2
50035,16,17
50036,42,45
50039,2,2
50042,1,1
50044,2,2
50047,19,21
50049,16,16
50050,1,1
50051,1,1
50054,7,7
50055,2,2
50056,3,3
50058,7,7
50060,8,8
50061,6,6
50063,9,10
50065,1,2
50067,1,1
50068,1,1
50069,1,1
50070,4,5
50071,5,5
50072,3,3
50073,2,2
50074,3,3
50075,1,1
50076,7,7
50105,1,1
50107,2,2
50108,2,2
50109,6,7
50111,27,29
50112,23,24
50115,7,7
50117,1,1
50118,2,2
50120,2,2
50122,7,7
50123,2,2
50124,5,5
50125,50,52
50126,16,17
50128,1,1
50129,13,13
50130,3,3
50131,47,48
50134,1,1
50135,8,8
50136,1,1
50138,31,32
50139,3,3
50140,6,6
50141,3,3
50142,2,2
50143,3,3
50144,8,8
50146,5,5
50147,3,3
50149,1,1
50150,4,4
50151,7,8
50153,1,1
50154,1,1
50155,1,1
50156,7,8
50157,1,1
50158,79,80
50160,1,1
50161,2,2
50164,1,1
50166,3,3
50167,5,6
50168,2,2
50169,7,8
50170,10,10
50171,8,8
50173,2,2
50174,2,2
50178,1,1
50201,22,22
50206,2,2
50207,7,7
50208,62,63
50210,6,6
50211,30,30
50212,9,9
50213,22,23
50215,1,1
50216,8,10
50217,2,2
50218,1,1
50219,35,36
50220,29,30
50222,1,1
50223,1,1
50225,13,13
50226,14,14
50228,1,1
50230,4,4
50232,1,1
50233,1,1
50234,1,1
50235,1,1
50236,2,2
50237,6,6
50238,6,6
50239,1,1
50240,7,7
50242,2,2
50244,2,2
50246,1,1
50247,5,5
50248,7,7
50249,4,4
50250,8,9
50251,1,1
50256,1,1
50257,1,1
50258,4,4
50259,1,1
50261,3,3
50263,45,47
50264,1,1
50265,88,90
50266,53,56
50268,1,1
50269,1,1
50273,22,22
50274,1,1
50275,1,1
50276,5,5
50277,4,4
50278,2,2
50301,1,1
50305,2,2
50306,1,1
50309,32,32
50310,81,84
50311,36,37
50312,34,36
50313,61,63
50314,43,45
50315,121,124
50316,57,59
50317,137,142
50319,1,1
50320,55,59
50321,27,28
50322,99,101
50323,26,26
50324,6,6
50325,37,38
50327,28,28
50401,79,84
50402,1,1
50420,4,4
50421,9,11
50423,3,3
50424,6,6
50427,1,1
50428,25,28
50430,1,1
50431,1,1
50433,2,3
50434,1,1
50435,4,5
50436,18,19
50438,17,18
50440,1,1
50441,19,20
50444,2,2
50446,1,1
50447,3,4
50449,2,2
50450,5,6
50451,2,2
50452,3,3
50453,1,1
50456,1,2
50457,2,2
50458,5,5
50459,9,10
50460,3,3
50461,7,7
50464,1,1
50466,5,5
50468,4,5
50469,6,6
50470,1,1
50471,1,1
50472,3,3
50473,1,1
50475,2,2
50477,3,3
50478,1,1
50479,1,1
50480,1,1
50482,4,5
50483,1,1
50484,2,3
50499,1,1
50501,66,69
50510,1,1
50511,29,29
50514,4,6
50516,2,2
50517,3,3
50519,2,2
50522,4,4
50523,3,3
50524,2,2
50525,7,7
50528,2,2
50529,1,1
50530,1,1
50532,2,2
50533,12,13
50535,4,4
50536,12,12
50538,2,3
50539,2,2
50540,4,5
50542,2,2
50543,4,4
50545,1,1
50548,13,13
50554,3,3
50557,1,1
50558,5,5
50559,1,1
50560,2,2
50561,2,2
50563,5,5
50565,3,3
50568,2,2
50569,3,3
50574,10,10
50575,3,3
50576,1,1
50578,3,3
50579,10,10
50581,4,5
50583,7,8
50585,2,2
50588,39,39
50590,2,2
50592,1,1
50595,25,26
50597,3,3
50598,5,5
50599,1,1
50601,12,12
50602,6,6
50604,2,2
50606,3,3
50612,1,1
50613,64,66
50616,24,24
50619,5,5
50621,2,2
50622,7,7
50623,2,2
50624,6,6
50625,4,4
50626,2,2
50627,9,9
50628,1,1
50629,8,8
50630,2,2
50631,1,1
50632,7,8
50635,3,3
50636,5,5
50638,8,8
50641,1,1
50643,8,8
50644,17,18
50645,2,2
50647,4,4
50648,16,16
50649,1,1
50650,1,1
50651,7,7
50654,1,1
50655,1,1
50658,11,12
50659,11,11
50660,3,3
50662,19,22
50664,2,2
50665,7,7
50666,5,5
50668,2,2
50669,7,7
50670,3,3
50672,2,2
50673,1,1
50674,6,6
50675,5,5
50676,7,7
50677,22,23
50680,3,3
50681,1,1
50682,2,2
50701,63,64
50702,42,42
50703,75,79
50704,1,1
50706,1,1
50707,23,23
50738,1,1
50801,31,31
50830,2,3
50833,5,5
50835,2,2
50836,2,2
50837,2,2
50840,3,4
50841,10,11
50845,1,1
50846,1,1
50848,3,3
50849,4,4
50851,3,3
50854,10,12
50859,1,1
50861,2,2
50862,1,1
50863,2,2
50864,4,4
50912,1,1
51001,6,6
51002,5,5
51003,3,4
51005,3,3
51006,5,5
51007,1,1
51010,5,5
51011,1,1
51012,14,17
51016,2,2
51019,2,3
51022,2,2
51023,8,8
51024,6,6
51025,4,4
51026,1,1
51027,2,2
51028,5,5
51030,3,3
51031,25,27
51033,1,1
51034,5,5
51035,4,4
51036,1,1
51037,2,2
51038,3,3
51039,8,8
51040,9,9
51041,12,12
51045,1,1
51046,3,4
51047,3,3
51048,1,1
51050,6,6
51052,5,5
51053,4,4
51054,17,17
51055,4,4
51056,3,3
51058,4,4
51060,2,2
51061,1,1
51062,2,2
51063,1,1
51083,1,1
51101,3,3
51102,2,2
51103,66,70
51104,54,58
51105,20,22
51106,66,68
51108,21,21
51109,8,9
51111,1,1
51176,1,1
51201,16,16
51230,1,1
51232,2,2
51234,1,1
51235,5,5
51237,3,3
51238,2,2
51239,5,5
51240,3,3
51241,9,9
51243,1,1
51245,2,2
51246,7,8
51247,9,10
51248,6,6
51249,9,9
51250,9,9
51257,1,1
51301,39,40
51331,8,8
51333,3,3
51334,20,22
51342,2,2
51345,2,2
51346,7,7
51347,2,2
51350,1,1
51351,18,18
51354,5,5
51355,1,1
51357,4,4
51358,4,4
51360,23,25
51363,2,2
51364,4,5
51365,2,2
51366,1,1
51401,33,34
51430,1,1
51431,2,2
51433,4,4
51436,1,1
51440,3,3
51442,24,24
51443,9,9
51444,2,2
51445,12,13
51447,1,1
51448,1,1
51449,5,5
51450,4,5
51451,1,1
51453,3,3
51454,4,4
51455,2,2
51458,4,4
51461,3,3
51462,4,5
51463,5,6
51465,3,3
51466,2,2
51467,2,2
51501,125,129
51502,2,2
51503,121,126
51510,8,8
51520,1,1
51521,7,7
51525,2,2
51526,4,4
51527,4,5
51528,2,2
51529,4,5
51530,2,2
51531,4,4
51532,1,1
51533,2,2
51534,29,29
51535,5,5
51536,1,2
51537,14,15
51540,2,2
51541,1,1
51542,1,1
51543,1,1
51544,1,1
51545,1,1
51546,7,7
51549,1,1
51551,7,7
51553,3,3
51554,1,1
51555,19,20
51556,1,1
51557,2,2
51558,1,1
51559,4,5
51560,6,6
51561,1,1
51562,1,1
51563,2,2
51564,1,1
51565,1,1
51566,17,17
51570,3,3
51571,4,4
51572,5,5
51573,4,4
51575,4,4
51576,2,3
51577,2,2
51579,3,3
51601,12,12
51607,1,1
51631,1,1
51632,13,13
51636,2,2
51637,1,1
51638,6,6
51639,2,2
51640,4,4
51646,1,1
51650,1,1
51652,4,4
51653,6,6
51654,1,1
51868,1,1
52001,72,73
52002,33,33
52003,34,35
52004,1,1
52031,15,17
52032,2,2
52033,3,3
52035,2,2
52037,5,6
52039,4,4
52040,7,8
52041,6,6
52042,3,3
52043,5,6
52045,1,1
52046,1,1
52047,2,2
52048,1,1
52049,4,4
52052,5,6
52053,1,1
52054,1,1
52057,14,14
52060,22,22
52064,1,2
52065,1,1
52068,8,8
52069,3,3
52070,4,4
52072,3,3
52073,3,3
52074,2,2
52076,8,8
52077,1,1
52079,1,1
52101,23,23
52132,3,3
52133,1,1
52134,1,1
52135,3,3
52136,15,15
52140,2,2
52141,4,4
52142,4,4
52144,3,3
52146,1,1
52147,6,6
52151,6,6
52154,3,3
52155,5,5
52157,6,6
52158,2,2
52159,3,3
52160,1,1
52161,1,1
52162,8,8
52163,1,1
52164,1,1
52165,1,1
52168,1,1
52169,2,2
52170,1,1
52171,1,1
52172,16,18
52175,17,17
52201,2,2
52202,5,5
52203,4,4
52205,19,21
52206,4,4
52207,1,1
52208,3,3
52209,2,2
52210,3,3
52211,1,1
52213,9,9
52214,5,5
52215,1,1
52216,4,4
52217,1,1
52218,7,7
52220,1,1
52222,1,1
52223,1,2
52224,8,9
52225,2,2
52227,5,5
52228,5,5
52231,1,1
52233,16,18
52235,2,2
52236,1,1
52237,4,4
52240,62,63
52241,54,54
52242,2,2
52244,5,5
52245,37,38
52246,43,45
52247,9,9
52248,3,3
52249,1,1
52251,1,1
52253,11,11
52254,2,2
52255,1,1
52301,11,12
52302,89,91
52304,1,1
52306,6,6
52307,1,2
52308,3,3
52309,1,1
52310,11,12
52314,8,8
52315,5,5
52316,3,3
52317,38,38
52318,2,2
52320,5,5
52322,5,5
52323,5,5
52324,4,4
52325,3,3
52326,2,2
52327,4,4
52328,4,5
52329,1,1
52330,3,5
52331,1,1
52332,5,6
52333,21,21
52335,3,4
52336,12,12
52337,2,2
52338,6,6
52339,18,18
52340,9,10
52341,3,3
52342,5,5
52345,2,2
52346,2,2
52347,2,2
52348,1,1
52349,14,14
52351,4,4
52353,24,26
52354,2,2
52356,10,12
52358,14,14
52361,10,10
52362,2,2
52401,8,8
52402,93,95
52403,52,54
52404,105,106
52405,66,72
52406,2,2
52411,15,15
52412,1,1
52501,77,79
52515,1,1
52522,1,1
52530,2,2
52531,21,21
52533,9,9
52535,5,5
52536,3,3
52537,17,17
52540,3,3
52541,1,1
52542,2,2
52544,17,17
52549,1,1
52550,2,2
52552,4,4
52554,1,1
52555,4,4
52556,23,26
52560,1,1
52561,1,1
52563,3,3
52564,1,1
52565,8,9
52566,2,2
52567,2,2
52568,1,1
52569,4,4
52570,1,1
52571,4,4
52572,9,10
52574,2,2
52576,2,3
52577,40,40
52580,3,3
52581,1,1
52583,3,3
52585,2,2
52586,1,1
52588,3,4
52590,3,3
52591,9,9
52592,1,1
52593,1,2
52595,2,2
52601,64,66
52617,1,1
52619,1,2
52620,4,4
52621,3,3
52623,4,4
52624,3,3
52625,2,2
52626,4,4
52627,39,40
52630,2,2
52632,39,41
52635,3,3
52637,3,3
52638,1,1
52639,6,6
52640,5,5
52641,28,30
52645,9,9
52648,1,1
52649,4,4
52651,4,4
52653,11,11
52654,3,3
52655,13,14
52656,7,7
52658,3,3
52659,3,3
52665,1,1
52690,1,1
52720,2,2
52721,1,1
52722,93,97
52726,9,10
52728,1,1
52729,2,2
52730,16,17
52731,1,1
52732,55,55
52733,6,6
52737,1,1
52738,14,14
52739,4,4
52742,17,17
52745,2,2
52746,1,1
52747,6,6
52748,16,17
52749,2,2
52750,1,1
52751,4,4
52753,11,11
52754,2,2
52755,7,7
52756,6,7
52760,1,1
52761,75,78
52765,2,2
52766,2,2
52767,1,1
52768,1,1
52769,2,2
52772,7,7
52773,6,6
52776,11,11
52777,3,3
52778,12,12
52785,1,1
52801,4,4
52802,37,39
52803,55,56
52804,64,66
52805,1,1
52806,94,96
52807,41,41
52808,4,4
53001,6,7
53002,9,11
53004,12,12
53005,75,85
53006,6,6
53007,13,15
53008,1,1
53010,21,22
53011,10,11
53012,46,48
53013,10,10
53014,23,23
53015,6,6
53017,20,20
53018,16,17
53019,10,11
53020,6,6
53021,19,20
53022,67,71
53023,3,3
53024,46,49
53027,80,86
53029,50,54
53031,1,1
53032,17,17
53033,16,16
53034,8,10
53035,6,6
53036,9,10
53037,30,33
53038,12,14
53039,17,18
53040,21,22
53042,15,15
53043,1,1
53044,3,3
53045,59,61
53046,5,5
53048,10,11
53049,5,5
53050,18,19
53051,121,130
53056,1,1
53057,2,2
53058,4,4
53059,10,12
53061,11,11
53063,1,1
53065,7,7
53066,77,80
53069,1,1
53070,9,11
53072,67,72
53073,41,44
53074,31,34
53075,7,7
53076,8,8
53078,4,4
53079,4,4
53080,23,25
53081,115,119
53083,59,61
53085,22,22
53086,21,23
53088,1,2
53089,58,62
53090,58,61
53091,6,9
53092,56,57
53093,3,3
53094,44,46
53095,74,80
53097,10,11
53098,27,31
53103,10,10
53104,14,15
53105,80,86
53108,25,27
53109,1,1
53110,58,67
53114,6,6
53115,64,72
53118,21,22
53119,16,16
53120,29,32
53121,45,48
53122,13,14
53125,6,6
53126,26,26
53127,3,3
53128,23,24
53129,25,27
53130,24,24
53132,92,103
53137,5,5
53139,15,17
53140,83,93
53141,1,1
53142,97,102
53143,72,74
53144,67,72
53146,15,16
53147,43,47
53148,2,2
53149,40,42
53150,76,83
53151,95,108
53153,10,11
53154,125,137
53156,4,4
53157,5,5
53158,45,46
53159,3,3
53167,2,2
53168,19,20
53170,7,7
53172,88,93
53177,26,29
53178,13,14
53179,14,14
53180,1,1
53181,25,26
53182,15,15
53183,6,6
53184,6,6
53185,44,47
53186,98,104
53187,2,2
53188,87,92
53189,67,73
53190,40,44
53191,10,11
53192,2,2
53195,1,1
53201,4,4
53202,48,51
53203,4,4
53204,142,150
53205,60,66
53206,148,155
53207,99,110
53208,126,133
53209,253,268
53210,123,133
53211,57,58
53212,126,129
53213,68,72
53214,111,119
53215,240,256
53216,228,245
53217,66,70
53218,244,257
53219,137,150
53220,98,104
53221,148,161
53222,101,105
53223,179,191
53224,106,112
53225,128,132
53226,46,50
53227,90,96
53228,52,58
53233,35,37
53234,1,1
53235,26,27
53266,1,1
53286,1,1
53290,1,1
53295,2,2
53313,1,1
53402,105,113
53403,91,99
53404,50,50
53405,89,97
53406,98,108
53408,2,2
53412,1,1
53419,1,2
53420,1,1
53501,1,1
53502,5,5
53503,2,2
53504,9,9
53505,1,1
53506,1,1
53507,3,3
53508,13,14
53510,2,2
53511,178,189
53512,3,3
53515,9,10
53516,3,3
53517,6,7
53518,1,1
53520,18,20
53521,12,12
53522,4,4
53523,16,17
53525,6,6
53526,2,2
53527,28,28
53528,17,19
53529,5,5
53530,7,7
53531,11,11
53532,38,38
53533,21,22
53534,22,23
53536,20,22
53537,4,5
53538,55,59
53540,1,1
53541,3,3
53542,1,1
53543,2,2
53544,3,3
53545,58,63
53546,90,98
53547,2,2
53548,58,63
53549,21,24
53550,5,5
53551,28,29
53553,3,3
53554,2,2
53555,20,23
53556,5,5
53557,1,1
53558,26,27
53559,25,28
53560,13,13
53561,5,5
53562,65,67
53563,33,36
53565,12,12
53566,46,50
53569,6,6
53570,3,3
53571,1,1
53572,18,20
53573,8,9
53574,12,14
53575,50,51
53576,8,9
53577,1,1
53578,18,19
53579,11,11
53580,3,3
53581,27,27
53582,4,4
53583,20,20
53585,5,5
53586,4,5
53587,6,6
53588,13,14
53589,49,51
53590,137,142
53593,53,54
53594,12,12
53597,47,48
53598,12,12
53599,1,1
53632,1,1
53701,1,2
53703,32,32
53704,140,147
53705,34,36
53708,3,3
53711,123,128
53713,70,70
53714,46,47
53715,23,23
53716,48,50
53717,29,31
53718,41,45
53719,79,81
53723,1,1
53725,1,1
53726,5,5
53801,2,2
53803,8,8
53804,5,5
53805,9,9
53807,3,3
53808,3,3
53809,7,7
53810,1,1
53811,4,4
53812,1,1
53813,8,8
53816,2,2
53818,16,18
53820,5,5
53821,16,18
53825,1,1
53826,2,2
53901,32,34
53910,7,7
53911,5,6
53913,62,66
53916,60,62
53919,8,8
53920,2,2
53922,4,5
53923,7,7
53924,2,2
53925,17,18
53926,5,7
53928,1,1
53929,11,12
53930,3,3
53931,2,2
53932,13,14
53933,26,26
53934,13,13
53935,1,1
53936,4,4
53939,1,1
53940,2,2
53941,8,8
53943,3,3
53944,6,6
53945,1,1
53946,7,8
53947,1,1
53948,19,21
53949,24,25
53950,20,21
53951,14,15
53952,10,10
53954,29,29
53955,19,20
53956,15,16
53959,27,30
53960,12,12
53961,3,3
53963,52,54
53964,6,6
53965,31,31
53968,6,7
53969,1,1
54001,12,12
54002,14,15
54003,2,2
54004,5,5
54005,8,8
54006,2,3
54007,3,3
54009,7,8
54011,14,14
54013,7,7
54014,8,9
54015,8,8
54016,56,59
54017,29,29
54020,23,25
54021,17,18
54022,44,47
54023,10,11
54024,11,11
54025,14,15
54026,2,2
54027,3,4
54028,5,5
54067,1,1
54082,6,6
54089,1,1
54101,5,5
54102,5,6
54103,1,1
54104,6,7
54106,16,18
54107,8,8
54110,12,14
54111,5,5
54112,5,6
54113,9,9
54114,19,20
54115,114,125
54119,1,1
54121,10,10
54123,2,2
54124,8,9
54125,3,3
54126,9,10
54127,1,1
54128,6,6
54129,9,9
54130,52,55
54131,2,2
54135,16,16
54136,17,18
54137,3,3
54138,6,6
54139,8,9
54140,14,14
54141,5,6
54143,44,49
54149,4,4
54150,5,5
54151,9,10
54153,25,25
54154,12,14
54155,28,31
54156,3,3
54157,18,19
54159,3,4
54161,10,11
54162,22,24
54165,23,27
54166,52,54
54169,2,3
54170,5,5
54171,11,11
54173,11,11
54174,13,13
54175,6,7
54177,6,8
54180,7,7
54201,16,17
54202,3,3
54204,4,4
54205,10,10
54208,14,14
54209,5,5
54210,3,3
54211,2,2
54212,2,2
54213,3,3
54216,12,13
54217,14,15
54220,128,140
54221,3,4
54227,3,3
54228,1,1
54229,12,13
54230,12,12
54232,1,1
54234,4,4
54235,53,56
54241,34,39
54245,4,4
54246,2,2
54247,6,6
54301,64,67
54302,94,98
54303,73,78
54304,87,91
54306,1,1
54307,1,1
54311,95,103
54313,93,101
54378,1,1
54392,1,1
54401,99,103
54402,2,2
54403,66,67
54405,11,11
54406,8,8
54407,2,3
54408,3,3
54409,29,29
54410,6,6
54411,15,15
54412,4,4
54414,5,5
54416,9,11
54418,4,4
54420,2,2
54421,6,6
54422,2,3
54423,2,2
54424,3,4
54425,3,3
54426,12,13
54427,4,6
54428,9,9
54429,1,1
54433,4,4
54435,5,5
54437,6,6
54440,6,6
54441,1,1
54442,4,4
54443,8,8
54446,8,9
54448,8,10
54449,60,61
54450,1,1
54451,19,19
54452,40,41
54454,4,4
54455,47,47
54456,12,12
54457,22,23
54458,1,1
54459,3,3
54460,1,1
54462,2,2
54466,7,7
54467,32,35
54469,4,4
54470,1,1
54471,8,9
54473,3,3
54474,12,12
54475,2,2
54476,48,49
54479,9,10
54480,1,1
54481,55,57
54482,15,17
54484,13,13
54485,2,2
54486,5,5
54487,24,24
54488,1,1
54489,2,2
54490,2,2
54491,2,2
54493,1,1
54494,84,88
54495,26,29
54498,5,5
54499,5,5
54501,57,58
54511,2,2
54512,3,3
54513,1,1
54514,4,4
54515,1,1
54517,2,2
54519,4,4
54520,16,17
54521,17,17
54524,1,1
54527,4,5
54529,3,3
54530,3,3
54531,1,1
54534,7,7
54537,5,5
54538,19,20
54539,3,3
54540,7,7
54541,1,1
54545,1,1
54546,4,4
54547,10,11
54548,18,18
54550,2,2
54552,6,6
54554,5,5
54555,9,9
54556,4,4
54557,3,3
54558,8,8
54559,2,2
54562,2,2
54563,1,1
54564,2,2
54566,10,12
54568,18,19
54571,1,1
54596,1,1
54601,108,113
54602,2,2
54603,38,39
54610,2,3
54611,9,9
54612,12,12
54613,3,3
54614,2,3
54615,41,42
54616,11,11
54618,5,5
54619,7,7
54621,7,7
54622,5,5
54623,4,4
54624,5,6
54625,2,2
54626,6,6
54627,4,4
54628,2,2
54629,7,7
54630,9,9
54631,5,5
54632,4,4
54634,5,5
54635,5,5
54636,38,38
54638,3,3
54639,4,4
54642,4,5
54644,8,9
54646,11,11
54648,1,1
54650,58,59
54651,3,3
54652,2,2
54653,2,2
54655,8,8
54656,33,34
54658,9,9
54659,5,6
54660,41,45
54661,9,12
54664,4,5
54665,21,25
54666,6,6
54667,11,11
54669,17,18
54670,2,2
54701,86,90
54702,1,1
54703,103,106
54714,1,1
54720,15,15
54721,4,4
54722,15,15
54723,4,4
54724,18,18
54725,7,7
54726,7,8
54727,19,20
54728,19,19
54729,69,71
54730,9,9
54731,2,2
54732,7,7
54733,3,3
54734,3,3
54735,1,1
54736,20,20
54738,6,6
54739,7,7
54740,4,4
54741,2,2
54742,3,3
54745,2,2
54747,5,5
54748,3,3
54749,1,1
54750,1,1
54751,45,48
54754,7,7
54755,8,8
54757,11,11
54758,12,14
54759,4,4
54760,1,1
54761,1,1
54762,7,7
54763,2,2
54766,1,1
54767,8,8
54768,15,16
54770,5,5
54771,3,3
54772,5,5
54773,6,6
54789,1,1
54801,15,17
54805,4,4
54806,31,35
54810,8,8
54812,17,18
54813,3,3
54814,9,10
54817,8,8
54819,2,3
54820,2,2
54821,9,9
54822,11,11
54824,7,7
54826,3,3
54828,4,4
54829,14,14
54830,9,9
54832,1,1
54836,3,3
54837,8,9
54840,17,19
54841,1,1
54843,45,46
54847,9,10
54848,19,21
54849,5,6
54850,3,3
54853,8,9
54854,3,3
54855,1,1
54856,5,6
54857,2,2
54858,5,5
54859,3,3
54861,4,4
54862,1,1
54864,1,1
54865,3,3
54867,1,1
54868,30,31
54870,2,2
54871,5,5
54872,9,10
54873,5,5
54874,5,5
54875,4,4
54876,7,9
54880,91,94
54888,6,6
54889,9,10
54890,1,1
54891,6,6
54893,15,16
54895,2,2
54896,2,2
54901,77,80
54902,71,75
54904,65,69
54909,7,8
54911,60,63
54912,2,2
54913,36,36
54914,92,95
54915,82,85
54919,1,1
54921,1,2
54922,3,4
54923,27,28
54927,1,1
54929,21,23
54930,4,4
54931,1,1
54932,1,1
54933,4,5
54934,1,1
54935,123,130
54937,48,48
54940,12,13
54941,6,7
54942,13,13
54943,4,4
54944,20,21
54945,10,12
54946,5,5
54947,8,8
54949,8,8
54950,7,9
54952,76,78
54956,103,111
54960,21,22
54961,45,48
54962,5,5
54963,26,27
54964,1,1
54965,2,2
54966,1,1
54968,9,9
54970,8,8
54971,25,25
54974,3,3
54977,3,3
54979,6,7
54981,38,41
54982,17,17
54983,9,10
54984,6,6
54986,15,17
54999,1,1
55001,8,9
55003,4,5
55005,15,16
55006,12,13
55007,5,5
55008,49,52
55009,31,33
55011,25,30
55012,7,7
55013,24,24
55014,78,82
55016,119,125
55017,3,4
55018,2,2
55019,5,5
55020,6,6
55021,76,82
55024,87,92
55025,83,84
55026,1,1
55027,6,6
55031,3,3
55032,10,11
55033,63,67
55037,17,18
55038,41,42
55040,36,38
55041,18,19
55042,34,35
55043,17,18
55044,110,113
55045,16,16
55046,10,10
55047,7,7
55049,6,6
55051,28,29
55052,1,1
55053,3,3
55054,2,2
55055,10,11
55056,43,44
55057,48,50
55060,65,65
55063,29,31
55065,4,5
55066,50,52
55068,67,72
55069,12,12
55070,23,23
55071,20,21
55072,11,12
55073,8,8
55074,3,3
55075,69,72
55076,71,75
55077,31,34
55079,33,34
55080,4,4
55082,82,86
55084,5,5
55085,2,2
55087,1,1
55088,7,7
55089,7,7
55090,2,2
55092,29,29
55101,31,33
55102,41,46
55103,70,72
55104,162,166
55105,50,52
55106,255,263
55107,49,51
55108,34,37
55109,108,113
55110,114,119
55111,2,2
55112,124,127
55113,104,111
55114,14,14
55115,26,28
55116,66,67
55117,193,200
55118,110,118
55119,176,182
55120,10,10
55121,27,27
55122,98,102
55123,57,58
55124,155,162
55125,142,147
55126,76,80
55127,49,52
55128,108,112
55129,49,51
55130,76,79
55131,1,1
55146,1,1
55201,1,1
55214,1,1
55215,1,1
55292,1,1
55301,22,23
55302,15,15
55303,153,158
55304,128,134
55305,62,65
55306,53,56
55307,4,4
55308,19,19
55309,48,49
55310,5,5
55311,72,75
55312,6,6
55313,66,68
55314,4,4
55315,9,10
55316,65,68
55317,47,47
55318,64,67
55319,16,17
55320,21,22
55321,15,16
55322,7,7
55323,1,1
55324,4,4
55325,8,8
55326,1,1
55327,11,11
55328,15,17
55329,6,6
55330,112,116
55331,47,52
55332,1,1
55333,3,3
55334,6,6
55335,5,5
55336,18,19
55337,133,138
55338,5,5
55339,4,4
55340,18,19
55341,2,2
55342,3,4
55343,80,82
55344,33,33
55345,58,61
55346,38,40
55347,67,68
55348,1,1
55349,8,9
55350,43,44
55352,19,21
55353,5,5
55354,5,6
55355,20,22
55356,15,15
55357,5,6
55358,11,11
55359,5,5
55360,4,4
55361,1,1
55362,48,53
55363,18,19
55364,29,29
55366,1,1
55367,2,2
55368,2,2
55369,106,109
55371,43,44
55372,78,79
55373,17,17
55374,38,40
55375,11,11
55376,42,44
55378,78,81
55379,108,113
55381,7,7
55382,11,11
55384,4,5
55385,6,7
55386,11,11
55387,17,18
55388,12,13
55389,7,7
55390,5,5
55391,36,37
55395,5,5
55396,8,9
55397,4,4
55398,37,38
55401,25,25
55402,3,3
55403,34,35
55404,98,103
55405,47,49
55406,88,91
55407,137,140
55408,87,91
55409,35,36
55410,41,42
55411,148,152
55412,112,114
55413,39,43
55414,35,35
55415,8,8
55416,58,60
55417,64,70
55418,92,98
55419,53,53
55420,76,80
55421,109,114
55422,85,86
55423,93,95
55424,18,18
55425,32,34
55426,68,69
55427,73,78
55428,112,117
55429,119,123
55430,96,101
55431,69,73
55432,88,92
55433,93,97
55434,92,96
55435,30,32
55436,29,31
55437,47,49
55438,39,41
55439,18,20
55441,49,51
55442,33,33
55443,136,143
55444,78,82
55445,44,45
55446,43,44
55447,64,65
55448,80,81
55449,74,78
55454,38,38
55455,14,14
55458,2,2
55468,1,1
55472,1,1
55601,1,1
55602,1,2
55603,1,1
55604,11,12
55605,2,2
55607,2,2
55614,3,3
55616,13,13
55633,1,1
55702,1,1
55703,4,4
55704,4,4
55705,16,16
55706,8,8
55707,8,9
55709,15,15
55710,3,3
55711,2,2
55712,1,1
55713,2,2
55716,2,2
55718,8,9
55719,17,17
55720,49,52
55721,10,10
55722,2,2
55723,5,5
55724,2,2
55726,2,2
55731,12,12
55732,1,1
55733,10,10
55734,18,19
55735,5,6
55736,3,3
55741,9,10
55744,50,51
55746,45,48
55748,7,7
55749,1,1
55750,7,7
55751,3,3
55752,1,2
55753,2,2
55756,1,1
55757,2,2
55760,13,14
55763,1,1
55764,3,3
55765,1,1
55767,11,11
55768,2,2
55769,5,5
55771,6,6
55772,3,3
55775,3,3
55779,9,10
55780,1,1
55781,1,1
55783,6,6
55785,2,2
55786,2,2
55787,4,5
55790,6,6
55792,27,29
55793,1,1
55795,1,1
55797,3,4
55798,3,3
55802,5,5
55803,33,35
55804,38,39
55805,19,21
55806,23,23
55807,36,37
55808,25,28
55810,27,27
55811,55,58
55812,13,13
55881,1,1
55901,180,192
55902,91,97
55903,3,3
55904,86,90
55905,2,2
55906,63,70
55909,3,3
55910,3,3
55912,79,85
55917,5,5
55918,3,3
55920,33,34
55921,7,7
55922,1,1
55923,13,13
55924,2,2
55926,5,5
55927,10,10
55929,8,9
55931,1,1
55932,2,2
55934,11,12
55935,4,4
55936,3,3
55937,1,1
55939,4,4
55940,5,5
55941,2,2
55943,5,5
55944,25,25
55945,7,7
55946,10,10
55947,16,18
55949,2,3
55951,4,4
55952,8,8
55953,3,3
55954,4,4
55955,5,5
55956,4,4
55957,2,3
55959,5,6
55960,10,10
55961,2,2
55962,1,1
55963,17,21
55964,9,9
55965,2,2
55967,1,2
55968,2,2
55969,3,3
55970,1,1
55971,5,6
55972,13,13
55974,6,7
55975,10,10
55976,17,17
55977,2,2
55979,3,3
55981,15,17
55983,4,4
55985,5,5
55987,84,88
55990,1,1
55991,3,4
55992,13,14
55996,1,1
56000,1,1
56001,84,88
56003,36,37
56007,54,55
56009,9,9
56010,3,3
56011,16,18
56013,17,19
56014,1,1
56016,1,1
56017,3,3
56019,1,1
56021,1,1
56022,1,1
56023,5,5
56024,8,9
56025,1,1
56026,6,7
56027,1,1
56028,2,2
56031,25,25
56033,1,1
56034,3,3
56035,1,1
56036,3,3
56037,4,5
56039,4,4
56041,2,2
56042,1,1
56043,1,1
56045,1,1
56048,12,14
56050,2,2
56051,4,4
56052,4,4
56054,1,1
56055,11,11
56056,1,1
56057,8,8
56058,21,23
56062,7,7
56063,5,5
56065,6,7
56068,2,2
56069,5,5
56071,29,30
56072,13,15
56073,32,36
56074,5,5
56080,3,4
56081,12,12
56082,24,25
56083,2,2
56085,18,19
56087,10,12
56088,4,5
56090,3,3
56093,27,28
56096,8,8
56097,16,16
56098,7,8
56101,19,19
56109,1,1
56110,5,5
56111,1,1
56114,2,2
56115,3,3
56116,2,2
56119,1,1
56120,2,2
56121,2,2
56122,1,1
56125,1,1
56127,3,4
56128,4,4
56129,1,1
56131,8,8
56132,1,1
56134,1,1
56136,1,1
56137,2,2
56138,2,2
56139,1,2
56141,1,1
56142,1,1
56143,14,14
56144,3,3
56145,1,1
56147,2,2
56149,3,3
56150,12,12
56151,1,1
56152,3,4
56156,14,14
56157,3,3
56158,3,3
56159,6,7
56161,2,3
56164,13,16
56165,1,1
56166,1,1
56167,2,2
56168,4,4
56169,1,1
56171,5,6
56172,11,11
56173,1,1
56174,1,1
56175,10,11
56176,3,3
56178,4,4
56180,5,6
56181,3,3
56183,1,1
56185,4,4
56186,3,3
56187,37,37
56201,72,73
56207,1,1
56208,8,8
56209,10,11
56211,1,1
56212,2,2
56215,11,11
56216,2,2
56218,2,2
56219,3,4
56220,7,7
56221,2,2
56222,3,3
56223,5,5
56224,1,1
56225,2,2
56227,1,1
56228,1,1
56229,2,2
56232,4,5
56233,2,2
56235,2,2
56236,1,1
56237,2,2
56240,6,7
56241,14,15
56243,3,3
56244,2,2
56245,4,4
56248,4,4
56251,1,1
56252,6,6
56253,2,2
56255,2,2
56256,5,6
56257,5,7
56258,29,29
56260,1,1
56262,1,1
56263,1,1
56264,6,7
56265,15,15
56266,5,5
56267,8,9
56270,6,7
56271,4,4
56273,13,13
56274,2,3
56276,1,1
56277,10,11
56278,6,6
56279,8,8
56280,2,2
56281,2,2
56282,2,2
56283,20,21
56284,10,10
56285,3,4
56288,14,14
56289,1,1
56291,2,2
56292,1,1
56293,4,4
56295,2,2
56296,8,9
56297,2,2
56301,73,75
56302,1,1
56303,82,86
56304,55,59
56307,7,7
56308,66,67
56309,5,5
56310,7,7
56311,2,2
56312,3,3
56314,4,4
56315,4,4
56316,2,2
56318,4,5
56319,4,5
56320,19,21
56324,4,4
56325,1,1
56326,5,5
56327,1,1
56329,13,13
56330,4,4
56331,5,5
56332,5,5
56334,16,17
56335,1,1
56336,6,6
56338,4,4
56339,5,5
56340,3,3
56342,8,8
56343,5,5
56345,36,41
56347,15,15
56349,3,3
56350,3,3
56352,9,9
56353,20,22
56354,4,4
56355,3,4
56357,1,1
56358,6,6
56359,18,18
56360,23,24
56361,4,4
56362,25,25
56364,15,15
56367,14,15
56368,15,16
56369,5,5
56371,1,1
56373,7,7
56374,22,24
56375,1,1
56377,37,38
56378,23,24
56379,36,38
56381,4,4
56382,2,2
56384,1,1
56385,6,6
56386,1,1
56387,18,18
56388,1,1
56401,68,71
56404,1,1
56425,12,12
56428,1,1
56431,28,30
56433,7,7
56434,1,1
56435,9,9
56437,3,3
56438,7,7
56440,1,1
56441,10,10
56442,2,2
56443,6,7
56444,7,7
56445,1,1
56446,2,2
56447,5,6
56448,1,1
56449,4,4
56450,1,1
56452,4,4
56453,5,5
56455,4,5
56458,2,2
56461,8,10
56464,7,8
56465,10,10
56466,5,6
56467,8,9
56468,14,14
56469,7,7
56470,27,27
56472,27,29
56473,10,10
56474,7,7
56475,3,3
56477,6,6
56479,10,11
56481,5,5
56482,15,15
56484,7,7
56501,47,47
56502,2,2
56510,7,7
56511,5,5
56514,7,7
56515,4,4
56516,1,1
56519,1,1
56520,8,9
56521,2,2
56522,2,2
56523,3,3
56524,2,2
56527,3,3
56528,2,2
56529,16,16
56531,3,3
56533,2,2
56534,1,1
56535,2,2
56536,3,3
56537,41,42
56540,1,1
56542,7,7
56543,1,1
56544,6,6
56545,1,1
56547,7,8
56548,1,1
56549,14,14
56551,2,2
56552,1,1
56553,1,1
56554,4,4
56556,1,1
56557,8,8
56560,95,101
56561,1,1
56566,1,1
56567,10,10
56569,5,5
56570,3,3
56571,7,7
56572,23,25
56573,18,19
56574,1,1
56575,3,3
56576,2,2
56578,1,1
56579,1,1
56580,1,1
56584,4,4
56585,2,2
56586,6,7
56587,1,2
56588,1,1
56589,7,7
56590,1,1
56591,2,2
56601,89,95
56619,8,8
56621,12,12
56623,8,8
56625,1,1
56626,3,3
56627,2,2
56628,8,8
56630,5,6
56633,30,30
56634,2,2
56636,20,21
56637,1,1
56639,2,2
56641,2,2
56644,1,1
56646,1,1
56647,1,1
56649,29,31
56650,2,2
56651,2,2
56652,2,2
56653,5,5
56655,5,5
56657,1,1
56659,1,1
56660,1,1
56661,3,3
56662,2,2
56663,1,1
56666,7,7
56667,1,1
56669,2,3
56670,5,6
56671,16,16
56672,1,1
56673,5,5
56676,8,8
56678,4,4
56683,2,2
56685,2,2
56686,1,1
56688,2,2
56701,27,29
56713,1,1
56714,4,4
56715,2,4
56716,17,17
56721,27,29
56722,3,3
56723,1,1
56725,3,4
56726,1,1
56727,2,2
56728,1,1
56729,1,1
56732,3,3
56733,2,2
56735,6,6
56736,3,3
56737,2,2
56738,1,1
56740,1,1
56742,1,1
56744,2,2
56748,1,1
56750,3,3
56751,19,20
56754,2,2
56756,5,5
56757,1,1
56758,1,1
56759,1,1
56761,3,3
56762,7,7
56763,6,6
56784,1,1
56832,1,1
56917,1,1
57001,2,2
57002,5,6
57003,2,3
57004,4,4
57005,24,25
57006,49,50
57007,1,1
57010,3,3
57012,3,3
57013,7,7
57014,6,6
57015,4,4
57016,2,2
57018,5,5
57020,5,5
57022,7,7
57024,1,1
57025,6,6
57026,2,2
57028,11,11
57029,6,6
57030,9,10
57031,1,1
57032,15,15
57033,15,15
57034,1,1
57035,1,1
57036,3,3
57037,6,7
57038,4,4
57039,7,7
57040,1,1
57041,1,1
57042,15,15
57043,5,6
57045,3,3
57046,1,1
57047,1,1
57048,4,4
57049,15,15
57050,1,1
57053,9,9
57054,1,1
57055,3,3
57058,5,5
57059,5,5
57061,1,1
57062,6,7
57063,2,2
57064,18,18
57066,4,4
57067,4,4
57068,4,4
57069,24,24
57070,4,4
57071,6,6
57072,3,3
57073,2,2
57075,4,4
57077,5,5
57078,60,63
57100,1,1
57101,3,4
57103,137,143
57104,80,85
57105,60,63
57106,106,108
57107,19,19
57108,53,59
57110,54,55
57119,1,1
57201,67,70
57209,1,1
57212,6,6
57214,1,1
57217,2,2
57218,1,1
57219,2,2
57220,2,2
57221,3,3
57223,6,6
57224,1,1
57225,4,4
57226,5,5
57227,3,3
57231,6,7
57234,2,2
57241,4,4
57243,3,3
57246,1,1
57247,2,3
57248,2,2
57249,8,8
57252,12,12
57255,3,4
57256,1,1
57257,5,5
57259,3,3
57260,2,2
57261,3,3
57262,29,31
57263,1,1
57264,2,2
57266,1,1
57268,2,2
57269,1,1
57270,2,2
57271,1,1
57273,5,5
57274,6,6
57276,2,2
57278,2,2
57279,1,1
57301,51,55
57311,2,2
57312,2,2
57314,1,1
57315,3,4
57317,5,6
57319,6,6
57321,4,4
57323,1,1
57325,10,10
57328,2,2
57331,2,2
57332,1,1
57335,1,1
57337,1,1
57339,16,16
57342,3,3
57344,1,1
57345,3,3
57348,1,1
57349,4,4
57350,53,54
57352,1,1
57355,3,3
57356,16,16
57359,1,1
57361,8,8
57362,5,5
57363,3,3
57365,1,1
57366,5,5
57368,4,4
57369,3,3
57370,11,12
57374,1,1
57376,2,3
57379,1,1
57380,25,25
57381,2,2
57382,4,4
57383,5,6
57384,2,2
57385,4,5
57390,1,1
57401,77,81
57402,2,2
57421,3,3
57422,1,1
57424,1,1
57426,1,1
57428,2,2
57430,2,2
57432,1,1
57433,1,1
57436,3,3
57437,3,3
57438,4,4
57440,2,2
57441,4,4
57442,5,6
57445,5,5
57448,2,2
57450,1,1
57451,3,3
57452,2,2
57454,3,3
57456,1,1
57460,1,1
57461,3,3
57465,1,2
57467,1,1
57468,1,1
57469,4,5
57472,3,3
57473,2,2
57476,1,1
57481,3,3
57501,56,57
57507,1,1
57510,1,1
57526,1,1
57528,2,2
57532,10,11
57533,10,10
57535,1,1
57536,2,2
57537,1,1
57541,2,2
57543,4,5
57544,1,1
57547,1,1
57548,15,16
57551,8,8
57552,5,5
57553,1,1
57555,25,26
57559,5,5
57560,2,2
57563,1,1
57564,5,6
57566,5,5
57567,2,2
57568,1,1
57569,1,1
57570,19,19
57571,1,1
57572,20,21
57577,17,17
57579,6,6
57580,6,7
57585,2,2
57601,10,12
57620,3,4
57621,1,1
57622,3,3
57623,9,9
57625,63,67
57626,4,4
57631,1,1
57633,1,1
57634,1,1
57636,1,1
57638,4,5
57639,3,3
57640,1,1
57642,8,8
57648,1,1
57651,1,1
57652,2,3
57656,3,4
57701,132,135
57702,94,99
57703,40,41
57707,1,1
57709,7,7
57714,6,6
57716,4,4
57717,18,18
57718,28,28
57719,32,35
57720,3,3
57725,1,1
57730,11,11
57732,6,6
57735,5,5
57744,5,6
57745,6,6
57747,18,18
57748,1,1
57750,3,3
57751,4,4
57752,17,17
57754,11,11
57756,8,9
57760,4,4
57761,4,4
57762,1,1
57764,26,27
57766,1,1
57769,7,7
57770,63,67
57772,29,31
57779,2,2
57782,1,1
57783,32,32
57785,28,29
57788,2,2
57790,4,4
57792,1,1
57793,4,4
57794,5,5
57918,1,1
58001,1,1
58005,1,1
58007,1,1
58008,1,1
58011,2,3
58012,10,11
58013,1,1
58014,1,1
58015,3,3
58016,1,1
58018,1,1
58027,5,5
58030,3,4
58031,1,1
58032,2,2
58033,1,1
58037,1,1
58038,1,1
58041,2,2
58042,3,3
58043,1,1
58045,5,5
58046,5,7
58047,8,9
58048,1,1
58051,4,4
58052,1,1
58053,1,1
58054,5,6
58058,3,3
58059,2,2
58060,3,3
58063,2,2
58067,1,1
58070,1,1
58071,1,1
58072,12,12
58074,1,1
58075,14,14
58077,3,3
58078,76,82
58079,1,1
58081,1,1
58087,1,1
58102,52,57
58103,108,115
58104,89,98
58106,3,3
58107,2,2
58108,3,3
58178,1,1
58201,73,77
58202,2,2
58203,28,28
58204,1,1
58208,3,3
58210,1,1
58218,1,1
58220,7,8
58223,3,4
58225,3,3
58227,1,1
58228,7,7
58230,1,1
58231,2,2
58233,2,2
58237,11,11
58240,2,2
58243,1,2
58249,11,12
58251,8,9
58254,1,1
58256,1,1
58257,3,3
58258,1,1
58259,1,1
58261,2,2
58266,1,1
58267,4,5
58270,8,9
58271,3,3
58273,1,1
58274,1,1
58275,1,1
58276,3,3
58277,1,1
58278,3,3
58282,1,1
58301,29,31
58310,1,1
58316,36,38
58318,11,11
58324,3,5
58327,1,1
58329,14,15
58330,2,2
58332,1,1
58335,13,14
58341,8,8
58343,1,1
58344,2,2
58346,1,1
58348,2,2
58351,1,1
58352,1,1
58356,3,3
58362,1,1
58365,1,1
58366,2,2
58367,11,11
58368,7,7
58369,3,3
58370,3,3
58377,1,1
58379,2,2
58380,3,3
58382,1,1
58384,2,2
58386,1,1
58401,42,43
58402,2,3
58408,1,1
58413,1,1
58415,2,2
58420,1,1
58421,8,8
58424,1,1
58425,2,3
58428,1,1
58433,4,5
58436,4,4
58438,1,2
58439,2,2
58440,1,1
58441,2,2
58444,2,2
58454,2,2
58455,2,2
58456,2,2
58458,2,2
58460,2,2
58461,1,2
58466,1,1
58467,1,1
58472,3,3
58474,2,2
58476,1,1
58478,2,2
58479,1,1
58480,1,1
58481,1,1
58482,2,2
58487,2,2
58488,1,1
58489,1,1
58492,2,2
58494,1,1
58495,1,1
58501,71,75
58502,9,9
58503,71,74
58504,65,68
58506,2,2
58520,1,1
58521,3,3
58523,7,7
58524,1,1
58528,2,2
58529,1,1
58530,2,2
58531,2,2
58533,3,3
58535,2,2
58538,17,17
58540,7,7
58541,2,2
58545,12,14
58552,5,7
58554,88,90
58558,1,1
58561,4,4
58562,1,1
58563,3,3
58570,1,1
58572,1,1
58573,1,1
58575,4,4
58576,2,2
58577,5,6
58579,1,1
58580,1,1
58581,1,1
58601,63,65
58602,2,2
58621,1,1
58622,6,6
58623,4,4
58630,2,2
58631,1,1
58638,4,4
58639,5,5
58640,2,2
58642,1,1
58645,1,1
58646,3,3
58647,3,3
58649,1,1
58651,1,1
58652,3,3
58653,1,1
58654,1,1
58656,2,2
58701,84,87
58702,3,3
58703,43,44
58704,2,3
58710,2,3
58712,1,1
58718,1,1
58719,1,1
58721,1,1
58722,2,3
58730,3,4
58733,2,2
58735,2,2
58736,1,1
58746,5,5
58750,1,1
58752,1,1
58756,2,2
58757,7,7
58760,2,3
58761,2,3
58762,1,1
58763,27,28
58765,1,1
58768,1,1
58769,2,2
58770,13,13
58773,2,2
58775,4,4
58779,2,2
58781,1,1
58782,1,1
58783,1,1
58784,2,2
58788,2,2
58789,1,1
58790,4,5
58792,1,1
58793,1,2
58794,1,1
58801,44,46
58802,5,5
58830,1,1
58831,1,1
58833,2,2
58835,1,1
58844,1,1
58849,1,1
58852,7,9
58853,4,4
58854,5,5
58903,1,1
59001,2,2
59003,7,7
59006,1,1
59011,5,5
59012,1,1
59014,1,1
59015,1,1
59016,5,5
59018,1,1
59019,6,6
59022,15,16
59026,1,1
59027,2,2
59028,1,1
59031,1,1
59034,10,10
59036,2,2
59037,5,5
59038,3,3
59041,5,5
59043,18,18
59044,26,27
59046,1,1
59047,25,25
59050,10,11
59053,1,1
59054,1,1
59057,2,2
59062,1,1
59063,4,5
59064,1,1
59066,4,4
59068,3,3
59069,2,2
59072,9,10
59074,1,1
59079,10,10
59083,1,1
59086,3,3
59087,1,1
59088,2,2
59089,1,1
59101,99,103
59102,96,97
59103,3,3
59104,3,3
59105,68,68
59106,35,36
59107,4,4
59108,1,1
59109,1,1
59201,16,17
59212,1,1
59213,4,4
59215,5,5
59218,2,2
59219,1,1
59221,6,6
59225,7,7
59230,8,10
59243,2,2
59248,2,2
59252,1,1
59253,1,1
59254,4,4
59255,12,12
59261,1,1
59262,1,2
59263,3,3
59270,17,17
59274,1,1
59275,1,1
59301,27,27
59313,5,5
59315,1,1
59317,2,2
59323,5,5
59326,1,1
59327,5,5
59330,15,16
59336,1,1
59339,1,1
59343,1,1
59347,2,2
59349,2,2
59353,2,2
59401,26,26
59403,4,4
59404,53,54
59405,41,42
59406,1,1
59411,1,1
59412,2,2
59414,2,2
59417,23,23
59421,3,3
59422,2,2
59424,1,2
59425,3,3
59427,7,7
59433,2,2
59434,2,2
59436,1,1
59442,4,4
59448,4,4
59450,2,2
59452,1,1
59453,3,3
59457,20,20
59464,1,1
59466,1,1
59468,1,1
59471,1,1
59472,2,2
59474,6,6
59477,1,1
59479,1,1
59483,2,2
59485,1,1
59486,3,3
59487,3,3
59501,21,22
59504,1,1
59520,2,2
59521,8,8
59522,1,1
59523,2,2
59525,3,3
59526,8,9
59527,5,5
59528,2,2
59538,7,8
59540,1,1
59561,1,1
59601,59,63
59602,49,51
59604,6,6
59609,1,1
59624,1,1
59631,1,1
59632,2,2
59634,14,15
59635,20,20
59636,1,1
59638,1,1
59639,1,1
59643,1,1
59644,14,14
59645,1,1
59648,2,3
59701,49,49
59702,3,3
59703,2,2
59705,1,1
59711,18,19
59713,2,2
59714,34,34
59715,35,35
59716,3,3
59718,51,54
59719,3,3
59720,1,1
59721,1,1
59722,7,7
59724,1,1
59725,9,9
59729,8,9
59730,1,1
59735,1,1
59736,1,1
59739,1,1
59740,2,2
59741,8,9
59745,1,1
59747,1,1
59748,1,1
59749,2,2
59752,15,17
59754,1,1
59755,1,1
59758,5,5
59759,14,14
59771,1,1
59801,37,38
59802,32,33
59803,25,25
59804,13,13
59805,1,1
59806,5,6
59807,3,3
59808,33,33
59820,3,3
59821,4,4
59823,2,2
59824,1,1
59825,5,6
59826,1,1
59827,1,1
59828,11,11
59829,4,4
59830,1,1
59833,10,10
59834,7,8
59837,4,4
59840,33,33
59841,3,3
59844,1,1
59845,1,1
59846,1,1
59847,12,12
59849,1,1
59851,2,2
59853,2,2
59854,2,2
59855,3,3
59856,2,2
59858,1,1
59859,4,4
59860,23,26
59863,1,1
59864,12,12
59865,4,4
59868,4,5
59870,24,24
59871,1,1
59872,8,8
59873,2,2
59874,5,5
59875,5,5
59901,105,108
59903,6,6
59904,6,7
59911,16,16
59912,24,25
59913,1,1
59914,3,3
59917,6,6
59918,1,1
59919,2,2
59920,4,4
59922,5,5
59923,17,18
59925,1,1
59926,2,2
59928,1,1
59930,2,2
59931,1,1
59932,2,2
59934,1,1
59935,5,5
59937,19,19
59938,1,1
59999,3,3
60000,2,3
60001,1,1
60002,59,63
60004,140,147
60005,76,82
60007,95,102
60008,78,80
60010,116,122
60011,1,1
60012,27,29
60013,66,73
60014,127,133
60015,66,71
60016,200,209
60017,2,3
60018,113,120
60020,26,29
60021,17,19
60022,13,13
60025,102,111
60026,39,42
60027,1,1
60029,1,1
60030,100,102
60031,130,137
60033,44,46
60034,4,4
60035,82,84
60039,2,2
60040,16,17
60041,41,42
60042,23,24
60043,8,8
60044,18,20
60045,38,40
60046,94,102
60047,84,88
60048,54,55
60050,114,121
60051,69,72
60053,95,101
60054,1,1
60056,156,168
60058,1,1
60059,1,1
60060,107,113
60061,92,99
60062,130,137
60064,95,100
60067,104,110
60068,90,93
60069,21,22
60070,51,55
60071,9,9
60072,2,2
60073,207,220
60074,126,129
60075,1,1
60076,135,140
60077,108,112
60078,2,2
60079,2,2
60080,1,1
60081,25,27
60082,1,1
60083,35,37
60084,56,58
60085,314,322
60086,1,1
60087,109,112
60088,4,4
60089,118,125
60090,135,142
60091,46,49
60093,34,36
60096,29,30
60097,33,34
60098,96,100
60099,125,133
60101,147,154
60102,93,99
60103,146,157
60104,152,155
60106,71,73
60107,139,152
60108,78,79
60110,139,142
60111,1,1
60112,9,10
60113,5,5
60115,97,102
60117,1,1
60118,57,60
60119,24,25
60120,199,207
60121,4,4
60123,207,214
60124,54,58
60126,121,124
60129,3,3
60130,60,62
60131,88,94
60132,2,2
60133,162,166
60134,48,50
60135,20,23
60136,25,26
60137,97,100
60138,1,1
60139,123,128
60140,59,62
60141,3,3
60142,81,87
60143,37,38
60145,9,10
60146,9,9
60147,2,2
60148,162,174
60150,5,5
60151,10,10
60152,45,46
60153,232,234
60154,80,89
60155,51,51
60156,71,77
60157,5,6
60158,3,3
60159,3,3
60160,106,108
60161,2,3
60162,46,48
60163,26,27
60164,87,89
60165,20,23
60166,1,1
60167,2,2
60168,1,1
60169,108,112
60171,40,43
60172,91,98
60173,41,43
60174,61,66
60175,58,62
60176,43,45
60177,80,83
60178,63,66
60180,6,8
60181,94,103
60183,3,3
60184,9,10
60185,125,131
60187,84,89
60188,151,157
60189,45,49
60190,23,24
60191,48,54
60192,42,46
60193,146,157
60194,64,69
60195,30,32
60196,1,1
60201,96,103
60202,96,99
60203,10,10
60220,1,1
60221,1,1
60228,1,1
60229,1,1
60239,1,1
60268,1,1
60301,3,4
60302,97,101
60303,1,1
60304,71,75
60305,35,36
60348,1,1
60362,1,1
60377,1,1
60401,26,29
60402,238,248
60403,54,58
60404,52,56
60406,110,117
60407,2,2
60408,27,27
60409,269,277
60410,33,36
60411,290,302
60412,2,3
60413,2,2
60415,41,44
60416,30,31
60417,63,66
60418,24,28
60419,164,172
60420,6,6
60421,19,20
60422,63,65
60423,99,104
60424,8,8
60425,60,61
60426,150,160
60427,1,1
60428,69,70
60429,97,105
60430,87,90
60431,100,107
60432,86,87
60433,80,83
60434,2,2
60435,170,181
60436,76,79
60437,2,2
60438,163,178
60439,72,75
60440,239,248
60441,125,133
60442,25,25
60443,136,141
60444,3,3
60445,81,88
60446,160,169
60447,38,38
60448,71,77
60449,31,32
60450,74,77
60451,107,115
60452,87,92
60453,225,237
60454,1,1
60455,60,68
60456,11,12
60457,48,52
60458,41,43
60459,116,119
60460,4,5
60461,35,37
60462,144,153
60463,36,37
60464,31,35
60465,63,64
60466,138,141
60467,84,89
60468,20,20
60469,19,20
60470,5,7
60471,81,85
60472,30,32
60473,171,181
60474,3,3
60475,46,46
60476,12,12
60477,138,147
60478,127,131
60479,1,1
60480,26,28
60481,38,41
60482,43,44
60484,21,22
60487,82,89
60488,1,1
60490,75,77
60491,68,71
60494,1,1
60501,59,63
60502,66,69
60503,48,50
60504,134,144
60505,235,244
60506,238,253
60507,7,7
60510,73,76
60511,5,5
60512,4,5
60513,73,78
60514,25,26
60515,62,64
60516,74,82
60517,116,124
60518,9,9
60520,5,5
60521,30,34
60523,39,40
60525,98,102
60526,33,38
60527,96,100
60530,1,1
60531,9,9
60532,83,89
60534,41,42
60535,1,1
60536,1,1
60538,82,85
60540,105,113
60541,7,9
60542,55,55
60543,109,114
60544,114,119
60545,39,40
60546,53,54
60548,35,39
60549,2,2
60550,5,6
60551,9,9
60552,19,19
60553,3,4
60554,38,38
60555,48,53
60556,7,8
60558,25,28
60559,92,97
60560,70,72
60561,82,88
60562,1,1
60563,106,108
60564,111,120
60565,109,114
60567,1,1
60571,1,1
60583,2,2
60585,50,54
60586,153,158
60595,1,1
60600,2,2
60601,58,61
60602,13,14
60603,1,1
60604,6,6
60605,62,63
60606,15,16
60607,53,56
60608,292,306
60609,277,285
60610,136,142
60611,145,158
60612,177,187
60613,125,141
60614,83,88
60615,170,178
60616,193,200
60617,510,530
60618,313,331
60619,417,433
60620,481,499
60621,181,187
60622,147,149
60623,385,402
60624,215,228
60625,258,268
60626,146,152
60627,5,5
60628,473,497
60629,564,581
60630,192,201
60631,86,92
60632,368,378
60633,61,63
60634,266,283
60635,1,1
60636,202,209
60637,249,259
60638,242,253
60639,447,469
60640,198,206
60641,241,256
60642,47,50
60643,300,309
60644,290,299
60645,173,175
60646,91,98
60647,267,281
60648,1,1
60649,278,286
60651,405,421
60652,255,262
60653,180,185
60654,43,47
60655,99,105
60656,125,129
60657,112,113
60659,136,138
60660,140,146
60661,9,9
60662,1,1
60664,1,1
60674,1,1
60675,1,1
60680,4,4
60683,1,1
60690,5,5
60691,1,1
60694,1,1
60706,58,62
60707,158,162
60712,44,46
60714,102,108
60715,1,1
60803,86,93
60804,397,418
60805,105,108
60806,1,1
60821,1,1
60827,172,176
60901,119,126
60910,1,1
60911,3,3
60912,2,2
60913,3,3
60914,86,93
60915,36,40
60917,2,2
60920,4,4
60921,3,3
60922,10,10
60924,3,3
60927,8,8
60928,1,1
60929,2,2
60930,1,1
60931,2,2
60932,1,1
60933,1,1
60934,1,1
60935,1,1
60936,13,13
60938,7,7
60940,7,7
60941,4,4
60942,21,21
60944,3,3
60946,3,3
60948,2,2
60949,2,2
60950,47,49
60951,3,3
60952,1,1
60953,5,5
60954,19,19
60955,4,5
60957,14,14
60958,6,6
60959,2,2
60960,4,5
60961,2,2
60962,2,2
60963,7,7
60964,19,20
60966,5,5
60970,17,17
60973,1,1
61001,2,2
61006,5,5
61007,2,2
61008,123,127
61010,16,18
61011,10,10
61012,6,6
61013,1,1
61014,2,2
61015,2,2
61016,14,14
61018,3,3
61019,8,9
61020,7,7
61021,75,78
61024,3,3
61025,8,9
61028,1,1
61030,9,9
61031,4,5
61032,104,109
61036,13,13
61038,2,2
61039,2,2
61041,3,3
61042,2,2
61046,7,7
61047,3,3
61048,11,11
61049,4,4
61051,2,2
61052,3,3
61053,5,5
61054,8,8
61055,1,1
61060,4,4
61061,19,20
61062,3,3
61063,6,6
61064,5,6
61065,26,27
61067,4,4
61068,44,48
61070,2,2
61071,43,46
61072,30,30
61073,56,60
61074,16,16
61075,2,2
61078,4,4
61079,1,1
61080,27,30
61081,65,68
61084,8,9
61085,7,7
61087,4,4
61088,21,21
61089,1,1
61101,82,86
61102,73,78
61103,96,98
61104,67,67
61105,4,4
61107,111,114
61108,104,105
61109,92,94
61111,70,72
61114,50,53
61115,82,88
61125,1,1
61126,1,1
61130,1,1
61132,1,1
61144,1,1
61201,105,108
61202,1,1
61230,6,7
61231,9,9
61232,3,3
61233,2,2
61234,2,2
61235,4,4
61238,3,5
61239,5,5
61240,11,11
61241,22,22
61242,1,1
61244,81,83
61250,7,7
61252,16,17
61254,25,26
61256,6,6
61257,2,3
61258,1,1
61259,4,4
61261,3,3
61262,1,1
61264,28,30
61265,120,127
61266,2,2
61269,1,1
61270,20,23
61272,4,4
61273,9,9
61274,1,1
61275,8,8
61277,3,3
61278,3,3
61279,2,2
61281,7,7
61282,33,34
61283,3,3
61284,5,5
61301,31,31
61310,21,22
61311,1,1
61312,2,2
61313,2,2
61314,1,1
61315,1,1
61317,1,1
61318,2,2
61319,6,6
61320,2,2
61321,1,1
61322,12,12
61323,1,1
61325,7,7
61326,5,5
61327,1,1
61329,6,6
61330,7,8
61332,1,1
61334,3,3
61335,2,2
61336,2,3
61340,1,1
61341,31,32
61342,32,32
61344,2,2
61345,2,2
61348,19,21
61349,4,5
61350,76,79
61353,6,6
61354,38,39
61356,38,41
61358,1,1
61360,11,11
61361,6,6
61362,22,23
61364,68,69
61367,4,5
61368,5,5
61369,4,4
61370,3,3
61372,1,1
61373,8,8
61375,4,4
61376,2,2
61377,5,5
61378,2,2
61379,3,3
61401,107,108
61410,10,11
61411,2,2
61412,2,2
61413,6,7
61415,1,1
61416,1,1
61417,2,2
61420,2,2
61421,1,1
61422,12,12
61423,3,3
61425,2,2
61426,1,1
61427,10,10
61428,2,2
61430,5,5
61431,3,4
61432,1,1
61434,4,4
61435,1,1
61436,1,1
61437,1,1
61438,5,5
61442,2,2
61443,42,44
61447,3,3
61448,9,9
61450,5,5
61451,1,1
61453,4,4
61454,1,1
61455,36,36
61458,2,2
61459,2,2
61460,1,1
61462,17,17
61465,1,1
61466,2,2
61467,3,3
61468,1,1
61469,2,2
61470,1,1
61471,2,2
61473,7,7
61474,1,1
61477,1,1
61481,1,1
61483,8,8
61484,3,3
61485,1,1
61486,5,5
61488,1,1
61489,2,3
61490,7,8
61491,5,5
61501,8,8
61504,1,1
61516,1,1
61517,7,7
61519,2,2
61520,58,62
61523,42,45
61524,4,5
61525,26,27
61526,3,3
61528,7,7
61529,8,8
61530,15,15
61531,11,11
61532,1,1
61533,9,9
61534,6,6
61535,6,6
61536,11,12
61537,13,14
61540,8,9
61541,1,1
61542,15,15
61543,1,1
61544,3,3
61545,3,3
61546,12,12
61547,11,11
61548,28,29
61550,38,41
61552,1,1
61554,132,139
61555,2,2
61559,9,9
61560,7,8
61561,9,11
61563,2,2
61564,4,4
61565,5,5
61567,7,8
61568,11,11
61569,4,4
61570,5,5
61571,68,71
61572,3,3
61583,1,1
61601,6,6
61602,6,6
61603,63,65
61604,131,135
61605,95,96
61606,13,13
61607,41,43
61608,1,1
61610,11,11
61611,67,69
61612,3,3
61614,79,82
61615,62,66
61616,20,21
61617,1,1
61625,1,1
61642,1,1
61654,1,1
61660,1,1
61701,107,110
61702,2,2
61704,93,96
61705,26,27
61707,1,1
61720,1,1
61721,2,2
61722,2,3
61723,6,7
61724,2,2
61725,3,3
61726,11,11
61727,25,26
61728,6,6
61729,1,1
61730,1,2
61732,5,5
61733,5,5
61734,7,7
61736,5,6
61737,1,1
61738,10,10
61739,10,11
61740,5,5
61741,5,5
61742,1,1
61744,8,8
61745,13,13
61747,4,4
61748,7,7
61749,1,1
61752,16,16
61753,8,8
61754,3,3
61755,12,12
61756,6,6
61759,3,3
61760,7,7
61761,105,109
61764,42,45
61769,1,1
61770,6,6
61771,4,4
61772,2,3
61774,4,5
61776,8,9
61777,4,4
61778,2,2
61801,35,36
61802,61,63
61803,3,3
61811,1,1
61812,1,1
61813,5,5
61814,3,3
61815,1,1
61817,7,7
61818,3,3
61820,44,46
61821,78,82
61822,61,63
61826,3,6
61830,1,1
61832,86,90
61833,8,8
61834,24,25
61839,2,2
61840,5,5
61841,4,4
61842,10,11
61843,7,7
61844,4,5
61845,2,2
61846,8,8
61847,4,4
61848,1,1
61849,1,1
61850,1,1
61851,2,2
61852,1,1
61853,33,33
61854,4,4
61856,19,19
61858,10,10
61859,1,1
61863,5,5
61864,6,6
61865,9,9
61866,53,54
61870,2,2
61871,1,1
61872,3,3
61873,17,20
61874,18,18
61875,3,4
61876,1,1
61877,2,2
61878,9,9
61880,8,8
61882,5,5
61883,11,11
61884,3,3
61901,1,1
61905,1,1
61910,10,10
61911,9,10
61912,4,4
61913,9,10
61914,5,5
61917,1,1
61919,2,2
61920,28,28
61924,7,8
61925,3,3
61928,7,7
61929,3,3
61930,1,2
61931,3,3
61932,1,1
61933,5,5
61936,1,1
61937,5,5
61938,65,69
61940,1,1
61942,3,3
61943,4,4
61944,27,29
61951,17,18
61953,13,13
61955,1,1
61956,10,10
61957,3,3
62001,4,4
62002,103,107
62006,1,1
62009,5,5
62010,29,30
62011,1,1
62012,18,18
62013,3,3
62014,8,8
62015,5,7
62016,11,12
62017,1,1
62018,6,6
62019,1,1
62021,5,5
62022,5,5
62024,26,26
62025,72,74
62027,2,2
62028,2,2
62032,1,1
62033,15,15
62034,30,33
62035,47,49
62036,3,3
62037,7,7
62040,114,118
62044,5,5
62045,1,1
62046,3,3
62047,1,1
62048,3,3
62049,14,15
62050,1,1
62051,3,3
62052,25,27
62053,1,1
62054,2,2
62056,24,26
62058,2,2
62059,1,1
62060,26,27
62061,5,6
62062,23,25
62063,5,5
62065,1,1
62067,8,8
62069,9,9
62070,1,1
62075,8,8
62077,1,1
62080,3,4
62081,1,1
62082,6,6
62084,4,4
62085,1,1
62086,5,5
62087,1,1
62088,13,14
62089,1,1
62090,6,6
62091,2,2
62092,6,6
62093,1,1
62094,6,7
62095,27,27
62097,13,14
62125,1,1
62148,1,1
62201,20,20
62202,4,4
62203,28,30
62204,29,29
62205,40,40
62206,65,66
62207,21,22
62208,49,52
62214,2,3
62215,3,3
62216,6,6
62218,2,2
62219,4,4
62220,50,54
62221,78,83
62222,3,3
62223,48,49
62225,5,5
62226,95,98
62230,14,15
62231,17,17
62232,20,24
62233,9,12
62234,99,99
62236,29,31
62237,5,5
62238,3,3
62239,12,12
62240,2,2
62241,1,1
62242,2,2
62243,13,14
62244,5,5
62245,4,4
62246,19,19
62248,1,1
62249,21,21
62250,1,1
62252,1,1
62254,11,11
62255,2,2
62257,5,7
62258,23,25
62259,1,1
62260,21,22
62262,6,6
62263,9,9
62264,8,8
62265,12,13
62268,1,1
62269,104,111
62271,6,6
62272,6,6
62274,18,18
62275,9,11
62277,3,3
62278,16,16
62280,1,1
62281,4,4
62282,1,1
62284,1,1
62285,11,11
62286,19,19
62288,4,4
62289,5,5
62292,2,2
62293,7,7
62294,33,36
62295,2,2
62298,42,45
62301,70,70
62305,50,53
62306,1,1
62311,1,1
62312,3,3
62314,4,4
62316,1,1
62320,5,5
62321,5,5
62323,1,1
62324,1,1
62326,4,5
62330,2,3
62338,2,3
62339,1,1
62340,1,1
62341,9,9
62347,2,2
62349,1,1
62351,7,8
62353,12,14
62354,5,5
62356,2,2
62358,3,3
62360,3,3
62363,15,15
62365,1,1
62366,4,4
62367,1,1
62373,2,2
62376,6,6
62378,2,2
62379,2,2
62401,45,45
62410,5,5
62411,5,5
62414,1,1
62417,7,7
62418,4,4
62420,8,9
62421,1,1
62422,4,4
62423,2,2
62424,4,4
62425,1,1
62426,3,3
62427,3,3
62428,12,12
62431,5,5
62432,2,2
62433,1,1
62436,1,1
62438,1,1
62439,12,13
62440,2,2
62441,6,6
62442,5,5
62443,7,8
62445,3,3
62446,3,3
62447,10,11
62448,18,18
62449,8,8
62450,23,23
62451,7,9
62452,2,2
62454,18,18
62458,4,4
62460,5,5
62461,5,5
62462,2,2
62463,3,3
62464,1,1
62465,3,3
62466,2,2
62467,13,13
62468,2,2
62471,15,16
62473,6,6
62474,3,3
62475,1,1
62476,5,5
62477,2,2
62478,1,1
62479,1,2
62480,1,1
62501,9,10
62510,4,4
62513,3,3
62514,2,2
62518,1,1
62520,5,7
62521,134,138
62522,60,61
62523,8,8
62524,1,1
62526,115,115
62528,1,1
62530,6,6
62531,3,3
62533,3,3
62534,2,2
62535,5,5
62536,3,3
62537,3,3
62538,1,1
62539,5,5
62540,3,3
62543,3,3
62544,4,4
62545,5,5
62546,5,5
62547,3,3
62548,5,6
62549,9,9
62550,4,4
62551,4,4
62553,2,2
62554,7,9
62557,14,15
62558,10,10
62560,9,9
62561,23,25
62563,12,12
62565,16,16
62567,2,2
62568,50,53
62570,3,3
62571,6,6
62572,1,1
62573,3,3
62585,1,1
62588,1,1
62592,1,1
62612,6,6
62613,15,15
62615,14,16
62617,3,4
62618,29,30
62621,3,3
62622,1,1
62624,2,2
62625,4,4
62626,18,18
62627,5,5
62628,1,1
62629,47,47
62630,2,2
62631,1,1
62633,2,2
62634,2,2
62635,2,2
62636,1,1
62638,5,5
62640,7,8
62642,8,8
62643,4,4
62644,15,16
62649,3,3
62650,73,76
62656,52,55
62661,4,4
62664,9,9
62665,4,4
62666,1,1
62667,1,1
62668,5,5
62670,11,11
62671,1,1
62672,1,1
62673,1,1
62675,17,20
62677,6,6
62681,11,11
62682,1,1
62684,7,7
62685,1,1
62688,1,1
62689,2,2
62690,9,9
62691,5,6
62692,9,10
62693,6,6
62694,5,5
62701,6,6
62702,131,136
62703,103,108
62704,112,113
62705,1,1
62707,26,26
62708,3,3
62711,36,38
62712,30,31
62756,1,1
62791,3,3
62792,1,1
62801,66,69
62803,1,1
62806,9,9
62807,2,2
62808,4,4
62809,1,1
62810,2,2
62811,1,1
62812,29,30
62814,7,8
62815,2,2
62817,1,1
62818,3,4
62819,1,1
62821,16,16
62822,5,5
62823,3,3
62824,7,7
62827,4,4
62828,2,2
62830,4,4
62832,28,28
62833,1,1
62835,4,4
62836,1,1
62837,26,28
62838,7,7
62839,15,15
62841,1,1
62842,3,4
62844,8,8
62848,2,2
62849,6,6
62851,1,1
62853,3,3
62854,6,6
62856,1,1
62857,1,1
62858,7,7
62859,9,9
62860,1,1
62863,24,27
62864,59,61
62865,7,7
62867,2,2
62868,2,2
62869,4,4
62870,3,3
62872,2,2
62874,3,3
62875,3,3
62876,1,1
62878,3,3
62880,5,5
62881,24,24
62882,5,5
62883,1,1
62884,6,6
62885,4,4
62886,1,1
62887,1,1
62888,12,12
62889,2,3
62890,5,5
62891,4,4
62892,2,3
62893,1,1
62894,3,3
62895,2,2
62896,27,30
62897,2,2
62898,6,7
62899,6,6
62901,45,45
62902,7,7
62903,9,10
62906,14,15
62907,7,8
62908,1,1
62910,12,13
62912,6,6
62914,5,5
62915,4,4
62916,4,4
62917,7,7
62918,26,26
62919,3,3
62920,10,10
62921,2,2
62922,7,7
62923,3,4
62924,4,5
62926,1,1
62927,1,1
62928,2,2
62929,1,1
62930,19,20
62931,1,2
62932,6,6
62933,2,2
62934,1,1
62935,7,7
62938,9,9
62939,5,5
62941,2,2
62942,1,1
62943,2,2
62946,30,30
62947,1,1
62948,32,33
62949,1,1
62950,2,2
62951,10,11
62952,5,6
62954,2,2
62956,2,2
62957,3,3
62958,3,3
62959,82,84
62960,44,45
62963,3,3
62966,40,40
62972,2,2
62974,4,4
62976,2,2
62977,1,1
62979,3,3
62982,2,2
62983,3,4
62984,9,9
62985,2,2
62987,1,1
62988,2,2
62990,3,3
62992,2,2
62994,3,3
62995,12,13
62996,2,3
62999,5,5
63002,1,1
63005,43,45
63008,1,1
63010,87,87
63011,103,108
63012,27,27
63013,6,7
63014,1,1
63015,9,9
63016,18,18
63017,112,121
63019,15,17
63020,49,54
63021,139,144
63022,2,2
63023,9,9
63025,50,50
63026,95,102
63028,75,76
63030,1,1
63031,175,180
63032,2,2
63033,226,232
63034,98,101
63036,2,2
63037,6,6
63038,20,22
63039,4,4
63040,20,20
63041,2,2
63042,82,82
63043,67,69
63044,38,38
63048,11,11
63049,66,71
63050,27,29
63051,41,42
63052,70,73
63055,9,10
63056,7,7
63060,8,8
63061,1,1
63068,8,8
63069,41,42
63070,19,19
63071,5,5
63072,14,15
63073,4,5
63074,52,57
63077,26,27
63080,28,28
63084,41,41
63087,1,1
63088,17,19
63089,15,15
63090,56,59
63091,3,3
63101,5,5
63102,2,2
63103,23,25
63104,51,52
63105,38,39
63106,50,50
63107,43,43
63108,69,69
63109,86,87
63110,60,60
63111,65,67
63112,71,74
63113,63,63
63114,124,128
63115,103,103
63116,133,136
63117,25,26
63118,85,88
63119,88,94
63120,41,42
63121,127,128
63122,88,89
63123,119,123
63124,28,29
63125,97,99
63126,46,46
63127,10,10
63128,85,89
63129,118,126
63130,121,124
63131,63,65
63132,55,55
63133,35,35
63134,53,53
63135,113,118
63136,275,286
63137,111,116
63138,94,96
63139,58,61
63140,2,2
63141,43,43
63143,15,15
63144,21,21
63146,90,93
63147,57,58
63148,1,1
63156,3,3
63163,1,1
63178,1,1
63187,1,1
63188,2,2
63196,1,1
63201,1,1
63216,1,1
63301,122,124
63303,115,116
63304,111,115
63305,1,1
63306,1,1
63308,1,1
63330,1,1
63332,6,6
63333,2,2
63334,16,16
63336,5,6
63339,4,4
63341,9,9
63342,1,1
63343,12,13
63344,8,8
63345,1,1
63347,7,7
63348,19,20
63349,4,4
63351,7,7
63352,2,2
63353,12,12
63357,8,8
63359,3,3
63361,10,10
63362,26,27
63363,2,3
63364,1,1
63366,135,140
63367,63,66
63368,106,109
63369,12,12
63370,1,1
63373,3,3
63375,1,1
63376,201,208
63377,5,6
63379,66,69
63381,1,1
63382,9,9
63383,38,39
63384,4,4
63385,94,102
63386,4,4
63388,2,2
63389,9,10
63390,25,25
63401,61,66
63430,1,1
63431,1,1
63432,1,1
63434,1,1
63435,8,8
63436,2,2
63437,5,5
63438,1,1
63440,4,4
63441,4,4
63443,2,2
63445,7,7
63447,2,2
63448,4,4
63450,1,1
63452,2,2
63454,3,3
63456,8,8
63458,2,2
63459,12,12
63461,12,12
63462,7,7
63468,3,3
63469,2,2
63471,1,1
63472,3,3
63474,1,1
63501,37,37
63530,3,3
63531,3,3
63532,2,2
63533,3,3
63534,3,3
63537,6,6
63539,1,1
63541,1,1
63543,2,2
63544,3,3
63545,3,3
63546,7,7
63547,2,3
63548,2,2
63549,4,4
63551,1,1
63552,20,20
63555,5,5
63556,8,8
63558,1,1
63559,2,2
63561,1,1
63565,11,12
63566,1,1
63568,1,1
63595,1,1
63601,52,55
63620,2,2
63621,4,4
63622,1,1
63623,2,2
63624,6,6
63625,2,2
63626,2,2
63627,5,5
63628,38,40
63629,3,3
63630,13,13
63631,4,4
63636,1,1
63637,5,5
63638,4,4
63640,70,74
63645,22,22
63648,4,4
63650,9,9
63652,1,1
63653,4,4
63654,1,1
63655,4,4
63656,1,1
63660,7,7
63662,1,1
63663,1,1
63664,25,25
63666,1,1
63668,1,1
63670,21,21
63673,2,2
63675,1,1
63701,68,71
63702,3,3
63703,17,17
63704,2,2
63708,1,1
63730,6,6
63732,2,2
63736,6,6
63739,2,2
63740,10,10
63744,1,1
63748,3,3
63751,3,3
63755,45,46
63758,2,3
63760,1,1
63764,11,11
63766,4,4
63767,1,1
63771,12,13
63775,32,35
63780,8,9
63781,2,2
63784,2,2
63785,4,4
63801,69,70
63804,2,2
63820,1,1
63821,2,2
63822,5,5
63823,5,5
63825,11,11
63829,2,2
63830,21,22
63834,21,22
63836,1,1
63840,1,1
63841,35,35
63845,11,11
63846,6,6
63848,2,2
63849,1,1
63851,12,13
63852,2,2
63855,1,1
63857,23,24
63862,7,7
63863,17,18
63866,2,2
63867,3,3
63869,8,8
63870,3,4
63873,19,19
63874,1,1
63876,5,5
63877,8,8
63879,3,3
63882,1,1
63886,1,1
63901,93,100
63902,1,1
63905,1,1
63907,1,1
63933,10,10
63935,38,38
63936,1,1
63937,8,8
63938,2,2
63939,5,5
63940,5,5
63943,3,4
63944,4,4
63945,2,3
63950,1,1
63951,1,1
63952,1,1
63953,6,6
63954,2,2
63955,1,1
63957,11,11
63959,1,1
63960,9,9
63962,1,1
63964,2,2
63965,5,5
63966,6,6
63967,3,3
64001,2,2
64007,1,1
64011,10,11
64012,91,94
64013,1,1
64014,72,74
64015,94,96
64016,15,15
64017,2,2
64018,3,3
64019,9,9
64020,11,11
64021,1,1
64022,1,1
64024,56,60
64028,1,1
64029,47,49
64030,137,139
64033,1,1
64034,22,22
64035,2,2
64036,1,1
64037,20,20
64040,22,23
64048,17,17
64050,72,74
64052,80,80
64053,8,8
64054,11,11
64055,122,126
64056,52,54
64057,52,54
64058,29,30
64060,42,49
64061,13,13
64062,20,20
64063,58,60
64064,46,48
64066,1,1
64067,17,18
64068,88,91
64069,4,4
64070,7,7
64071,1,1
64072,1,1
64074,3,3
64075,27,27
64076,19,19
64077,3,3
64078,32,34
64079,35,35
64080,32,33
64081,70,71
64082,39,41
64083,69,73
64084,3,3
64085,27,29
64086,55,56
64088,4,4
64089,24,24
64091,2,2
64093,55,57
64096,3,3
64097,4,5
64098,8,8
64101,1,1
64102,2,2
64104,2,2
64105,11,12
64106,31,32
64108,30,31
64109,49,50
64110,59,60
64111,37,37
64112,28,30
64113,38,39
64114,71,73
64116,57,57
64117,44,45
64118,127,134
64119,76,79
64120,3,4
64123,28,28
64124,29,30
64125,6,6
64126,14,15
64127,70,72
64128,71,75
64129,57,58
64130,154,158
64131,109,110
64132,68,71
64133,141,144
64134,121,127
64136,12,13
64137,33,33
64138,116,117
64139,4,4
64141,4,4
64145,19,20
64146,6,6
64148,1,1
64149,3,3
64150,9,9
64151,84,86
64152,78,82
64153,14,16
64154,31,31
64155,91,93
64156,16,18
64157,50,55
64158,15,16
64161,2,2
64163,3,3
64164,1,1
64165,2,2
64166,1,1
64190,1,1
64326,1,1
64370,1,1
64401,4,4
64402,9,9
64418,1,1
64420,1,1
64421,1,2
64423,4,4
64424,15,15
64426,1,1
64427,1,1
64428,3,3
64429,36,39
64430,1,1
64431,2,2
64434,1,1
64435,1,1
64436,5,5
64437,1,1
64439,3,3
64440,1,1
64441,2,2
64443,3,3
64444,1,1
64446,2,2
64448,6,6
64451,1,1
64453,1,1
64454,5,5
64456,7,8
64458,1,1
64459,5,5
64461,3,3
64463,2,2
64465,15,16
64468,6,6
64469,6,6
64470,3,3
64471,4,4
64474,1,1
64475,2,2
64477,6,6
64479,3,3
64480,2,2
64481,1,1
64482,2,2
64484,3,4
64485,24,24
64487,2,2
64489,3,3
64490,2,2
64491,7,7
64492,3,3
64494,3,3
64496,1,1
64498,1,1
64499,1,1
64501,32,32
64502,1,1
64503,30,31
64504,33,34
64505,36,36
64506,56,56
64507,36,38
64508,1,1
64565,1,1
64584,1,1
64601,28,29
64606,1,1
64609,1,1
64620,1,1
64624,3,3
64625,2,2
64628,15,16
64630,1,1
64631,7,8
64632,2,2
64633,10,10
64635,1,1
64636,2,2
64637,3,3
64638,3,3
64640,11,11
64641,2,3
64642,2,2
64643,3,4
64644,8,8
64645,1,1
64646,1,2
64647,1,1
64648,8,9
64649,2,2
64650,1,1
64651,1,1
64652,1,1
64653,1,1
64655,1,1
64656,2,2
64657,1,1
64658,8,8
64659,1,1
64660,1,1
64664,1,1
64667,2,2
64670,2,2
64671,4,4
64673,5,5
64676,1,1
64679,1,1
64683,17,17
64688,1,1
64689,3,3
64701,41,42
64720,8,8
64722,1,1
64723,1,1
64724,8,8
64725,8,9
64728,2,2
64730,17,20
64733,2,2
64734,9,9
64735,33,34
64739,1,2
64740,11,11
64741,1,2
64742,6,6
64743,1,1
64744,14,15
64746,10,10
64747,12,12
64748,3,3
64750,1,1
64752,1,1
64755,7,7
64756,2,2
64759,15,15
64761,5,5
64762,1,1
64763,5,5
64766,1,1
64767,2,2
64770,2,2
64771,2,2
64772,29,30
64774,1,1
64776,8,8
64777,1,1
64779,5,5
64784,3,3
64788,3,3
64790,1,1
64801,67,70
64802,3,3
64803,4,4
64804,86,89
64813,1,1
64830,2,2
64831,18,20
64832,2,2
64834,19,20
64835,6,7
64836,61,63
64840,4,4
64841,3,3
64842,3,3
64843,10,11
64844,8,9
64848,1,1
64850,59,63
64854,10,11
64855,6,6
64856,8,8
64857,2,2
64859,5,6
64862,8,8
64863,8,9
64864,3,3
64865,12,12
64866,5,6
64867,6,6
64868,1,1
64870,35,37
64873,1,1
64874,1,1
64901,1,1
65001,1,1
65010,18,18
65011,5,6
65013,3,3
65014,1,1
65016,3,3
65017,3,3
65018,15,15
65020,32,32
65023,1,1
65025,1,1
65026,23,24
65028,1,1
65031,1,1
65032,2,2
65034,1,1
65035,3,3
65037,9,9
65038,1,1
65039,7,7
65041,11,11
65043,35,35
65046,8,9
65047,4,4
65049,14,14
65050,3,3
65051,10,10
65052,7,7
65053,4,4
65054,4,4
65056,1,1
65057,1,1
65058,3,3
65059,4,4
65061,5,5
65062,1,1
65063,3,3
65065,18,18
65066,15,15
65067,1,1
65068,1,1
65069,3,3
65072,4,4
65074,5,5
65075,3,3
65076,1,2
65078,10,11
65079,13,13
65080,2,2
65081,6,6
65082,4,4
65084,20,20
65085,3,3
65101,48,49
65103,1,1
65109,93,99
65135,1,1
65201,65,67
65202,111,115
65203,101,103
65205,4,4
65230,2,2
65231,5,5
65232,1,1
65233,29,32
65236,1,1
65237,1,1
65239,2,2
65240,16,16
65243,6,6
65244,1,1
65246,1,1
65247,3,3
65248,10,10
65251,49,51
65254,5,5
65255,10,10
65256,2,2
65257,5,5
65258,1,1
65259,7,8
65261,4,4
65263,1,1
65264,1,1
65265,45,47
65270,25,26
65274,3,4
65275,8,9
65276,2,2
65279,8,9
65281,8,8
65283,2,2
65284,5,5
65285,1,1
65301,88,93
65302,3,3
65305,3,3
65309,1,1
65320,1,1
65321,2,2
65322,1,2
65323,2,2
65324,4,4
65325,8,8
65326,10,10
65327,1,1
65329,1,1
65332,6,6
65333,1,1
65334,4,4
65336,15,16
65337,7,8
65338,9,9
65340,30,32
65341,1,1
65344,2,2
65347,2,2
65348,2,2
65349,7,7
65350,4,4
65351,2,2
65354,2,2
65355,33,34
65360,13,15
65401,50,52
65402,3,3
65409,1,1
65438,3,3
65439,2,2
65440,2,2
65441,8,8
65444,7,7
65452,8,8
65453,25,27
65457,1,1
65459,19,21
65461,2,2
65462,5,5
65463,3,3
65464,1,1
65465,1,1
65466,6,6
65470,1,1
65473,3,4
65479,2,2
65483,12,12
65484,1,1
65486,13,15
65501,1,1
65504,1,1
65534,4,4
65535,4,4
65536,64,65
65541,1,1
65542,14,15
65548,16,18
65550,2,2
65552,4,5
65553,1,1
65555,4,4
65556,5,5
65557,1,1
65559,18,20
65560,29,31
65565,8,10
65566,1,1
65567,5,5
65570,2,2
65571,6,6
65580,1,1
65582,3,3
65583,38,40
65584,22,22
65588,5,5
65590,8,8
65599,1,1
65601,2,2
65604,9,9
65605,35,37
65606,6,6
65607,1,1
65608,18,19
65609,1,1
65610,10,10
65611,10,10
65612,4,4
65613,36,39
65614,1,1
65615,3,3
65616,50,50
65617,3,3
65619,25,27
65620,1,1
65622,20,20
65624,3,3
65625,14,14
65626,2,2
65630,1,1
65631,10,10
65632,3,3
65633,6,6
65635,1,1
65637,4,5
65638,2,3
65640,2,2
65641,3,4
65644,5,5
65645,1,1
65646,2,2
65647,4,4
65648,11,11
65649,1,1
65650,2,2
65652,9,9
65653,18,18
65654,2,2
65655,5,5
65656,10,11
65658,2,2
65661,8,8
65662,1,1
65663,6,6
65664,1,1
65667,6,6
65668,4,4
65669,7,7
65672,19,20
65673,2,2
65674,5,5
65679,8,8
65680,2,2
65681,9,9
65682,3,3
65685,1,1
65686,18,18
65689,12,12
65692,3,5
65702,1,1
65704,9,9
65705,10,11
65706,37,38
65707,4,4
65708,34,35
65710,1,1
65711,13,13
65712,10,11
65713,5,5
65714,68,71
65717,2,2
65720,4,4
65721,64,67
65722,5,5
65723,3,3
65724,2,2
65725,4,4
65730,1,1
65731,2,2
65732,3,3
65733,4,5
65734,10,10
65737,27,27
65738,48,49
65739,5,5
65740,9,9
65742,21,21
65745,6,6
65746,11,11
65747,12,12
65752,1,1
65753,5,5
65754,3,3
65756,2,2
65757,20,21
65759,2,2
65760,2,2
65761,2,2
65764,1,1
65766,1,1
65767,4,4
65769,13,14
65770,7,7
65771,4,4
65772,3,3
65773,3,3
65774,1,1
65775,54,55
65777,1,2
65778,1,1
65779,2,2
65781,20,22
65783,1,1
65785,16,18
65786,6,6
65787,5,6
65788,1,1
65789,5,6
65791,2,2
65793,16,16
65801,3,3
65802,109,111
65803,104,108
65804,83,86
65805,2,2
65806,18,19
65807,119,126
65809,27,28
65810,49,50
65884,1,1
66002,32,33
66006,18,18
66007,21,22
66008,3,3
66010,2,2
66012,31,33
66013,11,11
66014,2,2
66015,2,2
66016,1,1
66018,19,22
66020,4,4
66021,7,7
66023,6,6
66024,4,4
66025,17,19
66027,8,8
66030,38,38
66032,6,6
66033,2,2
66035,3,3
66039,1,1
66040,11,11
66041,3,3
66042,2,3
66043,18,18
66044,40,42
66046,45,45
66047,52,53
66048,113,118
66049,53,55
66050,3,3
66052,2,2
66053,15,18
66054,9,10
66056,3,3
66058,1,1
66060,5,5
66061,134,139
66062,165,169
66064,18,19
66066,6,6
66067,44,44
66070,10,10
66071,31,34
66072,3,3
66073,5,5
66075,5,5
66076,3,3
66077,1,1
66078,4,4
66080,2,2
66083,30,31
66085,28,28
66086,30,30
66087,4,4
66088,13,13
66090,3,3
66091,2,2
66092,12,12
66094,3,3
66095,3,3
66097,1,1
66101,45,49
66102,92,93
66103,44,45
66104,139,145
66105,14,14
66106,84,85
66109,101,104
66111,32,32
66112,58,59
66113,6,6
66114,1,1
66119,1,1
66125,1,1
66132,1,1
66160,1,1
66201,5,5
66202,56,58
66203,57,59
66204,54,55
66205,29,29
66206,26,28
66207,41,43
66208,41,44
66209,38,40
66210,31,31
66211,9,9
66212,88,89
66213,67,68
66214,32,32
66215,68,70
66216,82,84
66217,11,11
66218,14,15
66219,32,34
66220,19,19
66221,44,47
66223,33,34
66224,20,21
66226,36,37
66227,16,16
66239,1,1
66250,1,1
66282,1,1
66283,2,2
66285,2,2
66401,4,4
66402,8,8
66403,3,3
66406,1,1
66407,4,4
66409,12,12
66411,1,2
66413,6,6
66414,4,4
66415,2,2
66416,1,1
66417,2,2
66422,1,1
66423,2,2
66425,3,3
66427,4,4
66429,1,1
66431,3,3
66432,3,3
66434,10,10
66436,13,14
66438,1,1
66439,8,8
66440,4,5
66441,72,77
66442,5,5
66451,4,5
66502,63,65
66503,25,25
66505,1,1
66508,11,11
66509,9,9
66510,2,2
66512,9,9
66514,4,4
66515,1,1
66516,2,2
66517,4,4
66518,1,1
66520,6,6
66521,2,2
66523,8,8
66524,7,7
66528,6,6
66532,3,3
66533,6,6
66534,10,10
66535,5,5
66536,4,5
66537,2,2
66538,6,6
66539,9,9
66540,1,1
66542,13,13
66543,5,5
66544,1,1
66546,5,5
66547,18,20
66548,3,3
66549,5,5
66550,2,2
66601,1,1
66603,3,3
66604,55,56
66605,60,61
66606,27,27
66607,22,22
66608,16,16
66609,24,25
66610,20,20
66611,30,31
66612,5,6
66614,92,94
66615,7,7
66616,19,20
66617,24,25
66618,26,27
66619,8,8
66701,28,29
66710,1,1
66711,2,2
66712,11,11
66713,13,14
66714,1,1
66717,1,2
66720,23,26
66724,2,2
66725,14,14
66733,5,5
66734,2,2
66736,11,12
66738,1,1
66739,15,15
66740,1,1
66741,1,1
66742,1,2
66743,12,13
66746,2,2
66748,11,11
66749,13,13
66751,4,4
66753,1,1
66754,1,1
66755,4,4
66756,2,2
66757,9,9
66762,36,36
66763,11,12
66767,1,1
66769,1,1
66770,4,4
66771,4,4
66772,1,1
66773,1,1
66776,2,2
66777,2,2
66778,1,1
66779,2,2
66780,1,2
66781,2,2
66782,1,1
66783,4,4
66801,88,90
66830,1,1
66833,1,1
66834,3,3
66835,2,2
66839,8,8
66840,1,1
66846,6,6
66851,1,1
66852,2,2
66853,3,3
66854,2,2
66856,1,1
66857,3,3
66860,3,3
66861,2,2
66864,1,1
66865,4,4
66866,4,4
66868,2,2
66869,3,3
66871,3,3
66872,3,3
66901,12,12
66935,7,7
66936,2,2
66937,2,2
66939,1,1
66941,1,1
66948,1,2
66949,4,4
66951,3,3
66953,1,1
66956,1,1
66958,3,3
66962,1,1
66964,1,1
66966,1,1
66967,5,5
66968,3,3
67001,1,1
67002,33,35
67003,6,6
67004,1,1
67005,23,24
67008,1,1
67009,1,1
67010,33,34
67013,9,9
67016,2,2
67017,2,2
67020,1,1
67022,8,8
67024,1,1
67025,4,4
67026,14,15
67029,2,2
67030,6,6
67031,6,6
67035,1,1
67037,61,62
67038,1,1
67039,5,5
67042,36,36
67045,6,6
67050,2,3
67051,2,2
67052,23,24
67054,5,5
67055,1,1
67056,9,9
67058,4,5
67059,1,1
67060,33,34
67062,8,8
67063,8,8
67067,3,3
67068,14,14
67070,3,3
67072,1,1
67073,2,2
67074,7,7
67086,1,1
67101,8,8
67103,2,2
67104,4,4
67107,3,3
67108,5,6
67110,15,15
67114,71,72
67117,3,3
67118,2,2
67119,5,5
67120,1,1
67123,2,2
67124,11,11
67127,1,1
67132,2,3
67133,22,24
67135,7,7
67137,2,3
67138,2,2
67142,2,2
67144,7,7
67146,4,4
67147,22,24
67149,2,2
67151,2,2
67152,21,22
67154,4,4
67155,1,1
67156,29,31
67201,1,1
67202,2,2
67203,63,67
67204,59,64
67205,39,44
67206,27,29
67207,89,92
67208,55,56
67209,27,27
67210,16,17
67211,55,57
67212,108,113
67213,49,52
67214,49,52
67215,13,13
67216,47,47
67217,76,81
67218,60,61
67219,42,45
67220,43,44
67226,45,46
67227,2,2
67228,4,4
67230,29,31
67235,26,27
67277,1,1
67301,24,25
67330,1,1
67333,2,2
67335,9,9
67336,1,1
67337,20,20
67340,3,3
67342,1,1
67344,2,2
67349,2,2
67351,2,2
67353,3,3
67354,1,1
67356,7,7
67357,42,43
67360,1,1
67361,1,2
67363,1,1
67401,121,124
67402,1,1
67410,26,28
67416,3,3
67417,1,1
67418,1,1
67420,12,12
67422,4,4
67423,1,1
67425,2,2
67428,1,1
67430,1,1
67431,4,4
67432,11,11
67437,1,1
67439,10,10
67441,1,1
67443,4,4
67445,2,2
67446,2,2
67447,1,1
67449,9,10
67450,1,1
67451,2,2
67454,1,1
67455,1,1
67456,7,7
67457,4,4
67460,41,43
67464,2,2
67466,3,3
67467,7,7
67470,1,1
67473,1,1
67475,1,1
67480,4,4
67481,1,1
67483,1,1
67487,2,3
67490,3,3
67492,1,1
67501,54,59
67502,54,57
67504,1,1
67505,3,4
67510,1,1
67514,2,2
67520,1,1
67522,5,5
67523,1,1
67524,2,2
67525,2,2
67526,4,4
67530,25,26
67543,1,1
67544,8,8
67545,2,2
67546,7,7
67547,9,9
67548,4,4
67550,11,11
67552,3,3
67554,6,6
67557,2,2
67560,1,1
67561,2,2
67563,2,2
67564,1,1
67566,2,2
67570,3,3
67571,1,1
67573,2,2
67576,5,5
67579,7,7
67581,3,4
67583,1,1
67601,45,45
67621,4,4
67625,1,1
67637,4,4
67642,2,2
67644,1,1
67646,1,1
67648,1,1
67649,1,1
67650,1,1
67653,1,1
67654,4,4
67659,1,1
67661,7,7
67663,9,9
67664,3,3
67665,8,8
67667,1,1
67669,2,2
67671,2,2
67672,5,5
67701,14,14
67730,5,5
67731,5,5
67732,1,1
67734,2,2
67735,10,10
67736,1,1
67738,2,2
67740,2,2
67741,1,1
67745,2,2
67748,4,5
67749,7,7
67751,1,1
67752,1,1
67753,3,3
67756,8,8
67757,3,3
67758,3,3
67762,1,1
67764,1,1
67801,73,77
67834,2,2
67835,10,10
67836,1,1
67837,2,2
67838,4,5
67839,2,2
67840,1,1
67842,1,1
67843,1,1
67846,85,89
67849,1,1
67850,1,1
67851,7,8
67853,1,1
67854,2,2
67855,6,6
67857,2,2
67860,8,8
67861,6,6
67862,1,1
67863,2,2
67864,6,6
67867,6,6
67869,4,4
67870,3,3
67871,12,12
67876,3,3
67877,4,4
67878,3,3
67879,2,2
67880,16,16
67882,2,2
67901,55,58
67905,7,7
67950,7,7
67951,20,21
67954,1,1
68002,8,8
68003,10,10
68004,2,2
68005,80,84
68007,33,33
68008,36,37
68015,3,3
68016,2,2
68017,4,4
68019,1,1
68020,3,3
68022,51,52
68023,6,6
68025,77,79
68026,3,3
68028,32,33
68029,1,1
68031,4,4
68034,1,2
68036,2,2
68037,4,4
68038,1,1
68039,9,9
68040,1,1
68041,2,2
68042,1,1
68044,1,1
68045,4,4
68046,73,75
68047,3,3
68048,36,39
68050,1,1
68055,1,1
68057,1,1
68058,1,1
68059,6,6
68061,3,3
68063,2,2
68064,8,8
68065,5,5
68066,13,13
68067,11,11
68068,1,1
68069,7,7
68070,1,2
68071,27,29
68072,1,1
68073,6,6
68102,19,20
68103,1,1
68104,146,152
68105,62,62
68106,72,73
68107,116,119
68108,46,46
68110,33,34
68111,115,119
68112,42,43
68113,3,3
68114,61,65
68116,79,82
68117,23,24
68118,20,20
68122,34,35
68123,98,105
68124,36,36
68127,64,65
68128,49,49
68130,34,37
68131,29,30
68132,32,33
68133,34,34
68134,93,96
68135,62,62
68136,41,42
68137,57,59
68138,27,28
68142,13,13
68144,67,71
68145,1,1
68147,37,39
68152,22,23
68154,53,55
68157,21,23
68164,88,91
68198,5,5
68301,1,1
68303,1,1
68304,2,2
68305,10,10
68307,1,2
68310,45,46
68313,1,1
68316,3,3
68317,5,5
68318,1,1
68319,1,1
68324,1,1
68326,1,1
68327,1,1
68329,2,2
68330,1,1
68331,2,2
68333,24,24
68336,2,2
68337,2,2
68338,2,2
68339,2,2
68340,6,6
68341,4,5
68342,2,2
68343,2,2
68346,5,5
68347,5,5
68349,5,5
68350,2,2
68351,5,5
68352,13,14
68354,3,3
68355,21,21
68357,4,4
68358,3,3
68359,2,2
68361,7,8
68365,2,2
68366,2,3
68370,1,1
68371,7,8
68372,7,8
68376,2,2
68378,2,2
68381,3,4
68401,1,1
68402,4,4
68404,3,3
68405,9,9
68407,2,2
68408,1,1
68409,3,3
68410,18,18
68413,1,1
68414,1,1
68415,2,3
68416,2,2
68418,2,2
68419,1,1
68420,1,1
68421,1,1
68422,5,5
68423,1,1
68424,1,1
68428,3,3
68430,1,1
68431,2,2
68433,2,2
68434,16,16
68435,1,1
68437,2,2
68438,1,1
68439,2,2
68440,1,1
68442,1,1
68443,2,2
68446,8,8
68448,4,4
68450,4,4
68452,1,1
68453,1,1
68454,1,1
68455,3,4
68456,4,4
68457,3,3
68460,5,5
68461,2,2
68462,7,7
68463,4,4
68465,6,6
68466,5,7
68467,16,17
68501,1,1
68502,48,51
68503,43,44
68504,39,41
68505,42,43
68506,62,63
68507,46,49
68508,19,20
68510,41,42
68512,32,32
68514,1,1
68516,102,105
68517,1,1
68520,4,5
68521,70,70
68522,32,34
68523,1,1
68524,15,15
68526,14,17
68527,5,5
68528,17,17
68532,2,2
68542,1,1
68551,1,1
68574,1,1
68601,83,89
68602,1,1
68620,10,10
68622,2,2
68624,1,1
68627,2,2
68628,3,3
68629,2,2
68631,1,1
68632,10,11
68633,3,3
68635,2,3
68636,1,1
68637,2,2
68638,5,5
68640,2,2
68641,1,1
68643,1,1
68644,1,1
68647,1,1
68648,3,3
68649,6,6
68651,3,3
68652,1,1
68653,2,2
68654,2,2
68658,1,1
68659,1,1
68660,3,3
68661,21,21
68662,2,2
68663,3,3
68665,1,1
68666,4,4
68669,1,1
68701,91,94
68702,2,2
68710,1,1
68711,1,1
68713,5,5
68714,3,3
68715,2,2
68716,2,2
68718,4,4
68720,1,1
68723,1,1
68726,4,4
68727,2,2
68728,2,2
68729,8,8
68730,8,9
68731,7,8
68732,1,1
68733,3,3
68734,2,2
68735,2,2
68736,3,3
68739,6,7
68740,1,1
68741,3,3
68743,2,2
68745,5,5
68746,3,3
68748,6,6
68752,3,3
68755,1,1
68756,2,2
68758,3,3
68760,7,7
68763,13,13
68764,4,5
68765,3,3
68766,1,1
68767,5,5
68768,3,3
68769,6,6
68770,5,5
68771,4,4
68774,1,1
68776,41,42
68777,3,3
68779,4,4
68780,3,3
68781,4,5
68783,1,1
68784,4,4
68785,2,2
68786,3,3
68787,10,10
68788,20,21
68790,1,1
68791,5,5
68792,1,1
68801,67,68
68803,52,53
68805,1,1
68810,5,6
68812,1,1
68813,2,2
68814,1,1
68816,1,1
68817,1,1
68818,21,21
68820,1,1
68822,15,15
68823,5,5
68824,4,4
68825,2,2
68826,8,9
68827,3,3
68831,2,2
68832,5,5
68835,4,4
68836,10,11
68838,1,1
68840,7,7
68841,1,1
68842,1,1
68843,5,5
68845,45,46
68846,1,1
68847,53,54
68848,4,4
68850,30,30
68852,2,2
68853,5,5
68854,6,6
68855,1,1
68856,2,2
68859,5,5
68861,2,2
68862,8,8
68863,7,7
68864,2,2
68865,2,2
68866,1,1
68869,7,7
68873,12,12
68874,3,3
68875,2,2
68876,5,5
68882,2,2
68883,6,6
68901,59,61
68902,1,1
68920,3,3
68922,3,3
68924,5,5
68925,1,1
68926,1,1
68927,5,5
68928,1,1
68930,5,5
68933,6,6
68934,1,1
68935,1,1
68937,10,10
68939,5,6
68941,1,1
68942,4,4
68944,5,5
68945,1,1
68947,1,1
68948,1,2
68949,13,15
68950,1,1
68952,1,1
68955,3,3
68956,4,4
68957,3,3
68958,3,3
68959,13,13
68961,3,3
68966,1,1
68967,7,7
68970,1,1
68971,1,1
68973,1,1
68976,1,2
68977,1,1
68978,6,6
68979,3,4
68981,3,3
68982,1,1
69001,31,31
69021,2,2
69022,4,4
69023,3,3
69024,4,4
69025,2,2
69032,1,1
69033,5,5
69034,1,1
69036,1,1
69038,1,1
69039,1,1
69043,2,2
69044,2,2
69045,3,3
69046,1,1
69101,75,78
69103,4,5
69119,1,1
69121,1,1
69123,6,6
69125,1,1
69129,1,1
69130,8,8
69131,1,1
69134,1,1
69138,8,8
69140,4,4
69141,1,1
69143,3,3
69144,1,1
69145,6,6
69146,1,1
69147,3,3
69149,3,3
69150,2,2
69151,1,1
69153,25,25
69154,5,5
69155,4,4
69156,1,1
69162,12,12
69163,1,1
69165,4,4
69166,1,1
69167,1,1
69168,1,1
69169,2,2
69170,1,2
69183,1,1
69201,25,26
69210,6,6
69211,2,2
69217,2,2
69219,1,1
69301,37,40
69333,1,1
69334,5,5
69336,6,6
69337,12,12
69339,5,5
69341,32,32
69343,9,9
69345,1,1
69346,1,1
69347,4,4
69348,6,7
69350,2,2
69352,2,2
69354,1,1
69356,7,8
69357,13,13
69358,4,4
69360,3,3
69361,59,59
69363,3,3
69365,1,1
69489,1,1
70001,121,128
70002,47,49
70003,154,158
70004,4,4
70005,88,90
70006,57,58
70007,1,1
70009,2,2
70010,2,2
70015,1,1
70017,1,1
70018,1,1
70019,2,2
70022,1,1
70030,16,16
70031,10,12
70032,11,11
70036,3,3
70037,51,54
70039,16,17
70040,5,6
70041,12,14
70042,1,1
70043,77,78
70044,4,4
70047,42,43
70048,1,1
70049,18,18
70050,2,2
70051,10,10
70052,12,12
70053,57,60
70054,3,3
70056,136,140
70057,21,21
70058,193,201
70059,4,4
70060,1,1
70062,72,76
70063,5,5
70064,2,2
70065,201,209
70067,9,10
70068,128,130
70069,2,2
70070,51,53
70071,18,18
70072,273,285
70073,3,3
70075,14,15
70076,2,2
70078,4,4
70079,14,15
70080,8,8
70082,2,2
70083,15,16
70084,42,43
70085,15,16
70086,14,14
70087,32,33
70088,1,1
70089,1,1
70090,32,32
70091,2,2
70092,32,33
70094,138,144
70096,2,2
70103,2,2
70112,15,16
70113,30,31
70114,107,108
70115,64,64
70116,39,39
70117,115,117
70118,103,108
70119,115,119
70121,53,54
70122,145,146
70123,98,111
70124,33,36
70125,61,62
70126,119,123
70127,119,122
70128,94,96
70129,38,39
70130,34,35
70131,133,139
70137,1,1
70144,1,1
70151,1,1
70153,1,1
70154,1,1
70160,1,1
70170,1,1
70174,3,3
70175,4,4
70177,1,1
70178,1,1
70179,5,5
70180,1,1
70182,5,5
70183,2,2
70185,4,4
70187,4,4
70192,1,1
70201,1,1
70246,1,1
70270,1,1
70301,140,143
70302,5,5
70307,1,1
70334,1,1
70339,16,16
70340,7,7
70341,17,17
70342,12,13
70343,18,21
70344,15,15
70345,29,33
70346,44,44
70351,1,1
70353,11,11
70354,14,14
70356,12,12
70357,9,10
70358,4,4
70359,26,26
70360,75,75
70361,8,8
70363,99,103
70364,94,100
70370,1,1
70372,10,10
70373,16,17
70374,16,16
70375,2,2
70377,18,20
70380,72,76
70381,4,4
70390,23,23
70391,1,1
70392,30,30
70393,1,1
70394,44,46
70395,16,16
70397,4,4
70401,50,51
70403,81,87
70404,7,7
70411,1,1
70420,29,30
70422,40,43
70426,21,21
70427,58,62
70429,2,2
70431,9,11
70433,90,94
70434,10,10
70435,64,69
70436,4,4
70437,21,21
70438,67,70
70441,29,30
70442,2,2
70443,45,48
70444,31,32
70445,39,42
70446,26,26
70447,39,42
70448,73,78
70449,13,13
70450,11,11
70451,5,5
70452,44,46
70453,4,4
70454,85,88
70455,4,4
70456,11,11
70458,136,145
70459,4,4
70460,82,86
70461,92,95
70462,25,27
70463,2,2
70465,4,4
70466,23,24
70469,5,5
70470,3,3
70471,49,50
70488,2,2
70501,95,100
70502,1,1
70503,79,83
70506,113,116
70507,54,54
70508,67,69
70509,2,2
70510,69,71
70511,3,3
70512,22,22
70514,9,9
70515,7,7
70516,3,3
70517,58,61
70518,35,36
70519,1,1
70520,50,53
70521,1,1
70522,2,2
70523,5,5
70524,2,2
70525,17,17
70526,50,52
70527,1,1
70528,7,8
70529,21,21
70530,1,1
70532,14,15
70533,16,18
70534,1,1
70535,54,56
70536,1,1
70538,49,50
70540,1,1
70541,4,4
70542,6,6
70543,12,12
70544,42,43
70546,45,46
70548,19,21
70549,9,9
70550,2,2
70551,5,5
70552,6,6
70554,22,22
70555,19,19
70556,1,1
70559,2,2
70560,124,125
70562,3,3
70563,49,52
70565,1,1
70568,1,1
70569,2,3
70570,120,125
70571,8,8
70573,1,1
70576,2,3
70577,13,13
70578,39,40
70582,63,63
70583,34,35
70584,26,27
70585,2,2
70586,55,56
70589,6,8
70591,13,13
70592,55,57
70596,2,2
70598,1,1
70601,105,109
70602,3,3
70605,84,91
70606,3,3
70607,86,91
70610,1,1
70611,42,46
70612,4,5
70615,46,48
70616,2,2
70630,3,4
70631,5,5
70633,15,15
70634,68,71
70637,1,1
70638,5,6
70640,1,1
70641,1,1
70643,1,1
70645,2,2
70646,2,2
70647,26,26
70648,19,21
70650,1,1
70651,3,3
70652,9,11
70653,11,11
70654,1,1
70655,13,13
70656,10,10
70657,10,10
70658,1,2
70659,3,3
70660,2,2
70661,4,5
70662,3,3
70663,51,51
70664,5,5
70665,33,37
70668,15,15
70669,19,21
70704,3,3
70706,54,55
70707,2,2
70710,15,15
70711,18,18
70712,1,1
70714,89,91
70715,2,2
70719,24,24
70720,3,3
70721,6,6
70722,36,36
70723,12,13
70725,9,9
70726,135,139
70727,3,3
70728,3,3
70729,5,5
70730,11,11
70732,9,10
70733,7,8
70734,24,25
70737,126,126
70739,33,33
70740,6,6
70744,12,12
70747,1,1
70748,15,15
70749,1,1
70750,7,7
70752,4,4
70753,3,3
70754,23,27
70755,6,6
70756,3,3
70757,13,13
70759,6,6
70760,34,34
70761,3,3
70762,8,8
70763,12,12
70764,46,49
70765,2,2
70767,56,56
70769,97,101
70770,10,10
70772,4,4
70774,24,25
70775,36,39
70776,11,12
70777,13,14
70778,7,8
70780,3,3
70783,6,6
70784,1,1
70785,60,64
70787,1,1
70788,27,28
70789,2,2
70791,107,108
70796,1,1
70800,2,2
70801,1,1
70802,103,105
70804,2,2
70805,135,140
70806,92,92
70807,80,83
70808,71,72
70809,65,66
70810,117,120
70811,79,80
70812,54,55
70813,1,1
70814,93,95
70815,106,108
70816,119,121
70817,91,96
70818,23,24
70819,17,19
70820,25,25
70821,6,6
70825,1,1
70835,1,1
70871,1,1
70879,1,1
70884,4,4
70887,1,1
70890,1,1
70892,2,2
70893,1,1
70895,2,2
70896,5,6
70901,1,1
71001,17,17
71003,3,3
71004,1,1
71006,38,41
71007,3,3
71008,1,1
71010,1,1
71016,5,5
71018,3,3
71019,24,24
71021,6,6
71023,8,9
71024,6,6
71027,7,7
71028,10,10
71029,2,2
71030,7,8
71031,3,3
71032,12,12
71033,15,15
71037,50,52
71038,9,9
71039,8,8
71040,21,23
71043,4,4
71044,2,2
71045,4,4
71046,2,2
71047,31,33
71049,11,12
71051,5,5
71052,50,53
71055,58,58
71058,3,3
71060,14,15
71061,5,5
71063,3,3
71064,8,8
71065,5,5
71067,6,6
71068,5,6
71069,3,4
71070,3,3
71071,7,7
71072,1,1
71073,9,9
71075,11,11
71078,21,23
71079,1,1
71082,13,13
71101,19,19
71103,31,32
71104,32,34
71105,46,50
71106,112,115
71107,85,88
71108,92,95
71109,94,97
71110,4,4
71111,107,110
71112,86,91
71115,34,38
71118,68,72
71119,38,40
71129,60,63
71133,1,1
71137,1,1
71163,1,1
71171,1,1
71201,42,42
71202,83,87
71203,101,104
71207,1,1
71210,1,1
71211,2,2
71219,6,6
71220,61,63
71222,8,8
71225,14,15
71226,3,3
71227,9,9
71229,4,5
71230,1,1
71232,21,21
71234,9,9
71235,11,11
71237,1,1
71238,4,4
71241,38,41
71243,2,2
71245,12,12
71247,2,2
71250,1,1
71251,26,26
71253,1,1
71254,18,19
71256,4,4
71259,6,6
71260,13,13
71261,4,5
71263,11,13
71264,4,5
71266,9,10
71268,6,6
71269,28,28
71270,62,62
71273,3,3
71275,6,6
71277,7,8
71280,6,6
71281,1,2
71282,22,23
71284,5,5
71286,1,1
71291,64,66
71292,59,60
71295,31,31
71301,64,65
71302,50,51
71303,59,60
71306,1,1
71307,4,5
71309,1,1
71320,1,1
71322,25,25
71325,4,4
71326,6,7
71327,15,16
71328,11,13
71329,1,1
71333,1,1
71334,21,22
71336,5,5
71340,1,1
71341,8,8
71342,13,13
71343,20,21
71345,1,1
71346,10,10
71348,1,1
71350,10,10
71351,41,42
71353,7,7
71354,1,1
71355,5,5
71356,1,1
71357,8,9
71358,2,2
71360,89,94
71362,6,7
71366,1,1
71367,3,3
71368,7,7
71369,4,4
71371,5,5
71373,19,19
71375,2,2
71378,6,6
71403,9,10
71404,2,2
71405,9,10
71406,2,2
71407,2,2
71409,20,21
71411,10,10
71415,3,3
71416,3,3
71417,12,13
71418,16,16
71419,7,8
71421,1,1
71422,8,8
71423,8,9
71424,2,2
71429,9,9
71430,4,4
71432,3,3
71433,6,6
71435,6,6
71438,5,5
71439,3,3
71446,62,66
71447,4,4
71449,29,33
71451,1,1
71453,1,1
71454,4,4
71456,7,7
71457,84,88
71459,4,4
71461,13,13
71462,3,4
71463,29,31
71465,6,7
71467,5,5
71468,7,7
71469,8,8
71472,1,1
71473,1,1
71474,2,2
71477,3,3
71479,1,1
71480,1,1
71483,33,35
71485,8,9
71486,13,13
71496,2,2
71521,1,1
71543,1,1
71601,52,53
71602,35,35
71603,108,109
71611,3,3
71612,2,2
71613,5,5
71630,2,2
71631,2,2
71634,1,1
71635,22,22
71638,8,9
71639,11,11
71640,2,2
71642,2,2
71643,2,2
71644,3,4
71646,12,12
71647,5,5
71651,2,2
71652,3,3
71653,11,12
71654,12,12
71655,41,41
71657,3,3
71660,1,1
71665,19,20
71667,22,22
71670,4,4
71671,31,32
71674,1,1
71675,5,5
71676,2,2
71677,1,1
71701,34,35
71704,1,1
71720,4,5
71722,2,2
71724,1,1
71725,6,6
71726,4,4
71730,69,70
71740,3,3
71742,10,10
71743,17,17
71744,7,7
71745,2,2
71747,2,2
71749,12,12
71751,3,4
71752,2,2
71753,34,34
71754,1,1
71758,1,1
71762,3,3
71763,8,8
71764,1,1
71765,3,3
71766,4,4
71770,11,12
71801,34,35
71802,4,4
71822,24,25
71825,3,3
71826,1,1
71827,4,4
71829,2,2
71831,1,1
71832,14,14
71833,4,5
71834,5,6
71835,4,4
71836,8,8
71837,13,13
71838,4,4
71839,2,2
71840,2,2
71841,6,6
71842,2,2
71845,6,6
71846,8,8
71847,1,1
71851,6,6
71852,18,18
71854,93,94
71855,5,5
71857,14,15
71858,9,9
71859,1,1
71860,10,11
71861,8,8
71862,1,1
71866,1,1
71897,1,1
71901,59,61
71902,1,1
71903,2,2
71909,34,38
71913,110,112
71919,1,1
71921,6,6
71922,1,1
71923,30,33
71929,10,10
71931,1,1
71933,4,4
71935,1,1
71937,1,1
71940,5,5
71941,4,4
71943,9,9
71944,2,2
71945,2,2
71949,6,6
71950,4,4
71953,27,28
71956,3,3
71957,8,8
71958,7,7
71959,1,1
71960,4,4
71961,3,3
71962,3,3
71964,7,7
71965,1,1
71968,8,9
71969,1,1
71972,2,2
71973,2,2
72001,1,1
72002,34,34
72003,2,2
72004,3,3
72005,1,1
72006,10,11
72007,18,18
72010,12,13
72011,7,7
72012,28,29
72013,5,5
72015,73,74
72016,11,11
72017,1,1
72018,6,8
72019,55,57
72020,10,10
72021,8,8
72022,41,41
72023,78,80
72024,6,6
72025,4,4
72026,1,1
72027,1,1
72029,6,6
72030,1,1
72031,11,12
72032,75,79
72033,5,5
72034,85,88
72036,2,2
72039,3,3
72040,6,7
72041,2,2
72042,13,13
72044,3,3
72045,2,2
72046,13,13
72047,2,2
72051,1,1
72053,2,2
72055,3,3
72057,2,2
72058,31,33
72060,1,1
72061,3,3
72062,1,1
72063,7,8
72064,5,5
72065,16,16
72067,7,8
72069,8,9
72070,5,5
72072,2,2
72073,5,5
72076,98,102
72078,3,3
72079,2,2
72080,2,2
72081,9,9
72082,4,4
72083,1,1
72084,2,2
72086,27,28
72087,5,6
72088,9,9
72089,2,2
72101,6,6
72102,6,6
72103,39,40
72104,38,38
72106,13,13
72107,1,1
72110,36,38
72111,1,1
72112,29,30
72113,56,59
72114,35,35
72115,1,1
72116,52,55
72117,51,53
72118,74,80
72120,94,96
72121,3,3
72122,1,1
72123,1,1
72124,1,1
72125,5,5
72126,9,9
72127,8,8
72128,5,5
72129,7,7
72130,1,1
72131,9,9
72132,10,10
72133,1,1
72134,1,2
72135,6,6
72137,6,6
72139,2,2
72140,2,2
72142,8,9
72143,75,78
72144,1,1
72145,3,3
72146,1,1
72150,31,32
72153,7,7
72157,5,5
72160,26,27
72164,1,1
72167,3,3
72168,1,1
72173,23,23
72175,1,1
72176,16,17
72179,1,1
72180,2,2
72201,3,3
72202,30,31
72203,6,7
72204,104,105
72205,69,71
72206,84,88
72207,23,24
72209,109,111
72210,57,57
72211,50,53
72212,39,41
72213,2,2
72214,2,2
72215,2,2
72216,1,1
72217,2,2
72218,1,1
72219,2,3
72221,2,2
72222,2,2
72223,44,45
72226,1,1
72227,32,32
72231,1,1
72301,119,122
72303,6,6
72311,1,1
72313,1,1
72315,73,76
72316,2,2
72319,1,1
72321,2,2
72322,1,1
72324,7,7
72325,1,1
72326,4,4
72327,7,7
72328,1,1
72330,2,2
72331,14,14
72332,3,3
72333,3,3
72335,41,42
72336,6,6
72339,3,3
72342,13,13
72344,1,1
72346,3,3
72347,2,2
72348,16,16
72350,4,5
72351,1,1
72354,3,3
72355,4,4
72358,2,2
72360,14,14
72364,78,79
72365,10,10
72366,6,6
72368,5,5
72370,30,33
72372,7,8
72373,4,4
72374,4,5
72376,13,13
72384,8,8
72386,13,13
72390,32,32
72394,2,2
72395,2,2
72396,38,42
72398,1,1
72400,1,1
72401,132,134
72403,2,2
72404,57,59
72405,11,11
72411,6,8
72412,1,1
72413,1,1
72415,1,1
72416,14,15
72417,9,9
72419,4,4
72420,1,1
72421,1,1
72422,9,9
72425,1,1
72426,1,1
72428,1,1
72431,1,1
72432,11,12
72433,8,8
72434,4,4
72435,1,1
72436,3,3
72437,8,8
72438,7,8
72442,10,10
72443,5,5
72444,4,4
72445,1,1
72447,4,4
72449,1,1
72450,81,83
72451,2,2
72454,10,10
72455,24,27
72457,1,1
72458,2,2
72459,1,1
72460,1,1
72461,14,15
72462,1,1
72463,1,1
72464,1,1
72465,1,1
72467,1,1
72469,1,1
72471,2,2
72472,15,15
72473,3,3
72476,16,18
72478,1,1
72479,4,4
72482,2,2
72501,50,54
72512,2,2
72513,4,4
72519,2,2
72521,7,7
72522,1,1
72523,2,2
72525,2,2
72526,2,3
72527,2,2
72529,7,7
72530,7,9
72532,3,3
72533,1,1
72534,2,2
72536,1,1
72537,1,1
72538,1,1
72542,11,12
72543,20,20
72550,2,2
72553,1,1
72554,8,9
72556,9,9
72560,20,21
72561,3,3
72562,5,6
72566,2,2
72568,1,1
72569,3,4
72573,1,1
72576,5,5
72579,1,1
72581,3,3
72583,3,3
72584,2,2
72601,76,77
72611,7,8
72615,1,1
72616,17,17
72619,4,4
72623,1,1
72624,2,2
72626,1,1
72629,2,2
72630,1,1
72631,8,9
72632,11,11
72633,4,4
72634,13,13
72635,9,9
72638,13,14
72639,1,1
72640,3,3
72641,5,5
72642,4,4
72644,5,5
72645,4,5
72648,1,1
72650,7,7
72651,3,3
72653,53,53
72654,1,1
72658,2,2
72662,5,5
72663,2,2
72672,1,1
72675,3,3
72680,1,1
72682,1,1
72683,1,1
72685,3,3
72686,1,1
72687,9,9
72701,61,62
72702,4,4
72703,48,49
72704,41,42
72707,1,1
72712,74,77
72713,17,17
72714,23,24
72715,45,47
72716,2,2
72717,4,5
72718,5,5
72719,26,28
72721,1,1
72722,3,3
72727,13,13
72728,1,1
72730,22,22
72732,11,11
72733,1,1
72734,13,14
72736,9,9
72737,1,1
72738,11,12
72739,2,2
72740,14,14
72742,3,4
72744,9,10
72745,31,31
72751,15,15
72752,1,1
72753,19,19
72756,88,91
72757,2,2
72758,69,74
72759,1,1
72760,1,1
72761,40,42
72762,90,93
72764,106,108
72765,3,3
72766,5,5
72768,1,1
72769,4,6
72773,3,3
72774,11,11
72776,1,1
72801,22,22
72802,45,45
72811,1,2
72812,3,4
72817,1,1
72821,2,2
72823,13,14
72824,4,4
72827,1,1
72830,23,24
72832,3,3
72833,5,6
72834,12,13
72835,2,2
72837,11,11
72839,2,2
72840,4,4
72842,1,1
72843,4,4
72845,3,4
72846,7,7
72847,1,1
72849,1,1
72851,2,2
72853,7,7
72855,9,10
72856,1,1
72857,1,1
72858,4,4
72863,3,3
72865,3,3
72868,1,1
72901,30,30
72902,2,2
72903,39,39
72904,46,47
72908,24,26
72916,17,17
72917,3,3
72918,1,1
72921,26,28
72923,8,9
72926,1,1
72927,11,11
72928,2,2
72930,2,2
72932,4,5
72933,7,7
72934,2,2
72935,1,1
72936,15,17
72937,8,8
72938,3,3
72940,7,8
72941,10,10
72943,4,4
72944,1,1
72946,9,9
72947,9,9
72948,1,1
72949,12,14
72952,3,3
72953,1,1
72956,69,70
72957,5,5
72958,7,8
72959,4,4
72962,1,1
73002,3,4
73003,58,60
73004,1,1
73005,34,35
73006,3,4
73007,5,5
73008,56,58
73009,7,7
73010,51,51
73012,73,74
73013,145,153
73014,2,2
73015,14,14
73016,7,7
73017,5,5
73018,41,44
73020,68,70
73023,5,5
73024,3,4
73025,28,29
73026,40,43
73027,2,2
73028,7,7
73029,6,6
73030,10,10
73031,2,2
73034,98,105
73036,50,51
73038,4,4
73040,3,4
73041,1,1
73042,1,1
73044,64,69
73045,37,38
73047,7,8
73048,6,6
73049,23,24
73050,2,2
73051,12,15
73052,14,14
73053,3,4
73054,8,8
73055,24,24
73057,10,10
73059,6,6
73061,4,5
73062,5,6
73063,2,2
73064,73,74
73065,22,22
73066,4,4
73067,4,4
73068,28,30
73069,38,39
73070,8,8
73071,80,83
73072,91,94
73073,2,2
73074,4,4
73075,27,30
73077,13,13
73078,25,26
73079,2,2
73080,21,21
73082,9,10
73083,5,5
73084,29,32
73085,3,3
73086,20,23
73089,39,40
73092,5,5
73093,6,6
73095,5,5
73096,16,17
73097,1,1
73098,7,7
73099,186,190
73101,2,2
73102,4,5
73103,11,11
73104,6,6
73105,28,28
73106,28,29
73107,75,75
73108,34,37
73109,60,62
73110,94,98
73111,61,64
73112,83,84
73113,2,2
73114,54,54
73115,57,58
73116,37,38
73117,21,21
73118,30,32
73119,73,75
73120,99,101
73121,21,23
73122,42,45
73123,1,1
73125,2,2
73127,69,69
73128,12,12
73129,39,40
73130,45,47
73131,6,6
73132,107,111
73134,12,13
73135,64,64
73136,6,6
73137,3,3
73138,1,1
73139,41,42
73140,4,4
73141,6,6
73142,34,34
73143,1,1
73145,4,4
73147,1,1
73148,1,1
73149,13,14
73150,22,23
73151,7,8
73153,4,4
73154,6,6
73155,1,1
73156,5,6
73157,1,1
73159,78,80
73160,141,151
73162,107,109
73165,19,20
73169,8,9
73170,108,110
73173,3,3
73179,17,18
73189,3,3
73207,1,1
73215,1,1
73303,1,1
73314,1,1
73401,98,107
73402,4,4
73430,3,3
73432,3,3
73433,8,8
73434,2,2
73435,2,2
73436,1,1
73438,7,7
73439,27,28
73441,1,1
73442,3,3
73443,3,3
73446,18,20
73447,1,1
73448,9,10
73449,9,10
73450,4,4
73452,1,1
73453,1,1
73455,1,1
73456,7,7
73458,6,6
73459,5,5
73460,14,14
73461,4,4
73462,1,1
73463,9,9
73481,3,3
73487,1,1
73501,26,26
73502,2,3
73503,6,6
73505,125,127
73506,2,2
73507,50,51
73521,44,44
73526,8,8
73527,6,6
73528,2,2
73529,13,14
73530,1,1
73531,1,1
73533,72,75
73537,2,2
73538,12,13
73539,2,2
73540,1,1
73541,5,6
73542,6,6
73543,2,2
73546,1,1
73549,1,2
73550,2,2
73552,4,4
73554,9,9
73556,1,1
73559,2,2
73562,1,1
73564,3,3
73566,1,1
73567,2,2
73568,4,4
73570,3,3
73571,1,1
73572,3,3
73573,8,8
73583,1,1
73601,29,30
73602,1,1
73604,1,1
73610,1,1
73620,4,4
73622,1,1
73624,1,1
73625,1,1
73626,1,1
73627,3,3
73628,3,3
73632,7,7
73638,1,1
73639,1,1
73641,1,1
73644,26,26
73645,8,9
73646,1,1
73647,1,1
73648,2,2
73650,3,3
73651,4,4
73654,1,1
73655,3,3
73659,1,1
73660,1,1
73661,1,1
73662,12,12
73663,3,3
73664,2,2
73667,3,3
73669,2,2
73673,1,1
73701,47,48
73702,1,1
73703,65,68
73716,2,2
73717,7,7
73718,2,2
73722,1,1
73724,2,2
73727,1,1
73728,3,3
73730,1,1
73733,2,2
73734,6,6
73737,14,14
73738,3,3
73739,1,1
73742,11,11
73749,1,1
73750,25,27
73753,2,2
73754,4,4
73755,3,3
73756,2,2
73757,1,1
73759,2,2
73760,1,1
73761,1,1
73762,4,5
73763,4,4
73764,1,1
73766,3,3
73768,3,3
73772,19,21
73773,5,6
73776,2,2
73801,26,28
73802,4,4
73805,1,1
73832,2,2
73834,3,3
73840,3,3
73841,1,1
73843,2,2
73848,4,4
73852,6,6
73857,1,1
73858,2,2
73859,3,3
73860,3,3
73868,1,1
73932,4,5
73933,4,4
73939,3,4
73942,24,25
73944,1,1
73945,7,7
73949,1,1
73950,4,4
73951,2,2
73960,1,1
74001,2,2
74002,5,6
74003,33,34
74005,3,3
74006,44,46
74008,67,69
74010,28,29
74011,74,76
74012,138,141
74013,2,2
74014,82,83
74015,16,16
74016,19,20
74017,52,52
74018,3,3
74019,37,38
74020,15,15
74021,33,35
74022,7,7
74023,24,25
74026,2,2
74027,1,1
74028,5,6
74029,10,10
74030,7,7
74031,1,1
74032,4,4
74033,27,28
74034,1,1
74035,6,6
74036,23,23
74037,49,52
74038,3,3
74039,8,8
74041,7,7
74043,1,1
74044,20,21
74047,20,20
74048,17,18
74051,5,5
74052,2,2
74053,12,12
74054,1,1
74055,90,94
74056,15,16
74057,1,1
74058,10,11
74059,12,12
74061,4,4
74063,76,78
74064,1,1
74066,81,81
74067,8,9
74070,37,37
74072,4,4
74073,9,9
74074,45,45
74075,33,34
74076,4,4
74079,16,16
74080,7,8
74081,3,3
74083,3,3
74084,1,1
74085,2,2
74088,1,1
74101,2,2
74102,3,3
74104,24,25
74105,52,53
74106,48,49
74107,37,39
74108,17,17
74109,1,1
74110,22,23
74112,47,48
74114,45,47
74115,47,47
74116,7,7
74119,5,5
74120,12,12
74124,1,1
74126,31,31
74127,52,52
74128,29,29
74129,41,42
74130,9,9
74131,10,10
74132,18,19
74133,99,101
74134,47,47
74135,45,49
74136,72,73
74137,50,51
74145,40,45
74146,30,30
74147,3,3
74148,1,1
74153,2,2
74154,1,1
74155,1,1
74159,3,3
74169,3,3
74170,1,1
74257,1,1
74286,1,1
74301,26,26
74308,1,1
74330,6,6
74331,22,22
74332,2,2
74333,2,2
74335,1,1
74337,7,7
74338,13,14
74339,5,5
74342,5,5
74343,5,5
74344,23,24
74345,1,1
74346,10,10
74347,10,11
74348,1,1
74349,2,2
74352,9,9
74354,41,41
74359,4,4
74361,26,29
74362,3,3
74363,11,11
74364,5,5
74365,13,14
74366,2,2
74367,4,4
74369,2,2
74370,5,5
74401,51,51
74402,3,3
74403,74,76
74421,12,12
74422,3,3
74425,3,3
74426,29,30
74427,4,4
74428,2,2
74429,32,33
74430,1,1
74431,3,3
74432,23,23
74434,20,21
74435,11,11
74436,6,6
74437,12,12
74441,9,9
74442,2,2
74444,1,1
74445,6,7
74446,2,2
74447,41,44
74450,4,4
74451,15,15
74452,2,2
74454,7,7
74455,1,1
74457,1,1
74458,1,1
74460,2,2
74462,12,13
74463,1,1
74464,71,73
74465,11,11
74467,29,30
74469,1,1
74470,6,6
74471,5,5
74477,3,3
74481,1,1
74501,65,67
74502,7,7
74520,1,1
74521,2,3
74522,2,2
74523,12,12
74525,17,18
74528,1,1
74531,3,3
74533,3,4
74535,1,1
74536,4,4
74538,14,14
74543,1,1
74545,2,2
74546,4,4
74547,3,3
74554,2,2
74555,1,1
74556,3,3
74557,2,2
74560,1,1
74561,4,4
74562,1,1
74563,4,4
74565,4,4
74567,2,2
74569,3,3
74570,1,1
74571,9,9
74572,1,1
74578,9,10
74584,1,1
74601,54,57
74602,2,2
74604,40,41
74631,9,9
74632,3,3
74636,1,1
74637,3,3
74640,3,3
74641,3,3
74643,2,2
74644,1,1
74647,10,10
74651,3,3
74652,2,2
74653,8,8
74657,1,1
74701,58,58
74702,4,4
74720,1,1
74722,3,3
74723,7,7
74726,4,5
74727,5,5
74728,26,26
74729,8,9
74730,13,13
74731,5,5
74733,8,8
74735,4,4
74736,6,6
74738,1,1
74740,1,1
74741,2,2
74743,17,17
74744,1,1
74745,23,24
74746,1,1
74750,3,3
74753,1,1
74755,1,1
74756,4,4
74759,3,3
74764,9,9
74766,2,2
74801,60,61
74802,3,3
74804,45,45
74805,1,1
74818,3,3
74820,73,73
74821,1,1
74824,2,2
74825,3,3
74826,2,2
74831,1,1
74832,3,3
74833,1,1
74834,12,12
74839,2,2
74840,4,4
74843,2,2
74844,4,4
74845,1,1
74848,21,22
74849,8,8
74851,19,19
74855,8,8
74856,2,2
74857,33,34
74859,15,16
74860,1,1
74864,17,18
74865,8,8
74867,3,3
74868,38,39
74869,1,1
74871,5,5
74872,10,10
74873,28,28
74875,2,2
74878,3,3
74880,2,2
74881,11,11
74883,9,9
74884,18,19
74901,1,1
74902,9,9
74930,5,6
74931,4,4
74932,6,6
74936,5,5
74937,11,12
74940,3,3
74941,6,8
74943,1,1
74944,3,3
74945,2,2
74948,28,29
74949,1,1
74951,1,1
74953,11,14
74954,14,14
74955,36,36
74956,7,7
74957,3,4
74959,17,18
74960,41,41
74962,8,8
74964,5,5
74965,11,12
74966,7,7
75001,39,42
75002,184,187
75006,161,164
75007,181,187
75009,37,39
75010,88,89
75011,4,4
75013,68,70
75014,3,3
75015,5,5
75016,2,2
75017,1,1
75019,106,111
75020,69,71
75021,28,28
75022,47,49
75023,137,141
75024,77,78
75025,138,144
75028,106,114
75029,2,2
75030,1,1
75032,80,81
75033,59,61
75034,141,144
75035,133,138
75036,41,44
75038,75,76
75039,48,50
75040,204,216
75041,116,119
75042,121,122
75043,231,238
75044,145,154
75045,1,1
75046,1,1
75047,2,2
75048,81,82
75049,4,4
75050,131,133
75051,121,126
75052,306,318
75053,1,1
75054,43,47
75056,174,178
75057,44,47
75058,9,9
75060,150,154
75061,172,181
75062,128,131
75063,92,95
75065,30,31
75067,202,210
75068,143,148
75069,98,101
75070,195,196
75071,120,125
75072,57,60
75073,1,1
75074,153,155
75075,90,95
75076,25,25
75077,108,115
75078,60,61
75080,96,99
75081,90,93
75082,81,87
75083,4,4
75086,1,1
75087,99,103
75088,112,115
75089,122,130
75090,68,69
75091,5,5
75092,53,54
75093,117,125
75094,61,62
75097,1,1
75098,169,175
75101,7,8
75102,5,5
75103,35,36
75104,223,234
75105,1,1
75106,5,5
75109,12,13
75110,92,94
75114,24,28
75115,339,354
75116,84,89
75117,9,9
75118,1,1
75119,79,83
75120,1,1
75121,2,2
75123,5,5
75124,13,13
75125,37,39
75126,195,205
75127,8,9
75132,1,1
75134,120,123
75135,25,26
75137,93,96
75138,2,2
75139,1,1
75140,13,14
75141,8,8
75142,74,79
75143,47,48
75144,9,9
75146,149,154
75147,31,33
75148,20,20
75149,226,228
75150,229,235
75151,4,4
75152,25,25
75153,2,2
75154,174,182
75155,9,9
75156,43,43
75157,1,1
75158,12,12
75159,59,60
75160,89,91
75161,20,20
75163,6,6
75164,3,3
75165,149,157
75166,11,11
75167,32,34
75168,7,7
75169,53,54
75172,27,27
75173,18,19
75180,83,84
75181,103,105
75182,19,20
75184,1,1
75185,4,5
75189,85,92
75201,23,24
75202,8,9
75203,56,58
75204,54,58
75205,25,26
75206,75,78
75207,12,13
75208,118,122
75209,45,46
75210,20,20
75211,262,272
75212,136,143
75213,2,2
75214,75,77
75215,83,86
75216,278,289
75217,313,325
75218,71,72
75219,55,57
75220,97,101
75222,3,3
75223,61,64
75224,155,161
75225,40,43
75226,9,9
75227,222,229
75228,217,222
75229,90,93
75230,73,76
75231,99,104
75232,200,206
75233,66,69
75234,109,113
75235,71,75
75236,51,53
75237,83,84
75238,83,85
75240,54,57
75241,193,196
75243,176,179
75244,33,34
75245,2,2
75246,17,17
75247,7,8
75248,110,116
75249,78,79
75250,1,1
75251,5,5
75252,78,78
75253,54,55
75254,40,41
75261,2,2
75266,1,1
75270,1,1
75283,1,1
75287,135,140
75301,1,1
75312,1,1
75336,2,2
75339,1,1
75341,1,1
75354,2,2
75357,1,1
75360,1,1
75370,1,1
75371,1,1
75374,2,2
75376,1,1
75379,2,3
75382,1,1
75390,9,9
75401,59,62
75402,52,52
75403,6,8
75404,3,3
75407,72,73
75409,43,46
75410,7,7
75411,4,4
75413,3,3
75414,9,9
75415,1,1
75416,8,8
75417,11,11
75418,42,44
75420,3,3
75421,1,1
75422,10,10
75423,11,11
75424,13,13
75425,1,1
75426,27,27
75428,20,20
75431,4,4
75432,8,8
75433,7,7
75434,1,1
75435,2,2
75436,6,6
75437,1,1
75438,2,2
75439,5,5
75440,18,19
75441,1,1
75442,31,35
75444,3,3
75446,9,9
75447,3,4
75448,4,4
75449,2,2
75450,2,2
75451,9,11
75452,16,16
75453,15,15
75454,28,29
75455,78,81
75456,4,4
75457,13,13
75458,1,1
75459,14,15
75460,84,89
75461,1,1
75462,41,44
75468,4,4
75469,3,3
75471,2,2
75472,9,10
75473,5,5
75474,45,45
75475,1,1
75476,3,3
75477,7,7
75478,1,1
75479,5,5
75480,9,9
75481,1,1
75482,81,85
75483,1,1
75486,6,6
75487,4,4
75488,1,1
75489,3,3
75490,11,11
75491,23,23
75492,3,3
75494,34,36
75495,20,20
75496,5,6
75497,19,19
75500,1,1
75501,98,103
75503,49,52
75504,1,1
75505,4,4
75548,1,1
75550,3,3
75551,17,17
75554,5,6
75555,4,4
75556,1,1
75558,6,6
75559,16,17
75560,2,2
75561,13,14
75563,12,12
75565,2,2
75566,2,2
75567,11,11
75568,9,10
75569,11,11
75570,26,26
75571,14,14
75572,11,11
75573,2,2
75574,4,4
75601,44,47
75602,61,64
75603,16,16
75604,91,95
75605,66,70
75606,6,6
75607,2,2
75608,4,4
75630,3,4
75631,7,7
75633,46,46
75636,2,2
75638,17,18
75639,7,7
75640,13,13
75641,1,1
75642,2,2
75643,4,4
75644,31,33
75645,33,33
75647,41,43
75648,1,1
75650,16,17
75651,7,8
75652,39,39
75653,3,3
75654,36,37
75656,7,7
75657,27,27
75658,1,1
75661,8,8
75662,56,56
75663,10,10
75666,1,1
75667,2,2
75668,5,6
75669,2,2
75670,56,57
75671,5,6
75672,43,46
75673,1,1
75678,1,1
75681,11,12
75682,1,1
75683,16,18
75684,16,17
75685,1,1
75686,46,49
75691,9,9
75692,19,19
75693,20,21
75694,3,3
75701,97,99
75702,119,120
75703,115,121
75704,33,33
75705,9,9
75706,34,35
75707,55,57
75708,17,17
75709,23,23
75710,1,1
75711,3,3
75712,4,4
75713,6,6
75735,1,1
75750,14,14
75751,53,55
75752,21,21
75754,22,22
75755,16,16
75756,8,9
75757,45,49
75758,53,54
75760,11,11
75762,42,42
75763,14,14
75765,21,22
75766,88,91
75770,9,9
75771,56,57
75772,1,1
75773,36,36
75774,1,1
75778,6,7
75780,2,3
75783,22,22
75784,5,5
75785,23,25
75789,22,23
75790,12,13
75791,41,42
75792,8,8
75801,60,60
75802,4,4
75803,53,55
75804,1,1
75821,1,1
75831,20,24
75833,9,9
75835,44,45
75838,1,1
75839,13,13
75840,23,23
75844,12,13
75845,7,7
75846,8,8
75847,3,3
75849,1,1
75851,8,8
75852,7,8
75853,1,1
75855,8,8
75856,2,2
75858,1,1
75859,2,2
75860,20,20
75861,9,10
75862,33,34
75865,2,3
75892,1,1
75901,113,122
75902,1,1
75903,2,2
75904,114,120
75915,8,9
75925,6,6
75926,4,4
75928,3,3
75929,5,5
75930,7,8
75931,10,11
75932,4,5
75933,5,6
75935,44,48
75936,3,3
75937,5,5
75938,9,9
75939,12,12
75941,27,28
75942,2,2
75943,5,5
75944,5,5
75946,12,13
75947,1,1
75948,15,16
75949,24,25
75951,47,48
75954,6,6
75956,30,31
75959,4,4
75960,5,5
75961,57,60
75963,7,7
75964,57,57
75965,43,44
75966,13,13
75968,5,5
75969,9,11
75972,29,30
75973,9,9
75974,9,9
75975,9,10
75976,5,5
75977,2,2
75978,1,1
75979,33,34
75980,9,9
76001,97,103
76002,106,110
76003,3,3
76004,2,2
76005,7,7
76006,61,63
76007,2,2
76008,44,45
76009,74,74
76010,154,161
76011,57,59
76012,86,91
76013,92,94
76014,120,126
76015,50,51
76016,123,126
76017,160,170
76018,102,105
76020,98,102
76021,108,113
76022,41,45
76023,19,19
76025,1,1
76028,196,200
76031,42,45
76033,77,81
76034,49,50
76035,5,5
76036,108,112
76039,108,111
76040,104,111
76043,17,20
76044,22,24
76048,69,74
76049,84,85
76050,27,29
76051,140,146
76052,46,48
76053,85,87
76054,26,27
76055,16,18
76057,1,1
76058,65,72
76059,23,25
76060,21,21
76061,3,3
76063,239,246
76064,10,11
76065,124,135
76066,11,14
76067,48,49
76068,1,1
76070,2,2
76071,12,12
76073,15,15
76077,2,2
76078,38,39
76082,77,82
76084,31,31
76085,22,24
76086,51,51
76087,75,78
76088,41,41
76092,49,49
76093,11,11
76094,3,3
76095,1,1
76096,5,5
76097,1,1
76098,3,3
76099,1,1
76101,1,1
76102,22,22
76103,53,54
76104,66,68
76105,87,88
76106,142,144
76107,109,113
76108,129,135
76109,52,52
76110,98,103
76111,76,79
76112,169,173
76113,2,2
76114,86,92
76115,72,73
76116,121,125
76117,86,88
76118,40,40
76119,184,189
76120,56,58
76121,2,2
76123,123,125
76124,7,7
76126,63,65
76127,1,1
76130,1,1
76131,102,106
76132,73,74
76133,156,162
76134,95,99
76135,56,59
76136,3,3
76137,137,139
76140,114,116
76147,1,1
76148,87,90
76155,9,9
76161,3,3
76162,2,3
76163,1,1
76164,43,45
76177,32,35
76179,171,180
76180,115,121
76181,1,1
76182,79,81
76185,1,1
76201,30,34
76202,2,2
76205,54,58
76207,38,40
76208,71,74
76209,77,82
76210,120,129
76220,1,1
76225,8,8
76226,58,60
76227,119,124
76228,3,3
76230,33,33
76233,8,8
76234,49,49
76238,2,3
76239,2,2
76240,75,77
76241,4,5
76244,125,129
76245,7,7
76247,42,42
76248,119,124
76249,33,34
76250,3,3
76251,1,2
76252,4,5
76253,3,3
76255,14,14
76258,25,25
76259,22,23
76261,2,2
76262,77,83
76264,3,3
76265,9,9
76266,42,42
76268,1,1
76270,7,7
76271,2,2
76272,15,16
76273,30,34
76284,1,1
76285,1,1
76301,54,54
76302,22,25
76305,15,15
76306,36,38
76307,2,2
76308,44,45
76309,23,25
76310,51,55
76311,1,1
76313,1,1
76351,4,4
76354,31,32
76360,8,9
76363,3,3
76364,2,2
76365,12,12
76366,6,6
76367,21,22
76370,1,1
76371,3,3
76372,2,2
76374,12,12
76377,1,1
76379,1,2
76380,11,11
76384,52,53
76385,3,3
76389,3,3
76401,64,66
76416,2,2
76424,24,25
76425,1,1
76426,41,42
76427,1,1
76430,8,9
76431,14,14
76432,4,4
76433,3,3
76435,4,4
76436,2,2
76437,13,13
76439,1,2
76442,27,29
76443,6,7
76444,11,11
76445,3,4
76446,27,27
76448,13,13
76449,8,8
76450,38,38
76453,3,3
76454,4,5
76455,1,1
76457,8,8
76458,8,8
76459,2,2
76460,1,1
76462,6,7
76464,2,2
76467,1,1
76470,6,6
76471,1,1
76472,2,2
76474,2,2
76475,2,2
76476,6,6
76481,1,1
76483,2,2
76484,2,2
76486,2,3
76487,5,5
76490,2,2
76501,66,69
76502,124,130
76503,6,6
76504,82,84
76505,2,2
76506,1,1
76508,1,1
76511,15,16
76513,93,95
76518,2,2
76519,2,2
76520,30,31
76522,114,115
76524,16,19
76525,4,4
76526,2,2
76527,18,18
76528,39,43
76530,4,4
76531,10,11
76534,3,3
76536,1,1
76537,24,24
76539,25,26
76540,1,1
76541,63,63
76542,173,178
76543,99,105
76544,21,21
76545,1,1
76547,3,3
76548,86,91
76549,140,144
76550,44,46
76552,1,1
76554,7,8
76556,2,2
76557,28,28
76559,20,21
76561,3,3
76562,1,1
76564,1,1
76567,47,47
76569,12,12
76570,10,10
76571,22,22
76573,1,1
76574,63,66
76577,10,10
76578,8,9
76579,17,19
76594,2,2
76602,1,1
76616,1,1
76621,5,5
76622,2,2
76624,11,12
76626,12,12
76627,5,6
76629,6,8
76630,4,4
76632,2,2
76633,10,11
76634,21,22
76635,9,9
76636,5,6
76638,5,5
76639,2,2
76640,4,4
76641,4,4
76642,23,23
76643,44,46
76645,45,48
76648,6,6
76649,2,2
76650,1,1
76651,15,15
76653,5,5
76655,22,22
76656,11,13
76657,17,18
76661,25,27
76664,10,10
76665,10,11
76666,4,4
76667,29,29
76670,4,4
76671,2,2
76673,2,2
76676,3,3
76679,6,6
76681,1,1
76682,7,7
76684,1,2
76687,7,7
76689,12,12
76690,2,3
76691,29,31
76692,41,43
76693,1,1
76701,3,3
76702,2,2
76703,3,3
76704,35,35
76705,104,108
76706,90,91
76707,59,59
76708,103,108
76710,76,78
76711,32,32
76712,68,70
76714,2,2
76716,1,1
76754,1,1
76768,1,1
76801,78,83
76802,16,16
76804,3,3
76805,1,1
76819,1,1
76821,16,16
76823,3,4
76825,36,39
76828,1,1
76832,3,3
76833,1,1
76834,23,25
76837,8,8
76842,1,1
76844,11,11
76848,1,1
76849,15,15
76853,13,14
76854,2,2
76856,19,19
76857,3,3
76858,1,1
76859,8,8
76861,6,6
76862,2,3
76865,1,1
76871,2,2
76872,1,1
76875,2,2
76877,6,6
76878,7,7
76882,1,1
76886,1,1
76888,1,1
76890,2,2
76901,106,107
76902,4,4
76903,147,150
76904,77,79
76905,43,43
76906,1,1
76907,1,1
76930,3,4
76932,18,18
76933,3,3
76934,3,3
76935,4,4
76936,15,16
76937,2,2
76940,1,1
76941,2,2
76943,23,23
76945,2,2
76950,13,13
76951,4,4
76953,2,2
76955,1,1
76958,1,1
76962,1,1
77000,3,3
77001,4,4
77002,24,25
77003,34,37
77004,120,128
77005,70,73
77006,60,62
77007,80,84
77008,99,106
77009,130,137
77010,1,1
77011,73,80
77012,60,63
77013,65,67
77014,122,128
77015,205,215
77016,140,144
77017,112,117
77018,86,93
77019,59,60
77020,131,134
77021,110,114
77022,113,115
77023,113,121
77024,89,92
77025,107,113
77026,105,110
77027,47,50
77028,75,82
77029,79,85
77030,160,164
77031,61,62
77032,58,63
77033,146,152
77034,117,121
77035,115,120
77036,151,160
77037,58,63
77038,91,99
77039,98,99
77040,139,142
77041,125,132
77042,117,121
77043,68,71
77044,168,176
77045,158,171
77046,6,6
77047,128,137
77048,97,102
77049,158,165
77050,12,14
77051,89,94
77052,3,3
77053,151,163
77054,107,112
77055,109,115
77056,73,76
77057,102,111
77058,49,51
77059,51,53
77060,112,114
77061,86,94
77062,77,80
77063,97,98
77064,149,156
77065,142,148
77066,129,138
77067,98,101
77068,60,66
77069,56,57
77070,168,173
77071,133,141
77072,158,164
77073,132,139
77074,110,112
77075,156,161
77076,109,110
77077,171,183
77078,73,81
77079,83,87
77080,109,111
77081,97,102
77082,175,185
77083,276,296
77084,321,341
77085,70,74
77086,109,113
77087,147,159
77088,261,283
77089,208,219
77090,140,146
77091,99,102
77092,87,89
77093,164,172
77094,17,17
77095,225,239
77096,93,98
77098,44,47
77099,168,178
77150,1,1
77205,1,1
77210,2,2
77213,3,3
77215,1,1
77217,1,1
77218,1,1
77219,3,3
77220,2,3
77222,2,2
77223,2,2
77224,2,2
77225,1,1
77226,1,1
77228,1,1
77229,1,1
77230,2,2
77231,2,2
77233,3,3
77236,1,1
77238,2,2
77240,1,1
77245,8,8
77248,2,2
77249,2,2
77251,1,1
77252,1,1
77255,1,1
77259,1,1
77262,1,1
77263,2,2
77266,1,1
77267,4,4
77268,1,1
77269,1,1
77270,2,2
77271,2,3
77272,1,1
77273,1,1
77275,4,4
77279,1,1
77284,4,4
77290,1,1
77291,2,2
77293,1,1
77301,95,100
77302,73,78
77303,64,66
77304,101,111
77305,9,11
77306,38,40
77316,67,73
77318,67,74
77319,1,1
77320,65,68
77325,1,1
77327,86,92
77328,51,55
77331,26,27
77333,1,1
77334,1,2
77335,14,14
77336,37,40
77338,137,142
77339,128,132
77340,66,68
77342,7,8
77343,1,1
77345,74,78
77346,240,253
77347,3,3
77350,3,3
77351,116,123
77353,7,7
77354,107,114
77355,93,105
77356,87,92
77357,92,97
77358,18,19
77359,4,4
77360,21,24
77361,1,1
77362,24,24
77363,14,15
77364,9,11
77365,109,116
77367,2,2
77368,6,6
77369,3,3
77370,2,2
77371,28,30
77372,37,41
77373,216,224
77375,153,164
77377,124,130
77378,53,54
77379,251,267
77380,85,91
77381,114,121
77382,65,67
77383,3,3
77384,67,70
77385,80,86
77386,147,154
77387,6,6
77388,159,169
77389,110,115
77391,1,1
77393,1,1
77396,154,161
77399,16,17
77401,32,32
77402,5,6
77404,10,10
77406,122,132
77407,155,169
77410,3,3
77411,1,1
77412,1,1
77414,89,92
77417,7,7
77418,23,23
77419,4,5
77420,13,14
77422,73,80
77423,41,42
77426,7,8
77429,268,284
77430,10,11
77432,6,7
77433,237,255
77434,19,20
77435,17,20
77436,3,3
77437,63,67
77439,2,2
77440,1,1
77441,48,52
77442,4,4
77443,2,2
77444,1,1
77445,50,52
77446,8,8
77447,53,59
77448,2,2
77449,384,412
77450,216,233
77451,2,3
77452,1,1
77453,4,4
77454,2,2
77455,9,9
77456,5,6
77458,1,1
77459,263,287
77460,1,1
77461,34,38
77462,1,1
77463,1,1
77464,3,3
77465,28,31
77466,5,5
77468,1,1
77469,212,221
77470,2,2
77471,164,172
77473,1,1
77474,56,59
77475,2,2
77476,3,3
77477,135,144
77478,131,137
77479,247,263
77480,31,33
77481,1,1
77482,11,13
77484,42,44
77485,9,11
77486,32,33
77487,1,1
77488,61,67
77489,216,226
77491,4,4
77492,1,1
77493,106,114
77494,213,223
77496,1,1
77497,1,1
77498,145,154
77501,1,1
77502,130,137
77503,86,92
77504,90,103
77505,93,97
77506,114,118
77507,5,5
77508,3,4
77509,1,1
77510,51,53
77511,177,186
77512,4,4
77514,21,23
77515,119,125
77516,4,4
77517,14,15
77518,39,39
77519,2,2
77520,166,177
77521,252,266
77522,11,12
77523,68,76
77526,1,1
77527,1,1
77530,109,117
77531,53,56
77532,124,132
77533,1,1
77534,12,14
77535,126,136
77536,164,172
77537,2,2
77538,1,1
77539,151,158
77540,1,1
77541,78,81
77542,3,3
77545,113,122
77546,167,175
77547,38,42
77549,4,4
77550,121,133
77551,87,93
77552,7,7
77553,2,2
77554,47,50
77555,4,4
77560,7,7
77561,3,4
77562,59,63
77563,57,58
77564,7,8
77565,38,40
77566,115,126
77568,80,85
77571,145,156
77572,3,3
77573,268,284
77574,5,5
77575,58,67
77577,6,6
77578,86,93
77580,6,6
77581,176,190
77582,1,1
77583,117,121
77584,296,305
77585,1,2
77586,73,77
77587,64,67
77588,1,1
77590,134,146
77591,81,84
77592,5,5
77593,1,1
77597,4,4
77598,65,72
77611,28,30
77612,28,29
77613,4,4
77614,1,1
77615,5,5
77616,4,5
77617,1,1
77619,66,69
77622,6,8
77623,2,3
77624,1,1
77625,29,30
77626,4,5
77627,84,89
77629,2,2
77630,85,91
77631,2,2
77632,72,78
77635,1,1
77639,1,1
77640,66,73
77641,6,6
77642,107,114
77645,1,1
77650,17,18
77651,43,46
77652,1,1
77655,1,1
77656,65,65
77657,72,76
77659,15,15
77660,4,4
77661,5,5
77662,76,81
77663,10,11
77664,8,8
77665,22,24
77667,1,1
77670,4,4
77700,1,1
77701,53,55
77702,13,13
77703,61,68
77705,109,118
77706,70,74
77707,68,69
77708,39,41
77713,52,55
77720,3,3
77725,3,3
77726,5,5
77738,1,1
77777,3,3
77801,26,27
77802,85,89
77803,116,124
77804,1,1
77805,7,7
77806,7,7
77807,32,34
77808,56,59
77815,1,1
77830,11,11
77831,6,7
77833,76,78
77834,8,8
77835,11,13
77836,47,50
77837,6,6
77838,1,1
77840,55,57
77842,2,2
77845,130,134
77846,1,1
77852,3,3
77853,3,3
77854,3,3
77856,14,15
77857,2,2
77859,37,38
77861,12,14
77863,4,4
77864,17,18
77865,7,7
77866,2,2
77868,53,55
77870,2,2
77871,11,12
77872,3,3
77873,5,5
77875,1,1
77876,3,3
77878,4,4
77879,17,19
77880,6,6
77881,1,1
77882,1,2
77884,1,1
77890,1,1
77901,207,216
77902,6,6
77903,12,13
77904,67,73
77905,51,56
77935,1,1
77936,1,1
77945,1,1
77950,1,1
77951,13,13
77954,48,51
77957,26,29
77959,2,2
77962,15,16
77963,23,26
77964,22,22
77968,6,7
77970,1,1
77971,1,1
77974,1,1
77975,5,5
77976,1,1
77977,1,1
77978,4,4
77979,75,77
77981,1,1
77982,5,5
77983,10,11
77984,14,15
77987,1,1
77988,1,1
77989,1,1
77990,4,4
77991,3,4
77994,1,1
77995,33,37
78002,37,37
78003,41,41
78004,2,2
78005,3,3
78006,118,121
78007,1,1
78008,2,2
78009,45,45
78010,10,10
78011,11,11
78012,2,2
78013,24,25
78014,16,16
78015,44,46
78016,45,47
78017,24,26
78019,4,4
78022,21,21
78023,95,97
78024,5,5
78025,9,10
78026,30,32
78028,128,135
78029,9,9
78034,1,1
78039,7,7
78040,255,257
78041,216,218
78042,2,2
78043,215,216
78044,13,13
78045,234,237
78046,345,358
78049,1,1
78050,8,8
78051,1,1
78052,44,46
78054,2,2
78055,6,7
78056,3,3
78057,5,5
78058,3,3
78059,28,29
78061,71,76
78062,1,1
78063,43,46
78064,66,67
78065,69,71
78066,3,3
78067,5,6
78069,28,29
78070,48,52
78071,17,18
78072,1,1
78073,46,47
78074,2,2
78076,52,54
78101,40,42
78102,122,126
78103,1,1
78104,10,10
78106,1,1
78107,2,2
78108,108,110
78109,244,256
78112,42,43
78113,9,9
78114,83,84
78115,3,3
78116,1,1
78117,1,1
78118,23,23
78119,35,36
78121,34,36
78123,14,14
78124,21,21
78125,1,1
78130,280,288
78131,2,2
78132,100,103
78133,75,85
78140,15,15
78141,3,4
78144,1,1
78145,1,1
78146,8,8
78147,8,8
78148,70,73
78150,1,1
78151,7,8
78152,14,14
78154,126,135
78155,222,228
78156,1,1
78159,7,7
78160,8,9
78161,2,2
78162,4,5
78163,41,41
78164,12,12
78169,1,1
78189,1,1
78201,246,256
78202,45,46
78203,35,35
78204,65,68
78205,10,10
78206,2,2
78207,303,315
78208,20,20
78209,120,124
78210,204,210
78211,216,218
78212,115,117
78213,186,190
78214,137,142
78215,7,7
78216,162,165
78217,127,133
78218,178,187
78219,91,93
78220,127,133
78221,248,253
78222,110,112
78223,322,330
78224,108,110
78225,84,85
78226,41,42
78227,273,279
78228,351,361
78229,144,148
78230,145,152
78231,32,33
78232,130,133
78233,214,220
78234,19,20
78235,4,4
78236,4,4
78237,243,249
78238,118,119
78239,155,157
78240,242,251
78242,171,174
78243,1,1
78244,172,179
78245,306,313
78246,1,1
78247,206,213
78248,40,42
78249,175,184
78250,252,258
78251,200,204
78252,55,58
78253,141,145
78254,203,212
78255,38,39
78256,29,29
78257,24,24
78258,128,133
78259,73,75
78260,90,92
78261,62,64
78263,24,25
78264,72,75
78265,3,3
78266,24,27
78269,1,1
78270,2,2
78271,1,1
78273,1,1
78275,1,1
78278,4,4
78279,1,2
78283,1,1
78295,1,1
78297,1,1
78299,2,2
78307,1,1
78327,1,1
78328,1,1
78329,1,1
78330,2,2
78332,147,154
78333,13,14
78335,2,2
78336,49,50
78339,7,7
78340,2,2
78341,14,14
78342,2,2
78343,18,18
78344,3,3
78347,1,1
78349,3,3
78351,5,5
78352,1,1
78353,2,2
78355,37,39
78357,23,24
78358,7,7
78359,18,19
78361,25,25
78362,41,43
78363,107,113
78364,7,8
78367,1,1
78368,43,44
78369,4,4
78370,27,29
78372,27,27
78373,10,11
78374,58,60
78375,13,14
78376,1,1
78377,27,29
78379,9,11
78380,125,131
78381,12,13
78382,68,74
78383,16,17
78384,27,27
78385,3,3
78387,60,62
78389,9,9
78390,41,42
78391,1,1
78393,6,6
78401,19,19
78402,1,1
78403,6,7
78404,75,77
78405,107,109
78406,6,6
78407,15,16
78408,54,58
78409,9,9
78410,112,116
78411,126,130
78412,150,162
78413,133,136
78414,119,125
78415,228,232
78416,102,107
78417,23,25
78418,100,101
78419,1,1
78425,1,1
78426,1,1
78427,3,4
78440,2,2
78451,1,1
78460,2,2
78463,1,1
78465,2,2
78466,1,1
78467,8,9
78469,1,1
78480,2,2
78483,1,1
78501,242,249
78502,9,9
78503,67,70
78504,178,185
78505,2,2
78513,1,1
78515,1,1
78516,119,122
78518,1,1
78520,199,204
78521,277,286
78522,3,3
78523,6,8
78526,121,129
78527,1,1
78528,1,1
78529,1,1
78533,1,1
78535,5,6
78536,1,1
78537,190,197
78538,43,44
78539,205,212
78540,20,20
78541,158,160
78542,135,139
78543,48,49
78544,1,1
78545,1,1
78546,2,2
78547,8,8
78548,9,9
78549,7,7
78550,229,235
78551,4,4
78552,114,116
78553,1,1
78557,50,51
78558,14,14
78559,36,37
78560,14,14
78561,3,3
78562,13,13
78563,8,9
78564,4,4
78565,2,2
78566,58,60
78567,5,5
78568,3,3
78569,18,18
78570,110,114
78572,253,259
78573,96,96
78574,150,157
78575,13,14
78576,27,27
78577,271,275
78578,49,55
78579,13,13
78580,51,52
78582,101,102
78583,24,24
78584,61,61
78585,1,1
78586,198,202
78589,144,146
78590,5,5
78592,9,9
78593,29,29
78594,13,13
78595,24,25
78596,205,216
78597,10,11
78599,58,59
78601,1,1
78602,83,85
78604,1,1
78605,25,26
78606,22,23
78609,8,9
78610,116,120
78611,30,31
78612,39,39
78613,142,145
78614,2,2
78615,3,4
78616,30,30
78617,87,91
78618,1,1
78619,9,12
78620,45,48
78621,91,92
78622,1,1
78623,5,5
78624,70,74
78626,75,77
78627,2,2
78628,90,94
78629,34,34
78630,2,3
78631,8,8
78632,5,5
78633,50,54
78634,116,121
78635,1,1
78636,12,12
78638,8,8
78639,20,21
78640,204,212
78641,193,200
78642,38,39
78643,14,15
78644,65,69
78645,36,36
78646,1,1
78648,27,29
78650,9,10
78652,13,15
78653,95,98
78654,68,71
78655,15,16
78656,12,12
78657,22,23
78659,7,7
78660,257,268
78661,1,1
78662,10,10
78663,3,3
78664,172,177
78665,119,125
78666,161,168
78667,5,5
78669,27,28
78670,1,1
78671,4,5
78672,5,5
78674,2,2
78675,3,3
78676,34,35
78680,1,1
78681,127,135
78682,1,1
78683,3,3
78686,1,1
78691,1,1
78696,1,1
78701,10,10
78702,70,72
78703,29,29
78704,77,77
78705,13,13
78708,2,2
78709,2,2
78713,1,1
78714,3,3
78715,2,2
78716,1,1
78717,60,63
78719,3,3
78720,4,4
78721,38,39
78722,11,11
78723,75,82
78724,81,82
78725,32,33
78726,28,28
78727,71,73
78728,63,64
78729,62,65
78730,22,22
78731,60,61
78732,20,20
78733,19,21
78734,50,52
78735,22,22
78736,13,13
78737,32,35
78738,32,32
78739,32,34
78740,1,1
78741,111,115
78742,6,6
78743,1,1
78744,134,137
78745,178,184
78746,48,53
78747,64,64
78748,107,111
78749,68,71
78750,62,65
78751,12,12
78752,35,36
78753,133,136
78754,69,71
78756,13,13
78757,50,53
78758,130,133
78759,87,91
78760,1,1
78761,1,1
78762,1,1
78763,1,1
78764,1,1
78766,1,1
78767,1,1
78768,1,2
78776,1,1
78781,1,1
78783,1,1
78789,1,1
78801,106,106
78802,11,11
78806,1,1
78822,1,1
78827,16,18
78829,9,9
78830,5,6
78832,16,19
78833,7,7
78834,46,47
78836,1,1
78837,3,3
78838,2,2
78839,54,55
78840,249,255
78841,7,7
78842,7,7
78843,1,1
78850,6,6
78852,284,290
78853,32,32
78854,1,1
78857,1,1
78858,1,1
78859,1,1
78860,3,3
78861,62,66
78870,8,8
78872,8,8
78873,9,9
78877,3,3
78880,6,6
78881,10,11
78882,2,2
78884,6,7
78885,2,2
78886,4,4
78901,1,1
78903,1,1
78904,1,1
78931,1,1
78932,3,3
78933,2,2
78934,20,23
78935,5,5
78938,2,2
78939,1,1
78940,2,2
78941,9,9
78942,34,35
78943,2,2
78944,2,2
78945,26,27
78946,1,1
78947,13,15
78948,1,1
78949,1,1
78950,4,4
78951,1,1
78953,5,5
78954,1,1
78956,8,9
78957,29,29
78959,5,5
78960,1,1
78961,1,1
78962,13,13
78963,4,4
79001,1,1
79005,4,4
79007,38,39
79008,4,4
79009,10,10
79012,1,1
79013,7,7
79014,3,3
79015,33,34
79020,1,1
79021,1,1
79022,20,21
79023,1,1
79024,3,3
79027,11,11
79029,30,32
79031,8,9
79035,13,13
79036,11,11
79040,3,3
79041,11,11
79042,2,2
79044,1,2
79045,68,69
79046,1,1
79052,3,3
79057,3,4
79058,1,1
79059,1,1
79063,5,6
79064,9,9
79065,46,47
79066,1,1
79067,1,1
79068,6,7
79069,1,1
79070,15,16
79072,90,93
79073,2,2
79074,1,1
79079,9,9
79080,2,2
79081,13,13
79083,4,4
79084,6,6
79086,6,6
79087,1,1
79088,17,18
79091,1,1
79092,3,4
79093,1,1
79095,5,5
79096,6,6
79097,2,2
79098,1,1
79101,7,7
79102,26,26
79103,31,31
79104,12,12
79105,1,1
79106,77,79
79107,99,100
79108,36,38
79109,99,101
79110,54,56
79111,1,1
79114,3,3
79116,2,3
79117,2,2
79118,53,54
79119,36,39
79120,2,2
79121,16,16
79124,30,30
79137,1,1
79145,1,1
79150,1,1
79158,1,1
79159,2,2
79163,1,1
79201,13,13
79207,1,1
79225,1,1
79226,7,7
79227,4,4
79232,1,1
79233,1,1
79235,18,19
79239,1,1
79241,5,5
79244,1,1
79245,12,12
79248,1,1
79250,5,6
79252,6,8
79255,1,1
79256,3,3
79258,1,1
79261,1,1
79309,1,1
79311,12,13
79312,4,4
79313,11,11
79316,36,36
79322,6,6
79323,37,41
79325,5,5
79329,17,17
79331,37,39
79336,46,48
79338,1,1
79339,18,18
79342,1,1
79343,7,7
79344,1,1
79345,4,4
79346,9,11
79347,15,15
79350,4,4
79351,2,2
79355,3,3
79356,14,15
79357,4,5
79358,3,3
79359,10,10
79360,30,31
79363,19,19
79364,28,28
79366,5,5
79367,4,4
79369,1,1
79370,3,3
79371,2,2
79372,4,4
79373,9,9
79376,1,1
79377,2,2
79379,1,1
79381,2,2
79382,21,22
79383,1,1
79389,1,1
79401,17,18
79402,1,1
79403,74,75
79404,49,50
79407,49,49
79408,2,2
79409,1,1
79410,19,19
79411,26,27
79412,58,63
79413,65,65
79414,49,49
79415,45,46
79416,88,92
79423,116,120
79424,127,137
79452,2,2
79464,1,1
79490,2,3
79493,2,2
79501,11,12
79502,4,4
79504,7,7
79505,1,1
79506,1,1
79508,3,3
79510,18,19
79511,5,5
79512,10,10
79520,5,5
79521,12,15
79525,8,8
79526,4,4
79527,1,1
79529,4,5
79530,2,2
79532,4,4
79533,1,1
79535,1,1
79536,17,17
79537,1,1
79540,1,1
79541,1,1
79543,2,3
79545,9,9
79546,2,3
79549,56,61
79550,7,7
79553,10,10
79556,25,25
79561,1,1
79562,15,18
79563,3,3
79566,1,1
79567,10,10
79577,1,1
79601,47,48
79602,60,64
79603,75,79
79604,3,3
79605,78,81
79606,48,51
79607,2,2
79608,1,1
79666,1,1
79669,1,1
79699,1,1
79701,102,102
79702,3,3
79703,73,75
79704,2,2
79705,96,99
79706,68,70
79707,74,74
79708,6,6
79710,1,1
79712,5,5
79713,1,1
79714,49,51
79720,79,81
79721,3,4
79730,4,4
79731,14,14
79734,5,5
79735,37,41
79736,1,1
79739,1,1
79741,1,1
79742,2,2
79743,1,1
79744,5,5
79745,14,16
79752,4,4
79754,1,2
79755,2,2
79756,36,37
79757,1,1
79758,7,7
79760,3,3
79761,101,102
79762,118,119
79763,121,124
79764,76,82
79765,35,37
79766,21,22
79769,1,1
79772,52,52
79781,1,1
79782,19,20
79783,4,4
79788,1,1
79789,2,2
79821,21,22
79830,11,12
79831,4,4
79834,2,2
79835,47,51
79836,18,18
79837,1,1
79838,23,24
79839,3,3
79842,3,3
79843,3,3
79845,7,7
79848,1,1
79849,45,46
79851,2,2
79853,11,11
79854,1,1
79855,5,5
79860,1,1
79865,1,1
79901,32,34
79902,60,63
79903,56,58
79904,89,92
79905,112,114
79906,4,4
79907,183,190
79908,2,2
79909,1,1
79911,10,11
79912,186,192
79913,4,4
79915,129,135
79917,1,1
79918,1,1
79921,2,2
79922,31,31
79924,170,174
79925,108,113
79927,125,129
79928,162,166
79929,1,1
79930,93,95
79931,1,1
79932,66,68
79934,71,73
79935,67,72
79936,384,400
79937,1,1
79938,152,159
79946,1,1
79949,1,1
79951,1,1
79953,1,1
79984,1,1
79998,1,2
79999,1,1
80001,1,1
80002,47,48
80003,127,129
80004,113,116
80005,69,72
80007,21,23
80010,136,139
80011,198,200
80012,196,202
80013,236,238
80014,146,148
80015,173,178
80016,133,137
80017,114,117
80018,44,44
80019,12,13
80020,144,147
80021,94,94
80022,192,198
80023,50,50
80024,1,1
80026,63,65
80027,53,56
80028,2,2
80030,59,61
80031,126,133
80033,83,90
80034,3,3
80035,1,1
80036,1,1
80037,1,1
80038,2,2
80040,3,3
80041,2,2
80042,1,1
80044,4,5
80045,4,4
80046,4,5
80047,3,3
80063,1,1
80100,1,1
80101,2,3
80102,8,8
80103,6,6
80104,68,69
80105,6,6
80106,11,12
80107,31,32
80108,53,53
80109,45,47
80110,71,76
80111,65,66
80112,90,90
80113,53,54
80116,8,8
80117,11,11
80118,16,16
80120,70,71
80121,47,49
80122,79,81
80123,126,132
80124,44,44
80125,24,25
80126,88,92
80127,115,123
80128,80,84
80129,47,48
80130,63,66
80131,1,1
80132,48,48
80133,3,3
80134,153,159
80135,9,9
80136,25,25
80137,2,2
80138,66,69
80150,3,3
80151,1,1
80155,1,1
80158,1,1
80160,2,3
80161,1,1
80162,1,1
80198,1,1
80201,3,3
80202,28,29
80203,36,36
80204,130,131
80205,102,102
80206,51,52
80207,86,88
80209,35,36
80210,65,66
80211,74,75
80212,59,63
80213,1,1
80214,87,90
80215,52,53
80216,49,49
80217,1,1
80218,39,41
80219,209,212
80220,88,90
80221,143,146
80222,54,55
80223,77,79
80224,56,56
80225,2,2
80226,87,88
80227,105,110
80228,65,65
80229,177,180
80230,27,28
80231,88,92
80232,79,83
80233,145,150
80234,69,72
80235,22,23
80236,49,49
80237,57,58
80238,36,37
80239,181,185
80241,109,110
80245,1,1
80246,25,25
80247,80,83
80249,100,100
80250,2,2
80260,91,94
80301,58,58
80302,27,27
80303,28,28
80304,41,41
80305,21,22
80306,5,5
80307,1,1
80308,4,4
80310,1,1
80314,1,1
80321,2,2
80401,86,87
80402,1,1
80403,44,46
80420,1,1
80421,20,20
80422,8,8
80423,2,2
80424,15,15
80427,1,1
80428,1,1
80430,1,1
80433,25,25
80434,1,1
80435,9,9
80436,2,2
80437,2,2
80438,2,2
80439,49,50
80440,1,2
80442,2,2
80443,7,8
80444,1,1
80446,10,10
80447,2,2
80449,2,2
80450,1,1
80451,2,2
80452,10,11
80454,3,3
80455,2,2
80456,2,2
80457,3,3
80459,4,4
80461,17,17
80463,1,1
80465,42,44
80466,7,7
80467,4,4
80469,1,1
80470,7,7
80474,2,2
80475,1,1
80477,9,9
80481,2,2
80482,1,1
80483,3,3
80487,5,5
80488,1,1
80497,1,1
80498,4,4
80500,1,1
80501,150,153
80502,2,2
80503,85,88
80504,113,115
80505,1,1
80510,1,1
80512,7,7
80513,39,39
80514,15,15
80515,2,2
80516,63,65
80517,17,20
80520,8,8
80521,33,35
80522,4,4
80524,64,65
80525,95,98
80526,65,69
80528,49,51
80530,16,16
80531,1,1
80532,2,2
80533,2,2
80534,29,29
80535,7,7
80536,3,3
80537,129,133
80538,98,101
80539,4,4
80540,12,12
80542,6,6
80543,15,15
80544,2,2
80545,1,1
80546,1,1
80547,10,10
80549,24,24
80550,69,70
80601,108,112
80602,78,79
80603,43,43
80610,13,13
80611,1,1
80612,1,1
80614,1,1
80615,15,16
80620,54,54
80621,48,50
80622,2,2
80623,2,2
80631,131,135
80632,1,1
80633,3,3
80634,155,159
80640,40,42
80642,10,11
80643,10,10
80644,12,12
80645,8,8
80647,1,1
80648,4,4
80649,1,1
80650,5,5
80651,14,15
80652,2,2
80653,1,1
80654,10,11
80681,1,1
80701,42,45
80705,3,3
80717,1,1
80720,4,5
80722,1,1
80723,17,17
80726,1,1
80728,2,2
80729,1,1
80731,5,5
80733,4,4
80734,8,8
80736,2,2
80737,1,1
80741,3,3
80742,1,1
80745,1,1
80746,1,1
80747,1,1
80748,1,1
80751,36,37
80758,8,8
80759,7,8
80801,1,1
80807,12,12
80808,17,18
80809,3,3
80810,2,2
80812,2,3
80813,2,2
80814,2,2
80815,2,2
80816,11,11
80817,55,56
80818,3,3
80819,3,4
80821,1,1
80822,2,2
80824,1,1
80828,6,6
80829,16,17
80831,71,73
80832,2,2
80834,2,3
80835,1,1
80836,1,1
80840,4,4
80863,12,12
80864,7,7
80866,3,3
80901,4,4
80902,6,6
80903,34,36
80904,41,41
80905,30,32
80906,88,89
80907,75,78
80908,38,43
80909,84,86
80910,94,96
80911,82,86
80912,1,1
80913,2,2
80914,2,2
80915,63,65
80916,92,93
80917,79,79
80918,112,114
80919,71,74
80920,78,80
80921,46,47
80922,86,89
80923,55,56
80924,15,15
80925,32,33
80926,2,2
80927,8,8
80928,4,4
80929,2,2
80931,2,3
80932,1,1
80933,2,2
80934,1,1
80935,1,1
80937,2,2
80938,2,2
80939,2,2
80949,3,3
80951,6,6
80960,1,1
80962,3,3
80970,1,1
80971,1,1
80992,1,1
81001,100,101
81002,3,3
81003,54,55
81004,86,87
81005,89,91
81006,43,43
81007,90,92
81008,41,42
81019,8,8
81020,4,4
81021,1,1
81022,7,8
81023,2,2
81024,1,1
81025,2,2
81029,2,2
81030,2,2
81031,1,1
81033,4,4
81036,2,2
81039,5,5
81040,1,1
81041,1,1
81044,4,4
81047,3,3
81050,20,21
81052,32,33
81054,8,8
81055,1,1
81058,7,7
81062,1,1
81063,10,10
81064,1,1
81067,18,18
81069,10,10
81071,1,1
81073,8,8
81077,5,6
81081,1,1
81082,24,26
81084,1,1
81089,17,17
81090,3,3
81091,1,1
81101,32,35
81120,10,10
81121,2,2
81122,14,14
81123,2,2
81125,9,11
81126,1,1
81131,1,1
81132,9,10
81133,6,6
81136,1,1
81137,37,38
81140,5,5
81141,6,7
81143,1,1
81144,19,19
81146,1,1
81147,28,29
81149,2,2
81151,5,6
81152,9,9
81153,1,1
81154,5,6
81201,20,21
81210,1,1
81211,6,6
81212,72,73
81215,4,4
81223,2,3
81224,2,2
81225,1,1
81226,17,18
81230,18,18
81235,1,1
81236,4,4
81240,12,12
81242,1,1
81244,2,2
81251,2,2
81252,11,11
81301,44,44
81302,2,2
81303,12,12
81320,2,2
81321,41,42
81323,8,8
81324,2,2
81326,4,4
81327,1,1
81328,10,10
81332,2,2
81334,21,21
81335,1,1
81401,47,49
81402,3,3
81403,20,22
81404,1,1
81410,7,7
81411,1,1
81413,6,6
81414,1,1
81415,7,7
81416,40,42
81418,1,1
81419,8,8
81422,2,2
81424,2,2
81425,13,13
81427,3,3
81428,7,7
81430,1,1
81432,6,6
81433,1,1
81435,6,6
81447,1,1
81501,38,38
81502,4,4
81503,50,51
81504,72,73
81505,24,25
81506,21,22
81507,28,30
81520,43,44
81521,37,37
81523,1,1
81524,8,8
81526,13,13
81527,7,7
81601,24,25
81602,2,2
81611,9,9
81612,3,3
81615,6,6
81620,15,15
81621,10,10
81623,21,22
81624,3,3
81625,15,16
81630,3,3
81631,11,11
81632,13,15
81635,13,13
81637,11,11
81638,1,1
81639,8,8
81640,2,2
81641,8,8
81643,3,3
81645,1,1
81647,9,9
81648,4,4
81649,2,2
81650,17,18
81652,7,7
81654,2,2
81655,1,1
81657,4,4
81658,5,5
81703,1,1
81707,1,1
81709,1,1
81792,1,1
82000,1,1
82001,65,65
82003,6,6
82007,50,51
82009,89,93
82022,1,1
82023,1,1
82025,1,1
82050,1,1
82053,6,8
82055,2,2
82058,1,1
82060,1,1
82070,34,34
82072,19,20
82073,3,3
82082,4,5
82083,2,2
82190,2,2
82201,24,24
82214,8,8
82223,1,1
82225,8,8
82227,1,1
82240,16,17
82244,3,3
82269,1,1
82284,1,1
82301,24,24
82321,2,2
82325,2,2
82331,4,4
82336,1,1
82376,1,1
82401,14,14
82410,5,5
82411,2,2
82412,2,3
82414,33,34
82420,1,1
82421,1,1
82426,3,3
82428,1,1
82431,12,13
82432,2,2
82433,2,2
82435,25,25
82440,2,2
82443,8,8
82450,2,2
82501,42,45
82513,4,4
82514,18,19
82515,2,2
82516,4,4
82520,22,22
82523,1,1
82524,1,2
82539,1,1
82571,1,1
82579,1,1
82601,82,84
82602,1,1
82604,57,60
82605,1,1
82609,38,38
82618,1,1
82633,28,29
82636,9,10
82637,4,4
82639,2,2
82642,1,1
82643,1,1
82644,14,15
82649,5,5
82701,7,7
82716,33,34
82717,8,9
82718,41,41
82720,3,3
82721,5,5
82727,4,4
82729,2,2
82732,1,1
82801,36,36
82833,3,3
82834,9,9
82836,1,1
82839,3,3
82842,1,1
82845,1,1
82901,53,53
82902,4,4
82923,2,2
82925,1,1
82930,28,29
82931,6,6
82932,1,1
82933,1,1
82935,32,35
82937,9,10
82939,6,6
82941,3,3
83001,15,15
83002,6,6
83013,1,1
83014,7,7
83025,1,1
83101,5,5
83109,1,1
83110,8,8
83111,1,1
83112,1,1
83113,4,4
83114,2,2
83116,4,4
83118,3,3
83123,2,2
83127,8,8
83128,3,3
83201,78,81
83202,49,51
83203,5,5
83204,25,25
83205,2,2
83206,2,3
83210,6,6
83211,14,15
83212,1,1
83213,2,2
83214,2,2
83217,4,4
83221,59,63
83226,3,3
83232,2,2
83234,1,1
83236,11,11
83237,2,2
83238,1,1
83239,1,1
83241,8,8
83244,3,3
83245,2,2
83246,3,3
83250,1,1
83251,1,1
83252,11,11
83253,2,2
83254,8,8
83255,2,2
83256,1,1
83261,1,1
83262,3,3
83263,18,19
83271,2,2
83274,19,19
83276,8,8
83286,4,4
83301,117,120
83303,6,6
83313,5,6
83314,2,2
83316,19,19
83318,44,45
83320,2,2
83321,4,4
83322,1,1
83323,5,6
83324,2,2
83325,3,3
83327,1,1
83328,15,17
83330,16,16
83332,3,3
83333,20,21
83334,2,2
83335,8,8
83336,12,13
83338,42,44
83340,8,8
83341,13,13
83342,3,3
83344,1,1
83346,2,2
83347,14,16
83349,1,1
83350,41,42
83352,8,8
83353,4,4
83355,9,9
83382,1,1
83401,82,86
83402,59,61
83403,1,1
83404,56,56
83405,1,1
83406,36,37
83414,3,3
83420,8,9
83421,1,1
83422,7,7
83423,1,1
83424,1,1
83427,5,6
83429,2,2
83431,2,2
83434,6,6
83435,1,1
83436,3,3
83440,45,45
83442,43,45
83443,4,4
83444,3,3
83445,20,20
83446,2,2
83448,8,8
83449,2,2
83450,5,5
83451,4,4
83454,2,2
83455,6,6
83464,1,1
83466,2,2
83467,9,11
83501,61,61
83520,1,1
83522,2,2
83523,2,2
83524,1,1
83530,4,4
83533,1,1
83536,10,10
83537,3,3
83540,3,3
83541,3,3
83544,10,10
83549,1,2
83550,1,1
83552,1,1
83554,1,1
83555,1,1
83561,1,1
83602,1,1
83605,99,103
83606,3,4
83607,77,82
83611,8,8
83612,5,5
83615,1,1
83616,46,47
83617,31,31
83619,20,21
83622,3,3
83623,2,2
83626,3,4
83627,3,3
83628,18,18
83629,4,4
83631,5,5
83633,2,2
83634,44,49
83635,1,1
83636,1,1
83638,8,8
83639,4,4
83641,4,4
83642,94,99
83644,26,26
83646,91,92
83647,48,50
83648,4,4
83651,80,82
83653,1,1
83654,6,7
83655,12,13
83656,2,2
83660,12,12
83661,23,23
83669,30,31
83672,10,10
83676,12,12
83681,1,1
83686,117,119
83687,79,80
83701,1,1
83702,38,38
83703,43,44
83704,63,64
83705,39,42
83706,43,45
83707,1,1
83709,105,106
83712,7,8
83713,57,61
83714,58,58
83716,23,23
83717,1,1
83719,3,3
83790,1,1
83801,14,15
83803,1,1
83804,5,5
83805,11,11
83806,3,3
83810,1,1
83811,1,1
83813,3,3
83814,37,38
83815,57,60
83816,2,2
83821,1,1
83822,2,2
83825,1,1
83826,1,1
83830,1,1
83832,2,3
83833,4,4
83834,1,1
83835,46,46
83836,2,2
83837,3,3
83839,3,3
83840,2,2
83841,1,1
83843,25,26
83845,2,2
83846,1,1
83847,5,5
83849,3,3
83850,7,7
83851,4,4
83853,1,1
83854,86,89
83855,3,3
83856,14,14
83858,38,40
83860,13,13
83861,10,11
83864,25,25
83867,2,2
83868,1,1
83869,9,9
83871,4,4
83872,2,3
83873,2,2
83876,5,5
83877,8,8
83886,1,1
84001,3,3
84003,118,122
84004,14,14
84005,50,55
84006,5,5
84009,49,51
84010,100,104
84011,2,2
84013,3,3
84014,42,43
84015,154,161
84016,1,1
84017,5,6
84020,76,77
84021,7,7
84022,3,3
84025,44,44
84026,20,21
84027,4,4
84028,1,1
84029,19,19
84031,1,1
84032,43,45
84035,1,1
84036,21,21
84037,68,70
84038,2,2
84039,4,4
84040,66,67
84041,95,99
84042,11,13
84043,130,137
84044,97,101
84045,53,55
84046,2,2
84047,96,96
84049,12,14
84050,19,20
84051,2,2
84052,2,2
84053,4,6
84054,50,51
84055,1,1
84056,9,9
84057,72,75
84058,49,51
84059,7,7
84060,10,10
84062,95,97
84064,2,2
84065,95,100
84066,23,24
84067,108,111
84068,1,1
84069,1,1
84070,55,56
84071,3,3
84074,121,124
84075,63,66
84076,3,3
84078,53,54
84081,103,107
84082,1,2
84083,5,5
84084,109,112
84085,6,7
84086,1,1
84087,33,34
84088,120,123
84089,1,1
84090,2,2
84091,1,1
84092,53,57
84093,66,69
84094,70,73
84095,111,114
84096,80,83
84097,41,41
84098,29,30
84101,16,16
84102,20,20
84103,45,48
84104,60,61
84105,46,48
84106,63,66
84107,95,99
84108,27,29
84109,55,55
84110,2,2
84111,19,21
84113,1,1
84115,72,76
84116,106,107
84117,72,75
84118,146,150
84119,160,165
84120,155,160
84121,96,98
84123,132,134
84124,41,44
84125,1,1
84127,1,1
84128,78,82
84129,87,88
84132,3,3
84139,1,1
84147,1,1
84151,1,1
84157,2,2
84158,1,1
84170,2,2
84171,2,2
84184,1,1
84257,1,1
84301,5,5
84302,44,47
84303,1,1
84305,1,1
84306,1,1
84307,1,1
84308,1,1
84310,11,11
84311,2,3
84312,14,14
84314,4,4
84315,14,14
84317,6,6
84318,8,8
84319,21,21
84320,5,5
84321,74,74
84323,2,2
84324,3,3
84325,7,7
84326,6,6
84327,1,1
84329,2,2
84331,1,1
84332,9,9
84333,7,7
84335,28,30
84336,1,1
84337,30,31
84338,1,1
84339,7,7
84340,10,10
84341,39,39
84401,87,90
84402,2,2
84403,60,61
84404,146,150
84405,74,75
84409,1,1
84414,63,64
84453,1,1
84501,26,26
84510,2,2
84511,7,7
84513,3,3
84514,1,1
84518,1,1
84520,4,4
84521,2,2
84522,2,2
84523,3,3
84526,10,10
84528,7,7
84532,17,18
84534,11,11
84535,4,4
84536,3,3
84537,5,5
84538,1,1
84542,5,5
84583,1,1
84601,74,75
84602,3,3
84603,1,1
84604,79,85
84605,1,1
84606,34,34
84620,2,2
84622,3,3
84624,11,11
84627,7,8
84628,2,2
84629,9,9
84631,9,9
84632,4,4
84634,2,2
84635,1,1
84636,2,2
84637,3,3
84638,1,1
84639,1,1
84642,10,10
84645,8,8
84646,5,6
84647,9,9
84648,9,9
84649,1,1
84651,44,45
84652,3,3
84653,22,24
84654,8,8
84655,28,28
84660,81,81
84662,2,2
84663,80,82
84664,14,15
84701,20,22
84711,3,3
84713,12,12
84714,1,1
84720,38,38
84721,26,26
84722,2,2
84723,1,1
84725,5,5
84729,1,1
84730,1,1
84735,2,2
84736,1,1
84737,46,49
84738,17,17
84739,1,1
84741,13,14
84742,2,2
84744,2,2
84745,8,8
84746,4,4
84747,4,4
84750,1,1
84752,2,2
84753,1,1
84754,4,7
84757,4,4
84758,1,1
84759,5,5
84761,4,5
84765,10,11
84767,3,3
84770,79,81
84771,5,5
84773,1,1
84774,2,2
84775,4,4
84776,3,3
84779,3,3
84780,53,54
84781,1,1
84783,1,1
84784,2,2
84790,88,89
84791,3,3
84925,1,1
84929,1,1
85001,2,2
85003,30,30
85004,17,18
85005,5,5
85006,80,81
85007,41,41
85008,119,123
85009,114,117
85011,3,3
85012,20,20
85013,61,62
85014,79,80
85015,109,110
85016,103,107
85017,106,107
85018,86,90
85019,87,89
85020,96,100
85021,97,98
85022,134,140
85023,106,108
85024,76,79
85025,2,2
85027,96,98
85028,57,58
85029,114,117
85030,2,2
85031,85,88
85032,221,230
85033,180,183
85034,15,15
85035,120,125
85036,1,1
85037,164,169
85038,2,2
85040,112,118
85041,221,228
85042,140,145
85043,100,100
85044,122,128
85045,17,17
85046,4,5
85048,73,77
85050,74,77
85051,144,147
85052,2,2
85053,80,82
85054,24,25
85060,1,2
85061,2,2
85063,3,4
85064,4,4
85066,5,6
85067,3,3
85068,1,1
85069,3,3
85071,3,3
85074,1,1
85076,2,2
85080,2,2
85081,1,1
85082,3,3
85083,40,42
85085,58,60
85086,105,110
85087,26,29
85095,1,1
85105,1,1
85117,3,3
85118,19,20
85119,49,50
85120,57,57
85121,28,30
85122,143,147
85123,22,23
85127,2,2
85128,26,26
85130,15,17
85131,29,30
85132,43,44
85135,3,3
85137,4,5
85138,116,120
85139,55,59
85140,70,72
85142,118,122
85143,87,89
85144,1,1
85145,4,4
85147,62,64
85172,5,5
85173,9,10
85183,1,1
85192,6,6
85193,10,10
85194,21,21
85201,150,153
85202,121,125
85203,110,112
85204,173,179
85205,136,140
85206,95,97
85207,126,128
85208,104,109
85209,110,113
85210,109,110
85211,8,8
85212,89,92
85213,89,94
85214,2,2
85215,50,52
85216,3,3
85217,1,1
85218,8,8
85219,20,20
85220,21,21
85221,8,8
85222,39,39
85223,6,6
85224,119,127
85225,213,223
85226,97,99
85227,1,1
85228,8,8
85229,1,1
85230,6,6
85231,6,6
85232,9,9
85233,128,131
85234,125,127
85235,3,3
85236,5,5
85237,2,2
85238,11,11
85239,28,29
85240,5,5
85242,38,38
85243,13,14
85244,7,7
85245,1,1
85246,4,4
85247,19,19
85248,99,103
85249,93,97
85250,48,51
85251,76,79
85252,9,9
85253,38,40
85254,133,134
85255,131,134
85256,65,66
85257,75,76
85258,69,70
85259,62,64
85260,94,96
85261,4,5
85262,43,46
85263,9,10
85264,18,18
85265,1,1
85266,27,27
85267,3,4
85268,68,72
85269,8,9
85271,2,2
85272,1,1
85273,7,7
85274,6,6
85277,2,2
85278,1,1
85280,1,1
85281,75,75
85282,117,119
85283,147,150
85284,51,53
85285,5,5
85286,81,83
85287,2,2
85288,4,4
85291,2,2
85292,3,3
85293,1,1
85294,2,2
85295,73,78
85296,104,108
85297,76,77
85298,50,51
85299,3,3
85301,190,196
85302,123,127
85303,108,115
85304,88,92
85305,40,42
85306,77,78
85307,23,23
85308,174,180
85309,1,1
85310,61,64
85311,2,2
85312,8,8
85314,1,1
85318,5,5
85320,7,7
85321,16,18
85322,4,4
85323,177,180
85324,9,10
85325,4,4
85326,167,173
85327,7,7
85328,1,1
85329,9,9
85331,61,63
85332,4,4
85333,4,4
85334,4,5
85335,99,102
85336,5,5
85337,8,8
85338,170,173
85339,175,179
85340,80,83
85341,3,3
85342,3,4
85344,39,39
85345,187,200
85346,4,4
85347,2,2
85348,2,2
85349,87,90
85350,74,75
85351,87,93
85352,3,4
85353,119,123
85354,20,20
85355,34,36
85356,22,22
85357,1,1
85358,7,7
85359,7,7
85360,3,3
85361,23,26
85362,1,1
85363,18,19
85364,232,235
85365,109,115
85366,3,3
85367,44,47
85368,1,1
85372,1,1
85373,56,58
85374,123,126
85375,73,74
85377,11,11
85378,25,25
85379,125,129
85380,3,3
85381,81,87
85382,124,128
85383,117,119
85385,3,3
85387,46,48
85388,87,90
85390,21,22
85392,115,120
85393,1,1
85395,78,84
85396,69,70
85402,2,2
85413,1,1
85436,1,1
85501,25,25
85502,9,9
85519,1,1
85530,7,7
85531,4,5
85532,10,10
85533,8,8
85534,6,7
85536,1,1
85539,12,12
85540,10,10
85541,69,70
85542,12,12
85543,15,15
85544,15,16
85545,3,3
85546,43,43
85547,5,5
85548,3,3
85550,33,33
85551,2,2
85552,14,15
85553,7,7
85554,4,4
85580,1,1
85601,1,1
85602,28,28
85603,15,15
85606,1,1
85607,51,54
85608,6,6
85610,4,4
85613,5,5
85614,65,65
85615,24,24
85616,18,18
85617,1,1
85618,5,5
85619,1,1
85620,6,6
85621,68,69
85622,21,21
85623,19,20
85624,6,6
85625,4,4
85626,6,6
85628,5,5
85629,68,73
85630,8,8
85631,12,12
85632,2,2
85633,2,2
85634,65,66
85635,95,99
85636,4,4
85637,7,8
85638,9,9
85639,1,1
85640,2,2
85641,63,66
85643,16,16
85644,4,4
85645,7,8
85646,7,7
85648,51,52
85650,39,39
85652,6,6
85653,51,53
85654,1,1
85658,28,29
85687,1,1
85701,14,14
85702,5,5
85703,2,2
85704,78,82
85705,158,161
85706,211,216
85708,5,6
85710,152,159
85711,108,111
85712,68,71
85713,172,173
85714,57,57
85715,53,54
85716,83,87
85717,1,1
85718,53,53
85719,60,61
85720,1,1
85721,1,1
85722,1,1
85724,7,7
85725,2,2
85726,1,1
85728,5,6
85730,115,120
85731,4,4
85732,7,8
85734,4,4
85735,35,36
85736,12,12
85737,44,47
85738,3,3
85739,43,44
85740,3,3
85741,91,96
85742,72,79
85743,83,85
85745,112,117
85746,195,201
85747,69,69
85748,41,41
85749,52,52
85750,59,59
85751,2,2
85752,5,5
85754,5,5
85755,40,41
85756,80,82
85757,95,96
85758,1,1
85901,41,42
85902,11,11
85905,1,1
85911,7,7
85920,1,1
85924,4,4
85925,5,5
85926,9,9
85928,3,3
85929,23,23
85930,7,7
85932,1,1
85933,7,7
85934,4,4
85935,12,12
85936,12,12
85937,16,16
85938,11,11
85939,11,11
85940,4,4
85941,46,49
86001,49,51
86002,1,1
86003,2,2
86004,101,106
86005,22,23
86012,1,1
86016,1,1
86017,2,2
86020,7,7
86021,2,2
86022,2,2
86023,6,6
86024,3,3
86025,14,15
86030,5,5
86031,6,6
86032,4,4
86033,43,43
86034,8,8
86035,10,10
86038,1,1
86039,10,10
86040,35,36
86042,7,9
86043,18,18
86044,19,20
86045,69,71
86046,13,13
86047,57,60
86053,3,3
86054,6,6
86086,1,1
86208,1,2
86210,1,1
86225,1,1
86246,1,2
86301,42,43
86302,2,2
86303,38,39
86304,2,2
86305,51,52
86312,4,4
86314,74,77
86315,25,26
86320,2,2
86321,3,3
86322,31,32
86323,50,52
86324,14,14
86325,19,19
86326,64,65
86327,14,15
86329,2,2
86332,3,3
86333,15,16
86334,17,17
86335,18,18
86336,22,22
86337,4,4
86339,3,3
86340,1,1
86341,1,1
86342,1,1
86351,14,14
86383,1,1
86401,69,72
86402,2,2
86403,47,49
86404,34,35
86405,8,9
86406,56,58
86407,1,1
86409,49,49
86411,1,1
86413,23,24
86426,41,43
86429,14,14
86430,3,5
86431,1,1
86432,3,3
86434,10,10
86436,11,11
86438,4,4
86439,3,3
86440,22,23
86441,4,4
86442,85,86
86444,4,4
86445,1,1
86446,1,1
86451,1,1
86502,3,3
86503,45,47
86504,20,20
86505,22,23
86506,9,9
86507,8,8
86508,1,1
86510,14,14
86511,10,10
86512,4,4
86514,11,11
86515,46,47
86520,7,7
86535,5,5
86538,9,9
86540,3,3
86544,3,3
86545,6,6
86547,2,2
86556,8,8
86608,1,1
86713,1,1
86734,1,1
86737,1,2
86943,1,1
87001,31,31
87002,62,67
87004,39,40
87005,2,2
87006,5,5
87007,4,4
87008,7,7
87010,1,1
87012,1,1
87013,28,29
87014,4,4
87015,29,29
87016,4,4
87017,4,4
87018,2,2
87020,40,42
87021,9,10
87022,9,9
87023,4,4
87024,17,18
87025,3,4
87026,15,15
87027,1,1
87029,1,2
87031,104,106
87032,1,1
87034,22,22
87035,17,17
87036,5,5
87037,4,4
87038,9,9
87040,5,5
87041,3,3
87042,12,12
87043,20,20
87044,3,3
87045,6,6
87046,1,1
87047,19,21
87048,22,23
87049,11,12
87051,3,3
87052,20,21
87053,7,7
87059,16,18
87060,2,2
87061,1,1
87062,1,1
87063,1,1
87064,1,1
87068,8,8
87072,3,3
87083,1,1
87100,1,1
87102,52,52
87103,2,2
87104,46,47
87105,170,175
87106,45,47
87107,89,90
87108,101,103
87109,119,121
87110,94,96
87111,111,112
87112,90,95
87113,36,38
87114,179,187
87116,2,2
87118,1,1
87119,4,4
87120,183,189
87121,217,222
87122,33,33
87123,120,122
87124,133,133
87125,5,5
87131,1,1
87144,102,105
87151,1,1
87153,2,2
87154,3,3
87174,6,6
87176,5,5
87181,2,2
87184,1,1
87187,1,1
87192,2,2
87193,6,6
87194,1,1
87195,3,3
87196,2,2
87197,3,3
87198,2,2
87199,9,9
87203,2,2
87301,58,59
87305,37,37
87310,8,8
87311,18,18
87312,2,3
87313,20,20
87315,1,1
87316,1,1
87317,5,5
87319,6,6
87321,8,8
87322,2,2
87323,16,18
87325,12,12
87326,14,15
87327,48,49
87328,7,7
87347,1,1
87357,5,5
87364,7,7
87375,13,13
87401,116,124
87402,28,30
87403,1,1
87410,37,39
87413,40,45
87415,4,4
87416,19,20
87417,28,28
87418,2,2
87420,50,50
87421,9,11
87447,1,1
87451,1,1
87455,6,6
87461,2,2
87499,14,14
87501,41,43
87502,8,8
87504,2,2
87505,78,80
87506,45,45
87507,99,104
87508,30,31
87509,1,1
87510,3,3
87511,9,11
87512,5,5
87513,2,2
87514,1,1
87515,1,1
87518,1,1
87520,4,4
87522,12,13
87523,1,1
87524,1,1
87527,1,1
87528,19,19
87529,9,9
87530,5,5
87531,1,1
87532,47,50
87533,11,11
87535,4,4
87537,2,2
87539,1,1
87540,3,3
87544,24,25
87547,6,6
87548,4,4
87551,2,2
87552,12,12
87553,7,7
87556,7,7
87557,8,8
87558,1,1
87560,5,5
87562,6,7
87564,2,2
87565,3,3
87566,8,9
87567,19,19
87569,2,2
87571,28,29
87574,4,4
87575,4,4
87578,1,1
87579,1,1
87580,2,2
87581,1,1
87582,5,7
87583,2,2
87594,2,2
87651,1,1
87701,59,60
87710,6,6
87711,3,3
87712,1,1
87714,2,2
87715,3,3
87718,1,1
87722,2,2
87723,1,1
87724,3,3
87728,2,2
87731,1,1
87732,4,4
87740,27,29
87742,1,1
87743,1,1
87745,2,2
87747,3,3
87752,1,1
87801,23,23
87821,1,1
87823,1,1
87825,13,14
87827,1,1
87828,1,1
87829,1,1
87830,2,2
87832,1,1
87901,9,9
87930,1,1
87931,4,4
87933,1,1
87935,6,6
87937,10,11
87940,1,1
87941,3,4
87942,3,3
87943,1,1
88001,70,72
88002,2,2
88004,1,1
88005,61,63
88006,1,1
88007,61,63
88008,18,18
88011,67,70
88012,71,74
88013,2,2
88020,4,4
88021,56,58
88022,3,3
88023,13,13
88025,1,1
88026,6,6
88027,2,2
88029,5,6
88030,72,74
88031,3,3
88032,3,4
88033,3,3
88034,1,1
88039,1,1
88040,1,1
88041,3,3
88043,3,3
88044,6,6
88045,13,14
88046,6,7
88047,11,12
88048,11,11
88049,1,1
88052,5,5
88054,2,2
88056,1,2
88058,3,3
88061,37,38
88062,6,6
88063,36,36
88065,5,5
88072,1,1
88081,37,37
88101,127,129
88102,4,4
88103,1,1
88113,1,1
88116,1,1
88117,1,2
88119,2,2
88120,1,1
88124,1,1
88130,42,43
88135,7,7
88170,1,1
88201,54,55
88202,10,10
88203,70,72
88210,31,33
88211,5,5
88220,107,112
88221,2,2
88230,12,12
88231,9,9
88232,2,2
88240,121,126
88241,7,7
88242,16,19
88250,1,1
88252,8,8
88253,2,2
88254,1,1
88256,6,6
88259,1,1
88260,46,48
88265,1,1
88267,4,4
88301,4,4
88310,76,77
88311,6,6
88312,2,2
88316,9,9
88317,4,4
88321,1,1
88325,3,3
88328,1,1
88330,3,3
88336,1,1
88337,5,6
88339,1,1
88340,9,9
88341,3,3
88345,11,11
88346,4,4
88352,11,12
88353,1,1
88355,4,4
88401,19,20
88414,1,1
88415,3,3
88416,1,1
88420,1,1
88426,3,3
88430,1,1
88434,1,1
88435,8,9
88506,1,1
88540,1,1
88770,1,1
88801,1,1
88845,1,1
89000,1,1
89001,1,1
89002,71,72
89003,1,1
89005,39,42
89006,1,1
89007,2,2
89009,1,1
89010,1,1
89011,58,60
89012,67,69
89014,102,107
89015,94,97
89016,1,1
89019,1,1
89020,1,1
89021,8,8
89024,7,7
89025,5,5
89027,39,41
89028,2,2
89029,23,25
89030,97,99
89031,184,190
89032,110,115
89033,3,3
89034,5,5
89036,1,1
89040,5,5
89041,4,4
89042,1,1
89043,2,2
89044,69,72
89045,4,4
89046,1,1
89048,40,41
89049,5,5
89052,109,113
89054,2,2
89060,20,21
89061,10,11
89070,1,1
89074,116,120
89077,1,1
89081,84,85
89084,69,73
89085,10,10
89086,15,16
89091,1,1
89101,66,67
89102,57,61
89103,88,93
89104,85,89
89105,2,2
89106,64,67
89107,89,91
89108,167,172
89109,30,31
89110,158,162
89111,1,1
89112,1,1
89113,67,69
89114,3,3
89115,95,98
89116,2,2
89117,119,120
89118,53,54
89119,88,93
89120,73,78
89121,146,147
89122,115,117
89123,139,144
89124,1,1
89125,1,1
89126,5,5
89127,1,1
89128,106,111
89129,140,145
89130,106,113
89131,125,131
89133,4,4
89134,51,53
89135,67,70
89137,2,2
89138,27,28
89139,81,84
89141,69,71
89142,94,95
89143,29,30
89144,40,44
89145,56,58
89146,54,58
89147,127,135
89148,118,124
89149,78,80
89156,69,72
89162,2,2
89166,33,36
89169,33,33
89173,2,2
89175,1,1
89178,77,79
89179,26,26
89180,1,1
89183,70,70
89193,4,4
89199,1,1
89229,1,1
89277,1,1
89284,1,1
89301,9,9
89302,1,1
89310,1,1
89315,4,4
89316,3,3
89317,3,3
89318,3,3
89402,4,4
89403,42,42
89405,1,1
89406,44,46
89407,1,1
89408,41,43
89410,26,26
89411,7,8
89412,1,1
89415,3,3
89419,13,15
89421,1,1
89423,28,31
89424,2,2
89427,2,2
89429,16,17
89430,2,2
89431,93,94
89432,6,6
89433,65,66
89434,75,75
89436,80,82
89439,3,3
89441,27,27
89442,9,10
89443,1,1
89444,4,4
89445,24,24
89446,6,6
89447,22,22
89448,6,7
89449,8,8
89450,7,7
89451,4,4
89452,2,2
89460,26,26
89501,4,5
89502,107,110
89503,45,45
89504,2,2
89505,1,1
89506,115,115
89507,2,2
89508,33,34
89509,69,72
89510,16,17
89511,49,52
89512,53,54
89513,1,1
89515,1,1
89518,1,1
89519,20,20
89521,79,84
89523,53,54
89533,2,2
89568,1,1
89571,1,1
89572,1,1
89608,1,1
89664,1,1
89681,1,1
89701,59,61
89702,5,5
89703,34,35
89704,11,11
89705,11,12
89706,58,60
89801,50,52
89802,1,1
89803,4,4
89815,26,28
89820,9,9
89821,1,1
89822,7,7
89825,2,2
89830,1,1
89832,8,9
89833,1,1
89835,5,5
89854,1,1
89872,1,1
89883,8,8
89901,1,1
90000,2,2
90001,235,251
90002,198,208
90003,233,244
90004,173,181
90005,110,114
90006,190,195
90007,98,101
90008,116,124
90009,4,4
90010,14,15
90011,341,360
90012,53,54
90013,14,15
90014,16,16
90015,49,50
90016,204,221
90017,62,65
90018,194,202
90019,225,237
90020,135,143
90021,7,7
90022,275,291
90023,170,183
90024,87,92
90025,103,107
90026,208,221
90027,133,137
90028,87,91
90029,110,113
90030,1,1
90031,138,149
90032,177,187
90033,204,217
90034,170,175
90035,76,82
90036,104,113
90037,250,262
90038,87,90
90039,83,86
90040,51,52
90041,80,81
90042,195,207
90043,201,212
90044,343,360
90045,92,93
90046,100,107
90047,220,239
90048,102,108
90049,77,82
90050,2,2
90051,1,1
90054,1,1
90055,1,1
90056,31,33
90057,121,125
90058,17,17
90059,145,152
90060,1,1
90061,111,117
90062,160,169
90063,209,216
90064,85,92
90065,164,171
90066,152,160
90067,15,16
90068,46,48
90069,55,57
90070,1,1
90071,1,1
90073,1,1
90074,1,1
90076,1,1
90077,27,28
90078,1,1
90082,1,1
90083,1,1
90086,1,1
90094,15,19
90095,33,34
90126,1,1
90165,1,1
90201,310,321
90202,3,3
90205,1,1
90210,63,65
90211,25,28
90212,29,31
90219,1,1
90220,165,173
90221,188,199
90222,129,138
90224,3,3
90225,2,2
90230,100,106
90231,4,4
90232,36,39
90237,1,1
90240,92,100
90241,139,145
90242,138,145
90245,35,38
90247,178,183
90248,50,52
90249,96,104
90250,296,315
90252,1,1
90253,2,2
90254,30,31
90255,278,288
90256,1,1
90260,117,120
90262,204,209
90263,1,1
90264,3,3
90265,31,31
90266,65,70
90267,2,2
90268,1,1
90270,75,80
90272,34,35
90273,1,1
90274,66,73
90275,89,95
90277,85,91
90278,83,89
90280,332,351
90284,1,1
90285,1,1
90287,1,1
90290,11,11
90291,61,67
90292,43,45
90293,30,30
90295,4,4
90296,1,1
90301,153,161
90302,132,141
90303,106,109
90304,95,100
90305,76,80
90306,3,3
90307,1,1
90308,1,1
90309,2,2
90311,1,1
90321,1,1
90331,1,1
90335,1,1
90342,1,1
90350,2,2
90360,1,1
90393,1,1
90401,16,17
90402,14,14
90403,48,48
90404,63,68
90405,54,59
90406,4,4
90407,1,1
90409,1,1
90448,1,1
90470,1,1
90498,1,1
90501,128,134
90502,69,73
90503,117,122
90504,117,123
90505,101,106
90506,2,2
90508,1,1
90510,3,3
90514,1,1
90520,1,1
90540,1,1
90545,1,1
90550,1,1
90562,1,1
90601,105,106
90602,87,93
90603,66,70
90604,151,165
90605,133,142
90606,129,140
90607,2,2
90608,3,3
90609,1,1
90617,1,1
90620,188,197
90621,129,142
90622,3,3
90623,44,47
90626,1,1
90630,152,158
90631,247,265
90633,1,1
90636,1,1
90638,169,178
90640,234,249
90643,1,1
90650,397,411
90651,4,4
90652,2,2
90660,255,274
90661,2,2
90662,1,1
90666,1,1
90670,67,71
90680,91,96
90701,67,72
90702,2,2
90703,161,168
90704,18,19
90705,1,1
90706,266,279
90707,3,3
90710,103,108
90711,2,2
90712,100,105
90713,90,93
90714,2,2
90715,67,71
90716,63,66
90717,68,70
90720,61,64
90721,2,2
90722,2,2
90723,191,203
90731,199,212
90732,70,73
90733,4,4
90740,74,81
90742,4,5
90744,191,201
90745,276,293
90746,130,135
90748,5,5
90749,2,2
90750,1,1
90751,1,1
90755,31,32
90768,1,1
90770,1,1
90801,8,8
90802,99,105
90803,75,77
90804,104,109
90805,342,364
90806,196,206
90807,117,120
90808,110,116
90809,4,4
90810,144,147
90811,1,1
90813,181,193
90814,48,51
90815,96,97
90832,1,1
90853,4,5
90867,1,1
90903,1,1
90928,1,1
91001,125,133
91006,73,78
91007,77,83
91008,2,2
91009,1,1
91010,93,95
91011,34,37
91012,1,1
91016,115,120
91017,1,1
91020,18,18
91021,1,1
91024,30,32
91025,1,1
91030,56,60
91040,70,72
91041,7,7
91042,81,84
91044,1,1
91046,2,2
91064,1,1
91066,1,1
91077,3,3
91101,46,49
91102,1,1
91103,93,98
91104,112,120
91105,34,35
91106,63,67
91107,112,124
91108,32,34
91109,7,7
91115,2,2
91117,2,2
91135,1,1
91170,3,3
91195,1,1
91201,65,70
91202,59,63
91203,38,40
91204,45,45
91205,104,110
91206,75,82
91207,28,28
91208,43,45
91209,3,3
91214,77,78
91225,2,2
91230,1,2
91243,1,1
91246,1,1
91291,1,1
91301,45,46
91302,50,51
91303,67,70
91304,171,187
91305,1,1
91306,167,172
91307,81,83
91308,3,3
91311,122,127
91313,1,1
91315,1,1
91316,82,86
91319,2,2
91320,110,118
91321,100,107
91324,83,87
91325,111,116
91326,108,114
91327,2,2
91328,3,3
91330,1,1
91331,424,446
91333,1,1
91335,267,278
91337,1,1
91340,146,159
91341,2,2
91342,372,390
91343,246,262
91344,208,217
91345,98,102
91346,2,2
91350,93,101
91351,100,108
91352,160,164
91353,1,1
91354,52,55
91355,89,92
91356,92,97
91357,1,1
91359,5,5
91360,125,133
91361,43,46
91362,87,92
91364,79,79
91365,2,2
91367,99,103
91376,4,4
91377,33,37
91380,3,3
91381,47,50
91384,69,71
91386,4,4
91387,108,117
91390,45,49
91394,1,1
91396,2,2
91401,123,127
91402,267,279
91403,60,63
91405,183,191
91406,167,171
91407,2,2
91408,1,1
91409,1,1
91411,57,60
91412,1,1
91413,4,4
91416,1,1
91423,68,71
91430,1,1
91436,29,30
91450,1,1
91495,2,2
91501,62,65
91502,31,33
91504,73,76
91505,92,96
91506,37,40
91510,4,4
91521,1,1
91532,1,1
91536,1,1
91601,101,102
91602,40,40
91603,1,1
91604,67,74
91605,211,214
91606,131,141
91607,67,68
91610,1,1
91614,1,1
91615,1,1
91620,1,1
91622,1,1
91625,1,1
91677,1,1
91701,128,138
91702,212,230
91703,1,1
91704,1,1
91705,1,1
91706,283,291
91707,1,1
91708,21,22
91709,205,211
91710,246,252
91711,77,79
91712,1,1
91713,1,1
91714,1,1
91715,1,1
91716,1,1
91717,1,1
91719,1,1
91720,2,2
91722,138,149
91723,69,75
91724,80,83
91726,1,1
91729,2,2
91730,201,212
91731,102,108
91732,222,230
91733,138,145
91734,2,2
91737,60,64
91739,71,76
91740,80,85
91741,61,63
91744,335,355
91745,196,213
91746,123,129
91747,2,2
91748,147,152
91750,105,112
91752,125,131
91754,90,92
91755,89,95
91758,1,1
91759,3,3
91760,3,3
91761,221,233
91762,214,225
91763,131,137
91764,180,187
91765,157,163
91766,274,283
91767,195,206
91768,125,130
91769,2,4
91770,185,196
91772,2,2
91773,112,122
91775,67,69
91776,109,110
91780,104,109
91784,82,85
91785,6,6
91786,182,194
91788,2,2
91789,130,135
91790,170,191
91791,142,146
91792,118,127
91793,1,1
91801,151,157
91802,3,3
91803,98,99
91807,1,1
91901,44,45
91902,78,78
91903,3,3
91905,4,4
91906,10,11
91908,2,2
91909,2,2
91910,295,306
91911,335,346
91912,6,6
91913,151,158
91914,40,41
91915,77,82
91916,10,10
91917,3,3
91932,123,127
91933,1,1
91934,4,5
91935,35,35
91941,101,105
91942,96,103
91945,116,120
91946,2,2
91947,1,1
91950,273,280
91951,1,1
91962,5,5
91963,8,9
91977,236,243
91978,36,37
91979,1,1
91980,5,5
91983,1,1
92003,17,17
92004,14,14
92007,19,23
92008,62,65
92009,82,92
92010,36,37
92011,49,54
92013,6,6
92014,23,24
92018,2,2
92019,118,121
92020,171,178
92021,215,226
92022,1,2
92023,5,5
92024,93,96
92025,163,173
92026,146,148
92027,183,192
92028,129,132
92029,57,59
92030,3,3
92033,3,3
92036,5,5
92037,69,70
92038,2,2
92039,2,2
92040,121,125
92042,1,1
92046,4,4
92049,1,1
92051,5,6
92052,1,1
92054,132,139
92055,2,2
92056,169,175
92057,168,175
92058,86,92
92059,14,14
92061,15,15
92064,141,149
92065,117,123
92067,32,33
92069,155,161
92070,6,6
92071,159,164
92072,2,2
92073,2,3
92074,1,1
92075,29,30
92078,103,105
92079,3,3
92081,54,59
92082,69,71
92083,116,118
92084,155,164
92085,4,4
92086,4,4
92088,6,6
92091,3,4
92092,2,2
92101,91,94
92102,162,168
92103,90,94
92104,123,129
92105,223,236
92106,69,71
92107,53,55
92108,50,53
92109,69,72
92110,65,67
92111,157,165
92112,4,4
92113,219,226
92114,363,374
92115,143,146
92116,74,74
92117,148,152
92118,38,38
92119,53,56
92120,69,71
92121,4,4
92122,80,82
92123,111,115
92124,71,74
92126,269,277
92127,82,85
92128,110,116
92129,145,149
92130,85,88
92131,81,85
92134,3,3
92138,6,6
92139,170,175
92140,1,1
92142,1,1
92143,6,6
92145,1,2
92148,2,2
92150,7,8
92153,2,2
92154,367,379
92159,1,1
92160,3,3
92161,1,1
92162,1,1
92166,1,1
92169,1,2
92170,2,2
92171,2,2
92172,1,1
92173,160,166
92174,5,5
92175,3,3
92176,3,3
92178,1,1
92179,5,5
92190,1,1
92191,1,1
92195,4,4
92196,1,1
92198,3,3
92201,203,216
92202,12,14
92203,68,70
92206,1,1
92210,16,17
92211,51,54
92220,148,154
92223,179,192
92225,42,43
92226,2,2
92227,132,137
92230,15,15
92231,173,180
92232,4,4
92233,19,21
92234,197,201
92235,3,3
92236,155,158
92239,1,1
92240,135,138
92241,30,31
92242,8,8
92243,189,196
92244,10,10
92247,3,4
92248,6,6
92249,25,25
92250,36,36
92251,76,79
92252,14,14
92253,91,98
92254,50,52
92255,1,1
92256,11,11
92257,9,9
92258,2,2
92259,3,3
92260,81,85
92261,3,3
92262,86,90
92263,10,10
92264,65,67
92266,1,1
92268,1,1
92270,69,73
92273,5,5
92274,62,65
92275,3,3
92276,23,26
92277,40,40
92281,13,15
92282,4,4
92283,12,12
92284,83,85
92285,5,5
92286,2,2
92301,120,125
92302,1,1
92306,1,1
92307,138,146
92308,128,136
92309,5,5
92310,3,3
92311,75,77
92312,5,6
92313,51,55
92314,20,20
92315,17,17
92316,125,132
92317,6,6
92318,3,3
92320,38,40
92321,3,3
92322,2,2
92323,1,1
92324,283,299
92325,23,26
92327,3,3
92328,1,1
92329,20,20
92331,3,3
92334,16,17
92335,369,379
92336,328,345
92337,139,148
92339,4,5
92340,4,4
92341,2,2
92342,17,18
92344,44,47
92345,277,291
92346,219,225
92347,3,4
92348,1,1
92349,1,1
92350,4,4
92352,13,13
92353,1,1
92354,97,104
92355,1,1
92356,16,17
92357,1,1
92358,4,4
92359,21,23
92362,3,3
92363,13,14
92365,3,3
92366,1,1
92368,1,1
92369,3,3
92371,31,33
92372,11,12
92373,86,94
92374,155,165
92375,2,2
92376,329,345
92377,90,95
92378,3,3
92379,1,2
92380,2,2
92382,10,10
92385,2,3
92386,6,6
92390,1,1
92391,4,5
92392,186,194
92393,6,6
92394,90,91
92395,136,145
92397,21,21
92398,7,8
92399,158,165
92401,11,12
92402,4,4
92404,238,253
92405,97,99
92406,2,2
92407,214,224
92408,54,59
92410,205,214
92411,130,137
92412,1,1
92413,4,5
92417,1,1
92423,5,5
92427,3,3
92436,1,1
92440,1,1
92443,1,1
92454,1,2
92465,1,1
92470,1,1
92471,1,1
92497,1,1
92501,82,84
92502,2,2
92503,343,360
92504,192,202
92505,165,172
92506,131,141
92507,154,155
92508,91,97
92509,281,293
92512,1,1
92513,1,1
92514,2,2
92515,2,2
92516,3,3
92517,5,7
92518,1,1
92519,2,2
92520,2,2
92529,1,1
92530,185,193
92532,44,46
92533,2,2
92534,1,1
92535,1,1
92536,6,8
92537,1,1
92539,14,15
92542,1,1
92543,141,147
92544,174,179
92545,150,159
92548,22,22
92549,8,8
92551,108,110
92552,8,8
92553,290,301
92555,153,157
92556,2,2
92557,228,237
92559,1,1
92560,1,1
92561,10,11
92562,164,177
92563,185,194
92564,5,6
92565,2,2
92567,36,36
92570,210,217
92571,183,193
92572,2,3
92573,1,1
92581,5,5
92582,37,40
92583,112,120
92584,151,158
92585,68,70
92586,67,71
92587,52,52
92589,5,5
92590,13,15
92591,104,111
92592,177,182
92593,2,3
92595,109,114
92596,86,89
92602,43,44
92603,39,41
92604,60,65
92606,40,42
92607,1,1
92609,1,1
92610,26,27
92612,44,45
92614,47,48
92615,2,2
92616,2,2
92617,10,10
92618,47,48
92619,3,3
92620,93,95
92623,3,3
92624,20,20
92625,30,32
92626,134,138
92627,154,161
92628,2,2
92629,63,63
92630,174,184
92632,2,2
92633,1,1
92637,50,53
92638,2,2
92640,3,3
92641,1,1
92643,1,1
92646,181,191
92647,158,166
92648,105,109
92649,105,113
92650,1,1
92651,47,50
92652,2,2
92653,76,80
92655,23,24
92656,109,114
92657,23,24
92658,1,1
92659,1,1
92660,72,76
92661,5,5
92662,9,9
92663,54,56
92672,81,85
92673,62,66
92674,4,4
92675,119,122
92676,7,8
92677,139,144
92678,2,2
92679,64,73
92683,293,305
92684,3,3
92685,1,1
92686,1,1
92687,1,1
92688,101,105
92689,1,1
92690,1,1
92691,146,152
92692,112,119
92693,1,1
92694,57,60
92697,1,1
92701,196,202
92702,4,4
92703,290,297
92704,334,341
92705,143,152
92706,161,168
92707,229,237
92708,172,180
92709,1,1
92711,3,3
92712,1,1
92714,1,1
92718,1,1
92720,1,1
92728,4,5
92749,1,1
92760,2,2
92762,1,1
92780,179,190
92781,5,5
92782,47,49
92799,2,2
92801,245,257
92802,156,160
92803,1,1
92804,323,335
92805,303,317
92806,153,161
92807,119,129
92808,61,61
92809,2,2
92812,4,4
92813,1,1
92814,2,2
92815,2,2
92816,1,1
92817,2,2
92821,105,106
92822,2,2
92823,18,20
92831,100,106
92832,81,83
92833,171,187
92834,3,3
92835,78,79
92836,3,3
92837,3,4
92840,183,197
92841,130,137
92842,2,2
92843,157,163
92844,82,86
92845,29,29
92846,1,1
92847,1,1
92853,1,1
92854,1,1
92856,4,4
92857,2,2
92860,83,91
92861,21,21
92863,6,6
92864,1,1
92865,64,66
92866,54,56
92867,142,146
92868,98,101
92869,117,123
92870,177,189
92871,2,2
92876,1,1
92877,4,4
92878,21,21
92879,142,149
92880,183,188
92881,93,97
92882,209,218
92883,97,101
92884,1,1
92885,2,2
92886,124,129
92887,41,44
92912,1,1
92926,1,1
92951,1,1
92969,1,1
92999,1,1
93001,94,97
93002,2,2
93003,156,160
93004,100,105
93005,1,1
93006,2,2
93007,3,3
93010,128,134
93011,11,12
93012,76,80
93013,51,54
93014,3,4
93015,68,72
93016,3,4
93019,1,2
93020,1,1
93021,114,120
93022,25,26
93023,46,51
93024,1,1
93030,277,287
93031,3,4
93032,5,5
93033,350,371
93034,2,2
93035,91,94
93036,166,176
93040,8,9
93041,97,104
93042,1,1
93044,2,3
93053,1,1
93056,1,1
93060,133,140
93061,6,6
93062,5,5
93063,155,169
93065,209,226
93066,11,12
93094,2,2
93101,94,97
93102,2,2
93103,53,54
93105,58,58
93107,2,2
93108,22,23
93109,15,16
93110,41,43
93111,49,50
93117,92,103
93140,1,1
93150,2,2
93160,1,1
93201,5,5
93202,15,16
93203,57,58
93204,41,45
93205,6,7
93206,7,7
93207,3,3
93210,53,54
93212,62,69
93215,146,151
93216,9,9
93218,3,3
93219,35,36
93221,60,60
93222,6,6
93223,50,51
93224,4,4
93225,10,10
93227,3,4
93230,215,222
93232,7,7
93234,22,23
93235,21,22
93238,3,3
93239,3,3
93240,7,7
93241,44,46
93242,9,9
93243,3,3
93244,2,2
93245,132,137
93246,3,3
93247,75,80
93249,5,5
93250,41,43
93252,3,3
93254,4,4
93255,2,2
93256,15,16
93257,267,281
93258,18,18
93261,11,12
93263,77,80
93265,12,13
93266,5,5
93267,33,33
93268,46,48
93270,16,16
93271,9,11
93272,11,12
93274,254,271
93275,3,3
93276,1,1
93277,183,186
93278,2,2
93279,3,3
93280,88,92
93283,9,9
93285,2,3
93286,46,47
93290,3,3
93291,222,233
93292,160,170
93294,1,1
93299,2,2
93301,45,45
93302,1,1
93303,2,2
93304,166,175
93305,120,125
93306,225,236
93307,289,304
93308,124,132
93309,196,205
93311,151,156
93312,158,163
93313,137,146
93314,66,71
93316,1,1
93325,1,1
93330,1,1
93350,2,2
93351,1,1
93358,1,1
93360,1,1
93376,1,1
93380,2,4
93383,1,1
93384,3,3
93386,3,3
93387,2,2
93389,1,1
93401,70,73
93402,48,51
93403,2,2
93405,32,32
93406,3,3
93409,2,2
93412,1,1
93420,86,91
93421,1,1
93422,91,94
93423,6,6
93424,4,4
93426,5,6
93427,17,18
93428,23,24
93430,9,9
93432,5,5
93433,46,50
93434,23,25
93436,226,236
93437,4,4
93438,4,4
93440,10,11
93441,6,6
93442,44,45
93443,3,4
93444,75,76
93445,27,30
93446,133,140
93447,6,6
93448,5,5
93449,28,29
93450,3,3
93451,11,11
93452,3,3
93453,6,7
93454,130,133
93455,123,124
93456,9,10
93457,1,1
93458,191,196
93460,18,21
93461,3,3
93463,18,19
93464,2,2
93465,23,24
93475,3,3
93483,6,8
93485,1,1
93501,7,7
93502,1,1
93503,1,1
93505,30,31
93510,19,19
93512,1,1
93513,5,5
93514,34,35
93515,5,5
93516,9,9
93517,1,1
93518,1,1
93523,12,12
93527,13,13
93529,2,2
93531,2,2
93532,6,7
93533,1,1
93534,140,149
93535,266,289
93536,220,237
93539,7,7
93541,1,1
93543,41,43
93544,7,8
93545,2,2
93546,18,19
93548,1,1
93549,1,1
93550,259,273
93551,160,167
93552,141,146
93553,3,3
93555,81,86
93556,3,3
93560,49,53
93561,70,73
93562,8,8
93563,2,2
93567,1,1
93581,4,4
93590,6,7
93591,24,25
93595,1,1
93596,1,1
93601,3,3
93602,12,12
93603,1,1
93605,3,3
93606,10,10
93608,6,6
93609,20,20
93610,78,80
93611,175,184
93612,136,139
93613,9,9
93614,55,58
93615,23,24
93616,16,16
93618,110,112
93619,108,112
93620,43,44
93621,3,3
93622,45,48
93624,7,7
93625,32,34
93626,9,9
93628,1,1
93630,102,104
93631,58,59
93635,204,209
93636,37,41
93637,174,177
93638,205,212
93639,3,3
93640,57,57
93641,1,1
93643,14,14
93644,28,30
93645,2,2
93646,50,51
93647,46,48
93648,66,67
93650,21,21
93651,5,5
93652,4,5
93653,4,4
93654,122,129
93656,19,19
93657,186,194
93660,26,26
93662,138,140
93664,4,4
93665,1,1
93666,1,1
93667,16,16
93668,6,6
93669,1,1
93673,2,2
93675,9,9
93701,52,54
93702,248,255
93703,175,176
93704,104,105
93705,165,172
93706,222,228
93708,1,1
93710,98,103
93711,153,157
93712,1,1
93720,160,167
93721,19,19
93722,379,389
93723,33,33
93724,1,1
93725,120,123
93726,176,183
93727,355,368
93728,100,103
93729,5,5
93730,23,24
93737,15,16
93738,1,1
93744,3,3
93745,1,2
93747,4,4
93755,3,3
93760,1,1
93772,1,1
93779,1,1
93794,1,1
93901,123,125
93902,5,5
93905,339,347
93906,292,299
93907,90,96
93908,31,31
93912,15,15
93915,2,2
93920,1,1
93921,13,13
93922,3,3
93923,30,31
93924,19,19
93925,7,7
93926,66,68
93927,85,89
93928,1,1
93930,63,63
93933,94,96
93940,72,73
93942,3,3
93944,1,1
93950,36,36
93953,19,19
93954,1,1
93955,144,148
93960,88,92
93961,1,1
93962,2,2
94002,73,74
94005,22,24
94008,1,1
94010,99,100
94011,3,3
94013,1,1
94014,297,302
94015,432,438
94017,9,9
94018,7,7
94019,70,71
94020,6,6
94022,44,44
94023,1,1
94024,41,41
94025,118,119
94026,2,2
94027,13,13
94028,17,17
94030,79,82
94035,4,4
94037,11,11
94038,14,14
94039,1,1
94040,73,78
94041,42,45
94042,1,1
94043,106,107
94044,183,186
94046,1,1
94051,1,1
94060,6,6
94061,126,131
94062,87,92
94063,140,142
94064,3,3
94065,39,42
94066,225,234
94067,1,1
94070,78,82
94074,2,2
94080,325,334
94083,2,2
94084,1,1
94085,76,76
94086,146,149
94087,118,119
94088,3,3
94089,86,87
94094,1,1
94102,129,132
94103,116,120
94104,7,7
94105,24,25
94106,2,2
94107,88,88
94108,36,36
94109,174,177
94110,290,299
94111,17,17
94112,433,447
94114,88,88
94115,134,137
94116,146,152
94117,90,94
94118,130,135
94119,3,3
94120,2,2
94121,143,148
94122,178,181
94123,40,41
94124,237,239
94126,2,2
94127,83,87
94128,1,1
94129,7,7
94130,4,4
94131,72,75
94132,103,104
94133,74,78
94134,255,259
94140,1,1
94141,3,3
94142,7,7
94143,29,31
94146,1,1
94154,1,1
94158,14,14
94159,3,3
94160,1,1
94188,1,1
94203,1,1
94298,1,1
94301,38,40
94302,1,1
94303,228,232
94304,17,18
94305,20,20
94306,53,55
94307,1,1
94309,2,2
94342,1,1
94354,1,1
94361,1,1
94372,1,1
94401,159,163
94402,70,73
94403,135,140
94404,111,113
94406,1,1
94415,1,1
94458,1,1
94501,208,216
94502,47,47
94503,114,117
94504,1,1
94505,44,45
94506,67,68
94507,44,46
94508,10,12
94509,368,381
94510,84,86
94511,13,15
94512,1,1
94513,206,217
94514,14,14
94515,22,22
94517,38,39
94518,95,96
94519,65,68
94520,176,179
94521,161,169
94522,4,4
94523,108,111
94524,2,2
94525,9,9
94526,80,84
94528,2,2
94530,90,90
94531,213,219
94532,1,1
94533,371,381
94534,139,149
94535,10,10
94536,229,234
94537,1,1
94538,245,252
94539,141,144
94541,327,335
94542,49,52
94543,2,2
94544,435,442
94545,171,174
94546,181,185
94547,157,161
94549,53,54
94550,152,158
94551,119,125
94552,41,43
94553,185,195
94554,2,2
94555,152,155
94556,31,31
94557,2,2
94558,222,229
94559,103,109
94560,190,199
94561,178,185
94562,1,1
94563,49,51
94564,95,100
94565,548,559
94566,105,107
94567,4,4
94568,150,153
94569,2,2
94570,1,1
94571,41,42
94572,43,46
94573,2,2
94574,33,35
94576,2,2
94577,256,262
94578,175,179
94579,107,107
94580,144,147
94581,5,5
94582,69,71
94583,90,92
94585,187,196
94586,2,2
94587,358,370
94588,93,94
94589,197,205
94590,201,203
94591,302,313
94592,6,6
94594,1,1
94595,58,60
94596,44,45
94597,44,46
94598,69,71
94599,12,13
94601,253,261
94602,101,105
94603,211,221
94604,7,7
94605,227,231
94606,155,159
94607,104,107
94608,131,132
94609,84,86
94610,93,94
94611,94,98
94612,58,61
94614,1,1
94615,1,1
94618,33,33
94619,121,126
94620,3,3
94621,183,187
94624,2,2
94641,1,1
94650,1,1
94654,1,1
94661,2,2
94662,2,2
94666,1,1
94682,1,1
94692,1,1
94701,1,1
94702,51,51
94703,56,61
94704,16,16
94705,23,24
94706,39,39
94707,29,30
94708,22,23
94709,23,23
94710,30,32
94717,1,1
94720,1,1
94742,1,1
94801,184,189
94802,2,2
94803,109,114
94804,198,202
94805,68,69
94806,337,345
94807,1,1
94808,2,2
94809,1,1
94810,1,1
94820,2,2
94841,1,1
94866,1,1
94878,2,2
94901,140,148
94903,97,101
94904,29,30
94912,2,2
94913,2,2
94914,1,1
94915,2,2
94920,24,24
94923,3,3
94925,22,23
94927,1,1
94928,142,148
94929,2,2
94930,24,25
94931,24,24
94933,2,3
94937,7,8
94939,11,11
94941,52,57
94942,3,3
94945,50,52
94946,1,1
94947,86,89
94948,4,4
94949,57,58
94950,1,1
94951,16,16
94952,86,89
94954,126,128
94956,3,3
94957,6,6
94960,30,31
94963,1,1
94964,7,7
94965,37,40
94966,3,3
94970,4,4
94972,2,2
94973,7,7
94975,3,5
94976,1,1
94977,2,2
94978,1,2
94979,2,3
94990,1,1
95001,8,8
95002,16,16
95003,77,79
95004,17,18
95005,21,21
95006,35,38
95007,1,1
95008,135,136
95009,1,1
95010,40,40
95011,2,2
95012,68,69
95014,123,129
95015,3,3
95017,1,1
95018,24,25
95019,34,36
95020,266,275
95021,11,11
95023,218,223
95024,7,8
95026,3,3
95027,1,1
95030,19,19
95031,1,1
95032,71,74
95033,23,24
95035,325,335
95036,6,7
95037,162,168
95038,2,2
95039,6,6
95041,2,2
95042,1,1
95043,1,1
95044,1,1
95045,18,19
95046,27,28
95050,129,135
95051,210,212
95052,3,3
95054,80,81
95055,3,3
95056,2,3
95060,120,122
95061,3,3
95062,112,114
95063,1,1
95064,1,1
95065,23,24
95066,42,45
95067,6,7
95070,71,77
95071,1,1
95073,33,33
95075,4,4
95076,415,428
95077,8,8
95091,1,1
95103,1,1
95104,1,1
95106,1,1
95108,2,2
95109,3,3
95110,75,76
95111,352,362
95112,212,218
95113,10,10
95116,275,287
95117,116,118
95118,89,92
95119,40,40
95120,80,85
95121,210,215
95122,339,347
95123,265,272
95124,149,153
95125,176,178
95126,111,113
95127,324,339
95128,129,136
95129,101,105
95130,45,46
95131,106,108
95132,178,181
95133,144,148
95134,59,60
95135,74,75
95136,176,179
95137,2,2
95138,68,70
95139,27,30
95142,1,1
95148,231,236
95149,1,1
95150,4,4
95151,3,3
95153,1,1
95154,4,4
95155,1,1
95156,5,5
95157,1,1
95159,7,7
95160,1,1
95161,3,3
95163,1,1
95164,1,1
95172,1,1
95173,3,4
95202,24,25
95203,67,68
95204,128,131
95205,190,198
95206,350,361
95207,200,203
95208,3,3
95209,164,167
95210,217,227
95212,128,132
95213,4,4
95215,154,160
95219,117,123
95220,27,28
95221,9,9
95222,11,11
95223,12,12
95224,1,2
95225,2,3
95226,1,1
95227,2,2
95228,7,7
95230,3,3
95231,23,25
95234,4,4
95236,18,18
95237,10,11
95240,142,147
95241,2,2
95242,96,99
95243,1,1
95245,7,7
95246,4,4
95247,11,11
95248,2,2
95249,12,12
95251,1,1
95252,59,61
95253,3,3
95254,1,1
95255,13,14
95257,2,3
95258,18,19
95267,4,4
95269,8,9
95292,2,2
95301,163,166
95303,4,4
95304,44,44
95305,3,3
95306,4,4
95307,178,184
95308,1,1
95310,14,14
95311,5,5
95313,2,2
95315,58,59
95316,29,32
95317,2,2
95318,1,1
95319,11,11
95320,43,43
95321,11,12
95322,38,39
95323,7,7
95324,32,35
95326,39,40
95327,15,16
95328,24,25
95329,9,9
95330,107,110
95331,1,1
95333,13,13
95334,68,70
95335,1,1
95336,199,208
95337,140,143
95338,23,26
95340,204,212
95341,151,155
95342,1,1
95344,3,3
95345,4,4
95346,3,3
95347,1,1
95348,129,132
95350,209,218
95351,241,248
95353,5,5
95354,104,106
95355,253,266
95356,130,135
95357,63,64
95358,127,131
95359,2,2
95360,61,61
95361,125,133
95363,125,133
95365,18,19
95366,41,44
95367,104,108
95368,58,59
95369,3,3
95370,68,72
95372,7,8
95374,8,8
95376,215,222
95377,128,133
95378,1,1
95379,9,9
95380,153,156
95381,5,5
95382,107,110
95383,10,10
95385,3,3
95386,38,42
95387,11,11
95388,61,63
95389,1,1
95391,52,54
95401,133,134
95402,9,9
95403,152,157
95404,117,122
95405,59,60
95406,3,4
95407,169,172
95409,90,95
95410,3,3
95412,1,1
95415,5,5
95416,7,8
95418,3,3
95419,3,4
95420,2,2
95421,5,5
95422,51,53
95423,9,10
95424,5,7
95425,38,39
95426,1,1
95428,9,9
95430,1,1
95433,2,2
95435,3,3
95436,23,23
95437,40,42
95439,3,3
95441,9,9
95442,15,16
95444,4,4
95445,8,8
95446,20,20
95448,56,60
95449,5,5
95450,1,1
95451,49,52
95452,7,8
95453,41,41
95454,8,10
95456,1,1
95457,11,12
95458,8,8
95460,7,7
95461,7,8
95462,8,9
95464,12,12
95465,10,10
95466,2,2
95467,15,15
95468,2,2
95469,5,5
95470,26,27
95471,1,1
95472,67,68
95473,13,13
95476,107,115
95480,1,1
95481,2,2
95482,92,95
95485,9,9
95487,2,2
95490,37,37
95492,103,109
95493,3,3
95495,1,1
95497,1,1
95501,68,68
95502,9,9
95503,68,70
95506,1,1
95511,2,2
95514,1,2
95518,5,5
95519,48,51
95521,28,30
95524,2,2
95525,8,8
95526,1,1
95527,1,1
95528,1,1
95531,60,63
95536,6,6
95537,2,2
95538,4,4
95540,39,41
95542,8,8
95543,3,4
95545,1,1
95546,16,16
95547,4,4
95548,6,6
95549,3,3
95551,6,6
95552,1,1
95553,1,1
95554,3,3
95555,3,3
95556,2,2
95560,9,9
95562,13,16
95563,2,2
95564,2,2
95565,1,1
95567,8,8
95569,1,1
95570,10,10
95571,1,1
95573,10,10
95587,2,2
95589,2,2
95591,1,1
95595,1,1
95602,60,61
95603,72,75
95604,5,5
95605,49,53
95606,1,1
95608,172,177
95609,3,4
95610,142,146
95611,3,3
95612,5,5
95613,3,3
95614,13,14
95615,2,2
95616,64,66
95617,6,6
95618,37,38
95619,19,19
95620,81,85
95621,149,153
95623,18,18
95624,239,249
95625,1,1
95626,23,26
95627,15,15
95628,123,127
95629,7,7
95630,170,179
95631,19,21
95632,106,108
95633,14,15
95634,11,12
95635,6,6
95636,2,2
95637,1,1
95638,8,9
95639,5,5
95640,26,26
95641,4,4
95642,17,19
95643,1,1
95645,7,8
95648,148,152
95650,41,43
95651,4,6
95652,5,5
95653,4,4
95655,15,15
95656,1,1
95658,24,26
95659,2,2
95660,121,124
95661,93,96
95662,93,96
95663,7,8
95664,5,6
95665,8,8
95666,10,13
95667,113,116
95668,1,1
95669,10,12
95670,208,214
95671,3,3
95672,12,14
95673,57,59
95675,2,2
95676,4,4
95677,63,65
95678,135,136
95681,3,3
95682,78,78
95683,22,23
95684,11,13
95685,9,9
95686,5,5
95687,236,243
95688,127,129
95689,4,4
95690,13,14
95691,121,126
95692,19,21
95693,15,15
95694,32,32
95695,134,138
95696,7,7
95697,4,4
95703,8,8
95709,18,20
95712,1,1
95713,18,18
95720,1,1
95722,14,14
95725,1,1
95726,26,27
95727,1,1
95733,1,1
95736,7,7
95741,4,4
95742,44,44
95743,1,1
95746,49,52
95747,199,204
95757,147,152
95758,249,256
95759,3,3
95762,108,109
95765,98,100
95768,1,1
95776,74,76
95782,1,1
95798,3,4
95805,1,1
95811,14,14
95812,2,2
95813,1,1
95814,27,29
95815,96,98
95816,52,54
95817,41,43
95818,53,53
95819,41,43
95820,153,156
95821,103,107
95822,209,216
95823,391,400
95824,123,129
95825,77,80
95826,148,154
95827,83,91
95828,278,282
95829,125,128
95830,3,3
95831,189,198
95832,71,73
95833,151,156
95834,103,107
95835,129,132
95836,1,1
95837,1,1
95838,155,157
95839,1,1
95841,74,74
95842,118,119
95843,172,178
95846,1,1
95847,1,1
95851,2,2
95852,3,3
95862,1,1
95863,1,1
95864,46,47
95865,1,1
95866,2,2
95867,1,1
95872,1,1
95901,86,89
95903,2,2
95909,1,1
95912,18,18
95913,2,3
95914,4,4
95916,3,3
95917,12,12
95918,9,9
95919,1,1
95924,1,1
95926,75,76
95927,20,21
95928,97,102
95932,31,34
95935,2,2
95936,1,1
95937,4,4
95938,14,15
95939,7,7
95940,1,1
95941,3,3
95942,8,8
95943,2,2
95945,69,70
95946,36,39
95947,3,3
95948,46,48
95949,60,65
95951,18,19
95952,2,2
95953,33,35
95954,35,35
95955,5,5
95956,1,1
95957,1,1
95959,32,32
95960,4,4
95961,91,93
95962,3,3
95963,54,56
95965,73,78
95966,95,100
95967,1,1
95968,6,6
95969,57,58
95971,18,18
95972,1,1
95973,72,77
95975,5,6
95977,4,4
95979,3,3
95981,1,1
95982,9,9
95986,3,3
95987,23,23
95988,23,23
95991,134,137
95992,4,5
95993,132,134
95997,1,1
96001,83,87
96002,128,131
96003,133,135
96007,68,71
96008,6,7
96009,1,1
96010,3,3
96013,8,8
96015,1,1
96019,33,35
96020,7,7
96021,46,47
96022,44,45
96023,2,2
96024,3,3
96025,6,6
96027,3,3
96028,7,7
96032,8,9
96033,3,3
96035,12,13
96039,1,1
96040,1,1
96041,6,6
96044,1,1
96046,1,1
96047,2,2
96048,1,1
96049,4,4
96051,8,8
96052,2,2
96054,2,2
96055,12,12
96056,2,2
96057,3,3
96060,1,1
96062,2,2
96064,13,13
96067,17,18
96069,3,3
96073,11,11
96075,3,3
96076,2,2
96078,1,1
96080,87,92
96084,3,3
96085,1,1
96087,3,4
96088,20,20
96089,3,3
96090,1,1
96092,1,1
96093,9,9
96094,24,24
96097,16,17
96099,4,4
96101,11,12
96103,3,3
96105,3,3
96106,2,2
96107,2,2
96109,3,3
96111,1,1
96112,2,2
96113,3,4
96114,8,8
96118,2,2
96120,5,5
96122,13,13
96124,1,1
96126,2,2
96129,2,2
96130,31,31
96132,1,1
96134,6,6
96136,2,2
96137,8,8
96141,1,2
96142,1,1
96143,9,9
96145,7,7
96146,3,3
96148,3,3
96150,44,48
96151,19,20
96152,2,2
96154,1,1
96155,4,4
96156,3,3
96157,1,1
96158,14,14
96160,4,4
96161,20,21
96162,5,5
96191,1,1
96206,1,1
96247,1,1
96271,1,1
96306,1,1
96326,1,1
96353,1,1
96355,1,1
96357,1,1
96363,1,1
96377,1,1
96437,1,1
96518,1,1
96530,1,1
96555,1,1
96587,1,1
96591,1,1
96681,1,1
96694,1,1
96701,138,142
96703,4,4
96704,12,13
96705,4,4
96706,216,220
96707,122,125
96708,18,20
96709,4,4
96710,2,2
96712,18,18
96713,2,2
96714,2,2
96716,7,7
96717,10,10
96719,4,4
96720,119,120
96721,3,3
96722,4,6
96724,1,1
96725,7,7
96726,2,2
96727,8,8
96728,2,2
96729,5,5
96730,2,2
96731,8,8
96732,81,81
96733,8,8
96734,105,107
96737,4,4
96738,17,19
96739,2,2
96740,70,71
96741,6,6
96743,26,27
96744,180,183
96745,10,11
96746,37,38
96747,1,1
96748,21,23
96749,35,35
96750,15,17
96751,2,2
96752,8,8
96753,46,46
96754,8,9
96755,9,9
96756,11,11
96757,4,4
96758,1,1
96759,1,1
96760,7,7
96761,51,54
96762,17,17
96763,7,7
96764,1,1
96765,8,8
96766,35,35
96767,1,1
96768,38,39
96769,1,1
96770,2,2
96771,11,11
96772,2,2
96773,1,1
96776,3,3
96777,3,3
96778,23,23
96779,11,11
96780,1,1
96781,7,7
96782,132,133
96783,3,3
96784,1,1
96785,7,7
96786,93,93
96788,6,6
96789,187,192
96790,8,8
96791,16,16
96792,178,183
96793,102,103
96795,19,21
96796,4,4
96797,272,276
96799,2,2
96802,1,1
96808,1,1
96813,79,80
96814,65,65
96815,61,61
96816,159,161
96817,168,174
96818,132,135
96819,205,208
96820,9,9
96821,40,40
96822,80,83
96823,5,5
96824,2,2
96825,88,92
96826,74,76
96828,1,2
96830,2,2
96835,1,1
96839,2,2
96841,1,1
96857,1,1
96882,1,1
96910,3,3
96912,2,2
96913,2,2
96915,3,3
96917,1,1
96921,7,7
96923,1,1
96929,9,9
96931,6,6
96932,9,10
96950,12,12
96961,1,1
96967,1,1
97001,1,1
97002,20,20
97003,28,30
97004,14,14
97005,58,58
97006,92,93
97007,114,117
97008,67,68
97009,30,31
97010,1,1
97011,1,1
97013,47,47
97014,5,5
97015,46,46
97016,14,14
97017,7,7
97018,1,1
97019,4,4
97020,5,5
97021,1,1
97022,9,9
97023,20,20
97024,25,26
97026,6,6
97027,28,29
97029,2,2
97030,83,83
97031,29,30
97032,7,7
97034,33,34
97035,51,54
97036,1,1
97037,1,1
97038,32,33
97040,5,5
97041,6,6
97042,7,7
97044,3,3
97045,118,119
97048,14,15
97049,1,1
97050,3,3
97051,34,35
97053,5,5
97054,1,1
97055,31,32
97056,23,24
97058,32,33
97060,44,49
97061,1,1
97062,60,63
97063,3,3
97064,11,11
97065,2,2
97067,4,4
97068,51,56
97070,41,44
97071,53,54
97075,1,1
97078,32,33
97080,82,86
97081,1,1
97086,41,45
97089,25,25
97101,6,6
97103,34,35
97105,1,1
97106,17,18
97107,1,1
97108,2,2
97109,1,1
97111,6,7
97112,4,4
97113,31,31
97114,12,12
97115,11,11
97116,58,60
97117,2,2
97119,11,11
97121,6,6
97123,110,118
97124,84,84
97127,7,7
97128,73,76
97132,49,51
97133,12,12
97135,2,2
97136,4,5
97137,2,2
97138,18,18
97140,46,46
97141,16,17
97146,18,18
97148,14,15
97149,3,3
97201,25,25
97202,55,57
97203,48,49
97204,3,3
97205,13,13
97206,83,84
97207,2,2
97208,3,3
97209,28,28
97210,15,16
97211,68,70
97212,36,37
97213,47,49
97214,36,38
97215,30,30
97216,28,28
97217,77,77
97218,26,26
97219,81,86
97220,57,59
97221,16,16
97222,83,86
97223,107,110
97224,69,73
97225,39,40
97227,11,11
97228,2,2
97229,111,112
97230,100,101
97231,6,6
97232,14,14
97233,72,72
97236,96,99
97237,1,1
97238,2,2
97239,22,22
97255,1,1
97266,82,82
97267,62,65
97268,3,3
97269,4,4
97280,1,1
97281,2,2
97283,1,1
97286,1,1
97290,1,1
97292,2,2
97294,3,3
97298,1,1
97301,128,131
97302,92,93
97303,69,71
97304,61,63
97305,100,104
97306,57,57
97307,2,2
97308,3,3
97309,5,6
97312,1,1
97317,45,48
97321,54,56
97322,60,63
97324,3,3
97325,16,16
97327,4,4
97330,50,54
97333,18,19
97335,1,1
97338,38,39
97339,3,3
97341,11,11
97344,1,1
97347,1,1
97348,1,1
97350,1,1
97351,20,21
97352,16,16
97355,64,66
97358,5,6
97360,2,2
97361,7,8
97362,8,8
97364,3,3
97365,18,19
97366,2,2
97367,13,13
97368,6,7
97369,1,1
97370,14,16
97371,3,3
97374,9,9
97375,2,2
97376,2,2
97377,3,3
97378,12,12
97380,2,2
97381,28,30
97383,25,26
97385,5,5
97386,17,17
97388,5,5
97389,1,1
97390,2,2
97391,9,9
97392,19,21
97394,10,10
97396,6,6
97401,45,45
97402,88,91
97403,12,12
97404,52,52
97405,68,69
97406,1,1
97407,1,1
97408,18,18
97411,12,12
97412,2,2
97413,1,1
97415,23,23
97416,1,1
97417,1,1
97419,1,1
97420,49,50
97423,10,11
97424,30,31
97426,24,24
97429,1,1
97431,5,5
97432,1,1
97435,5,5
97436,1,2
97437,3,3
97438,2,2
97439,39,39
97442,3,3
97443,4,4
97444,5,5
97446,10,10
97448,20,21
97449,5,5
97450,2,2
97452,1,1
97454,3,3
97455,2,2
97456,7,7
97457,17,19
97458,6,6
97459,27,27
97462,7,8
97463,8,8
97465,3,3
97466,1,1
97467,6,6
97469,6,6
97470,49,50
97471,28,30
97477,65,66
97478,70,73
97479,17,18
97481,3,3
97484,1,1
97486,2,2
97487,10,10
97488,3,3
97489,4,5
97490,1,1
97492,2,2
97493,1,1
97494,1,1
97495,5,5
97496,14,14
97497,3,3
97498,1,1
97499,4,4
97501,58,59
97502,43,45
97503,23,24
97504,72,72
97508,1,1
97520,30,31
97522,1,1
97523,13,13
97524,28,31
97525,6,6
97526,52,55
97527,47,48
97528,4,4
97530,8,8
97531,1,1
97532,7,7
97533,1,1
97535,5,5
97536,3,3
97537,18,19
97538,4,4
97539,6,6
97540,8,8
97541,2,2
97542,1,1
97543,1,1
97544,1,1
97601,24,24
97602,1,1
97603,39,39
97604,1,1
97623,3,3
97624,6,6
97627,4,4
97630,5,5
97632,2,2
97633,6,6
97634,2,2
97635,1,1
97640,1,1
97641,1,1
97653,1,1
97661,1,1
97701,66,67
97702,66,68
97703,17,17
97704,1,1
97706,1,1
97707,13,14
97708,9,9
97709,4,4
97720,8,8
97722,1,1
97731,1,1
97733,1,1
97734,5,5
97737,3,3
97738,1,1
97739,28,28
97741,17,17
97753,4,4
97754,33,34
97756,72,74
97759,8,8
97760,11,13
97761,12,14
97801,47,47
97806,1,1
97810,1,1
97813,3,3
97814,17,18
97818,7,7
97820,1,1
97823,1,1
97824,4,4
97826,1,1
97827,3,3
97828,4,4
97830,1,1
97833,5,6
97836,3,3
97838,49,52
97841,1,1
97844,6,6
97845,5,5
97846,6,6
97848,1,1
97850,25,25
97856,1,1
97862,29,29
97864,2,2
97865,1,1
97868,7,7
97869,2,2
97875,4,5
97876,1,1
97877,2,2
97882,19,19
97883,1,1
97885,3,3
97886,4,4
97901,2,2
97906,1,1
97908,1,1
97913,8,8
97914,40,40
97918,3,3
98001,95,98
98002,83,87
98003,143,146
98004,58,58
98005,24,25
98006,89,94
98007,49,51
98008,54,55
98009,2,2
98010,18,18
98011,68,70
98012,152,156
98014,20,20
98015,2,2
98019,19,19
98020,48,48
98021,72,72
98022,51,52
98023,138,139
98024,9,9
98026,89,95
98027,54,56
98028,50,52
98029,30,30
98030,88,92
98031,133,136
98032,117,120
98033,65,65
98034,98,102
98035,1,1
98036,98,100
98037,89,90
98038,54,57
98039,7,7
98040,44,44
98041,2,2
98042,122,124
98043,59,63
98045,39,41
98046,4,5
98047,13,13
98050,2,2
98051,8,8
98052,109,110
98053,44,46
98055,72,74
98056,100,101
98057,33,33
98058,129,130
98059,94,95
98061,1,1
98063,6,6
98064,1,1
98065,29,29
98070,19,19
98071,5,5
98072,48,52
98073,1,1
98074,42,43
98075,37,38
98076,1,1
98077,26,27
98081,1,1
98082,5,5
98083,3,4
98087,76,79
98089,1,1
98092,119,122
98093,11,12
98095,1,1
98101,22,23
98102,39,39
98103,74,77
98104,38,39
98105,54,56
98106,72,75
98107,43,45
98108,88,92
98109,27,27
98110,47,49
98111,2,2
98112,45,46
98113,1,1
98114,1,1
98115,76,76
98116,59,60
98117,64,66
98118,188,189
98119,35,36
98121,26,28
98122,94,95
98124,1,1
98125,68,71
98126,45,48
98127,1,1
98133,104,104
98134,2,3
98136,28,29
98139,2,2
98144,76,78
98146,74,75
98148,31,32
98155,81,82
98160,2,2
98165,2,2
98166,61,63
98168,119,124
98169,1,1
98175,1,1
98177,48,49
98178,104,108
98188,72,73
98190,1,1
98195,1,1
98198,116,118
98199,46,49
98201,84,87
98203,99,100
98204,95,98
98205,8,8
98206,3,4
98208,132,137
98209,1,1
98211,1,1
98212,1,1
98213,6,6
98220,2,2
98221,51,51
98223,99,104
98225,76,78
98226,81,84
98227,4,4
98228,4,4
98229,41,41
98230,43,44
98232,9,9
98233,35,36
98235,2,2
98236,12,12
98237,8,8
98238,1,1
98239,7,8
98240,8,8
98241,6,6
98242,1,1
98243,1,1
98244,9,10
98245,1,1
98247,19,19
98248,48,48
98249,15,16
98250,18,18
98251,13,13
98252,17,17
98253,1,1
98255,1,1
98257,14,14
98258,85,87
98259,1,1
98260,11,11
98261,2,2
98262,3,3
98263,1,1
98264,44,44
98266,4,5
98270,121,123
98271,77,78
98272,55,56
98273,77,78
98274,42,45
98275,58,61
98276,2,2
98277,85,88
98279,1,1
98281,2,3
98282,33,34
98284,50,51
98287,1,1
98288,1,1
98290,87,89
98291,5,6
98292,59,61
98293,1,1
98294,20,22
98295,3,3
98296,52,53
98301,1,1
98303,5,6
98304,2,2
98305,2,3
98310,49,50
98311,71,74
98312,61,65
98315,5,5
98320,6,6
98321,35,36
98322,3,3
98324,2,2
98325,5,5
98327,19,19
98328,21,22
98329,29,29
98330,1,1
98331,12,13
98332,36,36
98333,9,9
98335,60,61
98336,3,3
98337,15,15
98338,65,68
98339,10,10
98340,8,8
98342,5,5
98343,1,1
98344,1,1
98345,4,4
98346,26,27
98349,8,8
98350,2,2
98351,2,2
98353,5,5
98354,19,20
98356,5,5
98357,1,1
98358,2,3
98359,13,13
98360,32,32
98361,4,4
98362,49,53
98363,32,33
98365,12,12
98366,113,122
98367,74,78
98368,32,32
98370,68,70
98371,40,40
98372,57,57
98373,87,89
98374,85,88
98375,74,75
98376,3,3
98377,3,3
98380,14,14
98381,1,1
98382,66,68
98383,53,54
98384,3,3
98385,3,3
98386,1,1
98387,144,151
98388,17,18
98390,31,33
98391,112,115
98392,6,6
98393,1,1
98394,2,2
98395,2,2
98396,3,3
98401,2,2
98402,8,8
98403,14,15
98404,96,103
98405,61,65
98406,45,45
98407,43,43
98408,62,66
98409,56,59
98411,4,5
98414,1,1
98417,2,2
98418,35,35
98419,2,2
98422,56,58
98424,32,33
98433,25,26
98439,15,16
98443,19,19
98444,90,91
98445,121,124
98446,20,20
98464,4,4
98465,14,15
98466,56,56
98467,34,34
98476,1,1
98495,1,1
98496,5,5
98497,1,1
98498,85,86
98499,76,76
98501,90,93
98502,55,56
98503,113,118
98504,1,1
98506,46,46
98507,7,7
98508,4,4
98509,11,11
98511,2,2
98512,66,67
98513,80,81
98516,55,56
98520,41,41
98524,6,6
98527,2,2
98528,24,24
98530,2,2
98531,60,61
98532,45,47
98533,1,1
98535,1,1
98536,2,2
98537,3,3
98540,3,3
98541,31,31
98542,1,1
98546,4,4
98547,5,5
98548,6,6
98550,25,26
98553,1,1
98554,2,2
98555,2,2
98556,3,3
98557,5,5
98558,5,5
98560,1,1
98562,1,1
98563,16,16
98564,5,6
98565,4,4
98568,6,6
98569,19,20
98570,9,9
98571,2,2
98572,3,3
98575,1,1
98576,13,13
98577,16,17
98579,35,36
98580,24,27
98581,1,1
98582,4,4
98583,1,1
98584,88,90
98586,10,12
98587,1,1
98588,2,2
98589,11,12
98591,10,10
98592,5,5
98593,6,6
98594,1,1
98595,9,11
98596,12,12
98597,68,71
98601,5,5
98602,1,1
98603,1,1
98604,57,58
98605,2,2
98606,17,17
98607,59,60
98610,3,3
98611,19,20
98612,10,10
98617,2,2
98620,19,19
98623,3,3
98624,4,4
98625,13,13
98626,52,52
98628,2,3
98629,14,14
98631,10,10
98632,95,98
98634,1,1
98635,8,8
98638,6,7
98640,10,10
98641,1,1
98642,39,40
98643,2,2
98645,3,3
98647,1,1
98648,3,3
98649,1,1
98660,25,26
98661,92,95
98662,77,78
98663,25,25
98664,54,55
98665,60,60
98666,2,2
98668,3,3
98671,46,46
98672,4,4
98674,21,21
98675,9,9
98682,111,112
98683,63,65
98684,69,70
98685,60,62
98686,41,41
98687,3,3
98689,1,1
98693,1,1
98706,2,2
98718,1,1
98732,2,2
98740,1,1
98762,1,1
98801,84,88
98802,65,65
98804,1,1
98805,1,1
98807,6,6
98812,14,14
98813,3,4
98814,1,1
98815,15,15
98816,15,15
98819,1,1
98821,2,2
98822,5,5
98823,19,20
98826,14,15
98828,8,8
98829,1,1
98830,2,2
98831,9,9
98832,1,1
98833,1,1
98834,1,1
98836,3,3
98837,73,74
98840,9,10
98841,23,24
98843,10,10
98844,9,9
98846,5,6
98847,5,5
98848,27,27
98849,6,7
98850,1,1
98851,4,4
98855,10,10
98856,3,3
98857,10,11
98858,2,2
98859,1,1
98860,1,1
98862,6,6
98901,66,67
98902,113,118
98903,50,51
98907,2,2
98908,74,75
98909,4,4
98920,1,1
98921,1,1
98922,16,17
98923,4,4
98925,4,4
98926,46,48
98930,39,42
98932,14,14
98933,2,2
98934,6,7
98935,11,11
98936,16,17
98937,7,8
98938,2,2
98939,1,1
98940,2,2
98941,1,2
98942,34,36
98943,6,7
98944,47,47
98946,1,1
98947,4,4
98948,35,37
98951,27,27
98952,5,5
98953,10,10
98962,1,1
99001,14,15
99003,16,18
99004,31,33
99005,18,18
99006,26,28
99009,6,6
99011,1,1
99013,6,7
99014,1,1
99016,44,47
99017,1,1
99019,19,20
99020,1,1
99021,25,25
99022,18,19
99023,1,1
99025,16,16
99026,14,14
99027,20,22
99029,2,2
99030,3,4
99031,2,2
99032,2,2
99033,1,1
99034,1,1
99036,3,3
99037,30,30
99039,1,1
99040,4,4
99101,3,3
99103,2,2
99107,1,1
99109,13,13
99110,2,2
99111,8,8
99113,1,1
99114,19,19
99116,3,3
99117,1,1
99119,2,2
99122,7,7
99123,3,3
99124,3,3
99125,2,2
99126,3,3
99129,3,3
99130,2,2
99131,1,1
99133,3,3
99134,1,1
99138,1,1
99139,4,4
99140,1,1
99141,6,6
99143,1,1
99148,8,8
99150,1,2
99152,3,3
99155,2,2
99156,16,17
99157,1,1
99159,2,2
99161,2,3
99163,25,26
99166,5,5
99167,1,1
99169,3,3
99170,7,7
99171,1,1
99173,5,5
99174,1,1
99176,1,1
99180,4,5
99181,8,9
99185,4,4
99201,15,17
99202,41,43
99203,31,33
99204,19,19
99205,110,115
99206,78,80
99207,58,58
99208,100,101
99209,5,5
99210,1,1
99211,1,1
99212,52,53
99214,2,3
99216,58,59
99217,35,36
99218,28,30
99222,1,1
99223,62,65
99224,43,43
99228,1,1
99231,1,1
99250,1,1
99258,1,1
99301,149,152
99302,5,6
99320,31,32
99321,1,1
99322,1,1
99323,13,13
99324,19,20
99326,6,6
99328,17,17
99330,3,3
99336,119,123
99337,58,63
99338,20,20
99341,2,2
99343,3,3
99344,34,36
99347,1,1
99348,4,4
99349,11,11
99350,24,24
99352,58,62
99353,34,36
99354,44,44
99357,3,3
99360,8,9
99361,7,7
99362,89,91
99402,5,6
99403,42,43
99498,1,1
99501,31,31
99502,57,59
99503,35,36
99504,120,122
99506,1,1
99507,85,86
99508,104,105
99509,3,3
99510,1,1
99511,3,3
99512,1,1
99514,6,6
99515,57,60
99516,37,40
99517,43,43
99518,21,21
99519,1,2
99520,6,6
99521,6,6
99523,4,4
99524,7,7
99540,1,1
99546,1,1
99550,2,2
99556,5,5
99559,6,6
99563,2,2
99564,1,1
99567,17,17
99568,1,1
99571,1,1
99572,1,1
99574,6,6
99576,2,2
99577,55,57
99586,1,1
99603,14,15
99606,2,2
99609,1,1
99610,7,8
99611,23,24
99614,1,1
99615,22,23
99621,1,1
99623,10,10
99628,1,1
99629,1,1
99632,1,1
99634,1,1
99635,1,1
99636,1,1
99639,3,3
99645,52,54
99652,10,10
99653,1,1
99654,62,63
99660,1,1
99663,1,1
99664,8,9
99669,23,23
99672,9,9
99674,2,2
99676,3,3
99682,1,1
99686,7,7
99687,25,26
99688,6,6
99692,3,3
99694,2,2
99701,40,41
99705,32,32
99706,4,5
99707,12,12
99708,11,11
99709,33,33
99710,8,8
99711,4,4
99712,17,17
99714,2,2
99716,1,1
99723,11,11
99725,1,1
99733,1,1
99737,1,1
99738,2,2
99740,1,1
99741,1,1
99742,1,1
99744,1,1
99746,2,2
99748,1,1
99749,1,1
99752,3,3
99760,2,2
99762,4,4
99763,1,1
99765,1,1
99770,1,1
99773,1,1
99780,2,2
99789,1,2
99801,31,31
99802,3,3
99803,7,7
99821,3,3
99824,3,3
99826,1,1
99827,3,3
99829,2,3
99830,1,1
99833,5,5
99835,12,12
99840,2,2
99901,21,21
99918,1,1
99921,1,1
99925,2,2
99927,1,1
99928,1,1
99929,4,4
99998,1,1
