term,estimate,std.error,statistic,p.value,conf.low,conf.high,model,subgroup,N,events,HR,HR_low,HR_high,status
pm25_interval_5ug,0.0872182486065768,0.0221522407953995,3.93722014003612,8.24309802405381e-05,0.0438006544707348,0.130635842742419,Single pollutant,All,48311,5776,1.09113479238148,1.04477406308955,1.1395527293477,OK
age,0.0233244714760449,0.00113254956088878,20.594658531094,3.0643995989776e-94,0.0211047151259962,0.0255442278260935,Single pollutant,All,48311,5776,1.02359861422316,1.02132899463251,1.02587327741201,OK
sexM,-0.0248513662298549,0.0273630937897349,-0.908207471743484,0.363768617245723,-0.0784820445633268,0.028779312103617,Single pollutant,All,48311,5776,0.975454886791423,0.924518659918774,1.02919743799316,OK
raceBLACK,-0.262270610667007,0.0821577988851328,-3.19227893427007,0.00141154948220634,-0.423296937530952,-0.101244283803061,Single pollutant,All,48311,5776,0.769302813989337,0.654884144556816,0.903712243655592,OK
raceMULTI,-0.52122051931024,0.247673178296351,-2.1044689735704,0.0353375583112249,-1.00665102870766,-0.035790009912825,Single pollutant,All,48311,5776,0.593795366799896,0.365440783228983,0.964842879652243,OK
raceMissing,-2.03339633648967,1.00380390356194,-2.02569080402485,0.0427964796509664,-4.0008158350118,-0.0659768379675529,Single pollutant,All,48311,5776,0.130890218153083,0.0183007024429315,0.936152547236182,OK
raceNATIVE,-0.185761209285193,0.21084446780654,-0.881034305607858,0.378299252320921,-0.599008772525526,0.22748635395514,Single pollutant,All,48311,5776,0.830471880280566,0.54935590296761,1.25544030784248,OK
racePACIFIC,0.186425312146519,0.3653164268237,0.510311878848216,0.609832981919283,-0.529581727388795,0.902432351681834,Single pollutant,All,48311,5776,1.20493462474418,0.588851218511972,2.46559301274142,OK
raceWHITE,-0.250042255276602,0.0718266906998053,-3.4811885782353,0.000499193900407649,-0.390819982176918,-0.109264528376286,Single pollutant,All,48311,5776,0.778767875324166,0.676501927482741,0.896493238228636,OK
zcta_svi_proxy,0.389320334239568,0.0780225819832476,4.98984171432778,6.04287879424519e-07,0.236398883571579,0.542241784907557,Single pollutant,All,48311,5776,1.4759772816733,1.26667946704065,1.71985809567543,OK
lung_composite,0.732370834495229,0.0164414966869683,44.5440490266141,0,0.700146093136837,0.764595575853622,Single pollutant,All,48311,5776,2.08000611683556,2.01404692441134,2.14812544515956,OK
missing_diagnosis,-0.598879680980636,0.143206285854721,-4.18193710846035,2.89035930223131e-05,-0.879558843615636,-0.318200518345636,Single pollutant,All,48311,5776,0.549426824747421,0.414965936179439,0.727456905333788,OK
missing_functional_dependence,0.120298705900362,0.0967883853435437,1.24290435751532,0.213903079771704,-0.069403043494768,0.310000455295492,Single pollutant,All,48311,5776,1.12783369184717,0.932950584627807,1.36342573489363,OK
missing_low_BMI,0.848219403831821,0.230713060681131,3.67651229335538,0.000236444465980179,0.396030114133802,1.30040869352984,Single pollutant,All,48311,5776,2.3354845924579,1.48591406389258,3.67079659191017,OK
missing_pulmonary_pressure,0.211328072235039,0.0600577939053605,3.51874517016145,0.000433592975138392,0.0936169591896034,0.329039185280475,Single pollutant,All,48311,5776,1.23531756198273,1.09813903328203,1.38963230765248,OK
pm25_interval_5ug,0.0767873297718617,0.0193551991998433,3.96727147982457,7.27001642918785e-05,0.0388518364265703,0.114722823117153,No center strata,All,48311,5776,1.07981240802049,1.03961643895194,1.12156252328068,OK
age,0.0219666332316219,0.00101428937627002,21.6571658399921,5.20273798358389e-104,0.0199786625842311,0.0239546038790127,No center strata,All,48311,5776,1.0222096760679,1.02017957179884,1.02424382013884,OK
sexM,-0.0266864298063727,0.0269780220406939,-0.989191489506482,0.322569461505018,-0.0795623813802606,0.0261895217675151,No center strata,All,48311,5776,0.973666506455801,0.923520407693928,1.02653548085755,OK
raceBLACK,-0.23048906336292,0.0802577020450875,-2.87186223240524,0.00408060819410138,-0.387791268853238,-0.0731868578726015,No center strata,All,48311,5776,0.794145120231708,0.678553963830289,0.929427143020223,OK
raceMULTI,-0.505333141117784,0.245712860853416,-2.05660029093572,0.0397246902320114,-0.98692149892878,-0.0237447833067875,No center strata,All,48311,5776,0.603304556390766,0.37272235281913,0.976534905966548,OK
raceMissing,-2.14897216619416,1.00250269979179,-2.14360736049936,0.032064360521747,-4.11384135219023,-0.184102980198086,No center strata,All,48311,5776,0.116603945679185,0.0163448673872721,0.831850135323954,OK
raceNATIVE,-0.231798846727291,0.208398028359608,-1.11228905835569,0.266013886813777,-0.640251476761279,0.176653783306697,No center strata,All,48311,5776,0.793105643057891,0.52715983892374,1.19321790964669,OK
racePACIFIC,0.211873957739626,0.36047785937851,0.587758588294195,0.556694343875127,-0.494649663866347,0.9183975793456,No center strata,All,48311,5776,1.23599208802363,0.609784499423494,2.50527267108512,OK
raceWHITE,-0.228278487291564,0.0706433208023844,-3.23142350470959,0.00123175288574387,-0.366736851812547,-0.0898201227705819,No center strata,All,48311,5776,0.795902580215495,0.692991980636323,0.914095595467096,OK
zcta_svi_proxy,0.390685813059308,0.0755593358795005,5.17058294004014,2.33364868450287e-07,0.242592236039722,0.538779390078894,No center strata,All,48311,5776,1.47799407402009,1.27454880307601,1.71391356499375,OK
lung_composite,0.71159622871081,0.0160087345518539,44.4504983455051,0,0.680219685551115,0.742972771870505,No center strata,All,48311,5776,2.03724056652068,1.97431141228276,2.10217552309983,OK
missing_diagnosis,-0.730596623766344,0.139425166056788,-5.24006278370699,1.60521974488096e-07,-1.00386492777617,-0.457328319756523,No center strata,All,48311,5776,0.481621557486587,0.36646035779484,0.632972488570418,OK
missing_functional_dependence,0.168491502613313,0.0900021443197105,1.87208320298223,0.0611950934456566,-0.00790945878469587,0.344892464011322,No center strata,All,48311,5776,1.18351816999059,0.992121738678569,1.41183808809947,OK
missing_low_BMI,0.887860760384208,0.226061121440432,3.92752524063791,8.5824416293763e-05,0.444789104056227,1.33093241671219,No center strata,All,48311,5776,2.42992589349717,1.56016112948067,3.78457053974514,OK
missing_pulmonary_pressure,0.275850494109907,0.0547722878272494,5.03631498797226,4.74579371858685e-07,0.168498782617636,0.383202205602177,No center strata,All,48311,5776,1.31765085273693,1.18352678603935,1.4669746305688,OK
pm25_interval_5ug,0.0885140611696555,0.0227434937041612,3.8918409951001,9.94864395844643e-05,0.0439376326268861,0.133090489712425,Exclude multi-organ,All,45717,5437,1.09254961502797,1.04491718411631,1.14235336488149,OK
age,0.0240327045356626,0.00118782704570433,20.2324948085453,5.06731414678988e-91,0.0217046063062195,0.0263608027651057,Exclude multi-organ,All,45717,5437,1.02432381737764,1.02194186469779,1.02671132193746,OK
sexM,-0.0418201324816071,0.0282702814948969,-1.47929664192258,0.139061049980721,-0.0972288660444142,0.0135886010812001,Exclude multi-organ,All,45717,5437,0.959042265612141,0.907348321146992,1.01368134573477,OK
raceBLACK,-0.272311354598055,0.0845566194760816,-3.22046170111003,0.00127984292221257,-0.438039283425633,-0.106583425770477,Exclude multi-organ,All,45717,5437,0.761617091186485,0.645300432747818,0.898900053603482,OK
raceMULTI,-0.505407366755254,0.25559589340413,-1.97736888501624,0.0479999483992625,-1.00636611242369,-0.00444862108681998,Exclude multi-organ,All,45717,5437,0.603259777387375,0.365544918093105,0.995561259371066,OK
raceMissing,-1.9159114874288,1.00429678731694,-1.90771444420062,0.0564281338074815,-3.88429702035928,0.052474045501677,Exclude multi-organ,All,45717,5437,0.147207593545916,0.0205622785450676,1.05387520892123,OK
raceNATIVE,-0.228162120116123,0.215456485224634,-1.0589707702613,0.289613091778186,-0.650449071391993,0.194124831159747,Exclude multi-organ,All,45717,5437,0.795995202539675,0.521811393568694,1.21424784946319,OK
racePACIFIC,0.0593250128376295,0.390378982680779,0.151967742807867,0.879212377620413,-0.705803733538083,0.824453759213342,Exclude multi-organ,All,45717,5437,1.06112006234393,0.493711602174815,2.28063464935566,OK
raceWHITE,-0.273778840742278,0.0738049227952679,-3.70949294943009,0.000207674740175537,-0.418433831302763,-0.129123850181794,Exclude multi-organ,All,45717,5437,0.760500248334099,0.658076672227667,0.878865111201112,OK
zcta_svi_proxy,0.345501170950122,0.0807518346702869,4.27855506145238,1.88110459954095e-05,0.187230483310827,0.503771858589417,Exclude multi-organ,All,45717,5437,1.41269774535328,1.20590519404367,1.6549517570566,OK
lung_composite,0.736638087557485,0.0169059352628877,43.5727498125803,0,0.70350306331726,0.769773111797711,Exclude multi-organ,All,45717,5437,2.08890099415582,2.0208193809859,2.15927628388853,OK
missing_diagnosis,-0.668148546481695,0.154457597291807,-4.32577327497464,1.51997700223163e-05,-0.970879874312228,-0.365417218651161,Exclude multi-organ,All,45717,5437,0.512656860012581,0.378749639371969,0.693907079499149,OK
missing_functional_dependence,0.0634563420427229,0.103586971058401,0.612589994613774,0.54014747559833,-0.139570390499336,0.266483074584781,Exclude multi-organ,All,45717,5437,1.06551296666643,0.869731800193961,1.30536549529534,OK
missing_low_BMI,0.764106428416204,0.250659344110284,3.04838597231794,0.00230074209990032,0.272823141571616,1.25538971526079,Exclude multi-organ,All,45717,5437,2.14707495204676,1.31366789103985,3.50920569890578,OK
missing_pulmonary_pressure,0.212754923477375,0.0639849143304846,3.32507944573447,0.00088393343485057,0.0873467958357446,0.338163051119006,Exclude multi-organ,All,45717,5437,1.2370814344733,1.09127506375124,1.40236914262284,OK
pm25_interval_5ug,0.0857452166453938,0.0221678398088198,3.86800055327352,0.000109731416038403,0.0422970490050537,0.129193384285734,Adjust multi-organ,All,48311,5776,1.08952869916208,1.04320431553413,1.13791015683252,OK
age,0.0228309717486435,0.00114059661823922,20.0166924779142,3.94025739254438e-89,0.0205954434560064,0.0250665000412805,Adjust multi-organ,All,48311,5776,1.02309359321019,1.02080899313206,1.02538330628942,OK
sexM,-0.02301107153296,0.0273734449955198,-0.840634839229268,0.40055253493722,-0.0766620378569669,0.030639894791047,Adjust multi-organ,All,48311,5776,0.977251664039373,0.926202822208424,1.03111412745492,OK
raceBLACK,-0.263511053982462,0.0821504320665667,-3.20766485767157,0.00133817340047176,-0.424522942147337,-0.102499165817587,Adjust multi-organ,All,48311,5776,0.768349129074489,0.654081745545344,0.902578902668059,OK
raceMULTI,-0.514974036010427,0.247719900956201,-2.07885613558952,0.0376305754640406,-1.00049612013841,-0.0294519518824437,Adjust multi-organ,All,48311,5776,0.597516108318844,0.367696974038722,0.970977530162916,OK
raceMissing,-2.02996457103716,1.00381702158259,-2.02224561587607,0.0431509838951683,-3.9974097804073,-0.0625193616670203,Adjust multi-organ,All,48311,5776,0.131340174312219,0.0183631419105063,0.939394874386639,OK
raceNATIVE,-0.191788646942393,0.210874967576523,-0.909489870450348,0.363091602350229,-0.605095988633431,0.221518694748644,Adjust multi-organ,All,48311,5776,0.825481318056377,0.546022012217379,1.24797057849897,OK
racePACIFIC,0.179245100421699,0.365382961915386,0.490567757954756,0.623732195160534,-0.536892345497028,0.895382546340426,Adjust multi-organ,All,48311,5776,1.19631392528458,0.584562049472208,2.44827218790884,OK
raceWHITE,-0.252076415126026,0.0718256990974737,-3.50955741877203,0.000448853133608407,-0.392852198521486,-0.111300631730567,Adjust multi-organ,All,48311,5776,0.777185347083547,0.675128525206524,0.894669742382167,OK
zcta_svi_proxy,0.389554721369934,0.0780444936935994,4.99144402037273,5.99295525545995e-07,0.236590324538816,0.542519118201052,Adjust multi-organ,All,48311,5776,1.47632327229913,1.26692198459616,1.72033513573194,OK
multi_organ_candidate,-0.187818963614506,0.0581926738951702,-3.22753623510836,0.00124861225864586,-0.301874508613124,-0.0737634186158884,Adjust multi-organ,All,48311,5776,0.828764730223645,0.739430851270489,0.928891426267277,OK
lung_composite,0.734559555810237,0.0164586245180233,44.6306770657441,0,0.702301244519843,0.76681786710063,Adjust multi-organ,All,48311,5776,2.08456365633133,2.01839218108703,2.15290451380821,OK
missing_diagnosis,-0.595381926998486,0.143166567183756,-4.15866594212814,3.20111641836808e-05,-0.875983242468881,-0.314780611528091,Adjust multi-organ,All,48311,5776,0.551351949455178,0.416452344675033,0.729948999099128,OK
missing_functional_dependence,0.114483450862361,0.0968497234724996,1.18207307938126,0.237176705095012,-0.0753385190564014,0.304305420781124,Adjust multi-organ,All,48311,5776,1.12129408446028,0.927429480630433,1.35568304664086,OK
missing_low_BMI,0.850848120801965,0.230809756278492,3.68636115960082,0.000227483457075262,0.398469311215653,1.30322693038828,Adjust multi-organ,All,48311,5776,2.3416319967927,1.48954292509572,3.68115635744501,OK
missing_pulmonary_pressure,0.207059893285801,0.0601191516988,3.44415859896331,0.000572839570987791,0.0892285211750535,0.324891265396549,Adjust multi-organ,All,48311,5776,1.2300562416846,1.09333047694591,1.38388016213885,OK
pm25_interval_5ug,-0.12073183913068,0.104691526796029,-1.15321500054061,0.248822147999535,-0.325923461137406,0.0844597828760463,Age subgroup,<18,1215,283,0.886271591090038,0.721860435694069,1.08812908192985,OK
sexM,0.146545330234633,0.127942848511461,1.14539680755588,0.252044820182317,-0.104218044927294,0.39730870539656,Age subgroup,<18,1215,283,1.15782741421726,0.901028811238939,1.48781515573259,OK
race_groupBlack,0.0812513945396173,0.349496580924425,0.232481228642369,0.816164265234455,-0.603749316792143,0.766252105871378,Age subgroup,<18,1215,283,1.08464353575764,0.54675782002058,2.15168682839609,OK
race_groupOther/Unknown,0.160505186756707,0.460636188503051,0.348442416733058,0.727507952029901,-0.742325152685076,1.06333552619849,Age subgroup,<18,1215,283,1.17410386291591,0.476005841539089,2.89601462968781,OK
race_groupWhite,-0.441890710476422,0.303233297094684,-1.45726315253052,0.145043753981001,-1.03621705169534,0.152435630742493,Age subgroup,<18,1215,283,0.642819885095675,0.354794315032414,1.16466749090009,OK
zcta_svi_proxy,0.0910546953898719,0.344210691151371,0.264531862985713,0.791370115853948,-0.583585862360455,0.765695253140198,Age subgroup,<18,1215,283,1.09532891306205,0.557894243489293,2.15048898925001,OK
lung_composite,0.515074895922914,0.0840301570733019,6.1296433787884,8.80762706470702e-10,0.350378814443999,0.67977097740183,Age subgroup,<18,1215,283,1.67376385519192,1.4196052137089,1.97342572138607,OK
missing_diagnosis,-1.3744447023087,1.04216008656171,-1.3188422009552,0.187221872534076,-3.4170409380948,0.668151533477395,Age subgroup,<18,1215,283,0.252980036038025,0.0328093764162549,1.95062831496222,OK
missing_functional_dependence,0.232781509140545,0.194073151010631,1.19945241229063,0.230352078114732,-0.147594877206494,0.613157895487584,Age subgroup,<18,1215,283,1.26210569064263,0.862780576227123,1.84625247512896,OK
missing_pulmonary_pressure,0.245368634611769,0.146865722872959,1.67070048621227,0.0947808527922379,-0.0424828927826703,0.533220162006209,Age subgroup,<18,1215,283,1.27809237546126,0.958406861055168,1.70441196384359,OK
pm25_interval_5ug,0.174915578979581,0.0577187789744576,3.03047954387578,0.00244165726136287,0.0617888509580167,0.288042307001146,Age subgroup,18-39,5477,799,1.19114565463601,1.06373771381437,1.33381373258883,OK
sexM,-0.0624044130467361,0.076024166375046,-0.820849685333998,0.411731893508552,-0.211409041096507,0.0866002150030351,Age subgroup,18-39,5477,799,0.939502862737789,0.80944290374332,1.09046064275881,OK
race_groupBlack,0.307960133024889,0.258068806358361,1.19332567686328,0.232741850201903,-0.19784543297074,0.813765699020519,Age subgroup,18-39,5477,799,1.36064674298601,0.820496665069144,2.25638888982251,OK
race_groupOther/Unknown,-0.0508610194163858,0.474808383821615,-0.107119042437747,0.914694540406111,-0.981468351264421,0.87974631243165,Age subgroup,18-39,5477,799,0.950410749994681,0.37476041472266,2.41028816870619,OK
race_groupWhite,-0.0994622178830574,0.233421673332022,-0.426105324596749,0.670031100475949,-0.556960290824893,0.358035855058779,Age subgroup,18-39,5477,799,0.905324154285415,0.572948014894857,1.4305169108283,OK
zcta_svi_proxy,0.0975597688409278,0.214996854131189,0.453773006285003,0.649992214264372,-0.323826322045614,0.518945859727469,Age subgroup,18-39,5477,799,1.10247733338653,0.723375865911152,1.68025549082995,OK
lung_composite,0.750467945540441,0.0523954104183647,14.323161886664,1.56822652254889e-46,0.647774828165251,0.85316106291563,Age subgroup,18-39,5477,799,2.11799088914867,1.91128316029191,2.3470543244004,OK
missing_diagnosis,-0.0386091682521014,0.323528686017123,-0.119337696843544,0.905007819118643,-0.672713740811229,0.595495404307026,Age subgroup,18-39,5477,799,0.962126665320084,0.510321815842843,1.81392935081775,OK
missing_functional_dependence,-0.451830639528016,0.381624483754963,-1.18396659219101,0.236426287568576,-1.19980088330643,0.296139604250403,Age subgroup,18-39,5477,799,0.6364619520944,0.301254190678988,1.34465786368252,OK
missing_low_BMI,0.833309194665969,0.609456959811903,1.36729785631319,0.171531963361975,-0.361204496692637,2.02782288602457,Age subgroup,18-39,5477,799,2.30092034907154,0.696836483139302,7.5975276565896,OK
missing_pulmonary_pressure,0.244789187130273,0.105694295198887,2.31601134829131,0.0205576490813889,0.0376321751691105,0.451946199091436,Age subgroup,18-39,5477,799,1.2773520025775,1.03834923199744,1.57136740530932,OK
pm25_interval_5ug,0.0753628008296185,0.0365004069660003,2.06471124828329,0.038950329651839,0.00382331775520309,0.146902283904034,Age subgroup,40-59,16946,2193,1.07827527909533,1.00383063595816,1.1582407787329,OK
sexM,-0.0302187269414242,0.0448639995763437,-0.673562928557048,0.500589228477049,-0.118150550313478,0.0577130964306296,Age subgroup,40-59,16946,2193,0.970233294177217,0.888562269216129,1.05941100330584,OK
race_groupBlack,-0.142827097426588,0.134069207951875,-1.06532364596244,0.286729495872376,-0.405597916448073,0.119943721594898,Age subgroup,40-59,16946,2193,0.8669039458612,0.666578133652485,1.12743339964031,OK
race_groupOther/Unknown,-0.041791798915344,0.229049226815724,-0.182457716606774,0.855223534574011,-0.490720034160908,0.40713643633022,Age subgroup,40-59,16946,2193,0.959069439084682,0.61218544102245,1.50250908850424,OK
race_groupWhite,-0.0504162904637473,0.123085124393045,-0.409605065700335,0.682095680311658,-0.291658701306748,0.190826120379254,Age subgroup,40-59,16946,2193,0.950833519173982,0.747023450597386,1.21024899614837,OK
zcta_svi_proxy,0.462018656295689,0.126395674030706,3.65533599024481,0.00025684536975661,0.214287687393841,0.709749625197536,Age subgroup,40-59,16946,2193,1.58727491561953,1.23897904217858,2.03348206223479,OK
lung_composite,0.727118333260785,0.0255154169597129,28.497215405449,1.26830107653796e-178,0.677109034969225,0.777127631552345,Age subgroup,40-59,16946,2193,2.06910952437386,1.96817956130661,2.17521526390228,OK
missing_diagnosis,-0.749467598418204,0.206518414477648,-3.6290594246225,0.000284455760825565,-1.15423625293871,-0.344698943897698,Age subgroup,40-59,16946,2193,0.472618108399255,0.315298253082797,0.708433599624904,OK
missing_functional_dependence,0.0992065983344663,0.172122962972266,0.576370500608053,0.564364779247113,-0.238148210003496,0.436561406672429,Age subgroup,40-59,16946,2193,1.10429442138149,0.788085880226651,1.54737725886368,OK
missing_low_BMI,0.196179149230741,0.397730820811355,0.49324603215447,0.62183875596458,-0.583358935101068,0.975717233562551,Age subgroup,40-59,16946,2193,1.21674486471663,0.558020859266738,2.65306939916132,OK
missing_pulmonary_pressure,0.467241345264182,0.112624579544005,4.14866228274458,3.34423736681204e-05,0.246501225583965,0.687981464944398,Age subgroup,40-59,16946,2193,1.59558644418315,1.27954075140127,1.98969520749762,OK
pm25_interval_5ug,0.0566304067462015,0.0351998248451915,1.6088263789738,0.107654311107336,-0.0123599822124921,0.125620795704895,Age subgroup,60+,24673,2501,1.05826461064673,0.987716088633672,1.13385212515521,OK
sexM,0.029843227618588,0.0421090139079118,0.708713523519029,0.478502270940089,-0.0526889230654154,0.112375378302591,Age subgroup,60+,24673,2501,1.03029299980467,0.948675077520987,1.11893280491815,OK
race_groupBlack,-0.689291395063847,0.132186439237299,-5.2145393963328,1.84274538036345e-07,-0.948372055213546,-0.430210734914149,Age subgroup,60+,24673,2501,0.501931614300128,0.387371129236895,0.650372024188368,OK
race_groupOther/Unknown,-1.2352085923963,0.335689851014251,-3.67961256101205,0.000233588569540597,-1.89314861035985,-0.577268574432753,Age subgroup,60+,24673,2501,0.290774102774626,0.150596890632527,0.561429777794677,OK
race_groupWhite,-0.367294464008478,0.103598475877574,-3.54536551717733,0.00039206899494253,-0.570343745581764,-0.164245182435192,Age subgroup,60+,24673,2501,0.692605667572686,0.565331075236314,0.848533950753168,OK
zcta_svi_proxy,0.522063250187764,0.12263515180915,4.25704410592014,2.07147500811083e-05,0.281702769403228,0.762423730972301,Age subgroup,60+,24673,2501,1.68550167622348,1.3253847165445,2.14346511249873,OK
lung_composite,0.830930238200878,0.0267271536230967,31.0893651422281,3.35361255093035e-212,0.778545979690339,0.883314496711417,Age subgroup,60+,24673,2501,2.2954530655247,2.17830266540908,2.41890388314666,OK
missing_diagnosis,-0.8024432343831,0.3537155927881,-2.2686114232567,0.0232919663299237,-1.49571305701801,-0.109173411748188,Age subgroup,60+,24673,2501,0.448232488162086,0.224088759685242,0.896574927391179,OK
missing_functional_dependence,0.217650318798929,0.183226689582964,1.18787453560567,0.234882843436423,-0.141467393790181,0.576768031388039,Age subgroup,60+,24673,2501,1.24315228462177,0.868083480035529,1.7802753287012,OK
missing_low_BMI,1.55203879206333,0.331604300344022,4.68039404330152,2.86324061137171e-06,0.902106306270445,2.20197127785622,Age subgroup,60+,24673,2501,4.72108568928429,2.46478924849221,9.0428218555398,OK
missing_pulmonary_pressure,-0.157557231555676,0.182390405585469,-0.863846050727947,0.387672466532666,-0.515035857628849,0.199921394517497,Age subgroup,60+,24673,2501,0.854227923416503,0.597479170047798,1.22130675298035,OK
pm25_interval_5ug,0.0697628722834349,0.0307865771049727,2.26601586936947,0.023450411632743,0.00942228995042301,0.130103454616447,Sex subgroup,Female,20774,3042,1.07225388998914,1.00946681947118,1.13894620647279,OK
age_interval,0.023152667786816,0.00154377042661765,14.9974810940917,7.62588951934547e-51,0.0201269333502474,0.0261784022233846,Sex subgroup,Female,20774,3042,1.02342277131061,1.0203308458199,1.02652406631443,OK
race_groupBlack,-0.243416561144323,0.112875680801175,-2.15650137759159,0.0310445363208451,-0.464648830245065,-0.0221842920435803,Sex subgroup,Female,20774,3042,0.783944884767519,0.628355725976003,0.978059969770419,OK
race_groupOther/Unknown,-0.585488884180308,0.231474964468985,-2.52938319063337,0.0114263201130476,-1.03917147786221,-0.131806290498408,Sex subgroup,Female,20774,3042,0.556833568135036,0.353747648335295,0.87651076709945,OK
race_groupWhite,-0.190040992723884,0.101394747933685,-1.87426860460442,0.0608934124773237,-0.388771046895423,0.00868906144765491,Sex subgroup,Female,20774,3042,0.826925235330724,0.677889457143779,1.00872692091705,OK
zcta_svi_proxy,0.281119309644554,0.107231461334241,2.62161222225914,0.00875149444153778,0.0709495074198428,0.491289111869264,Sex subgroup,Female,20774,3042,1.32461163345101,1.07352701935078,1.63442181505114,OK
lung_composite,0.66544176317597,0.022008033045196,30.2363124323472,7.89621198792516e-201,0.622306811036818,0.708576715315121,Sex subgroup,Female,20774,3042,1.94534971541136,1.86322118740391,2.0310983692301,OK
missing_diagnosis,-0.233011305721972,0.203368703558622,-1.14575793445428,0.251895324978885,-0.631606640279473,0.165584028835529,Sex subgroup,Female,20774,3042,0.792144617706879,0.531736804586643,1.18008211947972,OK
missing_functional_dependence,0.060732464208747,0.137775713577673,0.440806747660271,0.65935290813881,-0.209302972347798,0.330767900765292,Sex subgroup,Female,20774,3042,1.06261458872048,0.811149442560011,1.39203666416631,OK
missing_low_BMI,-0.0122157949572598,0.41827547055396,-0.0292051430629706,0.976700979413674,-0.832020652859565,0.807589062945046,Sex subgroup,Female,20774,3042,0.987858514973226,0.435169071687823,2.24249494988275,OK
missing_pulmonary_pressure,0.236024046779028,0.0805277216834472,2.93096640318266,0.00337909324087684,0.0781926125224062,0.393855481035649,Sex subgroup,Female,20774,3042,1.26620475794681,1.08133091648829,1.48268625690821,OK
pm25_interval_5ug,0.108233481828452,0.0321258274264101,3.36904884633339,0.000754280604191137,0.0452680170991395,0.171198946557765,Sex subgroup,Male,27537,2734,1.11430788565888,1.04630825083445,1.1867268207541,OK
age_interval,0.0228568467304468,0.00169779999008753,13.4626262598037,2.59525238604781e-41,0.0195292198969228,0.0261844735639709,Sex subgroup,Male,27537,2734,1.02312006608078,1.0197211625726,1.02653029871058,OK
race_groupBlack,-0.283027856112427,0.123837365186153,-2.28548028042245,0.0222846814128999,-0.525744631817622,-0.0403110804072324,Sex subgroup,Male,27537,2734,0.75349879802014,0.59111503738171,0.960490602865794,OK
race_groupOther/Unknown,-0.187576023971793,0.213472527881433,-0.878689290061605,0.379569767200589,-0.605974490308125,0.230822442364539,Sex subgroup,Male,27537,2734,0.82896609448979,0.545542541603932,1.2596355616801,OK
race_groupWhite,-0.332973321400628,0.102874825955349,-3.23668417718781,0.00120927163690596,-0.534604275188939,-0.131342367612318,Sex subgroup,Male,27537,2734,0.716789316835633,0.585901099877387,0.876917494842072,OK
zcta_svi_proxy,0.51919634229639,0.114930141361251,4.51749502912765,6.25754965660149e-06,0.29393740449024,0.744455280102539,Sex subgroup,Male,27537,2734,1.68067641825703,1.34169991664817,2.10529432687293,OK
lung_composite,0.84367676367445,0.0253831097722564,33.2377226921417,3.07132071533651e-242,0.793926782705201,0.893426744643699,Sex subgroup,Male,27537,2734,2.32489938695373,2.21206569526333,2.44348853247524,OK
missing_diagnosis,-0.958790588814612,0.205957755920134,-4.65527789682467,3.23544016528105e-06,-1.36246037275477,-0.555120804874458,Sex subgroup,Male,27537,2734,0.383356241051144,0.256030071973558,0.574002914657777,OK
missing_functional_dependence,0.208110284400435,0.139156367588733,1.49551391723223,0.134780370513483,-0.0646311842928988,0.480851753093768,Sex subgroup,Male,27537,2734,1.23134896064276,0.937413132316659,1.61745148494872,OK
missing_low_BMI,1.70941305859143,0.277203432771191,6.16663740958222,6.97574640069895e-10,1.16610431396903,2.25272180321384,Sex subgroup,Male,27537,2734,5.52571725336433,3.2094651841726,9.51359476173903,OK
missing_pulmonary_pressure,0.234116728738866,0.0922371679397645,2.53820378452812,0.0111423082578501,0.0533352015409553,0.414898255936777,Sex subgroup,Male,27537,2734,1.26379200444502,1.05478315080574,1.51421667029767,OK
pm25_interval_5ug,0.10379991907361,0.023991525996568,4.32652425229052,1.51480648290663e-05,0.0567773921861802,0.150822445961039,Race subgroup,White,41708,4838,1.10937846723713,1.05842017156846,1.16279018165878,OK
age_interval,0.0245581616746984,0.00123226973898834,19.929209407398,2.27121385544604e-88,0.0221429573670426,0.0269733659823541,Race subgroup,White,41708,4838,1.02486219707551,1.02238993219654,1.02734044019569,OK
sexM,-0.0550633166574652,0.0297151685307585,-1.8530373334571,0.0638770077829966,-0.11330397677229,0.00317734345735945,Race subgroup,White,41708,4838,0.946425221574764,0.892879204321403,1.00318239656348,OK
zcta_svi_proxy,0.35392830071647,0.0866228445061378,4.0858540577179,4.3914976907811e-05,0.184150645246026,0.523705956186913,Race subgroup,White,41708,4838,1.42465303621591,1.20219691470565,1.68827273533316,OK
lung_composite,0.73490386315946,0.0175488551744821,41.877595766366,0,0.700508739047565,0.769298987271354,Race subgroup,White,41708,4838,2.08528151049227,2.01477744274423,2.15825276070105,OK
missing_diagnosis,-0.504384056381995,0.161292371519203,-3.12714142418041,0.00176514994861901,-0.820511295540686,-0.188256817223304,Race subgroup,White,41708,4838,0.60387741533911,0.440206521324774,0.828401932027719,OK
missing_functional_dependence,0.0410924758599248,0.109915950094994,0.373853620192619,0.70851322409341,-0.174338827652765,0.256523779372615,Race subgroup,White,41708,4838,1.04194845616984,0.840012230062322,1.2924294985969,OK
missing_low_BMI,0.927234671980553,0.244963734582174,3.78519160626818,0.000153590194746589,0.447114574681062,1.40735476928004,Race subgroup,White,41708,4838,2.52751011019225,1.56379346015952,4.08513497458443,OK
missing_pulmonary_pressure,0.131960623083875,0.066410562411243,1.98704269761664,0.0469176654284099,0.0017983125647891,0.262122933602961,Race subgroup,White,41708,4838,1.14106338682531,1.00179993049853,1.29968630772945,OK
pm25_interval_5ug,-0.00161940737983684,0.0776835695840488,-0.0208462019511699,0.983368341907527,-0.153876405955084,0.15063759119541,Race subgroup,Black,4796,675,0.99838190315277,0.857377981276022,1.16257525421807,Loglik converged before variable  8 ; beta may be infinite. 
age_interval,0.00945178247822086,0.00367281292198843,2.57344511658485,0.0100691615483434,0.00225320142917022,0.0166503635272715,Race subgroup,Black,4796,675,1.00949659163844,1.00225574179514,1.01678975338605,Loglik converged before variable  8 ; beta may be infinite. 
sexM,0.118261203530598,0.0888865799685999,1.33047309922797,0.183362443872221,-0.0559532919167975,0.292475698977993,Race subgroup,Black,4796,675,1.12553806749153,0.945583301242458,1.33974017911273,Loglik converged before variable  8 ; beta may be infinite. 
zcta_svi_proxy,0.67142534277727,0.223717475751982,3.00121991149956,0.00268900290235392,0.232947147591171,1.10990353796337,Race subgroup,Black,4796,675,1.95702476474573,1.26231476118834,3.03406570816186,Loglik converged before variable  8 ; beta may be infinite. 
lung_composite,0.688786011441263,0.0569891635902749,12.0862628620646,1.24837154491071e-33,0.577089303295263,0.800482719587263,Race subgroup,Black,4796,675,1.99129665393932,1.7808473730374,2.2266155000284,Loglik converged before variable  8 ; beta may be infinite. 
missing_diagnosis,-1.24140288657187,0.412907391976136,-3.0064922805829,0.00264280763756038,-2.05068650379546,-0.432119269348282,Race subgroup,Black,4796,675,0.288978529339672,0.128646556916515,0.649131950523267,Loglik converged before variable  8 ; beta may be infinite. 
missing_functional_dependence,0.130790522795646,0.297578776826463,0.439515627392737,0.660287961128166,-0.452453162347704,0.714034207938997,Race subgroup,Black,4796,675,1.13972900905765,0.636065863305304,2.04221337604475,Loglik converged before variable  8 ; beta may be infinite. 
missing_low_BMI,-14.7107208061323,1319.15544792696,-0.0111516204017123,0.99110247866786,-2600.20788875279,2570.78644714052,Race subgroup,Black,4796,675,4.08521698672284e-07,0,Inf,Loglik converged before variable  8 ; beta may be infinite. 
missing_pulmonary_pressure,0.960995293893054,0.184360838126048,5.21257824417146,1.86233976144867e-07,0.599654691006381,1.32233589677973,Race subgroup,Black,4796,675,2.61429717298913,1.82148971500196,3.75217584398582,Loglik converged before variable  8 ; beta may be infinite. 
pm25_interval_5ug,0.0838081109145579,0.0230005890102787,3.64373759633308,0.000268707372027094,0.0387277848312039,0.128888436997912,listing_era,Pre-CAS,42254,5542,1.08742020971783,1.03948748087301,1.13756320711979,OK
age,0.0250082029905384,0.00116212018517513,21.5194635714634,1.02339572323945e-102,0.0227304892818882,0.0272859166991887,listing_era,Pre-CAS,42254,5542,1.02532353120916,1.02299079540699,1.02766158637133,OK
sexM,-0.0228463747651861,0.0279492473273211,-0.817423614225674,0.413686385318948,-0.0776258929217378,0.0319331433913657,listing_era,Pre-CAS,42254,5542,0.977412627484458,0.925310527017932,1.03244847699388,OK
raceBLACK,-0.25398005170575,0.085040180029451,-2.98658882916043,0.0028210886689561,-0.420655741802276,-0.0873043616092236,listing_era,Pre-CAS,42254,5542,0.775707275929129,0.656616107982562,0.916398136771524,OK
raceMULTI,-0.463016730774475,0.248640049731601,-1.86219690381452,0.0625753407082901,-0.95034227336266,0.0243088118137095,listing_era,Pre-CAS,42254,5542,0.629382102370061,0.3866086749549,1.02460667968707,OK
raceNATIVE,-0.139778004293072,0.212080024101589,-0.659081424029434,0.509843483543558,-0.555447213372573,0.275891204786429,listing_era,Pre-CAS,42254,5542,0.869551250618329,0.573815585803018,1.31770449628649,OK
racePACIFIC,0.0949518179411478,0.389963459039526,0.243489013496323,0.807626595019183,-0.669362517062983,0.859266152945279,listing_era,Pre-CAS,42254,5542,1.09960587257484,0.51203488727092,2.3614271313535,OK
raceWHITE,-0.246136230323088,0.0745179591662199,-3.30304577684496,0.000956407736973744,-0.392188746490306,-0.100083714155871,listing_era,Pre-CAS,42254,5542,0.781815710663547,0.675576589215934,0.904761673505797,OK
zcta_svi_proxy,0.413204361039759,0.0794636965302719,5.19991365972194,1.99381121779734e-07,0.257458377762006,0.568950344317513,listing_era,Pre-CAS,42254,5542,1.51165391753656,1.29363796575246,1.76641195365233,OK
lung_composite,0.729589109409414,0.0165888506971139,43.9806905692598,0,0.697075559498159,0.762102659320669,listing_era,Pre-CAS,42254,5542,2.07422815172278,2.00787221026516,2.14277701708473,OK
missing_diagnosis,-0.498847206766393,0.152809275150821,-3.26450869081105,0.001096540989691,-0.798347882565674,-0.199346530967112,listing_era,Pre-CAS,42254,5542,0.60723026732711,0.450071921890341,0.819265943117405,OK
missing_functional_dependence,0.128051977345192,0.0987335333322944,1.29694515149401,0.194650059464876,-0.06546219205249,0.321566146742874,listing_era,Pre-CAS,42254,5542,1.13661207924012,0.936634458316641,1.37928623830088,OK
missing_low_BMI,0.842186492332538,0.231358651249771,3.64017722174274,0.000272450453818556,0.388731868371225,1.29564111629385,listing_era,Pre-CAS,42254,5542,2.32143723643713,1.47510897493008,3.65333743764408,OK
missing_pulmonary_pressure,0.235089229468992,0.0607297167086814,3.87107403442548,0.000108356873691877,0.116061171928656,0.354117287009328,listing_era,Pre-CAS,42254,5542,1.26502164090634,1.1230645700578,1.42492230155476,OK
pm25_interval_5ug,0.0870608222145705,0.0234215278820265,3.71712821866674,0.000201500193634433,0.0411554711028979,0.132966173326243,calendar_era,Pre-CAS,42254,5468,1.09096303248805,1.04201409603348,1.14221136046635,OK
age,0.0254679066145802,0.00117087297740474,21.75121222033,6.72784442337052e-105,0.0231730377483957,0.0277627754807646,calendar_era,Pre-CAS,42254,5468,1.02579498450836,1.02344361860547,1.02815175268404,OK
sexM,-0.0207483369007713,0.0281304139326537,-0.737576665257908,0.46077173969547,-0.0758829350789763,0.0343862612774337,calendar_era,Pre-CAS,42254,5468,0.979465428860589,0.92692471057629,1.03498430388872,OK
raceBLACK,-0.235856518942591,0.0856776264253074,-2.75283675310739,0.00590813487118613,-0.403781581017071,-0.0679314568681115,calendar_era,Pre-CAS,42254,5468,0.789894000628943,0.667789963345614,0.934324512910775,OK
raceMULTI,-0.429848708891529,0.248959403518293,-1.72658153424578,0.0842428446298757,-0.917800173399957,0.0581027556168991,calendar_era,Pre-CAS,42254,5468,0.650607518410454,0.399396678843234,1.05982389297322,OK
raceNATIVE,-0.130320172322695,0.212308388769806,-0.613824885007226,0.539331051114506,-0.546436967927242,0.285796623281852,calendar_era,Pre-CAS,42254,5468,0.877814334069013,0.579009167658598,1.33082176956371,OK
racePACIFIC,0.0849500570506658,0.390229889720017,0.217692338000085,0.827668833911359,-0.679886472491604,0.849786586592936,calendar_era,Pre-CAS,42254,5468,1.08866269431487,0.506674510595333,2.33914759319614,OK
raceWHITE,-0.242613506097887,0.0751211112971645,-3.22963148319459,0.00123949872295492,-0.389848178718954,-0.0953788334768196,calendar_era,Pre-CAS,42254,5468,0.784574688513051,0.677159673943566,0.909028498803741,OK
zcta_svi_proxy,0.402918050362977,0.0799945002737034,5.03682189380998,4.73324819755174e-07,0.246131710865239,0.559704389860715,calendar_era,Pre-CAS,42254,5468,1.49618427488121,1.27906802960463,1.75015506023848,OK
lung_composite,0.742469780328438,0.0167426138977701,44.346108968524,0,0.709654860081749,0.775284700575127,calendar_era,Pre-CAS,42254,5468,2.10111841247291,2.03328936820219,2.17121018398681,OK
missing_diagnosis,-0.454544496432918,0.155864591193532,-2.91627811648718,0.00354234581996093,-0.760033481637299,-0.149055511228536,calendar_era,Pre-CAS,42254,5468,0.634737027089494,0.467650769034352,0.861521289466358,OK
missing_functional_dependence,0.144180347417388,0.0993311551850028,1.45151183582688,0.146637388889972,-0.0505051392879761,0.338865834122753,calendar_era,Pre-CAS,42254,5468,1.15509240767381,0.950749042486649,1.40335505022023,OK
missing_low_BMI,0.847804097548181,0.231863832808714,3.65647409204873,0.000255708242025294,0.393359335925686,1.30224885917068,calendar_era,Pre-CAS,42254,5468,2.33451485241481,1.48195081183106,3.67755768453039,OK
missing_pulmonary_pressure,0.226659403644971,0.061141408514316,3.70713415265695,0.00020961791634144,0.106824444992861,0.346494362297081,calendar_era,Pre-CAS,42254,5468,1.25440255023664,1.1127388904474,1.41410152152361,OK
pm25_interval_5ug,-0.0806065102599246,0.100923770341266,-0.798687068342374,0.424471887002931,-0.278413465312797,0.117200444792948,calendar_era,Post-CAS,7321,308,0.922556636603469,0.756983770269523,1.12434477616088,"Loglik converged before variable  5,7,14 ; beta may be infinite. "
age,0.00343958727627194,0.00535928427503411,0.641799744099234,0.521003215832311,-0.00706441688570676,0.0139435914382506,calendar_era,Post-CAS,7321,308,1.00344550944458,0.992960477451441,1.01404125671631,"Loglik converged before variable  5,7,14 ; beta may be infinite. "
sexM,-0.0430402282687021,0.126115732092454,-0.341275648601477,0.732896078279084,-0.290222521053813,0.204142064516409,calendar_era,Post-CAS,7321,308,0.957872855725328,0.748097081704971,1.22647237928572,"Loglik converged before variable  5,7,14 ; beta may be infinite. "
raceBLACK,-0.697128867574312,0.321693377077168,-2.16706005547352,0.0302302751801821,-1.32763630071062,-0.0666214344379998,calendar_era,Post-CAS,7321,308,0.498013114695503,0.265103145423939,0.935549301054501,"Loglik converged before variable  5,7,14 ; beta may be infinite. "
raceMULTI,-16.251779116537,2027.04679133191,-0.00801746619073283,0.99360305604207,-3989.19048510455,3956.68692687148,calendar_era,Post-CAS,7321,308,8.74866946282269e-08,0,Inf,"Loglik converged before variable  5,7,14 ; beta may be infinite. "
raceMissing,-1.93503946516591,1.04366171769263,-1.85408684860452,0.0637267359132368,-3.98057884388666,0.110499913554851,calendar_era,Post-CAS,7321,308,0.144418569208281,0.0186748263994373,1.11683625250704,"Loglik converged before variable  5,7,14 ; beta may be infinite. "
raceNATIVE,-16.4689424006422,3224.69577800465,-0.00510713057429334,0.995925117078822,-6336.75652838812,6303.81864358684,calendar_era,Post-CAS,7321,308,7.04091647855627e-08,0,Inf,"Loglik converged before variable  5,7,14 ; beta may be infinite. "
racePACIFIC,1.39854332819013,1.12400030232208,1.24425529539526,0.213405618527415,-0.804456782973285,3.60154343935354,calendar_era,Post-CAS,7321,308,4.04929717163102,0.44733085830986,36.6547652136736,"Loglik converged before variable  5,7,14 ; beta may be infinite. "
raceWHITE,-0.528769675003318,0.273024983859962,-1.93670801670857,0.0527810452522952,-1.06388881024847,0.00634946024183725,calendar_era,Post-CAS,7321,308,0.589329590754028,0.34511112573045,1.00636966079609,"Loglik converged before variable  5,7,14 ; beta may be infinite. "
zcta_svi_proxy,0.355143522137474,0.377199201703968,0.941527767113877,0.346434466599153,-0.384153328199563,1.09444037247451,calendar_era,Post-CAS,7321,308,1.42638535746677,0.681026998530285,2.98751032247827,"Loglik converged before variable  5,7,14 ; beta may be infinite. "
lung_composite,0.72687125757438,0.0938634173746089,7.74392492735947,9.63939369525036e-15,0.542902340054295,0.910840175094464,calendar_era,Post-CAS,7321,308,2.06859836086852,1.72099453209033,2.48641067638402,"Loglik converged before variable  5,7,14 ; beta may be infinite. "
missing_diagnosis,-0.755251033365626,0.55097646196864,-1.37075008733969,0.17045287512436,-1.83514505515346,0.32464298842221,calendar_era,Post-CAS,7321,308,0.469892641192309,0.159590350686257,1.38353661920801,"Loglik converged before variable  5,7,14 ; beta may be infinite. "
missing_functional_dependence,0.503095003805652,0.572971076577754,0.878046073129105,0.379918716205678,-0.619907670469886,1.62609767808119,calendar_era,Post-CAS,7321,308,1.65383197405093,0.537994108044815,5.08399656705041,"Loglik converged before variable  5,7,14 ; beta may be infinite. "
missing_low_BMI,-15.5965387479954,3681.05381664699,-0.00423697656292404,0.996619391930725,-7230.3294445298,7199.13636703381,calendar_era,Post-CAS,7321,308,1.68464844316164e-07,0,Inf,"Loglik converged before variable  5,7,14 ; beta may be infinite. "
missing_pulmonary_pressure,0.332903634636176,0.457889338596635,0.727039497483119,0.467201760243686,-0.564542977918096,1.23035024719045,calendar_era,Post-CAS,7321,308,1.39501286107046,0.568619959260586,3.42242802219354,"Loglik converged before variable  5,7,14 ; beta may be infinite. "
no2_interval_10ppb,0.159238598240257,0.0259519720228142,6.13589588106335,8.46806073828556e-10,0.10837366774775,0.210103528732764,Single pollutant,All,51932,5939,1.17261769782452,1.11446410688396,1.23380578769456,OK
age,0.0232370676129475,0.00111873312940615,20.7708764513681,7.93963150550823e-96,0.0210443909709996,0.0254297442548953,Single pollutant,All,51932,5939,1.02350915165976,1.02126738568221,1.02575583849816,OK
sexM,-0.0272305682106588,0.0269851446887056,-1.0090947639816,0.312929188871186,-0.0801204799181241,0.0256593434968066,Single pollutant,All,51932,5939,0.973136841235335,0.923005136104242,1.02599137829991,OK
raceBLACK,-0.275035287675167,0.0804806105510226,-3.41741055133773,0.000632198647902552,-0.432774385808966,-0.117296189541369,Single pollutant,All,51932,5939,0.75954532016353,0.648706832763349,0.889321746350061,OK
raceMULTI,-0.529987424787213,0.247049118746334,-2.14527146454384,0.0319311486326308,-1.01419479994239,-0.0457800496320399,Single pollutant,All,51932,5939,0.588612371557637,0.362694353802697,0.955252047124998,OK
raceMissing,-1.57307343014104,0.58290324401712,-2.69868703989378,0.00696136070247325,-2.71554279488616,-0.430604065395927,Single pollutant,All,51932,5939,0.207406751611563,0.0661690270482378,0.650116263349323,OK
raceNATIVE,-0.169688840900133,0.206934370109632,-0.820012841802131,0.412208786449139,-0.575272753478494,0.235895071678227,Single pollutant,All,51932,5939,0.843927371427349,0.562551410025783,1.26604145959146,OK
racePACIFIC,0.236466634170713,0.344117171747045,0.68716894588607,0.491976271060446,-0.43799062891528,0.910923897256705,Single pollutant,All,51932,5939,1.26676528824064,0.645331830288213,2.48661885277643,OK
raceWHITE,-0.23721999396118,0.0702710202777611,-3.37578696059225,0.000736048894035999,-0.374948662862475,-0.0994913250598839,Single pollutant,All,51932,5939,0.788817733789964,0.687324563160888,0.905297803238674,OK
zcta_svi_proxy,0.33630196473335,0.0776732718888398,4.3296999927419,1.49312615915677e-05,0.184065149269836,0.488538780196863,Single pollutant,All,51932,5939,1.3997616396506,1.2020941361005,1.62993278895217,OK
lung_composite,0.735044412865598,0.0162638220562387,45.1950599510917,0,0.703167907384402,0.766920918346794,Single pollutant,All,51932,5939,2.08557461679331,2.02014220486727,2.15312638473307,OK
missing_diagnosis,-0.602081530303456,0.135540833379831,-4.44206749575031,8.90985999798225e-06,-0.867736682162469,-0.336426378444443,Single pollutant,All,51932,5939,0.547670456154959,0.419900843634333,0.714318470877337,OK
missing_functional_dependence,0.106989647353913,0.0947906416144998,1.12869419946564,0.259026857080015,-0.0787965962819506,0.292775890989776,Single pollutant,All,51932,5939,1.11292273272451,0.924227896717827,1.34014241878391,OK
missing_low_BMI,0.825299385699092,0.230474815429478,3.58086580592846,0.000342457518193997,0.373577048113798,1.27702172328439,Single pollutant,All,51932,5939,2.28256403007222,1.45292250416947,3.58594387273103,OK
missing_pulmonary_pressure,0.185009103616797,0.0588812650088331,3.14207080281041,0.00167757463619082,0.0696039448353252,0.300414262398268,Single pollutant,All,51932,5939,1.20322939381716,1.07208349295542,1.35041811916583,OK
no2_interval_10ppb,0.148924427775871,0.0232513520996858,6.40497925184677,1.50389830879112e-10,0.103352615068627,0.194496240483115,No center strata,All,51932,5939,1.16058527788412,1.10888234877185,1.21469891619537,OK
age,0.0217262294285482,0.000996996732470213,21.791675660479,2.7827968531798e-105,0.0197721517402025,0.0236803071168939,No center strata,All,51932,5939,1.02196396251066,1.01996891540657,1.02396291190323,OK
sexM,-0.0264114166112171,0.026626640825623,-0.991916959566345,0.321238035279176,-0.0785986736587221,0.0257758404362878,No center strata,All,51932,5939,0.973934314416431,0.924410840431359,1.02611091011782,OK
raceBLACK,-0.23338473778279,0.0785755102746233,-2.97019690953459,0.00297608919456036,-0.387389907987909,-0.0793795675776713,No center strata,All,51932,5939,0.791848860735827,0.678826363498011,0.923689255404803,OK
raceMULTI,-0.511663435567776,0.245291931924903,-2.08593666963503,0.0369843600917079,-0.992426787838837,-0.030900083296715,No center strata,All,51932,5939,0.599497523438717,0.370676046505672,0.96957244471867,OK
raceMissing,-1.64786963419886,0.581551576239593,-2.83357435784846,0.00460305975584951,-2.78768977878097,-0.508049489616762,No center strata,All,51932,5939,0.192459481293096,0.0615632745392367,0.601667994706812,OK
raceNATIVE,-0.193792125544826,0.204535487852003,-0.947474336018645,0.343397127703748,-0.594674315295082,0.20709006420543,No center strata,All,51932,5939,0.823829139503775,0.55174223061478,1.23009335417246,OK
racePACIFIC,0.257593023187345,0.340327922494112,0.756896528793642,0.449111855160182,-0.409437447834453,0.924623494209144,No center strata,All,51932,5939,1.29381215991355,0.664023693052411,2.52091894107766,OK
raceWHITE,-0.20394619523999,0.0692165886119814,-2.94649302038395,0.00321399672323401,-0.339608216052199,-0.0682841744277816,No center strata,All,51932,5939,0.815506248124855,0.712049237583196,0.933995018361314,OK
zcta_svi_proxy,0.348364751154379,0.0748720855201457,4.65279881993731,3.27459697095801e-06,0.20161816008749,0.495111342221267,No center strata,All,51932,5939,1.41674891630962,1.22338078330323,1.64068090594405,OK
lung_composite,0.714884656968055,0.0158797647394165,45.0185924476312,0,0.68376088999583,0.746008423940281,No center strata,All,51932,5939,2.04395091316619,1.98131524631621,2.10856669235267,OK
missing_diagnosis,-0.733525390153885,0.132192025983036,-5.54893825629102,2.87409648944012e-08,-0.992617000124019,-0.474433780183752,No center strata,All,51932,5939,0.480213064038439,0.37060554607304,0.62223727981593,OK
missing_functional_dependence,0.166170250329497,0.0876311556542681,1.89624625042136,0.0579274900070577,-0.00558365867649222,0.337924159335486,No center strata,All,51932,5939,1.18077411179337,0.994431900972223,1.40203416817012,OK
missing_low_BMI,0.861188825424147,0.2259143277626,3.81201508533412,0.000137838461929257,0.418404879417874,1.30397277143042,No center strata,All,51932,5939,2.36597174981623,1.51953577863381,3.68390293906827,OK
missing_pulmonary_pressure,0.248064461138656,0.0537813174853741,4.61246530835019,3.97920973988059e-06,0.142655015826208,0.353473906451103,No center strata,All,51932,5939,1.28154253922283,1.15333185179075,1.42400582910085,OK
no2_interval_10ppb,0.185141684443842,0.0265557487551855,6.97181187209756,3.1288478376298e-12,0.133093373301184,0.2371899955865,Exclude multi-organ,All,49197,5578,1.20338892954077,1.14235665896357,1.26768194887151,OK
age,0.02396746972585,0.00117418222914825,20.4120528576181,1.3067914621196e-92,0.0216661148454325,0.0262688246062676,Exclude multi-organ,All,49197,5578,1.02425699798773,1.02190252941962,1.02661689126326,OK
sexM,-0.0424167820728946,0.0279075713037589,-1.51990230934863,0.128535529981267,-0.0971146167242455,0.0122810525784563,Exclude multi-organ,All,49197,5578,0.958470224107471,0.907451990997831,1.01235677436827,OK
raceBLACK,-0.277411893662731,0.0830695304103787,-3.3395144078974,0.000839249973711787,-0.440225181479727,-0.114598605845734,Exclude multi-organ,All,49197,5578,0.757742323562711,0.643891412336098,0.891724004883154,OK
raceMULTI,-0.505582089932983,0.254995602543282,-1.98270905415778,0.0473999376545076,-1.00536428713391,-0.00579989273206094,Exclude multi-organ,All,49197,5578,0.603154383129752,0.36591131373817,0.994216894176022,OK
raceMissing,-1.8422514771739,0.712155432824942,-2.58686712515293,0.00968529330550471,-3.23805047690531,-0.446452477442476,Exclude multi-organ,All,49197,5578,0.15846025452993,0.0392403204892867,0.639894168870147,OK
raceNATIVE,-0.199236271956339,0.21501465226071,-0.926617185673287,0.354125328786762,-0.620657246535734,0.222184702623055,Exclude multi-organ,All,49197,5578,0.819356279549965,0.537590991639936,1.2488020135717,OK
racePACIFIC,0.146415584703591,0.364659235107953,0.401513442159901,0.688042143433648,-0.56830338273792,0.861134552145102,Exclude multi-organ,All,49197,5578,1.1576772010295,0.566485733316841,2.36584334425577,OK
raceWHITE,-0.249933359121258,0.0724581573202241,-3.44934743533007,0.000561943171454593,-0.391948737855034,-0.107917980387481,Exclude multi-organ,All,49197,5578,0.778852684769322,0.675738752890695,0.89770122251743,OK
zcta_svi_proxy,0.282925155020972,0.080420968328494,3.51805208145856,0.000434727033216727,0.125302953495287,0.440547356546656,Exclude multi-organ,All,49197,5578,1.32700583837613,1.13349179635726,1.55355733560978,OK
lung_composite,0.739284147968865,0.0167457887545749,44.1474664946371,0,0.706463005117183,0.772105290820548,Exclude multi-organ,All,49197,5578,2.09443567169599,2.02680974993992,2.16431797952555,OK
missing_diagnosis,-0.647663731010319,0.144989988532473,-4.46695483988721,7.93408701568469e-06,-0.93183888665284,-0.363488575367797,Exclude multi-organ,All,49197,5578,0.523266841933409,0.393828837503555,0.695246670108284,OK
missing_functional_dependence,0.0533615444384957,0.101162746150971,0.527482165805,0.597858797926876,-0.144913794594576,0.251636883471567,Exclude multi-organ,All,49197,5578,1.0548109372162,0.865096865922464,1.28612893780919,OK
missing_low_BMI,0.7252480641958,0.250395832383561,2.89640629115924,0.00377463355995355,0.234481250845092,1.21601487754651,Exclude multi-organ,All,49197,5578,2.06524334935908,1.26425276854256,3.37371623634166,OK
missing_pulmonary_pressure,0.181783914391842,0.0627642229309432,2.89629833530881,0.00377593244032537,0.0587682979295504,0.304799530854134,Exclude multi-organ,All,49197,5578,1.199355002522,1.06052948539271,1.35635306880873,OK
no2_interval_10ppb,0.158238525051306,0.0259511897687581,6.09754413810366,1.07710384603621e-09,0.107375127748576,0.209101922354037,Adjust multi-organ,All,51932,5939,1.17144558050328,1.11335182531683,1.23257061862736,OK
age,0.0228237638011254,0.00112709903295023,20.2500074384619,3.55186337777761e-91,0.020614690289533,0.0250328373127178,Adjust multi-organ,All,51932,5939,1.02308621883184,1.02082864066189,1.02534878967047,OK
sexM,-0.0257739194636595,0.0269938279897283,-0.954807872135324,0.339674865694908,-0.0786808501283963,0.0271330112010773,Adjust multi-organ,All,51932,5939,0.974555392710567,0.924334878733138,1.02750446327737,OK
raceBLACK,-0.275593942714179,0.080474710853252,-3.42460308079557,0.000615698223670669,-0.433321477652827,-0.117866407775531,Adjust multi-organ,All,51932,5939,0.759121114846314,0.648352027610439,0.888814783427744,OK
raceMULTI,-0.524968103759093,0.247087345116657,-2.12462561978332,0.0336178643486908,-1.00925040122336,-0.040685806294826,Adjust multi-organ,All,51932,5939,0.591574233060146,0.36449210002563,0.960130749599488,OK
raceMissing,-1.5692306590622,0.582918186268151,-2.69202556384187,0.00710195013298454,-2.71172931008119,-0.426732008043213,Adjust multi-organ,All,51932,5939,0.208205301617973,0.0664218433766746,0.652638430643952,OK
raceNATIVE,-0.170621380316249,0.206936693539687,-0.824510034434887,0.409649816584671,-0.576209846733839,0.23496708610134,Adjust multi-organ,All,51932,5939,0.843140742727295,0.562024493817035,1.26486713633901,OK
racePACIFIC,0.231816864372046,0.344127873078726,0.673635826991013,0.500542869834231,-0.442661372938627,0.906295101682719,Adjust multi-organ,All,51932,5939,1.26088879402171,0.64232467878324,2.47513540021716,OK
raceWHITE,-0.23872659607099,0.0702726610744795,-3.39714751684119,0.000680922489979254,-0.37645848087476,-0.100994711267221,Adjust multi-organ,All,51932,5939,0.787630194127488,0.686287611156531,0.903937813558767,OK
zcta_svi_proxy,0.336718315902957,0.0776824574394495,4.33454768298771,1.46060127737515e-05,0.18446349709107,0.488973134714843,Adjust multi-organ,All,51932,5939,1.40034455338643,1.20257308306794,1.63064091140002,OK
multi_organ_candidate,-0.153365920584273,0.0564671531412866,-2.71602005860886,0.00660719148352279,-0.264039507050702,-0.0426923341178432,Adjust multi-organ,All,51932,5939,0.857815771926073,0.767943199886458,0.958206152061663,OK
lung_composite,0.736976294040674,0.0162825542984717,45.2617126607616,0,0.705063074039351,0.768889514041996,Adjust multi-organ,All,51932,5939,2.08960759349628,2.02397434113365,2.15736919488397,OK
missing_diagnosis,-0.599115433589823,0.135520722713799,-4.42084001319172,9.8317948872211e-06,-0.864731169267709,-0.333499697911938,Adjust multi-organ,All,51932,5939,0.549297311207107,0.4211647594406,0.71641211505948,OK
missing_functional_dependence,0.101699549702592,0.0948481309760797,1.07223567460955,0.283614190670641,-0.0841993710114621,0.287598470416646,Adjust multi-organ,All,51932,5939,1.10705080801147,0.919247966427557,1.33322186861256,OK
missing_low_BMI,0.825569440811142,0.230548227684958,3.58089693033458,0.000342416721521786,0.373703217849085,1.2774356637732,Adjust multi-organ,All,51932,5939,2.28318053139804,1.45310583058209,3.58742854735284,OK
missing_pulmonary_pressure,0.181347794701975,0.0589357686776621,3.07704130735653,0.00209066327107375,0.0658358106925738,0.296859778711377,Adjust multi-organ,All,51932,5939,1.19883205423257,1.06805134015904,1.34562660072266,OK
no2_interval_10ppb,-0.117355406985526,0.114442260213616,-1.02545516635614,0.305148469606126,-0.341658115313575,0.106947301342522,Age subgroup,<18,1248,284,0.889269084548473,0.710591103401702,1.11287560588362,OK
sexM,0.130695738448896,0.12797421104577,1.02126621747371,0.307128327295593,-0.120129106150742,0.381520583048534,Age subgroup,<18,1248,284,1.1396209857076,0.886805937225012,1.46450980597757,OK
race_groupBlack,0.0351283866551802,0.348511389398397,0.100795519813051,0.919712783400381,-0.647941384767692,0.718198158078053,Age subgroup,<18,1248,284,1.03575267708557,0.523121575096512,2.05073477975364,OK
race_groupOther/Unknown,-0.00731602347002023,0.442104881649962,-0.016548162605028,0.98679707913556,-0.873825668893289,0.859193621953249,Age subgroup,<18,1248,284,0.992710673484831,0.417351841265496,2.36125586091234,OK
race_groupWhite,-0.474785337895237,0.302931288231026,-1.56730372972616,0.117043714008896,-1.06851975261837,0.118949076827895,Age subgroup,<18,1248,284,0.622018565949362,0.343516630852504,1.12631256141956,OK
zcta_svi_proxy,0.189270911161234,0.351519777525213,0.53843602341168,0.590276062136273,-0.499695192641716,0.878237014964184,Age subgroup,<18,1248,284,1.20836826859495,0.606715562899233,2.4066530707894,OK
lung_composite,0.511776576638474,0.0828211670694417,6.17929684822448,6.43877285793455e-10,0.349450072024793,0.674103081252154,Age subgroup,<18,1248,284,1.66825234195254,1.41828737818801,1.96227218773234,OK
missing_diagnosis,-1.28677739947752,1.04197656194554,-1.23493890983008,0.216853240941452,-3.32901393362565,0.755459134670611,Age subgroup,<18,1248,284,0.276159301760578,0.0358284168520165,2.12858860786078,OK
missing_functional_dependence,0.186189748466251,0.194486220854499,0.957341592880994,0.338394868290457,-0.19499623989787,0.567375736830371,Age subgroup,<18,1248,284,1.20465081933793,0.822837752004186,1.76363273682678,OK
missing_pulmonary_pressure,0.246381460460494,0.145345215829823,1.69514668270174,0.0900475983224271,-0.0384899278911608,0.531252848812148,Age subgroup,<18,1248,284,1.27938751622149,0.962241396491084,1.70106214784801,OK
no2_interval_10ppb,0.113642603498164,0.0687992911422608,1.65179904634741,0.098575523176493,-0.0212015293025528,0.248486736298881,Age subgroup,18-39,5715,813,1.12035164356487,0.979021643138177,1.28208381707997,OK
sexM,-0.048243462301295,0.075256570357912,-0.641053160831731,0.521488144518508,-0.195743629802807,0.0992567052002171,Age subgroup,18-39,5715,813,0.952901763177943,0.82222300113285,1.10434975550011,OK
race_groupBlack,0.203174805017304,0.24419549218274,0.832017017190725,0.405399339220934,-0.275439564847898,0.681789174882507,Age subgroup,18-39,5715,813,1.22528663577974,0.759238315390625,1.97741250591129,OK
race_groupOther/Unknown,-0.190437935866552,0.467271842176249,-0.407552774803669,0.683602041319794,-1.10627391752168,0.72539804578858,Age subgroup,18-39,5715,813,0.826597058167207,0.330789215537048,2.06555312107554,OK
race_groupWhite,-0.170280744064845,0.218534211146681,-0.779194905783206,0.435864910500408,-0.598599927302211,0.258038439172521,Age subgroup,18-39,5715,813,0.843427995950956,0.549580550424328,1.29438857289364,OK
zcta_svi_proxy,0.107856475265947,0.21412104561596,0.503717301378187,0.614460048593957,-0.311813062473393,0.527526013005287,Age subgroup,18-39,5715,813,1.11388786345387,0.7321183758353,1.69473436714959,OK
lung_composite,0.742317893426965,0.0517458172646734,14.3454666032252,1.13732761636455e-46,0.640897955237614,0.843737831616316,Age subgroup,18-39,5715,813,2.1007993043424,1.89818459906112,2.32504136810954,OK
missing_diagnosis,0.0308420221058973,0.312184229453007,0.0987942989943376,0.921301595093292,-0.581027824163385,0.64271186837518,Age subgroup,18-39,5715,813,1.03132256484954,0.559323185138527,1.90163086571213,OK
missing_functional_dependence,-0.436930594986835,0.379710254882128,-1.15069474518793,0.249857839112796,-1.18114901911633,0.307287829142659,Age subgroup,18-39,5715,813,0.646016266622202,0.306925872220368,1.35973228233052,OK
missing_low_BMI,0.783246524843027,0.610055333076066,1.28389423446834,0.19917896486826,-0.412439956562649,1.9789330062487,Age subgroup,18-39,5715,813,2.18856597812906,0.662032946231204,7.23501914503096,OK
missing_pulmonary_pressure,0.282510900022486,0.104095358417301,2.71396250820277,0.0066483689990469,0.0784877465667869,0.486534053478185,Age subgroup,18-39,5715,813,1.32645623342072,1.0816501011538,1.62666849224517,OK
no2_interval_10ppb,0.109682932572009,0.0414112843474803,2.64862426510766,0.0080820130721902,0.0285183066974005,0.190847558446618,Age subgroup,40-59,17908,2230,1.11592419114691,1.02892884695116,1.21027494182599,OK
sexM,-0.0360233843369861,0.0444973825759132,-0.809561871993924,0.418192029145532,-0.123236651592076,0.0511898829181039,Age subgroup,40-59,17908,2230,0.964617736273174,0.884054424916448,1.05252273039719,OK
race_groupBlack,-0.149989575399288,0.132268816573527,-1.13397533360337,0.256804894902782,-0.409231692161135,0.109252541362559,Age subgroup,40-59,17908,2230,0.86071694900881,0.664160333751292,1.1154440105248,OK
race_groupOther/Unknown,-0.0759038789721918,0.224972854349528,-0.337391278568498,0.735821958332255,-0.516842570996442,0.365034813052059,Age subgroup,40-59,17908,2230,0.926905297367427,0.596400671007102,1.4405641577113,OK
race_groupWhite,-0.0446494952710651,0.121444681342875,-0.36765294928813,0.71313202793617,-0.282676696817044,0.193377706274914,Age subgroup,40-59,17908,2230,0.956332622202043,0.753763442590605,1.21334099348802,OK
zcta_svi_proxy,0.397916505437779,0.126915179251715,3.13529483064101,0.00171681472106326,0.149167325012973,0.646665685862585,Age subgroup,40-59,17908,2230,1.48871972471626,1.16086721508103,1.909164450479,OK
lung_composite,0.728600699737328,0.0253755783351036,28.7126736626692,2.65049949916585e-181,0.67886548011365,0.778335919361006,Age subgroup,40-59,17908,2230,2.07217897743418,1.97163959853367,2.17784513848961,OK
missing_diagnosis,-0.694202229969224,0.202685158346489,-3.42502744469573,0.000614737318662604,-1.09145784052914,-0.296946619409308,Age subgroup,40-59,17908,2230,0.499472753479833,0.335726700782377,0.743083677548896,OK
missing_functional_dependence,0.135689799012633,0.165368588676915,0.820529461479129,0.411914341153652,-0.188426678968339,0.459806276993604,Age subgroup,40-59,17908,2230,1.14532655705598,0.828261230180223,1.58376714314188,OK
missing_low_BMI,0.22324956713235,0.397590864717558,0.561505776273161,0.574452793684704,-0.556014208296201,1.0025133425609,Age subgroup,40-59,17908,2230,1.25013252679752,0.573490327497387,2.72512239461314,OK
missing_pulmonary_pressure,0.424569736025594,0.112375410216142,3.77813736304926,0.000158005723890737,0.204317979254041,0.644821492797148,Age subgroup,40-59,17908,2230,1.52893243357421,1.22668815283085,1.90564682722382,OK
no2_interval_10ppb,0.236443943524729,0.0422506188930808,5.59622438012263,2.1907014424476e-08,0.153634252169763,0.319253634879695,Age subgroup,60+,27061,2612,1.26673654484404,1.1660643232797,1.37610030768305,OK
sexM,0.0271798785736334,0.0411783950353906,0.660051916794567,0.509220513473107,-0.053528292636895,0.107888049784162,Age subgroup,60+,27061,2612,1.02755262084036,0.947879122624587,1.11392303448175,OK
race_groupBlack,-0.667867302045159,0.128741210107014,-5.18767301853079,2.12938059172856e-07,-0.92019543718101,-0.415539166909308,Age subgroup,60+,27061,2612,0.51280106217939,0.398441163256905,0.659984343040272,OK
race_groupOther/Unknown,-1.122139220387,0.308116352511414,-3.6419333516076,0.000270598138929068,-1.72603617435722,-0.518242266416785,Age subgroup,60+,27061,2612,0.325582556273656,0.177988529040874,0.595566475665097,OK
race_groupWhite,-0.321482087991165,0.101305622378666,-3.17338841066009,0.00150670808338369,-0.520037459284765,-0.122926716697566,Age subgroup,60+,27061,2612,0.725073617436167,0.594498278072799,0.884328466696738,OK
zcta_svi_proxy,0.449918988474748,0.12057666536216,3.73139352563273,0.00019042349110384,0.213593066988976,0.68624490996052,Age subgroup,60+,27061,2612,1.56818513927412,1.23811872088764,1.98624299071832,OK
lung_composite,0.833492367406543,0.0262283320369157,31.7783214820304,1.29031187590842e-221,0.78208578123963,0.884898953573456,Age subgroup,60+,27061,2612,2.30134185356061,2.18602708795466,2.4227395699406,OK
missing_diagnosis,-0.681636924661631,0.303254310080726,-2.24774026947937,0.0245927565945734,-1.2760044505764,-0.0872693987468665,Age subgroup,60+,27061,2612,0.505788376892361,0.27915043453901,0.916430177233554,OK
missing_functional_dependence,0.153509635709954,0.178821680671355,0.858450916765959,0.390643522420954,-0.196974418060824,0.503993689480732,Age subgroup,60+,27061,2612,1.16591902152551,0.821211641230202,1.65531891720217,OK
missing_low_BMI,1.51188545956944,0.331058768071318,4.56681896201506,4.95181321111368e-06,0.86302219738346,2.16074872175542,Age subgroup,60+,27061,2612,4.53527381343642,2.37031343482452,8.67763235893099,OK
missing_pulmonary_pressure,-0.225178378788899,0.170369424039982,-1.32170652133011,0.186265896263072,-0.559096313974097,0.108739556396298,Age subgroup,60+,27061,2612,0.798373793106594,0.571725490806452,1.11487195125815,OK
no2_interval_10ppb,0.140789735746189,0.0357698158996982,3.9359927415052,8.28534770497525e-05,0.0706821848491528,0.210897286643226,Sex subgroup,Female,22171,3119,1.15118256999138,1.07324007970269,1.23478551958204,OK
age_interval,0.0230534536836645,0.00152559699022568,15.1111032804635,1.36829444731538e-51,0.0200633385278995,0.0260435688394295,Sex subgroup,Female,22171,3119,1.02332123837504,1.02026596012424,1.02638566593156,OK
race_groupBlack,-0.259454832215196,0.110542976811651,-2.34709467483646,0.0189204464930219,-0.476115085509877,-0.0427945789205144,Sex subgroup,Female,22171,3119,0.77147205289071,0.621191987936898,0.9581081854711,OK
race_groupOther/Unknown,-0.607047022130882,0.22619197300929,-2.68376907480244,0.00727973692752828,-1.05037514282115,-0.163718901440617,Sex subgroup,Female,22171,3119,0.544957743530725,0.349806497097393,0.848980635575257,OK
race_groupWhite,-0.178261920605787,0.0991835038092674,-1.79729404345897,0.0722889513485828,-0.372658015932442,0.0161341747208687,Sex subgroup,Female,22171,3119,0.836723239727824,0.688900785656829,1.01626503333584,OK
zcta_svi_proxy,0.242479129597753,0.107089535079218,2.26426540575026,0.0235577959422985,0.0325874977213466,0.45237076147416,Sex subgroup,Female,22171,3119,1.27440465154816,1.03312428521019,1.57203469044112,OK
lung_composite,0.66664065332487,0.021762792509953,30.632128345661,4.57214292282208e-206,0.623986363802344,0.709294942847396,Sex subgroup,Female,22171,3119,1.94768337464234,1.86635319515189,2.03255768399692,OK
missing_diagnosis,-0.285775604198768,0.196965460081195,-1.4508919689826,0.146809944553574,-0.671820812156271,0.100269603758735,Sex subgroup,Female,22171,3119,0.751431215039284,0.510777700321326,1.10546891647815,OK
missing_functional_dependence,0.07283126434642,0.13439090180301,0.54193597460322,0.587862613118189,-0.190570063037339,0.336232591730179,Sex subgroup,Female,22171,3119,1.07554903813257,0.826487849451409,1.39966453735011,OK
missing_low_BMI,-0.0275239570666241,0.418014359578067,-0.0658445252799594,0.947501607080654,-0.846817046860211,0.791769132726962,Sex subgroup,Female,22171,3119,0.972851375609051,0.428777541058434,2.20729797714718,OK
missing_pulmonary_pressure,0.197557453181404,0.0796675590135365,2.47977289159615,0.0131466088054129,0.0414119067786532,0.353702999584155,Sex subgroup,Female,22171,3119,1.21842306524015,1.04228133988631,1.4243320964291,OK
no2_interval_10ppb,0.192418061815903,0.0382395577470804,5.0319112759769,4.85614009283144e-07,0.117469905846886,0.267366217784921,Sex subgroup,Male,29761,2820,1.21217717604153,1.12464778411184,1.30651882916073,OK
age_interval,0.0226575990226274,0.00167318703940772,13.5415817173959,8.88548341406767e-42,0.0193782126859891,0.0259369853592658,Sex subgroup,Male,29761,2820,1.0229162320602,1.01956718894977,1.02627627600498,OK
race_groupBlack,-0.297772625176712,0.121195601026688,-2.45695902041147,0.0140118669155093,-0.535311638273707,-0.0602336120797169,Sex subgroup,Male,29761,2820,0.742470139573414,0.585486801614932,0.941544551709167,OK
race_groupOther/Unknown,-0.245667138953467,0.204224144440107,-1.20292896624431,0.229003809995303,-0.645939106829583,0.154604828922648,Sex subgroup,Male,29761,2820,0.782182539697493,0.524170059213293,1.16719662760949,OK
race_groupWhite,-0.325871258594435,0.100596454155128,-3.23939110310901,0.00119785197512656,-0.52303668571092,-0.12870583147795,Sex subgroup,Male,29761,2820,0.721898119628072,0.592717914318494,0.879232570052736,OK
zcta_svi_proxy,0.450327674321269,0.11392671848074,3.95278368697506,7.72472636037283e-05,0.227035409222185,0.673619939420353,Sex subgroup,Male,29761,2820,1.56882616532548,1.25487430127655,1.96132436093889,OK
lung_composite,0.849825868310126,0.0251583961412654,33.7790161001647,4.01004822986002e-250,0.800516317964454,0.899135418655798,Sex subgroup,Male,29761,2820,2.3392394807351,2.22669031195261,2.4574775032058,OK
missing_diagnosis,-0.898598393911045,0.190198932584619,-4.72451859587203,2.30661109152817e-06,-1.27138145167486,-0.52581533614723,Sex subgroup,Male,29761,2820,0.407139909790893,0.280443934311526,0.591073244466759,OK
missing_functional_dependence,0.167864680759322,0.136767547650349,1.22737216279167,0.219682744168266,-0.100194786889229,0.435924148407872,Sex subgroup,Male,29761,2820,1.18277654739395,0.904661184734568,1.54639149404383,OK
missing_low_BMI,1.68812329484947,0.276586590366,6.10341699001249,1.03824501609607e-09,1.14602353912537,2.23022305057356,Sex subgroup,Male,29761,2820,5.40931947557693,3.14565941514043,9.30194065130525,OK
missing_pulmonary_pressure,0.209610918849439,0.0892727291409904,2.34798376689477,0.0188753439161384,0.0346395849314987,0.38458225276738,Sex subgroup,Male,29761,2820,1.23319815244529,1.03524652310625,1.46900052234071,OK
no2_interval_10ppb,0.152763498652325,0.0288908272989557,5.28761246853762,1.23923168408134e-07,0.0961385176628055,0.209388479641845,Race subgroup,White,44636,4965,1.16504941060217,1.10091154912753,1.23292387133202,OK
age_interval,0.0243357736274839,0.00121814417401273,19.9777449555241,8.602270664446e-89,0.0219482549184416,0.0267232923365261,Race subgroup,White,44636,4965,1.02463430531398,1.02219088975097,1.02708356154693,OK
sexM,-0.0594405438012391,0.0293330460862228,-2.02640201861467,0.0427236042693867,-0.116932257687089,-0.00194882991538884,Race subgroup,White,44636,4965,0.942291556999848,0.889645457763136,0.998053067820642,OK
zcta_svi_proxy,0.335549283820175,0.0858492210419247,3.90858856664883,9.28369133890215e-05,0.167287902477184,0.503810665163165,Race subgroup,White,44636,4965,1.39870846218445,1.18209454426999,1.65501598131016,OK
lung_composite,0.737165821135193,0.0173823169465832,42.408950624968,0,0.703097105952029,0.771234536318356,Race subgroup,White,44636,4965,2.09000366828443,2.01999918096878,2.16243421017005,OK
missing_diagnosis,-0.548471136084833,0.154189147649262,-3.55713190225589,0.000374925925945192,-0.850676312284316,-0.246265959885351,Race subgroup,White,44636,4965,0.577832562758621,0.42712596370715,0.781714292632232,OK
missing_functional_dependence,0.0388266695443862,0.107767177584398,0.360282884034695,0.718635597656919,-0.172393117236567,0.250046456325339,Race subgroup,White,44636,4965,1.03959027537674,0.841648241694392,1.28408506917585,OK
missing_low_BMI,0.886411236188296,0.244564988005861,3.62444045411378,0.000289587727819625,0.407072667817338,1.36574980455925,Race subgroup,White,44636,4965,2.42640620867071,1.50241327878892,3.91866017998826,OK
missing_pulmonary_pressure,0.110922758381072,0.0653215883517646,1.69810259027596,0.089488400796232,-0.017105202201338,0.238950718963481,Race subgroup,White,44636,4965,1.11730860079612,0.983040261195337,1.26991595226732,OK
no2_interval_10ppb,0.217016902625098,0.0740979562307162,2.9287839188085,0.00340290894145043,0.0717875770848688,0.362246228165327,Race subgroup,Black,5210,697,1.24236510119183,1.07442708688725,1.43655261813161,Loglik converged before variable  8 ; beta may be infinite. 
age_interval,0.0115511700613959,0.00364523254226705,3.1688431197347,0.00153046980283379,0.00440664556327916,0.0186956945595127,Race subgroup,Black,5210,697,1.01161814244768,1.00441636910332,1.01887155328113,Loglik converged before variable  8 ; beta may be infinite. 
sexM,0.118096586914474,0.0872692326824166,1.35324424524554,0.175977614550753,-0.0529479661015084,0.289141139930456,Race subgroup,Black,5210,697,1.12535280047298,0.948429361675504,1.33528017658069,Loglik converged before variable  8 ; beta may be infinite. 
zcta_svi_proxy,0.382367043970933,0.228174536621279,1.67576562062041,0.0937841106541649,-0.0648468299958895,0.829580917937755,Race subgroup,Black,5210,697,1.46574998110464,0.937211004997475,2.29235785287652,Loglik converged before variable  8 ; beta may be infinite. 
lung_composite,0.682139405727587,0.0561101866606657,12.1571401972501,5.25668698125216e-34,0.572165460706863,0.792113350748312,Race subgroup,Black,5210,697,1.97810517805481,1.77210031314374,2.20805789967141,Loglik converged before variable  8 ; beta may be infinite. 
missing_diagnosis,-1.10235520636286,0.374207655881612,-2.94583819715225,0.00322080833120489,-1.83578873462998,-0.368921678095742,Race subgroup,Black,5210,697,0.332088026096832,0.159487658706776,0.691479566325875,Loglik converged before variable  8 ; beta may be infinite. 
missing_functional_dependence,0.129213762147841,0.288507540706171,0.447869618352327,0.654247296014484,-0.436250626904477,0.694678151200159,Race subgroup,Black,5210,697,1.13793334524505,0.646455686442985,2.00306428634812,Loglik converged before variable  8 ; beta may be infinite. 
missing_low_BMI,-14.6083428451879,1306.14859435273,-0.0111842886087759,0.991076414835249,-2574.61254623416,2545.39586054378,Race subgroup,Black,5210,697,4.52561195087477e-07,0,Inf,Loglik converged before variable  8 ; beta may be infinite. 
missing_pulmonary_pressure,0.966804099310569,0.178320839420462,5.42171123943033,5.90311849982844e-08,0.617301676353514,1.31630652226762,Race subgroup,Black,5210,697,2.62952730819167,1.85391881365268,3.72962063581554,Loglik converged before variable  8 ; beta may be infinite. 
no2_interval_10ppb,0.109380471391752,0.0267616083543857,4.08721590807626,4.36580785098734e-05,0.0569286828487895,0.161832259934714,listing_era,Pre-CAS,42254,5557,1.11558671843775,1.05858031277116,1.17566301898886,OK
age,0.0252373376283377,0.00116293705554247,21.7013788562832,1.991022196684e-104,0.0229580228831874,0.027516652373488,listing_era,Pre-CAS,42254,5557,1.02555849526328,1.02322358666968,1.02789873191833,OK
sexM,-0.0212720724581004,0.0279179213181411,-0.761950440926192,0.446089583344912,-0.07599019276488,0.0334460478486792,listing_era,Pre-CAS,42254,5557,0.978952582298034,0.926825296108405,1.03401165506805,OK
raceBLACK,-0.251256244850267,0.0850146095928914,-2.95544784659313,0.00312215478292618,-0.417881817812067,-0.0846306718884662,listing_era,Pre-CAS,42254,5557,0.7778230328737,0.658440039711298,0.918851579460621,OK
raceMULTI,-0.446480919694345,0.248566764140421,-1.79622131397309,0.0724593262441317,-0.933662825163231,0.0407009857745412,listing_era,Pre-CAS,42254,5557,0.639875969097849,0.393111172607608,1.0415406235162,OK
raceNATIVE,-0.109175971200708,0.212251402816483,-0.514371023003811,0.606992614513195,-0.525181076389119,0.306829133987702,listing_era,Pre-CAS,42254,5557,0.896572632653158,0.59144825735504,1.35910872274339,OK
racePACIFIC,0.0874526470593239,0.390072484984832,0.224195887753335,0.822604883136151,-0.677075374870988,0.851980668989635,listing_era,Pre-CAS,42254,5557,1.0913905826658,0.508100825923046,2.34428551019912,OK
raceWHITE,-0.22718152092795,0.07460138802661,-3.04527203765853,0.00232469934698766,-0.373397554656803,-0.0809654871990964,listing_era,Pre-CAS,42254,5557,0.796776137618651,0.688391505188118,0.92222551948111,OK
zcta_svi_proxy,0.383348926391492,0.0801504877538721,4.78286454810716,1.72814583587081e-06,0.226256857050584,0.5404409957324,listing_era,Pre-CAS,42254,5557,1.46718988203505,1.25389769638246,1.71676378077452,OK
lung_composite,0.72829736831678,0.0165518507817476,44.0009626669606,0,0.695856336907074,0.760738399726487,listing_era,Pre-CAS,42254,5557,2.07155051576223,2.00542565885484,2.13985570614731,OK
missing_diagnosis,-0.476717329632723,0.152954514583694,-3.11672611253244,0.00182871381877586,-0.77650266948957,-0.176931989775876,listing_era,Pre-CAS,42254,5557,0.620817991342933,0.460012015361256,0.837836764051479,OK
missing_functional_dependence,0.123424788129623,0.0986617209643093,1.25098961302602,0.21093826706537,-0.0699486316131638,0.316798207872409,listing_era,Pre-CAS,42254,5557,1.13136490927113,0.932441716702553,1.37272553876778,OK
missing_low_BMI,0.829530139427524,0.23148417257908,3.58352854186668,0.000338983703700407,0.375829498181473,1.28323078067357,listing_era,Pre-CAS,42254,5557,2.29224145331516,1.45619882805508,3.60827847067713,OK
missing_pulmonary_pressure,0.22948391937639,0.0606987932247083,3.78069986542954,0.000156388114615248,0.110516470750918,0.348451368001862,listing_era,Pre-CAS,42254,5557,1.25795063842991,1.11685474433693,1.41687163594914,OK
no2_interval_10ppb,-0.184598543399906,0.250736377688592,-0.736225613138483,0.461593407254415,-0.676032813283579,0.306835726483767,listing_era,Post-CAS,9678,382,0.831438003134667,0.508630828558872,1.35911768269184,"Loglik converged before variable  5,7,14 ; beta may be infinite. "
age,0.00818347562326112,0.00484357767994432,1.68955184865646,0.0911137245595958,-0.00130976218575182,0.0176767134322741,listing_era,Post-CAS,9678,382,1.00821705178731,0.998691095178385,1.01783387117628,"Loglik converged before variable  5,7,14 ; beta may be infinite. "
sexM,-0.056830933882801,0.109803962144176,-0.517567242320276,0.604760242038791,-0.272042745045185,0.158380877279583,listing_era,Post-CAS,9678,382,0.944753781718754,0.76182169629102,1.17161235026171,"Loglik converged before variable  5,7,14 ; beta may be infinite. "
raceBLACK,-0.607059453812522,0.266588364303431,-2.27714159767891,0.0227777713405795,-1.12956304654469,-0.0845558610803546,listing_era,Post-CAS,9678,382,0.54495096883166,0.323174437762417,0.918920322061128,"Loglik converged before variable  5,7,14 ; beta may be infinite. "
raceMULTI,-16.5575566001134,2604.97086834291,-0.00635613887330959,0.994928569074749,-5122.20663932824,5089.09152612801,listing_era,Post-CAS,9678,382,6.44383683047613e-08,0,Inf,"Loglik converged before variable  5,7,14 ; beta may be infinite. "
raceMissing,-1.58190216013469,0.626547740940023,-2.52479110013441,0.0115767082159613,-2.80991316697207,-0.353891153297313,listing_era,Post-CAS,9678,382,0.205583672979091,0.0602102204011384,0.701951368289209,"Loglik converged before variable  5,7,14 ; beta may be infinite. "
raceNATIVE,-16.7476149264664,2700.13059508499,-0.00620252033622073,0.995051136517185,-5308.90633484775,5275.41110499482,listing_era,Post-CAS,9678,382,5.32847892479617e-08,0,Inf,"Loglik converged before variable  5,7,14 ; beta may be infinite. "
racePACIFIC,0.758815267624159,0.793702242287639,0.956045261302366,0.339049368022928,-0.796812541708296,2.31444307695661,listing_era,Post-CAS,9678,382,2.13574443546988,0.450763466443235,10.1192856857555,"Loglik converged before variable  5,7,14 ; beta may be infinite. "
raceWHITE,-0.559194449335076,0.224522434206211,-2.49059498803353,0.0127529401465297,-0.999250334100512,-0.119138564569639,listing_era,Post-CAS,9678,382,0.571669387071956,0.36815533124338,0.887684790578739,"Loglik converged before variable  5,7,14 ; beta may be infinite. "
zcta_svi_proxy,0.373185155870428,0.333351856833024,1.1194932568123,0.262929766044476,-0.280172477701851,1.02654278944271,listing_era,Post-CAS,9678,382,1.45235322666487,0.755653396853995,2.79139868064594,"Loglik converged before variable  5,7,14 ; beta may be infinite. "
lung_composite,1.00562204478004,0.0862251870761579,11.6627412346676,1.97577219578545e-31,0.836623783550538,1.17462030600953,listing_era,Post-CAS,9678,382,2.73360717013584,2.30855960759148,3.23691367380991,"Loglik converged before variable  5,7,14 ; beta may be infinite. "
missing_diagnosis,-0.811044300182192,0.402884145747163,-2.01309559768871,0.0441045732828076,-1.60068271578882,-0.0214058845755669,listing_era,Post-CAS,9678,382,0.444393743351762,0.201758727095476,0.978821595344113,"Loglik converged before variable  5,7,14 ; beta may be infinite. "
missing_functional_dependence,0.622543102795931,0.425834221727261,1.46193770024115,0.1437582827268,-0.212076635174145,1.45716284076601,listing_era,Post-CAS,9678,382,1.86366150323535,0.808902704791469,4.29376014948157,"Loglik converged before variable  5,7,14 ; beta may be infinite. "
missing_low_BMI,-16.6429291340817,6567.32433502449,-0.00253420240649949,0.997978001190179,-12888.3621005755,12855.0762423074,listing_era,Post-CAS,9678,382,5.91653876520162e-08,0,Inf,"Loglik converged before variable  5,7,14 ; beta may be infinite. "
missing_pulmonary_pressure,0.51281077361156,0.321167135694395,1.59670998871915,0.110330368049445,-0.116665245367342,1.14228679259046,listing_era,Post-CAS,9678,382,1.66997853593337,0.889883035777283,3.13392681774434,"Loglik converged before variable  5,7,14 ; beta may be infinite. "
no2_interval_10ppb,0.0977436944979017,0.0269910141303113,3.62134205206222,0.000293078715754385,0.04484227889628,0.150645110099523,calendar_era,Pre-CAS,42254,5468,1.10268012590318,1.04586289224991,1.16258399554279,OK
age,0.0255426118146819,0.0011724369506755,21.7859150549337,3.15578230112872e-105,0.0232446776172139,0.0278405460121498,calendar_era,Pre-CAS,42254,5468,1.02587161959043,1.02351694059841,1.02823171570154,OK
sexM,-0.0187679801745847,0.0281330435291577,-0.667115172062105,0.504698569630591,-0.0739077322672313,0.0363717719180619,calendar_era,Pre-CAS,42254,5468,0.981407041719189,0.928757384226132,1.03704131767258,OK
raceBLACK,-0.238313434689369,0.0856874351366424,-2.78119463267094,0.00541592561168221,-0.4062577214848,-0.0703691478939383,calendar_era,Pre-CAS,42254,5468,0.787955679741113,0.666138467105581,0.932049692211923,OK
raceMULTI,-0.419980147969026,0.248901835920204,-1.68733246348439,0.0915394420920593,-0.907818782058524,0.0678584861204725,calendar_era,Pre-CAS,42254,5468,0.657059863658348,0.40340317533667,1.07021384764862,OK
raceNATIVE,-0.107834357758806,0.212492391484554,-0.507473971211078,0.611822295067025,-0.524311792057317,0.308643076539706,calendar_era,Pre-CAS,42254,5468,0.897776293792208,0.591962617588486,1.36157630523821,OK
racePACIFIC,0.0849380249018616,0.390248459717713,0.217651147075127,0.827700930062398,-0.679934901167085,0.849810950970808,calendar_era,Pre-CAS,42254,5468,1.08864959544214,0.506649973614036,2.33920458576629,OK
raceWHITE,-0.231068846232122,0.0752069497829908,-3.07244007234531,0.00212316459995668,-0.378471759193897,-0.0836659332703481,calendar_era,Pre-CAS,42254,5468,0.793684821944761,0.684907313116586,0.919738458798232,OK
zcta_svi_proxy,0.373360048562131,0.0808120549622279,4.62010338354398,3.83548878196098e-06,0.214971331319493,0.531748765804769,calendar_era,Pre-CAS,42254,5468,1.45260725484317,1.23982635227098,1.70190594268144,OK
lung_composite,0.740917473454749,0.0167173411815162,44.3202938439731,0,0.708152086821709,0.773682860087789,calendar_era,Pre-CAS,42254,5468,2.09785936209638,2.0302360900767,2.16773503566729,OK
missing_diagnosis,-0.436893666478932,0.156030595994667,-2.80005125721538,0.00510944927106982,-0.742708015114799,-0.131079317843065,calendar_era,Pre-CAS,42254,5468,0.646040123479506,0.475823631668917,0.877148198128636,OK
missing_functional_dependence,0.142111033887931,0.0992946611082274,1.43120518567494,0.152371417792824,-0.0525029257413049,0.336724993517166,calendar_era,Pre-CAS,42254,5468,1.15270463070848,0.948851544957583,1.40035390437834,OK
missing_low_BMI,0.835951407317458,0.231982765744202,3.60350651323481,0.00031395287638409,0.381273541424829,1.29062927321009,calendar_era,Pre-CAS,42254,5468,2.30700790869987,1.46414805578269,3.63507329042528,OK
missing_pulmonary_pressure,0.224203491606884,0.0611611812404177,3.66578092606755,0.000246584953307694,0.104329779123738,0.344077204090029,calendar_era,Pre-CAS,42254,5468,1.25132562778488,1.10996643832483,1.41068754215161,OK
no2_interval_10ppb,-0.177774574230949,0.231517800473685,-0.767865684052036,0.442566986455542,-0.631541124939301,0.275991976477404,calendar_era,Post-CAS,10942,471,0.837131113145191,0.531771642645478,1.31783729028761,"Loglik converged before variable  5,7,14 ; beta may be infinite. "
age,0.00828232088086407,0.00447448239692558,1.85101206042399,0.0641678180715599,-0.00048750346656852,0.0170521452282967,calendar_era,Post-CAS,10942,471,1.00831671418701,0.999512615343939,1.01719836298318,"Loglik converged before variable  5,7,14 ; beta may be infinite. "
sexM,-0.0531555269749235,0.101426677621645,-0.524078361052217,0.60022403842249,-0.251948162184903,0.145637108235056,calendar_era,Post-CAS,10942,471,0.948232525277296,0.777285029782271,1.15677632727035,"Loglik converged before variable  5,7,14 ; beta may be infinite. "
raceBLACK,-0.691955807795693,0.255794002416967,-2.70512913226067,0.00682778417448608,-1.1933028399943,-0.190608775597086,calendar_era,Post-CAS,10942,471,0.500596041365351,0.30321812742046,0.826455854610462,"Loglik converged before variable  5,7,14 ; beta may be infinite. "
raceMULTI,-16.6135317336947,2008.95616484447,-0.00826973331943301,0.993401782669572,-3954.09526134856,3920.86819788117,calendar_era,Post-CAS,10942,471,6.09305141899129e-08,0,Inf,"Loglik converged before variable  5,7,14 ; beta may be infinite. "
raceMissing,-1.49712825572935,0.622505717833557,-2.40500321979315,0.0161723232952225,-2.71721704285337,-0.277039468605326,calendar_era,Post-CAS,10942,471,0.223771853856561,0.0660583363768822,0.758024578347176,"Loglik converged before variable  5,7,14 ; beta may be infinite. "
raceNATIVE,-16.7026656572041,2681.82664925161,-0.0062280929536833,0.995030732914633,-5272.9863109701,5239.58097965569,calendar_era,Post-CAS,10942,471,5.57345465363527e-08,0,Inf,"Loglik converged before variable  5,7,14 ; beta may be infinite. "
racePACIFIC,0.798875440012602,0.786973819276055,1.01512327404677,0.310047068554805,-0.743564902544398,2.3413157825696,calendar_era,Post-CAS,10942,471,2.22303958093526,0.475416079018543,10.3949050032279,"Loglik converged before variable  5,7,14 ; beta may be infinite. "
raceWHITE,-0.497748154368651,0.215487900898427,-2.30986590102462,0.0208955794134644,-0.920096679233705,-0.0753996295035965,calendar_era,Post-CAS,10942,471,0.607898012084421,0.398480514431399,0.927372806731831,"Loglik converged before variable  5,7,14 ; beta may be infinite. "
zcta_svi_proxy,0.59944358612495,0.308751140863382,1.94151051377069,0.0521963854102769,-0.00569753015293117,1.20458470240283,calendar_era,Post-CAS,10942,471,1.82110523021639,0.994318669990453,3.33537361774905,"Loglik converged before variable  5,7,14 ; beta may be infinite. "
lung_composite,0.826765874063249,0.0765359509029226,10.8023205344624,3.35612586410852e-27,0.676758166770995,0.976773581355503,calendar_era,Post-CAS,10942,471,2.28591383929055,1.96748911082578,2.65587344392817,"Loglik converged before variable  5,7,14 ; beta may be infinite. "
missing_diagnosis,-0.837026820421961,0.369853605507925,-2.26313008162368,0.0236276716873957,-1.56192656676978,-0.112127074074143,calendar_era,Post-CAS,10942,471,0.432995986350081,0.209731619755314,0.89393065487222,"Loglik converged before variable  5,7,14 ; beta may be infinite. "
missing_functional_dependence,0.69444844411891,0.410579255837695,1.69138706898877,0.0907629003615127,-0.110272110122227,1.49916899836005,calendar_era,Post-CAS,10942,471,2.00260422113949,0.895590402923004,4.47796632638826,"Loglik converged before variable  5,7,14 ; beta may be infinite. "
missing_low_BMI,-16.1799056624504,4522.50451013421,-0.00357764279199586,0.997145460141661,-8880.12586544547,8847.76605412057,calendar_era,Post-CAS,10942,471,9.40061470702249e-08,0,Inf,"Loglik converged before variable  5,7,14 ; beta may be infinite. "
missing_pulmonary_pressure,0.471671701428722,0.290551940204819,1.6233644872453,0.104511511569639,-0.097799637010959,1.0411430398684,calendar_era,Post-CAS,10942,471,1.60267114270284,0.906830580838362,2.83245277114253,"Loglik converged before variable  5,7,14 ; beta may be infinite. "
o3_interval_10ppb,-0.0302277272487926,0.0141747492524741,-2.13250525355972,0.0329653330671194,-0.0580097252735278,-0.00244572922405737,Single pollutant,All,48311,5776,0.970224561818647,0.943640770227571,0.997557259134926,OK
age,0.0230157339495443,0.00112904436239401,20.3851458066201,2.26540560607167e-92,0.020802847662304,0.0252286202367845,Single pollutant,All,48311,5776,1.02328263969798,1.0210207351684,1.02554955510729,OK
sexM,-0.023944312326737,0.0273614608292377,-0.875110889589301,0.381513572498134,-0.0775717901164463,0.0296831654629723,Single pollutant,All,48311,5776,0.976340078351342,0.925360590267478,1.0301281020835,OK
raceBLACK,-0.26019855163927,0.0821590980692407,-3.16700837465357,0.00154015882951662,-0.421227424857276,-0.0991696784212635,Single pollutant,All,48311,5776,0.770898507444726,0.65624083895768,0.905589036068556,OK
raceMULTI,-0.519392791752063,0.247698217633328,-2.09687738860088,0.0360044306342147,-1.00487237734815,-0.0339132061559773,Single pollutant,All,48311,5776,0.594881655373091,0.366091353372115,0.966655400734697,OK
raceMissing,-2.06242219024367,1.00377471334166,-2.05466641351989,0.0399112361095254,-4.02978447698535,-0.0950599035019899,Single pollutant,All,48311,5776,0.127145625717309,0.0177781611436745,0.90931846147642,OK
raceNATIVE,-0.195057056399223,0.210828565882897,-0.925192729848408,0.354865664524075,-0.608273452441931,0.218159339643486,Single pollutant,All,48311,5776,0.82278771141259,0.544289800512322,1.24378523612669,OK
racePACIFIC,0.17990188568732,0.365206457412207,0.492603244099447,0.622292955376927,-0.535889617762067,0.895693389136707,Single pollutant,All,48311,5776,1.19709990472537,0.585148500028,2.44903333397405,OK
raceWHITE,-0.24811870758278,0.0718443005558867,-3.45356146086733,0.000553236222193117,-0.388930949166789,-0.107306465998771,Single pollutant,All,48311,5776,0.780267314133469,0.677781069745773,0.898250347613599,OK
zcta_svi_proxy,0.399741748384012,0.0780069839444826,5.12443537963867,2.98430675686925e-07,0.246850869310232,0.552632627457793,Single pollutant,All,48311,5776,1.49143948124585,1.27998821301902,1.73782203897987,OK
lung_composite,0.728687277269473,0.0164225471867831,44.3711483353765,0,0.696499676248968,0.760874878289977,Single pollutant,All,48311,5776,2.07235838934261,2.00671624317574,2.14014777050997,OK
missing_diagnosis,-0.60955863918566,0.143164700809819,-4.25774395320675,2.06500265737814e-05,-0.890156296630358,-0.328960981740962,Single pollutant,All,48311,5776,0.543590735786537,0.410591573657572,0.719671096512526,OK
missing_functional_dependence,0.123342251236894,0.0968517350897659,1.27351617524018,0.202834936466197,-0.0664836613792614,0.313168163853049,Single pollutant,All,48311,5776,1.13127153378049,0.935678203422741,1.3677515180546,OK
missing_low_BMI,0.838362258632393,0.230764580370052,3.63297633149768,0.000280170726427002,0.386071992199592,1.29065252506519,Single pollutant,All,48311,5776,2.31257647154152,1.4711905812483,3.63515781360539,OK
missing_pulmonary_pressure,0.217089182170961,0.0601160817301439,3.6111665285415,0.000304822847209925,0.0992638270882123,0.334914537253709,Single pollutant,All,48311,5776,1.24245490202249,1.10435762058339,1.39782091850304,OK
o3_interval_10ppb,-0.0319220818381451,0.0134680492016362,-2.37020828779472,0.017778066768716,-0.0583189732153654,-0.00552519046092484,No center strata,All,48311,5776,0.968582049271912,0.9433489963791,0.994490045330758,OK
age,0.021660728675469,0.00101022629976434,21.4414618591121,5.48630414140982e-102,0.0196807215116958,0.0236407358392423,No center strata,All,48311,5776,1.02189702529374,1.01987566367864,1.02392239318423,OK
sexM,-0.0273823320637677,0.0269766341020167,-1.01503886512367,0.31008730153163,-0.0802555633278354,0.0254908992003001,No center strata,All,48311,5776,0.972989165444913,0.922880461844177,1.02581857045862,OK
raceBLACK,-0.237317480006551,0.0802547245227834,-2.9570530759118,0.00310594649054751,-0.39461384966039,-0.0800211103527117,No center strata,All,48311,5776,0.788740838816732,0.673940231258196,0.92309685928066,OK
raceMULTI,-0.509867024732036,0.245715145307373,-2.07503295775369,0.0379834803551974,-0.991459859990513,-0.0282741894735597,No center strata,All,48311,5776,0.600575435182113,0.371034636835294,0.972121784695532,OK
raceMissing,-2.17789916834467,1.00247575756407,-2.17252053419903,0.0298164225122995,-4.14271554854476,-0.213082788144584,No center strata,All,48311,5776,0.113279261495203,0.0158796708843506,0.808089234238779,OK
raceNATIVE,-0.249661363322208,0.208322577689695,-1.19843641573065,0.230747162768199,-0.657966112760558,0.158643386116141,No center strata,All,48311,5776,0.779064558240699,0.517903621579501,1.17191994922863,OK
racePACIFIC,0.212930145463596,0.360479836170383,0.59068531467861,0.554731289364847,-0.493597350583253,0.919457641510446,No center strata,All,48311,5776,1.23729821733137,0.610426521496994,2.50792982398116,OK
raceWHITE,-0.229683579010552,0.0706456645881835,-3.25120558139628,0.00114916729276228,-0.368146537267288,-0.0912206207538156,No center strata,All,48311,5776,0.794785049391427,0.692015768158895,0.912816302461898,OK
zcta_svi_proxy,0.420588812832239,0.0751720084452208,5.59501896425622,2.20597655543686e-08,0.273254383634066,0.567923242030413,No center strata,All,48311,5776,1.522857969997,1.31423452205934,1.76459859930439,OK
lung_composite,0.708764198422855,0.0159942525781279,44.3136804899586,0,0.677416039410087,0.740112357435622,No center strata,All,48311,5776,2.03147920156317,1.968783893934,2.09617102166425,OK
missing_diagnosis,-0.743237597733458,0.139393826584324,-5.33192621183873,9.71764270285855e-08,-1.01644447750595,-0.470030717960962,No center strata,All,48311,5776,0.475571710456474,0.361879325571619,0.624983069782294,OK
missing_functional_dependence,0.170878715145683,0.0900429070796046,1.89774764818081,0.0577293325462148,-0.00560213979362861,0.347359570084995,No center strata,All,48311,5776,1.18634685439036,0.994413522929601,1.41532554261287,OK
missing_low_BMI,0.870253314922138,0.226133289507218,3.8484086832972,0.000118887597648131,0.427040211782421,1.31346641806186,No center strata,All,48311,5776,2.38751557024994,1.53271429365854,3.71904315224962,OK
missing_pulmonary_pressure,0.283246867253592,0.0547619559263598,5.17232926512858,2.3119371841667e-07,0.175915405914957,0.390578328592227,No center strata,All,48311,5776,1.32743282106619,1.19233718971065,1.47783522115196,OK
o3_interval_10ppb,-0.0308178535675241,0.0145755600004547,-2.11435125419282,0.0344852777530438,-0.0593854262229179,-0.00225028091213032,Exclude multi-organ,All,45717,5437,0.969652175676313,0.942343495259885,0.997752249071881,OK
age,0.0237040786815119,0.00118398576124896,20.0205774911574,3.64472265734728e-89,0.0213835092312557,0.0260246481317681,Exclude multi-organ,All,45717,5437,1.02398725339307,1.02161377483142,1.02636624617215,OK
sexM,-0.04100959909979,0.0282684028362613,-1.45072218396382,0.14685723560564,-0.0964146505593321,0.0143954523597521,Exclude multi-organ,All,45717,5437,0.95981991649642,0.908087399043936,1.01449956587122,OK
raceBLACK,-0.269720077103329,0.0845561725929288,-3.18983308766609,0.00142354986207423,-0.435447130056022,-0.103993024150636,Exclude multi-organ,All,45717,5437,0.763593211646956,0.646975320283828,0.901231584255051,OK
raceMULTI,-0.500730851291144,0.255660176586378,-1.95857977561071,0.050162020004026,-1.0018155896816,0.000353887099308281,Exclude multi-organ,All,45717,5437,0.606087537944647,0.367212129019818,1.00035394972474,OK
raceMissing,-1.94658088178497,1.00425665793347,-1.93833007369908,0.0525829655881372,-3.91488776256913,0.0217259989991891,Exclude multi-organ,All,45717,5437,0.142761356023037,0.0199427868472026,1.02196372702018,OK
raceNATIVE,-0.23730308138458,0.215423985343926,-1.10156295273121,0.270651721915462,-0.65952633406476,0.1849201712956,Exclude multi-organ,All,45717,5437,0.788752195679665,0.517096207351819,1.20312239259224,OK
racePACIFIC,0.0541972550184603,0.390193978659962,0.13889823519212,0.889530565562861,-0.710568890139456,0.818963400176376,Exclude multi-organ,All,45717,5437,1.05569282232532,0.491364585466703,2.26814745725042,OK
raceWHITE,-0.271352710430902,0.0738220922974067,-3.67576564123522,0.000237137143628926,-0.416041352597211,-0.126664068264594,Exclude multi-organ,All,45717,5437,0.762347561042947,0.659652991555907,0.881029588689244,OK
zcta_svi_proxy,0.356713576359991,0.0807245708319933,4.4188971546519,9.92058393740604e-06,0.198496324861831,0.51493082785815,Exclude multi-organ,All,45717,5437,1.42862661881071,1.21956754532678,1.67352273664159,OK
lung_composite,0.733109458608604,0.0168889118066288,43.407737988238,0,0.700007799729538,0.76621111748767,Exclude multi-organ,All,45717,5437,2.08154302703902,2.01376841425821,2.15159863603819,OK
missing_diagnosis,-0.678167492584124,0.154415718530547,-4.39182940077415,1.12400881802505e-05,-0.980816739550871,-0.375518245617377,Exclude multi-organ,All,45717,5437,0.507546222912006,0.375004692577181,0.686933186413995,OK
missing_functional_dependence,0.0649290106695054,0.103670040371062,0.626304479453346,0.531115248776369,-0.13826053473359,0.268118556072601,Exclude multi-organ,All,45717,5437,1.06708327016842,0.870871769842016,1.30750214314548,OK
missing_low_BMI,0.7530170592895,0.250712196125702,3.00351187906293,0.00266883129896507,0.261630184398182,1.24440393418082,Exclude multi-organ,All,45717,5437,2.12339677602759,1.29904604609201,3.47086531844538,OK
missing_pulmonary_pressure,0.217815623632617,0.0640595004722362,3.40020796332964,0.000673346199705081,0.0922613098394071,0.343369937425826,Exclude multi-organ,All,45717,5437,1.24335780068936,1.09665135043111,1.40969016262766,OK
o3_interval_10ppb,-0.030278277769199,0.0141711157269042,-2.1366191874162,0.0326289777101571,-0.0580531542146804,-0.00250340132371768,Adjust multi-organ,All,48311,5776,0.970175517701749,0.943599789797966,0.997499729572201,OK
age,0.0225159526223591,0.00113688661862045,19.8049235988731,2.69972075301499e-87,0.0202876957953575,0.0247442094493607,Adjust multi-organ,All,48311,5776,1.02277134991941,1.02049488988721,1.02505288814488,OK
sexM,-0.0220898625730721,0.0273718061004553,-0.807029776990295,0.419649327835423,-0.0757376167217782,0.0315578915756341,Adjust multi-organ,All,48311,5776,0.97815233181627,0.927059419540083,1.03206112151071,OK
raceBLACK,-0.26149468319823,0.0821509135042568,-3.18310134414611,0.00145706605616741,-0.422507514963639,-0.100481851432822,Adjust multi-organ,All,48311,5776,0.769899968818976,0.655401328991178,0.904401525855678,OK
raceMULTI,-0.512681375542958,0.247749541794699,-2.06935347621268,0.0385129288769516,-0.998261554646868,-0.0271011964390474,Adjust multi-organ,All,48311,5776,0.598887581439427,0.368519535699931,0.973262745816579,OK
raceMissing,-2.0587508711085,1.00378799492405,-2.05098176260245,0.0402687228124174,-4.02613918927332,-0.0913625529436899,Adjust multi-organ,All,48311,5776,0.127613275807047,0.0178430859188826,0.912686753638928,OK
raceNATIVE,-0.201040516121661,0.210856969094179,-0.953444967862866,0.34036466674582,-0.614312581435526,0.212231549192205,Adjust multi-organ,All,48311,5776,0.81787929358559,0.541012669665123,1.23643414726335,OK
racePACIFIC,0.172878893401952,0.36526834917758,0.473292837419932,0.636004271494347,-0.543033915678507,0.88879170248241,Adjust multi-organ,All,48311,5776,1.18872213427259,0.580982922599433,2.43218906708528,OK
raceWHITE,-0.250217873730879,0.071842549454365,-3.48286462035733,0.000496079160214921,-0.391026683218973,-0.109409064242786,Adjust multi-organ,All,48311,5776,0.778631121322276,0.676362108280264,0.896363672165333,OK
zcta_svi_proxy,0.399753202007023,0.0780273639645878,5.12324371471076,3.00323757850819e-07,0.246822378827833,0.552684025186214,Adjust multi-organ,All,48311,5776,1.49145656372924,1.27995174605684,1.73791136138053,OK
multi_organ_candidate,-0.192172190732961,0.0581836636052103,-3.30285476756661,0.000957059411794079,-0.306210075887767,-0.0781343055781548,Adjust multi-organ,All,48311,5776,0.825164770531406,0.736231938631203,0.924840207003335,OK
lung_composite,0.731009602289443,0.0164409243798736,44.4628042438004,0,0.698785982632344,0.763233221946542,Adjust multi-organ,All,48311,5776,2.0771766717239,2.0113094600819,2.14520093063067,OK
missing_diagnosis,-0.60571075335515,0.143124930369213,-4.23204225701717,2.31578884650385e-05,-0.886230462168611,-0.325191044541689,Adjust multi-organ,All,48311,5776,0.545686440306441,0.412206656406569,0.722389331919506,OK
missing_functional_dependence,0.117113647216339,0.096915990233495,1.20840376220873,0.226891993382088,-0.0728382031673463,0.307065497600025,Adjust multi-organ,All,48311,5776,1.12424718999422,0.929751248664025,1.35943000455881,OK
missing_low_BMI,0.841024003459317,0.230862762044276,3.64296084830702,0.000269519845661717,0.388541304481096,1.29350670243754,Adjust multi-organ,All,48311,5776,2.31874015944462,1.47482789920775,3.64554801947362,OK
missing_pulmonary_pressure,0.212630478339518,0.060178404727668,3.53333524379316,0.000410351765801611,0.0946829724262143,0.330577984252823,Adjust multi-organ,All,48311,5776,1.23692749528234,1.09931028820285,1.39177231852042,OK
o3_interval_10ppb,0.0268952230481653,0.0616296474875022,0.436400728295897,0.662546010649296,-0.0938966664072383,0.147687112503569,Age subgroup,<18,1215,283,1.02726016393584,0.910376829889109,1.15915015602717,OK
sexM,0.144185825181398,0.127917075759928,1.12718199915704,0.259665539619467,-0.106527036315742,0.394898686678539,Age subgroup,<18,1215,283,1.15509873501476,0.89895074351654,1.4842338106461,OK
race_groupBlack,0.117991354500356,0.349417499993542,0.337680151974462,0.735604233502809,-0.56685436105501,0.802837070055721,Age subgroup,<18,1215,283,1.12523438311183,0.567307178429636,2.23186390914689,OK
race_groupOther/Unknown,0.223944351999184,0.458938161575054,0.487961932018505,0.625576805525516,-0.675557915818946,1.12344661981731,Age subgroup,<18,1215,283,1.25100140176431,0.508872433414014,3.07543581544925,OK
race_groupWhite,-0.409756621641539,0.302033575825536,-1.35665917446949,0.17488953011343,-1.00173155238144,0.182218309098358,Age subgroup,<18,1215,283,0.66381178790139,0.367242989832438,1.19987610916112,OK
zcta_svi_proxy,0.0689586172785077,0.344250872770279,0.200315010746609,0.841234223584507,-0.605760694997719,0.743677929554734,Age subgroup,<18,1215,283,1.07139187111953,0.54565918850979,2.10365841109703,OK
lung_composite,0.515018122541429,0.0840856495354971,6.1249229254513,9.07275140738856e-10,0.350213277835198,0.679822967247661,Age subgroup,<18,1215,283,1.67366883265545,1.41937023652519,1.97352832215216,OK
missing_diagnosis,-1.38103600613991,1.04219886946948,-1.32511754387424,0.185132168146693,-3.42370825502846,0.661636242748637,Age subgroup,<18,1215,283,0.251318051098232,0.0325913535267925,1.93796071574292,OK
missing_functional_dependence,0.231952599091472,0.194396824173485,1.19319129866274,0.232794461661282,-0.149058174997523,0.612963373180467,Age subgroup,<18,1215,283,1.26105995202417,0.861518994575722,1.84589337276582,OK
missing_pulmonary_pressure,0.241218094832922,0.146454989775555,1.6470459299652,0.0995486055687325,-0.0458284104833466,0.528264600149191,Age subgroup,<18,1215,283,1.27279859583697,0.955205851439827,1.69598653852742,OK
o3_interval_10ppb,-0.0707923318986127,0.0385686929288155,-1.83548693312659,0.0664335734393353,-0.146385580969876,0.00480091717265033,Age subgroup,18-39,5477,799,0.931655347136767,0.86382456464939,1.00481246004022,OK
sexM,-0.0638242797572088,0.076043072188522,-0.839317480479734,0.401291176457141,-0.212865962520491,0.0852174030060737,Age subgroup,18-39,5477,799,0.938169840479508,0.80826446768818,1.08895378279193,OK
race_groupBlack,0.329377700978186,0.258062086301222,1.27635060887527,0.201831607516639,-0.176414693947476,0.835170095903848,Age subgroup,18-39,5477,799,1.39010279963263,0.838270285634189,2.3052061210598,OK
race_groupOther/Unknown,-0.0362217159120767,0.47484914967582,-0.0762804691485818,0.939195963927204,-0.966908947366153,0.894465515541999,Age subgroup,18-39,5477,799,0.964426441088743,0.380256616588786,2.44602807602672,OK
race_groupWhite,-0.0692351389205971,0.233283696251827,-0.296785159155994,0.766630536544387,-0.52646278175456,0.387992503913366,Age subgroup,18-39,5477,799,0.933107244450023,0.590690680549046,1.47401873487459,OK
zcta_svi_proxy,0.115280861754323,0.214996124880695,0.536199719033514,0.591820527679813,-0.306103799827514,0.53666552333616,Age subgroup,18-39,5477,799,1.12218857316644,0.736310186618943,1.71029440666566,OK
lung_composite,0.738338658564551,0.0522258699500204,14.1374123450913,2.23347134796399e-45,0.635977834401238,0.840699482727864,Age subgroup,18-39,5477,799,2.09245634082602,1.88886823906633,2.31798780227638,OK
missing_diagnosis,-0.0907154213107534,0.323492537852878,-0.280425081557863,0.779151396385242,-0.724749144769853,0.543318302148347,Age subgroup,18-39,5477,799,0.913277573256583,0.48444607954672,1.72171054948747,OK
missing_functional_dependence,-0.419149323707731,0.380649272743856,-1.1011431092101,0.27083437734378,-1.16520818902705,0.326909541611591,Age subgroup,18-39,5477,799,0.657605991771027,0.311857729916434,1.38667603502737,OK
missing_low_BMI,0.792520686898753,0.608977777304659,1.30139508605134,0.193123254786621,-0.401053824003632,1.98609519780114,Age subgroup,18-39,5477,799,2.2089575046846,0.669614018760596,7.28702374919508,OK
missing_pulmonary_pressure,0.265397333869739,0.105866985086819,2.50689422818731,0.0121797152371339,0.0579018559477343,0.472892811791743,Age subgroup,18-39,5477,799,1.3039489759546,1.05961099608992,1.60462937641011,OK
o3_interval_10ppb,-0.0241004321755482,0.0227643351211099,-1.05869255778085,0.289739818318783,-0.0687177091449238,0.0205168447938275,Age subgroup,40-59,16946,2193,0.976187664183669,0.933590186855814,1.02072876206393,OK
sexM,-0.0299926778767528,0.0448618616499352,-0.668556247415474,0.503778590285444,-0.117920310990044,0.0579349552365388,Age subgroup,40-59,16946,2193,0.970452639296324,0.888766874745037,1.05964606904074,OK
race_groupBlack,-0.138582172240598,0.134083613065619,-1.03355040241031,0.301346396141477,-0.401381224766215,0.124216880285018,Age subgroup,40-59,16946,2193,0.870591709858352,0.669394822504686,1.1322614095492,OK
race_groupOther/Unknown,-0.0430114336565989,0.229015530115011,-0.187810117658827,0.851025504161219,-0.491873624582368,0.40585075726917,Age subgroup,40-59,16946,2193,0.957900437699757,0.611479636944214,1.50057858529981,OK
race_groupWhite,-0.0484339620299559,0.123114772955147,-0.393404957564284,0.69402040864392,-0.289734482986869,0.192866558926957,Age subgroup,40-59,16946,2193,0.952720252939992,0.748462270664421,1.21272095593581,OK
zcta_svi_proxy,0.469778187371757,0.126390901649744,3.71686712603422,0.000201708456981976,0.222056572164715,0.7174998025788,Age subgroup,40-59,16946,2193,1.59963933365781,1.24864201424794,2.04930313779839,OK
lung_composite,0.723995929113468,0.025483325384525,28.4105750795428,1.49688367614148e-177,0.674049529153483,0.773942329073452,Age subgroup,40-59,16946,2193,2.06265900402018,1.96216710675221,2.16829756865495,OK
missing_diagnosis,-0.761976669165916,0.206317176265444,-3.69322943905345,0.000221424075911866,-1.16635090403819,-0.357602434293644,Age subgroup,40-59,16946,2193,0.466742918240056,0.311501568941123,0.699351057741925,OK
missing_functional_dependence,0.100675689239408,0.172335658876698,0.584183737107124,0.559096701851628,-0.237095995410901,0.438447373889717,Age subgroup,40-59,16946,2193,1.10591792251571,0.788915552109927,1.55029831528919,OK
missing_low_BMI,0.188946370891183,0.398006062182913,0.4747323944135,0.634977725233252,-0.591131176615937,0.969023918398302,Age subgroup,40-59,16946,2193,1.20797616806039,0.553700597186413,2.63537086652371,OK
missing_pulmonary_pressure,0.47926436338818,0.112478094011535,4.26095736774336,2.03553063104322e-05,0.258811350075861,0.699717376700498,Age subgroup,40-59,16946,2193,1.61488599586641,1.29538940666263,2.01318365445352,OK
o3_interval_10ppb,-0.0331077380105853,0.0224942923987763,-1.47182838311404,0.141067226938454,-0.0771957409698999,0.0109802649487294,Age subgroup,60+,24673,2501,0.967434324524597,0.925708636764889,1.01104076930641,OK
sexM,0.0309167757702997,0.0421132737913103,0.734133753730613,0.462867223508772,-0.0516237241317431,0.113457275672342,Age subgroup,60+,24673,2501,1.03139966287209,0.949686143599618,1.12014403046945,OK
race_groupBlack,-0.686037015840758,0.132222315035033,-5.18851160380144,2.11981554838372e-07,-0.945187991261931,-0.426886040419585,Age subgroup,60+,24673,2501,0.503567750977699,0.388606509406409,0.652537910937412,OK
race_groupOther/Unknown,-1.23804594454341,0.335618126590163,-3.68885303401754,0.000225267289601681,-1.89584538521893,-0.580246503867883,Age subgroup,60+,24673,2501,0.289950243591818,0.15019131184715,0.559760366461901,OK
race_groupWhite,-0.362552086954384,0.103646740649034,-3.49795936354669,0.000468832561239957,-0.565695965741455,-0.159408208167314,Age subgroup,60+,24673,2501,0.695898065523827,0.567964725182485,0.852648229948101,OK
zcta_svi_proxy,0.52755843520365,0.122573658178848,4.30401150656602,1.67732946017193e-05,0.287318479719785,0.767798390687514,Age subgroup,60+,24673,2501,1.69478931505418,1.33284863114644,2.15501652273238,OK
lung_composite,0.829136375950578,0.0267216654957264,31.0286189340699,2.21692442342035e-211,0.776762873972028,0.881509877929128,Age subgroup,60+,24673,2501,2.29133903003283,2.17442198233248,2.41454262015873,OK
missing_diagnosis,-0.808475579524276,0.353594312981004,-2.28644961144414,0.0222279687730472,-1.50150769810523,-0.115443460943324,Age subgroup,60+,24673,2501,0.445536734124078,0.222794000705911,0.89097094546982,OK
missing_functional_dependence,0.219924342194342,0.183320197095068,1.19967328030033,0.230266254137785,-0.139376641750774,0.579225326139459,Age subgroup,60+,24673,2501,1.24598245872251,0.869900325967134,1.78465536924381,OK
missing_low_BMI,1.54536422728028,0.331552126273105,4.66099929640425,3.14677799561841e-06,0.895534000787316,2.19519445377324,Age subgroup,60+,24673,2501,4.6896794251722,2.4486430177001,8.98174742169669,OK
missing_pulmonary_pressure,-0.153964030221073,0.182343751414739,-0.844361427394812,0.398467469913393,-0.511351215799885,0.203423155357739,Age subgroup,60+,24673,2501,0.85730285745112,0.599684727639242,1.22559097392255,OK
o3_interval_10ppb,-0.0235763354814131,0.0194192897477373,-1.21406785663519,0.22472181318049,-0.0616374439923261,0.0144847730295,Sex subgroup,Female,20774,3042,0.976699415003066,0.940223708757997,1.01459018569895,OK
age_interval,0.0228997809366339,0.00153901883152417,14.8794676631442,4.48050262973768e-50,0.0198833594553176,0.0259162024179501,Sex subgroup,Female,20774,3042,1.02316399387165,1.02008235012643,1.026254947187,OK
race_groupBlack,-0.240338304832825,0.112874583141399,-2.12925087423581,0.0332335098500286,-0.461568422559938,-0.0191081871057122,Sex subgroup,Female,20774,3042,0.786361786069286,0.630294302052701,0.981073217029296,OK
race_groupOther/Unknown,-0.586699048084688,0.231358368206819,-2.53588859841982,0.0112162408327872,-1.04015311729201,-0.133244978877365,Sex subgroup,Female,20774,3042,0.556160115826159,0.353400566078175,0.875250647921554,OK
race_groupWhite,-0.187608867754604,0.101420789233113,-1.84980682139428,0.0643413973507713,-0.386389961935133,0.0111722264259253,Sex subgroup,Female,20774,3042,0.828938868554529,0.67950549273042,1.01123486881521,OK
zcta_svi_proxy,0.289722732224217,0.107184512944252,2.70302793067602,0.00687109722987021,0.0796449471530169,0.499800517295417,Sex subgroup,Female,20774,3042,1.33605699111417,1.08290251179035,1.64839241212384,OK
lung_composite,0.662151480802229,0.0219628748122113,30.1486707211059,1.11653598826865e-199,0.619105037173333,0.705197924431126,Sex subgroup,Female,20774,3042,1.93895948412969,1.85726511459147,2.02424729326993,OK
missing_diagnosis,-0.241124315621764,0.203279523697665,-1.18617119538506,0.235554699074487,-0.639544860863643,0.157296229620116,Sex subgroup,Female,20774,3042,0.785743940070047,0.527532470084565,1.17034225259695,OK
missing_functional_dependence,0.0639859677159492,0.137775599558505,0.464421624155431,0.642345700305214,-0.206049245367133,0.334021180799031,Sex subgroup,Female,20774,3042,1.0660774391551,0.813792999761094,1.39657272378743,OK
missing_low_BMI,-0.0176815877843298,0.418376163008406,-0.0422624168097611,0.966289505542942,-0.837683799270864,0.802320623702204,Sex subgroup,Female,20774,3042,0.982473814222899,0.432711610570053,2.23071156875608,OK
missing_pulmonary_pressure,0.240160221317286,0.0805946481750297,2.97985321302878,0.00288386538974671,0.0821976135475514,0.398122829087021,Sex subgroup,Female,20774,3042,1.27145284785278,1.08567033179837,1.48902691449173,OK
o3_interval_10ppb,-0.0375345614961725,0.0210102551696447,-1.7864876553428,0.074020334239724,-0.0787139049346725,0.00364478194232748,Sex subgroup,Male,27537,2734,0.9631611288559,0.924304325527755,1.0036514322372,OK
age_interval,0.0224877975293046,0.00169227017185488,13.2885386171264,2.69796073749386e-40,0.0191710089403577,0.0258045861182516,Sex subgroup,Male,27537,2734,1.02274255410226,1.01935595269452,1.02614040679966,OK
race_groupBlack,-0.282508504428006,0.123873803291386,-2.28061540795246,0.0225712147394093,-0.525296697507121,-0.0397203113488907,Sex subgroup,Male,27537,2734,0.753890230526868,0.591379877399444,0.961058198637297,OK
race_groupOther/Unknown,-0.193149859496313,0.213436586167454,-0.904951971752283,0.365490831885297,-0.611477881367703,0.225178162375076,Sex subgroup,Male,27537,2734,0.824358426943336,0.542548454032138,1.25254585285803,OK
race_groupWhite,-0.32976424355285,0.102922605259528,-3.20400210159199,0.00135531487356033,-0.531488843056558,-0.128039644049143,Sex subgroup,Male,27537,2734,0.719093244317949,0.587729281299234,0.879818498885445,OK
zcta_svi_proxy,0.534936837286459,0.114889094256362,4.65611501900091,3.22231961394773e-06,0.309758350327562,0.760115324245356,Sex subgroup,Male,27537,2734,1.70734039859588,1.36309568270506,2.13852282980805,OK
lung_composite,0.840454544918237,0.0254034000994192,33.0843328699709,4.99340916745658e-240,0.790664795638514,0.89024429419796,Sex subgroup,Male,27537,2734,2.31742010894896,2.20486172159704,2.43572461200473,OK
missing_diagnosis,-0.977468602228016,0.205887575386772,-4.74758421139198,2.05860687274755e-06,-1.38100083485036,-0.573936369605667,Sex subgroup,Male,27537,2734,0.376262364038147,0.25132689043362,0.563303697218053,OK
missing_functional_dependence,0.211986754804025,0.139363102938003,1.52111104255715,0.128231973829793,-0.061159907728209,0.485133417336259,Sex subgroup,Male,27537,2734,1.23613151216594,0.940672806897101,1.62439171640348,OK
missing_low_BMI,1.69437886958647,0.277065235661783,6.11545098950927,9.62842717618738e-10,1.15134098632127,2.23741675285167,Sex subgroup,Male,27537,2734,5.44326393820073,3.16243084405254,9.36909730583955,OK
missing_pulmonary_pressure,0.244759398026249,0.0923100210619357,2.65149325295925,0.00801367140913647,0.0638350813327213,0.425683714719777,Sex subgroup,Male,27537,2734,1.27731395197257,1.06591659472099,1.53063658074564,OK
o3_interval_10ppb,-0.0359776089100682,0.0156001585619425,-2.30623354033321,0.0210975864060811,-0.0665533578445897,-0.00540185997554666,Race subgroup,White,41708,4838,0.964661893072505,0.935612992231798,0.994612703834363,OK
age_interval,0.024189732023257,0.00122838071753704,19.6923736085328,2.5066413266757e-86,0.0217821500575809,0.0265973139889331,Race subgroup,White,41708,4838,1.02448467700253,1.02202111297622,1.02695417940686,OK
sexM,-0.0538665079845287,0.0297148638608998,-1.81277990155656,0.0698657750457601,-0.112106570957403,0.00437355498834581,Race subgroup,White,41708,4838,0.947558589565269,0.89394898342469,1.0043831329381,OK
zcta_svi_proxy,0.366295994219778,0.0866256420037472,4.22849384716748,2.35260949002997e-05,0.196512855754773,0.536079132684782,Race subgroup,White,41708,4838,1.44238211624446,1.21715096817198,1.70929180000281,OK
lung_composite,0.730701110076438,0.0175330006417108,41.6757590448099,0,0.696337060277767,0.765065159875109,Race subgroup,White,41708,4838,2.07653597772527,2.00638994559625,2.14913440742249,OK
missing_diagnosis,-0.522232216175788,0.161216109037734,-3.2393302337644,0.00119810766488622,-0.838209983617428,-0.206254448734148,Race subgroup,White,41708,4838,0.593194929669923,0.432483984385914,0.813626023830088,OK
missing_functional_dependence,0.0450997430695968,0.110044421609379,0.40983216059498,0.681929072612383,-0.170583359984328,0.260782846123521,Race subgroup,White,41708,4838,1.04613219914182,0.843172799827597,1.29794578087086,OK
missing_low_BMI,0.915291588381034,0.245049738658498,3.73512574790617,0.000187621412452401,0.435002926189425,1.39558025057264,Race subgroup,White,41708,4838,2.49750338871135,1.54496757981252,4.03731654833923,OK
missing_pulmonary_pressure,0.13935550671979,0.0665064288674578,2.09536896045816,0.0361382065607492,0.00900530139919756,0.269705712040382,Race subgroup,White,41708,4838,1.14953269396768,1.00904597111519,1.30957900068731,OK
o3_interval_10ppb,0.0245250413625579,0.0420772886563685,0.58285697928034,0.559989583568038,-0.0579449289710202,0.106995011696136,Race subgroup,Black,4796,675,1.02482825388175,0.943701916641386,1.11292870283893,Loglik converged before variable  8 ; beta may be infinite. 
age_interval,0.0094518758652839,0.00365847374682555,2.58355711134603,0.00977872756044939,0.00228139908312052,0.0166223526474473,Race subgroup,Black,4796,675,1.00949668591237,1.00228400345417,1.01676127260935,Loglik converged before variable  8 ; beta may be infinite. 
sexM,0.118054837796325,0.0888638856539628,1.3284906115408,0.184016083070004,-0.0561151776117278,0.292224853204378,Race subgroup,Black,4796,675,1.12530581896668,0.945430237222394,1.33940415309817,Loglik converged before variable  8 ; beta may be infinite. 
zcta_svi_proxy,0.682555624258016,0.223668186027477,3.0516437602537,0.00227592034025973,0.244174035156755,1.12093721335928,Race subgroup,Black,4796,675,1.97892867345018,1.27656647860532,3.06772797205345,Loglik converged before variable  8 ; beta may be infinite. 
lung_composite,0.688425828196485,0.0568529329938041,12.1088885294891,9.47696169247649e-34,0.57699612711316,0.79985552927981,Race subgroup,Black,4796,675,1.9905795514011,1.78068144820851,2.22521942621611,Loglik converged before variable  8 ; beta may be infinite. 
missing_diagnosis,-1.23882219131669,0.412797798842364,-3.00103875260674,0.00269060320782673,-2.04789100994514,-0.429753372688251,Race subgroup,Black,4796,675,0.289725257984289,0.129006690716622,0.650669547817861,Loglik converged before variable  8 ; beta may be infinite. 
missing_functional_dependence,0.135903800301645,0.297702603435209,0.456508605344537,0.648024284183414,-0.447582580535175,0.719390181138465,Race subgroup,Black,4796,675,1.14557168464341,0.639171430952004,2.05318076044496,Loglik converged before variable  8 ; beta may be infinite. 
missing_low_BMI,-14.7111364771944,1315.21970640675,-0.0111853072194196,0.991075602152378,-2592.49439279177,2563.07211983738,Race subgroup,Black,4796,675,4.08351923311677e-07,0,Inf,Loglik converged before variable  8 ; beta may be infinite. 
missing_pulmonary_pressure,0.9583040159295,0.184381533352825,5.19739693288984,2.02098525228935e-07,0.596922851143692,1.31968518071531,Race subgroup,Black,4796,675,2.60727083177689,1.81652048744643,3.74224306150857,Loglik converged before variable  8 ; beta may be infinite. 
o3_interval_10ppb,-0.0260518616250765,0.0144357521734711,-1.8046764250326,0.0711253310082134,-0.0543454159748256,0.00224169272467269,listing_era,Pre-CAS,42254,5542,0.97428456031791,0.947104904830745,1.00224420719635,OK
age,0.0247279090475914,0.00115893490210659,21.3367541202215,5.17660319602537e-101,0.022456438379036,0.0269993797161468,listing_era,Pre-CAS,42254,5542,1.02503617950715,1.02271048226769,1.02736716550403,OK
sexM,-0.0219401815407495,0.0279486658137329,-0.785017134162054,0.432443522704367,-0.0767185599516118,0.0328381968701127,listing_era,Pre-CAS,42254,5542,0.978298753625076,0.92615047276431,1.03338332105774,OK
raceBLACK,-0.252439391463225,0.0850426565874873,-2.96838553254188,0.00299368581992122,-0.419119935524308,-0.0857588474021417,listing_era,Pre-CAS,42254,5542,0.776903298384537,0.657625317900512,0.917815538136086,OK
raceMULTI,-0.460301793821327,0.248669572691645,-1.85105796756288,0.064161214147859,-0.947685200347915,0.0270816127052618,listing_era,Pre-CAS,42254,5542,0.631093156748818,0.387637288377702,1.02745165245073,OK
raceNATIVE,-0.147757370040375,0.21208032522739,-0.696704750343771,0.485987585338256,-0.563427169315601,0.267912429234852,listing_era,Pre-CAS,42254,5542,0.862640391956053,0.569254784408495,1.30723265963821,OK
racePACIFIC,0.0896233219714978,0.3898613398179,0.22988512278073,0.818181037062063,-0.674490863036118,0.853737506979114,listing_era,Pre-CAS,42254,5542,1.09376220990763,0.509415716964757,2.34840765995603,OK
raceWHITE,-0.244628533162304,0.07453931604861,-3.28187252218375,0.00103120212930975,-0.390722908049828,-0.0985341582747796,listing_era,Pre-CAS,42254,5542,0.782995341029992,0.676567601504399,0.906164739061461,OK
zcta_svi_proxy,0.423683752565642,0.079443303737103,5.33315877657497,9.65188455720518e-08,0.267977738428044,0.57938976670324,listing_era,Pre-CAS,42254,5542,1.52757842463001,1.30731803673645,1.78494886310937,OK
lung_composite,0.726066477506813,0.0165673632734991,43.8251075636289,0,0.693595042171963,0.758537912841663,listing_era,Pre-CAS,42254,5542,2.06693426384576,2.00089592383401,2.13515215867571,OK
missing_diagnosis,-0.507788799751176,0.152761253908616,-3.32406802614321,0.000887145531776721,-0.807195355645243,-0.208382243857109,listing_era,Pre-CAS,42254,5542,0.601824863901696,0.446107486157327,0.811896634889829,OK
missing_functional_dependence,0.130827162498164,0.0987970531248765,1.32420106025634,0.185436278832438,-0.0628115034052849,0.324465828401612,listing_era,Pre-CAS,42254,5542,1.13977076915453,0.939120478018386,1.38329153354238,OK
missing_low_BMI,0.831247403244045,0.231402883358778,3.59220849446046,0.00032788734496451,0.377706085942117,1.28478872054597,listing_era,Pre-CAS,42254,5542,2.29618121846154,1.45893407861904,3.61390433281687,OK
missing_pulmonary_pressure,0.241247577627954,0.0607907791010509,3.96848964917746,7.23295984161035e-05,0.122099839997764,0.360395315258144,listing_era,Pre-CAS,42254,5542,1.27283612205028,1.12986690205821,1.43389614355879,OK
o3_interval_10ppb,-0.0177568266230516,0.0145252463456384,-1.22248023892438,0.221526072295525,-0.0462257863270749,0.0107121330809718,calendar_era,Pre-CAS,42254,5468,0.982399896814808,0.954826351115802,1.01076971339755,OK
age,0.0251693174064654,0.00116750534045274,21.5582032341754,4.4349363555824e-103,0.0228810489874198,0.0274575858255109,calendar_era,Pre-CAS,42254,5468,1.02548873891934,1.02314482819519,1.02783801928162,OK
sexM,-0.0198888606221915,0.0281303301461084,-0.707025495928742,0.479550633738538,-0.0750232945817853,0.0352455733374023,calendar_era,Pre-CAS,42254,5468,0.980307618031348,0.927721875183747,1.03587406061753,OK
raceBLACK,-0.23529559474967,0.0856778827293971,-2.74628162197731,0.00602749985979015,-0.403221159170935,-0.0673700303284059,calendar_era,Pre-CAS,42254,5468,0.7903371955715,0.668164312316577,0.934849214766012,OK
raceMULTI,-0.427802250525076,0.248982144256722,-1.71820453953507,0.0857593138247139,-0.915798286061807,0.0601937850116555,calendar_era,Pre-CAS,42254,5468,0.651940322909094,0.400197026833477,1.06204233449157,OK
raceNATIVE,-0.140068719289301,0.212304222646401,-0.659754749779937,0.509411225916231,-0.55617734944202,0.276039910863419,calendar_era,Pre-CAS,42254,5468,0.869298495771378,0.57339677525956,1.31790046152301,OK
racePACIFIC,0.0786903068325707,0.390123385972692,0.201706202862904,0.840146413090293,-0.685937479200724,0.843318092865865,calendar_era,Pre-CAS,42254,5468,1.08186922267768,0.503617876914303,2.3240656629359,OK
raceWHITE,-0.242185646847185,0.0751406886153473,-3.22309591926895,0.00126813080796965,-0.389458690306804,-0.0949126033875653,calendar_era,Pre-CAS,42254,5468,0.78491044787515,0.677423471159387,0.909452414055217,OK
zcta_svi_proxy,0.416016188780512,0.0799677727964311,5.20229805373645,1.96839202747515e-07,0.259282234175625,0.572750143385399,calendar_era,Pre-CAS,42254,5468,1.51591040941282,1.29599952857431,1.77313673246015,OK
lung_composite,0.738825571247651,0.0167199318112554,44.1883124637083,0,0.706055107073625,0.771596035421677,calendar_era,Pre-CAS,42254,5468,2.09347543244138,2.02598318679646,2.16321606951023,OK
missing_diagnosis,-0.465576734279786,0.15583357879221,-2.98765348192761,0.00281128098056923,-0.771004936294502,-0.16014853226507,calendar_era,Pre-CAS,42254,5468,0.627772942587973,0.4625480033935,0.852017227518533,OK
missing_functional_dependence,0.147544872319406,0.0994012267588522,1.48433653316322,0.13771966289662,-0.0472779521470434,0.342367696785855,calendar_era,Pre-CAS,42254,5468,1.15898529002107,0.953822243801483,1.40827802162767,OK
missing_low_BMI,0.837567040298022,0.231909476143247,3.611611971305,0.000304299645729168,0.383032819383707,1.29210126121234,calendar_era,Pre-CAS,42254,5468,2.31073819934246,1.46672616632734,3.64042801477422,OK
missing_pulmonary_pressure,0.232843648154685,0.0612013272511497,3.80455226402481,0.000142060916123727,0.112891250936382,0.352796045372988,calendar_era,Pre-CAS,42254,5468,1.2621841190827,1.11951018064463,1.42304087806262,OK
o3_interval_10ppb,-0.106420977514206,0.0696421311591706,-1.52811201700555,0.126484728343461,-0.242917046392795,0.0300750913643836,calendar_era,Post-CAS,7321,308,0.899046090211127,0.784336574621131,1.0305319150957,"Loglik converged before variable  5,7,14 ; beta may be infinite. "
age,0.00332551762936753,0.00536065076269828,0.620357075396129,0.535022725977229,-0.00718116479921826,0.0138322000579533,calendar_era,Post-CAS,7321,308,1.00333105329774,0.992844558154299,1.01392830755195,"Loglik converged before variable  5,7,14 ; beta may be infinite. "
sexM,-0.039008822239343,0.126193212576363,-0.30911981272953,0.757230388390036,-0.286342973982421,0.208325329503735,calendar_era,Post-CAS,7321,308,0.96174222438885,0.751004996596544,1.23161378468074,"Loglik converged before variable  5,7,14 ; beta may be infinite. "
raceBLACK,-0.687966426949218,0.322426097679881,-2.13371818193284,0.0328658568170771,-1.31990996607758,-0.0560228878208574,calendar_era,Post-CAS,7321,308,0.50259709846009,0.26715935428765,0.9455174948077,"Loglik converged before variable  5,7,14 ; beta may be infinite. "
raceMULTI,-16.2220133385195,2048.69568819631,-0.00791821520003368,0.993682244361427,-4031.59177748578,3999.14775080874,calendar_era,Post-CAS,7321,308,9.01299482526544e-08,0,Inf,"Loglik converged before variable  5,7,14 ; beta may be infinite. "
raceMissing,-1.9539396863497,1.04419977627476,-1.87123166538158,0.0613129775063281,-4.00053364051302,0.0926542678136155,calendar_era,Post-CAS,7321,308,0.141714659047299,0.0183058675292299,1.09708237300553,"Loglik converged before variable  5,7,14 ; beta may be infinite. "
raceNATIVE,-16.4404482295345,3174.20205285669,-0.00517939562629245,0.995867458672188,-6237.76215148175,6204.88125502268,calendar_era,Post-CAS,7321,308,7.24442722312746e-08,0,Inf,"Loglik converged before variable  5,7,14 ; beta may be infinite. "
racePACIFIC,1.36347945185502,1.13312683529664,1.203289348891,0.228864369325922,-0.857408335242248,3.58436723895229,calendar_era,Post-CAS,7321,308,3.90977353098263,0.42426019893373,36.030551774573,"Loglik converged before variable  5,7,14 ; beta may be infinite. "
raceWHITE,-0.521952364756206,0.273970835705616,-1.90513841888283,0.0567620805149749,-1.05892533555355,0.0150206060411417,calendar_era,Post-CAS,7321,308,0.593360959343816,0.346828334204913,1.01513398229281,"Loglik converged before variable  5,7,14 ; beta may be infinite. "
zcta_svi_proxy,0.315398900879101,0.376880310255966,0.836867547325282,0.402667023788468,-0.423272933704873,1.05407073546308,calendar_era,Post-CAS,7321,308,1.37080601763437,0.654899864470592,2.86930756887794,"Loglik converged before variable  5,7,14 ; beta may be infinite. "
lung_composite,0.725508790367461,0.0939880663721618,7.71915859503572,1.17100126850628e-14,0.541295565301463,0.909722015433458,calendar_era,Post-CAS,7321,308,2.06578188255291,1.71823150190442,2.48363202604186,"Loglik converged before variable  5,7,14 ; beta may be infinite. "
missing_diagnosis,-0.788156914036468,0.549301381952259,-1.43483511953911,0.151334087614942,-1.86476783932097,0.288454011248039,calendar_era,Post-CAS,7321,308,0.4546820415756,0.154932174868838,1.33436298242359,"Loglik converged before variable  5,7,14 ; beta may be infinite. "
missing_functional_dependence,0.522281954506323,0.569676956020595,0.916803723560554,0.359245501085463,-0.59426436211645,1.6388282711291,calendar_era,Post-CAS,7321,308,1.68587034303205,0.551968465465686,5.14913258879224,"Loglik converged before variable  5,7,14 ; beta may be infinite. "
missing_low_BMI,-15.5732553263927,3665.87833159546,-0.00424816481010021,0.99661046508138,-7200.56275695928,7169.41624630649,calendar_era,Post-CAS,7321,308,1.72433302676821e-07,0,Inf,"Loglik converged before variable  5,7,14 ; beta may be infinite. "
missing_pulmonary_pressure,0.371717825504092,0.45520966758782,0.816585964603618,0.414165078631181,-0.520476728382484,1.26391237939067,calendar_era,Post-CAS,7321,308,1.45022370740896,0.5942371906986,3.53924129026401,"Loglik converged before variable  5,7,14 ; beta may be infinite. "
pm25_interval_5ug,0.0518554551294826,0.0239216922324371,2.16771684150204,0.0301802372832808,0.00496979990465425,0.0987411103543109,PM2.5 + NO2,All,48311,5776,1.05322349345673,1.00498216984375,1.10378050522197,OK
no2_interval_10ppb,0.123501164337807,0.0279908733033566,4.41219403908333,1.02328341418965e-05,0.0686400607674042,0.17836226790821,PM2.5 + NO2,All,48311,5776,1.13145132193286,1.07105062661875,1.19525824651733,OK
age,0.0237476576275906,0.00113730982062942,20.8805526839185,8.04558630825027e-97,0.0215185713398932,0.025976743915288,PM2.5 + NO2,All,48311,5776,1.02403187865073,1.02175176546051,1.02631708007894,OK
sexM,-0.0231718221600385,0.0273666295112279,-0.846718159082455,0.397152234604823,-0.0768094303802962,0.0304657860602192,PM2.5 + NO2,All,48311,5776,0.977094582847353,0.926066316897522,1.03093461711046,OK
raceBLACK,-0.26442003050211,0.0821764494109292,-3.21771057763592,0.00129218134820251,-0.425482911724909,-0.103357149279311,PM2.5 + NO2,All,48311,5776,0.767651035080858,0.653454148253725,0.901804837011919,OK
raceMULTI,-0.509618032095958,0.247614126611529,-2.05811372343661,0.0395792179513118,-0.994932802317896,-0.0243032618740203,PM2.5 + NO2,All,48311,5776,0.600724992661466,0.369748289937319,0.975989684412858,OK
raceMissing,-1.99526860158278,1.00387223006962,-1.98757226449466,0.0468590163048842,-3.96282201759914,-0.0277151855664137,PM2.5 + NO2,All,48311,5776,0.135977125590097,0.0190093936834887,0.972665356486621,OK
raceNATIVE,-0.150629355025354,0.21097737003811,-0.713959772074821,0.475252055030126,-0.564137401853029,0.262878691802321,PM2.5 + NO2,All,48311,5776,0.860166455956921,0.568850624679206,1.30066892757784,OK
racePACIFIC,0.191780261849667,0.365417618000206,0.524824891857181,0.599704925852108,-0.524425108747152,0.907985632446486,PM2.5 + NO2,All,48311,5776,1.21140429597721,0.59189554214461,2.47932323158723,OK
raceWHITE,-0.235754872587853,0.0719001598057868,-3.27892000830962,0.00104205169023466,-0.37667659628987,-0.0948331488858369,PM2.5 + NO2,All,48311,5776,0.789974294555459,0.68613793757299,0.909524677014392,OK
zcta_svi_proxy,0.339231800412817,0.0787210933667718,4.30928720504799,1.63781561152258e-05,0.18494129259033,0.493522308235305,PM2.5 + NO2,All,48311,5776,1.40386872484966,1.20314780436325,1.63807587851109,OK
lung_composite,0.733804238347048,0.0164326036879082,44.6553846416326,0,0.701596926946528,0.766011549747568,PM2.5 + NO2,All,48311,5776,2.08298974347534,2.01697109251162,2.15116928920411,OK
missing_diagnosis,-0.566396436591799,0.143374471038687,-3.95046923269184,7.79981246106717e-05,-0.847405236130106,-0.285387637053493,PM2.5 + NO2,All,48311,5776,0.567567021754561,0.428525412866428,0.75172280222212,OK
missing_functional_dependence,0.115805159388975,0.0966188359044437,1.19857746478654,0.230692285075012,-0.0735642792119203,0.30517459798987,PM2.5 + NO2,All,48311,5776,1.12277708824603,0.92907642357177,1.35686188768395,OK
missing_low_BMI,0.838856617194042,0.230853903821046,3.63371207204843,0.000279372616212545,0.386391280014318,1.29132195437377,PM2.5 + NO2,All,48311,5776,2.31371999615199,1.47166038947206,3.6375921094907,OK
missing_pulmonary_pressure,0.203251480898109,0.0600324034869077,3.38569620892216,0.000709979336364687,0.085590132158393,0.320912829637825,PM2.5 + NO2,All,48311,5776,1.22538058931372,1.08935974326425,1.37838542130026,OK
pm25_interval_5ug,0.0606572698762343,0.0242861474829451,2.49760773786088,0.0125034464337375,0.0130572954864338,0.108257244266035,PM2.5 + NO2 + O3,All,48311,5776,1.0625346891298,1.01314291421298,1.11433436464506,OK
no2_interval_10ppb,0.113716934359691,0.0284650340869988,3.99496919666891,6.47026647565681e-05,0.0579264927304681,0.169507375988913,PM2.5 + NO2 + O3,All,48311,5776,1.12043492336284,1.05963710181739,1.18472108549049,OK
o3_interval_10ppb,-0.027638801637305,0.0143350672677193,-1.92805524530352,0.0538482549209317,-0.0557350171979938,0.000457413923383797,PM2.5 + NO2 + O3,All,48311,5776,0.97273965532584,0.945789720698897,1.00045751855308,OK
age,0.0237364628067682,0.00113725119014627,20.8717854177099,9.66555609144316e-97,0.0215074914327062,0.0259654341808302,PM2.5 + NO2 + O3,All,48311,5776,1.0240204148615,1.0217404446085,1.02630547277094,OK
sexM,-0.0231912526514549,0.0273663295724771,-0.847437453752614,0.396751335677774,-0.0768282730025634,0.0304457676996537,PM2.5 + NO2 + O3,All,48311,5776,0.977075597603895,0.926048867544115,1.03091397969614,OK
raceBLACK,-0.26265104757952,0.0821832223322782,-3.19592053129269,0.00139385496573884,-0.423727203484233,-0.101574891674807,PM2.5 + NO2 + O3,All,48311,5776,0.769010198466398,0.654602430816331,0.903413518657186,OK
raceMULTI,-0.508651014461854,0.247629276337599,-2.05408270776674,0.03996768740751,-0.993995477601264,-0.0233065513224437,PM2.5 + NO2 + O3,All,48311,5776,0.601306185289086,0.370095026625457,0.976962948580302,OK
raceMissing,-1.9953239467609,1.00387705187617,-1.98761784924936,0.0468539707132095,-3.96288681334445,-0.027761080177356,PM2.5 + NO2 + O3,All,48311,5776,0.135969600120112,0.0190081619955616,0.972620717412862,OK
raceNATIVE,-0.147532676474921,0.210978849439854,-0.699277092782612,0.484378879897864,-0.561043622876733,0.26597826992689,PM2.5 + NO2 + O3,All,48311,5776,0.862834243479206,0.570613247960009,1.30470670700676,OK
racePACIFIC,0.193800453181764,0.365427598784578,0.530338851872025,0.595877013876729,-0.522424479392961,0.91002538575649,PM2.5 + NO2 + O3,All,48311,5776,1.21385403807634,0.593080891067399,2.48438560059219,OK
raceWHITE,-0.234068478994855,0.0719085487624108,-3.25508556386291,0.00113358208079743,-0.375006644749723,-0.093130313239988,PM2.5 + NO2 + O3,All,48311,5776,0.791307626089317,0.6872847119409,0.91107476745526,OK
zcta_svi_proxy,0.336912320936295,0.0787400977944432,4.27878971925878,1.87912283333355e-05,0.182584565120024,0.491240076752565,PM2.5 + NO2 + O3,All,48311,5776,1.40061625363295,1.20031565149895,1.63434167295161,OK
lung_composite,0.733689856349412,0.0164352048373996,44.6413575984063,0,0.70147744678957,0.765902265909254,PM2.5 + NO2 + O3,All,48311,5776,2.08275150057303,2.01673011888498,2.15093421401251,OK
missing_diagnosis,-0.566415899352634,0.143368673544126,-3.95076473368014,7.79018746189743e-05,-0.847413336010401,-0.285418462694867,PM2.5 + NO2 + O3,All,48311,5776,0.567555975440855,0.428521941875938,0.751699630241753,OK
missing_functional_dependence,0.115741053389098,0.0966298802988399,1.1977770543765,0.231003822319162,-0.0736500318270445,0.305132138605241,PM2.5 + NO2 + O3,All,48311,5776,1.12270511380518,0.928996756254688,1.35680427738623,OK
missing_low_BMI,0.83478790703506,0.230855030586541,3.6160698119252,0.000299109740690711,0.382320361435547,1.28725545263457,PM2.5 + NO2 + O3,All,48311,5776,2.30432526527743,1.46568155777638,3.62282987052909,OK
missing_pulmonary_pressure,0.204130830616437,0.0600425420619815,3.39976995653705,0.000674425681046549,0.0864496106347216,0.321812050598152,PM2.5 + NO2 + O3,All,48311,5776,1.22645860129508,1.09029642698866,1.37962545180966,OK
