analysis,model_tier,model_type,organ,organ_label,term,term_type,exposure_label,exposure_window,endpoint,n,people,centers,adverse_events,coefficient,std_error,conf_low,conf_high,hazard_ratio,hr_conf_low,hr_conf_high,p_value,concordance,adjustment_set,variance_estimator,center_adjustment
Initial-listing prior-year cause-specific Cox,Unadjusted,Single-pollutant PM2.5,HR,Heart,pm25_prior_5ug,pollutant,Prior-year PM2.5 per 5 ug/m3,previous_365_days_pm25_o3_or_12_complete_months_no2,death_or_deterioration_delist_cause_specific,74114,74114,NA,10020,0.16726174209796552,0.020084405037414346,0.1278963082246334,0.20662717597129762,1.1820636206329327,1.1364351576083012,1.2295240901948943,8.226042337920894e-17,0.5374853052334432,None,model_based,none
Initial-listing prior-year cause-specific Cox,Unadjusted,Single-pollutant O3,HR,Heart,o3_prior_10ppb,pollutant,Prior-year O3 per 10 ppb,previous_365_days_pm25_o3_or_12_complete_months_no2,death_or_deterioration_delist_cause_specific,74114,74114,NA,10020,0.010005428354311844,0.02364509455582914,-0.036338956975113273,0.056349813683736955,1.0100556500092293,0.9643133773355559,1.0579677105947267,0.6721856207799568,0.5126404977795755,None,model_based,none
Initial-listing prior-year cause-specific Cox,Unadjusted,Single-pollutant NO2,HR,Heart,no2_prior_10ppb,pollutant,Prior-year NO2 per 10 ppb,previous_365_days_pm25_o3_or_12_complete_months_no2,death_or_deterioration_delist_cause_specific,79469,79469,NA,10252,0.07263783474296322,0.016587959624419647,0.04012543387910071,0.10515023560682572,1.075341015228168,1.0409413353134278,1.1108774911736663,1.1925285058384683e-5,0.5184396046540933,None,model_based,none
Initial-listing prior-year cause-specific Cox,Unadjusted,Multipollutant PM2.5 + NO2,HR,Heart,pm25_prior_5ug,pollutant,Prior-year PM2.5 per 5 ug/m3,previous_365_days_pm25_o3_or_12_complete_months_no2,death_or_deterioration_delist_cause_specific,74114,74114,NA,10020,0.16659983402556486,0.02304961896789021,0.12142258084850005,0.21177708720262967,1.1812814620674357,1.1291019484265028,1.2358723626053607,4.905991061060474e-13,0.5374935515889404,None,model_based,none
Initial-listing prior-year cause-specific Cox,Unadjusted,Multipollutant PM2.5 + NO2,HR,Heart,no2_prior_10ppb,pollutant,Prior-year NO2 per 10 ppb,previous_365_days_pm25_o3_or_12_complete_months_no2,death_or_deterioration_delist_cause_specific,74114,74114,NA,10020,0.0011259439262361463,0.01923550990656333,-0.036575655490627974,0.03882754334310027,1.0011265780390681,0.9640851528019193,1.0395911837697778,0.9533227595178482,0.5374935515889404,None,model_based,none
Initial-listing prior-year cause-specific Cox,Unadjusted,Multipollutant PM2.5 + NO2 + O3,HR,Heart,pm25_prior_5ug,pollutant,Prior-year PM2.5 per 5 ug/m3,previous_365_days_pm25_o3_or_12_complete_months_no2,death_or_deterioration_delist_cause_specific,74114,74114,NA,10020,0.18373553956484692,0.025092382161155,0.13455447052898312,0.23291660860071073,1.201697979499045,1.1440269730596335,1.262276211958521,2.436413667193801e-13,0.5373459549524504,None,model_based,none
Initial-listing prior-year cause-specific Cox,Unadjusted,Multipollutant PM2.5 + NO2 + O3,HR,Heart,no2_prior_10ppb,pollutant,Prior-year NO2 per 10 ppb,previous_365_days_pm25_o3_or_12_complete_months_no2,death_or_deterioration_delist_cause_specific,74114,74114,NA,10020,-0.011185514569679611,0.020478786625156856,-0.05132393635498705,0.028952907215627828,0.988876810701891,0.9499708905769226,1.0293761171461508,0.5849284220156884,0.5373459549524504,None,model_based,none
Initial-listing prior-year cause-specific Cox,Unadjusted,Multipollutant PM2.5 + NO2 + O3,HR,Heart,o3_prior_10ppb,pollutant,Prior-year O3 per 10 ppb,previous_365_days_pm25_o3_or_12_complete_months_no2,death_or_deterioration_delist_cause_specific,74114,74114,NA,10020,-0.0450588648330913,0.026023771834656203,-0.09606545762901746,0.005947727962834853,0.955941208857162,0.9084045521143725,1.005965450816276,0.08337150051249402,0.5373459549524504,None,model_based,none
Initial-listing prior-year cause-specific Cox,Adjusted + SDOH,Single-pollutant PM2.5,HR,Heart,pm25_prior_5ug,pollutant,Prior-year PM2.5 per 5 ug/m3,previous_365_days_pm25_o3_or_12_complete_months_no2,death_or_deterioration_delist_cause_specific,74028,74028,167,10010,0.2305567641645583,0.02623704964790145,0.17913214685467146,0.2819813814744451,1.25930094842313,1.1961788049907374,1.3257540361716027,1.5299282079820703e-18,0.5284597803053359,age + sex + race + zcta_svi_proxy + strata(listing_center),model_based,stratified_baseline_hazard_by_listing_center
Initial-listing prior-year cause-specific Cox,Adjusted + SDOH,Single-pollutant PM2.5,HR,Heart,age,covariate,NA,previous_365_days_pm25_o3_or_12_complete_months_no2,death_or_deterioration_delist_cause_specific,74028,74028,167,10010,0.0060939659493416285,7.306663470061859e-4,0.0046618599092095045,0.0075260719894737526,1.006112571935385,1.0046727432837996,1.007554464051476,7.411137351214181e-17,0.5284597803053359,age + sex + race + zcta_svi_proxy + strata(listing_center),model_based,stratified_baseline_hazard_by_listing_center
Initial-listing prior-year cause-specific Cox,Adjusted + SDOH,Single-pollutant PM2.5,HR,Heart,sexM,covariate,NA,previous_365_days_pm25_o3_or_12_complete_months_no2,death_or_deterioration_delist_cause_specific,74028,74028,167,10010,-0.023526706348608768,0.023211454777426335,-0.06902115771236439,0.021967745015146846,0.976747888950893,0.9333069332296626,1.0222108125444112,0.31078238202762887,0.5284597803053359,age + sex + race + zcta_svi_proxy + strata(listing_center),model_based,stratified_baseline_hazard_by_listing_center
Initial-listing prior-year cause-specific Cox,Adjusted + SDOH,Single-pollutant PM2.5,HR,Heart,raceBLACK,covariate,NA,previous_365_days_pm25_o3_or_12_complete_months_no2,death_or_deterioration_delist_cause_specific,74028,74028,167,10010,-0.11667780933699512,0.06713802847529671,-0.24826834514857665,0.014912726474586413,0.8898718553840617,0.7801505655671149,1.015024475985654,0.08223203287438324,0.5284597803053359,age + sex + race + zcta_svi_proxy + strata(listing_center),model_based,stratified_baseline_hazard_by_listing_center
Initial-listing prior-year cause-specific Cox,Adjusted + SDOH,Single-pollutant PM2.5,HR,Heart,raceMULTI,covariate,NA,previous_365_days_pm25_o3_or_12_complete_months_no2,death_or_deterioration_delist_cause_specific,74028,74028,167,10010,-0.09007625570409139,0.13612453533130547,-0.3568803449534501,0.17672783354526733,0.9138614954623607,0.6998562340550385,1.1933062709891138,0.5081510228374052,0.5284597803053359,age + sex + race + zcta_svi_proxy + strata(listing_center),model_based,stratified_baseline_hazard_by_listing_center
Initial-listing prior-year cause-specific Cox,Adjusted + SDOH,Single-pollutant PM2.5,HR,Heart,raceMissing,covariate,NA,previous_365_days_pm25_o3_or_12_complete_months_no2,death_or_deterioration_delist_cause_specific,74028,74028,167,10010,-0.07514058794230573,0.309276258693377,-0.6813220549813246,0.5310408790967132,0.9276130659488037,0.5059476593921948,1.7007016124012408,0.8080393197895619,0.5284597803053359,age + sex + race + zcta_svi_proxy + strata(listing_center),model_based,stratified_baseline_hazard_by_listing_center
Initial-listing prior-year cause-specific Cox,Adjusted + SDOH,Single-pollutant PM2.5,HR,Heart,raceNATIVE,covariate,NA,previous_365_days_pm25_o3_or_12_complete_months_no2,death_or_deterioration_delist_cause_specific,74028,74028,167,10010,0.18977203211438937,0.15745015481259952,-0.1188302713183057,0.49837433554708443,1.2089739590028723,0.8879584999982009,1.6460431805653535,0.2280939789560052,0.5284597803053359,age + sex + race + zcta_svi_proxy + strata(listing_center),model_based,stratified_baseline_hazard_by_listing_center
Initial-listing prior-year cause-specific Cox,Adjusted + SDOH,Single-pollutant PM2.5,HR,Heart,racePACIFIC,covariate,NA,previous_365_days_pm25_o3_or_12_complete_months_no2,death_or_deterioration_delist_cause_specific,74028,74028,167,10010,0.10093667310806087,0.20766158739444046,-0.3060800381850424,0.5079533844011641,1.1062065869202768,0.7363276827662136,1.6618864692804638,0.6269222978827383,0.5284597803053359,age + sex + race + zcta_svi_proxy + strata(listing_center),model_based,stratified_baseline_hazard_by_listing_center
Initial-listing prior-year cause-specific Cox,Adjusted + SDOH,Single-pollutant PM2.5,HR,Heart,raceWHITE,covariate,NA,previous_365_days_pm25_o3_or_12_complete_months_no2,death_or_deterioration_delist_cause_specific,74028,74028,167,10010,-0.07568800948632967,0.06402483151790214,-0.20117667926141786,0.049800660288758514,0.9271054095356914,0.8177679361545941,1.0510615571846706,0.23713965147902766,0.5284597803053359,age + sex + race + zcta_svi_proxy + strata(listing_center),model_based,stratified_baseline_hazard_by_listing_center
Initial-listing prior-year cause-specific Cox,Adjusted + SDOH,Single-pollutant PM2.5,HR,Heart,zcta_svi_proxy,covariate,NA,previous_365_days_pm25_o3_or_12_complete_months_no2,death_or_deterioration_delist_cause_specific,74028,74028,167,10010,0.1112531376504173,0.058698058296794337,-0.0037950566112995854,0.2263013319121342,1.1176777973793786,0.9962121355149898,1.2539534645490398,0.05804656045674209,0.5284597803053359,age + sex + race + zcta_svi_proxy + strata(listing_center),model_based,stratified_baseline_hazard_by_listing_center
Initial-listing prior-year cause-specific Cox,Adjusted + SDOH,Single-pollutant O3,HR,Heart,o3_prior_10ppb,pollutant,Prior-year O3 per 10 ppb,previous_365_days_pm25_o3_or_12_complete_months_no2,death_or_deterioration_delist_cause_specific,74028,74028,167,10010,-0.007601867772751706,0.035484429586083575,-0.07715134976147552,0.0619476142159721,0.9924269533463788,0.9257497310020283,1.0639066096863037,0.8303668581435331,0.5170227643364916,age + sex + race + zcta_svi_proxy + strata(listing_center),model_based,stratified_baseline_hazard_by_listing_center
Initial-listing prior-year cause-specific Cox,Adjusted + SDOH,Single-pollutant O3,HR,Heart,age,covariate,NA,previous_365_days_pm25_o3_or_12_complete_months_no2,death_or_deterioration_delist_cause_specific,74028,74028,167,10010,0.00587269673627272,7.298864680117891e-4,0.0044421192589696136,0.0073032742135758265,1.0058899748261858,1.0044520000959263,1.0073300081628542,8.551507684902306e-16,0.5170227643364916,age + sex + race + zcta_svi_proxy + strata(listing_center),model_based,stratified_baseline_hazard_by_listing_center
Initial-listing prior-year cause-specific Cox,Adjusted + SDOH,Single-pollutant O3,HR,Heart,sexM,covariate,NA,previous_365_days_pm25_o3_or_12_complete_months_no2,death_or_deterioration_delist_cause_specific,74028,74028,167,10010,-0.023484589100326306,0.0232120691376945,-0.06898024461020752,0.02201106640955491,0.9767890277505618,0.9333451184926991,1.022255097101417,0.3116621731089791,0.5170227643364916,age + sex + race + zcta_svi_proxy + strata(listing_center),model_based,stratified_baseline_hazard_by_listing_center
Initial-listing prior-year cause-specific Cox,Adjusted + SDOH,Single-pollutant O3,HR,Heart,raceBLACK,covariate,NA,previous_365_days_pm25_o3_or_12_complete_months_no2,death_or_deterioration_delist_cause_specific,74028,74028,167,10010,-0.1243283663090968,0.06714056889849218,-0.25592388135014144,0.0072671487319478645,0.8830898163246226,0.7742008976764768,1.0072936185384513,0.06405998053865829,0.5170227643364916,age + sex + race + zcta_svi_proxy + strata(listing_center),model_based,stratified_baseline_hazard_by_listing_center
Initial-listing prior-year cause-specific Cox,Adjusted + SDOH,Single-pollutant O3,HR,Heart,raceMULTI,covariate,NA,previous_365_days_pm25_o3_or_12_complete_months_no2,death_or_deterioration_delist_cause_specific,74028,74028,167,10010,-0.09757301770326196,0.13614312814911333,-0.36441354887552413,0.16926751346900018,0.9070361094442856,0.6946038826835973,1.184436949383689,0.4735626812938558,0.5170227643364916,age + sex + race + zcta_svi_proxy + strata(listing_center),model_based,stratified_baseline_hazard_by_listing_center
Initial-listing prior-year cause-specific Cox,Adjusted + SDOH,Single-pollutant O3,HR,Heart,raceMissing,covariate,NA,previous_365_days_pm25_o3_or_12_complete_months_no2,death_or_deterioration_delist_cause_specific,74028,74028,167,10010,-0.12569674871284164,0.3092137097943055,-0.7317556199096804,0.4803621224839971,0.8818822381618218,0.4810636833083712,1.6166597250426256,0.6843719887141744,0.5170227643364916,age + sex + race + zcta_svi_proxy + strata(listing_center),model_based,stratified_baseline_hazard_by_listing_center
Initial-listing prior-year cause-specific Cox,Adjusted + SDOH,Single-pollutant O3,HR,Heart,raceNATIVE,covariate,NA,previous_365_days_pm25_o3_or_12_complete_months_no2,death_or_deterioration_delist_cause_specific,74028,74028,167,10010,0.16134403786720533,0.1575438069620386,-0.1474418237783903,0.47012989951280093,1.1750891744522165,0.8629126378580014,1.6002020451831858,0.3057777766866297,0.5170227643364916,age + sex + race + zcta_svi_proxy + strata(listing_center),model_based,stratified_baseline_hazard_by_listing_center
Initial-listing prior-year cause-specific Cox,Adjusted + SDOH,Single-pollutant O3,HR,Heart,racePACIFIC,covariate,NA,previous_365_days_pm25_o3_or_12_complete_months_no2,death_or_deterioration_delist_cause_specific,74028,74028,167,10010,0.09316495625350835,0.20764248516999617,-0.3138143146796841,0.5001442271867008,1.0976427833763989,0.7306546874137417,1.648959078279402,0.6536627713153125,0.5170227643364916,age + sex + race + zcta_svi_proxy + strata(listing_center),model_based,stratified_baseline_hazard_by_listing_center
Initial-listing prior-year cause-specific Cox,Adjusted + SDOH,Single-pollutant O3,HR,Heart,raceWHITE,covariate,NA,previous_365_days_pm25_o3_or_12_complete_months_no2,death_or_deterioration_delist_cause_specific,74028,74028,167,10010,-0.07958234225839089,0.0640940054513529,-0.20520659294304255,0.04604190842626077,0.9235019735995998,0.8144790334084143,1.047118293117188,0.21436560787809603,0.5170227643364916,age + sex + race + zcta_svi_proxy + strata(listing_center),model_based,stratified_baseline_hazard_by_listing_center
Initial-listing prior-year cause-specific Cox,Adjusted + SDOH,Single-pollutant O3,HR,Heart,zcta_svi_proxy,covariate,NA,previous_365_days_pm25_o3_or_12_complete_months_no2,death_or_deterioration_delist_cause_specific,74028,74028,167,10010,0.1566146150668471,0.05901083058426674,0.040953387121684295,0.2722758430120099,1.16954480209308,1.0418035429518908,1.312949119204624,0.00795443434122401,0.5170227643364916,age + sex + race + zcta_svi_proxy + strata(listing_center),model_based,stratified_baseline_hazard_by_listing_center
Initial-listing prior-year cause-specific Cox,Adjusted + SDOH,Single-pollutant NO2,HR,Heart,no2_prior_10ppb,pollutant,Prior-year NO2 per 10 ppb,previous_365_days_pm25_o3_or_12_complete_months_no2,death_or_deterioration_delist_cause_specific,79381,79381,168,10242,0.16145946206662978,0.020153859966261543,0.12195789653275715,0.2009610276005024,1.1752248160074383,1.1297065362168466,1.2225771241307624,1.134635626503423e-15,0.5256970029769289,age + sex + race + zcta_svi_proxy + strata(listing_center),model_based,stratified_baseline_hazard_by_listing_center
Initial-listing prior-year cause-specific Cox,Adjusted + SDOH,Single-pollutant NO2,HR,Heart,age,covariate,NA,previous_365_days_pm25_o3_or_12_complete_months_no2,death_or_deterioration_delist_cause_specific,79381,79381,168,10242,0.006304537999491955,7.241238175570056e-4,0.004885255317080224,0.0077238206819036865,1.0063244534297167,1.004897207632281,1.0077537263305725,3.135776470760923e-18,0.5256970029769289,age + sex + race + zcta_svi_proxy + strata(listing_center),model_based,stratified_baseline_hazard_by_listing_center
Initial-listing prior-year cause-specific Cox,Adjusted + SDOH,Single-pollutant NO2,HR,Heart,sexM,covariate,NA,previous_365_days_pm25_o3_or_12_complete_months_no2,death_or_deterioration_delist_cause_specific,79381,79381,168,10242,-0.02286500144761037,0.022929704877211125,-0.06780722300694417,0.022077220111723438,0.9773944216994053,0.9344405948631028,1.0223227252975542,0.31867802876653506,0.5256970029769289,age + sex + race + zcta_svi_proxy + strata(listing_center),model_based,stratified_baseline_hazard_by_listing_center
Initial-listing prior-year cause-specific Cox,Adjusted + SDOH,Single-pollutant NO2,HR,Heart,raceBLACK,covariate,NA,previous_365_days_pm25_o3_or_12_complete_months_no2,death_or_deterioration_delist_cause_specific,79381,79381,168,10242,-0.14306007878053265,0.06555438444450755,-0.27154667229176743,-0.014573485269297859,0.8667019969322337,0.7621997090306704,0.9855321939726627,0.029086560149648596,0.5256970029769289,age + sex + race + zcta_svi_proxy + strata(listing_center),model_based,stratified_baseline_hazard_by_listing_center
Initial-listing prior-year cause-specific Cox,Adjusted + SDOH,Single-pollutant NO2,HR,Heart,raceMULTI,covariate,NA,previous_365_days_pm25_o3_or_12_complete_months_no2,death_or_deterioration_delist_cause_specific,79381,79381,168,10242,-0.108941995331689,0.13390670791935497,-0.37139914285362474,0.15351515219024672,0.8967824335572394,0.6897685704106976,1.1659254533125534,0.4158934056907459,0.5256970029769289,age + sex + race + zcta_svi_proxy + strata(listing_center),model_based,stratified_baseline_hazard_by_listing_center
Initial-listing prior-year cause-specific Cox,Adjusted + SDOH,Single-pollutant NO2,HR,Heart,raceMissing,covariate,NA,previous_365_days_pm25_o3_or_12_complete_months_no2,death_or_deterioration_delist_cause_specific,79381,79381,168,10242,-0.08379681023427585,0.2514369086781475,-0.5766131512434449,0.4090195307748933,0.9196180940977923,0.561797872505939,1.5053411206770202,0.7389291868968516,0.5256970029769289,age + sex + race + zcta_svi_proxy + strata(listing_center),model_based,stratified_baseline_hazard_by_listing_center
Initial-listing prior-year cause-specific Cox,Adjusted + SDOH,Single-pollutant NO2,HR,Heart,raceNATIVE,covariate,NA,previous_365_days_pm25_o3_or_12_complete_months_no2,death_or_deterioration_delist_cause_specific,79381,79381,168,10242,0.2093576314320179,0.151944722289488,-0.08845402425537857,0.5071692871194144,1.2328858384243653,0.9153451934454525,1.6605838993548294,0.16824839402208538,0.5256970029769289,age + sex + race + zcta_svi_proxy + strata(listing_center),model_based,stratified_baseline_hazard_by_listing_center
Initial-listing prior-year cause-specific Cox,Adjusted + SDOH,Single-pollutant NO2,HR,Heart,racePACIFIC,covariate,NA,previous_365_days_pm25_o3_or_12_complete_months_no2,death_or_deterioration_delist_cause_specific,79381,79381,168,10242,0.07709889495982464,0.2032774372579649,-0.3213248820657866,0.47552267198543585,1.080148892392049,0.7251876122652604,1.6088548811407508,0.7044805760434198,0.5256970029769289,age + sex + race + zcta_svi_proxy + strata(listing_center),model_based,stratified_baseline_hazard_by_listing_center
Initial-listing prior-year cause-specific Cox,Adjusted + SDOH,Single-pollutant NO2,HR,Heart,raceWHITE,covariate,NA,previous_365_days_pm25_o3_or_12_complete_months_no2,death_or_deterioration_delist_cause_specific,79381,79381,168,10242,-0.08235816620307986,0.0625125939671975,-0.20488285037878695,0.04016651797262723,0.9209420493016229,0.8147427576262963,1.0409841023231192,0.18768274340400054,0.5256970029769289,age + sex + race + zcta_svi_proxy + strata(listing_center),model_based,stratified_baseline_hazard_by_listing_center
Initial-listing prior-year cause-specific Cox,Adjusted + SDOH,Single-pollutant NO2,HR,Heart,zcta_svi_proxy,covariate,NA,previous_365_days_pm25_o3_or_12_complete_months_no2,death_or_deterioration_delist_cause_specific,79381,79381,168,10242,0.06225623395499918,0.05889758814197694,-0.05318303880327562,0.17769550671327397,1.0642350029382475,0.94820643802567794,1.1944615603298618,0.29050009386170833,0.5256970029769289,age + sex + race + zcta_svi_proxy + strata(listing_center),model_based,stratified_baseline_hazard_by_listing_center
Initial-listing prior-year cause-specific Cox,Adjusted + SDOH,Multipollutant PM2.5 + NO2,HR,Heart,pm25_prior_5ug,pollutant,Prior-year PM2.5 per 5 ug/m3,previous_365_days_pm25_o3_or_12_complete_months_no2,death_or_deterioration_delist_cause_specific,74028,74028,167,10010,0.17512836894468317,0.031211881519019317,0.11395308116740531,0.23630365672196102,1.191399145447489,1.120699541736405,1.266558850888569,2.0121657986189247e-8,0.5283917128747013,age + sex + race + zcta_svi_proxy + strata(listing_center),model_based,stratified_baseline_hazard_by_listing_center
Initial-listing prior-year cause-specific Cox,Adjusted + SDOH,Multipollutant PM2.5 + NO2,HR,Heart,no2_prior_10ppb,pollutant,Prior-year NO2 per 10 ppb,previous_365_days_pm25_o3_or_12_complete_months_no2,death_or_deterioration_delist_cause_specific,74028,74028,167,10010,0.08051520867017656,0.02420064123454512,0.03308195185046812,0.127948465489885,1.0838453303630546,1.0336352440913608,1.1364944325040527,8.779060056895024e-4,0.5283917128747013,age + sex + race + zcta_svi_proxy + strata(listing_center),model_based,stratified_baseline_hazard_by_listing_center
Initial-listing prior-year cause-specific Cox,Adjusted + SDOH,Multipollutant PM2.5 + NO2,HR,Heart,age,covariate,NA,previous_365_days_pm25_o3_or_12_complete_months_no2,death_or_deterioration_delist_cause_specific,74028,74028,167,10010,0.006185986978668645,7.314476458647783e-4,0.00475234959277368,0.00761962436456361,1.006205159709819,1.0047636599158716,1.00764872757384,2.7391265860445478e-17,0.5283917128747013,age + sex + race + zcta_svi_proxy + strata(listing_center),model_based,stratified_baseline_hazard_by_listing_center
Initial-listing prior-year cause-specific Cox,Adjusted + SDOH,Multipollutant PM2.5 + NO2,HR,Heart,sexM,covariate,NA,previous_365_days_pm25_o3_or_12_complete_months_no2,death_or_deterioration_delist_cause_specific,74028,74028,167,10010,-0.02337007686436885,0.023210894249608052,-0.06886342959360063,0.02212327586486293,0.9769008884507754,0.9334541535865599,1.0223698102248768,0.3140029700562057,0.5283917128747013,age + sex + race + zcta_svi_proxy + strata(listing_center),model_based,stratified_baseline_hazard_by_listing_center
Initial-listing prior-year cause-specific Cox,Adjusted + SDOH,Multipollutant PM2.5 + NO2,HR,Heart,raceBLACK,covariate,NA,previous_365_days_pm25_o3_or_12_complete_months_no2,death_or_deterioration_delist_cause_specific,74028,74028,167,10010,-0.11548636756692965,0.06714414324072009,-0.247088888318741,0.016116153184881715,0.8909327177349363,0.7810712623342851,1.0162467188440016,0.08543666170047677,0.5283917128747013,age + sex + race + zcta_svi_proxy + strata(listing_center),model_based,stratified_baseline_hazard_by_listing_center
Initial-listing prior-year cause-specific Cox,Adjusted + SDOH,Multipollutant PM2.5 + NO2,HR,Heart,raceMULTI,covariate,NA,previous_365_days_pm25_o3_or_12_complete_months_no2,death_or_deterioration_delist_cause_specific,74028,74028,167,10010,-0.078013753499729,0.13615691032321636,-0.34488129773323306,0.18885379073377506,0.9249517051330316,0.7083044258188177,1.2078643386132764,0.5666653618633475,0.5283917128747013,age + sex + race + zcta_svi_proxy + strata(listing_center),model_based,stratified_baseline_hazard_by_listing_center
Initial-listing prior-year cause-specific Cox,Adjusted + SDOH,Multipollutant PM2.5 + NO2,HR,Heart,raceMissing,covariate,NA,previous_365_days_pm25_o3_or_12_complete_months_no2,death_or_deterioration_delist_cause_specific,74028,74028,167,10010,-0.04560642769983173,0.3094099104150928,-0.6520498521134136,0.5608369967137502,0.9554179142298328,0.5209767561636152,1.7521384208254538,0.8828178184304816,0.5283917128747013,age + sex + race + zcta_svi_proxy + strata(listing_center),model_based,stratified_baseline_hazard_by_listing_center
Initial-listing prior-year cause-specific Cox,Adjusted + SDOH,Multipollutant PM2.5 + NO2,HR,Heart,raceNATIVE,covariate,NA,previous_365_days_pm25_o3_or_12_complete_months_no2,death_or_deterioration_delist_cause_specific,74028,74028,167,10010,0.21388979649509438,0.15759306772159798,-0.09499261623923766,0.5227722092294265,1.2384861617567822,0.9093796490852128,1.686697051562585,0.17470863068531056,0.5283917128747013,age + sex + race + zcta_svi_proxy + strata(listing_center),model_based,stratified_baseline_hazard_by_listing_center
Initial-listing prior-year cause-specific Cox,Adjusted + SDOH,Multipollutant PM2.5 + NO2,HR,Heart,racePACIFIC,covariate,NA,previous_365_days_pm25_o3_or_12_complete_months_no2,death_or_deterioration_delist_cause_specific,74028,74028,167,10010,0.10484251130435868,0.20766604938681568,-0.30218294549380004,0.5118679681025173,1.1105356997640272,0.7392028186938837,1.6684048129436364,0.6136563937379508,0.5283917128747013,age + sex + race + zcta_svi_proxy + strata(listing_center),model_based,stratified_baseline_hazard_by_listing_center
Initial-listing prior-year cause-specific Cox,Adjusted + SDOH,Multipollutant PM2.5 + NO2,HR,Heart,raceWHITE,covariate,NA,previous_365_days_pm25_o3_or_12_complete_months_no2,death_or_deterioration_delist_cause_specific,74028,74028,167,10010,-0.06459093620592439,0.06411315034436744,-0.19025271088088458,0.06107083846903581,0.9374508621612117,0.8267501787759022,1.0629742109859397,0.31371750338086046,0.5283917128747013,age + sex + race + zcta_svi_proxy + strata(listing_center),model_based,stratified_baseline_hazard_by_listing_center
Initial-listing prior-year cause-specific Cox,Adjusted + SDOH,Multipollutant PM2.5 + NO2,HR,Heart,zcta_svi_proxy,covariate,NA,previous_365_days_pm25_o3_or_12_complete_months_no2,death_or_deterioration_delist_cause_specific,74028,74028,167,10010,0.07902808902164891,0.05944849247601556,-0.03749095623134158,0.1955471342746394,1.0822347205578757,0.9632031286676985,1.215976106723231,0.18373121891454744,0.5283917128747013,age + sex + race + zcta_svi_proxy + strata(listing_center),model_based,stratified_baseline_hazard_by_listing_center
Initial-listing prior-year cause-specific Cox,Adjusted + SDOH,Multipollutant PM2.5 + NO2 + O3,HR,Heart,pm25_prior_5ug,pollutant,Prior-year PM2.5 per 5 ug/m3,previous_365_days_pm25_o3_or_12_complete_months_no2,death_or_deterioration_delist_cause_specific,74028,74028,167,10010,0.17239548575249408,0.032210194997135684,0.10926350355810814,0.23552746794688,1.1881476357694802,1.1154562383071929,1.265576143558067,8.689008922434517e-8,0.5283050815993484,age + sex + race + zcta_svi_proxy + strata(listing_center),model_based,stratified_baseline_hazard_by_listing_center
Initial-listing prior-year cause-specific Cox,Adjusted + SDOH,Multipollutant PM2.5 + NO2 + O3,HR,Heart,no2_prior_10ppb,pollutant,Prior-year NO2 per 10 ppb,previous_365_days_pm25_o3_or_12_complete_months_no2,death_or_deterioration_delist_cause_specific,74028,74028,167,10010,0.08353843535301081,0.025759135355680758,0.03305053005587653,0.1340263406501451,1.0871269985998528,1.0336027659273022,1.143422937751551,0.00118253082258441,0.5283050815993484,age + sex + race + zcta_svi_proxy + strata(listing_center),model_based,stratified_baseline_hazard_by_listing_center
Initial-listing prior-year cause-specific Cox,Adjusted + SDOH,Multipollutant PM2.5 + NO2 + O3,HR,Heart,o3_prior_10ppb,pollutant,Prior-year O3 per 10 ppb,previous_365_days_pm25_o3_or_12_complete_months_no2,death_or_deterioration_delist_cause_specific,74028,74028,167,10010,0.01285908739276521,0.03752719634354329,-0.060694217440579644,0.08641239222611007,1.0129421209874174,0.9411109711035995,1.0902558486458636,0.7318538913775493,0.5283050815993484,age + sex + race + zcta_svi_proxy + strata(listing_center),model_based,stratified_baseline_hazard_by_listing_center
Initial-listing prior-year cause-specific Cox,Adjusted + SDOH,Multipollutant PM2.5 + NO2 + O3,HR,Heart,age,covariate,NA,previous_365_days_pm25_o3_or_12_complete_months_no2,death_or_deterioration_delist_cause_specific,74028,74028,167,10010,0.006187964142340418,7.314656745539619e-4,0.004754291420214653,0.007621636864466183,1.0062071491440738,1.0047656109954124,1.0076507554688465,2.681165972591124e-17,0.5283050815993484,age + sex + race + zcta_svi_proxy + strata(listing_center),model_based,stratified_baseline_hazard_by_listing_center
Initial-listing prior-year cause-specific Cox,Adjusted + SDOH,Multipollutant PM2.5 + NO2 + O3,HR,Heart,sexM,covariate,NA,previous_365_days_pm25_o3_or_12_complete_months_no2,death_or_deterioration_delist_cause_specific,74028,74028,167,10010,-0.02337770623582352,0.023211009081415893,-0.06887128403539866,0.02211587156375163,0.9768934353394544,0.9334468218540328,1.0223622403189798,0.31384741066562394,0.5283050815993484,age + sex + race + zcta_svi_proxy + strata(listing_center),model_based,stratified_baseline_hazard_by_listing_center
Initial-listing prior-year cause-specific Cox,Adjusted + SDOH,Multipollutant PM2.5 + NO2 + O3,HR,Heart,raceBLACK,covariate,NA,previous_365_days_pm25_o3_or_12_complete_months_no2,death_or_deterioration_delist_cause_specific,74028,74028,167,10010,-0.11612633696013387,0.06716800976756215,-0.24777563610455566,0.015522962184287933,0.8903627304708371,0.780535047517557,1.0156440691968454,0.0838281537153874,0.5283050815993484,age + sex + race + zcta_svi_proxy + strata(listing_center),model_based,stratified_baseline_hazard_by_listing_center
Initial-listing prior-year cause-specific Cox,Adjusted + SDOH,Multipollutant PM2.5 + NO2 + O3,HR,Heart,raceMULTI,covariate,NA,previous_365_days_pm25_o3_or_12_complete_months_no2,death_or_deterioration_delist_cause_specific,74028,74028,167,10010,-0.07852270965260066,0.1361655251706013,-0.34540713898697917,0.18836171968177784,0.9244810650493377,0.7079320680406317,1.207270129745986,0.5641617259661773,0.5283050815993484,age + sex + race + zcta_svi_proxy + strata(listing_center),model_based,stratified_baseline_hazard_by_listing_center
Initial-listing prior-year cause-specific Cox,Adjusted + SDOH,Multipollutant PM2.5 + NO2 + O3,HR,Heart,raceMissing,covariate,NA,previous_365_days_pm25_o3_or_12_complete_months_no2,death_or_deterioration_delist_cause_specific,74028,74028,167,10010,-0.0467997197603664,0.30943061631299457,-0.6532837277338357,0.559684288213103,0.9542785015795295,0.5203343320626012,1.7501198795917863,0.879782743804128,0.5283050815993484,age + sex + race + zcta_svi_proxy + strata(listing_center),model_based,stratified_baseline_hazard_by_listing_center
Initial-listing prior-year cause-specific Cox,Adjusted + SDOH,Multipollutant PM2.5 + NO2 + O3,HR,Heart,raceNATIVE,covariate,NA,previous_365_days_pm25_o3_or_12_complete_months_no2,death_or_deterioration_delist_cause_specific,74028,74028,167,10010,0.21247671209593813,0.1576476756154784,-0.09651273211039954,0.5214661563022758,1.236737312210048,0.9079983367910867,1.684495573877298,0.1777244017558839,0.5283050815993484,age + sex + race + zcta_svi_proxy + strata(listing_center),model_based,stratified_baseline_hazard_by_listing_center
Initial-listing prior-year cause-specific Cox,Adjusted + SDOH,Multipollutant PM2.5 + NO2 + O3,HR,Heart,racePACIFIC,covariate,NA,previous_365_days_pm25_o3_or_12_complete_months_no2,death_or_deterioration_delist_cause_specific,74028,74028,167,10010,0.10525603919063034,0.20766988917100185,-0.3017769435845332,0.512289021965794,1.1109950322114224,0.7395029973820457,1.6691074491490994,0.6122649502434719,0.5283050815993484,age + sex + race + zcta_svi_proxy + strata(listing_center),model_based,stratified_baseline_hazard_by_listing_center
Initial-listing prior-year cause-specific Cox,Adjusted + SDOH,Multipollutant PM2.5 + NO2 + O3,HR,Heart,raceWHITE,covariate,NA,previous_365_days_pm25_o3_or_12_complete_months_no2,death_or_deterioration_delist_cause_specific,74028,74028,167,10010,-0.06541531891200235,0.06415636730145527,-0.19116179882285467,0.060331160998849984,0.9366783623441426,0.8259989316839302,1.0621882436276935,0.3079072096782701,0.5283050815993484,age + sex + race + zcta_svi_proxy + strata(listing_center),model_based,stratified_baseline_hazard_by_listing_center
Initial-listing prior-year cause-specific Cox,Adjusted + SDOH,Multipollutant PM2.5 + NO2 + O3,HR,Heart,zcta_svi_proxy,covariate,NA,previous_365_days_pm25_o3_or_12_complete_months_no2,death_or_deterioration_delist_cause_specific,74028,74028,167,10010,0.0806793884030948,0.05964199228586006,-0.036218916477190916,0.1975776932833805,1.084023290408235,0.9644291409415459,1.2184477264968083,0.17614256618190952,0.5283050815993484,age + sex + race + zcta_svi_proxy + strata(listing_center),model_based,stratified_baseline_hazard_by_listing_center
Initial-listing prior-year cause-specific Cox,Adjusted + SDOH + organ score at listing,Single-pollutant PM2.5,HR,Heart,pm25_prior_5ug,pollutant,Prior-year PM2.5 per 5 ug/m3,previous_365_days_pm25_o3_or_12_complete_months_no2,death_or_deterioration_delist_cause_specific,74028,74028,167,10010,0.3129599687701088,0.02634889180016017,0.2613161408417949,0.3646037966984227,1.367466788554527,1.2986381531032214,1.4399433847921135,1.5486116281470545e-32,0.5730568858081657,age + sex + race + zcta_svi_proxy + strata(listing_center) + organ_score,model_based,stratified_baseline_hazard_by_listing_center
Initial-listing prior-year cause-specific Cox,Adjusted + SDOH + organ score at listing,Single-pollutant PM2.5,HR,Heart,age,covariate,NA,previous_365_days_pm25_o3_or_12_complete_months_no2,death_or_deterioration_delist_cause_specific,74028,74028,167,10010,0.0032071156679019186,7.493978656947925e-4,0.0017382958511401253,0.004675935484663712,1.0032122639656131,1.0017398075631805,1.0046868847303287,1.872378504846713e-5,0.5730568858081657,age + sex + race + zcta_svi_proxy + strata(listing_center) + organ_score,model_based,stratified_baseline_hazard_by_listing_center
Initial-listing prior-year cause-specific Cox,Adjusted + SDOH + organ score at listing,Single-pollutant PM2.5,HR,Heart,sexM,covariate,NA,previous_365_days_pm25_o3_or_12_complete_months_no2,death_or_deterioration_delist_cause_specific,74028,74028,167,10010,-0.013849515277700992,0.02322125617475917,-0.05936317738022897,0.03166414682482698,0.9862459480439408,0.9423644615453065,1.0321707892486434,0.5508977410469387,0.5730568858081657,age + sex + race + zcta_svi_proxy + strata(listing_center) + organ_score,model_based,stratified_baseline_hazard_by_listing_center
Initial-listing prior-year cause-specific Cox,Adjusted + SDOH + organ score at listing,Single-pollutant PM2.5,HR,Heart,raceBLACK,covariate,NA,previous_365_days_pm25_o3_or_12_complete_months_no2,death_or_deterioration_delist_cause_specific,74028,74028,167,10010,-0.13375470562732678,0.06715166655469199,-0.26537197207452307,-0.002137439180130485,0.8748046229384775,0.7669206238570208,0.9978648435163293,0.0463897107774939,0.5730568858081657,age + sex + race + zcta_svi_proxy + strata(listing_center) + organ_score,model_based,stratified_baseline_hazard_by_listing_center
Initial-listing prior-year cause-specific Cox,Adjusted + SDOH + organ score at listing,Single-pollutant PM2.5,HR,Heart,raceMULTI,covariate,NA,previous_365_days_pm25_o3_or_12_complete_months_no2,death_or_deterioration_delist_cause_specific,74028,74028,167,10010,-0.07004309550393317,0.13611407934440414,-0.3368266910189653,0.19674050001109894,0.9323536387902341,0.7140325774384187,1.217428077138905,0.6068387769751188,0.5730568858081657,age + sex + race + zcta_svi_proxy + strata(listing_center) + organ_score,model_based,stratified_baseline_hazard_by_listing_center
Initial-listing prior-year cause-specific Cox,Adjusted + SDOH + organ score at listing,Single-pollutant PM2.5,HR,Heart,raceMissing,covariate,NA,previous_365_days_pm25_o3_or_12_complete_months_no2,death_or_deterioration_delist_cause_specific,74028,74028,167,10010,-0.10806759008137437,0.309260968004919,-0.7142190873710156,0.4980839072082669,0.8975669277584716,0.4895742772939434,1.6455651923928152,0.7267603734756412,0.5730568858081657,age + sex + race + zcta_svi_proxy + strata(listing_center) + organ_score,model_based,stratified_baseline_hazard_by_listing_center
Initial-listing prior-year cause-specific Cox,Adjusted + SDOH + organ score at listing,Single-pollutant PM2.5,HR,Heart,raceNATIVE,covariate,NA,previous_365_days_pm25_o3_or_12_complete_months_no2,death_or_deterioration_delist_cause_specific,74028,74028,167,10010,0.2185777918558207,0.15739920438835311,-0.08992464874535139,0.5270802324569928,1.244305809720407,0.9140000537273306,1.6939790558982328,0.1649287937709857,0.5730568858081657,age + sex + race + zcta_svi_proxy + strata(listing_center) + organ_score,model_based,stratified_baseline_hazard_by_listing_center
Initial-listing prior-year cause-specific Cox,Adjusted + SDOH + organ score at listing,Single-pollutant PM2.5,HR,Heart,racePACIFIC,covariate,NA,previous_365_days_pm25_o3_or_12_complete_months_no2,death_or_deterioration_delist_cause_specific,74028,74028,167,10010,0.0828969223487925,0.20788033247420754,-0.32454852930065425,0.4903423739982393,1.0864298161427304,0.7228536272176551,1.632875178266932,0.6900609747878418,0.5730568858081657,age + sex + race + zcta_svi_proxy + strata(listing_center) + organ_score,model_based,stratified_baseline_hazard_by_listing_center
Initial-listing prior-year cause-specific Cox,Adjusted + SDOH + organ score at listing,Single-pollutant PM2.5,HR,Heart,raceWHITE,covariate,NA,previous_365_days_pm25_o3_or_12_complete_months_no2,death_or_deterioration_delist_cause_specific,74028,74028,167,10010,-0.05859148791349743,0.06402329206977966,-0.18407714037026557,0.0668941645432707,0.9430919549374949,0.8318716304659376,1.069182314787744,0.36010819817975714,0.5730568858081657,age + sex + race + zcta_svi_proxy + strata(listing_center) + organ_score,model_based,stratified_baseline_hazard_by_listing_center
Initial-listing prior-year cause-specific Cox,Adjusted + SDOH + organ score at listing,Single-pollutant PM2.5,HR,Heart,zcta_svi_proxy,covariate,NA,previous_365_days_pm25_o3_or_12_complete_months_no2,death_or_deterioration_delist_cause_specific,74028,74028,167,10010,0.10086731936191567,0.0587919384806609,-0.014364880060179691,0.21609951878401104,1.1061298700097968,0.9857378025668453,1.2412258981463988,0.08622322400163718,0.5730568858081657,age + sex + race + zcta_svi_proxy + strata(listing_center) + organ_score,model_based,stratified_baseline_hazard_by_listing_center
Initial-listing prior-year cause-specific Cox,Adjusted + SDOH + organ score at listing,Single-pollutant PM2.5,HR,Heart,organ_score,organ_severity,NA,previous_365_days_pm25_o3_or_12_complete_months_no2,death_or_deterioration_delist_cause_specific,74028,74028,167,10010,0.1780328479190283,0.0086434705428853,0.1610916456549731,0.19497405018308347,1.1948645694048126,1.1747926285204224,1.2152794498013222,2.8969753613177783e-94,0.5730568858081657,age + sex + race + zcta_svi_proxy + strata(listing_center) + organ_score,model_based,stratified_baseline_hazard_by_listing_center
Initial-listing prior-year cause-specific Cox,Adjusted + SDOH + organ score at listing,Single-pollutant O3,HR,Heart,o3_prior_10ppb,pollutant,Prior-year O3 per 10 ppb,previous_365_days_pm25_o3_or_12_complete_months_no2,death_or_deterioration_delist_cause_specific,74028,74028,167,10010,0.013143883330902651,0.03565992246849812,-0.056749564707353664,0.08303733136915896,1.0132306438721654,0.9448306586826379,1.0865823713987284,0.7124335070225288,0.5615548963828068,age + sex + race + zcta_svi_proxy + strata(listing_center) + organ_score,model_based,stratified_baseline_hazard_by_listing_center
Initial-listing prior-year cause-specific Cox,Adjusted + SDOH + organ score at listing,Single-pollutant O3,HR,Heart,age,covariate,NA,previous_365_days_pm25_o3_or_12_complete_months_no2,death_or_deterioration_delist_cause_specific,74028,74028,167,10010,0.003134377792448011,7.489993269222658e-4,0.0016663391116803702,0.004602416473215652,1.0031392950907356,1.0016677282261695,1.004613023858871,2.8547531285772317e-5,0.5615548963828068,age + sex + race + zcta_svi_proxy + strata(listing_center) + organ_score,model_based,stratified_baseline_hazard_by_listing_center
Initial-listing prior-year cause-specific Cox,Adjusted + SDOH + organ score at listing,Single-pollutant O3,HR,Heart,sexM,covariate,NA,previous_365_days_pm25_o3_or_12_complete_months_no2,death_or_deterioration_delist_cause_specific,74028,74028,167,10010,-0.014861208408671054,0.023221643053518166,-0.06037562879356666,0.030653211976224545,0.9852486743453941,0.9414108461404271,1.0311278590841282,0.5221906053649658,0.5615548963828068,age + sex + race + zcta_svi_proxy + strata(listing_center) + organ_score,model_based,stratified_baseline_hazard_by_listing_center
Initial-listing prior-year cause-specific Cox,Adjusted + SDOH + organ score at listing,Single-pollutant O3,HR,Heart,raceBLACK,covariate,NA,previous_365_days_pm25_o3_or_12_complete_months_no2,death_or_deterioration_delist_cause_specific,74028,74028,167,10010,-0.14226931942954732,0.06714772546199503,-0.27387886133505757,-0.010659777524037073,0.8673876206867964,0.7604241864523928,0.9893968365613054,0.034111504496127085,0.5615548963828068,age + sex + race + zcta_svi_proxy + strata(listing_center) + organ_score,model_based,stratified_baseline_hazard_by_listing_center
Initial-listing prior-year cause-specific Cox,Adjusted + SDOH + organ score at listing,Single-pollutant O3,HR,Heart,raceMULTI,covariate,NA,previous_365_days_pm25_o3_or_12_complete_months_no2,death_or_deterioration_delist_cause_specific,74028,74028,167,10010,-0.08323565521124131,0.13613617618347718,-0.3500625605308566,0.18359125010837396,0.9201342872292074,0.7046440054367147,1.2015245996594808,0.5409250932833785,0.5615548963828068,age + sex + race + zcta_svi_proxy + strata(listing_center) + organ_score,model_based,stratified_baseline_hazard_by_listing_center
Initial-listing prior-year cause-specific Cox,Adjusted + SDOH + organ score at listing,Single-pollutant O3,HR,Heart,raceMissing,covariate,NA,previous_365_days_pm25_o3_or_12_complete_months_no2,death_or_deterioration_delist_cause_specific,74028,74028,167,10010,-0.17257749341168493,0.3091847620005165,-0.7785796269326972,0.43342464010932735,0.8414930761156513,0.4590575814843951,1.5425311022222,0.5767286692049755,0.5615548963828068,age + sex + race + zcta_svi_proxy + strata(listing_center) + organ_score,model_based,stratified_baseline_hazard_by_listing_center
Initial-listing prior-year cause-specific Cox,Adjusted + SDOH + organ score at listing,Single-pollutant O3,HR,Heart,raceNATIVE,covariate,NA,previous_365_days_pm25_o3_or_12_complete_months_no2,death_or_deterioration_delist_cause_specific,74028,74028,167,10010,0.17479573436173693,0.15749030802390987,-0.13388526936512643,0.48347673808860026,1.1910029107939484,0.8746904126330866,1.6217028482678504,0.26704966911499944,0.5615548963828068,age + sex + race + zcta_svi_proxy + strata(listing_center) + organ_score,model_based,stratified_baseline_hazard_by_listing_center
Initial-listing prior-year cause-specific Cox,Adjusted + SDOH + organ score at listing,Single-pollutant O3,HR,Heart,racePACIFIC,covariate,NA,previous_365_days_pm25_o3_or_12_complete_months_no2,death_or_deterioration_delist_cause_specific,74028,74028,167,10010,0.07535704014909657,0.20783135060515068,-0.3319924070369988,0.4827064873351919,1.0782690675138284,0.7174927707298223,1.6204542113706562,0.7169130841080003,0.5615548963828068,age + sex + race + zcta_svi_proxy + strata(listing_center) + organ_score,model_based,stratified_baseline_hazard_by_listing_center
Initial-listing prior-year cause-specific Cox,Adjusted + SDOH + organ score at listing,Single-pollutant O3,HR,Heart,raceWHITE,covariate,NA,previous_365_days_pm25_o3_or_12_complete_months_no2,death_or_deterioration_delist_cause_specific,74028,74028,167,10010,-0.06644503181480908,0.06408392034653125,-0.19204951569401035,0.05915945206439217,0.9357143489623452,0.8252660038610461,1.0609443970279524,0.29980854034851534,0.5615548963828068,age + sex + race + zcta_svi_proxy + strata(listing_center) + organ_score,model_based,stratified_baseline_hazard_by_listing_center
Initial-listing prior-year cause-specific Cox,Adjusted + SDOH + organ score at listing,Single-pollutant O3,HR,Heart,zcta_svi_proxy,covariate,NA,previous_365_days_pm25_o3_or_12_complete_months_no2,death_or_deterioration_delist_cause_specific,74028,74028,167,10010,0.16714548392229864,0.05910855427255202,0.05129271754809668,0.2829982502965006,1.1819262040609306,1.0526309717481184,1.3271028397786429,0.004687325326781963,0.5615548963828068,age + sex + race + zcta_svi_proxy + strata(listing_center) + organ_score,model_based,stratified_baseline_hazard_by_listing_center
Initial-listing prior-year cause-specific Cox,Adjusted + SDOH + organ score at listing,Single-pollutant O3,HR,Heart,organ_score,organ_severity,NA,previous_365_days_pm25_o3_or_12_complete_months_no2,death_or_deterioration_delist_cause_specific,74028,74028,167,10010,0.16120207796698519,0.008514019704504772,0.14451459934615585,0.17788955658781452,1.17492237075026,1.155478564072146,1.1946933679361784,6.015841426019347e-80,0.5615548963828068,age + sex + race + zcta_svi_proxy + strata(listing_center) + organ_score,model_based,stratified_baseline_hazard_by_listing_center
Initial-listing prior-year cause-specific Cox,Adjusted + SDOH + organ score at listing,Single-pollutant NO2,HR,Heart,no2_prior_10ppb,pollutant,Prior-year NO2 per 10 ppb,previous_365_days_pm25_o3_or_12_complete_months_no2,death_or_deterioration_delist_cause_specific,79381,79381,168,10242,0.23756276611473578,0.02034359011376697,0.19768932949175252,0.2774362027377191,1.2681545914293584,1.218583756973916,1.3197419205365195,1.6606203147710631e-31,0.57421428910137,age + sex + race + zcta_svi_proxy + strata(listing_center) + organ_score,model_based,stratified_baseline_hazard_by_listing_center
Initial-listing prior-year cause-specific Cox,Adjusted + SDOH + organ score at listing,Single-pollutant NO2,HR,Heart,age,covariate,NA,previous_365_days_pm25_o3_or_12_complete_months_no2,death_or_deterioration_delist_cause_specific,79381,79381,168,10242,0.003263618375491423,7.43468083976793e-4,0.0018064209308969086,0.004720815820085937,1.00326894977625,1.0018080534920697,1.0047319764265674,1.1349554033995355e-5,0.57421428910137,age + sex + race + zcta_svi_proxy + strata(listing_center) + organ_score,model_based,stratified_baseline_hazard_by_listing_center
Initial-listing prior-year cause-specific Cox,Adjusted + SDOH + organ score at listing,Single-pollutant NO2,HR,Heart,sexM,covariate,NA,previous_365_days_pm25_o3_or_12_complete_months_no2,death_or_deterioration_delist_cause_specific,79381,79381,168,10242,-0.013315148470904072,0.02294075831481954,-0.05827903476795037,0.03164873782614223,0.9867731059772202,0.9433866730257544,1.0321548846528465,0.5616351379283858,0.57421428910137,age + sex + race + zcta_svi_proxy + strata(listing_center) + organ_score,model_based,stratified_baseline_hazard_by_listing_center
Initial-listing prior-year cause-specific Cox,Adjusted + SDOH + organ score at listing,Single-pollutant NO2,HR,Heart,raceBLACK,covariate,NA,previous_365_days_pm25_o3_or_12_complete_months_no2,death_or_deterioration_delist_cause_specific,79381,79381,168,10242,-0.16116395073503523,0.06557219151639476,-0.28968544610716895,-0.0326424553629015,0.8511525125870371,0.7484989738186443,0.9678845596637486,0.013978732922836613,0.57421428910137,age + sex + race + zcta_svi_proxy + strata(listing_center) + organ_score,model_based,stratified_baseline_hazard_by_listing_center
Initial-listing prior-year cause-specific Cox,Adjusted + SDOH + organ score at listing,Single-pollutant NO2,HR,Heart,raceMULTI,covariate,NA,previous_365_days_pm25_o3_or_12_complete_months_no2,death_or_deterioration_delist_cause_specific,79381,79381,168,10242,-0.07785342192883583,0.13390047507363353,-0.34029835307315753,0.1845915092154859,0.9251000159820539,0.7115579955752406,1.2027270368568328,0.5609523503859877,0.57421428910137,age + sex + race + zcta_svi_proxy + strata(listing_center) + organ_score,model_based,stratified_baseline_hazard_by_listing_center
Initial-listing prior-year cause-specific Cox,Adjusted + SDOH + organ score at listing,Single-pollutant NO2,HR,Heart,raceMissing,covariate,NA,previous_365_days_pm25_o3_or_12_complete_months_no2,death_or_deterioration_delist_cause_specific,79381,79381,168,10242,-0.12425517811705256,0.25144683312381466,-0.6170909710397292,0.36858061480562415,0.8831544504368901,0.5395116119152185,1.4456811792385524,0.6211925938360074,0.57421428910137,age + sex + race + zcta_svi_proxy + strata(listing_center) + organ_score,model_based,stratified_baseline_hazard_by_listing_center
Initial-listing prior-year cause-specific Cox,Adjusted + SDOH + organ score at listing,Single-pollutant NO2,HR,Heart,raceNATIVE,covariate,NA,previous_365_days_pm25_o3_or_12_complete_months_no2,death_or_deterioration_delist_cause_specific,79381,79381,168,10242,0.2516570320845594,0.1518497435265443,-0.04596846522746739,0.5492825293965862,1.2861548517844792,0.9550720796966232,1.7320099057803124,0.09746355876417372,0.57421428910137,age + sex + race + zcta_svi_proxy + strata(listing_center) + organ_score,model_based,stratified_baseline_hazard_by_listing_center
Initial-listing prior-year cause-specific Cox,Adjusted + SDOH + organ score at listing,Single-pollutant NO2,HR,Heart,racePACIFIC,covariate,NA,previous_365_days_pm25_o3_or_12_complete_months_no2,death_or_deterioration_delist_cause_specific,79381,79381,168,10242,0.06211721631329545,0.20336739729791092,-0.33648288239060997,0.4607173150172008,1.0640870657810961,0.7142781102051922,1.5852106726851112,0.7600285201668939,0.57421428910137,age + sex + race + zcta_svi_proxy + strata(listing_center) + organ_score,model_based,stratified_baseline_hazard_by_listing_center
Initial-listing prior-year cause-specific Cox,Adjusted + SDOH + organ score at listing,Single-pollutant NO2,HR,Heart,raceWHITE,covariate,NA,previous_365_days_pm25_o3_or_12_complete_months_no2,death_or_deterioration_delist_cause_specific,79381,79381,168,10242,-0.05459946917158298,0.0625091013058005,-0.17711730773095197,0.06791836938778599,0.9468643203639289,0.8376815122415959,1.0702779374694735,0.3824100501680227,0.57421428910137,age + sex + race + zcta_svi_proxy + strata(listing_center) + organ_score,model_based,stratified_baseline_hazard_by_listing_center
Initial-listing prior-year cause-specific Cox,Adjusted + SDOH + organ score at listing,Single-pollutant NO2,HR,Heart,zcta_svi_proxy,covariate,NA,previous_365_days_pm25_o3_or_12_complete_months_no2,death_or_deterioration_delist_cause_specific,79381,79381,168,10242,0.03002240175987319,0.05895944423570057,-0.08553810894209993,0.1455829124618463,1.0304776182071098,0.9180181576867175,1.1567136365816588,0.6106090385163725,0.57421428910137,age + sex + race + zcta_svi_proxy + strata(listing_center) + organ_score,model_based,stratified_baseline_hazard_by_listing_center
Initial-listing prior-year cause-specific Cox,Adjusted + SDOH + organ score at listing,Single-pollutant NO2,HR,Heart,organ_score,organ_severity,NA,previous_365_days_pm25_o3_or_12_complete_months_no2,death_or_deterioration_delist_cause_specific,79381,79381,168,10242,0.18516213859850303,0.00850047399592458,0.16850120956649084,0.20182306763051522,1.2034135440957852,1.1835296584018087,1.2236314889385838,3.3951198812943106e-105,0.57421428910137,age + sex + race + zcta_svi_proxy + strata(listing_center) + organ_score,model_based,stratified_baseline_hazard_by_listing_center
Initial-listing prior-year cause-specific Cox,Adjusted + SDOH + organ score at listing,Multipollutant PM2.5 + NO2,HR,Heart,pm25_prior_5ug,pollutant,Prior-year PM2.5 per 5 ug/m3,previous_365_days_pm25_o3_or_12_complete_months_no2,death_or_deterioration_delist_cause_specific,74028,74028,167,10010,0.22529807056206738,0.031155855523291687,0.1642325937364157,0.2863635473877191,1.2526960523652668,1.1784883922356457,1.3315764584109224,4.783094047535942e-13,0.5746947231990117,age + sex + race + zcta_svi_proxy + strata(listing_center) + organ_score,model_based,stratified_baseline_hazard_by_listing_center
Initial-listing prior-year cause-specific Cox,Adjusted + SDOH + organ score at listing,Multipollutant PM2.5 + NO2,HR,Heart,no2_prior_10ppb,pollutant,Prior-year NO2 per 10 ppb,previous_365_days_pm25_o3_or_12_complete_months_no2,death_or_deterioration_delist_cause_specific,74028,74028,167,10010,0.13119714082951245,0.02423531206751006,0.08369592917719273,0.17869835248183216,1.140192537659614,1.0872982278716563,1.1956600218869537,6.181486931828235e-8,0.5746947231990117,age + sex + race + zcta_svi_proxy + strata(listing_center) + organ_score,model_based,stratified_baseline_hazard_by_listing_center
Initial-listing prior-year cause-specific Cox,Adjusted + SDOH + organ score at listing,Multipollutant PM2.5 + NO2,HR,Heart,age,covariate,NA,previous_365_days_pm25_o3_or_12_complete_months_no2,death_or_deterioration_delist_cause_specific,74028,74028,167,10010,0.003284798432455381,7.500545948316281e-4,0.0018146914265853903,0.004754905438325372,1.0032901992947887,1.0018163389755192,1.0047662279398841,1.1899971638153257e-5,0.5746947231990117,age + sex + race + zcta_svi_proxy + strata(listing_center) + organ_score,model_based,stratified_baseline_hazard_by_listing_center
Initial-listing prior-year cause-specific Cox,Adjusted + SDOH + organ score at listing,Multipollutant PM2.5 + NO2,HR,Heart,sexM,covariate,NA,previous_365_days_pm25_o3_or_12_complete_months_no2,death_or_deterioration_delist_cause_specific,74028,74028,167,10010,-0.013300301038712638,0.023221602999449028,-0.058814642917632734,0.03221404084020746,0.9867877571327652,0.9428815227287644,1.0327385298727811,0.5668102473981272,0.5746947231990117,age + sex + race + zcta_svi_proxy + strata(listing_center) + organ_score,model_based,stratified_baseline_hazard_by_listing_center
Initial-listing prior-year cause-specific Cox,Adjusted + SDOH + organ score at listing,Multipollutant PM2.5 + NO2,HR,Heart,raceBLACK,covariate,NA,previous_365_days_pm25_o3_or_12_complete_months_no2,death_or_deterioration_delist_cause_specific,74028,74028,167,10010,-0.13289414623090282,0.06716234597787318,-0.26453234434753425,-0.0012559481142713769,0.8755577682934591,0.7675648220827114,0.9987448402584752,0.04784977243370876,0.5746947231990117,age + sex + race + zcta_svi_proxy + strata(listing_center) + organ_score,model_based,stratified_baseline_hazard_by_listing_center
Initial-listing prior-year cause-specific Cox,Adjusted + SDOH + organ score at listing,Multipollutant PM2.5 + NO2,HR,Heart,raceMULTI,covariate,NA,previous_365_days_pm25_o3_or_12_complete_months_no2,death_or_deterioration_delist_cause_specific,74028,74028,167,10010,-0.05042478672654814,0.13613888427468174,-0.31725699990492434,0.21640742645182803,0.9508254406768418,0.7281435982415618,1.241608139962504,0.7110902525599259,0.5746947231990117,age + sex + race + zcta_svi_proxy + strata(listing_center) + organ_score,model_based,stratified_baseline_hazard_by_listing_center
Initial-listing prior-year cause-specific Cox,Adjusted + SDOH + organ score at listing,Multipollutant PM2.5 + NO2,HR,Heart,raceMissing,covariate,NA,previous_365_days_pm25_o3_or_12_complete_months_no2,death_or_deterioration_delist_cause_specific,74028,74028,167,10010,-0.06261848855125811,0.3093792175236154,-0.6690017548975443,0.5437647777950282,0.9393017597148318,0.5122196434101409,1.7224794229473162,0.8396036874877176,0.5746947231990117,age + sex + race + zcta_svi_proxy + strata(listing_center) + organ_score,model_based,stratified_baseline_hazard_by_listing_center
Initial-listing prior-year cause-specific Cox,Adjusted + SDOH + organ score at listing,Multipollutant PM2.5 + NO2,HR,Heart,raceNATIVE,covariate,NA,previous_365_days_pm25_o3_or_12_complete_months_no2,death_or_deterioration_delist_cause_specific,74028,74028,167,10010,0.2573992951613698,0.15751910879731348,-0.05133815808136466,0.5661367484041042,1.2935615365149986,0.949957380446919,1.7614489693883095,0.10224142749555427,0.5746947231990117,age + sex + race + zcta_svi_proxy + strata(listing_center) + organ_score,model_based,stratified_baseline_hazard_by_listing_center
Initial-listing prior-year cause-specific Cox,Adjusted + SDOH + organ score at listing,Multipollutant PM2.5 + NO2,HR,Heart,racePACIFIC,covariate,NA,previous_365_days_pm25_o3_or_12_complete_months_no2,death_or_deterioration_delist_cause_specific,74028,74028,167,10010,0.08870394462451175,0.207887121600195,-0.3187548137118705,0.496162702960894,1.0927570918210514,0.7270537910745306,1.6424067605237098,0.669603072237336,0.5746947231990117,age + sex + race + zcta_svi_proxy + strata(listing_center) + organ_score,model_based,stratified_baseline_hazard_by_listing_center
Initial-listing prior-year cause-specific Cox,Adjusted + SDOH + organ score at listing,Multipollutant PM2.5 + NO2,HR,Heart,raceWHITE,covariate,NA,previous_365_days_pm25_o3_or_12_complete_months_no2,death_or_deterioration_delist_cause_specific,74028,74028,167,10010,-0.04095483676639068,0.06410775922879114,-0.16660604485482133,0.08469637132203996,0.9598724799139248,0.8465330417019142,1.0883865511543025,0.5229246300133725,0.5746947231990117,age + sex + race + zcta_svi_proxy + strata(listing_center) + organ_score,model_based,stratified_baseline_hazard_by_listing_center
Initial-listing prior-year cause-specific Cox,Adjusted + SDOH + organ score at listing,Multipollutant PM2.5 + NO2,HR,Heart,zcta_svi_proxy,covariate,NA,previous_365_days_pm25_o3_or_12_complete_months_no2,death_or_deterioration_delist_cause_specific,74028,74028,167,10010,0.049268062786139634,0.05949167679262263,-0.0673356237274007,0.16587174929968,1.050501913469867,0.9348813803032949,1.1804217021049621,0.40758526435922465,0.5746947231990117,age + sex + race + zcta_svi_proxy + strata(listing_center) + organ_score,model_based,stratified_baseline_hazard_by_listing_center
Initial-listing prior-year cause-specific Cox,Adjusted + SDOH + organ score at listing,Multipollutant PM2.5 + NO2,HR,Heart,organ_score,organ_severity,NA,previous_365_days_pm25_o3_or_12_complete_months_no2,death_or_deterioration_delist_cause_specific,74028,74028,167,10010,0.18314061114643607,0.00869761531985753,0.16609328511951532,0.2001879371733568,1.2009832678429122,1.180683236763067,1.2216323267136255,1.997228855462517e-98,0.5746947231990117,age + sex + race + zcta_svi_proxy + strata(listing_center) + organ_score,model_based,stratified_baseline_hazard_by_listing_center
Initial-listing prior-year cause-specific Cox,Adjusted + SDOH + organ score at listing,Multipollutant PM2.5 + NO2 + O3,HR,Heart,pm25_prior_5ug,pollutant,Prior-year PM2.5 per 5 ug/m3,previous_365_days_pm25_o3_or_12_complete_months_no2,death_or_deterioration_delist_cause_specific,74028,74028,167,10010,0.21332668238201824,0.032083543745706926,0.15044293664043268,0.2762104281236038,1.2377889490438303,1.162348975673122,1.318125205459721,2.9489112302555227e-11,0.5746705339468028,age + sex + race + zcta_svi_proxy + strata(listing_center) + organ_score,model_based,stratified_baseline_hazard_by_listing_center
Initial-listing prior-year cause-specific Cox,Adjusted + SDOH + organ score at listing,Multipollutant PM2.5 + NO2 + O3,HR,Heart,no2_prior_10ppb,pollutant,Prior-year NO2 per 10 ppb,previous_365_days_pm25_o3_or_12_complete_months_no2,death_or_deterioration_delist_cause_specific,74028,74028,167,10010,0.14498335656154587,0.025821065858193496,0.09437406747948662,0.19559264564360512,1.1560203299546963,1.0989707582607775,1.2160314487198132,1.966471532925808e-8,0.5746705339468028,age + sex + race + zcta_svi_proxy + strata(listing_center) + organ_score,model_based,stratified_baseline_hazard_by_listing_center
Initial-listing prior-year cause-specific Cox,Adjusted + SDOH + organ score at listing,Multipollutant PM2.5 + NO2 + O3,HR,Heart,o3_prior_10ppb,pollutant,Prior-year O3 per 10 ppb,previous_365_days_pm25_o3_or_12_complete_months_no2,death_or_deterioration_delist_cause_specific,74028,74028,167,10010,0.058188556134236465,0.03758792667792323,-0.015483780154493067,0.131860892422966,1.059914830312699,0.9846354772575349,1.1409495934940432,0.12160663221183202,0.5746705339468028,age + sex + race + zcta_svi_proxy + strata(listing_center) + organ_score,model_based,stratified_baseline_hazard_by_listing_center
Initial-listing prior-year cause-specific Cox,Adjusted + SDOH + organ score at listing,Multipollutant PM2.5 + NO2 + O3,HR,Heart,age,covariate,NA,previous_365_days_pm25_o3_or_12_complete_months_no2,death_or_deterioration_delist_cause_specific,74028,74028,167,10010,0.0032823838151579197,7.500323007360281e-4,0.0018123205057153048,0.004752447124600535,1.0032877767358437,1.0018139637510688,1.0047637579123117,1.2069796470045584e-5,0.5746705339468028,age + sex + race + zcta_svi_proxy + strata(listing_center) + organ_score,model_based,stratified_baseline_hazard_by_listing_center
Initial-listing prior-year cause-specific Cox,Adjusted + SDOH + organ score at listing,Multipollutant PM2.5 + NO2 + O3,HR,Heart,sexM,covariate,NA,previous_365_days_pm25_o3_or_12_complete_months_no2,death_or_deterioration_delist_cause_specific,74028,74028,167,10010,-0.013185047282196015,0.023222313139577875,-0.05870078103576865,0.03233068647137662,0.9869014946828735,0.9429888871055561,1.032859001336529,0.5701878030434226,0.5746705339468028,age + sex + race + zcta_svi_proxy + strata(listing_center) + organ_score,model_based,stratified_baseline_hazard_by_listing_center
Initial-listing prior-year cause-specific Cox,Adjusted + SDOH + organ score at listing,Multipollutant PM2.5 + NO2 + O3,HR,Heart,raceBLACK,covariate,NA,previous_365_days_pm25_o3_or_12_complete_months_no2,death_or_deterioration_delist_cause_specific,74028,74028,167,10010,-0.1359281970700102,0.06718130904403155,-0.26760356279631203,-0.004252831343708352,0.8729053073972461,0.7652110791200203,0.9957561991372708,0.04304183659919001,0.5746705339468028,age + sex + race + zcta_svi_proxy + strata(listing_center) + organ_score,model_based,stratified_baseline_hazard_by_listing_center
Initial-listing prior-year cause-specific Cox,Adjusted + SDOH + organ score at listing,Multipollutant PM2.5 + NO2 + O3,HR,Heart,raceMULTI,covariate,NA,previous_365_days_pm25_o3_or_12_complete_months_no2,death_or_deterioration_delist_cause_specific,74028,74028,167,10010,-0.052610909222229225,0.13614737998702453,-0.3194597739967973,0.21423795555233888,0.9487490901966884,0.726541427645971,1.2389174270013639,0.6991810791267691,0.5746705339468028,age + sex + race + zcta_svi_proxy + strata(listing_center) + organ_score,model_based,stratified_baseline_hazard_by_listing_center
Initial-listing prior-year cause-specific Cox,Adjusted + SDOH + organ score at listing,Multipollutant PM2.5 + NO2 + O3,HR,Heart,raceMissing,covariate,NA,previous_365_days_pm25_o3_or_12_complete_months_no2,death_or_deterioration_delist_cause_specific,74028,74028,167,10010,-0.06789507193961777,0.309398720569973,-0.6743165642567648,0.5385264203775293,0.9343585088598338,0.5095045152408981,1.7134800516262316,0.8263057612370899,0.5746705339468028,age + sex + race + zcta_svi_proxy + strata(listing_center) + organ_score,model_based,stratified_baseline_hazard_by_listing_center
Initial-listing prior-year cause-specific Cox,Adjusted + SDOH + organ score at listing,Multipollutant PM2.5 + NO2 + O3,HR,Heart,raceNATIVE,covariate,NA,previous_365_days_pm25_o3_or_12_complete_months_no2,death_or_deterioration_delist_cause_specific,74028,74028,167,10010,0.25102102129310044,0.15757431710305678,-0.05782464022889083,0.5598666828150918,1.2853371034951908,0.9438154401855494,1.7504391211237382,0.11115288187285331,0.5746705339468028,age + sex + race + zcta_svi_proxy + strata(listing_center) + organ_score,model_based,stratified_baseline_hazard_by_listing_center
Initial-listing prior-year cause-specific Cox,Adjusted + SDOH + organ score at listing,Multipollutant PM2.5 + NO2 + O3,HR,Heart,racePACIFIC,covariate,NA,previous_365_days_pm25_o3_or_12_complete_months_no2,death_or_deterioration_delist_cause_specific,74028,74028,167,10010,0.08966238584875297,0.20788857006589237,-0.3177992114803961,0.497123983177902,1.09380493733489,0.7277488973693504,1.6439863327350055,0.6662500909593029,0.5746705339468028,age + sex + race + zcta_svi_proxy + strata(listing_center) + organ_score,model_based,stratified_baseline_hazard_by_listing_center
Initial-listing prior-year cause-specific Cox,Adjusted + SDOH + organ score at listing,Multipollutant PM2.5 + NO2 + O3,HR,Heart,raceWHITE,covariate,NA,previous_365_days_pm25_o3_or_12_complete_months_no2,death_or_deterioration_delist_cause_specific,74028,74028,167,10010,-0.04469090058013949,0.06414401908004091,-0.1704131779770197,0.08103137681674069,0.9562930257739999,0.8433163048778212,1.0844049212074505,0.4859733597579733,0.5746705339468028,age + sex + race + zcta_svi_proxy + strata(listing_center) + organ_score,model_based,stratified_baseline_hazard_by_listing_center
Initial-listing prior-year cause-specific Cox,Adjusted + SDOH + organ score at listing,Multipollutant PM2.5 + NO2 + O3,HR,Heart,zcta_svi_proxy,covariate,NA,previous_365_days_pm25_o3_or_12_complete_months_no2,death_or_deterioration_delist_cause_specific,74028,74028,167,10010,0.05660550517092628,0.05967410512466643,-0.06035574087341992,0.17356675121527249,1.0582382585189734,0.9414295690303396,1.189540087365983,0.34283560961807824,0.5746705339468028,age + sex + race + zcta_svi_proxy + strata(listing_center) + organ_score,model_based,stratified_baseline_hazard_by_listing_center
Initial-listing prior-year cause-specific Cox,Adjusted + SDOH + organ score at listing,Multipollutant PM2.5 + NO2 + O3,HR,Heart,organ_score,organ_severity,NA,previous_365_days_pm25_o3_or_12_complete_months_no2,death_or_deterioration_delist_cause_specific,74028,74028,167,10010,0.18399292230532674,0.008715454600626685,0.16691063128809844,0.20107521332255504,1.2020073156254198,1.181648658170944,1.2227167329529618,6.287827736265242e-99,0.5746705339468028,age + sex + race + zcta_svi_proxy + strata(listing_center) + organ_score,model_based,stratified_baseline_hazard_by_listing_center
Initial-listing prior-year cause-specific Cox,Unadjusted,Single-pollutant PM2.5,KI,Kidney,pm25_prior_5ug,pollutant,Prior-year PM2.5 per 5 ug/m3,previous_365_days_pm25_o3_or_12_complete_months_no2,death_or_deterioration_delist_cause_specific,564725,564725,NA,123423,-0.143880042305598,0.0053214860161232514,-0.15431015489719957,-0.13344992971399644,0.865991624187319,0.8570061751247415,0.8750712829501293,5.348225006437958e-161,0.5129037894928838,None,model_based,none
Initial-listing prior-year cause-specific Cox,Unadjusted,Single-pollutant O3,KI,Kidney,o3_prior_10ppb,pollutant,Prior-year O3 per 10 ppb,previous_365_days_pm25_o3_or_12_complete_months_no2,death_or_deterioration_delist_cause_specific,564725,564725,NA,123423,-0.007224296856157061,0.00578546443692555,-0.01856380715253114,0.004115213440217018,0.9928017356498035,0.9816074390179268,1.0041236925581831,0.21177561687319346,0.4971402112840426,None,model_based,none
Initial-listing prior-year cause-specific Cox,Unadjusted,Single-pollutant NO2,KI,Kidney,no2_prior_10ppb,pollutant,Prior-year NO2 per 10 ppb,previous_365_days_pm25_o3_or_12_complete_months_no2,death_or_deterioration_delist_cause_specific,600708,600708,NA,124065,-0.15818196005102003,0.004313411873787371,-0.16663624732364327,-0.1497276727783968,0.8536944295529867,0.8465074747002107,0.8609424025557489,2.0324776665640604e-294,0.5320157470872766,None,model_based,none
Initial-listing prior-year cause-specific Cox,Unadjusted,Multipollutant PM2.5 + NO2,KI,Kidney,pm25_prior_5ug,pollutant,Prior-year PM2.5 per 5 ug/m3,previous_365_days_pm25_o3_or_12_complete_months_no2,death_or_deterioration_delist_cause_specific,564725,564725,NA,123423,-0.06879131356629657,0.005950035106329493,-0.08045338237470238,-0.05712924475789077,0.9335214730191629,0.9226979165669046,0.9444719934237308,6.457307891427657e-31,0.5301635903416511,None,model_based,none
Initial-listing prior-year cause-specific Cox,Unadjusted,Multipollutant PM2.5 + NO2,KI,Kidney,no2_prior_10ppb,pollutant,Prior-year NO2 per 10 ppb,previous_365_days_pm25_o3_or_12_complete_months_no2,death_or_deterioration_delist_cause_specific,564725,564725,NA,123423,-0.13264438637905024,0.004829010029674717,-0.14210924603721267,-0.12317952672088779,0.8757764747828697,0.8675264774790512,0.8841049278540681,4.208021806420571e-166,0.5301635903416511,None,model_based,none
Initial-listing prior-year cause-specific Cox,Unadjusted,Multipollutant PM2.5 + NO2 + O3,KI,Kidney,pm25_prior_5ug,pollutant,Prior-year PM2.5 per 5 ug/m3,previous_365_days_pm25_o3_or_12_complete_months_no2,death_or_deterioration_delist_cause_specific,564725,564725,NA,123423,-0.04676128690164889,0.006482375989619302,-0.05946674384130272,-0.034055829961995056,0.954315177935142,0.9422668692467143,0.9665175424935035,5.449047051024517e-13,0.5303513415812673,None,model_based,none
Initial-listing prior-year cause-specific Cox,Unadjusted,Multipollutant PM2.5 + NO2 + O3,KI,Kidney,no2_prior_10ppb,pollutant,Prior-year NO2 per 10 ppb,previous_365_days_pm25_o3_or_12_complete_months_no2,death_or_deterioration_delist_cause_specific,564725,564725,NA,123423,-0.15242153859964622,0.005339053649742305,-0.16288608375314112,-0.14195699344615131,0.8586262603322962,0.8496879761668829,0.8676585706885732,2.9388337289212505e-179,0.5303513415812673,None,model_based,none
Initial-listing prior-year cause-specific Cox,Unadjusted,Multipollutant PM2.5 + NO2 + O3,KI,Kidney,o3_prior_10ppb,pollutant,Prior-year O3 per 10 ppb,previous_365_days_pm25_o3_or_12_complete_months_no2,death_or_deterioration_delist_cause_specific,564725,564725,NA,123423,-0.058047895639426673,0.006739915229861436,-0.0712581294899551,-0.04483766178889826,0.9436047518015166,0.9312214853738359,0.9561526893518331,7.144953459739461e-18,0.5303513415812673,None,model_based,none
Initial-listing prior-year cause-specific Cox,Adjusted + SDOH,Single-pollutant PM2.5,KI,Kidney,pm25_prior_5ug,pollutant,Prior-year PM2.5 per 5 ug/m3,previous_365_days_pm25_o3_or_12_complete_months_no2,death_or_deterioration_delist_cause_specific,564179,564179,277,123299,-0.07351456240870963,0.007130664126800651,-0.08749066409723891,-0.059538460720180354,0.929122615429735,0.9162274254210998,0.9421992952309098,6.374127840261585e-25,0.6410530984354635,age + sex + race + zcta_svi_proxy + strata(listing_center),model_based,stratified_baseline_hazard_by_listing_center
Initial-listing prior-year cause-specific Cox,Adjusted + SDOH,Single-pollutant PM2.5,KI,Kidney,age,covariate,NA,previous_365_days_pm25_o3_or_12_complete_months_no2,death_or_deterioration_delist_cause_specific,564179,564179,277,123299,0.04849553957480995,2.6874883381258736e-4,0.04796879186053728,0.04902228728908262,1.0496906897430889,1.0491379131712524,1.050243757565422,0,0.6410530984354635,age + sex + race + zcta_svi_proxy + strata(listing_center),model_based,stratified_baseline_hazard_by_listing_center
Initial-listing prior-year cause-specific Cox,Adjusted + SDOH,Single-pollutant PM2.5,KI,Kidney,sexM,covariate,NA,previous_365_days_pm25_o3_or_12_complete_months_no2,death_or_deterioration_delist_cause_specific,564179,564179,277,123299,0.07152307296408118,0.005953895688607957,0.059853437414409585,0.08319270851375278,1.0741429340767359,1.061680932439505,1.0867512145818083,3.0429129105265116e-33,0.6410530984354635,age + sex + race + zcta_svi_proxy + strata(listing_center),model_based,stratified_baseline_hazard_by_listing_center
Initial-listing prior-year cause-specific Cox,Adjusted + SDOH,Single-pollutant PM2.5,KI,Kidney,raceBLACK,covariate,NA,previous_365_days_pm25_o3_or_12_complete_months_no2,death_or_deterioration_delist_cause_specific,564179,564179,277,123299,0.09134730281609837,0.013389072380111762,0.06510472095107932,0.11758988468111743,1.0956494613312855,1.067270784143871,1.1247827261368304,8.945304297476163e-12,0.6410530984354635,age + sex + race + zcta_svi_proxy + strata(listing_center),model_based,stratified_baseline_hazard_by_listing_center
Initial-listing prior-year cause-specific Cox,Adjusted + SDOH,Single-pollutant PM2.5,KI,Kidney,raceMULTI,covariate,NA,previous_365_days_pm25_o3_or_12_complete_months_no2,death_or_deterioration_delist_cause_specific,564179,564179,277,123299,0.15570956765940822,0.04387780667075777,0.06970906658472299,0.24171006873409345,1.1684867874509857,1.072196198171484,1.2734249335858518,3.871246364678429e-4,0.6410530984354635,age + sex + race + zcta_svi_proxy + strata(listing_center),model_based,stratified_baseline_hazard_by_listing_center
Initial-listing prior-year cause-specific Cox,Adjusted + SDOH,Single-pollutant PM2.5,KI,Kidney,raceMissing,covariate,NA,previous_365_days_pm25_o3_or_12_complete_months_no2,death_or_deterioration_delist_cause_specific,564179,564179,277,123299,0.3507908695506065,0.19311272480518785,-0.02771007106756168,0.7292918101687746,1.4201902898200978,0.9726703311951918,2.0736115769265107,0.06929243422902466,0.6410530984354635,age + sex + race + zcta_svi_proxy + strata(listing_center),model_based,stratified_baseline_hazard_by_listing_center
Initial-listing prior-year cause-specific Cox,Adjusted + SDOH,Single-pollutant PM2.5,KI,Kidney,raceNATIVE,covariate,NA,previous_365_days_pm25_o3_or_12_complete_months_no2,death_or_deterioration_delist_cause_specific,564179,564179,277,123299,0.33850611972101996,0.030768495978754,0.27819986760266213,0.3988123718393778,1.4028503339802088,1.320750145996207,1.490054016283285,3.749465487570593e-28,0.6410530984354635,age + sex + race + zcta_svi_proxy + strata(listing_center),model_based,stratified_baseline_hazard_by_listing_center
Initial-listing prior-year cause-specific Cox,Adjusted + SDOH,Single-pollutant PM2.5,KI,Kidney,racePACIFIC,covariate,NA,previous_365_days_pm25_o3_or_12_complete_months_no2,death_or_deterioration_delist_cause_specific,564179,564179,277,123299,0.29977895734997645,0.04515130546497672,0.21128239863862208,0.3882755160613308,1.3495604641825407,1.235261141875424,1.4744359591198686,3.148973070284339e-11,0.6410530984354635,age + sex + race + zcta_svi_proxy + strata(listing_center),model_based,stratified_baseline_hazard_by_listing_center
Initial-listing prior-year cause-specific Cox,Adjusted + SDOH,Single-pollutant PM2.5,KI,Kidney,raceWHITE,covariate,NA,previous_365_days_pm25_o3_or_12_complete_months_no2,death_or_deterioration_delist_cause_specific,564179,564179,277,123299,0.22836021786634053,0.012287718978919601,0.20427628866765812,0.25244414706502294,1.256537871310875,1.2266370125484887,1.2871676020586833,4.2956221647062255e-77,0.6410530984354635,age + sex + race + zcta_svi_proxy + strata(listing_center),model_based,stratified_baseline_hazard_by_listing_center
Initial-listing prior-year cause-specific Cox,Adjusted + SDOH,Single-pollutant PM2.5,KI,Kidney,zcta_svi_proxy,covariate,NA,previous_365_days_pm25_o3_or_12_complete_months_no2,death_or_deterioration_delist_cause_specific,564179,564179,277,123299,0.33272598273927734,0.01677140253609646,0.29985403376852826,0.3655979317100264,1.3947650564016263,1.3496617881522834,1.4413755947127207,1.374646955182619e-87,0.6410530984354635,age + sex + race + zcta_svi_proxy + strata(listing_center),model_based,stratified_baseline_hazard_by_listing_center
Initial-listing prior-year cause-specific Cox,Adjusted + SDOH,Single-pollutant O3,KI,Kidney,o3_prior_10ppb,pollutant,Prior-year O3 per 10 ppb,previous_365_days_pm25_o3_or_12_complete_months_no2,death_or_deterioration_delist_cause_specific,564179,564179,277,123299,0.04927733653484383,0.008473409486232469,0.032669453941828186,0.06588521912785947,1.0505116556057987,1.0332089596416432,1.0681041122082398,6.044337388154171e-9,0.6417390825329516,age + sex + race + zcta_svi_proxy + strata(listing_center),model_based,stratified_baseline_hazard_by_listing_center
Initial-listing prior-year cause-specific Cox,Adjusted + SDOH,Single-pollutant O3,KI,Kidney,age,covariate,NA,previous_365_days_pm25_o3_or_12_complete_months_no2,death_or_deterioration_delist_cause_specific,564179,564179,277,123299,0.04867727038309488,2.683747577923104e-4,0.04815125585782195,0.049203284908367804,1.0498814682152229,1.049329360534187,1.0504338663893136,0,0.6417390825329516,age + sex + race + zcta_svi_proxy + strata(listing_center),model_based,stratified_baseline_hazard_by_listing_center
Initial-listing prior-year cause-specific Cox,Adjusted + SDOH,Single-pollutant O3,KI,Kidney,sexM,covariate,NA,previous_365_days_pm25_o3_or_12_complete_months_no2,death_or_deterioration_delist_cause_specific,564179,564179,277,123299,0.07218596971142979,0.0059535227527582075,0.060517065116023706,0.08385487430683589,1.074855215992522,1.0623857271513286,1.0874710623646826,7.793904768386082e-34,0.6417390825329516,age + sex + race + zcta_svi_proxy + strata(listing_center),model_based,stratified_baseline_hazard_by_listing_center
Initial-listing prior-year cause-specific Cox,Adjusted + SDOH,Single-pollutant O3,KI,Kidney,raceBLACK,covariate,NA,previous_365_days_pm25_o3_or_12_complete_months_no2,death_or_deterioration_delist_cause_specific,564179,564179,277,123299,0.08714107321178709,0.013399423353550727,0.06087820343882766,0.11340394298474651,1.0910505868724465,1.0627694646379884,1.1200842917708342,7.85533435985956e-11,0.6417390825329516,age + sex + race + zcta_svi_proxy + strata(listing_center),model_based,stratified_baseline_hazard_by_listing_center
Initial-listing prior-year cause-specific Cox,Adjusted + SDOH,Single-pollutant O3,KI,Kidney,raceMULTI,covariate,NA,previous_365_days_pm25_o3_or_12_complete_months_no2,death_or_deterioration_delist_cause_specific,564179,564179,277,123299,0.15864256505461527,0.043875160956447015,0.07264724957997912,0.24463788052925142,1.1719189870106472,1.0753511394362216,1.2771587454085893,2.994542123299495e-4,0.6417390825329516,age + sex + race + zcta_svi_proxy + strata(listing_center),model_based,stratified_baseline_hazard_by_listing_center
Initial-listing prior-year cause-specific Cox,Adjusted + SDOH,Single-pollutant O3,KI,Kidney,raceMissing,covariate,NA,previous_365_days_pm25_o3_or_12_complete_months_no2,death_or_deterioration_delist_cause_specific,564179,564179,277,123299,0.3559873607716463,0.19311411569135364,-0.02251630598340687,0.7344910275266994,1.4275895045200726,0.9777352941278706,2.0844208096566166,0.06527002576669731,0.6417390825329516,age + sex + race + zcta_svi_proxy + strata(listing_center),model_based,stratified_baseline_hazard_by_listing_center
Initial-listing prior-year cause-specific Cox,Adjusted + SDOH,Single-pollutant O3,KI,Kidney,raceNATIVE,covariate,NA,previous_365_days_pm25_o3_or_12_complete_months_no2,death_or_deterioration_delist_cause_specific,564179,564179,277,123299,0.3398079393239809,0.030787613510734366,0.27946421684294154,0.40015166180502026,1.4046777812902838,1.32242109154667,1.4920509676255118,2.52889315660205e-28,0.6417390825329516,age + sex + race + zcta_svi_proxy + strata(listing_center),model_based,stratified_baseline_hazard_by_listing_center
Initial-listing prior-year cause-specific Cox,Adjusted + SDOH,Single-pollutant O3,KI,Kidney,racePACIFIC,covariate,NA,previous_365_days_pm25_o3_or_12_complete_months_no2,death_or_deterioration_delist_cause_specific,564179,564179,277,123299,0.30475899658603117,0.045156489666484854,0.21625227683972087,0.3932657163323415,1.3562980911440439,1.2414155198840515,1.4818120786928706,1.4891649186220036e-11,0.6417390825329516,age + sex + race + zcta_svi_proxy + strata(listing_center),model_based,stratified_baseline_hazard_by_listing_center
Initial-listing prior-year cause-specific Cox,Adjusted + SDOH,Single-pollutant O3,KI,Kidney,raceWHITE,covariate,NA,previous_365_days_pm25_o3_or_12_complete_months_no2,death_or_deterioration_delist_cause_specific,564179,564179,277,123299,0.22147453991971333,0.012331301417605519,0.1973051891412065,0.24564389069822015,1.2479154757880977,1.218115739680261,1.2784442265890124,3.9825907530417013e-72,0.6417390825329516,age + sex + race + zcta_svi_proxy + strata(listing_center),model_based,stratified_baseline_hazard_by_listing_center
Initial-listing prior-year cause-specific Cox,Adjusted + SDOH,Single-pollutant O3,KI,Kidney,zcta_svi_proxy,covariate,NA,previous_365_days_pm25_o3_or_12_complete_months_no2,death_or_deterioration_delist_cause_specific,564179,564179,277,123299,0.319107655064621,0.01668375317009092,0.28640749885124284,0.3518078112779992,1.3758994394763233,1.331634984431206,1.4216352751950851,1.509208334743187e-81,0.6417390825329516,age + sex + race + zcta_svi_proxy + strata(listing_center),model_based,stratified_baseline_hazard_by_listing_center
Initial-listing prior-year cause-specific Cox,Adjusted + SDOH,Single-pollutant NO2,KI,Kidney,no2_prior_10ppb,pollutant,Prior-year NO2 per 10 ppb,previous_365_days_pm25_o3_or_12_complete_months_no2,death_or_deterioration_delist_cause_specific,600141,600141,278,123941,-0.10037492204030316,0.005642055427761913,-0.1114333506787165,-0.08931649340188981,0.9044982381320308,0.8945510106341674,0.9145560768009935,8.374666920032383e-71,0.6409128894816506,age + sex + race + zcta_svi_proxy + strata(listing_center),model_based,stratified_baseline_hazard_by_listing_center
Initial-listing prior-year cause-specific Cox,Adjusted + SDOH,Single-pollutant NO2,KI,Kidney,age,covariate,NA,previous_365_days_pm25_o3_or_12_complete_months_no2,death_or_deterioration_delist_cause_specific,600141,600141,278,123941,0.048352623592738314,2.6781404076800557e-4,0.04782770807283302,0.04887753911264361,1.0495406828867366,1.0489899072615008,1.0500917476985387,0,0.6409128894816506,age + sex + race + zcta_svi_proxy + strata(listing_center),model_based,stratified_baseline_hazard_by_listing_center
Initial-listing prior-year cause-specific Cox,Adjusted + SDOH,Single-pollutant NO2,KI,Kidney,sexM,covariate,NA,previous_365_days_pm25_o3_or_12_complete_months_no2,death_or_deterioration_delist_cause_specific,600141,600141,278,123941,0.0704395516738613,0.005937681804929915,0.05880169533619867,0.08207740801152394,1.0729797076430316,1.0605649049186516,1.0855398360574948,1.839445714519713e-32,0.6409128894816506,age + sex + race + zcta_svi_proxy + strata(listing_center),model_based,stratified_baseline_hazard_by_listing_center
Initial-listing prior-year cause-specific Cox,Adjusted + SDOH,Single-pollutant NO2,KI,Kidney,raceBLACK,covariate,NA,previous_365_days_pm25_o3_or_12_complete_months_no2,death_or_deterioration_delist_cause_specific,600141,600141,278,123941,0.08762146161586068,0.013359266045164972,0.06143730016733734,0.11380562306438402,1.091574840835318,1.0633638217048909,1.1205342976915098,5.422323596388326e-11,0.6409128894816506,age + sex + race + zcta_svi_proxy + strata(listing_center),model_based,stratified_baseline_hazard_by_listing_center
Initial-listing prior-year cause-specific Cox,Adjusted + SDOH,Single-pollutant NO2,KI,Kidney,raceMULTI,covariate,NA,previous_365_days_pm25_o3_or_12_complete_months_no2,death_or_deterioration_delist_cause_specific,600141,600141,278,123941,0.1380291167421734,0.04376651393550248,0.05224674942858855,0.2238114840557583,1.14800897606892,1.0536356944460954,1.2508351948228689,0.001611811288081389,0.6409128894816506,age + sex + race + zcta_svi_proxy + strata(listing_center),model_based,stratified_baseline_hazard_by_listing_center
Initial-listing prior-year cause-specific Cox,Adjusted + SDOH,Single-pollutant NO2,KI,Kidney,raceMissing,covariate,NA,previous_365_days_pm25_o3_or_12_complete_months_no2,death_or_deterioration_delist_cause_specific,600141,600141,278,123941,0.34911902701283165,0.16521418795617698,0.02529921861872475,0.6729388354069386,1.4178179389329768,1.0256219598022729,1.9599889498735943,0.0345896581158416,0.6409128894816506,age + sex + race + zcta_svi_proxy + strata(listing_center),model_based,stratified_baseline_hazard_by_listing_center
Initial-listing prior-year cause-specific Cox,Adjusted + SDOH,Single-pollutant NO2,KI,Kidney,raceNATIVE,covariate,NA,previous_365_days_pm25_o3_or_12_complete_months_no2,death_or_deterioration_delist_cause_specific,600141,600141,278,123941,0.30501521651122115,0.030805555016927957,0.24463632867804236,0.36539410434439995,1.356645646262864,1.2771567634497838,1.4410818328617412,4.1087536492064973e-23,0.6409128894816506,age + sex + race + zcta_svi_proxy + strata(listing_center),model_based,stratified_baseline_hazard_by_listing_center
Initial-listing prior-year cause-specific Cox,Adjusted + SDOH,Single-pollutant NO2,KI,Kidney,racePACIFIC,covariate,NA,previous_365_days_pm25_o3_or_12_complete_months_no2,death_or_deterioration_delist_cause_specific,600141,600141,278,123941,0.2933215018714787,0.04514674588044953,0.20483387994579763,0.3818091237971598,1.340873814581238,1.227321165369226,1.464932437703663,8.190016140876946e-11,0.6409128894816506,age + sex + race + zcta_svi_proxy + strata(listing_center),model_based,stratified_baseline_hazard_by_listing_center
Initial-listing prior-year cause-specific Cox,Adjusted + SDOH,Single-pollutant NO2,KI,Kidney,raceWHITE,covariate,NA,previous_365_days_pm25_o3_or_12_complete_months_no2,death_or_deterioration_delist_cause_specific,600141,600141,278,123941,0.21325980225957192,0.012289209554493787,0.1891729515327641,0.23734665298637975,1.2377061683355786,1.2082499030859182,1.2678805561857391,1.858466548201295e-67,0.6409128894816506,age + sex + race + zcta_svi_proxy + strata(listing_center),model_based,stratified_baseline_hazard_by_listing_center
Initial-listing prior-year cause-specific Cox,Adjusted + SDOH,Single-pollutant NO2,KI,Kidney,zcta_svi_proxy,covariate,NA,previous_365_days_pm25_o3_or_12_complete_months_no2,death_or_deterioration_delist_cause_specific,600141,600141,278,123941,0.37778334747709236,0.017031438408647986,0.3444017281961423,0.4111649667580424,1.4590468024599306,1.4111454185571812,1.5085742006271379,5.178855053580045e-109,0.6409128894816506,age + sex + race + zcta_svi_proxy + strata(listing_center),model_based,stratified_baseline_hazard_by_listing_center
Initial-listing prior-year cause-specific Cox,Adjusted + SDOH,Multipollutant PM2.5 + NO2,KI,Kidney,pm25_prior_5ug,pollutant,Prior-year PM2.5 per 5 ug/m3,previous_365_days_pm25_o3_or_12_complete_months_no2,death_or_deterioration_delist_cause_specific,564179,564179,277,123299,-0.009874633840370609,0.008276855689484865,-0.026097270991760943,0.006348003311019727,0.9901739602751373,0.9742403196775329,1.0063681945861878,0.23285304884845057,0.6415020508929791,age + sex + race + zcta_svi_proxy + strata(listing_center),model_based,stratified_baseline_hazard_by_listing_center
Initial-listing prior-year cause-specific Cox,Adjusted + SDOH,Multipollutant PM2.5 + NO2,KI,Kidney,no2_prior_10ppb,pollutant,Prior-year NO2 per 10 ppb,previous_365_days_pm25_o3_or_12_complete_months_no2,death_or_deterioration_delist_cause_specific,564179,564179,277,123299,-0.09717712675637738,0.00659050771513603,-0.110094521878044,-0.08425973163471076,0.907395267917615,0.8957494633733818,0.9191924817219463,3.3125242032422907e-49,0.6415020508929791,age + sex + race + zcta_svi_proxy + strata(listing_center),model_based,stratified_baseline_hazard_by_listing_center
Initial-listing prior-year cause-specific Cox,Adjusted + SDOH,Multipollutant PM2.5 + NO2,KI,Kidney,age,covariate,NA,previous_365_days_pm25_o3_or_12_complete_months_no2,death_or_deterioration_delist_cause_specific,564179,564179,277,123299,0.04843524319362615,2.6884577447336134e-4,0.047908305475658365,0.04896218091159394,1.0496273991012526,1.0490744565307961,1.0501806331147845,0,0.6415020508929791,age + sex + race + zcta_svi_proxy + strata(listing_center),model_based,stratified_baseline_hazard_by_listing_center
Initial-listing prior-year cause-specific Cox,Adjusted + SDOH,Multipollutant PM2.5 + NO2,KI,Kidney,sexM,covariate,NA,previous_365_days_pm25_o3_or_12_complete_months_no2,death_or_deterioration_delist_cause_specific,564179,564179,277,123299,0.0711994569724988,0.005953899028705541,0.05952981487623594,0.08286909906876166,1.0737953804860065,1.0613374041511647,1.0863995885222397,5.864008199978081e-33,0.6415020508929791,age + sex + race + zcta_svi_proxy + strata(listing_center),model_based,stratified_baseline_hazard_by_listing_center
Initial-listing prior-year cause-specific Cox,Adjusted + SDOH,Multipollutant PM2.5 + NO2,KI,Kidney,raceBLACK,covariate,NA,previous_365_days_pm25_o3_or_12_complete_months_no2,death_or_deterioration_delist_cause_specific,564179,564179,277,123299,0.08699333506618984,0.013390302782873427,0.06074834161175792,0.11323832852062175,1.0908894089883432,1.0626314604144909,1.1198988049711505,8.207834289164785e-11,0.6415020508929791,age + sex + race + zcta_svi_proxy + strata(listing_center),model_based,stratified_baseline_hazard_by_listing_center
Initial-listing prior-year cause-specific Cox,Adjusted + SDOH,Multipollutant PM2.5 + NO2,KI,Kidney,raceMULTI,covariate,NA,previous_365_days_pm25_o3_or_12_complete_months_no2,death_or_deterioration_delist_cause_specific,564179,564179,277,123299,0.14158105853844383,0.043883206610287495,0.055569973582280344,0.22759214349460732,1.1520938875226747,1.05714298656619,1.2555731273198045,0.0012539515917752693,0.6415020508929791,age + sex + race + zcta_svi_proxy + strata(listing_center),model_based,stratified_baseline_hazard_by_listing_center
Initial-listing prior-year cause-specific Cox,Adjusted + SDOH,Multipollutant PM2.5 + NO2,KI,Kidney,raceMissing,covariate,NA,previous_365_days_pm25_o3_or_12_complete_months_no2,death_or_deterioration_delist_cause_specific,564179,564179,277,123299,0.3131341965273761,0.19313007838286503,-0.06540075710303933,0.6916691501577916,1.36770505998238,0.936692002174825,1.997046122693671,0.10493955218444011,0.6415020508929791,age + sex + race + zcta_svi_proxy + strata(listing_center),model_based,stratified_baseline_hazard_by_listing_center
Initial-listing prior-year cause-specific Cox,Adjusted + SDOH,Multipollutant PM2.5 + NO2,KI,Kidney,raceNATIVE,covariate,NA,previous_365_days_pm25_o3_or_12_complete_months_no2,death_or_deterioration_delist_cause_specific,564179,564179,277,123299,0.3030093216249878,0.030887634431874245,0.24246955813851426,0.3635490851114613,1.3539270851840142,1.2743924536943638,1.4384254604465163,1.0191531856803576e-22,0.6415020508929791,age + sex + race + zcta_svi_proxy + strata(listing_center),model_based,stratified_baseline_hazard_by_listing_center
Initial-listing prior-year cause-specific Cox,Adjusted + SDOH,Multipollutant PM2.5 + NO2,KI,Kidney,racePACIFIC,covariate,NA,previous_365_days_pm25_o3_or_12_complete_months_no2,death_or_deterioration_delist_cause_specific,564179,564179,277,123299,0.29867936712847143,0.04515335564585281,0.21017879006259993,0.38717994419434293,1.3480773162697062,1.2338986490532926,1.4728214931066377,3.721128884332993e-11,0.6415020508929791,age + sex + race + zcta_svi_proxy + strata(listing_center),model_based,stratified_baseline_hazard_by_listing_center
Initial-listing prior-year cause-specific Cox,Adjusted + SDOH,Multipollutant PM2.5 + NO2,KI,Kidney,raceWHITE,covariate,NA,previous_365_days_pm25_o3_or_12_complete_months_no2,death_or_deterioration_delist_cause_specific,564179,564179,277,123299,0.21271887111152704,0.012329180388672638,0.18855367754972868,0.2368840646733254,1.2370368355647914,1.2075018969901943,1.2672941850927624,1.0571299854158694e-66,0.6415020508929791,age + sex + race + zcta_svi_proxy + strata(listing_center),model_based,stratified_baseline_hazard_by_listing_center
Initial-listing prior-year cause-specific Cox,Adjusted + SDOH,Multipollutant PM2.5 + NO2,KI,Kidney,zcta_svi_proxy,covariate,NA,previous_365_days_pm25_o3_or_12_complete_months_no2,death_or_deterioration_delist_cause_specific,564179,564179,277,123299,0.379024175971984,0.01707429833821342,0.3455585512290857,0.41248980071488234,1.4608583529871302,1.412778808669697,1.5105741354528044,3.549348978654567e-109,0.6415020508929791,age + sex + race + zcta_svi_proxy + strata(listing_center),model_based,stratified_baseline_hazard_by_listing_center
Initial-listing prior-year cause-specific Cox,Adjusted + SDOH,Multipollutant PM2.5 + NO2 + O3,KI,Kidney,pm25_prior_5ug,pollutant,Prior-year PM2.5 per 5 ug/m3,previous_365_days_pm25_o3_or_12_complete_months_no2,death_or_deterioration_delist_cause_specific,564179,564179,277,123299,-0.01028465897566891,0.008673075719139249,-0.027283887385181838,0.006714569433844018,0.9897680472860576,0.9730849557655195,1.0067371626948838,0.23569556268651834,0.6415131501058156,age + sex + race + zcta_svi_proxy + strata(listing_center),model_based,stratified_baseline_hazard_by_listing_center
Initial-listing prior-year cause-specific Cox,Adjusted + SDOH,Multipollutant PM2.5 + NO2 + O3,KI,Kidney,no2_prior_10ppb,pollutant,Prior-year NO2 per 10 ppb,previous_365_days_pm25_o3_or_12_complete_months_no2,death_or_deterioration_delist_cause_specific,564179,564179,277,123299,-0.09668096648124098,0.007298871737713187,-0.11098675508715883,-0.08237517787532314,0.9078455931109002,0.8949506023932576,0.9209263826705832,4.758035890154523e-40,0.6415131501058156,age + sex + race + zcta_svi_proxy + strata(listing_center),model_based,stratified_baseline_hazard_by_listing_center
Initial-listing prior-year cause-specific Cox,Adjusted + SDOH,Multipollutant PM2.5 + NO2 + O3,KI,Kidney,o3_prior_10ppb,pollutant,Prior-year O3 per 10 ppb,previous_365_days_pm25_o3_or_12_complete_months_no2,death_or_deterioration_delist_cause_specific,564179,564179,277,123299,0.0014954325806914674,0.00945407077279174,-0.017034546133980342,0.02002541129536328,1.0014965512975789,0.9831097214081108,1.0202272649937294,0.8743159910354856,0.6415131501058156,age + sex + race + zcta_svi_proxy + strata(listing_center),model_based,stratified_baseline_hazard_by_listing_center
Initial-listing prior-year cause-specific Cox,Adjusted + SDOH,Multipollutant PM2.5 + NO2 + O3,KI,Kidney,age,covariate,NA,previous_365_days_pm25_o3_or_12_complete_months_no2,death_or_deterioration_delist_cause_specific,564179,564179,277,123299,0.04843615029003189,2.6890663249204254e-4,0.04790909329034749,0.048963207289716294,1.0496283512149254,1.0490752830073884,1.050181710997764,0,0.6415131501058156,age + sex + race + zcta_svi_proxy + strata(listing_center),model_based,stratified_baseline_hazard_by_listing_center
Initial-listing prior-year cause-specific Cox,Adjusted + SDOH,Multipollutant PM2.5 + NO2 + O3,KI,Kidney,sexM,covariate,NA,previous_365_days_pm25_o3_or_12_complete_months_no2,death_or_deterioration_delist_cause_specific,564179,564179,277,123299,0.07119918355428922,0.005953898300253488,0.05952954288579239,0.08286882422278606,1.0737950868908364,1.0613371154775728,1.086399289929726,5.867148237997514e-33,0.6415131501058156,age + sex + race + zcta_svi_proxy + strata(listing_center),model_based,stratified_baseline_hazard_by_listing_center
Initial-listing prior-year cause-specific Cox,Adjusted + SDOH,Multipollutant PM2.5 + NO2 + O3,KI,Kidney,raceBLACK,covariate,NA,previous_365_days_pm25_o3_or_12_complete_months_no2,death_or_deterioration_delist_cause_specific,564179,564179,277,123299,0.08690830534152304,0.013401021462507764,0.06064230327500782,0.11317430740803826,1.090796654905738,1.0625187867158217,1.1198271100986925,8.861411493494099e-11,0.6415131501058156,age + sex + race + zcta_svi_proxy + strata(listing_center),model_based,stratified_baseline_hazard_by_listing_center
Initial-listing prior-year cause-specific Cox,Adjusted + SDOH,Multipollutant PM2.5 + NO2 + O3,KI,Kidney,raceMULTI,covariate,NA,previous_365_days_pm25_o3_or_12_complete_months_no2,death_or_deterioration_delist_cause_specific,564179,564179,277,123299,0.1415070138240999,0.04388566659240371,0.055491107302988604,0.22752292034521115,1.152008584218044,1.0570596169197304,1.2554862156018205,0.0012621613858593245,0.6415131501058156,age + sex + race + zcta_svi_proxy + strata(listing_center),model_based,stratified_baseline_hazard_by_listing_center
Initial-listing prior-year cause-specific Cox,Adjusted + SDOH,Multipollutant PM2.5 + NO2 + O3,KI,Kidney,raceMissing,covariate,NA,previous_365_days_pm25_o3_or_12_complete_months_no2,death_or_deterioration_delist_cause_specific,564179,564179,277,123299,0.3129799082003292,0.19313250135558338,-0.0655597944566142,0.6915196108572726,1.3674940553349773,0.9365430450028754,1.9967475081412414,0.10511525730240044,0.6415131501058156,age + sex + race + zcta_svi_proxy + strata(listing_center),model_based,stratified_baseline_hazard_by_listing_center
Initial-listing prior-year cause-specific Cox,Adjusted + SDOH,Multipollutant PM2.5 + NO2 + O3,KI,Kidney,raceNATIVE,covariate,NA,previous_365_days_pm25_o3_or_12_complete_months_no2,death_or_deterioration_delist_cause_specific,564179,564179,277,123299,0.30284093966139153,0.030905973446516296,0.24226523170621958,0.36341664761656345,1.3536991274753667,1.274132088231636,1.438234971596149,1.1394978080051758e-22,0.6415131501058156,age + sex + race + zcta_svi_proxy + strata(listing_center),model_based,stratified_baseline_hazard_by_listing_center
Initial-listing prior-year cause-specific Cox,Adjusted + SDOH,Multipollutant PM2.5 + NO2 + O3,KI,Kidney,racePACIFIC,covariate,NA,previous_365_days_pm25_o3_or_12_complete_months_no2,death_or_deterioration_delist_cause_specific,564179,564179,277,123299,0.29877871710070336,0.04515776576732932,0.2102694961967379,0.3872879380046688,1.3482112543669071,1.2340105763058338,1.4729805573004278,3.682238551475273e-11,0.6415131501058156,age + sex + race + zcta_svi_proxy + strata(listing_center),model_based,stratified_baseline_hazard_by_listing_center
Initial-listing prior-year cause-specific Cox,Adjusted + SDOH,Multipollutant PM2.5 + NO2 + O3,KI,Kidney,raceWHITE,covariate,NA,previous_365_days_pm25_o3_or_12_complete_months_no2,death_or_deterioration_delist_cause_specific,564179,564179,277,123299,0.21260436370940583,0.012350300433898473,0.18839777485896483,0.23681095255984683,1.2368951938000927,1.207313658869147,1.2672015339234939,2.066915969058088e-66,0.6415131501058156,age + sex + race + zcta_svi_proxy + strata(listing_center),model_based,stratified_baseline_hazard_by_listing_center
Initial-listing prior-year cause-specific Cox,Adjusted + SDOH,Multipollutant PM2.5 + NO2 + O3,KI,Kidney,zcta_svi_proxy,covariate,NA,previous_365_days_pm25_o3_or_12_complete_months_no2,death_or_deterioration_delist_cause_specific,564179,564179,277,123299,0.3790834408780678,0.017078174787999792,0.3456102182935882,0.4125566634625474,1.46094493318578,1.4128518046892613,1.5106751399667346,3.675359625454088e-109,0.6415131501058156,age + sex + race + zcta_svi_proxy + strata(listing_center),model_based,stratified_baseline_hazard_by_listing_center
Initial-listing prior-year cause-specific Cox,Adjusted + SDOH + organ score at listing,Single-pollutant PM2.5,KI,Kidney,pm25_prior_5ug,pollutant,Prior-year PM2.5 per 5 ug/m3,previous_365_days_pm25_o3_or_12_complete_months_no2,death_or_deterioration_delist_cause_specific,564179,564179,277,123299,-0.10922036100165614,0.007197799000225377,-0.12332804704209788,-0.0951126749612144,0.8965328348557741,0.88397363005663665,0.9092704766804328,5.24662365157125e-52,0.6713376809530964,age + sex + race + zcta_svi_proxy + strata(listing_center) + kidney_no_dialysis_time + kidney_dialysis_years + kidney_diabetes,model_based,stratified_baseline_hazard_by_listing_center
Initial-listing prior-year cause-specific Cox,Adjusted + SDOH + organ score at listing,Single-pollutant PM2.5,KI,Kidney,age,covariate,NA,previous_365_days_pm25_o3_or_12_complete_months_no2,death_or_deterioration_delist_cause_specific,564179,564179,277,123299,0.04608806736921933,2.8338278395333486e-4,0.0455326371126708,0.04664349762576787,1.0471666281062884,1.0465851615743913,1.047748417691999,0,0.6713376809530964,age + sex + race + zcta_svi_proxy + strata(listing_center) + kidney_no_dialysis_time + kidney_dialysis_years + kidney_diabetes,model_based,stratified_baseline_hazard_by_listing_center
Initial-listing prior-year cause-specific Cox,Adjusted + SDOH + organ score at listing,Single-pollutant PM2.5,KI,Kidney,sexM,covariate,NA,previous_365_days_pm25_o3_or_12_complete_months_no2,death_or_deterioration_delist_cause_specific,564179,564179,277,123299,0.01284235391474333,0.005977573187555757,0.0011263104671340469,0.024558397362352616,1.0129251710845142,1.0011269449929703,1.024862438622903,0.03168019124481757,0.6713376809530964,age + sex + race + zcta_svi_proxy + strata(listing_center) + kidney_no_dialysis_time + kidney_dialysis_years + kidney_diabetes,model_based,stratified_baseline_hazard_by_listing_center
Initial-listing prior-year cause-specific Cox,Adjusted + SDOH + organ score at listing,Single-pollutant PM2.5,KI,Kidney,raceBLACK,covariate,NA,previous_365_days_pm25_o3_or_12_complete_months_no2,death_or_deterioration_delist_cause_specific,564179,564179,277,123299,0.023442890216412535,0.013424813538244214,-0.002869744318546124,0.0497555247513712,1.0237198346589407,0.9971343694615742,1.051014118027064,0.08076998371369537,0.6713376809530964,age + sex + race + zcta_svi_proxy + strata(listing_center) + kidney_no_dialysis_time + kidney_dialysis_years + kidney_diabetes,model_based,stratified_baseline_hazard_by_listing_center
Initial-listing prior-year cause-specific Cox,Adjusted + SDOH + organ score at listing,Single-pollutant PM2.5,KI,Kidney,raceMULTI,covariate,NA,previous_365_days_pm25_o3_or_12_complete_months_no2,death_or_deterioration_delist_cause_specific,564179,564179,277,123299,0.11588271244295388,0.04390588286465748,0.02982718202822522,0.20193824285768253,1.1228641664147114,1.0302764682778704,1.2237724290895424,0.00830667335158881,0.6713376809530964,age + sex + race + zcta_svi_proxy + strata(listing_center) + kidney_no_dialysis_time + kidney_dialysis_years + kidney_diabetes,model_based,stratified_baseline_hazard_by_listing_center
Initial-listing prior-year cause-specific Cox,Adjusted + SDOH + organ score at listing,Single-pollutant PM2.5,KI,Kidney,raceMissing,covariate,NA,previous_365_days_pm25_o3_or_12_complete_months_no2,death_or_deterioration_delist_cause_specific,564179,564179,277,123299,0.44185089987214876,0.19313068408048323,0.06331475907440165,0.8203870406698959,1.5555837854009882,1.065362118856819,2.2713787833934482,0.022147203775293015,0.6713376809530964,age + sex + race + zcta_svi_proxy + strata(listing_center) + kidney_no_dialysis_time + kidney_dialysis_years + kidney_diabetes,model_based,stratified_baseline_hazard_by_listing_center
Initial-listing prior-year cause-specific Cox,Adjusted + SDOH + organ score at listing,Single-pollutant PM2.5,KI,Kidney,raceNATIVE,covariate,NA,previous_365_days_pm25_o3_or_12_complete_months_no2,death_or_deterioration_delist_cause_specific,564179,564179,277,123299,0.1720235920489781,0.030968894010478414,0.11132455978844041,0.2327226243095158,1.1877058532980416,1.1177576271680614,1.2620313739503835,2.780541748560016e-8,0.6713376809530964,age + sex + race + zcta_svi_proxy + strata(listing_center) + kidney_no_dialysis_time + kidney_dialysis_years + kidney_diabetes,model_based,stratified_baseline_hazard_by_listing_center
Initial-listing prior-year cause-specific Cox,Adjusted + SDOH + organ score at listing,Single-pollutant PM2.5,KI,Kidney,racePACIFIC,covariate,NA,previous_365_days_pm25_o3_or_12_complete_months_no2,death_or_deterioration_delist_cause_specific,564179,564179,277,123299,0.15328529587142092,0.04518403496251764,0.06472458734488636,0.2418460043979555,1.16565748877768,1.066865155753286,1.273598049215605,6.926656404087086e-4,0.6713376809530964,age + sex + race + zcta_svi_proxy + strata(listing_center) + kidney_no_dialysis_time + kidney_dialysis_years + kidney_diabetes,model_based,stratified_baseline_hazard_by_listing_center
Initial-listing prior-year cause-specific Cox,Adjusted + SDOH + organ score at listing,Single-pollutant PM2.5,KI,Kidney,raceWHITE,covariate,NA,previous_365_days_pm25_o3_or_12_complete_months_no2,death_or_deterioration_delist_cause_specific,564179,564179,277,123299,0.2665985499903467,0.012278814648306442,0.24253207327966608,0.29066502670102734,1.3055162416089028,1.2744721250087951,1.3373165435790706,1.5777023568818104e-104,0.6713376809530964,age + sex + race + zcta_svi_proxy + strata(listing_center) + kidney_no_dialysis_time + kidney_dialysis_years + kidney_diabetes,model_based,stratified_baseline_hazard_by_listing_center
Initial-listing prior-year cause-specific Cox,Adjusted + SDOH + organ score at listing,Single-pollutant PM2.5,KI,Kidney,zcta_svi_proxy,covariate,NA,previous_365_days_pm25_o3_or_12_complete_months_no2,death_or_deterioration_delist_cause_specific,564179,564179,277,123299,0.050038967591051906,0.016888972425950072,0.016936581636189767,0.08314135354591404,1.0513120626763661,1.0170808186785212,1.0866954059411724,0.0030483580846659085,0.6713376809530964,age + sex + race + zcta_svi_proxy + strata(listing_center) + kidney_no_dialysis_time + kidney_dialysis_years + kidney_diabetes,model_based,stratified_baseline_hazard_by_listing_center
Initial-listing prior-year cause-specific Cox,Adjusted + SDOH + organ score at listing,Single-pollutant PM2.5,KI,Kidney,kidney_no_dialysis_time,organ_severity,NA,previous_365_days_pm25_o3_or_12_complete_months_no2,death_or_deterioration_delist_cause_specific,564179,564179,277,123299,-0.4341624615845672,0.007178715070046231,-0.44823274312185785,-0.4200921800472766,0.6478070031836233,0.6387560006643718,0.6569862559995738,0,0.6713376809530964,age + sex + race + zcta_svi_proxy + strata(listing_center) + kidney_no_dialysis_time + kidney_dialysis_years + kidney_diabetes,model_based,stratified_baseline_hazard_by_listing_center
Initial-listing prior-year cause-specific Cox,Adjusted + SDOH + organ score at listing,Single-pollutant PM2.5,KI,Kidney,kidney_dialysis_years,organ_severity,NA,previous_365_days_pm25_o3_or_12_complete_months_no2,death_or_deterioration_delist_cause_specific,564179,564179,277,123299,0.061354806627319375,0.0012742207301692024,0.05885733399618774,0.06385227925845101,1.0632761046770052,1.0606239149703978,1.0659349264330513,0,0.6713376809530964,age + sex + race + zcta_svi_proxy + strata(listing_center) + kidney_no_dialysis_time + kidney_dialysis_years + kidney_diabetes,model_based,stratified_baseline_hazard_by_listing_center
Initial-listing prior-year cause-specific Cox,Adjusted + SDOH + organ score at listing,Single-pollutant PM2.5,KI,Kidney,kidney_diabetes,organ_severity,NA,previous_365_days_pm25_o3_or_12_complete_months_no2,death_or_deterioration_delist_cause_specific,564179,564179,277,123299,0.5613231502921265,0.006213804887655283,0.5491440927123222,0.5735022078719308,1.7529904362769482,1.7317701486678168,1.7744707471960788,0,0.6713376809530964,age + sex + race + zcta_svi_proxy + strata(listing_center) + kidney_no_dialysis_time + kidney_dialysis_years + kidney_diabetes,model_based,stratified_baseline_hazard_by_listing_center
Initial-listing prior-year cause-specific Cox,Adjusted + SDOH + organ score at listing,Single-pollutant O3,KI,Kidney,o3_prior_10ppb,pollutant,Prior-year O3 per 10 ppb,previous_365_days_pm25_o3_or_12_complete_months_no2,death_or_deterioration_delist_cause_specific,564179,564179,277,123299,0.040419770261066516,0.008470476602038483,0.02381763612107109,0.057021904401061946,1.0412477673147336,1.0241035413662651,1.0586789998709325,1.8254930127255843e-6,0.6717391865689618,age + sex + race + zcta_svi_proxy + strata(listing_center) + kidney_no_dialysis_time + kidney_dialysis_years + kidney_diabetes,model_based,stratified_baseline_hazard_by_listing_center
Initial-listing prior-year cause-specific Cox,Adjusted + SDOH + organ score at listing,Single-pollutant O3,KI,Kidney,age,covariate,NA,previous_365_days_pm25_o3_or_12_complete_months_no2,death_or_deterioration_delist_cause_specific,564179,564179,277,123299,0.04625928607939565,2.83236740787765e-4,0.04570414206745163,0.046814430091339676,1.0473459379758565,1.0467646715081829,1.0479275272197144,0,0.6717391865689618,age + sex + race + zcta_svi_proxy + strata(listing_center) + kidney_no_dialysis_time + kidney_dialysis_years + kidney_diabetes,model_based,stratified_baseline_hazard_by_listing_center
Initial-listing prior-year cause-specific Cox,Adjusted + SDOH + organ score at listing,Single-pollutant O3,KI,Kidney,sexM,covariate,NA,previous_365_days_pm25_o3_or_12_complete_months_no2,death_or_deterioration_delist_cause_specific,564179,564179,277,123299,0.014328172226023528,0.005976660486291348,0.002613917672892485,0.02604242677915457,1.0144313125008293,1.0026173369342664,1.0263844937379365,0.016513950837608572,0.6717391865689618,age + sex + race + zcta_svi_proxy + strata(listing_center) + kidney_no_dialysis_time + kidney_dialysis_years + kidney_diabetes,model_based,stratified_baseline_hazard_by_listing_center
Initial-listing prior-year cause-specific Cox,Adjusted + SDOH + organ score at listing,Single-pollutant O3,KI,Kidney,raceBLACK,covariate,NA,previous_365_days_pm25_o3_or_12_complete_months_no2,death_or_deterioration_delist_cause_specific,564179,564179,277,123299,0.0202104415124901,0.013434751681420458,-0.006121671783093995,0.0465425548080742,1.0204160553315098,0.9938970274732553,1.0476426603522948,0.13249370739486743,0.6717391865689618,age + sex + race + zcta_svi_proxy + strata(listing_center) + kidney_no_dialysis_time + kidney_dialysis_years + kidney_diabetes,model_based,stratified_baseline_hazard_by_listing_center
Initial-listing prior-year cause-specific Cox,Adjusted + SDOH + organ score at listing,Single-pollutant O3,KI,Kidney,raceMULTI,covariate,NA,previous_365_days_pm25_o3_or_12_complete_months_no2,death_or_deterioration_delist_cause_specific,564179,564179,277,123299,0.12333478969110158,0.043902276776539996,0.03728632720908319,0.20938325217311998,1.1312630927776255,1.0379901831254927,1.2329174262778904,0.004964892310776529,0.6717391865689618,age + sex + race + zcta_svi_proxy + strata(listing_center) + kidney_no_dialysis_time + kidney_dialysis_years + kidney_diabetes,model_based,stratified_baseline_hazard_by_listing_center
Initial-listing prior-year cause-specific Cox,Adjusted + SDOH + organ score at listing,Single-pollutant O3,KI,Kidney,raceMissing,covariate,NA,previous_365_days_pm25_o3_or_12_complete_months_no2,death_or_deterioration_delist_cause_specific,564179,564179,277,123299,0.45386665094625134,0.19313340535946735,0.07532517644169534,0.8324081254508073,1.574388040321126,1.0782347104111367,2.298847994386171,0.018772588899119116,0.6717391865689618,age + sex + race + zcta_svi_proxy + strata(listing_center) + kidney_no_dialysis_time + kidney_dialysis_years + kidney_diabetes,model_based,stratified_baseline_hazard_by_listing_center
Initial-listing prior-year cause-specific Cox,Adjusted + SDOH + organ score at listing,Single-pollutant O3,KI,Kidney,raceNATIVE,covariate,NA,previous_365_days_pm25_o3_or_12_complete_months_no2,death_or_deterioration_delist_cause_specific,564179,564179,277,123299,0.18225101586497386,0.030975412463297214,0.12153920743691132,0.2429628242930364,1.1999153538707665,1.1292336394139024,1.2750212234220135,4.011179201475082e-9,0.6717391865689618,age + sex + race + zcta_svi_proxy + strata(listing_center) + kidney_no_dialysis_time + kidney_dialysis_years + kidney_diabetes,model_based,stratified_baseline_hazard_by_listing_center
Initial-listing prior-year cause-specific Cox,Adjusted + SDOH + organ score at listing,Single-pollutant O3,KI,Kidney,racePACIFIC,covariate,NA,previous_365_days_pm25_o3_or_12_complete_months_no2,death_or_deterioration_delist_cause_specific,564179,564179,277,123299,0.16032510502332517,0.045190835559477525,0.07175106732674923,0.2488991427199011,1.1738924472937218,1.0743878605302695,1.2826126657212165,3.8855907911512793e-4,0.6717391865689618,age + sex + race + zcta_svi_proxy + strata(listing_center) + kidney_no_dialysis_time + kidney_dialysis_years + kidney_diabetes,model_based,stratified_baseline_hazard_by_listing_center
Initial-listing prior-year cause-specific Cox,Adjusted + SDOH + organ score at listing,Single-pollutant O3,KI,Kidney,raceWHITE,covariate,NA,previous_365_days_pm25_o3_or_12_complete_months_no2,death_or_deterioration_delist_cause_specific,564179,564179,277,123299,0.2603342218651914,0.012321383495141567,0.23618431021471392,0.28448413351566887,1.2973636215027353,1.2664077005333056,1.3290762253655668,4.3375567634877625e-99,0.6717391865689618,age + sex + race + zcta_svi_proxy + strata(listing_center) + kidney_no_dialysis_time + kidney_dialysis_years + kidney_diabetes,model_based,stratified_baseline_hazard_by_listing_center
Initial-listing prior-year cause-specific Cox,Adjusted + SDOH + organ score at listing,Single-pollutant O3,KI,Kidney,zcta_svi_proxy,covariate,NA,previous_365_days_pm25_o3_or_12_complete_months_no2,death_or_deterioration_delist_cause_specific,564179,564179,277,123299,0.02591087916244274,0.016816107921870837,-0.007048692364424101,0.058870450689309586,1.0262494841842424,0.9929760914023625,1.0606378269400474,0.12335649256900603,0.6717391865689618,age + sex + race + zcta_svi_proxy + strata(listing_center) + kidney_no_dialysis_time + kidney_dialysis_years + kidney_diabetes,model_based,stratified_baseline_hazard_by_listing_center
Initial-listing prior-year cause-specific Cox,Adjusted + SDOH + organ score at listing,Single-pollutant O3,KI,Kidney,kidney_no_dialysis_time,organ_severity,NA,previous_365_days_pm25_o3_or_12_complete_months_no2,death_or_deterioration_delist_cause_specific,564179,564179,277,123299,-0.4282514033020301,0.007169349216952706,-0.4423033277672574,-0.4141994788368028,0.6516475678534451,0.6425547012096824,0.6608691087153649,0,0.6717391865689618,age + sex + race + zcta_svi_proxy + strata(listing_center) + kidney_no_dialysis_time + kidney_dialysis_years + kidney_diabetes,model_based,stratified_baseline_hazard_by_listing_center
Initial-listing prior-year cause-specific Cox,Adjusted + SDOH + organ score at listing,Single-pollutant O3,KI,Kidney,kidney_dialysis_years,organ_severity,NA,previous_365_days_pm25_o3_or_12_complete_months_no2,death_or_deterioration_delist_cause_specific,564179,564179,277,123299,0.060368406874069795,0.0012735386931527694,0.057872271035490364,0.06286454271264923,1.0622278064952477,1.0595796480553021,1.064882583355183,0,0.6717391865689618,age + sex + race + zcta_svi_proxy + strata(listing_center) + kidney_no_dialysis_time + kidney_dialysis_years + kidney_diabetes,model_based,stratified_baseline_hazard_by_listing_center
Initial-listing prior-year cause-specific Cox,Adjusted + SDOH + organ score at listing,Single-pollutant O3,KI,Kidney,kidney_diabetes,organ_severity,NA,previous_365_days_pm25_o3_or_12_complete_months_no2,death_or_deterioration_delist_cause_specific,564179,564179,277,123299,0.5644118772434021,0.006211430379056541,0.5522374737004513,0.576586280786353,1.7584133156683759,1.737135467731111,1.7799517919914236,0,0.6717391865689618,age + sex + race + zcta_svi_proxy + strata(listing_center) + kidney_no_dialysis_time + kidney_dialysis_years + kidney_diabetes,model_based,stratified_baseline_hazard_by_listing_center
Initial-listing prior-year cause-specific Cox,Adjusted + SDOH + organ score at listing,Single-pollutant NO2,KI,Kidney,no2_prior_10ppb,pollutant,Prior-year NO2 per 10 ppb,previous_365_days_pm25_o3_or_12_complete_months_no2,death_or_deterioration_delist_cause_specific,600141,600141,278,123941,-0.11852125985745807,0.0056639828428616534,-0.12962266622946692,-0.10741985348544923,0.888232931750552,0.8784268285002156,0.8981485030383349,3.1423719516154113e-97,0.6707581410070248,age + sex + race + zcta_svi_proxy + strata(listing_center) + kidney_no_dialysis_time + kidney_dialysis_years + kidney_diabetes,model_based,stratified_baseline_hazard_by_listing_center
Initial-listing prior-year cause-specific Cox,Adjusted + SDOH + organ score at listing,Single-pollutant NO2,KI,Kidney,age,covariate,NA,previous_365_days_pm25_o3_or_12_complete_months_no2,death_or_deterioration_delist_cause_specific,600141,600141,278,123941,0.046014013699834176,0.00028246813307099923,0.04546037615901502,0.04656765124065333,1.047089084446251,1.0465095370649165,1.047668952775609,0,0.6707581410070248,age + sex + race + zcta_svi_proxy + strata(listing_center) + kidney_no_dialysis_time + kidney_dialysis_years + kidney_diabetes,model_based,stratified_baseline_hazard_by_listing_center
Initial-listing prior-year cause-specific Cox,Adjusted + SDOH + organ score at listing,Single-pollutant NO2,KI,Kidney,sexM,covariate,NA,previous_365_days_pm25_o3_or_12_complete_months_no2,death_or_deterioration_delist_cause_specific,600141,600141,278,123941,0.012100365163464829,0.005961111894601896,4.16585850045113e-4,0.023784144476884546,1.0121738707643446,1.000416672633981,1.0240692430292044,0.04236834023757686,0.6707581410070248,age + sex + race + zcta_svi_proxy + strata(listing_center) + kidney_no_dialysis_time + kidney_dialysis_years + kidney_diabetes,model_based,stratified_baseline_hazard_by_listing_center
Initial-listing prior-year cause-specific Cox,Adjusted + SDOH + organ score at listing,Single-pollutant NO2,KI,Kidney,raceBLACK,covariate,NA,previous_365_days_pm25_o3_or_12_complete_months_no2,death_or_deterioration_delist_cause_specific,600141,600141,278,123941,0.01902803053973363,0.013394258830549278,-0.007224716768142955,0.04528077784761021,1.0192102172295003,0.9928013187605427,1.0463216025960524,0.15542989820733524,0.6707581410070248,age + sex + race + zcta_svi_proxy + strata(listing_center) + kidney_no_dialysis_time + kidney_dialysis_years + kidney_diabetes,model_based,stratified_baseline_hazard_by_listing_center
Initial-listing prior-year cause-specific Cox,Adjusted + SDOH + organ score at listing,Single-pollutant NO2,KI,Kidney,raceMULTI,covariate,NA,previous_365_days_pm25_o3_or_12_complete_months_no2,death_or_deterioration_delist_cause_specific,600141,600141,278,123941,0.09895385009313673,0.0437903593624687,0.013124745742698077,0.1847829544435754,1.1040153481776962,1.0132112532668922,1.2029573152508797,0.023838777123540274,0.6707581410070248,age + sex + race + zcta_svi_proxy + strata(listing_center) + kidney_no_dialysis_time + kidney_dialysis_years + kidney_diabetes,model_based,stratified_baseline_hazard_by_listing_center
Initial-listing prior-year cause-specific Cox,Adjusted + SDOH + organ score at listing,Single-pollutant NO2,KI,Kidney,raceMissing,covariate,NA,previous_365_days_pm25_o3_or_12_complete_months_no2,death_or_deterioration_delist_cause_specific,600141,600141,278,123941,0.42507654179968135,0.16523479407874408,0.10121634540534297,0.7489367381940197,1.5297075017476547,1.1065160055235985,2.114750287589171,0.010094924454891826,0.6707581410070248,age + sex + race + zcta_svi_proxy + strata(listing_center) + kidney_no_dialysis_time + kidney_dialysis_years + kidney_diabetes,model_based,stratified_baseline_hazard_by_listing_center
Initial-listing prior-year cause-specific Cox,Adjusted + SDOH + organ score at listing,Single-pollutant NO2,KI,Kidney,raceNATIVE,covariate,NA,previous_365_days_pm25_o3_or_12_complete_months_no2,death_or_deterioration_delist_cause_specific,600141,600141,278,123941,0.1368230200878322,0.031006366039909142,0.07605054264961028,0.19759549752605413,1.1466252009347542,1.0790171091627723,1.2184694202289357,1.0207072289237898e-5,0.6707581410070248,age + sex + race + zcta_svi_proxy + strata(listing_center) + kidney_no_dialysis_time + kidney_dialysis_years + kidney_diabetes,model_based,stratified_baseline_hazard_by_listing_center
Initial-listing prior-year cause-specific Cox,Adjusted + SDOH + organ score at listing,Single-pollutant NO2,KI,Kidney,racePACIFIC,covariate,NA,previous_365_days_pm25_o3_or_12_complete_months_no2,death_or_deterioration_delist_cause_specific,600141,600141,278,123941,0.14980413114790891,0.045179674591640726,0.0612519689482931,0.23835629334752473,1.161606697874042,1.0631667654524286,1.2691613060079348,9.140026458875789e-4,0.6707581410070248,age + sex + race + zcta_svi_proxy + strata(listing_center) + kidney_no_dialysis_time + kidney_dialysis_years + kidney_diabetes,model_based,stratified_baseline_hazard_by_listing_center
Initial-listing prior-year cause-specific Cox,Adjusted + SDOH + organ score at listing,Single-pollutant NO2,KI,Kidney,raceWHITE,covariate,NA,previous_365_days_pm25_o3_or_12_complete_months_no2,death_or_deterioration_delist_cause_specific,600141,600141,278,123941,0.24877090319806625,0.012277049374037124,0.22470788642495348,0.272833919971179,1.2824481946323374,1.2519569491514855,1.3136820503535844,2.7234789946692963e-91,0.6707581410070248,age + sex + race + zcta_svi_proxy + strata(listing_center) + kidney_no_dialysis_time + kidney_dialysis_years + kidney_diabetes,model_based,stratified_baseline_hazard_by_listing_center
Initial-listing prior-year cause-specific Cox,Adjusted + SDOH + organ score at listing,Single-pollutant NO2,KI,Kidney,zcta_svi_proxy,covariate,NA,previous_365_days_pm25_o3_or_12_complete_months_no2,death_or_deterioration_delist_cause_specific,600141,600141,278,123941,0.09751837708499729,0.01715300644595076,0.0638984844509338,0.13113826971906078,1.1024317008582425,1.0659841792993616,1.1401254152345985,1.3065498639992098e-8,0.6707581410070248,age + sex + race + zcta_svi_proxy + strata(listing_center) + kidney_no_dialysis_time + kidney_dialysis_years + kidney_diabetes,model_based,stratified_baseline_hazard_by_listing_center
Initial-listing prior-year cause-specific Cox,Adjusted + SDOH + organ score at listing,Single-pollutant NO2,KI,Kidney,kidney_no_dialysis_time,organ_severity,NA,previous_365_days_pm25_o3_or_12_complete_months_no2,death_or_deterioration_delist_cause_specific,600141,600141,278,123941,-0.4337455985997293,0.0071541379592679945,-0.44776770899989454,-0.419723488199564,0.6480771062386408,0.6390531130786404,0.6572285261349877,0,0.6707581410070248,age + sex + race + zcta_svi_proxy + strata(listing_center) + kidney_no_dialysis_time + kidney_dialysis_years + kidney_diabetes,model_based,stratified_baseline_hazard_by_listing_center
Initial-listing prior-year cause-specific Cox,Adjusted + SDOH + organ score at listing,Single-pollutant NO2,KI,Kidney,kidney_dialysis_years,organ_severity,NA,previous_365_days_pm25_o3_or_12_complete_months_no2,death_or_deterioration_delist_cause_specific,600141,600141,278,123941,0.06136874058134057,0.0012717749871869334,0.05887606160645418,0.06386141955622696,1.0632909204205803,1.0606437781077105,1.0659446694402157,0,0.6707581410070248,age + sex + race + zcta_svi_proxy + strata(listing_center) + kidney_no_dialysis_time + kidney_dialysis_years + kidney_diabetes,model_based,stratified_baseline_hazard_by_listing_center
Initial-listing prior-year cause-specific Cox,Adjusted + SDOH + organ score at listing,Single-pollutant NO2,KI,Kidney,kidney_diabetes,organ_severity,NA,previous_365_days_pm25_o3_or_12_complete_months_no2,death_or_deterioration_delist_cause_specific,600141,600141,278,123941,0.5587267929755155,0.0061972987075540765,0.5465800875087096,0.5708734984423215,1.7484449501383217,1.7273355685678533,1.769812304738696,0,0.6707581410070248,age + sex + race + zcta_svi_proxy + strata(listing_center) + kidney_no_dialysis_time + kidney_dialysis_years + kidney_diabetes,model_based,stratified_baseline_hazard_by_listing_center
Initial-listing prior-year cause-specific Cox,Adjusted + SDOH + organ score at listing,Multipollutant PM2.5 + NO2,KI,Kidney,pm25_prior_5ug,pollutant,Prior-year PM2.5 per 5 ug/m3,previous_365_days_pm25_o3_or_12_complete_months_no2,death_or_deterioration_delist_cause_specific,564179,564179,277,123299,-0.04204964759061204,0.008346472925602082,-0.058408734524792116,-0.025690560656431962,0.9588221761799,0.9432643239381502,0.9746366338717164,4.7038700324387127e-7,0.671751321555448,age + sex + race + zcta_svi_proxy + strata(listing_center) + kidney_no_dialysis_time + kidney_dialysis_years + kidney_diabetes,model_based,stratified_baseline_hazard_by_listing_center
Initial-listing prior-year cause-specific Cox,Adjusted + SDOH + organ score at listing,Multipollutant PM2.5 + NO2,KI,Kidney,no2_prior_10ppb,pollutant,Prior-year NO2 per 10 ppb,previous_365_days_pm25_o3_or_12_complete_months_no2,death_or_deterioration_delist_cause_specific,564179,564179,277,123299,-0.10221761040630306,0.006607344265262403,-0.11516800516621738,-0.08926721564638875,0.9028330644208448,0.8912164023686919,0.9146011451821633,5.504829580576983e-54,0.671751321555448,age + sex + race + zcta_svi_proxy + strata(listing_center) + kidney_no_dialysis_time + kidney_dialysis_years + kidney_diabetes,model_based,stratified_baseline_hazard_by_listing_center
Initial-listing prior-year cause-specific Cox,Adjusted + SDOH + organ score at listing,Multipollutant PM2.5 + NO2,KI,Kidney,age,covariate,NA,previous_365_days_pm25_o3_or_12_complete_months_no2,death_or_deterioration_delist_cause_specific,564179,564179,277,123299,0.04606351078015065,2.834446791444015e-4,0.04550795920902762,0.04661906235127367,1.0471409135814473,1.0465593343653017,1.0477228159846055,0,0.671751321555448,age + sex + race + zcta_svi_proxy + strata(listing_center) + kidney_no_dialysis_time + kidney_dialysis_years + kidney_diabetes,model_based,stratified_baseline_hazard_by_listing_center
Initial-listing prior-year cause-specific Cox,Adjusted + SDOH + organ score at listing,Multipollutant PM2.5 + NO2,KI,Kidney,sexM,covariate,NA,previous_365_days_pm25_o3_or_12_complete_months_no2,death_or_deterioration_delist_cause_specific,564179,564179,277,123299,0.012552491991165447,0.005977645114373145,8.363075669940833e-4,0.02426867641533681,1.0126316051948254,1.0008366573696748,1.0245655575150387,0.03573712337451085,0.671751321555448,age + sex + race + zcta_svi_proxy + strata(listing_center) + kidney_no_dialysis_time + kidney_dialysis_years + kidney_diabetes,model_based,stratified_baseline_hazard_by_listing_center
Initial-listing prior-year cause-specific Cox,Adjusted + SDOH + organ score at listing,Multipollutant PM2.5 + NO2,KI,Kidney,raceBLACK,covariate,NA,previous_365_days_pm25_o3_or_12_complete_months_no2,death_or_deterioration_delist_cause_specific,564179,564179,277,123299,0.018738177367361428,0.013425872915202188,-0.0075765335464348625,0.04505288828115772,1.0189148387249884,0.9924520960339017,1.0460831839872555,0.1628118881057816,0.671751321555448,age + sex + race + zcta_svi_proxy + strata(listing_center) + kidney_no_dialysis_time + kidney_dialysis_years + kidney_diabetes,model_based,stratified_baseline_hazard_by_listing_center
Initial-listing prior-year cause-specific Cox,Adjusted + SDOH + organ score at listing,Multipollutant PM2.5 + NO2,KI,Kidney,raceMULTI,covariate,NA,previous_365_days_pm25_o3_or_12_complete_months_no2,death_or_deterioration_delist_cause_specific,564179,564179,277,123299,0.1017182091473033,0.04390894596113094,0.01565667506348667,0.18777974323111993,1.1070714651575362,1.0157798829694018,1.2065677313703729,0.020527089917468568,0.671751321555448,age + sex + race + zcta_svi_proxy + strata(listing_center) + kidney_no_dialysis_time + kidney_dialysis_years + kidney_diabetes,model_based,stratified_baseline_hazard_by_listing_center
Initial-listing prior-year cause-specific Cox,Adjusted + SDOH + organ score at listing,Multipollutant PM2.5 + NO2,KI,Kidney,raceMissing,covariate,NA,previous_365_days_pm25_o3_or_12_complete_months_no2,death_or_deterioration_delist_cause_specific,564179,564179,277,123299,0.4024116093309074,0.19314787001686698,0.02384178409784815,0.7809814345639667,1.4954267376130368,1.0241282716933917,2.1836142887357815,0.037211318815916695,0.671751321555448,age + sex + race + zcta_svi_proxy + strata(listing_center) + kidney_no_dialysis_time + kidney_dialysis_years + kidney_diabetes,model_based,stratified_baseline_hazard_by_listing_center
Initial-listing prior-year cause-specific Cox,Adjusted + SDOH + organ score at listing,Multipollutant PM2.5 + NO2,KI,Kidney,raceNATIVE,covariate,NA,previous_365_days_pm25_o3_or_12_complete_months_no2,death_or_deterioration_delist_cause_specific,564179,564179,277,123299,0.13440515242023823,0.031092440061498326,0.07346396989970151,0.19534633494077497,1.1438561618685825,1.0762297593071477,1.2157319640436701,1.540894122170967e-5,0.671751321555448,age + sex + race + zcta_svi_proxy + strata(listing_center) + kidney_no_dialysis_time + kidney_dialysis_years + kidney_diabetes,model_based,stratified_baseline_hazard_by_listing_center
Initial-listing prior-year cause-specific Cox,Adjusted + SDOH + organ score at listing,Multipollutant PM2.5 + NO2,KI,Kidney,racePACIFIC,covariate,NA,previous_365_days_pm25_o3_or_12_complete_months_no2,death_or_deterioration_delist_cause_specific,564179,564179,277,123299,0.15340062468544854,0.045186444028234615,0.0648351943901087,0.24196605498078838,1.1657919304257722,1.0669831650820258,1.2737509545817136,6.866940051109072e-4,0.671751321555448,age + sex + race + zcta_svi_proxy + strata(listing_center) + kidney_no_dialysis_time + kidney_dialysis_years + kidney_diabetes,model_based,stratified_baseline_hazard_by_listing_center
Initial-listing prior-year cause-specific Cox,Adjusted + SDOH + organ score at listing,Multipollutant PM2.5 + NO2,KI,Kidney,raceWHITE,covariate,NA,previous_365_days_pm25_o3_or_12_complete_months_no2,death_or_deterioration_delist_cause_specific,564179,564179,277,123299,0.2504888755814629,0.012318530524123239,0.22634455575418133,0.2746331954087444,1.2846532988255552,1.2540076664069237,1.3160478539274336,6.392640491778558e-92,0.671751321555448,age + sex + race + zcta_svi_proxy + strata(listing_center) + kidney_no_dialysis_time + kidney_dialysis_years + kidney_diabetes,model_based,stratified_baseline_hazard_by_listing_center
Initial-listing prior-year cause-specific Cox,Adjusted + SDOH + organ score at listing,Multipollutant PM2.5 + NO2,KI,Kidney,zcta_svi_proxy,covariate,NA,previous_365_days_pm25_o3_or_12_complete_months_no2,death_or_deterioration_delist_cause_specific,564179,564179,277,123299,0.09898070950201229,0.01719645711014553,0.06527565356612705,0.13268576543789753,1.104045001775575,1.0674532311225942,1.1418911202917519,8.619260942960384e-9,0.671751321555448,age + sex + race + zcta_svi_proxy + strata(listing_center) + kidney_no_dialysis_time + kidney_dialysis_years + kidney_diabetes,model_based,stratified_baseline_hazard_by_listing_center
Initial-listing prior-year cause-specific Cox,Adjusted + SDOH + organ score at listing,Multipollutant PM2.5 + NO2,KI,Kidney,kidney_no_dialysis_time,organ_severity,NA,previous_365_days_pm25_o3_or_12_complete_months_no2,death_or_deterioration_delist_cause_specific,564179,564179,277,123299,-0.435795071530169,0.007179617549706723,-0.44986712192759415,-0.42172302113274385,0.6467502498950836,0.6377128840508888,0.6559156890202869,0,0.671751321555448,age + sex + race + zcta_svi_proxy + strata(listing_center) + kidney_no_dialysis_time + kidney_dialysis_years + kidney_diabetes,model_based,stratified_baseline_hazard_by_listing_center
Initial-listing prior-year cause-specific Cox,Adjusted + SDOH + organ score at listing,Multipollutant PM2.5 + NO2,KI,Kidney,kidney_dialysis_years,organ_severity,NA,previous_365_days_pm25_o3_or_12_complete_months_no2,death_or_deterioration_delist_cause_specific,564179,564179,277,123299,0.06170771112355215,0.0012741947979406532,0.05921028931958847,0.06420513292751584,1.0636514058139168,1.0609983339000029,1.0663111118481265,0,0.671751321555448,age + sex + race + zcta_svi_proxy + strata(listing_center) + kidney_no_dialysis_time + kidney_dialysis_years + kidney_diabetes,model_based,stratified_baseline_hazard_by_listing_center
Initial-listing prior-year cause-specific Cox,Adjusted + SDOH + organ score at listing,Multipollutant PM2.5 + NO2,KI,Kidney,kidney_diabetes,organ_severity,NA,previous_365_days_pm25_o3_or_12_complete_months_no2,death_or_deterioration_delist_cause_specific,564179,564179,277,123299,0.5594577279293992,0.0062147543340639825,0.5472768094346337,0.5716386464241646,1.749723416848402,1.7285394604721467,1.7711669912536425,0,0.671751321555448,age + sex + race + zcta_svi_proxy + strata(listing_center) + kidney_no_dialysis_time + kidney_dialysis_years + kidney_diabetes,model_based,stratified_baseline_hazard_by_listing_center
Initial-listing prior-year cause-specific Cox,Adjusted + SDOH + organ score at listing,Multipollutant PM2.5 + NO2 + O3,KI,Kidney,pm25_prior_5ug,pollutant,Prior-year PM2.5 per 5 ug/m3,previous_365_days_pm25_o3_or_12_complete_months_no2,death_or_deterioration_delist_cause_specific,564179,564179,277,123299,-0.039230731850676534,0.008733550361238442,-0.056348490558703876,-0.02211297314264919,0.9615288282238382,0.9452096818378011,0.9781297264199617,7.05717059096721e-6,0.6716998577466177,age + sex + race + zcta_svi_proxy + strata(listing_center) + kidney_no_dialysis_time + kidney_dialysis_years + kidney_diabetes,model_based,stratified_baseline_hazard_by_listing_center
Initial-listing prior-year cause-specific Cox,Adjusted + SDOH + organ score at listing,Multipollutant PM2.5 + NO2 + O3,KI,Kidney,no2_prior_10ppb,pollutant,Prior-year NO2 per 10 ppb,previous_365_days_pm25_o3_or_12_complete_months_no2,death_or_deterioration_delist_cause_specific,564179,564179,277,123299,-0.10568574071581073,0.007323026066729354,-0.12003887180660026,-0.0913326096250212,0.8997073450397568,0.886885961187539,0.9127140829183995,3.256140985081328e-47,0.6716998577466177,age + sex + race + zcta_svi_proxy + strata(listing_center) + kidney_no_dialysis_time + kidney_dialysis_years + kidney_diabetes,model_based,stratified_baseline_hazard_by_listing_center
Initial-listing prior-year cause-specific Cox,Adjusted + SDOH + organ score at listing,Multipollutant PM2.5 + NO2 + O3,KI,Kidney,o3_prior_10ppb,pollutant,Prior-year O3 per 10 ppb,previous_365_days_pm25_o3_or_12_complete_months_no2,death_or_deterioration_delist_cause_specific,564179,564179,277,123299,-0.010397899333226119,0.009465741599499401,-0.028950752868244944,0.008154954201792707,0.9896559719443299,0.9714643051192172,1.00818829641392,0.2719962602157245,0.6716998577466177,age + sex + race + zcta_svi_proxy + strata(listing_center) + kidney_no_dialysis_time + kidney_dialysis_years + kidney_diabetes,model_based,stratified_baseline_hazard_by_listing_center
Initial-listing prior-year cause-specific Cox,Adjusted + SDOH + organ score at listing,Multipollutant PM2.5 + NO2 + O3,KI,Kidney,age,covariate,NA,previous_365_days_pm25_o3_or_12_complete_months_no2,death_or_deterioration_delist_cause_specific,564179,564179,277,123299,0.04605905081090989,2.8347436871005373e-4,0.04550344104823819,0.046614660573581594,1.0471362433755964,1.0465546058526354,1.0477182041518367,0,0.6716998577466177,age + sex + race + zcta_svi_proxy + strata(listing_center) + kidney_no_dialysis_time + kidney_dialysis_years + kidney_diabetes,model_based,stratified_baseline_hazard_by_listing_center
Initial-listing prior-year cause-specific Cox,Adjusted + SDOH + organ score at listing,Multipollutant PM2.5 + NO2 + O3,KI,Kidney,sexM,covariate,NA,previous_365_days_pm25_o3_or_12_complete_months_no2,death_or_deterioration_delist_cause_specific,564179,564179,277,123299,0.012551315540136356,0.005977652513369602,8.351166139319369e-4,0.024267514466340775,1.012630413884032,1.0008354654209028,1.0245643670228095,0.035754671826590805,0.6716998577466177,age + sex + race + zcta_svi_proxy + strata(listing_center) + kidney_no_dialysis_time + kidney_dialysis_years + kidney_diabetes,model_based,stratified_baseline_hazard_by_listing_center
Initial-listing prior-year cause-specific Cox,Adjusted + SDOH + organ score at listing,Multipollutant PM2.5 + NO2 + O3,KI,Kidney,raceBLACK,covariate,NA,previous_365_days_pm25_o3_or_12_complete_months_no2,death_or_deterioration_delist_cause_specific,564179,564179,277,123299,0.019305488525769878,0.013436246945207701,-0.007029555486837216,0.04564053253837697,1.0194930444782453,0.9929950940460954,1.0466980894180264,0.1507687189156373,0.6716998577466177,age + sex + race + zcta_svi_proxy + strata(listing_center) + kidney_no_dialysis_time + kidney_dialysis_years + kidney_diabetes,model_based,stratified_baseline_hazard_by_listing_center
Initial-listing prior-year cause-specific Cox,Adjusted + SDOH + organ score at listing,Multipollutant PM2.5 + NO2 + O3,KI,Kidney,raceMULTI,covariate,NA,previous_365_days_pm25_o3_or_12_complete_months_no2,death_or_deterioration_delist_cause_specific,564179,564179,277,123299,0.10220334979305411,0.043911462650691985,0.01613688299769782,0.1882698165884104,1.1076086808250765,1.0162677856666131,1.2071591829847856,0.019939370608137535,0.6716998577466177,age + sex + race + zcta_svi_proxy + strata(listing_center) + kidney_no_dialysis_time + kidney_dialysis_years + kidney_diabetes,model_based,stratified_baseline_hazard_by_listing_center
Initial-listing prior-year cause-specific Cox,Adjusted + SDOH + organ score at listing,Multipollutant PM2.5 + NO2 + O3,KI,Kidney,raceMissing,covariate,NA,previous_365_days_pm25_o3_or_12_complete_months_no2,death_or_deterioration_delist_cause_specific,564179,564179,277,123299,0.403380712460596,0.1931501265482667,0.02480646442599327,0.7819549604951987,1.4968766627947172,1.0251167047749126,2.185741128968757,0.036758973299684534,0.6716998577466177,age + sex + race + zcta_svi_proxy + strata(listing_center) + kidney_no_dialysis_time + kidney_dialysis_years + kidney_diabetes,model_based,stratified_baseline_hazard_by_listing_center
Initial-listing prior-year cause-specific Cox,Adjusted + SDOH + organ score at listing,Multipollutant PM2.5 + NO2 + O3,KI,Kidney,raceNATIVE,covariate,NA,previous_365_days_pm25_o3_or_12_complete_months_no2,death_or_deterioration_delist_cause_specific,564179,564179,277,123299,0.1356048974978978,0.031111512930531396,0.07462633215405627,0.19658346284173933,1.1452293212242148,1.077481455477642,1.217236910690284,1.3085372779209061e-5,0.6716998577466177,age + sex + race + zcta_svi_proxy + strata(listing_center) + kidney_no_dialysis_time + kidney_dialysis_years + kidney_diabetes,model_based,stratified_baseline_hazard_by_listing_center
Initial-listing prior-year cause-specific Cox,Adjusted + SDOH + organ score at listing,Multipollutant PM2.5 + NO2 + O3,KI,Kidney,racePACIFIC,covariate,NA,previous_365_days_pm25_o3_or_12_complete_months_no2,death_or_deterioration_delist_cause_specific,564179,564179,277,123299,0.15255856825301448,0.04519268226077488,0.06398091102189571,0.24113622548413324,1.1648106810235432,1.066072048341283,1.2726943969101996,7.361850060899795e-4,0.6716998577466177,age + sex + race + zcta_svi_proxy + strata(listing_center) + kidney_no_dialysis_time + kidney_dialysis_years + kidney_diabetes,model_based,stratified_baseline_hazard_by_listing_center
Initial-listing prior-year cause-specific Cox,Adjusted + SDOH + organ score at listing,Multipollutant PM2.5 + NO2 + O3,KI,Kidney,raceWHITE,covariate,NA,previous_365_days_pm25_o3_or_12_complete_months_no2,death_or_deterioration_delist_cause_specific,564179,564179,277,123299,0.25127396985052264,0.012339981516747135,0.22708760607769826,0.27546033362334704,1.2856622687846329,1.2549398034786285,1.3171368577159,3.5909918909985914e-92,0.6716998577466177,age + sex + race + zcta_svi_proxy + strata(listing_center) + kidney_no_dialysis_time + kidney_dialysis_years + kidney_diabetes,model_based,stratified_baseline_hazard_by_listing_center
Initial-listing prior-year cause-specific Cox,Adjusted + SDOH + organ score at listing,Multipollutant PM2.5 + NO2 + O3,KI,Kidney,zcta_svi_proxy,covariate,NA,previous_365_days_pm25_o3_or_12_complete_months_no2,death_or_deterioration_delist_cause_specific,564179,564179,277,123299,0.09856117816958808,0.017202254660255392,0.0648447590354875,0.13227759730368865,1.1035819174509078,1.0669933704464303,1.1414251318310027,1.0069740636005281e-8,0.6716998577466177,age + sex + race + zcta_svi_proxy + strata(listing_center) + kidney_no_dialysis_time + kidney_dialysis_years + kidney_diabetes,model_based,stratified_baseline_hazard_by_listing_center
Initial-listing prior-year cause-specific Cox,Adjusted + SDOH + organ score at listing,Multipollutant PM2.5 + NO2 + O3,KI,Kidney,kidney_no_dialysis_time,organ_severity,NA,previous_365_days_pm25_o3_or_12_complete_months_no2,death_or_deterioration_delist_cause_specific,564179,564179,277,123299,-0.43592016048354276,0.007180508338315433,-0.449993956826641,-0.4218463641404445,0.6466693536429492,0.6376320049308752,0.6558347913955858,0,0.6716998577466177,age + sex + race + zcta_svi_proxy + strata(listing_center) + kidney_no_dialysis_time + kidney_dialysis_years + kidney_diabetes,model_based,stratified_baseline_hazard_by_listing_center
Initial-listing prior-year cause-specific Cox,Adjusted + SDOH + organ score at listing,Multipollutant PM2.5 + NO2 + O3,KI,Kidney,kidney_dialysis_years,organ_severity,NA,previous_365_days_pm25_o3_or_12_complete_months_no2,death_or_deterioration_delist_cause_specific,564179,564179,277,123299,0.061732003876559936,0.0012743406068607224,0.05923429628711292,0.06422971146600695,1.0636772451486578,1.0610238055582957,1.0663373205389168,0,0.6716998577466177,age + sex + race + zcta_svi_proxy + strata(listing_center) + kidney_no_dialysis_time + kidney_dialysis_years + kidney_diabetes,model_based,stratified_baseline_hazard_by_listing_center
Initial-listing prior-year cause-specific Cox,Adjusted + SDOH + organ score at listing,Multipollutant PM2.5 + NO2 + O3,KI,Kidney,kidney_diabetes,organ_severity,NA,previous_365_days_pm25_o3_or_12_complete_months_no2,death_or_deterioration_delist_cause_specific,564179,564179,277,123299,0.5593596063482942,0.0062153701628174796,0.547177480829172,0.5715417318674164,1.7495517396430016,1.7283677755848037,1.7709953477072715,0,0.6716998577466177,age + sex + race + zcta_svi_proxy + strata(listing_center) + kidney_no_dialysis_time + kidney_dialysis_years + kidney_diabetes,model_based,stratified_baseline_hazard_by_listing_center
Initial-listing prior-year cause-specific Cox,Unadjusted,Single-pollutant PM2.5,LI,Liver,pm25_prior_5ug,pollutant,Prior-year PM2.5 per 5 ug/m3,previous_365_days_pm25_o3_or_12_complete_months_no2,death_or_deterioration_delist_cause_specific,208792,208792,NA,42137,0.03801791485084592,0.008830043995537896,0.020711028619591645,0.055324801082100195,1.038749841760291,1.020926990325754,1.0568838359467265,1.6659531613945665e-5,0.5136740641538378,None,model_based,none
Initial-listing prior-year cause-specific Cox,Unadjusted,Single-pollutant O3,LI,Liver,o3_prior_10ppb,pollutant,Prior-year O3 per 10 ppb,previous_365_days_pm25_o3_or_12_complete_months_no2,death_or_deterioration_delist_cause_specific,208792,208792,NA,42137,-0.030047671836179478,0.010239258441032954,-0.050116618380604064,-0.009978725291754888,0.9703992717307134,0.9511185001336815,0.9900708969945856,0.00334025846818229,0.5064276891627377,None,model_based,none
Initial-listing prior-year cause-specific Cox,Unadjusted,Single-pollutant NO2,LI,Liver,no2_prior_10ppb,pollutant,Prior-year NO2 per 10 ppb,previous_365_days_pm25_o3_or_12_complete_months_no2,death_or_deterioration_delist_cause_specific,222766,222766,NA,42883,0.025311751011073046,0.007312789376459261,0.010978683833212894,0.0396448181889332,1.025634813379617,1.0110391707354287,1.0404411627801438,5.375752623120102e-4,0.5137312400533063,None,model_based,none
Initial-listing prior-year cause-specific Cox,Unadjusted,Multipollutant PM2.5 + NO2,LI,Liver,pm25_prior_5ug,pollutant,Prior-year PM2.5 per 5 ug/m3,previous_365_days_pm25_o3_or_12_complete_months_no2,death_or_deterioration_delist_cause_specific,208792,208792,NA,42137,0.0338870053665509,0.010436168424697141,0.013432115254144502,0.05434189547895729,1.0344677108241378,1.0135227313817865,1.0558455292648237,0.001165982965128081,0.514565478501112,None,model_based,none
Initial-listing prior-year cause-specific Cox,Unadjusted,Multipollutant PM2.5 + NO2,LI,Liver,no2_prior_10ppb,pollutant,Prior-year NO2 per 10 ppb,previous_365_days_pm25_o3_or_12_complete_months_no2,death_or_deterioration_delist_cause_specific,208792,208792,NA,42137,0.0064690417953057,0.008700879812486543,-0.010584682637167926,0.023522766227779324,1.0064900112391968,0.9894711379946096,1.0238016085819344,0.45718335807128607,0.514565478501112,None,model_based,none
Initial-listing prior-year cause-specific Cox,Unadjusted,Multipollutant PM2.5 + NO2 + O3,LI,Liver,pm25_prior_5ug,pollutant,Prior-year PM2.5 per 5 ug/m3,previous_365_days_pm25_o3_or_12_complete_months_no2,death_or_deterioration_delist_cause_specific,208792,208792,NA,42137,0.04870761238448706,0.01116065769610299,0.0268327233001252,0.07058250146884892,1.049913324203478,1.0271959624407272,1.0731331008357665,1.2757468853075623e-5,0.5131905322815741,None,model_based,none
Initial-listing prior-year cause-specific Cox,Unadjusted,Multipollutant PM2.5 + NO2 + O3,LI,Liver,no2_prior_10ppb,pollutant,Prior-year NO2 per 10 ppb,previous_365_days_pm25_o3_or_12_complete_months_no2,death_or_deterioration_delist_cause_specific,208792,208792,NA,42137,-0.006219758523585389,0.009321884852937907,-0.024490652835343685,0.012051135788172906,0.9937995441344359,0.9758068099027045,1.0121240433034975,0.50463089765203,0.5131905322815741,None,model_based,none
Initial-listing prior-year cause-specific Cox,Unadjusted,Multipollutant PM2.5 + NO2 + O3,LI,Liver,o3_prior_10ppb,pollutant,Prior-year O3 per 10 ppb,previous_365_days_pm25_o3_or_12_complete_months_no2,death_or_deterioration_delist_cause_specific,208792,208792,NA,42137,-0.04198871556082498,0.01117391778221479,-0.06388959441396597,-0.020087836707683993,0.9588806009412509,0.9381085662394719,0.9801125796635622,1.714525791523893e-4,0.5131905322815741,None,model_based,none
Initial-listing prior-year cause-specific Cox,Adjusted + SDOH,Single-pollutant PM2.5,LI,Liver,pm25_prior_5ug,pollutant,Prior-year PM2.5 per 5 ug/m3,previous_365_days_pm25_o3_or_12_complete_months_no2,death_or_deterioration_delist_cause_specific,208592,208592,158,42101,0.024926882510483417,0.011519076350822305,0.0023494928628716993,0.047504272158095134,1.025240154797539,1.0023522550840773,1.048650681113212,0.03046700597082882,0.5517715235335523,age + sex + race + zcta_svi_proxy + strata(listing_center),model_based,stratified_baseline_hazard_by_listing_center
Initial-listing prior-year cause-specific Cox,Adjusted + SDOH,Single-pollutant PM2.5,LI,Liver,age,covariate,NA,previous_365_days_pm25_o3_or_12_complete_months_no2,death_or_deterioration_delist_cause_specific,208592,208592,158,42101,0.023595746999081065,4.8127170582261815e-4,0.022652454455668734,0.024539039542493396,1.0238763291395374,1.0229109696126868,1.0248425997124553,0,0.5517715235335523,age + sex + race + zcta_svi_proxy + strata(listing_center),model_based,stratified_baseline_hazard_by_listing_center
Initial-listing prior-year cause-specific Cox,Adjusted + SDOH,Single-pollutant PM2.5,LI,Liver,sexM,covariate,NA,previous_365_days_pm25_o3_or_12_complete_months_no2,death_or_deterioration_delist_cause_specific,208592,208592,158,42101,-0.09618614181600489,0.010078401244805453,-0.11593980825582358,-0.076432475376186207,0.9082949286645865,0.8905288241674575,0.9264154680328135,1.3770609741040057e-21,0.5517715235335523,age + sex + race + zcta_svi_proxy + strata(listing_center),model_based,stratified_baseline_hazard_by_listing_center
Initial-listing prior-year cause-specific Cox,Adjusted + SDOH,Single-pollutant PM2.5,LI,Liver,raceBLACK,covariate,NA,previous_365_days_pm25_o3_or_12_complete_months_no2,death_or_deterioration_delist_cause_specific,208592,208592,158,42101,0.22991116967783531,0.030470365543308616,0.17018925321295042,0.2896330861427202,1.2584882130506692,1.1855291953000435,1.3359372242086602,4.5089304080584476e-14,0.5517715235335523,age + sex + race + zcta_svi_proxy + strata(listing_center),model_based,stratified_baseline_hazard_by_listing_center
Initial-listing prior-year cause-specific Cox,Adjusted + SDOH,Single-pollutant PM2.5,LI,Liver,raceMULTI,covariate,NA,previous_365_days_pm25_o3_or_12_complete_months_no2,death_or_deterioration_delist_cause_specific,208592,208592,158,42101,0.1255110804077868,0.08019026935993512,-0.03166184753768603,0.28268400835325963,1.1337277310565093,0.9688341403438906,1.3266858739209022,0.11754399938675103,0.5517715235335523,age + sex + race + zcta_svi_proxy + strata(listing_center),model_based,stratified_baseline_hazard_by_listing_center
Initial-listing prior-year cause-specific Cox,Adjusted + SDOH,Single-pollutant PM2.5,LI,Liver,raceMissing,covariate,NA,previous_365_days_pm25_o3_or_12_complete_months_no2,death_or_deterioration_delist_cause_specific,208592,208592,158,42101,0.43061917242014547,0.1348410817482802,0.16633065219351628,0.6949076926467747,1.5382096457430072,1.1809635253526247,2.0035241253961127,0.001405442546471407,0.5517715235335523,age + sex + race + zcta_svi_proxy + strata(listing_center),model_based,stratified_baseline_hazard_by_listing_center
Initial-listing prior-year cause-specific Cox,Adjusted + SDOH,Single-pollutant PM2.5,LI,Liver,raceNATIVE,covariate,NA,previous_365_days_pm25_o3_or_12_complete_months_no2,death_or_deterioration_delist_cause_specific,208592,208592,158,42101,0.300513297743914,0.05635677942192752,0.19005401007693606,0.41097258541089193,1.3505518649137014,1.2093149110848316,1.50828400700496,9.695718998476699e-8,0.5517715235335523,age + sex + race + zcta_svi_proxy + strata(listing_center),model_based,stratified_baseline_hazard_by_listing_center
Initial-listing prior-year cause-specific Cox,Adjusted + SDOH,Single-pollutant PM2.5,LI,Liver,racePACIFIC,covariate,NA,previous_365_days_pm25_o3_or_12_complete_months_no2,death_or_deterioration_delist_cause_specific,208592,208592,158,42101,0.26854826172031715,0.12865134114793705,0.016391633070360512,0.5207048903702738,1.308064104931222,1.0165267129383266,1.6832137127648001,0.03685097248035991,0.5517715235335523,age + sex + race + zcta_svi_proxy + strata(listing_center),model_based,stratified_baseline_hazard_by_listing_center
Initial-listing prior-year cause-specific Cox,Adjusted + SDOH,Single-pollutant PM2.5,LI,Liver,raceWHITE,covariate,NA,previous_365_days_pm25_o3_or_12_complete_months_no2,death_or_deterioration_delist_cause_specific,208592,208592,158,42101,0.15982129944735676,0.025349770304975323,0.11013574964960512,0.2095068492451084,1.173301182686897,1.1164296151016313,1.2330698206793387,2.888554238534798e-10,0.5517715235335523,age + sex + race + zcta_svi_proxy + strata(listing_center),model_based,stratified_baseline_hazard_by_listing_center
Initial-listing prior-year cause-specific Cox,Adjusted + SDOH,Single-pollutant PM2.5,LI,Liver,zcta_svi_proxy,covariate,NA,previous_365_days_pm25_o3_or_12_complete_months_no2,death_or_deterioration_delist_cause_specific,208592,208592,158,42101,0.3380838237192938,0.02820782314689353,0.2827964903513825,0.3933711570872051,1.4022580409634373,1.3268351105919443,1.4819683303145137,4.23471114888057e-33,0.5517715235335523,age + sex + race + zcta_svi_proxy + strata(listing_center),model_based,stratified_baseline_hazard_by_listing_center
Initial-listing prior-year cause-specific Cox,Adjusted + SDOH,Single-pollutant O3,LI,Liver,o3_prior_10ppb,pollutant,Prior-year O3 per 10 ppb,previous_365_days_pm25_o3_or_12_complete_months_no2,death_or_deterioration_delist_cause_specific,208592,208592,158,42101,0.03357412132143108,0.01444667160664138,0.0052586449724139755,0.06188959767044819,1.0341440930122945,1.0052724959143056,1.0638448872905268,0.020125284402912183,0.5516978304288747,age + sex + race + zcta_svi_proxy + strata(listing_center),model_based,stratified_baseline_hazard_by_listing_center
Initial-listing prior-year cause-specific Cox,Adjusted + SDOH,Single-pollutant O3,LI,Liver,age,covariate,NA,previous_365_days_pm25_o3_or_12_complete_months_no2,death_or_deterioration_delist_cause_specific,208592,208592,158,42101,0.02354043246839003,4.800147287615536e-4,0.022599603600017386,0.024481261336762677,1.0238196954672523,1.0228569093212665,1.0247833878564814,0,0.5516978304288747,age + sex + race + zcta_svi_proxy + strata(listing_center),model_based,stratified_baseline_hazard_by_listing_center
Initial-listing prior-year cause-specific Cox,Adjusted + SDOH,Single-pollutant O3,LI,Liver,sexM,covariate,NA,previous_365_days_pm25_o3_or_12_complete_months_no2,death_or_deterioration_delist_cause_specific,208592,208592,158,42101,-0.09575943448348516,0.010077846376967164,-0.1155120133823408,-0.07600685558462952,0.9086825874732842,0.8909098693318978,0.9268098527142219,2.0594856412935762e-21,0.5516978304288747,age + sex + race + zcta_svi_proxy + strata(listing_center),model_based,stratified_baseline_hazard_by_listing_center
Initial-listing prior-year cause-specific Cox,Adjusted + SDOH,Single-pollutant O3,LI,Liver,raceBLACK,covariate,NA,previous_365_days_pm25_o3_or_12_complete_months_no2,death_or_deterioration_delist_cause_specific,208592,208592,158,42101,0.22652261721343597,0.03049278282470016,0.16675676287702368,0.28628847154984827,1.254230976722811,1.1814668537567994,1.3314764929451608,1.0964620260388873e-13,0.5516978304288747,age + sex + race + zcta_svi_proxy + strata(listing_center),model_based,stratified_baseline_hazard_by_listing_center
Initial-listing prior-year cause-specific Cox,Adjusted + SDOH,Single-pollutant O3,LI,Liver,raceMULTI,covariate,NA,previous_365_days_pm25_o3_or_12_complete_months_no2,death_or_deterioration_delist_cause_specific,208592,208592,158,42101,0.11879426721677809,0.08021572385066744,-0.03842855153053008,0.27601708596408625,1.1261382109058455,0.9623004571784957,1.31787038092094,0.13862391446692673,0.5516978304288747,age + sex + race + zcta_svi_proxy + strata(listing_center),model_based,stratified_baseline_hazard_by_listing_center
Initial-listing prior-year cause-specific Cox,Adjusted + SDOH,Single-pollutant O3,LI,Liver,raceMissing,covariate,NA,previous_365_days_pm25_o3_or_12_complete_months_no2,death_or_deterioration_delist_cause_specific,208592,208592,158,42101,0.4167654690040131,0.134852734878017,0.15245410864309983,0.6810768293649264,1.5170466767413526,1.1646890117090543,1.976004406562472,0.001998043780810586,0.5516978304288747,age + sex + race + zcta_svi_proxy + strata(listing_center),model_based,stratified_baseline_hazard_by_listing_center
Initial-listing prior-year cause-specific Cox,Adjusted + SDOH,Single-pollutant O3,LI,Liver,raceNATIVE,covariate,NA,previous_365_days_pm25_o3_or_12_complete_months_no2,death_or_deterioration_delist_cause_specific,208592,208592,158,42101,0.2870697611281705,0.056400339170332485,0.17652509635431884,0.3976144259020222,1.332517168134283,1.193064367949992,1.488270080870468,3.583302871864099e-7,0.5516978304288747,age + sex + race + zcta_svi_proxy + strata(listing_center),model_based,stratified_baseline_hazard_by_listing_center
Initial-listing prior-year cause-specific Cox,Adjusted + SDOH,Single-pollutant O3,LI,Liver,racePACIFIC,covariate,NA,previous_365_days_pm25_o3_or_12_complete_months_no2,death_or_deterioration_delist_cause_specific,208592,208592,158,42101,0.2657885502170922,0.12864870076162466,0.013637096724307851,0.5179400037098765,1.3044592019079722,1.0137305060555608,1.678566245444646,0.03882823411896969,0.5516978304288747,age + sex + race + zcta_svi_proxy + strata(listing_center),model_based,stratified_baseline_hazard_by_listing_center
Initial-listing prior-year cause-specific Cox,Adjusted + SDOH,Single-pollutant O3,LI,Liver,raceWHITE,covariate,NA,previous_365_days_pm25_o3_or_12_complete_months_no2,death_or_deterioration_delist_cause_specific,208592,208592,158,42101,0.15336273251690394,0.02543577699749725,0.10350860960180933,0.20321685543199855,1.1657477568783776,1.1090553418488414,1.2253381606742122,1.6455915284731515e-9,0.5516978304288747,age + sex + race + zcta_svi_proxy + strata(listing_center),model_based,stratified_baseline_hazard_by_listing_center
Initial-listing prior-year cause-specific Cox,Adjusted + SDOH,Single-pollutant O3,LI,Liver,zcta_svi_proxy,covariate,NA,previous_365_days_pm25_o3_or_12_complete_months_no2,death_or_deterioration_delist_cause_specific,208592,208592,158,42101,0.35294781245426776,0.028211936278622483,0.2976524173481677,0.4082432075603678,1.4232568652126778,1.346693619181248,1.5041729429196842,6.534165251157304e-36,0.5516978304288747,age + sex + race + zcta_svi_proxy + strata(listing_center),model_based,stratified_baseline_hazard_by_listing_center
Initial-listing prior-year cause-specific Cox,Adjusted + SDOH,Single-pollutant NO2,LI,Liver,no2_prior_10ppb,pollutant,Prior-year NO2 per 10 ppb,previous_365_days_pm25_o3_or_12_complete_months_no2,death_or_deterioration_delist_cause_specific,222559,222559,161,42847,-0.0031279133332199898,0.008989133214026975,-0.02074661443271286,0.01449078776627288,0.9968769734911745,0.9794671159599581,1.0145962882102009,0.7278656672374078,0.5486253327513047,age + sex + race + zcta_svi_proxy + strata(listing_center),model_based,stratified_baseline_hazard_by_listing_center
Initial-listing prior-year cause-specific Cox,Adjusted + SDOH,Single-pollutant NO2,LI,Liver,age,covariate,NA,previous_365_days_pm25_o3_or_12_complete_months_no2,death_or_deterioration_delist_cause_specific,222559,222559,161,42847,0.0228722119830773,4.7336563613313093e-4,0.021944415336256365,0.023800008629898235,1.023135786699847,1.0221869649725754,1.0240854891492377,0,0.5486253327513047,age + sex + race + zcta_svi_proxy + strata(listing_center),model_based,stratified_baseline_hazard_by_listing_center
Initial-listing prior-year cause-specific Cox,Adjusted + SDOH,Single-pollutant NO2,LI,Liver,sexM,covariate,NA,previous_365_days_pm25_o3_or_12_complete_months_no2,death_or_deterioration_delist_cause_specific,222559,222559,161,42847,-0.09498477532742694,0.009986663588991525,-0.11455863596185033,-0.07541091469300355,0.9093867794787981,0.8917596477003997,0.9273623412131092,1.8854449718414555e-21,0.5486253327513047,age + sex + race + zcta_svi_proxy + strata(listing_center),model_based,stratified_baseline_hazard_by_listing_center
Initial-listing prior-year cause-specific Cox,Adjusted + SDOH,Single-pollutant NO2,LI,Liver,raceBLACK,covariate,NA,previous_365_days_pm25_o3_or_12_complete_months_no2,death_or_deterioration_delist_cause_specific,222559,222559,161,42847,0.2298013979353904,0.03022130123258587,0.17056764751952208,0.2890351483512587,1.2583500741886868,1.1859778776818952,1.3351386556262455,2.872163845215662e-14,0.5486253327513047,age + sex + race + zcta_svi_proxy + strata(listing_center),model_based,stratified_baseline_hazard_by_listing_center
Initial-listing prior-year cause-specific Cox,Adjusted + SDOH,Single-pollutant NO2,LI,Liver,raceMULTI,covariate,NA,previous_365_days_pm25_o3_or_12_complete_months_no2,death_or_deterioration_delist_cause_specific,222559,222559,161,42847,0.11463250492588684,0.07953941952295879,-0.04126475733911239,0.27052976719088606,1.121461230356552,0.9595750417786894,1.310658610775846,0.14952714619565016,0.5486253327513047,age + sex + race + zcta_svi_proxy + strata(listing_center),model_based,stratified_baseline_hazard_by_listing_center
Initial-listing prior-year cause-specific Cox,Adjusted + SDOH,Single-pollutant NO2,LI,Liver,raceMissing,covariate,NA,previous_365_days_pm25_o3_or_12_complete_months_no2,death_or_deterioration_delist_cause_specific,222559,222559,161,42847,0.3832711298712585,0.11491189964440697,0.15804380656822084,0.6084984531742962,1.467075744207524,1.1712175006032353,1.8376699785765775,8.51928328281331e-4,0.5486253327513047,age + sex + race + zcta_svi_proxy + strata(listing_center),model_based,stratified_baseline_hazard_by_listing_center
Initial-listing prior-year cause-specific Cox,Adjusted + SDOH,Single-pollutant NO2,LI,Liver,raceNATIVE,covariate,NA,previous_365_days_pm25_o3_or_12_complete_months_no2,death_or_deterioration_delist_cause_specific,222559,222559,161,42847,0.27900031474750225,0.05595713257874166,0.16932433489316862,0.3886762946018359,1.3218077599051645,1.1845042526901075,1.4750269998419405,6.165324749633198e-7,0.5486253327513047,age + sex + race + zcta_svi_proxy + strata(listing_center),model_based,stratified_baseline_hazard_by_listing_center
Initial-listing prior-year cause-specific Cox,Adjusted + SDOH,Single-pollutant NO2,LI,Liver,racePACIFIC,covariate,NA,previous_365_days_pm25_o3_or_12_complete_months_no2,death_or_deterioration_delist_cause_specific,222559,222559,161,42847,0.25561090629550143,0.1276387088565487,0.005439036936665975,0.5057827756543369,1.2912502128545615,1.0054538553518528,1.6582830761671097,0.045218869813542874,0.5486253327513047,age + sex + race + zcta_svi_proxy + strata(listing_center),model_based,stratified_baseline_hazard_by_listing_center
Initial-listing prior-year cause-specific Cox,Adjusted + SDOH,Single-pollutant NO2,LI,Liver,raceWHITE,covariate,NA,previous_365_days_pm25_o3_or_12_complete_months_no2,death_or_deterioration_delist_cause_specific,222559,222559,161,42847,0.157362984165272,0.025200375928354533,0.10797024734569713,0.20675572098484687,1.1704203808693752,1.1140146000021063,1.2296821495443806,4.2524032261500107e-10,0.5486253327513047,age + sex + race + zcta_svi_proxy + strata(listing_center),model_based,stratified_baseline_hazard_by_listing_center
Initial-listing prior-year cause-specific Cox,Adjusted + SDOH,Single-pollutant NO2,LI,Liver,zcta_svi_proxy,covariate,NA,previous_365_days_pm25_o3_or_12_complete_months_no2,death_or_deterioration_delist_cause_specific,222559,222559,161,42847,0.34498457006401584,0.028473624519683507,0.28917626600543617,0.4007928741225955,1.411968132921673,1.3353270805560584,1.4930079958807656,8.69671925830792e-34,0.5486253327513047,age + sex + race + zcta_svi_proxy + strata(listing_center),model_based,stratified_baseline_hazard_by_listing_center
Initial-listing prior-year cause-specific Cox,Adjusted + SDOH,Multipollutant PM2.5 + NO2,LI,Liver,pm25_prior_5ug,pollutant,Prior-year PM2.5 per 5 ug/m3,previous_365_days_pm25_o3_or_12_complete_months_no2,death_or_deterioration_delist_cause_specific,208592,208592,158,42101,0.04350827913245032,0.013740471071595348,0.016576955832123437,0.07043960243277719,1.044468641570454,1.0167151159333168,1.0729797621063197,0.001543209652129775,0.5516289383827946,age + sex + race + zcta_svi_proxy + strata(listing_center),model_based,stratified_baseline_hazard_by_listing_center
Initial-listing prior-year cause-specific Cox,Adjusted + SDOH,Multipollutant PM2.5 + NO2,LI,Liver,no2_prior_10ppb,pollutant,Prior-year NO2 per 10 ppb,previous_365_days_pm25_o3_or_12_complete_months_no2,death_or_deterioration_delist_cause_specific,208592,208592,158,42101,-0.026658727895751706,0.010819559373221708,-0.04786506426726625,-0.005452391524237158,0.9736934792519352,0.9532624075610118,0.9945624457839105,0.013741972345708542,0.5516289383827946,age + sex + race + zcta_svi_proxy + strata(listing_center),model_based,stratified_baseline_hazard_by_listing_center
Initial-listing prior-year cause-specific Cox,Adjusted + SDOH,Multipollutant PM2.5 + NO2,LI,Liver,age,covariate,NA,previous_365_days_pm25_o3_or_12_complete_months_no2,death_or_deterioration_delist_cause_specific,208592,208592,158,42101,0.023566315101655046,4.8126397496649513e-4,0.022623037710720717,0.024509592492589376,1.0238461949598965,1.0228808793441702,1.0248124215656087,0,0.5516289383827946,age + sex + race + zcta_svi_proxy + strata(listing_center),model_based,stratified_baseline_hazard_by_listing_center
Initial-listing prior-year cause-specific Cox,Adjusted + SDOH,Multipollutant PM2.5 + NO2,LI,Liver,sexM,covariate,NA,previous_365_days_pm25_o3_or_12_complete_months_no2,death_or_deterioration_delist_cause_specific,208592,208592,158,42101,-0.09574894668196145,0.010079899292590235,-0.11550554929543831,-0.07599234406848458,0.9086921176058846,0.8909156282693285,0.926823302227949,2.119188635929729e-21,0.5516289383827946,age + sex + race + zcta_svi_proxy + strata(listing_center),model_based,stratified_baseline_hazard_by_listing_center
Initial-listing prior-year cause-specific Cox,Adjusted + SDOH,Multipollutant PM2.5 + NO2,LI,Liver,raceBLACK,covariate,NA,previous_365_days_pm25_o3_or_12_complete_months_no2,death_or_deterioration_delist_cause_specific,208592,208592,158,42101,0.22956510272157296,0.030468968416372758,0.16984592462548237,0.28928428081766355,1.2580527672163397,1.1851222390998652,1.3354713234499713,4.906214337622605e-14,0.5516289383827946,age + sex + race + zcta_svi_proxy + strata(listing_center),model_based,stratified_baseline_hazard_by_listing_center
Initial-listing prior-year cause-specific Cox,Adjusted + SDOH,Multipollutant PM2.5 + NO2,LI,Liver,raceMULTI,covariate,NA,previous_365_days_pm25_o3_or_12_complete_months_no2,death_or_deterioration_delist_cause_specific,208592,208592,158,42101,0.11882235403896932,0.08023729108026123,-0.038442736478342676,0.2760874445562813,1.1261698409937304,0.9622868070935436,1.3179631076876615,0.13863671181380097,0.5516289383827946,age + sex + race + zcta_svi_proxy + strata(listing_center),model_based,stratified_baseline_hazard_by_listing_center
Initial-listing prior-year cause-specific Cox,Adjusted + SDOH,Multipollutant PM2.5 + NO2,LI,Liver,raceMissing,covariate,NA,previous_365_days_pm25_o3_or_12_complete_months_no2,death_or_deterioration_delist_cause_specific,208592,208592,158,42101,0.4188051096044076,0.13492416507111482,0.15435374606502256,0.6832564731437927,1.5201440644409858,1.1669036013332932,1.9803160895337186,0.0019092093375112492,0.5516289383827946,age + sex + race + zcta_svi_proxy + strata(listing_center),model_based,stratified_baseline_hazard_by_listing_center
Initial-listing prior-year cause-specific Cox,Adjusted + SDOH,Multipollutant PM2.5 + NO2,LI,Liver,raceNATIVE,covariate,NA,previous_365_days_pm25_o3_or_12_complete_months_no2,death_or_deterioration_delist_cause_specific,208592,208592,158,42101,0.2907292616874884,0.05649863403116333,0.1799919389864083,0.4014665843885685,1.337402448848174,1.1972077123752713,1.4940141895982308,2.664185171267455e-7,0.5516289383827946,age + sex + race + zcta_svi_proxy + strata(listing_center),model_based,stratified_baseline_hazard_by_listing_center
Initial-listing prior-year cause-specific Cox,Adjusted + SDOH,Multipollutant PM2.5 + NO2,LI,Liver,racePACIFIC,covariate,NA,previous_365_days_pm25_o3_or_12_complete_months_no2,death_or_deterioration_delist_cause_specific,208592,208592,158,42101,0.2654535106380831,0.12865803785969837,0.013283756433074279,0.5176232648430918,1.3040222296517183,1.013372377497669,1.6780346624651805,0.039089019134570524,0.5516289383827946,age + sex + race + zcta_svi_proxy + strata(listing_center),model_based,stratified_baseline_hazard_by_listing_center
Initial-listing prior-year cause-specific Cox,Adjusted + SDOH,Multipollutant PM2.5 + NO2,LI,Liver,raceWHITE,covariate,NA,previous_365_days_pm25_o3_or_12_complete_months_no2,death_or_deterioration_delist_cause_specific,208592,208592,158,42101,0.1549644792900314,0.025425395384853753,0.10513070433571806,0.20479825424434475,1.1676164858019666,1.110855794536101,1.2272774419706447,1.0952642970812516e-9,0.5516289383827946,age + sex + race + zcta_svi_proxy + strata(listing_center),model_based,stratified_baseline_hazard_by_listing_center
Initial-listing prior-year cause-specific Cox,Adjusted + SDOH,Multipollutant PM2.5 + NO2,LI,Liver,zcta_svi_proxy,covariate,NA,previous_365_days_pm25_o3_or_12_complete_months_no2,death_or_deterioration_delist_cause_specific,208592,208592,158,42101,0.3509431873947611,0.028695098265342178,0.2947007947946904,0.4071855799948318,1.4204066266188915,1.342724548403231,1.5025829291213428,2.1474179482403708e-34,0.5516289383827946,age + sex + race + zcta_svi_proxy + strata(listing_center),model_based,stratified_baseline_hazard_by_listing_center
Initial-listing prior-year cause-specific Cox,Adjusted + SDOH,Multipollutant PM2.5 + NO2 + O3,LI,Liver,pm25_prior_5ug,pollutant,Prior-year PM2.5 per 5 ug/m3,previous_365_days_pm25_o3_or_12_complete_months_no2,death_or_deterioration_delist_cause_specific,208592,208592,158,42101,0.03926303935800222,0.013995948284586104,0.011830980720213453,0.06669509799579099,1.040044020184507,1.0119012435921033,1.068969497538813,0.005026747599271783,0.5517838721078496,age + sex + race + zcta_svi_proxy + strata(listing_center),model_based,stratified_baseline_hazard_by_listing_center
Initial-listing prior-year cause-specific Cox,Adjusted + SDOH,Multipollutant PM2.5 + NO2 + O3,LI,Liver,no2_prior_10ppb,pollutant,Prior-year NO2 per 10 ppb,previous_365_days_pm25_o3_or_12_complete_months_no2,death_or_deterioration_delist_cause_specific,208592,208592,158,42101,-0.019741210095468895,0.01166971348273155,-0.04261384852162273,0.00313142833068494,0.9804523716537115,0.9582813603941566,1.003136336374105,0.09071045005421768,0.5517838721078496,age + sex + race + zcta_svi_proxy + strata(listing_center),model_based,stratified_baseline_hazard_by_listing_center
Initial-listing prior-year cause-specific Cox,Adjusted + SDOH,Multipollutant PM2.5 + NO2 + O3,LI,Liver,o3_prior_10ppb,pollutant,Prior-year O3 per 10 ppb,previous_365_days_pm25_o3_or_12_complete_months_no2,death_or_deterioration_delist_cause_specific,208592,208592,158,42101,0.02464634691714628,0.015589735381938492,-0.005909534431453166,0.05520222826574572,1.0249525787819398,0.9941078925218528,1.0567542986574323,0.11389306766834213,0.5517838721078496,age + sex + race + zcta_svi_proxy + strata(listing_center),model_based,stratified_baseline_hazard_by_listing_center
Initial-listing prior-year cause-specific Cox,Adjusted + SDOH,Multipollutant PM2.5 + NO2 + O3,LI,Liver,age,covariate,NA,previous_365_days_pm25_o3_or_12_complete_months_no2,death_or_deterioration_delist_cause_specific,208592,208592,158,42101,0.023584341670684697,4.814512207783453e-4,0.02264069727795914,0.024527986063410254,1.0238646515603598,1.0228989431373348,1.0248312716988228,0,0.5517838721078496,age + sex + race + zcta_svi_proxy + strata(listing_center),model_based,stratified_baseline_hazard_by_listing_center
Initial-listing prior-year cause-specific Cox,Adjusted + SDOH,Multipollutant PM2.5 + NO2 + O3,LI,Liver,sexM,covariate,NA,previous_365_days_pm25_o3_or_12_complete_months_no2,death_or_deterioration_delist_cause_specific,208592,208592,158,42101,-0.09575565432572061,0.010079906503029786,-0.11551227107165898,-0.07599903757978224,0.9086860224433151,0.8909096397539705,0.9268170985464668,2.1058278451626358e-21,0.5517838721078496,age + sex + race + zcta_svi_proxy + strata(listing_center),model_based,stratified_baseline_hazard_by_listing_center
Initial-listing prior-year cause-specific Cox,Adjusted + SDOH,Multipollutant PM2.5 + NO2 + O3,LI,Liver,raceBLACK,covariate,NA,previous_365_days_pm25_o3_or_12_complete_months_no2,death_or_deterioration_delist_cause_specific,208592,208592,158,42101,0.22750489471045407,0.030495176566719493,0.16773434863968387,0.28727544078122424,1.2554635848698228,1.1826224036646285,1.3327912679905283,8.628855878898835e-14,0.5517838721078496,age + sex + race + zcta_svi_proxy + strata(listing_center),model_based,stratified_baseline_hazard_by_listing_center
Initial-listing prior-year cause-specific Cox,Adjusted + SDOH,Multipollutant PM2.5 + NO2 + O3,LI,Liver,raceMULTI,covariate,NA,previous_365_days_pm25_o3_or_12_complete_months_no2,death_or_deterioration_delist_cause_specific,208592,208592,158,42101,0.11688476606035235,0.0802457408919634,-0.04039688608789592,0.2741664182086006,1.1239899004432452,0.9604081908516041,1.3154336961434987,0.1452308896236156,0.5517838721078496,age + sex + race + zcta_svi_proxy + strata(listing_center),model_based,stratified_baseline_hazard_by_listing_center
Initial-listing prior-year cause-specific Cox,Adjusted + SDOH,Multipollutant PM2.5 + NO2 + O3,LI,Liver,raceMissing,covariate,NA,previous_365_days_pm25_o3_or_12_complete_months_no2,death_or_deterioration_delist_cause_specific,208592,208592,158,42101,0.41593388397351094,0.13493537690915913,0.15146054523155905,0.6804072227154628,1.515785647833453,1.1635323940028617,1.974681703767184,0.0020529229934630007,0.5517838721078496,age + sex + race + zcta_svi_proxy + strata(listing_center),model_based,stratified_baseline_hazard_by_listing_center
Initial-listing prior-year cause-specific Cox,Adjusted + SDOH,Multipollutant PM2.5 + NO2 + O3,LI,Liver,raceNATIVE,covariate,NA,previous_365_days_pm25_o3_or_12_complete_months_no2,death_or_deterioration_delist_cause_specific,208592,208592,158,42101,0.2876712461199048,0.05653099824228697,0.17687048956502233,0.3984720026747873,1.3333188983023045,1.193476515454992,1.4895469341450254,3.604606822017126e-7,0.5517838721078496,age + sex + race + zcta_svi_proxy + strata(listing_center),model_based,stratified_baseline_hazard_by_listing_center
Initial-listing prior-year cause-specific Cox,Adjusted + SDOH,Multipollutant PM2.5 + NO2 + O3,LI,Liver,racePACIFIC,covariate,NA,previous_365_days_pm25_o3_or_12_complete_months_no2,death_or_deterioration_delist_cause_specific,208592,208592,158,42101,0.2661387378390802,0.12865980950996636,0.013965511199546143,0.5183119644786143,1.3049160873670158,1.014063484502218,1.6791907223689375,0.03858870717503825,0.5517838721078496,age + sex + race + zcta_svi_proxy + strata(listing_center),model_based,stratified_baseline_hazard_by_listing_center
Initial-listing prior-year cause-specific Cox,Adjusted + SDOH,Multipollutant PM2.5 + NO2 + O3,LI,Liver,raceWHITE,covariate,NA,previous_365_days_pm25_o3_or_12_complete_months_no2,death_or_deterioration_delist_cause_specific,208592,208592,158,42101,0.15248349159481214,0.025471763857869898,0.10255883443338715,0.20240814875623714,1.1647232342128218,1.108002488690786,1.2243476221051715,2.145713552545907e-9,0.5517838721078496,age + sex + race + zcta_svi_proxy + strata(listing_center),model_based,stratified_baseline_hazard_by_listing_center
Initial-listing prior-year cause-specific Cox,Adjusted + SDOH,Multipollutant PM2.5 + NO2 + O3,LI,Liver,zcta_svi_proxy,covariate,NA,previous_365_days_pm25_o3_or_12_complete_months_no2,death_or_deterioration_delist_cause_specific,208592,208592,158,42101,0.3530714398156765,0.028722372228742906,0.2967755902473404,0.4093672893840126,1.423432829580312,1.3455133192545405,1.505864707046954,9.931229532798596e-35,0.5517838721078496,age + sex + race + zcta_svi_proxy + strata(listing_center),model_based,stratified_baseline_hazard_by_listing_center
Initial-listing prior-year cause-specific Cox,Adjusted + SDOH + organ score at listing,Single-pollutant PM2.5,LI,Liver,pm25_prior_5ug,pollutant,Prior-year PM2.5 per 5 ug/m3,previous_365_days_pm25_o3_or_12_complete_months_no2,death_or_deterioration_delist_cause_specific,208591,208591,158,42101,0.04122915379653282,0.01152665546081914,0.018636909093327308,0.06382139849973834,1.0420908772675694,1.0188116602023267,1.0659020100620287,3.47755414072045e-4,0.7355633261186557,age + sex + race + zcta_svi_proxy + strata(listing_center) + organ_score,model_based,stratified_baseline_hazard_by_listing_center
Initial-listing prior-year cause-specific Cox,Adjusted + SDOH + organ score at listing,Single-pollutant PM2.5,LI,Liver,age,covariate,NA,previous_365_days_pm25_o3_or_12_complete_months_no2,death_or_deterioration_delist_cause_specific,208591,208591,158,42101,0.03750842615351023,5.085920188385242e-4,0.03651158579658672,0.03850526651043374,1.0382207452523453,1.0371863205778715,1.0392562015972007,0,0.7355633261186557,age + sex + race + zcta_svi_proxy + strata(listing_center) + organ_score,model_based,stratified_baseline_hazard_by_listing_center
Initial-listing prior-year cause-specific Cox,Adjusted + SDOH + organ score at listing,Single-pollutant PM2.5,LI,Liver,sexM,covariate,NA,previous_365_days_pm25_o3_or_12_complete_months_no2,death_or_deterioration_delist_cause_specific,208591,208591,158,42101,-0.06415779135500138,0.010091964028956053,-0.08393804085175524,-0.04437754185824752,0.9378570021275179,0.9194882250374773,0.956592735490185,2.0531109294706268e-10,0.7355633261186557,age + sex + race + zcta_svi_proxy + strata(listing_center) + organ_score,model_based,stratified_baseline_hazard_by_listing_center
Initial-listing prior-year cause-specific Cox,Adjusted + SDOH + organ score at listing,Single-pollutant PM2.5,LI,Liver,raceBLACK,covariate,NA,previous_365_days_pm25_o3_or_12_complete_months_no2,death_or_deterioration_delist_cause_specific,208591,208591,158,42101,0.023618516997281475,0.030536173387535774,-0.036232382842288635,0.08346941683685159,1.0238996430671374,0.9644161536740689,1.0870519692967684,0.4392500313257355,0.7355633261186557,age + sex + race + zcta_svi_proxy + strata(listing_center) + organ_score,model_based,stratified_baseline_hazard_by_listing_center
Initial-listing prior-year cause-specific Cox,Adjusted + SDOH + organ score at listing,Single-pollutant PM2.5,LI,Liver,raceMULTI,covariate,NA,previous_365_days_pm25_o3_or_12_complete_months_no2,death_or_deterioration_delist_cause_specific,208591,208591,158,42101,-0.0984429169350129,0.0806463716758814,-0.25650980541974044,0.05962397154971465,0.90624742251832,0.7737474076041712,1.0614373408553581,0.22220953288852388,0.7355633261186557,age + sex + race + zcta_svi_proxy + strata(listing_center) + organ_score,model_based,stratified_baseline_hazard_by_listing_center
Initial-listing prior-year cause-specific Cox,Adjusted + SDOH + organ score at listing,Single-pollutant PM2.5,LI,Liver,raceMissing,covariate,NA,previous_365_days_pm25_o3_or_12_complete_months_no2,death_or_deterioration_delist_cause_specific,208591,208591,158,42101,0.3061702487297175,0.13485486542164465,0.04185471250329398,0.570485784956141,1.3582135209919852,1.0427429702290305,1.7691262576435902,0.023185229466622694,0.7355633261186557,age + sex + race + zcta_svi_proxy + strata(listing_center) + organ_score,model_based,stratified_baseline_hazard_by_listing_center
Initial-listing prior-year cause-specific Cox,Adjusted + SDOH + organ score at listing,Single-pollutant PM2.5,LI,Liver,raceNATIVE,covariate,NA,previous_365_days_pm25_o3_or_12_complete_months_no2,death_or_deterioration_delist_cause_specific,208591,208591,158,42101,0.15156493622189038,0.056635501648524114,0.040559352990783115,0.26257051945299764,1.1636538626417596,1.04139311766437,1.300268159134787,0.007447393944614122,0.7355633261186557,age + sex + race + zcta_svi_proxy + strata(listing_center) + organ_score,model_based,stratified_baseline_hazard_by_listing_center
Initial-listing prior-year cause-specific Cox,Adjusted + SDOH + organ score at listing,Single-pollutant PM2.5,LI,Liver,racePACIFIC,covariate,NA,previous_365_days_pm25_o3_or_12_complete_months_no2,death_or_deterioration_delist_cause_specific,208591,208591,158,42101,0.11792609765034838,0.1287077262250188,-0.13434104575068845,0.37019324105138524,1.1251609562562974,0.8742918402351741,1.4480144034548583,0.35954538700006966,0.7355633261186557,age + sex + race + zcta_svi_proxy + strata(listing_center) + organ_score,model_based,stratified_baseline_hazard_by_listing_center
Initial-listing prior-year cause-specific Cox,Adjusted + SDOH + organ score at listing,Single-pollutant PM2.5,LI,Liver,raceWHITE,covariate,NA,previous_365_days_pm25_o3_or_12_complete_months_no2,death_or_deterioration_delist_cause_specific,208591,208591,158,42101,0.07823229647258287,0.02537043392842151,0.02850624597287671,0.12795834697228903,1.0813738288219623,1.0289164373986142,1.1365056628092756,0.0020451164934323857,0.7355633261186557,age + sex + race + zcta_svi_proxy + strata(listing_center) + organ_score,model_based,stratified_baseline_hazard_by_listing_center
Initial-listing prior-year cause-specific Cox,Adjusted + SDOH + organ score at listing,Single-pollutant PM2.5,LI,Liver,zcta_svi_proxy,covariate,NA,previous_365_days_pm25_o3_or_12_complete_months_no2,death_or_deterioration_delist_cause_specific,208591,208591,158,42101,0.32235857272665214,0.028216858440858587,0.26705353018256933,0.37766361527073494,1.38037965372336,1.3061103607854394,1.4588721180249784,3.161006942302968e-30,0.7355633261186557,age + sex + race + zcta_svi_proxy + strata(listing_center) + organ_score,model_based,stratified_baseline_hazard_by_listing_center
Initial-listing prior-year cause-specific Cox,Adjusted + SDOH + organ score at listing,Single-pollutant PM2.5,LI,Liver,organ_score,organ_severity,NA,previous_365_days_pm25_o3_or_12_complete_months_no2,death_or_deterioration_delist_cause_specific,208591,208591,158,42101,0.1008455467260079,6.450313670342187e-4,0.09958128524662083,0.10210980820539498,1.1061057869090476,1.1047082635741359,1.1075050781962197,0,0.7355633261186557,age + sex + race + zcta_svi_proxy + strata(listing_center) + organ_score,model_based,stratified_baseline_hazard_by_listing_center
Initial-listing prior-year cause-specific Cox,Adjusted + SDOH + organ score at listing,Single-pollutant O3,LI,Liver,o3_prior_10ppb,pollutant,Prior-year O3 per 10 ppb,previous_365_days_pm25_o3_or_12_complete_months_no2,death_or_deterioration_delist_cause_specific,208591,208591,158,42101,0.043536504158373734,0.014409034206020604,0.01529479711457335,0.07177821120217412,1.0444981221409815,1.0154123611318406,1.0744170239763162,0.002515482836998041,0.7355339745819466,age + sex + race + zcta_svi_proxy + strata(listing_center) + organ_score,model_based,stratified_baseline_hazard_by_listing_center
Initial-listing prior-year cause-specific Cox,Adjusted + SDOH + organ score at listing,Single-pollutant O3,LI,Liver,age,covariate,NA,previous_365_days_pm25_o3_or_12_complete_months_no2,death_or_deterioration_delist_cause_specific,208591,208591,158,42101,0.037410595429729784,5.072553044134666e-4,0.03641637503307939,0.03840481582638018,1.0381191803335592,1.0370875739773342,1.039151812843892,0,0.7355339745819466,age + sex + race + zcta_svi_proxy + strata(listing_center) + organ_score,model_based,stratified_baseline_hazard_by_listing_center
Initial-listing prior-year cause-specific Cox,Adjusted + SDOH + organ score at listing,Single-pollutant O3,LI,Liver,sexM,covariate,NA,previous_365_days_pm25_o3_or_12_complete_months_no2,death_or_deterioration_delist_cause_specific,208591,208591,158,42101,-0.06328919572432606,0.010090620693403619,-0.08306681228339716,-0.04351157916525497,0.9386719745112514,0.920289658512575,0.9574214678853873,3.562529281408296e-10,0.7355339745819466,age + sex + race + zcta_svi_proxy + strata(listing_center) + organ_score,model_based,stratified_baseline_hazard_by_listing_center
Initial-listing prior-year cause-specific Cox,Adjusted + SDOH + organ score at listing,Single-pollutant O3,LI,Liver,raceBLACK,covariate,NA,previous_365_days_pm25_o3_or_12_complete_months_no2,death_or_deterioration_delist_cause_specific,208591,208591,158,42101,0.019529294059380087,0.03055346326662787,-0.04035549394321054,0.0794140820619707,1.0197212381976328,0.9604479450291465,1.0826525362597947,0.5227030437398205,0.7355339745819466,age + sex + race + zcta_svi_proxy + strata(listing_center) + organ_score,model_based,stratified_baseline_hazard_by_listing_center
Initial-listing prior-year cause-specific Cox,Adjusted + SDOH + organ score at listing,Single-pollutant O3,LI,Liver,raceMULTI,covariate,NA,previous_365_days_pm25_o3_or_12_complete_months_no2,death_or_deterioration_delist_cause_specific,208591,208591,158,42101,-0.10575707556065252,0.08066096574159898,-0.26385256841418653,0.05233841729288148,0.8996431668449933,0.768086771560295,1.0537322834069325,0.1898135806645804,0.7355339745819466,age + sex + race + zcta_svi_proxy + strata(listing_center) + organ_score,model_based,stratified_baseline_hazard_by_listing_center
Initial-listing prior-year cause-specific Cox,Adjusted + SDOH + organ score at listing,Single-pollutant O3,LI,Liver,raceMissing,covariate,NA,previous_365_days_pm25_o3_or_12_complete_months_no2,death_or_deterioration_delist_cause_specific,208591,208591,158,42101,0.28677143465026556,0.1348541618761113,0.022457277373087448,0.5510855919274437,1.3321197022710087,1.022711340316063,1.7351356450493538,0.03345914553578929,0.7355339745819466,age + sex + race + zcta_svi_proxy + strata(listing_center) + organ_score,model_based,stratified_baseline_hazard_by_listing_center
Initial-listing prior-year cause-specific Cox,Adjusted + SDOH + organ score at listing,Single-pollutant O3,LI,Liver,raceNATIVE,covariate,NA,previous_365_days_pm25_o3_or_12_complete_months_no2,death_or_deterioration_delist_cause_specific,208591,208591,158,42101,0.13180522239235973,0.056678733019309945,0.020714905674512243,0.24289553911020723,1.1408860785632087,1.0209309485234386,1.2749354362720189,0.020046343628982374,0.7355339745819466,age + sex + race + zcta_svi_proxy + strata(listing_center) + organ_score,model_based,stratified_baseline_hazard_by_listing_center
Initial-listing prior-year cause-specific Cox,Adjusted + SDOH + organ score at listing,Single-pollutant O3,LI,Liver,racePACIFIC,covariate,NA,previous_365_days_pm25_o3_or_12_complete_months_no2,death_or_deterioration_delist_cause_specific,208591,208591,158,42101,0.11435035812748884,0.12870554713310275,-0.13791251425339257,0.36661323050837025,1.1211448582946604,0.8711749037989001,1.442839764781274,0.3742907406708826,0.7355339745819466,age + sex + race + zcta_svi_proxy + strata(listing_center) + organ_score,model_based,stratified_baseline_hazard_by_listing_center
Initial-listing prior-year cause-specific Cox,Adjusted + SDOH + organ score at listing,Single-pollutant O3,LI,Liver,raceWHITE,covariate,NA,previous_365_days_pm25_o3_or_12_complete_months_no2,death_or_deterioration_delist_cause_specific,208591,208591,158,42101,0.06991471207769163,0.025450501616612543,0.020031728909131054,0.11979769524625222,1.0724167131603959,1.0202337104159047,1.1272687766775618,0.006012739910280835,0.7355339745819466,age + sex + race + zcta_svi_proxy + strata(listing_center) + organ_score,model_based,stratified_baseline_hazard_by_listing_center
Initial-listing prior-year cause-specific Cox,Adjusted + SDOH + organ score at listing,Single-pollutant O3,LI,Liver,zcta_svi_proxy,covariate,NA,previous_365_days_pm25_o3_or_12_complete_months_no2,death_or_deterioration_delist_cause_specific,208591,208591,158,42101,0.3444899900411326,0.02819490569481364,0.2892279748792979,0.39975200520296733,1.411269974352054,1.3353961306008657,1.4914547787490466,2.4863572941343336e-34,0.7355339745819466,age + sex + race + zcta_svi_proxy + strata(listing_center) + organ_score,model_based,stratified_baseline_hazard_by_listing_center
Initial-listing prior-year cause-specific Cox,Adjusted + SDOH + organ score at listing,Single-pollutant O3,LI,Liver,organ_score,organ_severity,NA,previous_365_days_pm25_o3_or_12_complete_months_no2,death_or_deterioration_delist_cause_specific,208591,208591,158,42101,0.10085952579239643,6.453655579022963e-4,0.09959460929890793,0.10212444228588494,1.1061212493433505,1.104722982862862,1.1075212856332672,0,0.7355339745819466,age + sex + race + zcta_svi_proxy + strata(listing_center) + organ_score,model_based,stratified_baseline_hazard_by_listing_center
Initial-listing prior-year cause-specific Cox,Adjusted + SDOH + organ score at listing,Single-pollutant NO2,LI,Liver,no2_prior_10ppb,pollutant,Prior-year NO2 per 10 ppb,previous_365_days_pm25_o3_or_12_complete_months_no2,death_or_deterioration_delist_cause_specific,222557,222557,161,42847,0.008563580248528843,0.008998860036443377,-0.009074185422900177,0.02620134591995786,1.0086003525945597,0.9909668607502897,1.0265476188413223,0.34128493921194214,0.7394817222553979,age + sex + race + zcta_svi_proxy + strata(listing_center) + organ_score,model_based,stratified_baseline_hazard_by_listing_center
Initial-listing prior-year cause-specific Cox,Adjusted + SDOH + organ score at listing,Single-pollutant NO2,LI,Liver,age,covariate,NA,previous_365_days_pm25_o3_or_12_complete_months_no2,death_or_deterioration_delist_cause_specific,222557,222557,161,42847,0.03707210340440337,5.01443691259772e-4,0.03608927376953421,0.03805493303927252,1.0377678447351815,1.0367483967971456,1.0387882951093936,0,0.7394817222553979,age + sex + race + zcta_svi_proxy + strata(listing_center) + organ_score,model_based,stratified_baseline_hazard_by_listing_center
Initial-listing prior-year cause-specific Cox,Adjusted + SDOH + organ score at listing,Single-pollutant NO2,LI,Liver,sexM,covariate,NA,previous_365_days_pm25_o3_or_12_complete_months_no2,death_or_deterioration_delist_cause_specific,222557,222557,161,42847,-0.062473079227602826,0.010000629109151185,-0.08207431228153915,-0.0428718461736665,0.9394383528791392,0.9212034994188939,0.9580341579433748,4.1863893292495325e-10,0.7394817222553979,age + sex + race + zcta_svi_proxy + strata(listing_center) + organ_score,model_based,stratified_baseline_hazard_by_listing_center
Initial-listing prior-year cause-specific Cox,Adjusted + SDOH + organ score at listing,Single-pollutant NO2,LI,Liver,raceBLACK,covariate,NA,previous_365_days_pm25_o3_or_12_complete_months_no2,death_or_deterioration_delist_cause_specific,222557,222557,161,42847,0.01897694516153766,0.03028954294769507,-0.040390559015944676,0.07834444933901999,1.019158151819994,0.9604142674425536,1.0814951147977125,0.5309752062568611,0.7394817222553979,age + sex + race + zcta_svi_proxy + strata(listing_center) + organ_score,model_based,stratified_baseline_hazard_by_listing_center
Initial-listing prior-year cause-specific Cox,Adjusted + SDOH + organ score at listing,Single-pollutant NO2,LI,Liver,raceMULTI,covariate,NA,previous_365_days_pm25_o3_or_12_complete_months_no2,death_or_deterioration_delist_cause_specific,222557,222557,161,42847,-0.10943337518047623,0.07999054811609493,-0.2662148494880223,0.047348099127069845,0.8963418809888346,0.7662744761351394,1.0484869229454932,0.1712874036085416,0.7394817222553979,age + sex + race + zcta_svi_proxy + strata(listing_center) + organ_score,model_based,stratified_baseline_hazard_by_listing_center
Initial-listing prior-year cause-specific Cox,Adjusted + SDOH + organ score at listing,Single-pollutant NO2,LI,Liver,raceMissing,covariate,NA,previous_365_days_pm25_o3_or_12_complete_months_no2,death_or_deterioration_delist_cause_specific,222557,222557,161,42847,0.2616568550900182,0.11492491758344439,0.03640401662646717,0.48690969355356917,1.299080693010815,1.0370747573065995,1.6272796489005046,0.022800353551057015,0.7394817222553979,age + sex + race + zcta_svi_proxy + strata(listing_center) + organ_score,model_based,stratified_baseline_hazard_by_listing_center
Initial-listing prior-year cause-specific Cox,Adjusted + SDOH + organ score at listing,Single-pollutant NO2,LI,Liver,raceNATIVE,covariate,NA,previous_365_days_pm25_o3_or_12_complete_months_no2,death_or_deterioration_delist_cause_specific,222557,222557,161,42847,0.12918216905787167,0.05623479246073457,0.018961975834831918,0.2394023622809114,1.1378973949823923,1.0191428958228408,1.270489630860159,0.021607764855091888,0.7394817222553979,age + sex + race + zcta_svi_proxy + strata(listing_center) + organ_score,model_based,stratified_baseline_hazard_by_listing_center
Initial-listing prior-year cause-specific Cox,Adjusted + SDOH + organ score at listing,Single-pollutant NO2,LI,Liver,racePACIFIC,covariate,NA,previous_365_days_pm25_o3_or_12_complete_months_no2,death_or_deterioration_delist_cause_specific,222557,222557,161,42847,0.1066120896289619,0.12769472976222973,-0.14366958070500835,0.35689375996293216,1.1125026194629917,0.8661739013511417,1.4288840570945318,0.4037750741894174,0.7394817222553979,age + sex + race + zcta_svi_proxy + strata(listing_center) + organ_score,model_based,stratified_baseline_hazard_by_listing_center
Initial-listing prior-year cause-specific Cox,Adjusted + SDOH + organ score at listing,Single-pollutant NO2,LI,Liver,raceWHITE,covariate,NA,previous_365_days_pm25_o3_or_12_complete_months_no2,death_or_deterioration_delist_cause_specific,222557,222557,161,42847,0.07617050263729314,0.025220481380633618,0.02673835913125125,0.12560264614333502,1.0791465558059508,1.0270990365206998,1.1338315464230075,0.0025262089014689896,0.7394817222553979,age + sex + race + zcta_svi_proxy + strata(listing_center) + organ_score,model_based,stratified_baseline_hazard_by_listing_center
Initial-listing prior-year cause-specific Cox,Adjusted + SDOH + organ score at listing,Single-pollutant NO2,LI,Liver,zcta_svi_proxy,covariate,NA,previous_365_days_pm25_o3_or_12_complete_months_no2,death_or_deterioration_delist_cause_specific,222557,222557,161,42847,0.3275949429479682,0.02847245638174993,0.27178892843973834,0.38340095745619807,1.3876267904221853,1.3123099807613707,1.4672662234727818,1.2351345596489087e-30,0.7394817222553979,age + sex + race + zcta_svi_proxy + strata(listing_center) + organ_score,model_based,stratified_baseline_hazard_by_listing_center
Initial-listing prior-year cause-specific Cox,Adjusted + SDOH + organ score at listing,Single-pollutant NO2,LI,Liver,organ_score,organ_severity,NA,previous_365_days_pm25_o3_or_12_complete_months_no2,death_or_deterioration_delist_cause_specific,222557,222557,161,42847,0.1020126843101939,6.375099729293615e-4,0.10076316476325235,0.10326220385713546,1.1073975182124771,1.1060146674966564,1.1087820979072693,0,0.7394817222553979,age + sex + race + zcta_svi_proxy + strata(listing_center) + organ_score,model_based,stratified_baseline_hazard_by_listing_center
Initial-listing prior-year cause-specific Cox,Adjusted + SDOH + organ score at listing,Multipollutant PM2.5 + NO2,LI,Liver,pm25_prior_5ug,pollutant,Prior-year PM2.5 per 5 ug/m3,previous_365_days_pm25_o3_or_12_complete_months_no2,death_or_deterioration_delist_cause_specific,208591,208591,158,42101,0.054493733670749035,0.013744314516619373,0.027554877218175067,0.081432590123323,1.0560058591125876,1.0279380239386688,1.084840086182714,7.345133863683325e-5,0.7355495308964024,age + sex + race + zcta_svi_proxy + strata(listing_center) + organ_score,model_based,stratified_baseline_hazard_by_listing_center
Initial-listing prior-year cause-specific Cox,Adjusted + SDOH + organ score at listing,Multipollutant PM2.5 + NO2,LI,Liver,no2_prior_10ppb,pollutant,Prior-year NO2 per 10 ppb,previous_365_days_pm25_o3_or_12_complete_months_no2,death_or_deterioration_delist_cause_specific,208591,208591,158,42101,-0.01908701554174414,0.010824795965523472,-0.04030361563417015,0.0021295845506818616,0.9810939881035446,0.9604977727369334,1.0021318537263757,0.07785531202219455,0.7355495308964024,age + sex + race + zcta_svi_proxy + strata(listing_center) + organ_score,model_based,stratified_baseline_hazard_by_listing_center
Initial-listing prior-year cause-specific Cox,Adjusted + SDOH + organ score at listing,Multipollutant PM2.5 + NO2,LI,Liver,age,covariate,NA,previous_365_days_pm25_o3_or_12_complete_months_no2,death_or_deterioration_delist_cause_specific,208591,208591,158,42101,0.03748684830247873,5.086540913779798e-4,0.03648988628337789,0.038483810321579576,1.0381983429214643,1.0371638143837958,1.0392339033590898,0,0.7355495308964024,age + sex + race + zcta_svi_proxy + strata(listing_center) + organ_score,model_based,stratified_baseline_hazard_by_listing_center
Initial-listing prior-year cause-specific Cox,Adjusted + SDOH + organ score at listing,Multipollutant PM2.5 + NO2,LI,Liver,sexM,covariate,NA,previous_365_days_pm25_o3_or_12_complete_months_no2,death_or_deterioration_delist_cause_specific,208591,208591,158,42101,-0.06379016723320573,0.01009409802003139,-0.08357459935246725,-0.044005735113944205,0.938201844366574,0.9198224659513928,0.9569484692487991,2.6232436650591336e-10,0.7355495308964024,age + sex + race + zcta_svi_proxy + strata(listing_center) + organ_score,model_based,stratified_baseline_hazard_by_listing_center
Initial-listing prior-year cause-specific Cox,Adjusted + SDOH + organ score at listing,Multipollutant PM2.5 + NO2,LI,Liver,raceBLACK,covariate,NA,previous_365_days_pm25_o3_or_12_complete_months_no2,death_or_deterioration_delist_cause_specific,208591,208591,158,42101,0.02351358113858677,0.030534822971569606,-0.03633467188568966,0.08336183416286319,1.0237922049160308,0.9643175095134635,1.0869350276297085,0.4412655577975717,0.7355495308964024,age + sex + race + zcta_svi_proxy + strata(listing_center) + organ_score,model_based,stratified_baseline_hazard_by_listing_center
Initial-listing prior-year cause-specific Cox,Adjusted + SDOH + organ score at listing,Multipollutant PM2.5 + NO2,LI,Liver,raceMULTI,covariate,NA,previous_365_days_pm25_o3_or_12_complete_months_no2,death_or_deterioration_delist_cause_specific,208591,208591,158,42101,-0.10187825022464889,0.08066745930447518,-0.2599864704614202,0.05622997001212246,0.9031395020070065,0.7710620178463137,1.0578409274570695,0.20661034602195583,0.7355495308964024,age + sex + race + zcta_svi_proxy + strata(listing_center) + organ_score,model_based,stratified_baseline_hazard_by_listing_center
Initial-listing prior-year cause-specific Cox,Adjusted + SDOH + organ score at listing,Multipollutant PM2.5 + NO2,LI,Liver,raceMissing,covariate,NA,previous_365_days_pm25_o3_or_12_complete_months_no2,death_or_deterioration_delist_cause_specific,208591,208591,158,42101,0.29836898932336997,0.1349269360666394,0.03391219463275674,0.5628257840139832,1.3476589679175555,1.0344937686348743,1.7556265188578772,0.02701247649715098,0.7355495308964024,age + sex + race + zcta_svi_proxy + strata(listing_center) + organ_score,model_based,stratified_baseline_hazard_by_listing_center
Initial-listing prior-year cause-specific Cox,Adjusted + SDOH + organ score at listing,Multipollutant PM2.5 + NO2,LI,Liver,raceNATIVE,covariate,NA,previous_365_days_pm25_o3_or_12_complete_months_no2,death_or_deterioration_delist_cause_specific,208591,208591,158,42101,0.14451928744084627,0.056778407743372596,0.03323360826383599,0.25580496661785657,1.1554839810777648,1.0337920133924448,1.291500817602542,0.010917724665679454,0.7355495308964024,age + sex + race + zcta_svi_proxy + strata(listing_center) + organ_score,model_based,stratified_baseline_hazard_by_listing_center
Initial-listing prior-year cause-specific Cox,Adjusted + SDOH + organ score at listing,Multipollutant PM2.5 + NO2,LI,Liver,racePACIFIC,covariate,NA,previous_365_days_pm25_o3_or_12_complete_months_no2,death_or_deterioration_delist_cause_specific,208591,208591,158,42101,0.11545855408696375,0.128715835893619,-0.13682448426452948,0.367741592438457,1.1223879951890257,0.8721232840593018,1.4444687291008973,0.36971705444073905,0.7355495308964024,age + sex + race + zcta_svi_proxy + strata(listing_center) + organ_score,model_based,stratified_baseline_hazard_by_listing_center
Initial-listing prior-year cause-specific Cox,Adjusted + SDOH + organ score at listing,Multipollutant PM2.5 + NO2,LI,Liver,raceWHITE,covariate,NA,previous_365_days_pm25_o3_or_12_complete_months_no2,death_or_deterioration_delist_cause_specific,208591,208591,158,42101,0.07478388148695622,0.025445040284735064,0.024911602528875497,0.12465616044503694,1.0776512253353772,1.0252244892665148,1.1327588987829404,0.0032923516128408534,0.7355495308964024,age + sex + race + zcta_svi_proxy + strata(listing_center) + organ_score,model_based,stratified_baseline_hazard_by_listing_center
Initial-listing prior-year cause-specific Cox,Adjusted + SDOH + organ score at listing,Multipollutant PM2.5 + NO2,LI,Liver,zcta_svi_proxy,covariate,NA,previous_365_days_pm25_o3_or_12_complete_months_no2,death_or_deterioration_delist_cause_specific,208591,208591,158,42101,0.3314936667590242,0.028694506672042076,0.27525243368182173,0.38773489983622667,1.393047323746004,1.316863053503126,1.4736390705423472,7.169282797436489e-31,0.7355495308964024,age + sex + race + zcta_svi_proxy + strata(listing_center) + organ_score,model_based,stratified_baseline_hazard_by_listing_center
Initial-listing prior-year cause-specific Cox,Adjusted + SDOH + organ score at listing,Multipollutant PM2.5 + NO2,LI,Liver,organ_score,organ_severity,NA,previous_365_days_pm25_o3_or_12_complete_months_no2,death_or_deterioration_delist_cause_specific,208591,208591,158,42101,0.10084460250468891,6.450951563660707e-4,0.0995802159982114,0.10210898901116641,1.1061047425008756,1.1047070823672138,1.1075041709348232,0,0.7355495308964024,age + sex + race + zcta_svi_proxy + strata(listing_center) + organ_score,model_based,stratified_baseline_hazard_by_listing_center
Initial-listing prior-year cause-specific Cox,Adjusted + SDOH + organ score at listing,Multipollutant PM2.5 + NO2 + O3,LI,Liver,pm25_prior_5ug,pollutant,Prior-year PM2.5 per 5 ug/m3,previous_365_days_pm25_o3_or_12_complete_months_no2,death_or_deterioration_delist_cause_specific,208591,208591,158,42101,0.047216811843910876,0.014005127209388693,0.019766762513509038,0.07466686117431272,1.0483492789816007,1.0199634185776723,1.077525125630325,7.478861936419836e-4,0.735605193989233,age + sex + race + zcta_svi_proxy + strata(listing_center) + organ_score,model_based,stratified_baseline_hazard_by_listing_center
Initial-listing prior-year cause-specific Cox,Adjusted + SDOH + organ score at listing,Multipollutant PM2.5 + NO2 + O3,LI,Liver,no2_prior_10ppb,pollutant,Prior-year NO2 per 10 ppb,previous_365_days_pm25_o3_or_12_complete_months_no2,death_or_deterioration_delist_cause_specific,208591,208591,158,42101,-0.0071005972446893965,0.011719204564840761,-0.030070238191777288,0.015869043702398493,0.9929245524348055,0.9703773736027571,1.0159956256682627,0.5445850581670492,0.735605193989233,age + sex + race + zcta_svi_proxy + strata(listing_center) + organ_score,model_based,stratified_baseline_hazard_by_listing_center
Initial-listing prior-year cause-specific Cox,Adjusted + SDOH + organ score at listing,Multipollutant PM2.5 + NO2 + O3,LI,Liver,o3_prior_10ppb,pollutant,Prior-year O3 per 10 ppb,previous_365_days_pm25_o3_or_12_complete_months_no2,death_or_deterioration_delist_cause_specific,208591,208591,158,42101,0.04161736122889545,0.015596480990569992,0.011048258487378268,0.07218646397041263,1.0424955032256427,1.0111095158831716,1.074855747249499,0.007621766111307925,0.735605193989233,age + sex + race + zcta_svi_proxy + strata(listing_center) + organ_score,model_based,stratified_baseline_hazard_by_listing_center
Initial-listing prior-year cause-specific Cox,Adjusted + SDOH + organ score at listing,Multipollutant PM2.5 + NO2 + O3,LI,Liver,age,covariate,NA,previous_365_days_pm25_o3_or_12_complete_months_no2,death_or_deterioration_delist_cause_specific,208591,208591,158,42101,0.037520414437131645,5.089005132598509e-4,0.03652296943114234,0.03851785944312095,1.0382331918117074,1.0371981275951143,1.0392692889629962,0,0.735605193989233,age + sex + race + zcta_svi_proxy + strata(listing_center) + organ_score,model_based,stratified_baseline_hazard_by_listing_center
Initial-listing prior-year cause-specific Cox,Adjusted + SDOH + organ score at listing,Multipollutant PM2.5 + NO2 + O3,LI,Liver,sexM,covariate,NA,previous_365_days_pm25_o3_or_12_complete_months_no2,death_or_deterioration_delist_cause_specific,208591,208591,158,42101,-0.06383851409515769,0.010094142144400907,-0.08362303269818347,-0.04405399549213191,0.938156486347989,0.9197779169507392,0.9569022876681462,2.5436172317971944e-10,0.735605193989233,age + sex + race + zcta_svi_proxy + strata(listing_center) + organ_score,model_based,stratified_baseline_hazard_by_listing_center
Initial-listing prior-year cause-specific Cox,Adjusted + SDOH + organ score at listing,Multipollutant PM2.5 + NO2 + O3,LI,Liver,raceBLACK,covariate,NA,previous_365_days_pm25_o3_or_12_complete_months_no2,death_or_deterioration_delist_cause_specific,208591,208591,158,42101,0.02024763011983609,0.03055623422135409,-0.03964258895401793,0.0801378491936901,1.0204540038891436,0.9611328972849482,1.0834364082167727,0.5075643515735695,0.735605193989233,age + sex + race + zcta_svi_proxy + strata(listing_center) + organ_score,model_based,stratified_baseline_hazard_by_listing_center
Initial-listing prior-year cause-specific Cox,Adjusted + SDOH + organ score at listing,Multipollutant PM2.5 + NO2 + O3,LI,Liver,raceMULTI,covariate,NA,previous_365_days_pm25_o3_or_12_complete_months_no2,death_or_deterioration_delist_cause_specific,208591,208591,158,42101,-0.10547257234099142,0.08067713217700725,-0.26359975140792563,0.0526546067259428,0.8998991546354554,0.7682809815071837,1.054065515099615,0.19109671641349296,0.735605193989233,age + sex + race + zcta_svi_proxy + strata(listing_center) + organ_score,model_based,stratified_baseline_hazard_by_listing_center
Initial-listing prior-year cause-specific Cox,Adjusted + SDOH + organ score at listing,Multipollutant PM2.5 + NO2 + O3,LI,Liver,raceMissing,covariate,NA,previous_365_days_pm25_o3_or_12_complete_months_no2,death_or_deterioration_delist_cause_specific,208591,208591,158,42101,0.29398621128178465,0.1349360365857159,0.029511579573781477,0.5584608429897878,1.341765402314373,1.029951361800626,1.7479800130565324,0.029353373207417453,0.735605193989233,age + sex + race + zcta_svi_proxy + strata(listing_center) + organ_score,model_based,stratified_baseline_hazard_by_listing_center
Initial-listing prior-year cause-specific Cox,Adjusted + SDOH + organ score at listing,Multipollutant PM2.5 + NO2 + O3,LI,Liver,raceNATIVE,covariate,NA,previous_365_days_pm25_o3_or_12_complete_months_no2,death_or_deterioration_delist_cause_specific,208591,208591,158,42101,0.1394384378116413,0.05680932337518317,0.028092163996282296,0.25078471162700033,1.149628029922208,1.0284904698452955,1.2850334017986744,0.01410809851065638,0.735605193989233,age + sex + race + zcta_svi_proxy + strata(listing_center) + organ_score,model_based,stratified_baseline_hazard_by_listing_center
Initial-listing prior-year cause-specific Cox,Adjusted + SDOH + organ score at listing,Multipollutant PM2.5 + NO2 + O3,LI,Liver,racePACIFIC,covariate,NA,previous_365_days_pm25_o3_or_12_complete_months_no2,death_or_deterioration_delist_cause_specific,208591,208591,158,42101,0.11726676905395718,0.1287192665659579,-0.1350229934153203,0.36955653152323464,1.1244193499702761,0.8736958222061688,1.4470927323368077,0.3622809765833205,0.735605193989233,age + sex + race + zcta_svi_proxy + strata(listing_center) + organ_score,model_based,stratified_baseline_hazard_by_listing_center
Initial-listing prior-year cause-specific Cox,Adjusted + SDOH + organ score at listing,Multipollutant PM2.5 + NO2 + O3,LI,Liver,raceWHITE,covariate,NA,previous_365_days_pm25_o3_or_12_complete_months_no2,death_or_deterioration_delist_cause_specific,208591,208591,158,42101,0.07086221016729752,0.025484262440514528,0.020913055783889044,0.12081136455070599,1.0734333074819113,1.0211332661465222,1.1284120337787704,0.00542541523325453,0.735605193989233,age + sex + race + zcta_svi_proxy + strata(listing_center) + organ_score,model_based,stratified_baseline_hazard_by_listing_center
Initial-listing prior-year cause-specific Cox,Adjusted + SDOH + organ score at listing,Multipollutant PM2.5 + NO2 + O3,LI,Liver,zcta_svi_proxy,covariate,NA,previous_365_days_pm25_o3_or_12_complete_months_no2,death_or_deterioration_delist_cause_specific,208591,208591,158,42101,0.3347444417439239,0.02871212216633596,0.27846868229790545,0.3910202011899424,1.3975831756613917,1.3211052307680597,1.4784883803360713,2.073150928602222e-31,0.735605193989233,age + sex + race + zcta_svi_proxy + strata(listing_center) + organ_score,model_based,stratified_baseline_hazard_by_listing_center
Initial-listing prior-year cause-specific Cox,Adjusted + SDOH + organ score at listing,Multipollutant PM2.5 + NO2 + O3,LI,Liver,organ_score,organ_severity,NA,previous_365_days_pm25_o3_or_12_complete_months_no2,death_or_deterioration_delist_cause_specific,208591,208591,158,42101,0.10086120460194269,6.451362635536492e-4,0.09959673752537754,0.10212567167850783,1.106123106311822,1.1047253339660574,1.1075226472126025,0,0.735605193989233,age + sex + race + zcta_svi_proxy + strata(listing_center) + organ_score,model_based,stratified_baseline_hazard_by_listing_center
Initial-listing prior-year cause-specific Cox,Unadjusted,Single-pollutant PM2.5,LU,Lung,pm25_prior_5ug,pollutant,Prior-year PM2.5 per 5 ug/m3,previous_365_days_pm25_o3_or_12_complete_months_no2,death_or_deterioration_delist_cause_specific,46843,46843,NA,5588,0.10412481967278281,0.025738539225526654,0.05367728279075057,0.15457235655481505,1.1097389635254047,1.0551440340664142,1.1671587265866334,5.221538277342486e-5,0.518609713925402,None,model_based,none
Initial-listing prior-year cause-specific Cox,Unadjusted,Single-pollutant O3,LU,Lung,o3_prior_10ppb,pollutant,Prior-year O3 per 10 ppb,previous_365_days_pm25_o3_or_12_complete_months_no2,death_or_deterioration_delist_cause_specific,46843,46843,NA,5588,-0.030644002352932565,0.03142169042929602,-0.09223051559435276,0.030942510888487627,0.9698207655391371,0.9118949193160348,1.0314262064058624,0.32943628525466384,0.5047444286990961,None,model_based,none
Initial-listing prior-year cause-specific Cox,Unadjusted,Single-pollutant NO2,LU,Lung,no2_prior_10ppb,pollutant,Prior-year NO2 per 10 ppb,previous_365_days_pm25_o3_or_12_complete_months_no2,death_or_deterioration_delist_cause_specific,50458,50458,NA,5681,0.14358996033349425,0.022146425152972365,0.10018296703366841,0.18699695363332008,1.1544106573037252,1.1053731464202206,1.2056236122727295,8.952198218962323e-11,0.5333272341773301,None,model_based,none
Initial-listing prior-year cause-specific Cox,Unadjusted,Multipollutant PM2.5 + NO2,LU,Lung,pm25_prior_5ug,pollutant,Prior-year PM2.5 per 5 ug/m3,previous_365_days_pm25_o3_or_12_complete_months_no2,death_or_deterioration_delist_cause_specific,46843,46843,NA,5588,0.03453407280836447,0.030204930296158554,-0.024667590572106296,0.09373573618883524,1.0351372978100257,0.9756341681281157,1.0982694746877055,0.25290339207034407,0.5308651482158702,None,model_based,none
Initial-listing prior-year cause-specific Cox,Unadjusted,Multipollutant PM2.5 + NO2,LU,Lung,no2_prior_10ppb,pollutant,Prior-year NO2 per 10 ppb,previous_365_days_pm25_o3_or_12_complete_months_no2,death_or_deterioration_delist_cause_specific,46843,46843,NA,5588,0.1168561867835324,0.026295364558875236,0.06531727224813694,0.16839510131892788,1.1239577780837566,1.0674976580436693,1.1834040828062378,8.830805900613316e-6,0.5308651482158702,None,model_based,none
Initial-listing prior-year cause-specific Cox,Unadjusted,Multipollutant PM2.5 + NO2 + O3,LU,Lung,pm25_prior_5ug,pollutant,Prior-year PM2.5 per 5 ug/m3,previous_365_days_pm25_o3_or_12_complete_months_no2,death_or_deterioration_delist_cause_specific,46843,46843,NA,5588,0.04428744828063637,0.03253731712452354,-0.019485693283429764,0.1080605898447025,1.0452827764454133,0.9807029257270985,1.1141152474112996,0.17347329205045567,0.5316760824188722,None,model_based,none
Initial-listing prior-year cause-specific Cox,Unadjusted,Multipollutant PM2.5 + NO2 + O3,LU,Lung,no2_prior_10ppb,pollutant,Prior-year NO2 per 10 ppb,previous_365_days_pm25_o3_or_12_complete_months_no2,death_or_deterioration_delist_cause_specific,46843,46843,NA,5588,0.11006273105208257,0.027594414675335282,0.05597767828842542,0.16414778381573972,1.1163480979530742,1.0575740766096298,1.178388448966733,6.646795096473671e-5,0.5316760824188722,None,model_based,none
Initial-listing prior-year cause-specific Cox,Unadjusted,Multipollutant PM2.5 + NO2 + O3,LU,Lung,o3_prior_10ppb,pollutant,Prior-year O3 per 10 ppb,previous_365_days_pm25_o3_or_12_complete_months_no2,death_or_deterioration_delist_cause_specific,46843,46843,NA,5588,-0.027185034560835018,0.03363758568171481,-0.09311470249699604,0.03874463337532601,0.9731811527163181,0.9110889901203136,1.0395049948712418,0.4189902108569636,0.5316760824188722,None,model_based,none
Initial-listing prior-year cause-specific Cox,Adjusted + SDOH,Single-pollutant PM2.5,LU,Lung,pm25_prior_5ug,pollutant,Prior-year PM2.5 per 5 ug/m3,previous_365_days_pm25_o3_or_12_complete_months_no2,death_or_deterioration_delist_cause_specific,46788,46788,84,5582,0.13954310272736828,0.0338507564993081,0.07319561998872441,0.20589058546601213,1.1497483619402376,1.0759409918941345,1.2286187678908767,3.7510202816248535e-5,0.5279567209195573,age + sex + race + zcta_svi_proxy + strata(listing_center),model_based,stratified_baseline_hazard_by_listing_center
Initial-listing prior-year cause-specific Cox,Adjusted + SDOH,Single-pollutant PM2.5,LU,Lung,age,covariate,NA,previous_365_days_pm25_o3_or_12_complete_months_no2,death_or_deterioration_delist_cause_specific,46788,46788,84,5582,0.007116200764269635,0.0011037766270631702,0.004952798575225821,0.009279602953313449,1.0071415810890383,1.0049650839560542,1.009322791957699,1.1398163691711102e-10,0.5279567209195573,age + sex + race + zcta_svi_proxy + strata(listing_center),model_based,stratified_baseline_hazard_by_listing_center
Initial-listing prior-year cause-specific Cox,Adjusted + SDOH,Single-pollutant PM2.5,LU,Lung,sexM,covariate,NA,previous_365_days_pm25_o3_or_12_complete_months_no2,death_or_deterioration_delist_cause_specific,46788,46788,84,5582,0.03354931014427353,0.027586780274619957,-0.020520779193981584,0.08761939948252864,1.0341184349983004,0.9796883391289737,1.0915725898647752,0.22393265585822789,0.5279567209195573,age + sex + race + zcta_svi_proxy + strata(listing_center),model_based,stratified_baseline_hazard_by_listing_center
Initial-listing prior-year cause-specific Cox,Adjusted + SDOH,Single-pollutant PM2.5,LU,Lung,raceBLACK,covariate,NA,previous_365_days_pm25_o3_or_12_complete_months_no2,death_or_deterioration_delist_cause_specific,46788,46788,84,5582,-0.4108855222021771,0.08284472609118035,-0.5732611853408907,-0.24850985906346362,0.6630628332290851,0.5636841594373028,0.7799621711006819,7.059978309474764e-7,0.5279567209195573,age + sex + race + zcta_svi_proxy + strata(listing_center),model_based,stratified_baseline_hazard_by_listing_center
Initial-listing prior-year cause-specific Cox,Adjusted + SDOH,Single-pollutant PM2.5,LU,Lung,raceMULTI,covariate,NA,previous_365_days_pm25_o3_or_12_complete_months_no2,death_or_deterioration_delist_cause_specific,46788,46788,84,5582,-0.8125001224729869,0.26146313257259807,-1.3249678623152792,-0.30003238263069465,0.44374725573402474,0.26581150151788985,0.7407942314272853,0.001886685921409977,0.5279567209195573,age + sex + race + zcta_svi_proxy + strata(listing_center),model_based,stratified_baseline_hazard_by_listing_center
Initial-listing prior-year cause-specific Cox,Adjusted + SDOH,Single-pollutant PM2.5,LU,Lung,raceMissing,covariate,NA,previous_365_days_pm25_o3_or_12_complete_months_no2,death_or_deterioration_delist_cause_specific,46788,46788,84,5582,-1.5622921306007227,0.7123380499832888,-2.9584747085679686,-0.16610955263347682,0.20965496347316165,0.05189801643248267,0.846953443126613,0.028293749067196908,0.5279567209195573,age + sex + race + zcta_svi_proxy + strata(listing_center),model_based,stratified_baseline_hazard_by_listing_center
Initial-listing prior-year cause-specific Cox,Adjusted + SDOH,Single-pollutant PM2.5,LU,Lung,raceNATIVE,covariate,NA,previous_365_days_pm25_o3_or_12_complete_months_no2,death_or_deterioration_delist_cause_specific,46788,46788,84,5582,-0.2616768696816622,0.2182451797331761,-0.6894374219586874,0.16608368259536294,0.7697597162275136,0.501858324136368,1.1806718992782042,0.23052634357511148,0.5279567209195573,age + sex + race + zcta_svi_proxy + strata(listing_center),model_based,stratified_baseline_hazard_by_listing_center
Initial-listing prior-year cause-specific Cox,Adjusted + SDOH,Single-pollutant PM2.5,LU,Lung,racePACIFIC,covariate,NA,previous_365_days_pm25_o3_or_12_complete_months_no2,death_or_deterioration_delist_cause_specific,46788,46788,84,5582,0.018199528227941505,0.4177463096536469,-0.8005832386932065,0.8369822951490894,1.0183661489128812,0.4490669744880412,2.3093874013647153,0.965250368330076,0.5279567209195573,age + sex + race + zcta_svi_proxy + strata(listing_center),model_based,stratified_baseline_hazard_by_listing_center
Initial-listing prior-year cause-specific Cox,Adjusted + SDOH,Single-pollutant PM2.5,LU,Lung,raceWHITE,covariate,NA,previous_365_days_pm25_o3_or_12_complete_months_no2,death_or_deterioration_delist_cause_specific,46788,46788,84,5582,-0.460234801242853,0.07238005648250698,-0.6020997119485667,-0.3183698905371393,0.6311354367228524,0.5476604986956092,0.7273337047971746,2.0361960570227465e-10,0.5279567209195573,age + sex + race + zcta_svi_proxy + strata(listing_center),model_based,stratified_baseline_hazard_by_listing_center
Initial-listing prior-year cause-specific Cox,Adjusted + SDOH,Single-pollutant PM2.5,LU,Lung,zcta_svi_proxy,covariate,NA,previous_365_days_pm25_o3_or_12_complete_months_no2,death_or_deterioration_delist_cause_specific,46788,46788,84,5582,0.24600309037386464,0.0798967260292189,0.08940550735659558,0.4026006733911337,1.278903525825663,1.0935239984569955,1.4957094957926833,0.002076873372669215,0.5279567209195573,age + sex + race + zcta_svi_proxy + strata(listing_center),model_based,stratified_baseline_hazard_by_listing_center
Initial-listing prior-year cause-specific Cox,Adjusted + SDOH,Single-pollutant O3,LU,Lung,o3_prior_10ppb,pollutant,Prior-year O3 per 10 ppb,previous_365_days_pm25_o3_or_12_complete_months_no2,death_or_deterioration_delist_cause_specific,46788,46788,84,5582,-0.03014894207620341,0.04299137958809015,-0.1144120460688601,0.054114161916453275,0.9703010041394214,0.8918903802335291,1.0556051051783462,0.4831290560265037,0.5214161822108438,age + sex + race + zcta_svi_proxy + strata(listing_center),model_based,stratified_baseline_hazard_by_listing_center
Initial-listing prior-year cause-specific Cox,Adjusted + SDOH,Single-pollutant O3,LU,Lung,age,covariate,NA,previous_365_days_pm25_o3_or_12_complete_months_no2,death_or_deterioration_delist_cause_specific,46788,46788,84,5582,0.006719002062492547,0.001098088042685622,0.004566749498828728,0.008871254626156365,1.006741625196763,1.0045771929908733,1.0089107208240466,9.427136300564499e-10,0.5214161822108438,age + sex + race + zcta_svi_proxy + strata(listing_center),model_based,stratified_baseline_hazard_by_listing_center
Initial-listing prior-year cause-specific Cox,Adjusted + SDOH,Single-pollutant O3,LU,Lung,sexM,covariate,NA,previous_365_days_pm25_o3_or_12_complete_months_no2,death_or_deterioration_delist_cause_specific,46788,46788,84,5582,0.03308784389732724,0.027585441381800958,-0.020979621211002636,0.08715530900565711,1.0336413343365962,0.9792389200694546,1.0910661189542585,0.23034616555125154,0.5214161822108438,age + sex + race + zcta_svi_proxy + strata(listing_center),model_based,stratified_baseline_hazard_by_listing_center
Initial-listing prior-year cause-specific Cox,Adjusted + SDOH,Single-pollutant O3,LU,Lung,raceBLACK,covariate,NA,previous_365_days_pm25_o3_or_12_complete_months_no2,death_or_deterioration_delist_cause_specific,46788,46788,84,5582,-0.4057648541120695,0.0828465535308661,-0.568144099032567,-0.2433856091915719,0.6664668659436267,0.5665759724500941,0.7839691497680743,9.692152896043835e-7,0.5214161822108438,age + sex + race + zcta_svi_proxy + strata(listing_center),model_based,stratified_baseline_hazard_by_listing_center
Initial-listing prior-year cause-specific Cox,Adjusted + SDOH,Single-pollutant O3,LU,Lung,raceMULTI,covariate,NA,previous_365_days_pm25_o3_or_12_complete_months_no2,death_or_deterioration_delist_cause_specific,46788,46788,84,5582,-0.8110663683701941,0.2615191696924017,-1.3236439409673015,-0.29848879577308673,0.4443839364952971,0.266163648095037,0.7419385946519061,0.0019263076354706183,0.5214161822108438,age + sex + race + zcta_svi_proxy + strata(listing_center),model_based,stratified_baseline_hazard_by_listing_center
Initial-listing prior-year cause-specific Cox,Adjusted + SDOH,Single-pollutant O3,LU,Lung,raceMissing,covariate,NA,previous_365_days_pm25_o3_or_12_complete_months_no2,death_or_deterioration_delist_cause_specific,46788,46788,84,5582,-1.5738957504139357,0.7123194964784367,-2.9700419635116715,-0.1777495373161997,0.20723626694108585,0.05130115751002752,0.8371520725878835,0.02713736377832274,0.5214161822108438,age + sex + race + zcta_svi_proxy + strata(listing_center),model_based,stratified_baseline_hazard_by_listing_center
Initial-listing prior-year cause-specific Cox,Adjusted + SDOH,Single-pollutant O3,LU,Lung,raceNATIVE,covariate,NA,previous_365_days_pm25_o3_or_12_complete_months_no2,death_or_deterioration_delist_cause_specific,46788,46788,84,5582,-0.27934706113208857,0.21824274710376443,-0.7071028454554669,0.14840872319128973,0.7562773831776531,0.49307063198483225,1.1599869130385223,0.20055102620782653,0.5214161822108438,age + sex + race + zcta_svi_proxy + strata(listing_center),model_based,stratified_baseline_hazard_by_listing_center
Initial-listing prior-year cause-specific Cox,Adjusted + SDOH,Single-pollutant O3,LU,Lung,racePACIFIC,covariate,NA,previous_365_days_pm25_o3_or_12_complete_months_no2,death_or_deterioration_delist_cause_specific,46788,46788,84,5582,0.005190114702309374,0.417582050493248,-0.8132707042644567,0.8236509336690754,1.0052036066791579,0.4434054438926458,2.2788044323727927,0.990083372194765,0.5214161822108438,age + sex + race + zcta_svi_proxy + strata(listing_center),model_based,stratified_baseline_hazard_by_listing_center
Initial-listing prior-year cause-specific Cox,Adjusted + SDOH,Single-pollutant O3,LU,Lung,raceWHITE,covariate,NA,previous_365_days_pm25_o3_or_12_complete_months_no2,death_or_deterioration_delist_cause_specific,46788,46788,84,5582,-0.45660535268902847,0.07248530165562445,-0.5986765439340523,-0.3145341614440046,0.6334302722956235,0.5495384450266371,0.7301289172608467,2.9902762080971024e-10,0.5214161822108438,age + sex + race + zcta_svi_proxy + strata(listing_center),model_based,stratified_baseline_hazard_by_listing_center
Initial-listing prior-year cause-specific Cox,Adjusted + SDOH,Single-pollutant O3,LU,Lung,zcta_svi_proxy,covariate,NA,previous_365_days_pm25_o3_or_12_complete_months_no2,death_or_deterioration_delist_cause_specific,46788,46788,84,5582,0.26660062342569313,0.08003677580100006,0.109728542855733,0.4234727039956533,1.3055189485152299,1.1159750899266323,1.5272560654058709,8.654189206496333e-4,0.5214161822108438,age + sex + race + zcta_svi_proxy + strata(listing_center),model_based,stratified_baseline_hazard_by_listing_center
Initial-listing prior-year cause-specific Cox,Adjusted + SDOH,Single-pollutant NO2,LU,Lung,no2_prior_10ppb,pollutant,Prior-year NO2 per 10 ppb,previous_365_days_pm25_o3_or_12_complete_months_no2,death_or_deterioration_delist_cause_specific,50401,50401,84,5675,0.12377049260933952,0.025669662959950452,0.07345795320783663,0.1740830320108424,1.1317560948018548,1.0762232839837902,1.1901543826294294,1.4236552542286075e-6,0.5322719818178069,age + sex + race + zcta_svi_proxy + strata(listing_center),model_based,stratified_baseline_hazard_by_listing_center
Initial-listing prior-year cause-specific Cox,Adjusted + SDOH,Single-pollutant NO2,LU,Lung,age,covariate,NA,previous_365_days_pm25_o3_or_12_complete_months_no2,death_or_deterioration_delist_cause_specific,50401,50401,84,5675,0.0066960894221531645,0.0010942600141986753,0.004551339794323761,0.008840839049982568,1.0067185583522524,1.0045617128724493,1.0088800346898354,9.399587239133925e-10,0.5322719818178069,age + sex + race + zcta_svi_proxy + strata(listing_center),model_based,stratified_baseline_hazard_by_listing_center
Initial-listing prior-year cause-specific Cox,Adjusted + SDOH,Single-pollutant NO2,LU,Lung,sexM,covariate,NA,previous_365_days_pm25_o3_or_12_complete_months_no2,death_or_deterioration_delist_cause_specific,50401,50401,84,5675,0.03216399265433058,0.027371138406682687,-0.02148343862276749,0.08581142393142865,1.0326868444762667,0.9787456867114559,1.08960083628828,0.23995225664703218,0.5322719818178069,age + sex + race + zcta_svi_proxy + strata(listing_center),model_based,stratified_baseline_hazard_by_listing_center
Initial-listing prior-year cause-specific Cox,Adjusted + SDOH,Single-pollutant NO2,LU,Lung,raceBLACK,covariate,NA,previous_365_days_pm25_o3_or_12_complete_months_no2,death_or_deterioration_delist_cause_specific,50401,50401,84,5675,-0.4328084692807006,0.08158054985068297,-0.5927063469880393,-0.27291059157336195,0.648684722959142,0.5528291109605427,0.7611608387797296,1.1249405386450416e-7,0.5322719818178069,age + sex + race + zcta_svi_proxy + strata(listing_center),model_based,stratified_baseline_hazard_by_listing_center
Initial-listing prior-year cause-specific Cox,Adjusted + SDOH,Single-pollutant NO2,LU,Lung,raceMULTI,covariate,NA,previous_365_days_pm25_o3_or_12_complete_months_no2,death_or_deterioration_delist_cause_specific,50401,50401,84,5675,-0.8273289464414256,0.2609817081043338,-1.3388530943259198,-0.31580479855693144,0.43721555420807545,0.26214615314414175,0.7292017775151791,0.0015240490492252651,0.5322719818178069,age + sex + race + zcta_svi_proxy + strata(listing_center),model_based,stratified_baseline_hazard_by_listing_center
Initial-listing prior-year cause-specific Cox,Adjusted + SDOH,Single-pollutant NO2,LU,Lung,raceMissing,covariate,NA,previous_365_days_pm25_o3_or_12_complete_months_no2,death_or_deterioration_delist_cause_specific,50401,50401,84,5675,-1.5780359550024339,0.5829999391216184,-2.7207158356808057,-0.43535607432406187,0.2063800400980147,0.06582761580048832,0.6470342337773413,0.006794509725719086,0.5322719818178069,age + sex + race + zcta_svi_proxy + strata(listing_center),model_based,stratified_baseline_hazard_by_listing_center
Initial-listing prior-year cause-specific Cox,Adjusted + SDOH,Single-pollutant NO2,LU,Lung,raceNATIVE,covariate,NA,previous_365_days_pm25_o3_or_12_complete_months_no2,death_or_deterioration_delist_cause_specific,50401,50401,84,5675,-0.24187301868236305,0.21398975455469668,-0.6612929376095685,0.17754690024484243,0.785155871349165,0.5161835097836529,1.194284068804225,0.25834904894928823,0.5322719818178069,age + sex + race + zcta_svi_proxy + strata(listing_center),model_based,stratified_baseline_hazard_by_listing_center
Initial-listing prior-year cause-specific Cox,Adjusted + SDOH,Single-pollutant NO2,LU,Lung,racePACIFIC,covariate,NA,previous_365_days_pm25_o3_or_12_complete_months_no2,death_or_deterioration_delist_cause_specific,50401,50401,84,5675,0.11264179964213229,0.38619909402133457,-0.6443084246396834,0.869592023923948,1.1192309522095332,0.5250255112889998,2.3859372496174247,0.7705407112328234,0.5322719818178069,age + sex + race + zcta_svi_proxy + strata(listing_center),model_based,stratified_baseline_hazard_by_listing_center
Initial-listing prior-year cause-specific Cox,Adjusted + SDOH,Single-pollutant NO2,LU,Lung,raceWHITE,covariate,NA,previous_365_days_pm25_o3_or_12_complete_months_no2,death_or_deterioration_delist_cause_specific,50401,50401,84,5675,-0.45603003174470874,0.07111251617515374,-0.59541056344801,-0.3166495000414074,0.6337948028490177,0.5513361609189723,0.7285860797682394,1.4287501491879485e-10,0.5322719818178069,age + sex + race + zcta_svi_proxy + strata(listing_center),model_based,stratified_baseline_hazard_by_listing_center
Initial-listing prior-year cause-specific Cox,Adjusted + SDOH,Single-pollutant NO2,LU,Lung,zcta_svi_proxy,covariate,NA,previous_365_days_pm25_o3_or_12_complete_months_no2,death_or_deterioration_delist_cause_specific,50401,50401,84,5675,0.2142630030006343,0.07986283407573029,0.05773184821220295,0.37079415778906566,1.2389484591101951,1.0594308693358327,1.448884801038343,0.0072989528668792845,0.5322719818178069,age + sex + race + zcta_svi_proxy + strata(listing_center),model_based,stratified_baseline_hazard_by_listing_center
Initial-listing prior-year cause-specific Cox,Adjusted + SDOH,Multipollutant PM2.5 + NO2,LU,Lung,pm25_prior_5ug,pollutant,Prior-year PM2.5 per 5 ug/m3,previous_365_days_pm25_o3_or_12_complete_months_no2,death_or_deterioration_delist_cause_specific,46788,46788,84,5582,0.0883113720152722,0.039795451355918936,0.01031228735767109,0.1663104566728733,1.0923281895114079,1.0103656422388494,1.1809396754202015,0.026477724288355528,0.5316887251957079,age + sex + race + zcta_svi_proxy + strata(listing_center),model_based,stratified_baseline_hazard_by_listing_center
Initial-listing prior-year cause-specific Cox,Adjusted + SDOH,Multipollutant PM2.5 + NO2,LU,Lung,no2_prior_10ppb,pollutant,Prior-year NO2 per 10 ppb,previous_365_days_pm25_o3_or_12_complete_months_no2,death_or_deterioration_delist_cause_specific,46788,46788,84,5582,0.07517000341915049,0.03045155429590677,0.015484956999173224,0.13485504983912777,1.0780674104526653,1.0156054701894708,1.144370895583391,0.013567639895150654,0.5316887251957079,age + sex + race + zcta_svi_proxy + strata(listing_center),model_based,stratified_baseline_hazard_by_listing_center
Initial-listing prior-year cause-specific Cox,Adjusted + SDOH,Multipollutant PM2.5 + NO2,LU,Lung,age,covariate,NA,previous_365_days_pm25_o3_or_12_complete_months_no2,death_or_deterioration_delist_cause_specific,46788,46788,84,5582,0.007282587133185213,0.0011059480173028961,0.0051149290192715365,0.00945024524709889,1.0073091696615402,1.0051280326004775,1.009495039810055,4.55108463203524e-11,0.5316887251957079,age + sex + race + zcta_svi_proxy + strata(listing_center),model_based,stratified_baseline_hazard_by_listing_center
Initial-listing prior-year cause-specific Cox,Adjusted + SDOH,Multipollutant PM2.5 + NO2,LU,Lung,sexM,covariate,NA,previous_365_days_pm25_o3_or_12_complete_months_no2,death_or_deterioration_delist_cause_specific,46788,46788,84,5582,0.03521703984805338,0.027597403320819485,-0.018873870660752808,0.08930795035685957,1.035844503937731,0.9813031255523769,1.0934173227401327,0.20192025524554744,0.5316887251957079,age + sex + race + zcta_svi_proxy + strata(listing_center),model_based,stratified_baseline_hazard_by_listing_center
Initial-listing prior-year cause-specific Cox,Adjusted + SDOH,Multipollutant PM2.5 + NO2,LU,Lung,raceBLACK,covariate,NA,previous_365_days_pm25_o3_or_12_complete_months_no2,death_or_deterioration_delist_cause_specific,46788,46788,84,5582,-0.4133741554309241,0.08285399558773916,-0.5757679867828929,-0.2509803240789553,0.661414764599323,0.5622728848052765,0.7780376800163146,6.063363633954562e-7,0.5316887251957079,age + sex + race + zcta_svi_proxy + strata(listing_center),model_based,stratified_baseline_hazard_by_listing_center
Initial-listing prior-year cause-specific Cox,Adjusted + SDOH,Multipollutant PM2.5 + NO2,LU,Lung,raceMULTI,covariate,NA,previous_365_days_pm25_o3_or_12_complete_months_no2,death_or_deterioration_delist_cause_specific,46788,46788,84,5582,-0.8101579427243033,0.2613933756333432,-1.322488958965656,-0.2978269264829506,0.44478780967643483,0.26647123991539373,0.7424298235696077,0.0019392475997848696,0.5316887251957079,age + sex + race + zcta_svi_proxy + strata(listing_center),model_based,stratified_baseline_hazard_by_listing_center
Initial-listing prior-year cause-specific Cox,Adjusted + SDOH,Multipollutant PM2.5 + NO2,LU,Lung,raceMissing,covariate,NA,previous_365_days_pm25_o3_or_12_complete_months_no2,death_or_deterioration_delist_cause_specific,46788,46788,84,5582,-1.5336534731400886,0.7124449090684224,-2.9300454949141965,-0.13726145136598067,0.21574600345780512,0.05339460890678774,0.8717422781253501,0.03134520893663621,0.5316887251957079,age + sex + race + zcta_svi_proxy + strata(listing_center),model_based,stratified_baseline_hazard_by_listing_center
Initial-listing prior-year cause-specific Cox,Adjusted + SDOH,Multipollutant PM2.5 + NO2,LU,Lung,raceNATIVE,covariate,NA,previous_365_days_pm25_o3_or_12_complete_months_no2,death_or_deterioration_delist_cause_specific,46788,46788,84,5582,-0.24498674496530654,0.21835854253645554,-0.6729694883367594,0.18299599840614633,0.7827149130864366,0.5101913189890517,1.2008096029188902,0.2618849105906376,0.5316887251957079,age + sex + race + zcta_svi_proxy + strata(listing_center),model_based,stratified_baseline_hazard_by_listing_center
Initial-listing prior-year cause-specific Cox,Adjusted + SDOH,Multipollutant PM2.5 + NO2,LU,Lung,racePACIFIC,covariate,NA,previous_365_days_pm25_o3_or_12_complete_months_no2,death_or_deterioration_delist_cause_specific,46788,46788,84,5582,0.026158982420147144,0.41781269598089193,-0.792753901702401,0.8450718665426953,1.026504131612608,0.4525966707229883,2.328145124299153,0.9500775817014738,0.5316887251957079,age + sex + race + zcta_svi_proxy + strata(listing_center),model_based,stratified_baseline_hazard_by_listing_center
Initial-listing prior-year cause-specific Cox,Adjusted + SDOH,Multipollutant PM2.5 + NO2,LU,Lung,raceWHITE,covariate,NA,previous_365_days_pm25_o3_or_12_complete_months_no2,death_or_deterioration_delist_cause_specific,46788,46788,84,5582,-0.4505805885364324,0.07248221921771549,-0.5926457382031547,-0.30851543886971006,0.6372580594724607,0.5528626182766154,0.7345366116965828,5.085955010302943e-10,0.5316887251957079,age + sex + race + zcta_svi_proxy + strata(listing_center),model_based,stratified_baseline_hazard_by_listing_center
Initial-listing prior-year cause-specific Cox,Adjusted + SDOH,Multipollutant PM2.5 + NO2,LU,Lung,zcta_svi_proxy,covariate,NA,previous_365_days_pm25_o3_or_12_complete_months_no2,death_or_deterioration_delist_cause_specific,46788,46788,84,5582,0.22090087485373994,0.08047607934958147,0.06316775932856025,0.37863399037891965,1.2471997955743461,1.0652055224062191,1.4602884582938667,0.0060524561436969635,0.5316887251957079,age + sex + race + zcta_svi_proxy + strata(listing_center),model_based,stratified_baseline_hazard_by_listing_center
Initial-listing prior-year cause-specific Cox,Adjusted + SDOH,Multipollutant PM2.5 + NO2 + O3,LU,Lung,pm25_prior_5ug,pollutant,Prior-year PM2.5 per 5 ug/m3,previous_365_days_pm25_o3_or_12_complete_months_no2,death_or_deterioration_delist_cause_specific,46788,46788,84,5582,0.08805283754372809,0.04062212325092423,0.008433475971916599,0.16767219911553957,1.092045821522682,1.0084691379112753,1.182548906528928,0.03018852791724197,0.5317145268969257,age + sex + race + zcta_svi_proxy + strata(listing_center),model_based,stratified_baseline_hazard_by_listing_center
Initial-listing prior-year cause-specific Cox,Adjusted + SDOH,Multipollutant PM2.5 + NO2 + O3,LU,Lung,no2_prior_10ppb,pollutant,Prior-year NO2 per 10 ppb,previous_365_days_pm25_o3_or_12_complete_months_no2,death_or_deterioration_delist_cause_specific,46788,46788,84,5582,0.07551654551605397,0.03235562534030198,0.012099519849062088,0.13893357118304583,1.078441070934491,1.0121730151595552,1.1490477675844726,0.019598123703860798,0.5317145268969257,age + sex + race + zcta_svi_proxy + strata(listing_center),model_based,stratified_baseline_hazard_by_listing_center
Initial-listing prior-year cause-specific Cox,Adjusted + SDOH,Multipollutant PM2.5 + NO2 + O3,LU,Lung,o3_prior_10ppb,pollutant,Prior-year O3 per 10 ppb,previous_365_days_pm25_o3_or_12_complete_months_no2,death_or_deterioration_delist_cause_specific,46788,46788,84,5582,0.0014395019503068492,0.04542773238490361,-0.08759885352410422,0.09047785742471791,1.001440538530566,0.9161283046630708,1.0946972679566163,0.9747210759432454,0.5317145268969257,age + sex + race + zcta_svi_proxy + strata(listing_center),model_based,stratified_baseline_hazard_by_listing_center
Initial-listing prior-year cause-specific Cox,Adjusted + SDOH,Multipollutant PM2.5 + NO2 + O3,LU,Lung,age,covariate,NA,previous_365_days_pm25_o3_or_12_complete_months_no2,death_or_deterioration_delist_cause_specific,46788,46788,84,5582,0.007282613905291786,0.0011059526425014677,0.00511494672598891,0.009450281084594662,1.0073091966293288,1.0051280503979956,1.0094950759878298,4.5511866804749857e-11,0.5317145268969257,age + sex + race + zcta_svi_proxy + strata(listing_center),model_based,stratified_baseline_hazard_by_listing_center
Initial-listing prior-year cause-specific Cox,Adjusted + SDOH,Multipollutant PM2.5 + NO2 + O3,LU,Lung,sexM,covariate,NA,previous_365_days_pm25_o3_or_12_complete_months_no2,death_or_deterioration_delist_cause_specific,46788,46788,84,5582,0.03521971402331817,0.027597534435539785,-0.018871453470339805,0.08931088151697615,1.0358472739711855,0.9813054975517509,1.0934205277260771,0.20188815078037764,0.5317145268969257,age + sex + race + zcta_svi_proxy + strata(listing_center),model_based,stratified_baseline_hazard_by_listing_center
Initial-listing prior-year cause-specific Cox,Adjusted + SDOH,Multipollutant PM2.5 + NO2 + O3,LU,Lung,raceBLACK,covariate,NA,previous_365_days_pm25_o3_or_12_complete_months_no2,death_or_deterioration_delist_cause_specific,46788,46788,84,5582,-0.4134316696697539,0.08287377842920993,-0.5758642753910054,-0.25099906394850247,0.6613767249265081,0.562218746938291,0.7780230998283042,6.078980127418806e-7,0.5317145268969257,age + sex + race + zcta_svi_proxy + strata(listing_center),model_based,stratified_baseline_hazard_by_listing_center
Initial-listing prior-year cause-specific Cox,Adjusted + SDOH,Multipollutant PM2.5 + NO2 + O3,LU,Lung,raceMULTI,covariate,NA,previous_365_days_pm25_o3_or_12_complete_months_no2,death_or_deterioration_delist_cause_specific,46788,46788,84,5582,-0.8101914778741033,0.2613955937562145,-1.3225268416362836,-0.2978561141119228,0.4447728939007109,0.2664611454643839,0.7424081541196209,0.0019385800468860776,0.5317145268969257,age + sex + race + zcta_svi_proxy + strata(listing_center),model_based,stratified_baseline_hazard_by_listing_center
Initial-listing prior-year cause-specific Cox,Adjusted + SDOH,Multipollutant PM2.5 + NO2 + O3,LU,Lung,raceMissing,covariate,NA,previous_365_days_pm25_o3_or_12_complete_months_no2,death_or_deterioration_delist_cause_specific,46788,46788,84,5582,-1.5338498355399095,0.7124717435127096,-2.9302944528248203,-0.13740521825499874,0.21570364321393004,0.05338131755107846,0.8716169594585518,0.03132991271311921,0.5317145268969257,age + sex + race + zcta_svi_proxy + strata(listing_center),model_based,stratified_baseline_hazard_by_listing_center
Initial-listing prior-year cause-specific Cox,Adjusted + SDOH,Multipollutant PM2.5 + NO2 + O3,LU,Lung,raceNATIVE,covariate,NA,previous_365_days_pm25_o3_or_12_complete_months_no2,death_or_deterioration_delist_cause_specific,46788,46788,84,5582,-0.24507138436121506,0.21837509492454274,-0.6730865704133189,0.1829438016908887,0.7826486673725626,0.5101315882267509,1.2007469262377406,0.2617562871287269,0.5317145268969257,age + sex + race + zcta_svi_proxy + strata(listing_center),model_based,stratified_baseline_hazard_by_listing_center
Initial-listing prior-year cause-specific Cox,Adjusted + SDOH,Multipollutant PM2.5 + NO2 + O3,LU,Lung,racePACIFIC,covariate,NA,previous_365_days_pm25_o3_or_12_complete_months_no2,death_or_deterioration_delist_cause_specific,46788,46788,84,5582,0.026298181881484556,0.41783464126414915,-0.7926577149962477,0.8452540787592169,1.0266470303802742,0.4526402065997138,2.328569379433696,0.9498149123258397,0.5317145268969257,age + sex + race + zcta_svi_proxy + strata(listing_center),model_based,stratified_baseline_hazard_by_listing_center
Initial-listing prior-year cause-specific Cox,Adjusted + SDOH,Multipollutant PM2.5 + NO2 + O3,LU,Lung,raceWHITE,covariate,NA,previous_365_days_pm25_o3_or_12_complete_months_no2,death_or_deterioration_delist_cause_specific,46788,46788,84,5582,-0.4506717590467881,0.07253917159188235,-0.5928485353668775,-0.3084949827266987,0.6371999629783341,0.5527505106736367,0.7345516376362446,5.20468813060767e-10,0.5317145268969257,age + sex + race + zcta_svi_proxy + strata(listing_center),model_based,stratified_baseline_hazard_by_listing_center
Initial-listing prior-year cause-specific Cox,Adjusted + SDOH,Multipollutant PM2.5 + NO2 + O3,LU,Lung,zcta_svi_proxy,covariate,NA,previous_365_days_pm25_o3_or_12_complete_months_no2,death_or_deterioration_delist_cause_specific,46788,46788,84,5582,0.2210289857549249,0.08057717176335241,0.06309772909875419,0.3789602424110956,1.2473595856993247,1.0651309284306416,1.4607649580962359,0.006086733316550994,0.5317145268969257,age + sex + race + zcta_svi_proxy + strata(listing_center),model_based,stratified_baseline_hazard_by_listing_center
Initial-listing prior-year cause-specific Cox,Adjusted + SDOH + organ score at listing,Single-pollutant PM2.5,LU,Lung,pm25_prior_5ug,pollutant,Prior-year PM2.5 per 5 ug/m3,previous_365_days_pm25_o3_or_12_complete_months_no2,death_or_deterioration_delist_cause_specific,46788,46788,84,5582,0.3926640713474748,0.03421997919549728,0.3255929121243001,0.45973523057064947,1.4809208220241472,1.384851497853623,1.5836546261485769,1.7678521554051326e-30,0.6549869682153849,age + sex + race + zcta_svi_proxy + strata(listing_center) + organ_score,model_based,stratified_baseline_hazard_by_listing_center
Initial-listing prior-year cause-specific Cox,Adjusted + SDOH + organ score at listing,Single-pollutant PM2.5,LU,Lung,age,covariate,NA,previous_365_days_pm25_o3_or_12_complete_months_no2,death_or_deterioration_delist_cause_specific,46788,46788,84,5582,0.008477344760931435,0.0011013501828937304,0.006318698402459724,0.010635991119403148,1.0085133792015133,1.0063387034903866,1.0106927543388193,1.3904838196302484e-14,0.6549869682153849,age + sex + race + zcta_svi_proxy + strata(listing_center) + organ_score,model_based,stratified_baseline_hazard_by_listing_center
Initial-listing prior-year cause-specific Cox,Adjusted + SDOH + organ score at listing,Single-pollutant PM2.5,LU,Lung,sexM,covariate,NA,previous_365_days_pm25_o3_or_12_complete_months_no2,death_or_deterioration_delist_cause_specific,46788,46788,84,5582,0.05975862712717854,0.027605948845918084,0.0056509673891790985,0.11386628686517798,1.0615802789369218,1.0056669642237308,1.120602275622807,0.03041058475606374,0.6549869682153849,age + sex + race + zcta_svi_proxy + strata(listing_center) + organ_score,model_based,stratified_baseline_hazard_by_listing_center
Initial-listing prior-year cause-specific Cox,Adjusted + SDOH + organ score at listing,Single-pollutant PM2.5,LU,Lung,raceBLACK,covariate,NA,previous_365_days_pm25_o3_or_12_complete_months_no2,death_or_deterioration_delist_cause_specific,46788,46788,84,5582,-0.3678327913036249,0.08281951760352287,-0.5301590458065297,-0.2055065368007201,0.6922329193763237,0.5885113619703793,0.8142347720593133,8.93845799496256e-6,0.6549869682153849,age + sex + race + zcta_svi_proxy + strata(listing_center) + organ_score,model_based,stratified_baseline_hazard_by_listing_center
Initial-listing prior-year cause-specific Cox,Adjusted + SDOH + organ score at listing,Single-pollutant PM2.5,LU,Lung,raceMULTI,covariate,NA,previous_365_days_pm25_o3_or_12_complete_months_no2,death_or_deterioration_delist_cause_specific,46788,46788,84,5582,-0.7190967038271586,0.261184175347126,-1.2310176875075256,-0.20717572014679164,0.48719213605099376,0.2919952664866154,0.8128767986066311,0.005901277173614489,0.6549869682153849,age + sex + race + zcta_svi_proxy + strata(listing_center) + organ_score,model_based,stratified_baseline_hazard_by_listing_center
Initial-listing prior-year cause-specific Cox,Adjusted + SDOH + organ score at listing,Single-pollutant PM2.5,LU,Lung,raceMissing,covariate,NA,previous_365_days_pm25_o3_or_12_complete_months_no2,death_or_deterioration_delist_cause_specific,46788,46788,84,5582,-1.5472210671109283,0.7122667951576274,-2.943263985619878,-0.15117814860197876,0.21283861700061793,0.052693457059048786,0.8596945316374252,0.029836861823525313,0.6549869682153849,age + sex + race + zcta_svi_proxy + strata(listing_center) + organ_score,model_based,stratified_baseline_hazard_by_listing_center
Initial-listing prior-year cause-specific Cox,Adjusted + SDOH + organ score at listing,Single-pollutant PM2.5,LU,Lung,raceNATIVE,covariate,NA,previous_365_days_pm25_o3_or_12_complete_months_no2,death_or_deterioration_delist_cause_specific,46788,46788,84,5582,-0.22984738723978368,0.21829855209608154,-0.6577125493481035,0.19801777486853614,0.7946548677225712,0.51803495963967106,1.2189840609105076,0.2923850587108108,0.6549869682153849,age + sex + race + zcta_svi_proxy + strata(listing_center) + organ_score,model_based,stratified_baseline_hazard_by_listing_center
Initial-listing prior-year cause-specific Cox,Adjusted + SDOH + organ score at listing,Single-pollutant PM2.5,LU,Lung,racePACIFIC,covariate,NA,previous_365_days_pm25_o3_or_12_complete_months_no2,death_or_deterioration_delist_cause_specific,46788,46788,84,5582,0.02746018406240924,0.41782785505878084,-0.7914824118528012,0.8464027799776197,1.027840689851759,0.45317250880433385,2.33124574679592,0.9475997250785719,0.6549869682153849,age + sex + race + zcta_svi_proxy + strata(listing_center) + organ_score,model_based,stratified_baseline_hazard_by_listing_center
Initial-listing prior-year cause-specific Cox,Adjusted + SDOH + organ score at listing,Single-pollutant PM2.5,LU,Lung,raceWHITE,covariate,NA,previous_365_days_pm25_o3_or_12_complete_months_no2,death_or_deterioration_delist_cause_specific,46788,46788,84,5582,-0.3693742099124887,0.07243630469583003,-0.5113493671163155,-0.22739905270866187,0.6911667206131409,0.5996858362675694,0.7966028323369921,3.409177998021305e-7,0.6549869682153849,age + sex + race + zcta_svi_proxy + strata(listing_center) + organ_score,model_based,stratified_baseline_hazard_by_listing_center
Initial-listing prior-year cause-specific Cox,Adjusted + SDOH + organ score at listing,Single-pollutant PM2.5,LU,Lung,zcta_svi_proxy,covariate,NA,previous_365_days_pm25_o3_or_12_complete_months_no2,death_or_deterioration_delist_cause_specific,46788,46788,84,5582,0.1401378804074167,0.07993978883238312,-0.016544105704054207,0.2968198665188876,1.1504324100116885,0.9835919964164571,1.345572894886518,0.0795946410525302,0.6549869682153849,age + sex + race + zcta_svi_proxy + strata(listing_center) + organ_score,model_based,stratified_baseline_hazard_by_listing_center
Initial-listing prior-year cause-specific Cox,Adjusted + SDOH + organ score at listing,Single-pollutant PM2.5,LU,Lung,organ_score,organ_severity,NA,previous_365_days_pm25_o3_or_12_complete_months_no2,death_or_deterioration_delist_cause_specific,46788,46788,84,5582,0.4137309991616033,0.014685937505200166,0.38494656165141095,0.4425154366717956,1.512450221780249,1.4695357897770636,1.5566178716274417,1.2917591527825036e-174,0.6549869682153849,age + sex + race + zcta_svi_proxy + strata(listing_center) + organ_score,model_based,stratified_baseline_hazard_by_listing_center
Initial-listing prior-year cause-specific Cox,Adjusted + SDOH + organ score at listing,Single-pollutant O3,LU,Lung,o3_prior_10ppb,pollutant,Prior-year O3 per 10 ppb,previous_365_days_pm25_o3_or_12_complete_months_no2,death_or_deterioration_delist_cause_specific,46788,46788,84,5582,0.011751340691760929,0.043925734304753584,-0.0743430985455561,0.09784577992907795,1.0118206589571965,0.9283531225876231,1.1027926992252295,0.7890630644812985,0.6527530030099418,age + sex + race + zcta_svi_proxy + strata(listing_center) + organ_score,model_based,stratified_baseline_hazard_by_listing_center
Initial-listing prior-year cause-specific Cox,Adjusted + SDOH + organ score at listing,Single-pollutant O3,LU,Lung,age,covariate,NA,previous_365_days_pm25_o3_or_12_complete_months_no2,death_or_deterioration_delist_cause_specific,46788,46788,84,5582,0.00719510908124279,0.0010927116659764672,0.005053394215928915,0.009336823946556666,1.0072210560717332,1.005066184147593,1.009380548062773,4.55999734234172e-11,0.6527530030099418,age + sex + race + zcta_svi_proxy + strata(listing_center) + organ_score,model_based,stratified_baseline_hazard_by_listing_center
Initial-listing prior-year cause-specific Cox,Adjusted + SDOH + organ score at listing,Single-pollutant O3,LU,Lung,sexM,covariate,NA,previous_365_days_pm25_o3_or_12_complete_months_no2,death_or_deterioration_delist_cause_specific,46788,46788,84,5582,0.05582667209670873,0.027602160284868806,0.0017264379383658754,0.10992690625505158,1.0574143884331177,1.0017279290903471,1.116196480496192,0.04311985221737026,0.6527530030099418,age + sex + race + zcta_svi_proxy + strata(listing_center) + organ_score,model_based,stratified_baseline_hazard_by_listing_center
Initial-listing prior-year cause-specific Cox,Adjusted + SDOH + organ score at listing,Single-pollutant O3,LU,Lung,raceBLACK,covariate,NA,previous_365_days_pm25_o3_or_12_complete_months_no2,death_or_deterioration_delist_cause_specific,46788,46788,84,5582,-0.362876605424106,0.08278307032120422,-0.5251314232536662,-0.20062178759454574,0.6956722703878486,0.5914776253445758,0.818221834688412,1.1680697901848327e-5,0.6527530030099418,age + sex + race + zcta_svi_proxy + strata(listing_center) + organ_score,model_based,stratified_baseline_hazard_by_listing_center
Initial-listing prior-year cause-specific Cox,Adjusted + SDOH + organ score at listing,Single-pollutant O3,LU,Lung,raceMULTI,covariate,NA,previous_365_days_pm25_o3_or_12_complete_months_no2,death_or_deterioration_delist_cause_specific,46788,46788,84,5582,-0.7443205954402721,0.2612740890403316,-1.2564178099593222,-0.23222338092122208,0.475056946179203,0.2846719512399213,0.7927690140533306,0.00438828896995569,0.6527530030099418,age + sex + race + zcta_svi_proxy + strata(listing_center) + organ_score,model_based,stratified_baseline_hazard_by_listing_center
Initial-listing prior-year cause-specific Cox,Adjusted + SDOH + organ score at listing,Single-pollutant O3,LU,Lung,raceMissing,covariate,NA,previous_365_days_pm25_o3_or_12_complete_months_no2,death_or_deterioration_delist_cause_specific,46788,46788,84,5582,-1.5998297904560739,0.7121694509836363,-2.9956819143840008,-0.20397766652814675,0.20193088563367065,0.050002518021901726,0.8154805834965783,0.024677289875231326,0.6527530030099418,age + sex + race + zcta_svi_proxy + strata(listing_center) + organ_score,model_based,stratified_baseline_hazard_by_listing_center
Initial-listing prior-year cause-specific Cox,Adjusted + SDOH + organ score at listing,Single-pollutant O3,LU,Lung,raceNATIVE,covariate,NA,previous_365_days_pm25_o3_or_12_complete_months_no2,death_or_deterioration_delist_cause_specific,46788,46788,84,5582,-0.28794429092923185,0.21828205288814856,-0.715777114590003,0.13988853273153934,0.7498033619241069,0.4888121011439756,1.1501455881246696,0.1871227664496957,0.6527530030099418,age + sex + race + zcta_svi_proxy + strata(listing_center) + organ_score,model_based,stratified_baseline_hazard_by_listing_center
Initial-listing prior-year cause-specific Cox,Adjusted + SDOH + organ score at listing,Single-pollutant O3,LU,Lung,racePACIFIC,covariate,NA,previous_365_days_pm25_o3_or_12_complete_months_no2,death_or_deterioration_delist_cause_specific,46788,46788,84,5582,-0.012513131458195444,0.4173348657561473,-0.8304894683402442,0.8054632054238533,0.9875648322424257,0.43583590622675566,2.2377327887587852,0.9760802667901288,0.6527530030099418,age + sex + race + zcta_svi_proxy + strata(listing_center) + organ_score,model_based,stratified_baseline_hazard_by_listing_center
Initial-listing prior-year cause-specific Cox,Adjusted + SDOH + organ score at listing,Single-pollutant O3,LU,Lung,raceWHITE,covariate,NA,previous_365_days_pm25_o3_or_12_complete_months_no2,death_or_deterioration_delist_cause_specific,46788,46788,84,5582,-0.3768594675437423,0.07248885159364696,-0.5189376166672903,-0.23478131842019423,0.6860124741401943,0.5951524923154436,0.7907437518156534,2.0051333327638212e-7,0.6527530030099418,age + sex + race + zcta_svi_proxy + strata(listing_center) + organ_score,model_based,stratified_baseline_hazard_by_listing_center
Initial-listing prior-year cause-specific Cox,Adjusted + SDOH + organ score at listing,Single-pollutant O3,LU,Lung,zcta_svi_proxy,covariate,NA,previous_365_days_pm25_o3_or_12_complete_months_no2,death_or_deterioration_delist_cause_specific,46788,46788,84,5582,0.22272839901770525,0.08008752020090179,0.06575685942393775,0.3796999386114728,1.2494811673341075,1.0679670194794184,1.4618458801130527,0.0054181305278403966,0.6527530030099418,age + sex + race + zcta_svi_proxy + strata(listing_center) + organ_score,model_based,stratified_baseline_hazard_by_listing_center
Initial-listing prior-year cause-specific Cox,Adjusted + SDOH + organ score at listing,Single-pollutant O3,LU,Lung,organ_score,organ_severity,NA,previous_365_days_pm25_o3_or_12_complete_months_no2,death_or_deterioration_delist_cause_specific,46788,46788,84,5582,0.37803836840729577,0.014586978042592149,0.34944789144381516,0.40662884537077637,1.4594189373817843,1.4182842855008986,1.5017466220013527,4.379502568655163e-148,0.6527530030099418,age + sex + race + zcta_svi_proxy + strata(listing_center) + organ_score,model_based,stratified_baseline_hazard_by_listing_center
Initial-listing prior-year cause-specific Cox,Adjusted + SDOH + organ score at listing,Single-pollutant NO2,LU,Lung,no2_prior_10ppb,pollutant,Prior-year NO2 per 10 ppb,previous_365_days_pm25_o3_or_12_complete_months_no2,death_or_deterioration_delist_cause_specific,50401,50401,84,5675,0.29096935842718613,0.026252312090589525,0.23951482672963065,0.3424238901247416,1.3377235933671394,1.2706325238111351,1.408357159695277,1.5073846420105926e-28,0.6580422811242888,age + sex + race + zcta_svi_proxy + strata(listing_center) + organ_score,model_based,stratified_baseline_hazard_by_listing_center
Initial-listing prior-year cause-specific Cox,Adjusted + SDOH + organ score at listing,Single-pollutant NO2,LU,Lung,age,covariate,NA,previous_365_days_pm25_o3_or_12_complete_months_no2,death_or_deterioration_delist_cause_specific,50401,50401,84,5675,0.007989744936002744,0.0010912031140109532,0.005850986832541276,0.010128503039464212,1.0080217481237306,1.0058681372887142,1.0101799699405019,2.44376033793725e-13,0.6580422811242888,age + sex + race + zcta_svi_proxy + strata(listing_center) + organ_score,model_based,stratified_baseline_hazard_by_listing_center
Initial-listing prior-year cause-specific Cox,Adjusted + SDOH + organ score at listing,Single-pollutant NO2,LU,Lung,sexM,covariate,NA,previous_365_days_pm25_o3_or_12_complete_months_no2,death_or_deterioration_delist_cause_specific,50401,50401,84,5675,0.06015700607218212,0.027400712172904053,0.006451610213290181,0.11386240193107405,1.062003274419134,1.0064724666789333,1.1205979221652658,0.028131039503591505,0.6580422811242888,age + sex + race + zcta_svi_proxy + strata(listing_center) + organ_score,model_based,stratified_baseline_hazard_by_listing_center
Initial-listing prior-year cause-specific Cox,Adjusted + SDOH + organ score at listing,Single-pollutant NO2,LU,Lung,raceBLACK,covariate,NA,previous_365_days_pm25_o3_or_12_complete_months_no2,death_or_deterioration_delist_cause_specific,50401,50401,84,5675,-0.3906739871535459,0.08152797580915747,-0.5504688197394945,-0.23087915456759728,0.6766007006074725,0.5766793883152369,0.7938353916201986,1.6520844077337864e-6,0.6580422811242888,age + sex + race + zcta_svi_proxy + strata(listing_center) + organ_score,model_based,stratified_baseline_hazard_by_listing_center
Initial-listing prior-year cause-specific Cox,Adjusted + SDOH + organ score at listing,Single-pollutant NO2,LU,Lung,raceMULTI,covariate,NA,previous_365_days_pm25_o3_or_12_complete_months_no2,death_or_deterioration_delist_cause_specific,50401,50401,84,5675,-0.731687148866239,0.26070947858497745,-1.2426777268927949,-0.2206965708396832,0.4810966233684364,0.2886103625853635,0.8019599814197698,0.005007933669475249,0.6580422811242888,age + sex + race + zcta_svi_proxy + strata(listing_center) + organ_score,model_based,stratified_baseline_hazard_by_listing_center
Initial-listing prior-year cause-specific Cox,Adjusted + SDOH + organ score at listing,Single-pollutant NO2,LU,Lung,raceMissing,covariate,NA,previous_365_days_pm25_o3_or_12_complete_months_no2,death_or_deterioration_delist_cause_specific,50401,50401,84,5675,-1.582267192682012,0.5829596427996069,-2.7248680925692415,-0.43966629279478253,0.20550864194247404,0.0655548493194838,0.6442513765413771,0.006643668681395257,0.6580422811242888,age + sex + race + zcta_svi_proxy + strata(listing_center) + organ_score,model_based,stratified_baseline_hazard_by_listing_center
Initial-listing prior-year cause-specific Cox,Adjusted + SDOH + organ score at listing,Single-pollutant NO2,LU,Lung,raceNATIVE,covariate,NA,previous_365_days_pm25_o3_or_12_complete_months_no2,death_or_deterioration_delist_cause_specific,50401,50401,84,5675,-0.1986934078812837,0.2140614274020805,-0.6182538055893615,0.2208669898267941,0.8198011993933765,0.5388846137911477,1.2471575348916724,0.353299979870754,0.6580422811242888,age + sex + race + zcta_svi_proxy + strata(listing_center) + organ_score,model_based,stratified_baseline_hazard_by_listing_center
Initial-listing prior-year cause-specific Cox,Adjusted + SDOH + organ score at listing,Single-pollutant NO2,LU,Lung,racePACIFIC,covariate,NA,previous_365_days_pm25_o3_or_12_complete_months_no2,death_or_deterioration_delist_cause_specific,50401,50401,84,5675,0.10945585306959905,0.386398660604687,-0.6478855217155876,0.8667972278547856,1.1156708164060554,0.5231507990805812,2.3792783510370383,0.7769684748868837,0.6580422811242888,age + sex + race + zcta_svi_proxy + strata(listing_center) + organ_score,model_based,stratified_baseline_hazard_by_listing_center
Initial-listing prior-year cause-specific Cox,Adjusted + SDOH + organ score at listing,Single-pollutant NO2,LU,Lung,raceWHITE,covariate,NA,previous_365_days_pm25_o3_or_12_complete_months_no2,death_or_deterioration_delist_cause_specific,50401,50401,84,5675,-0.34853259757313154,0.07115417780798734,-0.4879947860767867,-0.20907040906947635,0.7057229097948102,0.6138560736329052,0.8113381080710654,9.668258018023705e-7,0.6580422811242888,age + sex + race + zcta_svi_proxy + strata(listing_center) + organ_score,model_based,stratified_baseline_hazard_by_listing_center
Initial-listing prior-year cause-specific Cox,Adjusted + SDOH + organ score at listing,Single-pollutant NO2,LU,Lung,zcta_svi_proxy,covariate,NA,previous_365_days_pm25_o3_or_12_complete_months_no2,death_or_deterioration_delist_cause_specific,50401,50401,84,5675,0.07846002992918968,0.07996782345101813,-0.07827690403480586,0.23519696389318523,1.0816201218654027,0.9247083356197189,1.2651579346260422,0.3265212433276331,0.6580422811242888,age + sex + race + zcta_svi_proxy + strata(listing_center) + organ_score,model_based,stratified_baseline_hazard_by_listing_center
Initial-listing prior-year cause-specific Cox,Adjusted + SDOH + organ score at listing,Single-pollutant NO2,LU,Lung,organ_score,organ_severity,NA,previous_365_days_pm25_o3_or_12_complete_months_no2,death_or_deterioration_delist_cause_specific,50401,50401,84,5675,0.41274970605468986,0.014705698324294013,0.3839265373390736,0.4415728747703061,1.510966792761439,1.4680375917727357,1.5551513541767803,2.4547291423442625e-173,0.6580422811242888,age + sex + race + zcta_svi_proxy + strata(listing_center) + organ_score,model_based,stratified_baseline_hazard_by_listing_center
Initial-listing prior-year cause-specific Cox,Adjusted + SDOH + organ score at listing,Multipollutant PM2.5 + NO2,LU,Lung,pm25_prior_5ug,pollutant,Prior-year PM2.5 per 5 ug/m3,previous_365_days_pm25_o3_or_12_complete_months_no2,death_or_deterioration_delist_cause_specific,46788,46788,84,5582,0.28931666464986633,0.039728996572269706,0.2114478313682177,0.36718549793151495,1.3355145718294918,1.2354655114021262,1.44366569127835,3.282869647042975e-13,0.657192436019483,age + sex + race + zcta_svi_proxy + strata(listing_center) + organ_score,model_based,stratified_baseline_hazard_by_listing_center
Initial-listing prior-year cause-specific Cox,Adjusted + SDOH + organ score at listing,Multipollutant PM2.5 + NO2,LU,Lung,no2_prior_10ppb,pollutant,Prior-year NO2 per 10 ppb,previous_365_days_pm25_o3_or_12_complete_months_no2,death_or_deterioration_delist_cause_specific,46788,46788,84,5582,0.16128377264562493,0.030730424185791673,0.10105214124147326,0.2215154040497766,1.1750183595766,1.1063343259047862,1.2479664718103551,1.534742753144915e-7,0.657192436019483,age + sex + race + zcta_svi_proxy + strata(listing_center) + organ_score,model_based,stratified_baseline_hazard_by_listing_center
Initial-listing prior-year cause-specific Cox,Adjusted + SDOH + organ score at listing,Multipollutant PM2.5 + NO2,LU,Lung,age,covariate,NA,previous_365_days_pm25_o3_or_12_complete_months_no2,death_or_deterioration_delist_cause_specific,46788,46788,84,5582,0.0088657763203603,0.00110415449094192,0.006701633518114137,0.011029919122606462,1.0089051937177367,1.0067241397120172,1.011090972946969,9.789395129526387e-16,0.657192436019483,age + sex + race + zcta_svi_proxy + strata(listing_center) + organ_score,model_based,stratified_baseline_hazard_by_listing_center
Initial-listing prior-year cause-specific Cox,Adjusted + SDOH + organ score at listing,Multipollutant PM2.5 + NO2,LU,Lung,sexM,covariate,NA,previous_365_days_pm25_o3_or_12_complete_months_no2,death_or_deterioration_delist_cause_specific,46788,46788,84,5582,0.06387341828014437,0.027621764944534923,0.009734758988855917,0.11801207757143281,1.0659574594927475,1.009782295883329,1.1252577016655454,0.020753958120880666,0.657192436019483,age + sex + race + zcta_svi_proxy + strata(listing_center) + organ_score,model_based,stratified_baseline_hazard_by_listing_center
Initial-listing prior-year cause-specific Cox,Adjusted + SDOH + organ score at listing,Multipollutant PM2.5 + NO2,LU,Lung,raceBLACK,covariate,NA,previous_365_days_pm25_o3_or_12_complete_months_no2,death_or_deterioration_delist_cause_specific,46788,46788,84,5582,-0.37142078403912504,0.08282736867602344,-0.533762426644131,-0.2090791414341191,0.6897536431626353,0.5863945475406761,0.8113310232017911,7.31619050199625e-6,0.657192436019483,age + sex + race + zcta_svi_proxy + strata(listing_center) + organ_score,model_based,stratified_baseline_hazard_by_listing_center
Initial-listing prior-year cause-specific Cox,Adjusted + SDOH + organ score at listing,Multipollutant PM2.5 + NO2,LU,Lung,raceMULTI,covariate,NA,previous_365_days_pm25_o3_or_12_complete_months_no2,death_or_deterioration_delist_cause_specific,46788,46788,84,5582,-0.7099137944669189,0.2611147445191878,-1.221698693724527,-0.19812889520931087,0.49168658173794677,0.294729087003319,0.8202641182084078,0.006552298331728861,0.657192436019483,age + sex + race + zcta_svi_proxy + strata(listing_center) + organ_score,model_based,stratified_baseline_hazard_by_listing_center
Initial-listing prior-year cause-specific Cox,Adjusted + SDOH + organ score at listing,Multipollutant PM2.5 + NO2,LU,Lung,raceMissing,covariate,NA,previous_365_days_pm25_o3_or_12_complete_months_no2,death_or_deterioration_delist_cause_specific,46788,46788,84,5582,-1.486151106274684,0.7123674167649716,-2.8823912431340286,-0.08991096941533949,0.22624176241629382,0.05600069133059298,0.9140125567212125,0.03695921362435612,0.657192436019483,age + sex + race + zcta_svi_proxy + strata(listing_center) + organ_score,model_based,stratified_baseline_hazard_by_listing_center
Initial-listing prior-year cause-specific Cox,Adjusted + SDOH + organ score at listing,Multipollutant PM2.5 + NO2,LU,Lung,raceNATIVE,covariate,NA,previous_365_days_pm25_o3_or_12_complete_months_no2,death_or_deterioration_delist_cause_specific,46788,46788,84,5582,-0.19048061168636105,0.21841836752330732,-0.6185806120320434,0.2376193886593213,0.826561783212797,0.5387085316014628,1.2682263996022145,0.38315893754868163,0.657192436019483,age + sex + race + zcta_svi_proxy + strata(listing_center) + organ_score,model_based,stratified_baseline_hazard_by_listing_center
Initial-listing prior-year cause-specific Cox,Adjusted + SDOH + organ score at listing,Multipollutant PM2.5 + NO2,LU,Lung,racePACIFIC,covariate,NA,previous_365_days_pm25_o3_or_12_complete_months_no2,death_or_deterioration_delist_cause_specific,46788,46788,84,5582,0.042275202891404,0.4179533145531387,-0.776913293632748,0.8614636994155559,1.0431815258230253,0.4598231620981051,2.366622183304192,0.9194328589942686,0.657192436019483,age + sex + race + zcta_svi_proxy + strata(listing_center) + organ_score,model_based,stratified_baseline_hazard_by_listing_center
Initial-listing prior-year cause-specific Cox,Adjusted + SDOH + organ score at listing,Multipollutant PM2.5 + NO2,LU,Lung,raceWHITE,covariate,NA,previous_365_days_pm25_o3_or_12_complete_months_no2,death_or_deterioration_delist_cause_specific,46788,46788,84,5582,-0.34865008184161983,0.07253594050974006,-0.49082052524071035,-0.2064796384425293,0.7056400033251959,0.6121239249374034,0.8134428242511534,1.5353108974629333e-6,0.657192436019483,age + sex + race + zcta_svi_proxy + strata(listing_center) + organ_score,model_based,stratified_baseline_hazard_by_listing_center
Initial-listing prior-year cause-specific Cox,Adjusted + SDOH + organ score at listing,Multipollutant PM2.5 + NO2,LU,Lung,zcta_svi_proxy,covariate,NA,previous_365_days_pm25_o3_or_12_complete_months_no2,death_or_deterioration_delist_cause_specific,46788,46788,84,5582,0.08285296279927575,0.08054976690383292,-0.07502458033223679,0.24073050593078826,1.086382058227147,0.927720682365694,1.272178144641842,0.3036707562122094,0.657192436019483,age + sex + race + zcta_svi_proxy + strata(listing_center) + organ_score,model_based,stratified_baseline_hazard_by_listing_center
Initial-listing prior-year cause-specific Cox,Adjusted + SDOH + organ score at listing,Multipollutant PM2.5 + NO2,LU,Lung,organ_score,organ_severity,NA,previous_365_days_pm25_o3_or_12_complete_months_no2,death_or_deterioration_delist_cause_specific,46788,46788,84,5582,0.4205300446169094,0.014730942849117176,0.39165739663263976,0.44940269260117904,1.522768476981603,1.4794307666043347,1.5673757007305953,3.0260855940600737e-179,0.657192436019483,age + sex + race + zcta_svi_proxy + strata(listing_center) + organ_score,model_based,stratified_baseline_hazard_by_listing_center
Initial-listing prior-year cause-specific Cox,Adjusted + SDOH + organ score at listing,Multipollutant PM2.5 + NO2 + O3,LU,Lung,pm25_prior_5ug,pollutant,Prior-year PM2.5 per 5 ug/m3,previous_365_days_pm25_o3_or_12_complete_months_no2,death_or_deterioration_delist_cause_specific,46788,46788,84,5582,0.27540087468600055,0.04046436305145306,0.19609072310515258,0.35471102626684853,1.317058544486234,1.2166372774392442,1.4257685850751198,1.0034248013963881e-11,0.6572140016205008,age + sex + race + zcta_svi_proxy + strata(listing_center) + organ_score,model_based,stratified_baseline_hazard_by_listing_center
Initial-listing prior-year cause-specific Cox,Adjusted + SDOH + organ score at listing,Multipollutant PM2.5 + NO2 + O3,LU,Lung,no2_prior_10ppb,pollutant,Prior-year NO2 per 10 ppb,previous_365_days_pm25_o3_or_12_complete_months_no2,death_or_deterioration_delist_cause_specific,46788,46788,84,5582,0.18037203516819664,0.03260520098098067,0.11646584124547452,0.24427822909091876,1.1976628529486701,1.1235191317974962,1.276699496018626,3.1659639728342635e-8,0.6572140016205008,age + sex + race + zcta_svi_proxy + strata(listing_center) + organ_score,model_based,stratified_baseline_hazard_by_listing_center
Initial-listing prior-year cause-specific Cox,Adjusted + SDOH + organ score at listing,Multipollutant PM2.5 + NO2 + O3,LU,Lung,o3_prior_10ppb,pollutant,Prior-year O3 per 10 ppb,previous_365_days_pm25_o3_or_12_complete_months_no2,death_or_deterioration_delist_cause_specific,46788,46788,84,5582,0.08045500071673907,0.046001719801640084,-0.00970837009447549,0.17061837152795362,1.0837800762182996,0.9903386039936218,1.1860380367595043,0.0802985620453791,0.6572140016205008,age + sex + race + zcta_svi_proxy + strata(listing_center) + organ_score,model_based,stratified_baseline_hazard_by_listing_center
Initial-listing prior-year cause-specific Cox,Adjusted + SDOH + organ score at listing,Multipollutant PM2.5 + NO2 + O3,LU,Lung,age,covariate,NA,previous_365_days_pm25_o3_or_12_complete_months_no2,death_or_deterioration_delist_cause_specific,46788,46788,84,5582,0.008882742123017592,0.0011044314288693716,0.006718056522433623,0.01104742772360156,1.008922310749355,1.0067406732826774,1.0111086758903605,8.779493231344647e-16,0.6572140016205008,age + sex + race + zcta_svi_proxy + strata(listing_center) + organ_score,model_based,stratified_baseline_hazard_by_listing_center
Initial-listing prior-year cause-specific Cox,Adjusted + SDOH + organ score at listing,Multipollutant PM2.5 + NO2 + O3,LU,Lung,sexM,covariate,NA,previous_365_days_pm25_o3_or_12_complete_months_no2,death_or_deterioration_delist_cause_specific,46788,46788,84,5582,0.06426905017594592,0.027622980565425715,0.01012800826771152,0.11841009208418032,1.066379269698574,1.0101794701321112,1.1257056597023756,0.019983819204761978,0.6572140016205008,age + sex + race + zcta_svi_proxy + strata(listing_center) + organ_score,model_based,stratified_baseline_hazard_by_listing_center
Initial-listing prior-year cause-specific Cox,Adjusted + SDOH + organ score at listing,Multipollutant PM2.5 + NO2 + O3,LU,Lung,raceBLACK,covariate,NA,previous_365_days_pm25_o3_or_12_complete_months_no2,death_or_deterioration_delist_cause_specific,46788,46788,84,5582,-0.37418841496615113,0.08284148874309148,-0.5365577329026104,-0.21181909702969182,0.6878472988933163,0.5847576840252469,0.809111054921005,6.274546228749558e-6,0.6572140016205008,age + sex + race + zcta_svi_proxy + strata(listing_center) + organ_score,model_based,stratified_baseline_hazard_by_listing_center
Initial-listing prior-year cause-specific Cox,Adjusted + SDOH + organ score at listing,Multipollutant PM2.5 + NO2 + O3,LU,Lung,raceMULTI,covariate,NA,previous_365_days_pm25_o3_or_12_complete_months_no2,death_or_deterioration_delist_cause_specific,46788,46788,84,5582,-0.7100551244985491,0.2611158612604413,-1.221842212569014,-0.19826803642808422,0.4916170965680839,0.294686790860535,0.8201499935991869,0.0065418151141491895,0.6572140016205008,age + sex + race + zcta_svi_proxy + strata(listing_center) + organ_score,model_based,stratified_baseline_hazard_by_listing_center
Initial-listing prior-year cause-specific Cox,Adjusted + SDOH + organ score at listing,Multipollutant PM2.5 + NO2 + O3,LU,Lung,raceMissing,covariate,NA,previous_365_days_pm25_o3_or_12_complete_months_no2,death_or_deterioration_delist_cause_specific,46788,46788,84,5582,-1.4968237199541976,0.7123874847613505,-2.8931031900864443,-0.10054424982195065,0.22384001076911467,0.055404016376474116,0.9043450944179724,0.0356289396205869,0.6572140016205008,age + sex + race + zcta_svi_proxy + strata(listing_center) + organ_score,model_based,stratified_baseline_hazard_by_listing_center
Initial-listing prior-year cause-specific Cox,Adjusted + SDOH + organ score at listing,Multipollutant PM2.5 + NO2 + O3,LU,Lung,raceNATIVE,covariate,NA,previous_365_days_pm25_o3_or_12_complete_months_no2,death_or_deterioration_delist_cause_specific,46788,46788,84,5582,-0.19554988927332914,0.21844903310604366,-0.6237099941611747,0.23261021561451642,0.822382314484667,0.5359523644469519,1.261889518623625,0.3706940945150463,0.6572140016205008,age + sex + race + zcta_svi_proxy + strata(listing_center) + organ_score,model_based,stratified_baseline_hazard_by_listing_center
Initial-listing prior-year cause-specific Cox,Adjusted + SDOH + organ score at listing,Multipollutant PM2.5 + NO2 + O3,LU,Lung,racePACIFIC,covariate,NA,previous_365_days_pm25_o3_or_12_complete_months_no2,death_or_deterioration_delist_cause_specific,46788,46788,84,5582,0.0502066618650382,0.4179104797170752,-0.7688978783804291,0.8693112021105055,1.0514883764724434,0.46352364633181314,2.38526732046199,0.904374337481243,0.6572140016205008,age + sex + race + zcta_svi_proxy + strata(listing_center) + organ_score,model_based,stratified_baseline_hazard_by_listing_center
Initial-listing prior-year cause-specific Cox,Adjusted + SDOH + organ score at listing,Multipollutant PM2.5 + NO2 + O3,LU,Lung,raceWHITE,covariate,NA,previous_365_days_pm25_o3_or_12_complete_months_no2,death_or_deterioration_delist_cause_specific,46788,46788,84,5582,-0.353101665733878,0.07258017805452152,-0.49535881472074017,-0.21084451674701585,0.7025057689820392,0.6093522235172623,0.8098999829760455,1.1446398740393877e-6,0.6572140016205008,age + sex + race + zcta_svi_proxy + strata(listing_center) + organ_score,model_based,stratified_baseline_hazard_by_listing_center
Initial-listing prior-year cause-specific Cox,Adjusted + SDOH + organ score at listing,Multipollutant PM2.5 + NO2 + O3,LU,Lung,zcta_svi_proxy,covariate,NA,previous_365_days_pm25_o3_or_12_complete_months_no2,death_or_deterioration_delist_cause_specific,46788,46788,84,5582,0.08930583124001451,0.08061479693325953,-0.06869917074917417,0.2473108332292032,1.0934150056635206,0.933607494280591,1.280577096835984,0.2679441320156603,0.6572140016205008,age + sex + race + zcta_svi_proxy + strata(listing_center) + organ_score,model_based,stratified_baseline_hazard_by_listing_center
Initial-listing prior-year cause-specific Cox,Adjusted + SDOH + organ score at listing,Multipollutant PM2.5 + NO2 + O3,LU,Lung,organ_score,organ_severity,NA,previous_365_days_pm25_o3_or_12_complete_months_no2,death_or_deterioration_delist_cause_specific,46788,46788,84,5582,0.421740775347494,0.014736839762027812,0.3928565694139195,0.4506249812810685,1.524613256112292,1.4812059238588402,1.5692926576054167,3.997326056160319e-180,0.6572140016205008,age + sex + race + zcta_svi_proxy + strata(listing_center) + organ_score,model_based,stratified_baseline_hazard_by_listing_center
