candidate_zip,broad_reason,n
96797,valid_2020_zcta_outside_conus_crop,297
96706,valid_2020_zcta_outside_conus_crop,240
96789,valid_2020_zcta_outside_conus_crop,218
96819,valid_2020_zcta_outside_conus_crop,210
96744,valid_2020_zcta_outside_conus_crop,199
96792,valid_2020_zcta_outside_conus_crop,185
96817,valid_2020_zcta_outside_conus_crop,183
96816,valid_2020_zcta_outside_conus_crop,173
00926,valid_2020_zcta_outside_conus_crop,171
00725,valid_2020_zcta_outside_conus_crop,162
96818,valid_2020_zcta_outside_conus_crop,158
96701,valid_2020_zcta_outside_conus_crop,156
96707,valid_2020_zcta_outside_conus_crop,148
96720,valid_2020_zcta_outside_conus_crop,138
96782,valid_2020_zcta_outside_conus_crop,137
00680,valid_2020_zcta_outside_conus_crop,125
99504,valid_2020_zcta_outside_conus_crop,124
96734,valid_2020_zcta_outside_conus_crop,123
00956,valid_2020_zcta_outside_conus_crop,121
00745,valid_2020_zcta_outside_conus_crop,120
00602,valid_2020_zcta_outside_conus_crop,118
00949,valid_2020_zcta_outside_conus_crop,109
96793,valid_2020_zcta_outside_conus_crop,108
00603,valid_2020_zcta_outside_conus_crop,103
99508,valid_2020_zcta_outside_conus_crop,103
96825,valid_2020_zcta_outside_conus_crop,102
00953,valid_2020_zcta_outside_conus_crop,101
96786,valid_2020_zcta_outside_conus_crop,101
96822,valid_2020_zcta_outside_conus_crop,101
00729,valid_2020_zcta_outside_conus_crop,99
00685,valid_2020_zcta_outside_conus_crop,98
00612,valid_2020_zcta_outside_conus_crop,95
99507,valid_2020_zcta_outside_conus_crop,94
00693,valid_2020_zcta_outside_conus_crop,90
00698,valid_2020_zcta_outside_conus_crop,87
00987,valid_2020_zcta_outside_conus_crop,87
00623,valid_2020_zcta_outside_conus_crop,85
00674,valid_2020_zcta_outside_conus_crop,85
00676,valid_2020_zcta_outside_conus_crop,84
00959,valid_2020_zcta_outside_conus_crop,84
00662,valid_2020_zcta_outside_conus_crop,83
96813,valid_2020_zcta_outside_conus_crop,81
00777,valid_2020_zcta_outside_conus_crop,80
96732,valid_2020_zcta_outside_conus_crop,80
96826,valid_2020_zcta_outside_conus_crop,80
00610,valid_2020_zcta_outside_conus_crop,79
00976,valid_2020_zcta_outside_conus_crop,79
96740,valid_2020_zcta_outside_conus_crop,78
00985,valid_2020_zcta_outside_conus_crop,77
00769,valid_2020_zcta_outside_conus_crop,75
00736,valid_2020_zcta_outside_conus_crop,73
00783,valid_2020_zcta_outside_conus_crop,73
00957,valid_2020_zcta_outside_conus_crop,73
96815,valid_2020_zcta_outside_conus_crop,73
00924,valid_2020_zcta_outside_conus_crop,72
00795,valid_2020_zcta_outside_conus_crop,70
99515,valid_2020_zcta_outside_conus_crop,70
00778,valid_2020_zcta_outside_conus_crop,69
00754,valid_2020_zcta_outside_conus_crop,67
00969,valid_2020_zcta_outside_conus_crop,66
99502,valid_2020_zcta_outside_conus_crop,66
00728,valid_2020_zcta_outside_conus_crop,65
00738,valid_2020_zcta_outside_conus_crop,65
99654,valid_2020_zcta_outside_conus_crop,65
00791,valid_2020_zcta_outside_conus_crop,63
96814,valid_2020_zcta_outside_conus_crop,63
99577,valid_2020_zcta_outside_conus_crop,62
00705,valid_2020_zcta_outside_conus_crop,61
00739,valid_2020_zcta_outside_conus_crop,61
00961,valid_2020_zcta_outside_conus_crop,61
01805,not_in_2020_zcta,61
00646,valid_2020_zcta_outside_conus_crop,58
00669,valid_2020_zcta_outside_conus_crop,58
00683,valid_2020_zcta_outside_conus_crop,58
00771,valid_2020_zcta_outside_conus_crop,58
99645,valid_2020_zcta_outside_conus_crop,57
00794,valid_2020_zcta_outside_conus_crop,56
96761,valid_2020_zcta_outside_conus_crop,56
00659,valid_2020_zcta_outside_conus_crop,55
00767,valid_2020_zcta_outside_conus_crop,55
00983,valid_2020_zcta_outside_conus_crop,55
96753,valid_2020_zcta_outside_conus_crop,55
00687,valid_2020_zcta_outside_conus_crop,54
00692,valid_2020_zcta_outside_conus_crop,54
00727,valid_2020_zcta_outside_conus_crop,53
00678,valid_2020_zcta_outside_conus_crop,52
00784,valid_2020_zcta_outside_conus_crop,52
00921,valid_2020_zcta_outside_conus_crop,52
00716,valid_2020_zcta_outside_conus_crop,51
00719,valid_2020_zcta_outside_conus_crop,51
00637,valid_2020_zcta_outside_conus_crop,49
99701,valid_2020_zcta_outside_conus_crop,48
00703,valid_2020_zcta_outside_conus_crop,47
96821,valid_2020_zcta_outside_conus_crop,47
85222,not_in_2020_zcta,46
99516,valid_2020_zcta_outside_conus_crop,46
99517,valid_2020_zcta_outside_conus_crop,46
00627,valid_2020_zcta_outside_conus_crop,45
00641,valid_2020_zcta_outside_conus_crop,44
00667,valid_2020_zcta_outside_conus_crop,44
00730,valid_2020_zcta_outside_conus_crop,44
00802,valid_2020_zcta_outside_conus_crop,43
00919,not_in_2020_zcta,43
85242,not_in_2020_zcta,43
00757,valid_2020_zcta_outside_conus_crop,40
78853,not_in_2020_zcta,40
96746,valid_2020_zcta_outside_conus_crop,40
96768,valid_2020_zcta_outside_conus_crop,40
00920,valid_2020_zcta_outside_conus_crop,39
96749,valid_2020_zcta_outside_conus_crop,39
99503,valid_2020_zcta_outside_conus_crop,39
00624,valid_2020_zcta_outside_conus_crop,38
96766,valid_2020_zcta_outside_conus_crop,38
00656,valid_2020_zcta_outside_conus_crop,37
00751,valid_2020_zcta_outside_conus_crop,37
00962,valid_2020_zcta_outside_conus_crop,37
00918,valid_2020_zcta_outside_conus_crop,36
99709,valid_2020_zcta_outside_conus_crop,36
00731,valid_2020_zcta_outside_conus_crop,35
99501,valid_2020_zcta_outside_conus_crop,35
00923,valid_2020_zcta_outside_conus_crop,34
00681,not_in_2020_zcta,33
00917,valid_2020_zcta_outside_conus_crop,33
00766,valid_2020_zcta_outside_conus_crop,32
00638,valid_2020_zcta_outside_conus_crop,31
00660,valid_2020_zcta_outside_conus_crop,31
00682,valid_2020_zcta_outside_conus_crop,31
00726,not_in_2020_zcta,31
85239,not_in_2020_zcta,31
99801,valid_2020_zcta_outside_conus_crop,31
00009,not_in_2020_zcta,30
00617,valid_2020_zcta_outside_conus_crop,30
00677,valid_2020_zcta_outside_conus_crop,30
00717,valid_2020_zcta_outside_conus_crop,30
00773,valid_2020_zcta_outside_conus_crop,30
00780,valid_2020_zcta_outside_conus_crop,30
94143,not_in_2020_zcta,30
99705,valid_2020_zcta_outside_conus_crop,30
00720,valid_2020_zcta_outside_conus_crop,29
00936,not_in_2020_zcta,29
00970,not_in_2020_zcta,29
99687,not_in_2020_zcta,29
00801,not_in_2020_zcta,28
00960,valid_2020_zcta_outside_conus_crop,28
96743,valid_2020_zcta_outside_conus_crop,28
99611,valid_2020_zcta_outside_conus_crop,28
96708,valid_2020_zcta_outside_conus_crop,27
99669,valid_2020_zcta_outside_conus_crop,27
00688,valid_2020_zcta_outside_conus_crop,26
00737,not_in_2020_zcta,26
00966,valid_2020_zcta_outside_conus_crop,26
00971,valid_2020_zcta_outside_conus_crop,26
85219,not_in_2020_zcta,26
85220,not_in_2020_zcta,26
92329,not_in_2020_zcta,26
00982,valid_2020_zcta_outside_conus_crop,25
00979,valid_2020_zcta_outside_conus_crop,24
96748,valid_2020_zcta_outside_conus_crop,24
99615,valid_2020_zcta_outside_conus_crop,24
00718,valid_2020_zcta_outside_conus_crop,23
00735,valid_2020_zcta_outside_conus_crop,23
00803,not_in_2020_zcta,23
00851,valid_2020_zcta_outside_conus_crop,23
00915,valid_2020_zcta_outside_conus_crop,23
92878,not_in_2020_zcta,23
95927,not_in_2020_zcta,23
96151,not_in_2020_zcta,23
96778,valid_2020_zcta_outside_conus_crop,23
99518,valid_2020_zcta_outside_conus_crop,23
00605,not_in_2020_zcta,22
00707,valid_2020_zcta_outside_conus_crop,22
00723,valid_2020_zcta_outside_conus_crop,22
00951,valid_2020_zcta_outside_conus_crop,22
96795,valid_2020_zcta_outside_conus_crop,22
00927,valid_2020_zcta_outside_conus_crop,21
96762,valid_2020_zcta_outside_conus_crop,21
00616,valid_2020_zcta_outside_conus_crop,20
00664,valid_2020_zcta_outside_conus_crop,20
96738,valid_2020_zcta_outside_conus_crop,20
00650,valid_2020_zcta_outside_conus_crop,19
00694,valid_2020_zcta_outside_conus_crop,19
00952,valid_2020_zcta_outside_conus_crop,19
07101,not_in_2020_zcta,19
92334,not_in_2020_zcta,19
96712,valid_2020_zcta_outside_conus_crop,19
99567,valid_2020_zcta_outside_conus_crop,19
00613,not_in_2020_zcta,18
00841,not_in_2020_zcta,18
00907,valid_2020_zcta_outside_conus_crop,18
85247,not_in_2020_zcta,18
96750,valid_2020_zcta_outside_conus_crop,18
99901,valid_2020_zcta_outside_conus_crop,18
00601,valid_2020_zcta_outside_conus_crop,17
00772,valid_2020_zcta_outside_conus_crop,17
14902,not_in_2020_zcta,17
77399,not_in_2020_zcta,17
85130,not_in_2020_zcta,17
93912,not_in_2020_zcta,17
99712,valid_2020_zcta_outside_conus_crop,17
00785,not_in_2020_zcta,16
00950,valid_2020_zcta_outside_conus_crop,16
00986,not_in_2020_zcta,16
27702,not_in_2020_zcta,16
78502,not_in_2020_zcta,16
85243,not_in_2020_zcta,16
95473,not_in_2020_zcta,16
96779,valid_2020_zcta_outside_conus_crop,16
96791,valid_2020_zcta_outside_conus_crop,16
99603,valid_2020_zcta_outside_conus_crop,16
99707,valid_2020_zcta_outside_conus_crop,16
99708,not_in_2020_zcta,16
00622,valid_2020_zcta_outside_conus_crop,15
00653,valid_2020_zcta_outside_conus_crop,15
00714,valid_2020_zcta_outside_conus_crop,15
00782,valid_2020_zcta_outside_conus_crop,15
00928,not_in_2020_zcta,15
00977,not_in_2020_zcta,15
77903,not_in_2020_zcta,15
92202,not_in_2020_zcta,15
93456,not_in_2020_zcta,15
96158,not_in_2020_zcta,15
98093,not_in_2020_zcta,15
00732,not_in_2020_zcta,14
00733,not_in_2020_zcta,14
00792,not_in_2020_zcta,14
00929,not_in_2020_zcta,14
00984,not_in_2020_zcta,14
36536,not_in_2020_zcta,14
74465,not_in_2020_zcta,14
78333,not_in_2020_zcta,14
78381,not_in_2020_zcta,14
00690,valid_2020_zcta_outside_conus_crop,13
00840,valid_2020_zcta_outside_conus_crop,13
20773,not_in_2020_zcta,13
30015,not_in_2020_zcta,13
39505,not_in_2020_zcta,13
95021,not_in_2020_zcta,13
95036,not_in_2020_zcta,13
96704,valid_2020_zcta_outside_conus_crop,13
99664,valid_2020_zcta_outside_conus_crop,13
99835,valid_2020_zcta_outside_conus_crop,13
00804,not_in_2020_zcta,12
00978,not_in_2020_zcta,12
29802,not_in_2020_zcta,12
41702,not_in_2020_zcta,12
75663,not_in_2020_zcta,12
77305,not_in_2020_zcta,12
77522,not_in_2020_zcta,12
85238,not_in_2020_zcta,12
87199,not_in_2020_zcta,12
92244,not_in_2020_zcta,12
96717,valid_2020_zcta_outside_conus_crop,12
96745,not_in_2020_zcta,12
96756,valid_2020_zcta_outside_conus_crop,12
96763,valid_2020_zcta_outside_conus_crop,12
00670,valid_2020_zcta_outside_conus_crop,11
00741,valid_2020_zcta_outside_conus_crop,11
00765,valid_2020_zcta_outside_conus_crop,11
00820,valid_2020_zcta_outside_conus_crop,11
00823,not_in_2020_zcta,11
27204,not_in_2020_zcta,11
29716,not_in_2020_zcta,11
30514,not_in_2020_zcta,11
36533,not_in_2020_zcta,11
40702,not_in_2020_zcta,11
45408,not_in_2020_zcta,11
45418,not_in_2020_zcta,11
45427,not_in_2020_zcta,11
77404,not_in_2020_zcta,11
78364,not_in_2020_zcta,11
79550,not_in_2020_zcta,11
80477,not_in_2020_zcta,11
82717,not_in_2020_zcta,11
87533,not_in_2020_zcta,11
88241,not_in_2020_zcta,11
96727,valid_2020_zcta_outside_conus_crop,11
96754,valid_2020_zcta_outside_conus_crop,11
96755,valid_2020_zcta_outside_conus_crop,11
96771,valid_2020_zcta_outside_conus_crop,11
96790,valid_2020_zcta_outside_conus_crop,11
96950,valid_2020_zcta_outside_conus_crop,11
98509,not_in_2020_zcta,11
99652,valid_2020_zcta_outside_conus_crop,11
99723,valid_2020_zcta_outside_conus_crop,11
00606,valid_2020_zcta_outside_conus_crop,10
00831,not_in_2020_zcta,10
10551,not_in_2020_zcta,10
11969,not_in_2020_zcta,10
18352,not_in_2020_zcta,10
23090,not_in_2020_zcta,10
30166,not_in_2020_zcta,10
32135,not_in_2020_zcta,10
32353,not_in_2020_zcta,10
32524,not_in_2020_zcta,10
34478,not_in_2020_zcta,10
39506,not_in_2020_zcta,10
46411,not_in_2020_zcta,10
60507,not_in_2020_zcta,10
66201,not_in_2020_zcta,10
70434,not_in_2020_zcta,10
74067,not_in_2020_zcta,10
75168,not_in_2020_zcta,10
77245,not_in_2020_zcta,10
77552,not_in_2020_zcta,10
77834,not_in_2020_zcta,10
85218,not_in_2020_zcta,10
85232,not_in_2020_zcta,10
87502,not_in_2020_zcta,10
88202,not_in_2020_zcta,10
92263,not_in_2020_zcta,10
92517,not_in_2020_zcta,10
93423,not_in_2020_zcta,10
94017,not_in_2020_zcta,10
95001,not_in_2020_zcta,10
95269,not_in_2020_zcta,10
95502,not_in_2020_zcta,10
96752,valid_2020_zcta_outside_conus_crop,10
96929,valid_2020_zcta_outside_conus_crop,10
96932,not_in_2020_zcta,10
00652,valid_2020_zcta_outside_conus_crop,9
00679,not_in_2020_zcta,9
00704,valid_2020_zcta_outside_conus_crop,9
00715,valid_2020_zcta_outside_conus_crop,9
01601,not_in_2020_zcta,9
18105,not_in_2020_zcta,9
20307,not_in_2020_zcta,9
29151,not_in_2020_zcta,9
31776,not_in_2020_zcta,9
32056,not_in_2020_zcta,9
32614,not_in_2020_zcta,9
33526,not_in_2020_zcta,9
41502,not_in_2020_zcta,9
44195,not_in_2020_zcta,9
56619,not_in_2020_zcta,9
57709,not_in_2020_zcta,9
58502,not_in_2020_zcta,9
70361,not_in_2020_zcta,9
70404,not_in_2020_zcta,9
72018,not_in_2020_zcta,9
75185,not_in_2020_zcta,9
76124,not_in_2020_zcta,9
78467,not_in_2020_zcta,9
79708,not_in_2020_zcta,9
82003,not_in_2020_zcta,9
85211,not_in_2020_zcta,9
85228,not_in_2020_zcta,9
85244,not_in_2020_zcta,9
85269,not_in_2020_zcta,9
85358,not_in_2020_zcta,9
85502,not_in_2020_zcta,9
86405,not_in_2020_zcta,9
87174,not_in_2020_zcta,9
92552,not_in_2020_zcta,9
93011,not_in_2020_zcta,9
93216,not_in_2020_zcta,9
93483,not_in_2020_zcta,9
95067,not_in_2020_zcta,9
95424,not_in_2020_zcta,9
95696,not_in_2020_zcta,9
96731,valid_2020_zcta_outside_conus_crop,9
96733,not_in_2020_zcta,9
96765,valid_2020_zcta_outside_conus_crop,9
96820,valid_2020_zcta_outside_conus_crop,9
97708,not_in_2020_zcta,9
98205,not_in_2020_zcta,9
99623,valid_2020_zcta_outside_conus_crop,9
99672,valid_2020_zcta_outside_conus_crop,9
00821,not_in_2020_zcta,8
00902,not_in_2020_zcta,8
00911,valid_2020_zcta_outside_conus_crop,8
01853,not_in_2020_zcta,8
19899,not_in_2020_zcta,8
22555,not_in_2020_zcta,8
22906,not_in_2020_zcta,8
27331,not_in_2020_zcta,8
28353,not_in_2020_zcta,8
28680,not_in_2020_zcta,8
29202,not_in_2020_zcta,8
30919,not_in_2020_zcta,8
31040,not_in_2020_zcta,8
31598,not_in_2020_zcta,8
33975,not_in_2020_zcta,8
34143,not_in_2020_zcta,8
36461,not_in_2020_zcta,8
36504,not_in_2020_zcta,8
59604,not_in_2020_zcta,8
67905,not_in_2020_zcta,8
72303,not_in_2020_zcta,8
75091,not_in_2020_zcta,8
75403,not_in_2020_zcta,8
75606,not_in_2020_zcta,8
75608,not_in_2020_zcta,8
77805,not_in_2020_zcta,8
78523,not_in_2020_zcta,8
78667,not_in_2020_zcta,8
80044,not_in_2020_zcta,8
83002,not_in_2020_zcta,8
83877,not_in_2020_zcta,8
85066,not_in_2020_zcta,8
85221,not_in_2020_zcta,8
85252,not_in_2020_zcta,8
85312,not_in_2020_zcta,8
85359,not_in_2020_zcta,8
85732,not_in_2020_zcta,8
90801,not_in_2020_zcta,8
92150,not_in_2020_zcta,8
92235,not_in_2020_zcta,8
93447,not_in_2020_zcta,8
93613,not_in_2020_zcta,8
94581,not_in_2020_zcta,8
95024,not_in_2020_zcta,8
95077,not_in_2020_zcta,8
95402,not_in_2020_zcta,8
96716,valid_2020_zcta_outside_conus_crop,8
96741,valid_2020_zcta_outside_conus_crop,8
96781,valid_2020_zcta_outside_conus_crop,8
97309,not_in_2020_zcta,8
99610,valid_2020_zcta_outside_conus_crop,8
99686,valid_2020_zcta_outside_conus_crop,8
99710,not_in_2020_zcta,8
00614,not_in_2020_zcta,7
00647,valid_2020_zcta_outside_conus_crop,7
00908,not_in_2020_zcta,7
00912,valid_2020_zcta_outside_conus_crop,7
00922,not_in_2020_zcta,7
00965,valid_2020_zcta_outside_conus_crop,7
00988,not_in_2020_zcta,7
02358,not_in_2020_zcta,7
12551,not_in_2020_zcta,7
20118,not_in_2020_zcta,7
21203,not_in_2020_zcta,7
22404,not_in_2020_zcta,7
24115,not_in_2020_zcta,7
27402,not_in_2020_zcta,7
27710,not_in_2020_zcta,7
28145,not_in_2020_zcta,7
28561,not_in_2020_zcta,7
29465,not_in_2020_zcta,7
29504,not_in_2020_zcta,7
30237,not_in_2020_zcta,7
30916,not_in_2020_zcta,7
31208,not_in_2020_zcta,7
32704,not_in_2020_zcta,7
33082,not_in_2020_zcta,7
33482,not_in_2020_zcta,7
33733,not_in_2020_zcta,7
33862,not_in_2020_zcta,7
33970,not_in_2020_zcta,7
34421,not_in_2020_zcta,7
35161,not_in_2020_zcta,7
36331,not_in_2020_zcta,7
36702,not_in_2020_zcta,7
37422,not_in_2020_zcta,7
39649,not_in_2020_zcta,7
42241,not_in_2020_zcta,7
43602,not_in_2020_zcta,7
52733,not_in_2020_zcta,7
59903,not_in_2020_zcta,7
59904,not_in_2020_zcta,7
60680,not_in_2020_zcta,7
60690,not_in_2020_zcta,7
61826,not_in_2020_zcta,7
70571,not_in_2020_zcta,7
70664,not_in_2020_zcta,7
72203,not_in_2020_zcta,7
72336,not_in_2020_zcta,7
72525,not_in_2020_zcta,7
73154,not_in_2020_zcta,7
74502,not_in_2020_zcta,7
75106,not_in_2020_zcta,7
75915,not_in_2020_zcta,7
75963,not_in_2020_zcta,7
76503,not_in_2020_zcta,7
77353,not_in_2020_zcta,7
77387,not_in_2020_zcta,7
77402,not_in_2020_zcta,7
77806,not_in_2020_zcta,7
77902,not_in_2020_zcta,7
78403,not_in_2020_zcta,7
79760,not_in_2020_zcta,7
83303,not_in_2020_zcta,7
85230,not_in_2020_zcta,7
85273,not_in_2020_zcta,7
85728,not_in_2020_zcta,7
85752,not_in_2020_zcta,7
88102,not_in_2020_zcta,7
89024,not_in_2020_zcta,7
89133,not_in_2020_zcta,7
89432,not_in_2020_zcta,7
91109,not_in_2020_zcta,7
91729,not_in_2020_zcta,7
91912,not_in_2020_zcta,7
92013,not_in_2020_zcta,7
92023,not_in_2020_zcta,7
92138,not_in_2020_zcta,7
92143,not_in_2020_zcta,7
92248,not_in_2020_zcta,7
92393,not_in_2020_zcta,7
92564,not_in_2020_zcta,7
93062,not_in_2020_zcta,7
93232,not_in_2020_zcta,7
93590,not_in_2020_zcta,7
94142,not_in_2020_zcta,7
94522,not_in_2020_zcta,7
94604,not_in_2020_zcta,7
95173,not_in_2020_zcta,7
95353,not_in_2020_zcta,7
95416,not_in_2020_zcta,7
96713,valid_2020_zcta_outside_conus_crop,7
96722,valid_2020_zcta_outside_conus_crop,7
96725,valid_2020_zcta_outside_conus_crop,7
96760,valid_2020_zcta_outside_conus_crop,7
96785,valid_2020_zcta_outside_conus_crop,7
98063,not_in_2020_zcta,7
98213,not_in_2020_zcta,7
98507,not_in_2020_zcta,7
99302,not_in_2020_zcta,7
99556,valid_2020_zcta_outside_conus_crop,7
99574,valid_2020_zcta_outside_conus_crop,7
99803,not_in_2020_zcta,7
00925,valid_2020_zcta_outside_conus_crop,6
00931,not_in_2020_zcta,6
01842,not_in_2020_zcta,6
02345,not_in_2020_zcta,6
03302,not_in_2020_zcta,6
03821,not_in_2020_zcta,6
07019,not_in_2020_zcta,6
07303,not_in_2020_zcta,6
07510,not_in_2020_zcta,6
08404,not_in_2020_zcta,6
08601,not_in_2020_zcta,6
14692,not_in_2020_zcta,6
15127,not_in_2020_zcta,6
18813,not_in_2020_zcta,6
18916,not_in_2020_zcta,6
20604,not_in_2020_zcta,6
20916,not_in_2020_zcta,6
24627,not_in_2020_zcta,6
25802,not_in_2020_zcta,6
27598,not_in_2020_zcta,6
27802,not_in_2020_zcta,6
28002,not_in_2020_zcta,6
28329,not_in_2020_zcta,6
28603,not_in_2020_zcta,6
28816,not_in_2020_zcta,6
29423,not_in_2020_zcta,6
29457,not_in_2020_zcta,6
29622,not_in_2020_zcta,6
29641,not_in_2020_zcta,6
29925,not_in_2020_zcta,6
30123,not_in_2020_zcta,6
31310,not_in_2020_zcta,6
31515,not_in_2020_zcta,6
31534,not_in_2020_zcta,6
32035,not_in_2020_zcta,6
32183,not_in_2020_zcta,6
32549,not_in_2020_zcta,6
32644,not_in_2020_zcta,6
32795,not_in_2020_zcta,6
32861,not_in_2020_zcta,6
33475,not_in_2020_zcta,6
33826,not_in_2020_zcta,6
34712,not_in_2020_zcta,6
34742,not_in_2020_zcta,6
35000,not_in_2020_zcta,6
35261,not_in_2020_zcta,6
36302,not_in_2020_zcta,6
37320,not_in_2020_zcta,6
37802,not_in_2020_zcta,6
38187,not_in_2020_zcta,6
38402,not_in_2020_zcta,6
38902,not_in_2020_zcta,6
39404,not_in_2020_zcta,6
42002,not_in_2020_zcta,6
42419,not_in_2020_zcta,6
45407,not_in_2020_zcta,6
48037,not_in_2020_zcta,6
49501,not_in_2020_zcta,6
52244,not_in_2020_zcta,6
59107,not_in_2020_zcta,6
60121,not_in_2020_zcta,6
70004,not_in_2020_zcta,6
70044,not_in_2020_zcta,6
70182,not_in_2020_zcta,6
70302,not_in_2020_zcta,6
70459,not_in_2020_zcta,6
70612,not_in_2020_zcta,6
70821,not_in_2020_zcta,6
70884,not_in_2020_zcta,6
70896,not_in_2020_zcta,6
71284,not_in_2020_zcta,6
71613,not_in_2020_zcta,6
72766,not_in_2020_zcta,6
72957,not_in_2020_zcta,6
73083,not_in_2020_zcta,6
73136,not_in_2020_zcta,6
73156,not_in_2020_zcta,6
75011,not_in_2020_zcta,6
75015,not_in_2020_zcta,6
75049,not_in_2020_zcta,6
75083,not_in_2020_zcta,6
75222,not_in_2020_zcta,6
75713,not_in_2020_zcta,6
76096,not_in_2020_zcta,6
76098,not_in_2020_zcta,6
76136,not_in_2020_zcta,6
77267,not_in_2020_zcta,6
77271,not_in_2020_zcta,6
77491,not_in_2020_zcta,6
77574,not_in_2020_zcta,6
77641,not_in_2020_zcta,6
77726,not_in_2020_zcta,6
79105,not_in_2020_zcta,6
79493,not_in_2020_zcta,6
79712,not_in_2020_zcta,6
80040,not_in_2020_zcta,6
80046,not_in_2020_zcta,6
80306,not_in_2020_zcta,6
80308,not_in_2020_zcta,6
81502,not_in_2020_zcta,6
82931,not_in_2020_zcta,6
85046,not_in_2020_zcta,6
85231,not_in_2020_zcta,6
85274,not_in_2020_zcta,6
85285,not_in_2020_zcta,6
85299,not_in_2020_zcta,6
85327,not_in_2020_zcta,6
85547,not_in_2020_zcta,6
85628,not_in_2020_zcta,6
85652,not_in_2020_zcta,6
85754,not_in_2020_zcta,6
86312,not_in_2020_zcta,6
87125,not_in_2020_zcta,6
87193,not_in_2020_zcta,6
87197,not_in_2020_zcta,6
88062,not_in_2020_zcta,6
89702,not_in_2020_zcta,6
91041,not_in_2020_zcta,6
91785,not_in_2020_zcta,6
92088,not_in_2020_zcta,6
92174,not_in_2020_zcta,6
92312,not_in_2020_zcta,6
92423,not_in_2020_zcta,6
92589,not_in_2020_zcta,6
92863,not_in_2020_zcta,6
93061,not_in_2020_zcta,6
93386,not_in_2020_zcta,6
93448,not_in_2020_zcta,6
93515,not_in_2020_zcta,6
93539,not_in_2020_zcta,6
93729,not_in_2020_zcta,6
95156,not_in_2020_zcta,6
95159,not_in_2020_zcta,6
95381,not_in_2020_zcta,6
95418,not_in_2020_zcta,6
95518,not_in_2020_zcta,6
95617,not_in_2020_zcta,6
96160,not_in_2020_zcta,6
96788,not_in_2020_zcta,6
96931,not_in_2020_zcta,6
98206,not_in_2020_zcta,6
98291,not_in_2020_zcta,6
98807,not_in_2020_zcta,6
99521,not_in_2020_zcta,6
99523,not_in_2020_zcta,6
99688,valid_2020_zcta_outside_conus_crop,6
99706,valid_2020_zcta_outside_conus_crop,6
99833,valid_2020_zcta_outside_conus_crop,6
00001,not_in_2020_zcta,5
00604,not_in_2020_zcta,5
00740,valid_2020_zcta_outside_conus_crop,5
00744,not_in_2020_zcta,5
00958,not_in_2020_zcta,5
00963,not_in_2020_zcta,5
02303,not_in_2020_zcta,5
02541,not_in_2020_zcta,5
02651,not_in_2020_zcta,5
02722,not_in_2020_zcta,5
04332,not_in_2020_zcta,5
05740,not_in_2020_zcta,5
05849,not_in_2020_zcta,5
06430,not_in_2020_zcta,5
07051,not_in_2020_zcta,5
07509,not_in_2020_zcta,5
08101,not_in_2020_zcta,5
08213,not_in_2020_zcta,5
08252,not_in_2020_zcta,5
08754,not_in_2020_zcta,5
10587,not_in_2020_zcta,5
10949,not_in_2020_zcta,5
11202,not_in_2020_zcta,5
11227,not_in_2020_zcta,5
11431,not_in_2020_zcta,5
12402,not_in_2020_zcta,5
12568,not_in_2020_zcta,5
14205,not_in_2020_zcta,5
17105,not_in_2020_zcta,5
19404,not_in_2020_zcta,5
19421,not_in_2020_zcta,5
19969,not_in_2020_zcta,5
21802,not_in_2020_zcta,5
22313,not_in_2020_zcta,5
22320,not_in_2020_zcta,5
23466,not_in_2020_zcta,5
26531,not_in_2020_zcta,5
27261,not_in_2020_zcta,5
27620,not_in_2020_zcta,5
27629,not_in_2020_zcta,5
27715,not_in_2020_zcta,5
28106,not_in_2020_zcta,5
28111,not_in_2020_zcta,5
28302,not_in_2020_zcta,5
28459,not_in_2020_zcta,5
28744,not_in_2020_zcta,5
29071,not_in_2020_zcta,5
29230,not_in_2020_zcta,5
29304,not_in_2020_zcta,5
29502,not_in_2020_zcta,5
29602,not_in_2020_zcta,5
29822,not_in_2020_zcta,5
29901,not_in_2020_zcta,5
29938,not_in_2020_zcta,5
30006,not_in_2020_zcta,5
30112,not_in_2020_zcta,5
30302,not_in_2020_zcta,5
30321,not_in_2020_zcta,5
30459,not_in_2020_zcta,5
30503,not_in_2020_zcta,5
30608,not_in_2020_zcta,5
31059,not_in_2020_zcta,5
31139,not_in_2020_zcta,5
31209,not_in_2020_zcta,5
31414,not_in_2020_zcta,5
31702,not_in_2020_zcta,5
31706,not_in_2020_zcta,5
31799,not_in_2020_zcta,5
32004,not_in_2020_zcta,5
32041,not_in_2020_zcta,5
32085,not_in_2020_zcta,5
32158,not_in_2020_zcta,5
32457,not_in_2020_zcta,5
32513,not_in_2020_zcta,5
33539,not_in_2020_zcta,5
33564,not_in_2020_zcta,5
33568,not_in_2020_zcta,5
33684,not_in_2020_zcta,5
33687,not_in_2020_zcta,5
33906,not_in_2020_zcta,5
34133,not_in_2020_zcta,5
34146,not_in_2020_zcta,5
34290,not_in_2020_zcta,5
34973,not_in_2020_zcta,5
34988,not_in_2020_zcta,5
35056,not_in_2020_zcta,5
35502,not_in_2020_zcta,5
35612,not_in_2020_zcta,5
36427,not_in_2020_zcta,5
36458,not_in_2020_zcta,5
36616,not_in_2020_zcta,5
36803,not_in_2020_zcta,5
37133,not_in_2020_zcta,5
38803,not_in_2020_zcta,5
39043,not_in_2020_zcta,5
40253,not_in_2020_zcta,5
40317,not_in_2020_zcta,5
40522,not_in_2020_zcta,5
44701,not_in_2020_zcta,5
48106,not_in_2020_zcta,5
48501,not_in_2020_zcta,5
52808,not_in_2020_zcta,5
59806,not_in_2020_zcta,5
60627,not_in_2020_zcta,5
61601,not_in_2020_zcta,5
64864,not_in_2020_zcta,5
66113,not_in_2020_zcta,5
69103,not_in_2020_zcta,5
70059,not_in_2020_zcta,5
70063,not_in_2020_zcta,5
70175,not_in_2020_zcta,5
70187,not_in_2020_zcta,5
70727,not_in_2020_zcta,5
71273,not_in_2020_zcta,5
71307,not_in_2020_zcta,5
71802,not_in_2020_zcta,5
72033,not_in_2020_zcta,5
72078,not_in_2020_zcta,5
72702,not_in_2020_zcta,5
73153,not_in_2020_zcta,5
74147,not_in_2020_zcta,5
74702,not_in_2020_zcta,5
75151,not_in_2020_zcta,5
75456,not_in_2020_zcta,5
75505,not_in_2020_zcta,5
76121,not_in_2020_zcta,5
76162,not_in_2020_zcta,5
76804,not_in_2020_zcta,5
77347,not_in_2020_zcta,5
77592,not_in_2020_zcta,5
77626,not_in_2020_zcta,5
77670,not_in_2020_zcta,5
78505,not_in_2020_zcta,5
78551,not_in_2020_zcta,5
78630,not_in_2020_zcta,5
79702,not_in_2020_zcta,5
79831,not_in_2020_zcta,5
79913,not_in_2020_zcta,5
80047,not_in_2020_zcta,5
80539,not_in_2020_zcta,5
80901,not_in_2020_zcta,5
81215,not_in_2020_zcta,5
81658,not_in_2020_zcta,5
84771,not_in_2020_zcta,5
85005,not_in_2020_zcta,5
85240,not_in_2020_zcta,5
85261,not_in_2020_zcta,5
85318,not_in_2020_zcta,5
85636,not_in_2020_zcta,5
85702,not_in_2020_zcta,5
85731,not_in_2020_zcta,5
86430,not_in_2020_zcta,5
87176,not_in_2020_zcta,5
88211,not_in_2020_zcta,5
89126,not_in_2020_zcta,5
90748,not_in_2020_zcta,5
91359,not_in_2020_zcta,5
92030,not_in_2020_zcta,5
92051,not_in_2020_zcta,5
92085,not_in_2020_zcta,5
92340,not_in_2020_zcta,5
92402,not_in_2020_zcta,5
92413,not_in_2020_zcta,5
92572,not_in_2020_zcta,5
92728,not_in_2020_zcta,5
92781,not_in_2020_zcta,5
92812,not_in_2020_zcta,5
92837,not_in_2020_zcta,5
93032,not_in_2020_zcta,5
93044,not_in_2020_zcta,5
93279,not_in_2020_zcta,5
93290,not_in_2020_zcta,5
93443,not_in_2020_zcta,5
93475,not_in_2020_zcta,5
93556,not_in_2020_zcta,5
93902,not_in_2020_zcta,5
94975,not_in_2020_zcta,5
95061,not_in_2020_zcta,5
95213,not_in_2020_zcta,5
95267,not_in_2020_zcta,5
95609,not_in_2020_zcta,5
95992,not_in_2020_zcta,5
96162,not_in_2020_zcta,5
96796,valid_2020_zcta_outside_conus_crop,5
96823,not_in_2020_zcta,5
96921,not_in_2020_zcta,5
98071,not_in_2020_zcta,5
98082,not_in_2020_zcta,5
98411,not_in_2020_zcta,5
98496,not_in_2020_zcta,5
98668,not_in_2020_zcta,5
99209,not_in_2020_zcta,5
99520,not_in_2020_zcta,5
99524,not_in_2020_zcta,5
99559,valid_2020_zcta_outside_conus_crop,5
00243,not_in_2020_zcta,4
00824,not_in_2020_zcta,4
00850,valid_2020_zcta_outside_conus_crop,4
00901,valid_2020_zcta_outside_conus_crop,4
00910,not_in_2020_zcta,4
00914,not_in_2020_zcta,4
00954,not_in_2020_zcta,4
00968,valid_2020_zcta_outside_conus_crop,4
01086,not_in_2020_zcta,4
01101,not_in_2020_zcta,4
01202,not_in_2020_zcta,4
01508,not_in_2020_zcta,4
01613,not_in_2020_zcta,4
01655,not_in_2020_zcta,4
01888,not_in_2020_zcta,4
02020,not_in_2020_zcta,4
02112,not_in_2020_zcta,4
02355,not_in_2020_zcta,4
02454,not_in_2020_zcta,4
03756,not_in_2020_zcta,4
03843,not_in_2020_zcta,4
03896,not_in_2020_zcta,4
04054,not_in_2020_zcta,4
05049,not_in_2020_zcta,4
05702,not_in_2020_zcta,4
06520,not_in_2020_zcta,4
07015,not_in_2020_zcta,4
08018,not_in_2020_zcta,4
08214,not_in_2020_zcta,4
10000,not_in_2020_zcta,4
10602,not_in_2020_zcta,4
10702,not_in_2020_zcta,4
11571,not_in_2020_zcta,4
15230,not_in_2020_zcta,4
17567,not_in_2020_zcta,4
18320,not_in_2020_zcta,4
19603,not_in_2020_zcta,4
19903,not_in_2020_zcta,4
20090,not_in_2020_zcta,4
20167,not_in_2020_zcta,4
20791,not_in_2020_zcta,4
21707,not_in_2020_zcta,4
22110,not_in_2020_zcta,4
22195,not_in_2020_zcta,4
22565,not_in_2020_zcta,4
22748,not_in_2020_zcta,4
23501,not_in_2020_zcta,4
23542,not_in_2020_zcta,4
25402,not_in_2020_zcta,4
27102,not_in_2020_zcta,4
27416,not_in_2020_zcta,4
27656,not_in_2020_zcta,4
27717,not_in_2020_zcta,4
27868,not_in_2020_zcta,4
27894,not_in_2020_zcta,4
28256,not_in_2020_zcta,4
28370,not_in_2020_zcta,4
28402,not_in_2020_zcta,4
28728,not_in_2020_zcta,4
28793,not_in_2020_zcta,4
29116,not_in_2020_zcta,4
29211,not_in_2020_zcta,4
29221,not_in_2020_zcta,4
29305,not_in_2020_zcta,4
29413,not_in_2020_zcta,4
29422,not_in_2020_zcta,4
29484,not_in_2020_zcta,4
29528,not_in_2020_zcta,4
29587,not_in_2020_zcta,4
29606,not_in_2020_zcta,4
29679,not_in_2020_zcta,4
29895,not_in_2020_zcta,4
29903,not_in_2020_zcta,4
30000,not_in_2020_zcta,4
30037,not_in_2020_zcta,4
30061,not_in_2020_zcta,4
30074,not_in_2020_zcta,4
30085,not_in_2020_zcta,4
30719,not_in_2020_zcta,4
30903,not_in_2020_zcta,4
31099,not_in_2020_zcta,4
31416,not_in_2020_zcta,4
31418,not_in_2020_zcta,4
31502,not_in_2020_zcta,4
31603,not_in_2020_zcta,4
31604,not_in_2020_zcta,4
31708,not_in_2020_zcta,4
31902,not_in_2020_zcta,4
32178,not_in_2020_zcta,4
32447,not_in_2020_zcta,4
32633,not_in_2020_zcta,4
32655,not_in_2020_zcta,4
32772,not_in_2020_zcta,4
32957,not_in_2020_zcta,4
32961,not_in_2020_zcta,4
33081,not_in_2020_zcta,4
33084,not_in_2020_zcta,4
33247,not_in_2020_zcta,4
33345,not_in_2020_zcta,4
33416,not_in_2020_zcta,4
33675,not_in_2020_zcta,4
33680,not_in_2020_zcta,4
33682,not_in_2020_zcta,4
33685,not_in_2020_zcta,4
33802,not_in_2020_zcta,4
33804,not_in_2020_zcta,4
33846,not_in_2020_zcta,4
33902,not_in_2020_zcta,4
34713,not_in_2020_zcta,4
34749,not_in_2020_zcta,4
34954,not_in_2020_zcta,4
35201,not_in_2020_zcta,4
35202,not_in_2020_zcta,4
35403,not_in_2020_zcta,4
35631,not_in_2020_zcta,4
35902,not_in_2020_zcta,4
36068,not_in_2020_zcta,4
36072,not_in_2020_zcta,4
36123,not_in_2020_zcta,4
36601,not_in_2020_zcta,4
36831,not_in_2020_zcta,4
37371,not_in_2020_zcta,4
37602,not_in_2020_zcta,4
37744,not_in_2020_zcta,4
37824,not_in_2020_zcta,4
37864,not_in_2020_zcta,4
37927,not_in_2020_zcta,4
38101,not_in_2020_zcta,4
38130,not_in_2020_zcta,4
38174,not_in_2020_zcta,4
38181,not_in_2020_zcta,4
38186,not_in_2020_zcta,4
38634,not_in_2020_zcta,4
38679,not_in_2020_zcta,4
38835,not_in_2020_zcta,4
39060,not_in_2020_zcta,4
39121,not_in_2020_zcta,4
39182,not_in_2020_zcta,4
39207,not_in_2020_zcta,4
39441,not_in_2020_zcta,4
39533,not_in_2020_zcta,4
40201,not_in_2020_zcta,4
40476,not_in_2020_zcta,4
40555,not_in_2020_zcta,4
40743,not_in_2020_zcta,4
43058,not_in_2020_zcta,4
44005,not_in_2020_zcta,4
44501,not_in_2020_zcta,4
47202,not_in_2020_zcta,4
48068,not_in_2020_zcta,4
48121,not_in_2020_zcta,4
49016,not_in_2020_zcta,4
53159,not_in_2020_zcta,4
53201,not_in_2020_zcta,4
54221,not_in_2020_zcta,4
57101,not_in_2020_zcta,4
58106,not_in_2020_zcta,4
58802,not_in_2020_zcta,4
59403,not_in_2020_zcta,4
59702,not_in_2020_zcta,4
59807,not_in_2020_zcta,4
59999,not_in_2020_zcta,4
60944,not_in_2020_zcta,4
61105,not_in_2020_zcta,4
62202,not_in_2020_zcta,4
62708,not_in_2020_zcta,4
64069,not_in_2020_zcta,4
64141,not_in_2020_zcta,4
64802,not_in_2020_zcta,4
64803,not_in_2020_zcta,4
65205,not_in_2020_zcta,4
65615,not_in_2020_zcta,4
68198,not_in_2020_zcta,4
68848,not_in_2020_zcta,4
70022,not_in_2020_zcta,4
70078,not_in_2020_zcta,4
70174,not_in_2020_zcta,4
70179,not_in_2020_zcta,4
70185,not_in_2020_zcta,4
70469,not_in_2020_zcta,4
70562,not_in_2020_zcta,4
70720,not_in_2020_zcta,4
70728,not_in_2020_zcta,4
71281,not_in_2020_zcta,4
72316,not_in_2020_zcta,4
72812,not_in_2020_zcta,4
73023,not_in_2020_zcta,4
73140,not_in_2020_zcta,4
73402,not_in_2020_zcta,4
73802,not_in_2020_zcta,4
74005,not_in_2020_zcta,4
74076,not_in_2020_zcta,4
74169,not_in_2020_zcta,4
74362,not_in_2020_zcta,4
74402,not_in_2020_zcta,4
74818,not_in_2020_zcta,4
75014,not_in_2020_zcta,4
75047,not_in_2020_zcta,4
75121,not_in_2020_zcta,4
75123,not_in_2020_zcta,4
75245,not_in_2020_zcta,4
75404,not_in_2020_zcta,4
75607,not_in_2020_zcta,4
75653,not_in_2020_zcta,4
75712,not_in_2020_zcta,4
75802,not_in_2020_zcta,4
76007,not_in_2020_zcta,4
76113,not_in_2020_zcta,4
76547,not_in_2020_zcta,4
76684,not_in_2020_zcta,4
76703,not_in_2020_zcta,4
77001,not_in_2020_zcta,4
77052,not_in_2020_zcta,4
77219,not_in_2020_zcta,4
77233,not_in_2020_zcta,4
77275,not_in_2020_zcta,4
77284,not_in_2020_zcta,4
77383,not_in_2020_zcta,4
77393,not_in_2020_zcta,4
77410,not_in_2020_zcta,4
77508,not_in_2020_zcta,4
77512,not_in_2020_zcta,4
77516,not_in_2020_zcta,4
77542,not_in_2020_zcta,4
77549,not_in_2020_zcta,4
77777,not_in_2020_zcta,4
78042,not_in_2020_zcta,4
78714,not_in_2020_zcta,4
78720,not_in_2020_zcta,4
79114,not_in_2020_zcta,4
79117,not_in_2020_zcta,4
79604,not_in_2020_zcta,4
79768,not_in_2020_zcta,4
79865,not_in_2020_zcta,4
80150,not_in_2020_zcta,4
80522,not_in_2020_zcta,4
80633,not_in_2020_zcta,4
80866,not_in_2020_zcta,4
80949,not_in_2020_zcta,4
80962,not_in_2020_zcta,4
84791,not_in_2020_zcta,4
85064,not_in_2020_zcta,4
85071,not_in_2020_zcta,4
85080,not_in_2020_zcta,4
85082,not_in_2020_zcta,4
85223,not_in_2020_zcta,4
85246,not_in_2020_zcta,4
85288,not_in_2020_zcta,4
85385,not_in_2020_zcta,4
85548,not_in_2020_zcta,4
85644,not_in_2020_zcta,4
85740,not_in_2020_zcta,4
87195,not_in_2020_zcta,4
87198,not_in_2020_zcta,4
87574,not_in_2020_zcta,4
88031,not_in_2020_zcta,4
88032,not_in_2020_zcta,4
88033,not_in_2020_zcta,4
89033,not_in_2020_zcta,4
89041,not_in_2020_zcta,4
89114,not_in_2020_zcta,4
89193,not_in_2020_zcta,4
90009,not_in_2020_zcta,4
90231,not_in_2020_zcta,4
90295,not_in_2020_zcta,4
90309,not_in_2020_zcta,4
90406,not_in_2020_zcta,4
90510,not_in_2020_zcta,4
90622,not_in_2020_zcta,4
90651,not_in_2020_zcta,4
90711,not_in_2020_zcta,4
90733,not_in_2020_zcta,4
90853,not_in_2020_zcta,4
91308,not_in_2020_zcta,4
91376,not_in_2020_zcta,4
91386,not_in_2020_zcta,4
91413,not_in_2020_zcta,4
91510,not_in_2020_zcta,4
91760,not_in_2020_zcta,4
91769,not_in_2020_zcta,4
91802,not_in_2020_zcta,4
92112,not_in_2020_zcta,4
92195,not_in_2020_zcta,4
92232,not_in_2020_zcta,4
92247,not_in_2020_zcta,4
92286,not_in_2020_zcta,4
92581,not_in_2020_zcta,4
92593,not_in_2020_zcta,4
92674,not_in_2020_zcta,4
92702,not_in_2020_zcta,4
92711,not_in_2020_zcta,4
92836,not_in_2020_zcta,4
92877,not_in_2020_zcta,4
93014,not_in_2020_zcta,4
93016,not_in_2020_zcta,4
93031,not_in_2020_zcta,4
93380,not_in_2020_zcta,4
93438,not_in_2020_zcta,4
93464,not_in_2020_zcta,4
93942,not_in_2020_zcta,4
94035,not_in_2020_zcta,4
94064,not_in_2020_zcta,4
94088,not_in_2020_zcta,4
94624,not_in_2020_zcta,4
95150,not_in_2020_zcta,4
95234,not_in_2020_zcta,4
95406,not_in_2020_zcta,4
95611,not_in_2020_zcta,4
95741,not_in_2020_zcta,4
95759,not_in_2020_zcta,4
95798,not_in_2020_zcta,4
96049,not_in_2020_zcta,4
96089,not_in_2020_zcta,4
96099,not_in_2020_zcta,4
96703,valid_2020_zcta_outside_conus_crop,4
96705,valid_2020_zcta_outside_conus_crop,4
96709,not_in_2020_zcta,4
96729,valid_2020_zcta_outside_conus_crop,4
96737,valid_2020_zcta_outside_conus_crop,4
96757,valid_2020_zcta_outside_conus_crop,4
96915,valid_2020_zcta_outside_conus_crop,4
97269,not_in_2020_zcta,4
97528,not_in_2020_zcta,4
98046,not_in_2020_zcta,4
98083,not_in_2020_zcta,4
98228,not_in_2020_zcta,4
98322,not_in_2020_zcta,4
98464,not_in_2020_zcta,4
98508,not_in_2020_zcta,4
98666,not_in_2020_zcta,4
98907,not_in_2020_zcta,4
98909,not_in_2020_zcta,4
99509,not_in_2020_zcta,4
99511,not_in_2020_zcta,4
99514,not_in_2020_zcta,4
99676,valid_2020_zcta_outside_conus_crop,4
99711,not_in_2020_zcta,4
99762,valid_2020_zcta_outside_conus_crop,4
99802,not_in_2020_zcta,4
99929,valid_2020_zcta_outside_conus_crop,4
00098,not_in_2020_zcta,3
00805,not_in_2020_zcta,3
00822,not_in_2020_zcta,3
02051,not_in_2020_zcta,3
02174,not_in_2020_zcta,3
02362,not_in_2020_zcta,3
02471,not_in_2020_zcta,3
02901,not_in_2020_zcta,3
04004,not_in_2020_zcta,3
04070,not_in_2020_zcta,3
04077,not_in_2020_zcta,3
04402,not_in_2020_zcta,3
05047,not_in_2020_zcta,3
05402,not_in_2020_zcta,3
06050,not_in_2020_zcta,3
06094,not_in_2020_zcta,3
06267,not_in_2020_zcta,3
06504,not_in_2020_zcta,3
06836,not_in_2020_zcta,3
06911,not_in_2020_zcta,3
07037,not_in_2020_zcta,3
07061,not_in_2020_zcta,3
07207,not_in_2020_zcta,3
07710,not_in_2020_zcta,3
07875,not_in_2020_zcta,3
08342,not_in_2020_zcta,3
08362,not_in_2020_zcta,3
08507,not_in_2020_zcta,3
08616,not_in_2020_zcta,3
08739,not_in_2020_zcta,3
08772,not_in_2020_zcta,3
08818,not_in_2020_zcta,3
08862,not_in_2020_zcta,3
08877,not_in_2020_zcta,3
10101,not_in_2020_zcta,3
10777,not_in_2020_zcta,3
10802,not_in_2020_zcta,3
11002,not_in_2020_zcta,3
11026,not_in_2020_zcta,3
11033,not_in_2020_zcta,3
11386,not_in_2020_zcta,3
11425,not_in_2020_zcta,3
11700,not_in_2020_zcta,3
12111,not_in_2020_zcta,3
12602,not_in_2020_zcta,3
13505,not_in_2020_zcta,3
14409,not_in_2020_zcta,3
15032,not_in_2020_zcta,3
15553,not_in_2020_zcta,3
15907,not_in_2020_zcta,3
16107,not_in_2020_zcta,3
17604,not_in_2020_zcta,3
18016,not_in_2020_zcta,3
18039,not_in_2020_zcta,3
18427,not_in_2020_zcta,3
18654,not_in_2020_zcta,3
18703,not_in_2020_zcta,3
18957,not_in_2020_zcta,3
18968,not_in_2020_zcta,3
19028,not_in_2020_zcta,3
19395,not_in_2020_zcta,3
20030,not_in_2020_zcta,3
20122,not_in_2020_zcta,3
20304,not_in_2020_zcta,3
20412,not_in_2020_zcta,3
20610,not_in_2020_zcta,3
20787,not_in_2020_zcta,3
20873,not_in_2020_zcta,3
21123,not_in_2020_zcta,3
21803,not_in_2020_zcta,3
21836,not_in_2020_zcta,3
21843,not_in_2020_zcta,3
22116,not_in_2020_zcta,3
22199,not_in_2020_zcta,3
22402,not_in_2020_zcta,3
22517,not_in_2020_zcta,3
22803,not_in_2020_zcta,3
23115,not_in_2020_zcta,3
23804,not_in_2020_zcta,3
24143,not_in_2020_zcta,3
24856,not_in_2020_zcta,3
26507,not_in_2020_zcta,3
27216,not_in_2020_zcta,3
27293,not_in_2020_zcta,3
27404,not_in_2020_zcta,3
27417,not_in_2020_zcta,3
27528,not_in_2020_zcta,3
27619,not_in_2020_zcta,3
27622,not_in_2020_zcta,3
27661,not_in_2020_zcta,3
27706,not_in_2020_zcta,3
27835,not_in_2020_zcta,3
27906,not_in_2020_zcta,3
28053,not_in_2020_zcta,3
28070,not_in_2020_zcta,3
28151,not_in_2020_zcta,3
28229,not_in_2020_zcta,3
28247,not_in_2020_zcta,3
28335,not_in_2020_zcta,3
28380,not_in_2020_zcta,3
28388,not_in_2020_zcta,3
28406,not_in_2020_zcta,3
28407,not_in_2020_zcta,3
28502,not_in_2020_zcta,3
28503,not_in_2020_zcta,3
28541,not_in_2020_zcta,3
28760,not_in_2020_zcta,3
29132,not_in_2020_zcta,3
29224,not_in_2020_zcta,3
29342,not_in_2020_zcta,3
29402,not_in_2020_zcta,3
29442,not_in_2020_zcta,3
29503,not_in_2020_zcta,3
29578,not_in_2020_zcta,3
29597,not_in_2020_zcta,3
29623,not_in_2020_zcta,3
29703,not_in_2020_zcta,3
29721,not_in_2020_zcta,3
29731,not_in_2020_zcta,3
29804,not_in_2020_zcta,3
29861,not_in_2020_zcta,3
29931,not_in_2020_zcta,3
30036,not_in_2020_zcta,3
30086,not_in_2020_zcta,3
30146,not_in_2020_zcta,3
30154,not_in_2020_zcta,3
30162,not_in_2020_zcta,3
30172,not_in_2020_zcta,3
30271,not_in_2020_zcta,3
30320,not_in_2020_zcta,3
30325,not_in_2020_zcta,3
30343,not_in_2020_zcta,3
30359,not_in_2020_zcta,3
30475,not_in_2020_zcta,3
30603,not_in_2020_zcta,3
30604,not_in_2020_zcta,3
30647,not_in_2020_zcta,3
30703,not_in_2020_zcta,3
32120,not_in_2020_zcta,3
32173,not_in_2020_zcta,3
32247,not_in_2020_zcta,3
32341,not_in_2020_zcta,3
32540,not_in_2020_zcta,3
32575,not_in_2020_zcta,3
32627,not_in_2020_zcta,3
32716,not_in_2020_zcta,3
32728,not_in_2020_zcta,3
32860,not_in_2020_zcta,3
32867,not_in_2020_zcta,3
32923,not_in_2020_zcta,3
32964,not_in_2020_zcta,3
33159,not_in_2020_zcta,3
33310,not_in_2020_zcta,3
33341,not_in_2020_zcta,3
33402,not_in_2020_zcta,3
33420,not_in_2020_zcta,3
33443,not_in_2020_zcta,3
33468,not_in_2020_zcta,3
33481,not_in_2020_zcta,3
33488,not_in_2020_zcta,3
33509,not_in_2020_zcta,3
33646,not_in_2020_zcta,3
33743,not_in_2020_zcta,3
33780,not_in_2020_zcta,3
33820,not_in_2020_zcta,3
33836,not_in_2020_zcta,3
33882,not_in_2020_zcta,3
33883,not_in_2020_zcta,3
33915,not_in_2020_zcta,3
33994,not_in_2020_zcta,3
34430,not_in_2020_zcta,3
34460,not_in_2020_zcta,3
34464,not_in_2020_zcta,3
34477,not_in_2020_zcta,3
34492,not_in_2020_zcta,3
34605,not_in_2020_zcta,3
34611,not_in_2020_zcta,3
34745,not_in_2020_zcta,3
34755,not_in_2020_zcta,3
34789,not_in_2020_zcta,3
34961,not_in_2020_zcta,3
35011,not_in_2020_zcta,3
35402,not_in_2020_zcta,3
36120,not_in_2020_zcta,3
36125,not_in_2020_zcta,3
36202,not_in_2020_zcta,3
36590,not_in_2020_zcta,3
36840,not_in_2020_zcta,3
37056,not_in_2020_zcta,3
37088,not_in_2020_zcta,3
37116,not_in_2020_zcta,3
37717,not_in_2020_zcta,3
37815,not_in_2020_zcta,3
37901,not_in_2020_zcta,3
37928,not_in_2020_zcta,3
38013,not_in_2020_zcta,3
38088,not_in_2020_zcta,3
38175,not_in_2020_zcta,3
38177,not_in_2020_zcta,3
38502,not_in_2020_zcta,3
38802,not_in_2020_zcta,3
38880,not_in_2020_zcta,3
39130,not_in_2020_zcta,3
39158,not_in_2020_zcta,3
39163,not_in_2020_zcta,3
39205,not_in_2020_zcta,3
39248,not_in_2020_zcta,3
39302,not_in_2020_zcta,3
39457,not_in_2020_zcta,3
39521,not_in_2020_zcta,3
39555,not_in_2020_zcta,3
39568,not_in_2020_zcta,3
40252,not_in_2020_zcta,3
40544,not_in_2020_zcta,3
40602,not_in_2020_zcta,3
41012,not_in_2020_zcta,3
42135,not_in_2020_zcta,3
42219,not_in_2020_zcta,3
43635,not_in_2020_zcta,3
43927,not_in_2020_zcta,3
44210,not_in_2020_zcta,3
44258,not_in_2020_zcta,3
46082,not_in_2020_zcta,3
46352,not_in_2020_zcta,3
47241,not_in_2020_zcta,3
47743,not_in_2020_zcta,3
48175,not_in_2020_zcta,3
48641,not_in_2020_zcta,3
48805,not_in_2020_zcta,3
51502,not_in_2020_zcta,3
52406,not_in_2020_zcta,3
53512,not_in_2020_zcta,3
53708,not_in_2020_zcta,3
58108,not_in_2020_zcta,3
58208,not_in_2020_zcta,3
58602,not_in_2020_zcta,3
58702,not_in_2020_zcta,3
59103,not_in_2020_zcta,3
59104,not_in_2020_zcta,3
59719,not_in_2020_zcta,3
59771,not_in_2020_zcta,3
60000,not_in_2020_zcta,3
60017,not_in_2020_zcta,3
60132,not_in_2020_zcta,3
60158,not_in_2020_zcta,3
60161,not_in_2020_zcta,3
60168,not_in_2020_zcta,3
60196,not_in_2020_zcta,3
60412,not_in_2020_zcta,3
61612,not_in_2020_zcta,3
61654,not_in_2020_zcta,3
61803,not_in_2020_zcta,3
62222,not_in_2020_zcta,3
62791,not_in_2020_zcta,3
63156,not_in_2020_zcta,3
63188,not_in_2020_zcta,3
63702,not_in_2020_zcta,3
63804,not_in_2020_zcta,3
64104,not_in_2020_zcta,3
65302,not_in_2020_zcta,3
65402,not_in_2020_zcta,3
66282,not_in_2020_zcta,3
69363,not_in_2020_zcta,3
70019,not_in_2020_zcta,3
70054,not_in_2020_zcta,3
70069,not_in_2020_zcta,3
70073,not_in_2020_zcta,3
70381,not_in_2020_zcta,3
70470,not_in_2020_zcta,3
70511,not_in_2020_zcta,3
70569,not_in_2020_zcta,3
70602,not_in_2020_zcta,3
70606,not_in_2020_zcta,3
70704,not_in_2020_zcta,3
71058,not_in_2020_zcta,3
71113,not_in_2020_zcta,3
71207,not_in_2020_zcta,3
71211,not_in_2020_zcta,3
71477,not_in_2020_zcta,3
71611,not_in_2020_zcta,3
71657,not_in_2020_zcta,3
72145,not_in_2020_zcta,3
72214,not_in_2020_zcta,3
72217,not_in_2020_zcta,3
72219,not_in_2020_zcta,3
72403,not_in_2020_zcta,3
72765,not_in_2020_zcta,3
72917,not_in_2020_zcta,3
73085,not_in_2020_zcta,3
73137,not_in_2020_zcta,3
73189,not_in_2020_zcta,3
73648,not_in_2020_zcta,3
74013,not_in_2020_zcta,3
74018,not_in_2020_zcta,3
74102,not_in_2020_zcta,3
74153,not_in_2020_zcta,3
74159,not_in_2020_zcta,3
74802,not_in_2020_zcta,3
75016,not_in_2020_zcta,3
75029,not_in_2020_zcta,3
75030,not_in_2020_zcta,3
75213,not_in_2020_zcta,3
75336,not_in_2020_zcta,3
75374,not_in_2020_zcta,3
75444,not_in_2020_zcta,3
76003,not_in_2020_zcta,3
76094,not_in_2020_zcta,3
76147,not_in_2020_zcta,3
76161,not_in_2020_zcta,3
76202,not_in_2020_zcta,3
76385,not_in_2020_zcta,3
76416,not_in_2020_zcta,3
77000,not_in_2020_zcta,3
77213,not_in_2020_zcta,3
77220,not_in_2020_zcta,3
77230,not_in_2020_zcta,3
77411,not_in_2020_zcta,3
77553,not_in_2020_zcta,3
77720,not_in_2020_zcta,3
77725,not_in_2020_zcta,3
77854,not_in_2020_zcta,3
78115,not_in_2020_zcta,3
78265,not_in_2020_zcta,3
78278,not_in_2020_zcta,3
78335,not_in_2020_zcta,3
78427,not_in_2020_zcta,3
78480,not_in_2020_zcta,3
78522,not_in_2020_zcta,3
78568,not_in_2020_zcta,3
78680,not_in_2020_zcta,3
78683,not_in_2020_zcta,3
78708,not_in_2020_zcta,3
78709,not_in_2020_zcta,3
78715,not_in_2020_zcta,3
78768,not_in_2020_zcta,3
79159,not_in_2020_zcta,3
79408,not_in_2020_zcta,3
79464,not_in_2020_zcta,3
79490,not_in_2020_zcta,3
79736,not_in_2020_zcta,3
79921,not_in_2020_zcta,3
80034,not_in_2020_zcta,3
80160,not_in_2020_zcta,3
80201,not_in_2020_zcta,3
80931,not_in_2020_zcta,3
81002,not_in_2020_zcta,3
81302,not_in_2020_zcta,3
81402,not_in_2020_zcta,3
82602,not_in_2020_zcta,3
82902,not_in_2020_zcta,3
84011,not_in_2020_zcta,3
84090,not_in_2020_zcta,3
84132,not_in_2020_zcta,3
84171,not_in_2020_zcta,3
84323,not_in_2020_zcta,3
84402,not_in_2020_zcta,3
85011,not_in_2020_zcta,3
85063,not_in_2020_zcta,3
85067,not_in_2020_zcta,3
85069,not_in_2020_zcta,3
85076,not_in_2020_zcta,3
85117,not_in_2020_zcta,3
85144,not_in_2020_zcta,3
85216,not_in_2020_zcta,3
85235,not_in_2020_zcta,3
85267,not_in_2020_zcta,3
85277,not_in_2020_zcta,3
85292,not_in_2020_zcta,3
85294,not_in_2020_zcta,3
85366,not_in_2020_zcta,3
85380,not_in_2020_zcta,3
85738,not_in_2020_zcta,3
86208,not_in_2020_zcta,3
86339,not_in_2020_zcta,3
87119,not_in_2020_zcta,3
87154,not_in_2020_zcta,3
87181,not_in_2020_zcta,3
87187,not_in_2020_zcta,3
87192,not_in_2020_zcta,3
88013,not_in_2020_zcta,3
88054,not_in_2020_zcta,3
88058,not_in_2020_zcta,3
88221,not_in_2020_zcta,3
89028,not_in_2020_zcta,3
89036,not_in_2020_zcta,3
89091,not_in_2020_zcta,3
89105,not_in_2020_zcta,3
89137,not_in_2020_zcta,3
89173,not_in_2020_zcta,3
89504,not_in_2020_zcta,3
89515,not_in_2020_zcta,3
89803,not_in_2020_zcta,3
90224,not_in_2020_zcta,3
90306,not_in_2020_zcta,3
90607,not_in_2020_zcta,3
90608,not_in_2020_zcta,3
90702,not_in_2020_zcta,3
90707,not_in_2020_zcta,3
90809,not_in_2020_zcta,3
91064,not_in_2020_zcta,3
91077,not_in_2020_zcta,3
91115,not_in_2020_zcta,3
91209,not_in_2020_zcta,3
91319,not_in_2020_zcta,3
91328,not_in_2020_zcta,3
91380,not_in_2020_zcta,3
91407,not_in_2020_zcta,3
91734,not_in_2020_zcta,3
91903,not_in_2020_zcta,3
91946,not_in_2020_zcta,3
92033,not_in_2020_zcta,3
92046,not_in_2020_zcta,3
92073,not_in_2020_zcta,3
92079,not_in_2020_zcta,3
92160,not_in_2020_zcta,3
92175,not_in_2020_zcta,3
92176,not_in_2020_zcta,3
92198,not_in_2020_zcta,3
92226,not_in_2020_zcta,3
92261,not_in_2020_zcta,3
92318,not_in_2020_zcta,3
92331,not_in_2020_zcta,3
92362,not_in_2020_zcta,3
92427,not_in_2020_zcta,3
92514,not_in_2020_zcta,3
92516,not_in_2020_zcta,3
92520,not_in_2020_zcta,3
92565,not_in_2020_zcta,3
92619,not_in_2020_zcta,3
92623,not_in_2020_zcta,3
92640,not_in_2020_zcta,3
92684,not_in_2020_zcta,3
92799,not_in_2020_zcta,3
92815,not_in_2020_zcta,3
92822,not_in_2020_zcta,3
92834,not_in_2020_zcta,3
92842,not_in_2020_zcta,3
92856,not_in_2020_zcta,3
92864,not_in_2020_zcta,3
93002,not_in_2020_zcta,3
93007,not_in_2020_zcta,3
93275,not_in_2020_zcta,3
93303,not_in_2020_zcta,3
93384,not_in_2020_zcta,3
93403,not_in_2020_zcta,3
93639,not_in_2020_zcta,3
93744,not_in_2020_zcta,3
93747,not_in_2020_zcta,3
93755,not_in_2020_zcta,3
93922,not_in_2020_zcta,3
94011,not_in_2020_zcta,3
94083,not_in_2020_zcta,3
94119,not_in_2020_zcta,3
94126,not_in_2020_zcta,3
94141,not_in_2020_zcta,3
94159,not_in_2020_zcta,3
94309,not_in_2020_zcta,3
94524,not_in_2020_zcta,3
94620,not_in_2020_zcta,3
94802,not_in_2020_zcta,3
94912,not_in_2020_zcta,3
94915,not_in_2020_zcta,3
94942,not_in_2020_zcta,3
94948,not_in_2020_zcta,3
94966,not_in_2020_zcta,3
94977,not_in_2020_zcta,3
94979,not_in_2020_zcta,3
95015,not_in_2020_zcta,3
95026,not_in_2020_zcta,3
95052,not_in_2020_zcta,3
95055,not_in_2020_zcta,3
95056,not_in_2020_zcta,3
95109,not_in_2020_zcta,3
95151,not_in_2020_zcta,3
95154,not_in_2020_zcta,3
95161,not_in_2020_zcta,3
95208,not_in_2020_zcta,3
95344,not_in_2020_zcta,3
95481,not_in_2020_zcta,3
95812,not_in_2020_zcta,3
95852,not_in_2020_zcta,3
95967,not_in_2020_zcta,3
96152,not_in_2020_zcta,3
96156,not_in_2020_zcta,3
96710,valid_2020_zcta_outside_conus_crop,3
96719,valid_2020_zcta_outside_conus_crop,3
96721,not_in_2020_zcta,3
96726,valid_2020_zcta_outside_conus_crop,3
96730,valid_2020_zcta_outside_conus_crop,3
96739,not_in_2020_zcta,3
96776,valid_2020_zcta_outside_conus_crop,3
96777,valid_2020_zcta_outside_conus_crop,3
96783,valid_2020_zcta_outside_conus_crop,3
96799,valid_2020_zcta_outside_conus_crop,3
96830,not_in_2020_zcta,3
96910,valid_2020_zcta_outside_conus_crop,3
97228,not_in_2020_zcta,3
97268,not_in_2020_zcta,3
97294,not_in_2020_zcta,3
97308,not_in_2020_zcta,3
97339,not_in_2020_zcta,3
98009,not_in_2020_zcta,3
98227,not_in_2020_zcta,3
98384,not_in_2020_zcta,3
98395,not_in_2020_zcta,3
98540,not_in_2020_zcta,3
98687,not_in_2020_zcta,3
99214,not_in_2020_zcta,3
99510,not_in_2020_zcta,3
99639,valid_2020_zcta_outside_conus_crop,3
99714,valid_2020_zcta_outside_conus_crop,3
99752,valid_2020_zcta_outside_conus_crop,3
99821,not_in_2020_zcta,3
99824,valid_2020_zcta_outside_conus_crop,3
99827,valid_2020_zcta_outside_conus_crop,3
99829,valid_2020_zcta_outside_conus_crop,3
00079,not_in_2020_zcta,2
00082,not_in_2020_zcta,2
00092,not_in_2020_zcta,2
00301,not_in_2020_zcta,2
00600,not_in_2020_zcta,2
00611,valid_2020_zcta_outside_conus_crop,2
00628,not_in_2020_zcta,2
00631,valid_2020_zcta_outside_conus_crop,2
00632,not_in_2020_zcta,2
00640,not_in_2020_zcta,2
00721,not_in_2020_zcta,2
00734,not_in_2020_zcta,2
00775,valid_2020_zcta_outside_conus_crop,2
00793,not_in_2020_zcta,2
00798,not_in_2020_zcta,2
00830,valid_2020_zcta_outside_conus_crop,2
00909,valid_2020_zcta_outside_conus_crop,2
00913,valid_2020_zcta_outside_conus_crop,2
00916,not_in_2020_zcta,2
00946,not_in_2020_zcta,2
00975,not_in_2020_zcta,2
01041,not_in_2020_zcta,2
01138,not_in_2020_zcta,2
01150,not_in_2020_zcta,2
01302,not_in_2020_zcta,2
01446,not_in_2020_zcta,2
01802,not_in_2020_zcta,2
01820,not_in_2020_zcta,2
01831,not_in_2020_zcta,2
01920,not_in_2020_zcta,2
01936,not_in_2020_zcta,2
02117,not_in_2020_zcta,2
02153,not_in_2020_zcta,2
02181,not_in_2020_zcta,2
02227,not_in_2020_zcta,2
02238,not_in_2020_zcta,2
02304,not_in_2020_zcta,2
02310,not_in_2020_zcta,2
02331,not_in_2020_zcta,2
02334,not_in_2020_zcta,2
02352,not_in_2020_zcta,2
02361,not_in_2020_zcta,2
02455,not_in_2020_zcta,2
02662,not_in_2020_zcta,2
02669,not_in_2020_zcta,2
02676,not_in_2020_zcta,2
02714,not_in_2020_zcta,2
02768,not_in_2020_zcta,2
02883,not_in_2020_zcta,2
03108,not_in_2020_zcta,2
03469,not_in_2020_zcta,2
03815,not_in_2020_zcta,2
03866,not_in_2020_zcta,2
04112,not_in_2020_zcta,2
04136,not_in_2020_zcta,2
04212,not_in_2020_zcta,2
04532,not_in_2020_zcta,2
05159,not_in_2020_zcta,2
05406,not_in_2020_zcta,2
05470,not_in_2020_zcta,2
05745,not_in_2020_zcta,2
06056,not_in_2020_zcta,2
06083,not_in_2020_zcta,2
06137,not_in_2020_zcta,2
06246,not_in_2020_zcta,2
06742,not_in_2020_zcta,2
06852,not_in_2020_zcta,2
06881,not_in_2020_zcta,2
07007,not_in_2020_zcta,2
07025,not_in_2020_zcta,2
07056,not_in_2020_zcta,2
07084,not_in_2020_zcta,2
07120,not_in_2020_zcta,2
07301,not_in_2020_zcta,2
07308,not_in_2020_zcta,2
07408,not_in_2020_zcta,2
07428,not_in_2020_zcta,2
07466,not_in_2020_zcta,2
07653,not_in_2020_zcta,2
07824,not_in_2020_zcta,2
07984,not_in_2020_zcta,2
08013,not_in_2020_zcta,2
08017,not_in_2020_zcta,2
08025,not_in_2020_zcta,2
08040,not_in_2020_zcta,2
08250,not_in_2020_zcta,2
08255,not_in_2020_zcta,2
08313,not_in_2020_zcta,2
08543,not_in_2020_zcta,2
08607,not_in_2020_zcta,2
08617,not_in_2020_zcta,2
08661,not_in_2020_zcta,2
08709,not_in_2020_zcta,2
08803,not_in_2020_zcta,2
08851,not_in_2020_zcta,2
08875,not_in_2020_zcta,2
08883,not_in_2020_zcta,2
08885,not_in_2020_zcta,2
08888,not_in_2020_zcta,2
08903,not_in_2020_zcta,2
09301,not_in_2020_zcta,2
10008,not_in_2020_zcta,2
10096,not_in_2020_zcta,2
10120,not_in_2020_zcta,2
10508,not_in_2020_zcta,2
10592,not_in_2020_zcta,2
10981,not_in_2020_zcta,2
10982,not_in_2020_zcta,2
11000,not_in_2020_zcta,2
11028,not_in_2020_zcta,2
11200,not_in_2020_zcta,2
11240,not_in_2020_zcta,2
11299,not_in_2020_zcta,2
11352,not_in_2020_zcta,2
11380,not_in_2020_zcta,2
11534,not_in_2020_zcta,2
11543,not_in_2020_zcta,2
11588,not_in_2020_zcta,2
11707,not_in_2020_zcta,2
11760,not_in_2020_zcta,2
11802,not_in_2020_zcta,2
12201,not_in_2020_zcta,2
12238,not_in_2020_zcta,2
12250,not_in_2020_zcta,2
12253,not_in_2020_zcta,2
12511,not_in_2020_zcta,2
12536,not_in_2020_zcta,2
12584,not_in_2020_zcta,2
13137,not_in_2020_zcta,2
13201,not_in_2020_zcta,2
13220,not_in_2020_zcta,2
13422,not_in_2020_zcta,2
13442,not_in_2020_zcta,2
13745,not_in_2020_zcta,2
13970,not_in_2020_zcta,2
14074,not_in_2020_zcta,2
14104,not_in_2020_zcta,2
14603,not_in_2020_zcta,2
14702,not_in_2020_zcta,2
14887,not_in_2020_zcta,2
15415,not_in_2020_zcta,2
16225,not_in_2020_zcta,2
16512,not_in_2020_zcta,2
16804,not_in_2020_zcta,2
17357,not_in_2020_zcta,2
17421,not_in_2020_zcta,2
17608,not_in_2020_zcta,2
17833,not_in_2020_zcta,2
18019,not_in_2020_zcta,2
18043,not_in_2020_zcta,2
18068,not_in_2020_zcta,2
18140,not_in_2020_zcta,2
18647,not_in_2020_zcta,2
18958,not_in_2020_zcta,2
18963,not_in_2020_zcta,2
19058,not_in_2020_zcta,2
19071,not_in_2020_zcta,2
19077,not_in_2020_zcta,2
19158,not_in_2020_zcta,2
19308,not_in_2020_zcta,2
19318,not_in_2020_zcta,2
19360,not_in_2020_zcta,2
19376,not_in_2020_zcta,2
19430,not_in_2020_zcta,2
19466,not_in_2020_zcta,2
19470,not_in_2020_zcta,2
19480,not_in_2020_zcta,2
19486,not_in_2020_zcta,2
19714,not_in_2020_zcta,2
20013,not_in_2020_zcta,2
20029,not_in_2020_zcta,2
20108,not_in_2020_zcta,2
20134,not_in_2020_zcta,2
20146,not_in_2020_zcta,2
20153,not_in_2020_zcta,2
20156,not_in_2020_zcta,2
20168,not_in_2020_zcta,2
20172,not_in_2020_zcta,2
20177,not_in_2020_zcta,2
20178,not_in_2020_zcta,2
20189,not_in_2020_zcta,2
20564,not_in_2020_zcta,2
20635,not_in_2020_zcta,2
20673,not_in_2020_zcta,2
20703,not_in_2020_zcta,2
20704,not_in_2020_zcta,2
20709,not_in_2020_zcta,2
20731,not_in_2020_zcta,2
20738,not_in_2020_zcta,2
20741,not_in_2020_zcta,2
20749,not_in_2020_zcta,2
20753,not_in_2020_zcta,2
20780,not_in_2020_zcta,2
20786,not_in_2020_zcta,2
20875,not_in_2020_zcta,2
20884,not_in_2020_zcta,2
20908,not_in_2020_zcta,2
20914,not_in_2020_zcta,2
21008,not_in_2020_zcta,2
21018,not_in_2020_zcta,2
21022,not_in_2020_zcta,2
21143,not_in_2020_zcta,2
21174,not_in_2020_zcta,2
21243,not_in_2020_zcta,2
21281,not_in_2020_zcta,2
21282,not_in_2020_zcta,2
21916,not_in_2020_zcta,2
21922,not_in_2020_zcta,2
22071,not_in_2020_zcta,2
22103,not_in_2020_zcta,2
22220,not_in_2020_zcta,2
22403,not_in_2020_zcta,2
22837,not_in_2020_zcta,2
23003,not_in_2020_zcta,2
23125,not_in_2020_zcta,2
23327,not_in_2020_zcta,2
23439,not_in_2020_zcta,2
23467,not_in_2020_zcta,2
23471,not_in_2020_zcta,2
23541,not_in_2020_zcta,2
23609,not_in_2020_zcta,2
24062,not_in_2020_zcta,2
24114,not_in_2020_zcta,2
24505,not_in_2020_zcta,2
24507,not_in_2020_zcta,2
24628,not_in_2020_zcta,2
25360,not_in_2020_zcta,2
25572,not_in_2020_zcta,2
25759,not_in_2020_zcta,2
25776,not_in_2020_zcta,2
25919,not_in_2020_zcta,2
26186,not_in_2020_zcta,2
26302,not_in_2020_zcta,2
26529,not_in_2020_zcta,2
27049,not_in_2020_zcta,2
27117,not_in_2020_zcta,2
27250,not_in_2020_zcta,2
27254,not_in_2020_zcta,2
27289,not_in_2020_zcta,2
27322,not_in_2020_zcta,2
27359,not_in_2020_zcta,2
27419,not_in_2020_zcta,2
27532,not_in_2020_zcta,2
27575,not_in_2020_zcta,2
27602,not_in_2020_zcta,2
27611,not_in_2020_zcta,2
27624,not_in_2020_zcta,2
27625,not_in_2020_zcta,2
27699,not_in_2020_zcta,2
27811,not_in_2020_zcta,2
28013,not_in_2020_zcta,2
28038,not_in_2020_zcta,2
28082,not_in_2020_zcta,2
28093,not_in_2020_zcta,2
28113,not_in_2020_zcta,2
28218,not_in_2020_zcta,2
28220,not_in_2020_zcta,2
28225,not_in_2020_zcta,2
28252,not_in_2020_zcta,2
28258,not_in_2020_zcta,2
28265,not_in_2020_zcta,2
28266,not_in_2020_zcta,2
28272,not_in_2020_zcta,2
28297,not_in_2020_zcta,2
28309,not_in_2020_zcta,2
28408,not_in_2020_zcta,2
28563,not_in_2020_zcta,2
28687,not_in_2020_zcta,2
28691,not_in_2020_zcta,2
28802,not_in_2020_zcta,2
28814,not_in_2020_zcta,2
29092,not_in_2020_zcta,2
29171,not_in_2020_zcta,2
29290,not_in_2020_zcta,2
29416,not_in_2020_zcta,2
29419,not_in_2020_zcta,2
29476,not_in_2020_zcta,2
29551,not_in_2020_zcta,2
29610,not_in_2020_zcta,2
29612,not_in_2020_zcta,2
29648,not_in_2020_zcta,2
29740,not_in_2020_zcta,2
29744,not_in_2020_zcta,2
30003,not_in_2020_zcta,2
30023,not_in_2020_zcta,2
30029,not_in_2020_zcta,2
30042,not_in_2020_zcta,2
30048,not_in_2020_zcta,2
30049,not_in_2020_zcta,2
30053,not_in_2020_zcta,2
30059,not_in_2020_zcta,2
30073,not_in_2020_zcta,2
30077,not_in_2020_zcta,2
30091,not_in_2020_zcta,2
30130,not_in_2020_zcta,2
30133,not_in_2020_zcta,2
30142,not_in_2020_zcta,2
30151,not_in_2020_zcta,2
30169,not_in_2020_zcta,2
30186,not_in_2020_zcta,2
30210,not_in_2020_zcta,2
30212,not_in_2020_zcta,2
30219,not_in_2020_zcta,2
30301,not_in_2020_zcta,2
30357,not_in_2020_zcta,2
30377,not_in_2020_zcta,2
30524,not_in_2020_zcta,2
30706,not_in_2020_zcta,2
31026,not_in_2020_zcta,2
31131,not_in_2020_zcta,2
31146,not_in_2020_zcta,2
31202,not_in_2020_zcta,2
31221,not_in_2020_zcta,2
31304,not_in_2020_zcta,2
31402,not_in_2020_zcta,2
31412,not_in_2020_zcta,2
31521,not_in_2020_zcta,2
31621,not_in_2020_zcta,2
31703,not_in_2020_zcta,2
31723,not_in_2020_zcta,2
31728,not_in_2020_zcta,2
31782,not_in_2020_zcta,2
31786,not_in_2020_zcta,2
32067,not_in_2020_zcta,2
32115,not_in_2020_zcta,2
32138,not_in_2020_zcta,2
32170,not_in_2020_zcta,2
32232,not_in_2020_zcta,2
32240,not_in_2020_zcta,2
32241,not_in_2020_zcta,2
32245,not_in_2020_zcta,2
32255,not_in_2020_zcta,2
32302,not_in_2020_zcta,2
32314,not_in_2020_zcta,2
32315,not_in_2020_zcta,2
32318,not_in_2020_zcta,2
32362,not_in_2020_zcta,2
32402,not_in_2020_zcta,2
32406,not_in_2020_zcta,2
32411,not_in_2020_zcta,2
32417,not_in_2020_zcta,2
32498,not_in_2020_zcta,2
32522,not_in_2020_zcta,2
32525,not_in_2020_zcta,2
32560,not_in_2020_zcta,2
32562,not_in_2020_zcta,2
32572,not_in_2020_zcta,2
32602,not_in_2020_zcta,2
32636,not_in_2020_zcta,2
32663,not_in_2020_zcta,2
32670,not_in_2020_zcta,2
32710,not_in_2020_zcta,2
32719,not_in_2020_zcta,2
32721,not_in_2020_zcta,2
32727,not_in_2020_zcta,2
32756,not_in_2020_zcta,2
32790,not_in_2020_zcta,2
32793,not_in_2020_zcta,2
32794,not_in_2020_zcta,2
32802,not_in_2020_zcta,2
32856,not_in_2020_zcta,2
32859,not_in_2020_zcta,2
32868,not_in_2020_zcta,2
32869,not_in_2020_zcta,2
32878,not_in_2020_zcta,2
32978,not_in_2020_zcta,2
33061,not_in_2020_zcta,2
33074,not_in_2020_zcta,2
33079,not_in_2020_zcta,2
33092,not_in_2020_zcta,2
33093,not_in_2020_zcta,2
33112,not_in_2020_zcta,2
33203,not_in_2020_zcta,2
33209,not_in_2020_zcta,2
33222,not_in_2020_zcta,2
33269,not_in_2020_zcta,2
33280,not_in_2020_zcta,2
33318,not_in_2020_zcta,2
33320,not_in_2020_zcta,2
33343,not_in_2020_zcta,2
33347,not_in_2020_zcta,2
33377,not_in_2020_zcta,2
33419,not_in_2020_zcta,2
33422,not_in_2020_zcta,2
33424,not_in_2020_zcta,2
33427,not_in_2020_zcta,2
33429,not_in_2020_zcta,2
33454,not_in_2020_zcta,2
33474,not_in_2020_zcta,2
33504,not_in_2020_zcta,2
33524,not_in_2020_zcta,2
33533,not_in_2020_zcta,2
33537,not_in_2020_zcta,2
33595,not_in_2020_zcta,2
33672,not_in_2020_zcta,2
33673,not_in_2020_zcta,2
33679,not_in_2020_zcta,2
33681,not_in_2020_zcta,2
33688,not_in_2020_zcta,2
33731,not_in_2020_zcta,2
33737,not_in_2020_zcta,2
33738,not_in_2020_zcta,2
33779,not_in_2020_zcta,2
33831,not_in_2020_zcta,2
34220,not_in_2020_zcta,2
34264,not_in_2020_zcta,2
34283,not_in_2020_zcta,2
34284,not_in_2020_zcta,2
34441,not_in_2020_zcta,2
34447,not_in_2020_zcta,2
34660,not_in_2020_zcta,2
34665,not_in_2020_zcta,2
34674,not_in_2020_zcta,2
34696,not_in_2020_zcta,2
34777,not_in_2020_zcta,2
34778,not_in_2020_zcta,2
34791,not_in_2020_zcta,2
34901,not_in_2020_zcta,2
34979,not_in_2020_zcta,2
34985,not_in_2020_zcta,2
34991,not_in_2020_zcta,2
35001,not_in_2020_zcta,2
35037,not_in_2020_zcta,2
35048,not_in_2020_zcta,2
35069,not_in_2020_zcta,2
35108,not_in_2020_zcta,2
35113,not_in_2020_zcta,2
35137,not_in_2020_zcta,2
35231,not_in_2020_zcta,2
35232,not_in_2020_zcta,2
35236,not_in_2020_zcta,2
35238,not_in_2020_zcta,2
35255,not_in_2020_zcta,2
35266,not_in_2020_zcta,2
35271,not_in_2020_zcta,2
35294,not_in_2020_zcta,2
35701,not_in_2020_zcta,2
35733,not_in_2020_zcta,2
35762,not_in_2020_zcta,2
35815,not_in_2020_zcta,2
35999,not_in_2020_zcta,2
36087,not_in_2020_zcta,2
36121,not_in_2020_zcta,2
36208,not_in_2020_zcta,2
36226,not_in_2020_zcta,2
36244,not_in_2020_zcta,2
36253,not_in_2020_zcta,2
36307,not_in_2020_zcta,2
36361,not_in_2020_zcta,2
36478,not_in_2020_zcta,2
36515,not_in_2020_zcta,2
36685,not_in_2020_zcta,2
36689,not_in_2020_zcta,2
36826,not_in_2020_zcta,2
36868,not_in_2020_zcta,2
37065,not_in_2020_zcta,2
37070,not_in_2020_zcta,2
37077,not_in_2020_zcta,2
37121,not_in_2020_zcta,2
37125,not_in_2020_zcta,2
37162,not_in_2020_zcta,2
37349,not_in_2020_zcta,2
37384,not_in_2020_zcta,2
37414,not_in_2020_zcta,2
37424,not_in_2020_zcta,2
37451,not_in_2020_zcta,2
37621,not_in_2020_zcta,2
37644,not_in_2020_zcta,2
37662,not_in_2020_zcta,2
37822,not_in_2020_zcta,2
37831,not_in_2020_zcta,2
37868,not_in_2020_zcta,2
37949,not_in_2020_zcta,2
37984,not_in_2020_zcta,2
38167,not_in_2020_zcta,2
38302,not_in_2020_zcta,2
38324,not_in_2020_zcta,2
38325,not_in_2020_zcta,2
38557,not_in_2020_zcta,2
38638,not_in_2020_zcta,2
38704,not_in_2020_zcta,2
38935,not_in_2020_zcta,2
39024,not_in_2020_zcta,2
39034,not_in_2020_zcta,2
39072,not_in_2020_zcta,2
39151,not_in_2020_zcta,2
39280,not_in_2020_zcta,2
39282,not_in_2020_zcta,2
39288,not_in_2020_zcta,2
39303,not_in_2020_zcta,2
39524,not_in_2020_zcta,2
39552,not_in_2020_zcta,2
39558,not_in_2020_zcta,2
39704,not_in_2020_zcta,2
40066,not_in_2020_zcta,2
40250,not_in_2020_zcta,2
40255,not_in_2020_zcta,2
40259,not_in_2020_zcta,2
40285,not_in_2020_zcta,2
40362,not_in_2020_zcta,2
40452,not_in_2020_zcta,2
40506,not_in_2020_zcta,2
40562,not_in_2020_zcta,2
40730,not_in_2020_zcta,2
40930,not_in_2020_zcta,2
41105,not_in_2020_zcta,2
42702,not_in_2020_zcta,2
43216,not_in_2020_zcta,2
43552,not_in_2020_zcta,2
43618,not_in_2020_zcta,2
43624,not_in_2020_zcta,2
43702,not_in_2020_zcta,2
44036,not_in_2020_zcta,2
44322,not_in_2020_zcta,2
44334,not_in_2020_zcta,2
45201,not_in_2020_zcta,2
45250,not_in_2020_zcta,2
45254,not_in_2020_zcta,2
45687,not_in_2020_zcta,2
45802,not_in_2020_zcta,2
46015,not_in_2020_zcta,2
46023,not_in_2020_zcta,2
46061,not_in_2020_zcta,2
46285,not_in_2020_zcta,2
46306,not_in_2020_zcta,2
46401,not_in_2020_zcta,2
46461,not_in_2020_zcta,2
46515,not_in_2020_zcta,2
46612,not_in_2020_zcta,2
46852,not_in_2020_zcta,2
46861,not_in_2020_zcta,2
46903,not_in_2020_zcta,2
47176,not_in_2020_zcta,2
47363,not_in_2020_zcta,2
47716,not_in_2020_zcta,2
47728,not_in_2020_zcta,2
47903,not_in_2020_zcta,2
48057,not_in_2020_zcta,2
48061,not_in_2020_zcta,2
48099,not_in_2020_zcta,2
48107,not_in_2020_zcta,2
48231,not_in_2020_zcta,2
48330,not_in_2020_zcta,2
48332,not_in_2020_zcta,2
48361,not_in_2020_zcta,2
48366,not_in_2020_zcta,2
48548,not_in_2020_zcta,2
48605,not_in_2020_zcta,2
48804,not_in_2020_zcta,2
48844,not_in_2020_zcta,2
48908,not_in_2020_zcta,2
49003,not_in_2020_zcta,2
49422,not_in_2020_zcta,2
49463,not_in_2020_zcta,2
49610,not_in_2020_zcta,2
49964,not_in_2020_zcta,2
50305,not_in_2020_zcta,2
51102,not_in_2020_zcta,2
52648,not_in_2020_zcta,2
53109,not_in_2020_zcta,2
53141,not_in_2020_zcta,2
53148,not_in_2020_zcta,2
53187,not_in_2020_zcta,2
53408,not_in_2020_zcta,2
53419,not_in_2020_zcta,2
53547,not_in_2020_zcta,2
53701,not_in_2020_zcta,2
54131,not_in_2020_zcta,2
54402,not_in_2020_zcta,2
54602,not_in_2020_zcta,2
54912,not_in_2020_zcta,2
55141,not_in_2020_zcta,2
55146,not_in_2020_zcta,2
55458,not_in_2020_zcta,2
55657,not_in_2020_zcta,2
56233,not_in_2020_zcta,2
56502,not_in_2020_zcta,2
57402,not_in_2020_zcta,2
58107,not_in_2020_zcta,2
58506,not_in_2020_zcta,2
59703,not_in_2020_zcta,2
60039,not_in_2020_zcta,2
60078,not_in_2020_zcta,2
60147,not_in_2020_zcta,2
60159,not_in_2020_zcta,2
60167,not_in_2020_zcta,2
60377,not_in_2020_zcta,2
60413,not_in_2020_zcta,2
60434,not_in_2020_zcta,2
60567,not_in_2020_zcta,2
60583,not_in_2020_zcta,2
60600,not_in_2020_zcta,2
61125,not_in_2020_zcta,2
61126,not_in_2020_zcta,2
61130,not_in_2020_zcta,2
61266,not_in_2020_zcta,2
61555,not_in_2020_zcta,2
61702,not_in_2020_zcta,2
61707,not_in_2020_zcta,2
63022,not_in_2020_zcta,2
63032,not_in_2020_zcta,2
63704,not_in_2020_zcta,2
63886,not_in_2020_zcta,2
63938,not_in_2020_zcta,2
64013,not_in_2020_zcta,2
65309,not_in_2020_zcta,2
65673,not_in_2020_zcta,2
65805,not_in_2020_zcta,2
66119,not_in_2020_zcta,2
66283,not_in_2020_zcta,2
66285,not_in_2020_zcta,2
66601,not_in_2020_zcta,2
67402,not_in_2020_zcta,2
68026,not_in_2020_zcta,2
68501,not_in_2020_zcta,2
68702,not_in_2020_zcta,2
70009,not_in_2020_zcta,2
70010,not_in_2020_zcta,2
70060,not_in_2020_zcta,2
70064,not_in_2020_zcta,2
70096,not_in_2020_zcta,2
70103,not_in_2020_zcta,2
70157,not_in_2020_zcta,2
70178,not_in_2020_zcta,2
70183,not_in_2020_zcta,2
70429,not_in_2020_zcta,2
70488,not_in_2020_zcta,2
70596,not_in_2020_zcta,2
70616,not_in_2020_zcta,2
70707,not_in_2020_zcta,2
70765,not_in_2020_zcta,2
70800,not_in_2020_zcta,2
70804,not_in_2020_zcta,2
70892,not_in_2020_zcta,2
70895,not_in_2020_zcta,2
71125,not_in_2020_zcta,2
71306,not_in_2020_zcta,2
71496,not_in_2020_zcta,2
71612,not_in_2020_zcta,2
71829,not_in_2020_zcta,2
71840,not_in_2020_zcta,2
71902,not_in_2020_zcta,2
71903,not_in_2020_zcta,2
72089,not_in_2020_zcta,2
72213,not_in_2020_zcta,2
72215,not_in_2020_zcta,2
72221,not_in_2020_zcta,2
72321,not_in_2020_zcta,2
72451,not_in_2020_zcta,2
72506,not_in_2020_zcta,2
72716,not_in_2020_zcta,2
72733,not_in_2020_zcta,2
72757,not_in_2020_zcta,2
72811,not_in_2020_zcta,2
72902,not_in_2020_zcta,2
73101,not_in_2020_zcta,2
73113,not_in_2020_zcta,2
73147,not_in_2020_zcta,2
73155,not_in_2020_zcta,2
73776,not_in_2020_zcta,2
74101,not_in_2020_zcta,2
74345,not_in_2020_zcta,2
74545,not_in_2020_zcta,2
75017,not_in_2020_zcta,2
75045,not_in_2020_zcta,2
75053,not_in_2020_zcta,2
75073,not_in_2020_zcta,2
75085,not_in_2020_zcta,2
75097,not_in_2020_zcta,2
75118,not_in_2020_zcta,2
75138,not_in_2020_zcta,2
75339,not_in_2020_zcta,2
75379,not_in_2020_zcta,2
75483,not_in_2020_zcta,2
75636,not_in_2020_zcta,2
75685,not_in_2020_zcta,2
75978,not_in_2020_zcta,2
76004,not_in_2020_zcta,2
76025,not_in_2020_zcta,2
76057,not_in_2020_zcta,2
76095,not_in_2020_zcta,2
76307,not_in_2020_zcta,2
76425,not_in_2020_zcta,2
76505,not_in_2020_zcta,2
76508,not_in_2020_zcta,2
76526,not_in_2020_zcta,2
76564,not_in_2020_zcta,2
76594,not_in_2020_zcta,2
76702,not_in_2020_zcta,2
76714,not_in_2020_zcta,2
76833,not_in_2020_zcta,2
76906,not_in_2020_zcta,2
77210,not_in_2020_zcta,2
77222,not_in_2020_zcta,2
77223,not_in_2020_zcta,2
77224,not_in_2020_zcta,2
77238,not_in_2020_zcta,2
77240,not_in_2020_zcta,2
77248,not_in_2020_zcta,2
77249,not_in_2020_zcta,2
77251,not_in_2020_zcta,2
77263,not_in_2020_zcta,2
77268,not_in_2020_zcta,2
77270,not_in_2020_zcta,2
77273,not_in_2020_zcta,2
77291,not_in_2020_zcta,2
77325,not_in_2020_zcta,2
77361,not_in_2020_zcta,2
77370,not_in_2020_zcta,2
77439,not_in_2020_zcta,2
77497,not_in_2020_zcta,2
77537,not_in_2020_zcta,2
77572,not_in_2020_zcta,2
77593,not_in_2020_zcta,2
77631,not_in_2020_zcta,2
77639,not_in_2020_zcta,2
77667,not_in_2020_zcta,2
77842,not_in_2020_zcta,2
77870,not_in_2020_zcta,2
77959,not_in_2020_zcta,2
78051,not_in_2020_zcta,2
78054,not_in_2020_zcta,2
78106,not_in_2020_zcta,2
78131,not_in_2020_zcta,2
78206,not_in_2020_zcta,2
78269,not_in_2020_zcta,2
78270,not_in_2020_zcta,2
78279,not_in_2020_zcta,2
78299,not_in_2020_zcta,2
78426,not_in_2020_zcta,2
78440,not_in_2020_zcta,2
78460,not_in_2020_zcta,2
78465,not_in_2020_zcta,2
78466,not_in_2020_zcta,2
78546,not_in_2020_zcta,2
78553,not_in_2020_zcta,2
78627,not_in_2020_zcta,2
78646,not_in_2020_zcta,2
78761,not_in_2020_zcta,2
78822,not_in_2020_zcta,2
78882,not_in_2020_zcta,2
79074,not_in_2020_zcta,2
79116,not_in_2020_zcta,2
79120,not_in_2020_zcta,2
79452,not_in_2020_zcta,2
79704,not_in_2020_zcta,2
79998,not_in_2020_zcta,2
80028,not_in_2020_zcta,2
80037,not_in_2020_zcta,2
80038,not_in_2020_zcta,2
80041,not_in_2020_zcta,2
80162,not_in_2020_zcta,2
80176,not_in_2020_zcta,2
80225,not_in_2020_zcta,2
80250,not_in_2020_zcta,2
80321,not_in_2020_zcta,2
80437,not_in_2020_zcta,2
80488,not_in_2020_zcta,2
80502,not_in_2020_zcta,2
80533,not_in_2020_zcta,2
80647,not_in_2020_zcta,2
80937,not_in_2020_zcta,2
81602,not_in_2020_zcta,2
82524,not_in_2020_zcta,2
83205,not_in_2020_zcta,2
83403,not_in_2020_zcta,2
83606,not_in_2020_zcta,2
83719,not_in_2020_zcta,2
83816,not_in_2020_zcta,2
84091,not_in_2020_zcta,2
84110,not_in_2020_zcta,2
84157,not_in_2020_zcta,2
84170,not_in_2020_zcta,2
84510,not_in_2020_zcta,2
84603,not_in_2020_zcta,2
85001,not_in_2020_zcta,2
85025,not_in_2020_zcta,2
85030,not_in_2020_zcta,2
85038,not_in_2020_zcta,2
85052,not_in_2020_zcta,2
85060,not_in_2020_zcta,2
85061,not_in_2020_zcta,2
85127,not_in_2020_zcta,2
85214,not_in_2020_zcta,2
85217,not_in_2020_zcta,2
85229,not_in_2020_zcta,2
85237,not_in_2020_zcta,2
85245,not_in_2020_zcta,2
85271,not_in_2020_zcta,2
85287,not_in_2020_zcta,2
85291,not_in_2020_zcta,2
85293,not_in_2020_zcta,2
85311,not_in_2020_zcta,2
85402,not_in_2020_zcta,2
85703,not_in_2020_zcta,2
85751,not_in_2020_zcta,2
86002,not_in_2020_zcta,2
86246,not_in_2020_zcta,2
86302,not_in_2020_zcta,2
86304,not_in_2020_zcta,2
86402,not_in_2020_zcta,2
86439,not_in_2020_zcta,2
86737,not_in_2020_zcta,2
87103,not_in_2020_zcta,2
87153,not_in_2020_zcta,2
87184,not_in_2020_zcta,2
87196,not_in_2020_zcta,2
87203,not_in_2020_zcta,2
87431,not_in_2020_zcta,2
87504,not_in_2020_zcta,2
87594,not_in_2020_zcta,2
88006,not_in_2020_zcta,2
88117,not_in_2020_zcta,2
89116,not_in_2020_zcta,2
89127,not_in_2020_zcta,2
89162,not_in_2020_zcta,2
89452,not_in_2020_zcta,2
89507,not_in_2020_zcta,2
89513,not_in_2020_zcta,2
89533,not_in_2020_zcta,2
90000,not_in_2020_zcta,2
90050,not_in_2020_zcta,2
90060,not_in_2020_zcta,2
90126,not_in_2020_zcta,2
90202,not_in_2020_zcta,2
90225,not_in_2020_zcta,2
90253,not_in_2020_zcta,2
90264,not_in_2020_zcta,2
90267,not_in_2020_zcta,2
90268,not_in_2020_zcta,2
90350,not_in_2020_zcta,2
90643,not_in_2020_zcta,2
90652,not_in_2020_zcta,2
90661,not_in_2020_zcta,2
90714,not_in_2020_zcta,2
90721,not_in_2020_zcta,2
90722,not_in_2020_zcta,2
90749,not_in_2020_zcta,2
91009,not_in_2020_zcta,2
91025,not_in_2020_zcta,2
91117,not_in_2020_zcta,2
91170,not_in_2020_zcta,2
91195,not_in_2020_zcta,2
91225,not_in_2020_zcta,2
91230,not_in_2020_zcta,2
91327,not_in_2020_zcta,2
91341,not_in_2020_zcta,2
91346,not_in_2020_zcta,2
91365,not_in_2020_zcta,2
91396,not_in_2020_zcta,2
91409,not_in_2020_zcta,2
91715,not_in_2020_zcta,2
91720,not_in_2020_zcta,2
91747,not_in_2020_zcta,2
91788,not_in_2020_zcta,2
91793,not_in_2020_zcta,2
91908,not_in_2020_zcta,2
91909,not_in_2020_zcta,2
91979,not_in_2020_zcta,2
92017,not_in_2020_zcta,2
92018,not_in_2020_zcta,2
92022,not_in_2020_zcta,2
92038,not_in_2020_zcta,2
92039,not_in_2020_zcta,2
92072,not_in_2020_zcta,2
92148,not_in_2020_zcta,2
92153,not_in_2020_zcta,2
92169,not_in_2020_zcta,2
92170,not_in_2020_zcta,2
92171,not_in_2020_zcta,2
92255,not_in_2020_zcta,2
92357,not_in_2020_zcta,2
92375,not_in_2020_zcta,2
92379,not_in_2020_zcta,2
92406,not_in_2020_zcta,2
92454,not_in_2020_zcta,2
92502,not_in_2020_zcta,2
92513,not_in_2020_zcta,2
92515,not_in_2020_zcta,2
92519,not_in_2020_zcta,2
92533,not_in_2020_zcta,2
92554,not_in_2020_zcta,2
92556,not_in_2020_zcta,2
92560,not_in_2020_zcta,2
92615,not_in_2020_zcta,2
92616,not_in_2020_zcta,2
92628,not_in_2020_zcta,2
92632,not_in_2020_zcta,2
92638,not_in_2020_zcta,2
92652,not_in_2020_zcta,2
92690,not_in_2020_zcta,2
92720,not_in_2020_zcta,2
92809,not_in_2020_zcta,2
92813,not_in_2020_zcta,2
92814,not_in_2020_zcta,2
92817,not_in_2020_zcta,2
92857,not_in_2020_zcta,2
92871,not_in_2020_zcta,2
92885,not_in_2020_zcta,2
93005,not_in_2020_zcta,2
93006,not_in_2020_zcta,2
93019,not_in_2020_zcta,2
93020,not_in_2020_zcta,2
93024,not_in_2020_zcta,2
93034,not_in_2020_zcta,2
93094,not_in_2020_zcta,2
93102,not_in_2020_zcta,2
93107,not_in_2020_zcta,2
93150,not_in_2020_zcta,2
93160,not_in_2020_zcta,2
93278,not_in_2020_zcta,2
93299,not_in_2020_zcta,2
93350,not_in_2020_zcta,2
93387,not_in_2020_zcta,2
93406,not_in_2020_zcta,2
93712,not_in_2020_zcta,2
93745,not_in_2020_zcta,2
93915,not_in_2020_zcta,2
94013,not_in_2020_zcta,2
94026,not_in_2020_zcta,2
94039,not_in_2020_zcta,2
94106,not_in_2020_zcta,2
94120,not_in_2020_zcta,2
94340,not_in_2020_zcta,2
94543,not_in_2020_zcta,2
94554,not_in_2020_zcta,2
94557,not_in_2020_zcta,2
94661,not_in_2020_zcta,2
94662,not_in_2020_zcta,2
94808,not_in_2020_zcta,2
94820,not_in_2020_zcta,2
94878,not_in_2020_zcta,2
94913,not_in_2020_zcta,2
94978,not_in_2020_zcta,2
95011,not_in_2020_zcta,2
95031,not_in_2020_zcta,2
95038,not_in_2020_zcta,2
95071,not_in_2020_zcta,2
95108,not_in_2020_zcta,2
95137,not_in_2020_zcta,2
95155,not_in_2020_zcta,2
95160,not_in_2020_zcta,2
95201,not_in_2020_zcta,2
95241,not_in_2020_zcta,2
95292,not_in_2020_zcta,2
95347,not_in_2020_zcta,2
95359,not_in_2020_zcta,2
95433,not_in_2020_zcta,2
95487,not_in_2020_zcta,2
95851,not_in_2020_zcta,2
95866,not_in_2020_zcta,2
95952,not_in_2020_zcta,2
96157,not_in_2020_zcta,2
96518,not_in_2020_zcta,2
96714,valid_2020_zcta_outside_conus_crop,2
96728,valid_2020_zcta_outside_conus_crop,2
96751,valid_2020_zcta_outside_conus_crop,2
96770,valid_2020_zcta_outside_conus_crop,2
96772,valid_2020_zcta_outside_conus_crop,2
96780,valid_2020_zcta_outside_conus_crop,2
96807,not_in_2020_zcta,2
96824,not_in_2020_zcta,2
96828,not_in_2020_zcta,2
96839,not_in_2020_zcta,2
96912,not_in_2020_zcta,2
96913,valid_2020_zcta_outside_conus_crop,2
97044,not_in_2020_zcta,2
97207,not_in_2020_zcta,2
97238,not_in_2020_zcta,2
97281,not_in_2020_zcta,2
97292,not_in_2020_zcta,2
97407,not_in_2020_zcta,2
98015,not_in_2020_zcta,2
98041,not_in_2020_zcta,2
98111,not_in_2020_zcta,2
98124,not_in_2020_zcta,2
98139,not_in_2020_zcta,2
98165,not_in_2020_zcta,2
98324,not_in_2020_zcta,2
98401,not_in_2020_zcta,2
98417,not_in_2020_zcta,2
98419,not_in_2020_zcta,2
98511,not_in_2020_zcta,2
98706,not_in_2020_zcta,2
98732,not_in_2020_zcta,2
99519,valid_2020_zcta_outside_conus_crop,2
99550,valid_2020_zcta_outside_conus_crop,2
99563,valid_2020_zcta_outside_conus_crop,2
99576,valid_2020_zcta_outside_conus_crop,2
99606,valid_2020_zcta_outside_conus_crop,2
99628,valid_2020_zcta_outside_conus_crop,2
99629,not_in_2020_zcta,2
99674,valid_2020_zcta_outside_conus_crop,2
99692,valid_2020_zcta_outside_conus_crop,2
99694,valid_2020_zcta_outside_conus_crop,2
99738,valid_2020_zcta_outside_conus_crop,2
99746,valid_2020_zcta_outside_conus_crop,2
99760,valid_2020_zcta_outside_conus_crop,2
99780,valid_2020_zcta_outside_conus_crop,2
99789,valid_2020_zcta_outside_conus_crop,2
99840,valid_2020_zcta_outside_conus_crop,2
99921,valid_2020_zcta_outside_conus_crop,2
99925,valid_2020_zcta_outside_conus_crop,2
00007,not_in_2020_zcta,1
00018,not_in_2020_zcta,1
00068,not_in_2020_zcta,1
00078,not_in_2020_zcta,1
00094,not_in_2020_zcta,1
00180,not_in_2020_zcta,1
00197,not_in_2020_zcta,1
00229,not_in_2020_zcta,1
00238,not_in_2020_zcta,1
00260,not_in_2020_zcta,1
00276,not_in_2020_zcta,1
00285,not_in_2020_zcta,1
00334,not_in_2020_zcta,1
00407,not_in_2020_zcta,1
00607,not_in_2020_zcta,1
00608,not_in_2020_zcta,1
00618,not_in_2020_zcta,1
00625,not_in_2020_zcta,1
00629,not_in_2020_zcta,1
00633,not_in_2020_zcta,1
00636,valid_2020_zcta_outside_conus_crop,1
00649,not_in_2020_zcta,1
00673,not_in_2020_zcta,1
00675,not_in_2020_zcta,1
00684,not_in_2020_zcta,1
00689,not_in_2020_zcta,1
00691,not_in_2020_zcta,1
00764,not_in_2020_zcta,1
00776,not_in_2020_zcta,1
00786,valid_2020_zcta_outside_conus_crop,1
00787,not_in_2020_zcta,1
00788,not_in_2020_zcta,1
00797,not_in_2020_zcta,1
00861,not_in_2020_zcta,1
00865,not_in_2020_zcta,1
00903,not_in_2020_zcta,1
00933,not_in_2020_zcta,1
00939,not_in_2020_zcta,1
00964,not_in_2020_zcta,1
00967,not_in_2020_zcta,1
01000,not_in_2020_zcta,1
01004,not_in_2020_zcta,1
01014,not_in_2020_zcta,1
01015,not_in_2020_zcta,1
01016,not_in_2020_zcta,1
01017,not_in_2020_zcta,1
01021,not_in_2020_zcta,1
01025,not_in_2020_zcta,1
01046,not_in_2020_zcta,1
01061,not_in_2020_zcta,1
01067,not_in_2020_zcta,1
01116,not_in_2020_zcta,1
01139,not_in_2020_zcta,1
01156,not_in_2020_zcta,1
01168,not_in_2020_zcta,1
01180,not_in_2020_zcta,1
01208,not_in_2020_zcta,1
01210,not_in_2020_zcta,1
01211,not_in_2020_zcta,1
01234,not_in_2020_zcta,1
01248,not_in_2020_zcta,1
01297,not_in_2020_zcta,1
01334,not_in_2020_zcta,1
01441,not_in_2020_zcta,1
01457,not_in_2020_zcta,1
01467,not_in_2020_zcta,1
01496,not_in_2020_zcta,1
01517,not_in_2020_zcta,1
01526,not_in_2020_zcta,1
01538,not_in_2020_zcta,1
01551,not_in_2020_zcta,1
01556,not_in_2020_zcta,1
01574,not_in_2020_zcta,1
01576,not_in_2020_zcta,1
01578,not_in_2020_zcta,1
01587,not_in_2020_zcta,1
01614,not_in_2020_zcta,1
01644,not_in_2020_zcta,1
01690,not_in_2020_zcta,1
01705,not_in_2020_zcta,1
01712,not_in_2020_zcta,1
01766,not_in_2020_zcta,1
01777,not_in_2020_zcta,1
01809,not_in_2020_zcta,1
01819,not_in_2020_zcta,1
01822,not_in_2020_zcta,1
01823,not_in_2020_zcta,1
01836,not_in_2020_zcta,1
01865,not_in_2020_zcta,1
01866,not_in_2020_zcta,1
01874,not_in_2020_zcta,1
01875,not_in_2020_zcta,1
01881,not_in_2020_zcta,1
01885,not_in_2020_zcta,1
01903,not_in_2020_zcta,1
01931,not_in_2020_zcta,1
02004,not_in_2020_zcta,1
02005,not_in_2020_zcta,1
02041,not_in_2020_zcta,1
02059,not_in_2020_zcta,1
02073,not_in_2020_zcta,1
02101,not_in_2020_zcta,1
02102,not_in_2020_zcta,1
02105,not_in_2020_zcta,1
02123,not_in_2020_zcta,1
02137,not_in_2020_zcta,1
02146,not_in_2020_zcta,1
02147,not_in_2020_zcta,1
02156,not_in_2020_zcta,1
02159,not_in_2020_zcta,1
02172,not_in_2020_zcta,1
02173,not_in_2020_zcta,1
02175,not_in_2020_zcta,1
02178,not_in_2020_zcta,1
02187,not_in_2020_zcta,1
02193,not_in_2020_zcta,1
02195,not_in_2020_zcta,1
02196,not_in_2020_zcta,1
02212,not_in_2020_zcta,1
02213,not_in_2020_zcta,1
02222,not_in_2020_zcta,1
02230,not_in_2020_zcta,1
02233,not_in_2020_zcta,1
02255,not_in_2020_zcta,1
02260,not_in_2020_zcta,1
02272,not_in_2020_zcta,1
02281,not_in_2020_zcta,1
02305,not_in_2020_zcta,1
02321,not_in_2020_zcta,1
02327,not_in_2020_zcta,1
02344,not_in_2020_zcta,1
02401,not_in_2020_zcta,1
02408,not_in_2020_zcta,1
02410,not_in_2020_zcta,1
02440,not_in_2020_zcta,1
02448,not_in_2020_zcta,1
02470,not_in_2020_zcta,1
02473,not_in_2020_zcta,1
02511,not_in_2020_zcta,1
02549,not_in_2020_zcta,1
02567,not_in_2020_zcta,1
02574,not_in_2020_zcta,1
02577,not_in_2020_zcta,1
02588,not_in_2020_zcta,1
02605,not_in_2020_zcta,1
02661,not_in_2020_zcta,1
02705,not_in_2020_zcta,1
02712,not_in_2020_zcta,1
02741,not_in_2020_zcta,1
02742,not_in_2020_zcta,1
02772,not_in_2020_zcta,1
02819,not_in_2020_zcta,1
02820,not_in_2020_zcta,1
02854,not_in_2020_zcta,1
02862,not_in_2020_zcta,1
02880,not_in_2020_zcta,1
02887,not_in_2020_zcta,1
02902,not_in_2020_zcta,1
02929,not_in_2020_zcta,1
02935,not_in_2020_zcta,1
02940,not_in_2020_zcta,1
02954,not_in_2020_zcta,1
02965,not_in_2020_zcta,1
03001,not_in_2020_zcta,1
03041,not_in_2020_zcta,1
03050,not_in_2020_zcta,1
03056,not_in_2020_zcta,1
03073,not_in_2020_zcta,1
03075,not_in_2020_zcta,1
03105,not_in_2020_zcta,1
03120,not_in_2020_zcta,1
03292,not_in_2020_zcta,1
03390,not_in_2020_zcta,1
03394,not_in_2020_zcta,1
03468,not_in_2020_zcta,1
03477,not_in_2020_zcta,1
03501,not_in_2020_zcta,1
03503,not_in_2020_zcta,1
03535,not_in_2020_zcta,1
03557,not_in_2020_zcta,1
03629,not_in_2020_zcta,1
03662,not_in_2020_zcta,1
03746,not_in_2020_zcta,1
03754,not_in_2020_zcta,1
03802,not_in_2020_zcta,1
03804,not_in_2020_zcta,1
03899,not_in_2020_zcta,1
03948,not_in_2020_zcta,1
04012,not_in_2020_zcta,1
04016,not_in_2020_zcta,1
04034,not_in_2020_zcta,1
04036,not_in_2020_zcta,1
04078,not_in_2020_zcta,1
04113,not_in_2020_zcta,1
04116,not_in_2020_zcta,1
04119,not_in_2020_zcta,1
04153,not_in_2020_zcta,1
04172,not_in_2020_zcta,1
04211,not_in_2020_zcta,1
04223,not_in_2020_zcta,1
04230,not_in_2020_zcta,1
04361,not_in_2020_zcta,1
04506,not_in_2020_zcta,1
04507,not_in_2020_zcta,1
04560,not_in_2020_zcta,1
04644,not_in_2020_zcta,1
04672,not_in_2020_zcta,1
04704,not_in_2020_zcta,1
04755,not_in_2020_zcta,1
04935,not_in_2020_zcta,1
04962,not_in_2020_zcta,1
05124,not_in_2020_zcta,1
05181,not_in_2020_zcta,1
05207,not_in_2020_zcta,1
05303,not_in_2020_zcta,1
05381,not_in_2020_zcta,1
05407,not_in_2020_zcta,1
05460,not_in_2020_zcta,1
05466,not_in_2020_zcta,1
05490,not_in_2020_zcta,1
05501,not_in_2020_zcta,1
05565,not_in_2020_zcta,1
05601,not_in_2020_zcta,1
05657,not_in_2020_zcta,1
05749,not_in_2020_zcta,1
05818,not_in_2020_zcta,1
05823,not_in_2020_zcta,1
05863,not_in_2020_zcta,1
05864,not_in_2020_zcta,1
06006,not_in_2020_zcta,1
06017,not_in_2020_zcta,1
06025,not_in_2020_zcta,1
06034,not_in_2020_zcta,1
06041,not_in_2020_zcta,1
06045,not_in_2020_zcta,1
06046,not_in_2020_zcta,1
06054,not_in_2020_zcta,1
06064,not_in_2020_zcta,1
06075,not_in_2020_zcta,1
06077,not_in_2020_zcta,1
06104,not_in_2020_zcta,1
06129,not_in_2020_zcta,1
06138,not_in_2020_zcta,1
06153,not_in_2020_zcta,1
06165,not_in_2020_zcta,1
06191,not_in_2020_zcta,1
06198,not_in_2020_zcta,1
06221,not_in_2020_zcta,1
06233,not_in_2020_zcta,1
06297,not_in_2020_zcta,1
06402,not_in_2020_zcta,1
06453,not_in_2020_zcta,1
06490,not_in_2020_zcta,1
06497,not_in_2020_zcta,1
06501,not_in_2020_zcta,1
06502,not_in_2020_zcta,1
06505,not_in_2020_zcta,1
06507,not_in_2020_zcta,1
06530,not_in_2020_zcta,1
06531,not_in_2020_zcta,1
06539,not_in_2020_zcta,1
06541,not_in_2020_zcta,1
06581,not_in_2020_zcta,1
06584,not_in_2020_zcta,1
06601,not_in_2020_zcta,1
06602,not_in_2020_zcta,1
06617,not_in_2020_zcta,1
06631,not_in_2020_zcta,1
06657,not_in_2020_zcta,1
06700,not_in_2020_zcta,1
06703,not_in_2020_zcta,1
06717,not_in_2020_zcta,1
06721,not_in_2020_zcta,1
06748,not_in_2020_zcta,1
06802,not_in_2020_zcta,1
06813,not_in_2020_zcta,1
06843,not_in_2020_zcta,1
06848,not_in_2020_zcta,1
06856,not_in_2020_zcta,1
06859,not_in_2020_zcta,1
06875,not_in_2020_zcta,1
06876,not_in_2020_zcta,1
06904,not_in_2020_zcta,1
06993,not_in_2020_zcta,1
06999,not_in_2020_zcta,1
07038,not_in_2020_zcta,1
07053,not_in_2020_zcta,1
07098,not_in_2020_zcta,1
07115,not_in_2020_zcta,1
07119,not_in_2020_zcta,1
07140,not_in_2020_zcta,1
07160,not_in_2020_zcta,1
07182,not_in_2020_zcta,1
07212,not_in_2020_zcta,1
07222,not_in_2020_zcta,1
07268,not_in_2020_zcta,1
07290,not_in_2020_zcta,1
07361,not_in_2020_zcta,1
07402,not_in_2020_zcta,1
07404,not_in_2020_zcta,1
07406,not_in_2020_zcta,1
07411,not_in_2020_zcta,1
07451,not_in_2020_zcta,1
07453,not_in_2020_zcta,1
07469,not_in_2020_zcta,1
07474,not_in_2020_zcta,1
07476,not_in_2020_zcta,1
07482,not_in_2020_zcta,1
07507,not_in_2020_zcta,1
07523,not_in_2020_zcta,1
07526,not_in_2020_zcta,1
07540,not_in_2020_zcta,1
07542,not_in_2020_zcta,1
07544,not_in_2020_zcta,1
07546,not_in_2020_zcta,1
07547,not_in_2020_zcta,1
07553,not_in_2020_zcta,1
07573,not_in_2020_zcta,1
07602,not_in_2020_zcta,1
07622,not_in_2020_zcta,1
07654,not_in_2020_zcta,1
07664,not_in_2020_zcta,1
07680,not_in_2020_zcta,1
07688,not_in_2020_zcta,1
07689,not_in_2020_zcta,1
07707,not_in_2020_zcta,1
07714,not_in_2020_zcta,1
07742,not_in_2020_zcta,1
07752,not_in_2020_zcta,1
07763,not_in_2020_zcta,1
07769,not_in_2020_zcta,1
07771,not_in_2020_zcta,1
07782,not_in_2020_zcta,1
07804,not_in_2020_zcta,1
07806,not_in_2020_zcta,1
07807,not_in_2020_zcta,1
07809,not_in_2020_zcta,1
07845,not_in_2020_zcta,1
07873,not_in_2020_zcta,1
07886,not_in_2020_zcta,1
07903,not_in_2020_zcta,1
07925,not_in_2020_zcta,1
07929,not_in_2020_zcta,1
07938,not_in_2020_zcta,1
07948,not_in_2020_zcta,1
07962,not_in_2020_zcta,1
07978,not_in_2020_zcta,1
08058,not_in_2020_zcta,1
08099,not_in_2020_zcta,1
08100,not_in_2020_zcta,1
08143,not_in_2020_zcta,1
08153,not_in_2020_zcta,1
08160,not_in_2020_zcta,1
08168,not_in_2020_zcta,1
08206,not_in_2020_zcta,1
08219,not_in_2020_zcta,1
08222,not_in_2020_zcta,1
08231,not_in_2020_zcta,1
08274,not_in_2020_zcta,1
08301,not_in_2020_zcta,1
08315,not_in_2020_zcta,1
08331,not_in_2020_zcta,1
08366,not_in_2020_zcta,1
08372,not_in_2020_zcta,1
08375,not_in_2020_zcta,1
08380,not_in_2020_zcta,1
08400,not_in_2020_zcta,1
08430,not_in_2020_zcta,1
08444,not_in_2020_zcta,1
08465,not_in_2020_zcta,1
08472,not_in_2020_zcta,1
08480,not_in_2020_zcta,1
08503,not_in_2020_zcta,1
08526,not_in_2020_zcta,1
08548,not_in_2020_zcta,1
08572,not_in_2020_zcta,1
08577,not_in_2020_zcta,1
08582,not_in_2020_zcta,1
08588,not_in_2020_zcta,1
08604,not_in_2020_zcta,1
08605,not_in_2020_zcta,1
08606,not_in_2020_zcta,1
08612,not_in_2020_zcta,1
08624,not_in_2020_zcta,1
08646,not_in_2020_zcta,1
08650,not_in_2020_zcta,1
08656,not_in_2020_zcta,1
08707,not_in_2020_zcta,1
08774,not_in_2020_zcta,1
08779,not_in_2020_zcta,1
08808,not_in_2020_zcta,1
08814,not_in_2020_zcta,1
08864,not_in_2020_zcta,1
08868,not_in_2020_zcta,1
08870,not_in_2020_zcta,1
08919,not_in_2020_zcta,1
08930,not_in_2020_zcta,1
08934,not_in_2020_zcta,1
08959,not_in_2020_zcta,1
08980,not_in_2020_zcta,1
09015,not_in_2020_zcta,1
09016,not_in_2020_zcta,1
09065,not_in_2020_zcta,1
09069,not_in_2020_zcta,1
09076,not_in_2020_zcta,1
09084,not_in_2020_zcta,1
09096,not_in_2020_zcta,1
09123,not_in_2020_zcta,1
09128,not_in_2020_zcta,1
09147,not_in_2020_zcta,1
09166,not_in_2020_zcta,1
09173,not_in_2020_zcta,1
09280,not_in_2020_zcta,1
09302,not_in_2020_zcta,1
09303,not_in_2020_zcta,1
09312,not_in_2020_zcta,1
09435,not_in_2020_zcta,1
09603,not_in_2020_zcta,1
09608,not_in_2020_zcta,1
09720,not_in_2020_zcta,1
09745,not_in_2020_zcta,1
09752,not_in_2020_zcta,1
09757,not_in_2020_zcta,1
10042,not_in_2020_zcta,1
10050,not_in_2020_zcta,1
10052,not_in_2020_zcta,1
10085,not_in_2020_zcta,1
10107,not_in_2020_zcta,1
10116,not_in_2020_zcta,1
10123,not_in_2020_zcta,1
10145,not_in_2020_zcta,1
10150,not_in_2020_zcta,1
10159,not_in_2020_zcta,1
10163,not_in_2020_zcta,1
10175,not_in_2020_zcta,1
10181,not_in_2020_zcta,1
10215,not_in_2020_zcta,1
10219,not_in_2020_zcta,1
10230,not_in_2020_zcta,1
10260,not_in_2020_zcta,1
10264,not_in_2020_zcta,1
10290,not_in_2020_zcta,1
10299,not_in_2020_zcta,1
10300,not_in_2020_zcta,1
10319,not_in_2020_zcta,1
10322,not_in_2020_zcta,1
10341,not_in_2020_zcta,1
10375,not_in_2020_zcta,1
10394,not_in_2020_zcta,1
10400,not_in_2020_zcta,1
10403,not_in_2020_zcta,1
10409,not_in_2020_zcta,1
10415,not_in_2020_zcta,1
10423,not_in_2020_zcta,1
10435,not_in_2020_zcta,1
10437,not_in_2020_zcta,1
10446,not_in_2020_zcta,1
10450,not_in_2020_zcta,1
10483,not_in_2020_zcta,1
10491,not_in_2020_zcta,1
10500,not_in_2020_zcta,1
10564,not_in_2020_zcta,1
10575,not_in_2020_zcta,1
10600,not_in_2020_zcta,1
10609,not_in_2020_zcta,1
10614,not_in_2020_zcta,1
10616,not_in_2020_zcta,1
10642,not_in_2020_zcta,1
10647,not_in_2020_zcta,1
10650,not_in_2020_zcta,1
10667,not_in_2020_zcta,1
10694,not_in_2020_zcta,1
10716,not_in_2020_zcta,1
10750,not_in_2020_zcta,1
10764,not_in_2020_zcta,1
10770,not_in_2020_zcta,1
10811,not_in_2020_zcta,1
10822,not_in_2020_zcta,1
10845,not_in_2020_zcta,1
10880,not_in_2020_zcta,1
10884,not_in_2020_zcta,1
10903,not_in_2020_zcta,1
10905,not_in_2020_zcta,1
10907,not_in_2020_zcta,1
10938,not_in_2020_zcta,1
10951,not_in_2020_zcta,1
10959,not_in_2020_zcta,1
10997,not_in_2020_zcta,1
11022,not_in_2020_zcta,1
11025,not_in_2020_zcta,1
11027,not_in_2020_zcta,1
11029,not_in_2020_zcta,1
11038,not_in_2020_zcta,1
11070,not_in_2020_zcta,1
11073,not_in_2020_zcta,1
11075,not_in_2020_zcta,1
11077,not_in_2020_zcta,1
11090,not_in_2020_zcta,1
11091,not_in_2020_zcta,1
11107,not_in_2020_zcta,1
11108,not_in_2020_zcta,1
11111,not_in_2020_zcta,1
11123,not_in_2020_zcta,1
11135,not_in_2020_zcta,1
11139,not_in_2020_zcta,1
11150,not_in_2020_zcta,1
11195,not_in_2020_zcta,1
11243,not_in_2020_zcta,1
11246,not_in_2020_zcta,1
11247,not_in_2020_zcta,1
11250,not_in_2020_zcta,1
11255,not_in_2020_zcta,1
11260,not_in_2020_zcta,1
11265,not_in_2020_zcta,1
11267,not_in_2020_zcta,1
11269,not_in_2020_zcta,1
11273,not_in_2020_zcta,1
11287,not_in_2020_zcta,1
11295,not_in_2020_zcta,1
11297,not_in_2020_zcta,1
11305,not_in_2020_zcta,1
11310,not_in_2020_zcta,1
11314,not_in_2020_zcta,1
11321,not_in_2020_zcta,1
11325,not_in_2020_zcta,1
11326,not_in_2020_zcta,1
11337,not_in_2020_zcta,1
11341,not_in_2020_zcta,1
11342,not_in_2020_zcta,1
11345,not_in_2020_zcta,1
11347,not_in_2020_zcta,1
11351,not_in_2020_zcta,1
11353,not_in_2020_zcta,1
11383,not_in_2020_zcta,1
11392,not_in_2020_zcta,1
11399,not_in_2020_zcta,1
11437,not_in_2020_zcta,1
11443,not_in_2020_zcta,1
11463,not_in_2020_zcta,1
11466,not_in_2020_zcta,1
11468,not_in_2020_zcta,1
11470,not_in_2020_zcta,1
11475,not_in_2020_zcta,1
11483,not_in_2020_zcta,1
11504,not_in_2020_zcta,1
11508,not_in_2020_zcta,1
11512,not_in_2020_zcta,1
11522,not_in_2020_zcta,1
11523,not_in_2020_zcta,1
11531,not_in_2020_zcta,1
11532,not_in_2020_zcta,1
11535,not_in_2020_zcta,1
11555,not_in_2020_zcta,1
11567,not_in_2020_zcta,1
11582,not_in_2020_zcta,1
11589,not_in_2020_zcta,1
11591,not_in_2020_zcta,1
11595,not_in_2020_zcta,1
11632,not_in_2020_zcta,1
11657,not_in_2020_zcta,1
11664,not_in_2020_zcta,1
11667,not_in_2020_zcta,1
11680,not_in_2020_zcta,1
11711,not_in_2020_zcta,1
11737,not_in_2020_zcta,1
11750,not_in_2020_zcta,1
11761,not_in_2020_zcta,1
11773,not_in_2020_zcta,1
11775,not_in_2020_zcta,1
11785,not_in_2020_zcta,1
11800,not_in_2020_zcta,1
11805,not_in_2020_zcta,1
11810,not_in_2020_zcta,1
11849,not_in_2020_zcta,1
11850,not_in_2020_zcta,1
11851,not_in_2020_zcta,1
11904,not_in_2020_zcta,1
11907,not_in_2020_zcta,1
11915,not_in_2020_zcta,1
11945,not_in_2020_zcta,1
11974,not_in_2020_zcta,1
11981,not_in_2020_zcta,1
11984,not_in_2020_zcta,1
11990,not_in_2020_zcta,1
11993,not_in_2020_zcta,1
11994,not_in_2020_zcta,1
12012,not_in_2020_zcta,1
12089,not_in_2020_zcta,1
12119,not_in_2020_zcta,1
12128,not_in_2020_zcta,1
12181,not_in_2020_zcta,1
12219,not_in_2020_zcta,1
12224,not_in_2020_zcta,1
12244,not_in_2020_zcta,1
12270,not_in_2020_zcta,1
12301,not_in_2020_zcta,1
12332,not_in_2020_zcta,1
12380,not_in_2020_zcta,1
12462,not_in_2020_zcta,1
12500,not_in_2020_zcta,1
12541,not_in_2020_zcta,1
12552,not_in_2020_zcta,1
12554,not_in_2020_zcta,1
12557,not_in_2020_zcta,1
12579,not_in_2020_zcta,1
12595,not_in_2020_zcta,1
12606,not_in_2020_zcta,1
12611,not_in_2020_zcta,1
12688,not_in_2020_zcta,1
12830,not_in_2020_zcta,1
13064,not_in_2020_zcta,1
13091,not_in_2020_zcta,1
13096,not_in_2020_zcta,1
13213,not_in_2020_zcta,1
13217,not_in_2020_zcta,1
13362,not_in_2020_zcta,1
13371,not_in_2020_zcta,1
13399,not_in_2020_zcta,1
13426,not_in_2020_zcta,1
13503,not_in_2020_zcta,1
13509,not_in_2020_zcta,1
13586,not_in_2020_zcta,1
13708,not_in_2020_zcta,1
13761,not_in_2020_zcta,1
13762,not_in_2020_zcta,1
13763,not_in_2020_zcta,1
13767,not_in_2020_zcta,1
13840,not_in_2020_zcta,1
13848,not_in_2020_zcta,1
13908,not_in_2020_zcta,1
13980,not_in_2020_zcta,1
13981,not_in_2020_zcta,1
14010,not_in_2020_zcta,1
14017,not_in_2020_zcta,1
14049,not_in_2020_zcta,1
14071,not_in_2020_zcta,1
14089,not_in_2020_zcta,1
14095,not_in_2020_zcta,1
14107,not_in_2020_zcta,1
14147,not_in_2020_zcta,1
14240,not_in_2020_zcta,1
14270,not_in_2020_zcta,1
14299,not_in_2020_zcta,1
14362,not_in_2020_zcta,1
14380,not_in_2020_zcta,1
14383,not_in_2020_zcta,1
14395,not_in_2020_zcta,1
14429,not_in_2020_zcta,1
14442,not_in_2020_zcta,1
14461,not_in_2020_zcta,1
14503,not_in_2020_zcta,1
14508,not_in_2020_zcta,1
14520,not_in_2020_zcta,1
14563,not_in_2020_zcta,1
14578,not_in_2020_zcta,1
14650,not_in_2020_zcta,1
14773,not_in_2020_zcta,1
14849,not_in_2020_zcta,1
14851,not_in_2020_zcta,1
14888,not_in_2020_zcta,1
14985,not_in_2020_zcta,1
15105,not_in_2020_zcta,1
15107,not_in_2020_zcta,1
15170,not_in_2020_zcta,1
15246,not_in_2020_zcta,1
15255,not_in_2020_zcta,1
15269,not_in_2020_zcta,1
15287,not_in_2020_zcta,1
15328,not_in_2020_zcta,1
15336,not_in_2020_zcta,1
15548,not_in_2020_zcta,1
15568,not_in_2020_zcta,1
15603,not_in_2020_zcta,1
15621,not_in_2020_zcta,1
15652,not_in_2020_zcta,1
15835,not_in_2020_zcta,1
15843,not_in_2020_zcta,1
15959,not_in_2020_zcta,1
16065,not_in_2020_zcta,1
16091,not_in_2020_zcta,1
16158,not_in_2020_zcta,1
16177,not_in_2020_zcta,1
16182,not_in_2020_zcta,1
16197,not_in_2020_zcta,1
16207,not_in_2020_zcta,1
16216,not_in_2020_zcta,1
16227,not_in_2020_zcta,1
16265,not_in_2020_zcta,1
16295,not_in_2020_zcta,1
16384,not_in_2020_zcta,1
16544,not_in_2020_zcta,1
16554,not_in_2020_zcta,1
16604,not_in_2020_zcta,1
16644,not_in_2020_zcta,1
16660,not_in_2020_zcta,1
16663,not_in_2020_zcta,1
16681,not_in_2020_zcta,1
16728,not_in_2020_zcta,1
16805,not_in_2020_zcta,1
16808,not_in_2020_zcta,1
16850,not_in_2020_zcta,1
16907,not_in_2020_zcta,1
16931,not_in_2020_zcta,1
16944,not_in_2020_zcta,1
17085,not_in_2020_zcta,1
17108,not_in_2020_zcta,1
17131,not_in_2020_zcta,1
17135,not_in_2020_zcta,1
17140,not_in_2020_zcta,1
17231,not_in_2020_zcta,1
17234,not_in_2020_zcta,1
17256,not_in_2020_zcta,1
17272,not_in_2020_zcta,1
17280,not_in_2020_zcta,1
17287,not_in_2020_zcta,1
17328,not_in_2020_zcta,1
17358,not_in_2020_zcta,1
17405,not_in_2020_zcta,1
17409,not_in_2020_zcta,1
17440,not_in_2020_zcta,1
17454,not_in_2020_zcta,1
17474,not_in_2020_zcta,1
17503,not_in_2020_zcta,1
17513,not_in_2020_zcta,1
17575,not_in_2020_zcta,1
17607,not_in_2020_zcta,1
17675,not_in_2020_zcta,1
17691,not_in_2020_zcta,1
17726,not_in_2020_zcta,1
17735,not_in_2020_zcta,1
17831,not_in_2020_zcta,1
17854,not_in_2020_zcta,1
17871,not_in_2020_zcta,1
17932,not_in_2020_zcta,1
18006,not_in_2020_zcta,1
18029,not_in_2020_zcta,1
18044,not_in_2020_zcta,1
18108,not_in_2020_zcta,1
18148,not_in_2020_zcta,1
18213,not_in_2020_zcta,1
18285,not_in_2020_zcta,1
18295,not_in_2020_zcta,1
18367,not_in_2020_zcta,1
18377,not_in_2020_zcta,1
18402,not_in_2020_zcta,1
18410,not_in_2020_zcta,1
18412,not_in_2020_zcta,1
18515,not_in_2020_zcta,1
18539,not_in_2020_zcta,1
18544,not_in_2020_zcta,1
18572,not_in_2020_zcta,1
18649,not_in_2020_zcta,1
18667,not_in_2020_zcta,1
18700,not_in_2020_zcta,1
18740,not_in_2020_zcta,1
18776,not_in_2020_zcta,1
18906,not_in_2020_zcta,1
18907,not_in_2020_zcta,1
18909,not_in_2020_zcta,1
18911,not_in_2020_zcta,1
18928,not_in_2020_zcta,1
18931,not_in_2020_zcta,1
18934,not_in_2020_zcta,1
18943,not_in_2020_zcta,1
18945,not_in_2020_zcta,1
18949,not_in_2020_zcta,1
18971,not_in_2020_zcta,1
18978,not_in_2020_zcta,1
19016,not_in_2020_zcta,1
19019,not_in_2020_zcta,1
19045,not_in_2020_zcta,1
19065,not_in_2020_zcta,1
19084,not_in_2020_zcta,1
19101,not_in_2020_zcta,1
19105,not_in_2020_zcta,1
19110,not_in_2020_zcta,1
19173,not_in_2020_zcta,1
19180,not_in_2020_zcta,1
19242,not_in_2020_zcta,1
19250,not_in_2020_zcta,1
19273,not_in_2020_zcta,1
19286,not_in_2020_zcta,1
19306,not_in_2020_zcta,1
19309,not_in_2020_zcta,1
19321,not_in_2020_zcta,1
19329,not_in_2020_zcta,1
19351,not_in_2020_zcta,1
19353,not_in_2020_zcta,1
19393,not_in_2020_zcta,1
19407,not_in_2020_zcta,1
19408,not_in_2020_zcta,1
19418,not_in_2020_zcta,1
19420,not_in_2020_zcta,1
19443,not_in_2020_zcta,1
19447,not_in_2020_zcta,1
19450,not_in_2020_zcta,1
19458,not_in_2020_zcta,1
19478,not_in_2020_zcta,1
19484,not_in_2020_zcta,1
19519,not_in_2020_zcta,1
19563,not_in_2020_zcta,1
19568,not_in_2020_zcta,1
19577,not_in_2020_zcta,1
19620,not_in_2020_zcta,1
19625,not_in_2020_zcta,1
19630,not_in_2020_zcta,1
19634,not_in_2020_zcta,1
19644,not_in_2020_zcta,1
19648,not_in_2020_zcta,1
19656,not_in_2020_zcta,1
19680,not_in_2020_zcta,1
19704,not_in_2020_zcta,1
19718,not_in_2020_zcta,1
19770,not_in_2020_zcta,1
19773,not_in_2020_zcta,1
19830,not_in_2020_zcta,1
19839,not_in_2020_zcta,1
19844,not_in_2020_zcta,1
19850,not_in_2020_zcta,1
19855,not_in_2020_zcta,1
19860,not_in_2020_zcta,1
19877,not_in_2020_zcta,1
19965,not_in_2020_zcta,1
19996,not_in_2020_zcta,1
20026,not_in_2020_zcta,1
20028,not_in_2020_zcta,1
20038,not_in_2020_zcta,1
20040,not_in_2020_zcta,1
20056,not_in_2020_zcta,1
20116,not_in_2020_zcta,1
20128,not_in_2020_zcta,1
20139,not_in_2020_zcta,1
20142,not_in_2020_zcta,1
20159,not_in_2020_zcta,1
20161,not_in_2020_zcta,1
20174,not_in_2020_zcta,1
20188,not_in_2020_zcta,1
20192,not_in_2020_zcta,1
20193,not_in_2020_zcta,1
20201,not_in_2020_zcta,1
20205,not_in_2020_zcta,1
20206,not_in_2020_zcta,1
20207,not_in_2020_zcta,1
20216,not_in_2020_zcta,1
20221,not_in_2020_zcta,1
20223,not_in_2020_zcta,1
20248,not_in_2020_zcta,1
20271,not_in_2020_zcta,1
20313,not_in_2020_zcta,1
20334,not_in_2020_zcta,1
20401,not_in_2020_zcta,1
20447,not_in_2020_zcta,1
20454,not_in_2020_zcta,1
20455,not_in_2020_zcta,1
20474,not_in_2020_zcta,1
20505,not_in_2020_zcta,1
20550,not_in_2020_zcta,1
20562,not_in_2020_zcta,1
20614,not_in_2020_zcta,1
20643,not_in_2020_zcta,1
20648,not_in_2020_zcta,1
20654,not_in_2020_zcta,1
20700,not_in_2020_zcta,1
20717,not_in_2020_zcta,1
20718,not_in_2020_zcta,1
20719,not_in_2020_zcta,1
20725,not_in_2020_zcta,1
20734,not_in_2020_zcta,1
20739,not_in_2020_zcta,1
20750,not_in_2020_zcta,1
20756,not_in_2020_zcta,1
20766,not_in_2020_zcta,1
20775,not_in_2020_zcta,1
20789,not_in_2020_zcta,1
20805,not_in_2020_zcta,1
20824,not_in_2020_zcta,1
20836,not_in_2020_zcta,1
20849,not_in_2020_zcta,1
20856,not_in_2020_zcta,1
20858,not_in_2020_zcta,1
20859,not_in_2020_zcta,1
20870,not_in_2020_zcta,1
20887,not_in_2020_zcta,1
20907,not_in_2020_zcta,1
20913,not_in_2020_zcta,1
20930,not_in_2020_zcta,1
20948,not_in_2020_zcta,1
20953,not_in_2020_zcta,1
20974,not_in_2020_zcta,1
20978,not_in_2020_zcta,1
21021,not_in_2020_zcta,1
21041,not_in_2020_zcta,1
21049,not_in_2020_zcta,1
21062,not_in_2020_zcta,1
21072,not_in_2020_zcta,1
21107,not_in_2020_zcta,1
21109,not_in_2020_zcta,1
21125,not_in_2020_zcta,1
21137,not_in_2020_zcta,1
21141,not_in_2020_zcta,1
21171,not_in_2020_zcta,1
21176,not_in_2020_zcta,1
21200,not_in_2020_zcta,1
21271,not_in_2020_zcta,1
21273,not_in_2020_zcta,1
21275,not_in_2020_zcta,1
21276,not_in_2020_zcta,1
21278,not_in_2020_zcta,1
21291,not_in_2020_zcta,1
21292,not_in_2020_zcta,1
21299,not_in_2020_zcta,1
21316,not_in_2020_zcta,1
21399,not_in_2020_zcta,1
21464,not_in_2020_zcta,1
21556,not_in_2020_zcta,1
21590,not_in_2020_zcta,1
21609,not_in_2020_zcta,1
21616,not_in_2020_zcta,1
21637,not_in_2020_zcta,1
21670,not_in_2020_zcta,1
21708,not_in_2020_zcta,1
21720,not_in_2020_zcta,1
21721,not_in_2020_zcta,1
21735,not_in_2020_zcta,1
21741,not_in_2020_zcta,1
21744,not_in_2020_zcta,1
21765,not_in_2020_zcta,1
21772,not_in_2020_zcta,1
21816,not_in_2020_zcta,1
21995,not_in_2020_zcta,1
22000,not_in_2020_zcta,1
22014,not_in_2020_zcta,1
22019,not_in_2020_zcta,1
22022,not_in_2020_zcta,1
22036,not_in_2020_zcta,1
22038,not_in_2020_zcta,1
22040,not_in_2020_zcta,1
22050,not_in_2020_zcta,1
22065,not_in_2020_zcta,1
22073,not_in_2020_zcta,1
22085,not_in_2020_zcta,1
22091,not_in_2020_zcta,1
22096,not_in_2020_zcta,1
22106,not_in_2020_zcta,1
22111,not_in_2020_zcta,1
22123,not_in_2020_zcta,1
22154,not_in_2020_zcta,1
22160,not_in_2020_zcta,1
22170,not_in_2020_zcta,1
22187,not_in_2020_zcta,1
22194,not_in_2020_zcta,1
22197,not_in_2020_zcta,1
22212,not_in_2020_zcta,1
22230,not_in_2020_zcta,1
22242,not_in_2020_zcta,1
22253,not_in_2020_zcta,1
22262,not_in_2020_zcta,1
22317,not_in_2020_zcta,1
22331,not_in_2020_zcta,1
22334,not_in_2020_zcta,1
22354,not_in_2020_zcta,1
22356,not_in_2020_zcta,1
22373,not_in_2020_zcta,1
22382,not_in_2020_zcta,1
22455,not_in_2020_zcta,1
22456,not_in_2020_zcta,1
22458,not_in_2020_zcta,1
22501,not_in_2020_zcta,1
22502,not_in_2020_zcta,1
22526,not_in_2020_zcta,1
22533,not_in_2020_zcta,1
22562,not_in_2020_zcta,1
22590,not_in_2020_zcta,1
22597,not_in_2020_zcta,1
22604,not_in_2020_zcta,1
22665,not_in_2020_zcta,1
22666,not_in_2020_zcta,1
22780,not_in_2020_zcta,1
22785,not_in_2020_zcta,1
22822,not_in_2020_zcta,1
22882,not_in_2020_zcta,1
22884,not_in_2020_zcta,1
22900,not_in_2020_zcta,1
22905,not_in_2020_zcta,1
22913,not_in_2020_zcta,1
22919,not_in_2020_zcta,1
22921,not_in_2020_zcta,1
22933,not_in_2020_zcta,1
22945,not_in_2020_zcta,1
22986,not_in_2020_zcta,1
23001,not_in_2020_zcta,1
23020,not_in_2020_zcta,1
23058,not_in_2020_zcta,1
23101,not_in_2020_zcta,1
23127,not_in_2020_zcta,1
23131,not_in_2020_zcta,1
23134,not_in_2020_zcta,1
23162,not_in_2020_zcta,1
23187,not_in_2020_zcta,1
23189,not_in_2020_zcta,1
23193,not_in_2020_zcta,1
23208,not_in_2020_zcta,1
23213,not_in_2020_zcta,1
23218,not_in_2020_zcta,1
23239,not_in_2020_zcta,1
23244,not_in_2020_zcta,1
23260,not_in_2020_zcta,1
23261,not_in_2020_zcta,1
23268,not_in_2020_zcta,1
23275,not_in_2020_zcta,1
23311,not_in_2020_zcta,1
23328,not_in_2020_zcta,1
23333,not_in_2020_zcta,1
23335,not_in_2020_zcta,1
23341,not_in_2020_zcta,1
23360,not_in_2020_zcta,1
23369,not_in_2020_zcta,1
23404,not_in_2020_zcta,1
23425,not_in_2020_zcta,1
23428,not_in_2020_zcta,1
23431,not_in_2020_zcta,1
23443,not_in_2020_zcta,1
23447,not_in_2020_zcta,1
23463,not_in_2020_zcta,1
23465,not_in_2020_zcta,1
23469,not_in_2020_zcta,1
23534,not_in_2020_zcta,1
23553,not_in_2020_zcta,1
23555,not_in_2020_zcta,1
23580,not_in_2020_zcta,1
23612,not_in_2020_zcta,1
23628,not_in_2020_zcta,1
23633,not_in_2020_zcta,1
23635,not_in_2020_zcta,1
23670,not_in_2020_zcta,1
23716,not_in_2020_zcta,1
23737,not_in_2020_zcta,1
23783,not_in_2020_zcta,1
23790,not_in_2020_zcta,1
23802,not_in_2020_zcta,1
23813,not_in_2020_zcta,1
23814,not_in_2020_zcta,1
23822,not_in_2020_zcta,1
23835,not_in_2020_zcta,1
23852,not_in_2020_zcta,1
23892,not_in_2020_zcta,1
23913,not_in_2020_zcta,1
23932,not_in_2020_zcta,1
24001,not_in_2020_zcta,1
24005,not_in_2020_zcta,1
24010,not_in_2020_zcta,1
24023,not_in_2020_zcta,1
24031,not_in_2020_zcta,1
24068,not_in_2020_zcta,1
24081,not_in_2020_zcta,1
24126,not_in_2020_zcta,1
24206,not_in_2020_zcta,1
24209,not_in_2020_zcta,1
24212,not_in_2020_zcta,1
24334,not_in_2020_zcta,1
24365,not_in_2020_zcta,1
24369,not_in_2020_zcta,1
24379,not_in_2020_zcta,1
24398,not_in_2020_zcta,1
24402,not_in_2020_zcta,1
24407,not_in_2020_zcta,1
24410,not_in_2020_zcta,1
24417,not_in_2020_zcta,1
24436,not_in_2020_zcta,1
24455,not_in_2020_zcta,1
24506,not_in_2020_zcta,1
24519,not_in_2020_zcta,1
24525,not_in_2020_zcta,1
24532,not_in_2020_zcta,1
24575,not_in_2020_zcta,1
24576,not_in_2020_zcta,1
24582,not_in_2020_zcta,1
24615,not_in_2020_zcta,1
24624,not_in_2020_zcta,1
24706,not_in_2020_zcta,1
24708,not_in_2020_zcta,1
24710,not_in_2020_zcta,1
24741,not_in_2020_zcta,1
24790,not_in_2020_zcta,1
24802,not_in_2020_zcta,1
24838,not_in_2020_zcta,1
25230,not_in_2020_zcta,1
25242,not_in_2020_zcta,1
25279,not_in_2020_zcta,1
25329,not_in_2020_zcta,1
25357,not_in_2020_zcta,1
25423,not_in_2020_zcta,1
25441,not_in_2020_zcta,1
25452,not_in_2020_zcta,1
25471,not_in_2020_zcta,1
25487,not_in_2020_zcta,1
25546,not_in_2020_zcta,1
25576,not_in_2020_zcta,1
25613,not_in_2020_zcta,1
25614,not_in_2020_zcta,1
25636,not_in_2020_zcta,1
25640,not_in_2020_zcta,1
25680,not_in_2020_zcta,1
25711,not_in_2020_zcta,1
25906,not_in_2020_zcta,1
25927,not_in_2020_zcta,1
26102,not_in_2020_zcta,1
26103,not_in_2020_zcta,1
26126,not_in_2020_zcta,1
26135,not_in_2020_zcta,1
26220,not_in_2020_zcta,1
26235,not_in_2020_zcta,1
26239,not_in_2020_zcta,1
26272,not_in_2020_zcta,1
26332,not_in_2020_zcta,1
26344,not_in_2020_zcta,1
26407,not_in_2020_zcta,1
26413,not_in_2020_zcta,1
26434,not_in_2020_zcta,1
26464,not_in_2020_zcta,1
26504,not_in_2020_zcta,1
26545,not_in_2020_zcta,1
26555,not_in_2020_zcta,1
26594,not_in_2020_zcta,1
26607,not_in_2020_zcta,1
26628,not_in_2020_zcta,1
26635,not_in_2020_zcta,1
26669,not_in_2020_zcta,1
26675,not_in_2020_zcta,1
26701,not_in_2020_zcta,1
26766,not_in_2020_zcta,1
26769,not_in_2020_zcta,1
26858,not_in_2020_zcta,1
26861,not_in_2020_zcta,1
26924,not_in_2020_zcta,1
26940,not_in_2020_zcta,1
26945,not_in_2020_zcta,1
27004,not_in_2020_zcta,1
27015,not_in_2020_zcta,1
27065,not_in_2020_zcta,1
27071,not_in_2020_zcta,1
27072,not_in_2020_zcta,1
27078,not_in_2020_zcta,1
27082,not_in_2020_zcta,1
27091,not_in_2020_zcta,1
27092,not_in_2020_zcta,1
27113,not_in_2020_zcta,1
27137,not_in_2020_zcta,1
27146,not_in_2020_zcta,1
27183,not_in_2020_zcta,1
27184,not_in_2020_zcta,1
27191,not_in_2020_zcta,1
27193,not_in_2020_zcta,1
27210,not_in_2020_zcta,1
27221,not_in_2020_zcta,1
27228,not_in_2020_zcta,1
27230,not_in_2020_zcta,1
27234,not_in_2020_zcta,1
27270,not_in_2020_zcta,1
27271,not_in_2020_zcta,1
27272,not_in_2020_zcta,1
27273,not_in_2020_zcta,1
27280,not_in_2020_zcta,1
27296,not_in_2020_zcta,1
27304,not_in_2020_zcta,1
27307,not_in_2020_zcta,1
27323,not_in_2020_zcta,1
27333,not_in_2020_zcta,1
27372,not_in_2020_zcta,1
27373,not_in_2020_zcta,1
27397,not_in_2020_zcta,1
27418,not_in_2020_zcta,1
27420,not_in_2020_zcta,1
27423,not_in_2020_zcta,1
27451,not_in_2020_zcta,1
27461,not_in_2020_zcta,1
27472,not_in_2020_zcta,1
27495,not_in_2020_zcta,1
27512,not_in_2020_zcta,1
27515,not_in_2020_zcta,1
27535,not_in_2020_zcta,1
27538,not_in_2020_zcta,1
27543,not_in_2020_zcta,1
27550,not_in_2020_zcta,1
27552,not_in_2020_zcta,1
27566,not_in_2020_zcta,1
27567,not_in_2020_zcta,1
27586,not_in_2020_zcta,1
27588,not_in_2020_zcta,1
27618,not_in_2020_zcta,1
27623,not_in_2020_zcta,1
27627,not_in_2020_zcta,1
27631,not_in_2020_zcta,1
27636,not_in_2020_zcta,1
27649,not_in_2020_zcta,1
27651,not_in_2020_zcta,1
27652,not_in_2020_zcta,1
27654,not_in_2020_zcta,1
27658,not_in_2020_zcta,1
27675,not_in_2020_zcta,1
27683,not_in_2020_zcta,1
27689,not_in_2020_zcta,1
27693,not_in_2020_zcta,1
27751,not_in_2020_zcta,1
27833,not_in_2020_zcta,1
27898,not_in_2020_zcta,1
27901,not_in_2020_zcta,1
27911,not_in_2020_zcta,1
27912,not_in_2020_zcta,1
28014,not_in_2020_zcta,1
28015,not_in_2020_zcta,1
28026,not_in_2020_zcta,1
28045,not_in_2020_zcta,1
28051,not_in_2020_zcta,1
28067,not_in_2020_zcta,1
28085,not_in_2020_zcta,1
28116,not_in_2020_zcta,1
28126,not_in_2020_zcta,1
28130,not_in_2020_zcta,1
28172,not_in_2020_zcta,1
28177,not_in_2020_zcta,1
28201,not_in_2020_zcta,1
28219,not_in_2020_zcta,1
28224,not_in_2020_zcta,1
28232,not_in_2020_zcta,1
28233,not_in_2020_zcta,1
28234,not_in_2020_zcta,1
28235,not_in_2020_zcta,1
28236,not_in_2020_zcta,1
28237,not_in_2020_zcta,1
28241,not_in_2020_zcta,1
28251,not_in_2020_zcta,1
28253,not_in_2020_zcta,1
28259,not_in_2020_zcta,1
28261,not_in_2020_zcta,1
28267,not_in_2020_zcta,1
28268,not_in_2020_zcta,1
28415,not_in_2020_zcta,1
28416,not_in_2020_zcta,1
28437,not_in_2020_zcta,1
28485,not_in_2020_zcta,1
28564,not_in_2020_zcta,1
28567,not_in_2020_zcta,1
28593,not_in_2020_zcta,1
28608,not_in_2020_zcta,1
28614,not_in_2020_zcta,1
28661,not_in_2020_zcta,1
28724,not_in_2020_zcta,1
28727,not_in_2020_zcta,1
28776,not_in_2020_zcta,1
28813,not_in_2020_zcta,1
28815,not_in_2020_zcta,1
28828,not_in_2020_zcta,1
28851,not_in_2020_zcta,1
28858,not_in_2020_zcta,1
28864,not_in_2020_zcta,1
28880,not_in_2020_zcta,1
28882,not_in_2020_zcta,1
28903,not_in_2020_zcta,1
29002,not_in_2020_zcta,1
29017,not_in_2020_zcta,1
29023,not_in_2020_zcta,1
29098,not_in_2020_zcta,1
29106,not_in_2020_zcta,1
29158,not_in_2020_zcta,1
29217,not_in_2020_zcta,1
29228,not_in_2020_zcta,1
29233,not_in_2020_zcta,1
29240,not_in_2020_zcta,1
29250,not_in_2020_zcta,1
29255,not_in_2020_zcta,1
29259,not_in_2020_zcta,1
29261,not_in_2020_zcta,1
29270,not_in_2020_zcta,1
29339,not_in_2020_zcta,1
29343,not_in_2020_zcta,1
29361,not_in_2020_zcta,1
29381,not_in_2020_zcta,1
29393,not_in_2020_zcta,1
29415,not_in_2020_zcta,1
29417,not_in_2020_zcta,1
29478,not_in_2020_zcta,1
29515,not_in_2020_zcta,1
29521,not_in_2020_zcta,1
29552,not_in_2020_zcta,1
29558,not_in_2020_zcta,1
29598,not_in_2020_zcta,1
29603,not_in_2020_zcta,1
29604,not_in_2020_zcta,1
29608,not_in_2020_zcta,1
29616,not_in_2020_zcta,1
29632,not_in_2020_zcta,1
29636,not_in_2020_zcta,1
29652,not_in_2020_zcta,1
29660,not_in_2020_zcta,1
29675,not_in_2020_zcta,1
29677,not_in_2020_zcta,1
29705,not_in_2020_zcta,1
29739,not_in_2020_zcta,1
29761,not_in_2020_zcta,1
29765,not_in_2020_zcta,1
29795,not_in_2020_zcta,1
29807,not_in_2020_zcta,1
29808,not_in_2020_zcta,1
29813,not_in_2020_zcta,1
29818,not_in_2020_zcta,1
29839,not_in_2020_zcta,1
29869,not_in_2020_zcta,1
30007,not_in_2020_zcta,1
30010,not_in_2020_zcta,1
30026,not_in_2020_zcta,1
30031,not_in_2020_zcta,1
30065,not_in_2020_zcta,1
30069,not_in_2020_zcta,1
30081,not_in_2020_zcta,1
30089,not_in_2020_zcta,1
30098,not_in_2020_zcta,1
30100,not_in_2020_zcta,1
30109,not_in_2020_zcta,1
30128,not_in_2020_zcta,1
30129,not_in_2020_zcta,1
30150,not_in_2020_zcta,1
30156,not_in_2020_zcta,1
30164,not_in_2020_zcta,1
30193,not_in_2020_zcta,1
30196,not_in_2020_zcta,1
30201,not_in_2020_zcta,1
30209,not_in_2020_zcta,1
30211,not_in_2020_zcta,1
30221,not_in_2020_zcta,1
30225,not_in_2020_zcta,1
30235,not_in_2020_zcta,1
30244,not_in_2020_zcta,1
30262,not_in_2020_zcta,1
30264,not_in_2020_zcta,1
30267,not_in_2020_zcta,1
30280,not_in_2020_zcta,1
30298,not_in_2020_zcta,1
30323,not_in_2020_zcta,1
30333,not_in_2020_zcta,1
30335,not_in_2020_zcta,1
30353,not_in_2020_zcta,1
30355,not_in_2020_zcta,1
30356,not_in_2020_zcta,1
30364,not_in_2020_zcta,1
30366,not_in_2020_zcta,1
30367,not_in_2020_zcta,1
30374,not_in_2020_zcta,1
30380,not_in_2020_zcta,1
30392,not_in_2020_zcta,1
30399,not_in_2020_zcta,1
30487,not_in_2020_zcta,1
30515,not_in_2020_zcta,1
30544,not_in_2020_zcta,1
30569,not_in_2020_zcta,1
30579,not_in_2020_zcta,1
30592,not_in_2020_zcta,1
30626,not_in_2020_zcta,1
30638,not_in_2020_zcta,1
30640,not_in_2020_zcta,1
30692,not_in_2020_zcta,1
30704,not_in_2020_zcta,1
30722,not_in_2020_zcta,1
30727,not_in_2020_zcta,1
30737,not_in_2020_zcta,1
30743,not_in_2020_zcta,1
30744,not_in_2020_zcta,1
30749,not_in_2020_zcta,1
30826,not_in_2020_zcta,1
30832,not_in_2020_zcta,1
30876,not_in_2020_zcta,1
30900,not_in_2020_zcta,1
30914,not_in_2020_zcta,1
30973,not_in_2020_zcta,1
31013,not_in_2020_zcta,1
31043,not_in_2020_zcta,1
31053,not_in_2020_zcta,1
31141,not_in_2020_zcta,1
31156,not_in_2020_zcta,1
31203,not_in_2020_zcta,1
31205,not_in_2020_zcta,1
31219,not_in_2020_zcta,1
31231,not_in_2020_zcta,1
31368,not_in_2020_zcta,1
31403,not_in_2020_zcta,1
31413,not_in_2020_zcta,1
31420,not_in_2020_zcta,1
31432,not_in_2020_zcta,1
31505,not_in_2020_zcta,1
31530,not_in_2020_zcta,1
31576,not_in_2020_zcta,1
31580,not_in_2020_zcta,1
31588,not_in_2020_zcta,1
31609,not_in_2020_zcta,1
31737,not_in_2020_zcta,1
31746,not_in_2020_zcta,1
31766,not_in_2020_zcta,1
31769,not_in_2020_zcta,1
31865,not_in_2020_zcta,1
31878,not_in_2020_zcta,1
31908,not_in_2020_zcta,1
31914,not_in_2020_zcta,1
31989,not_in_2020_zcta,1
31991,not_in_2020_zcta,1
32006,not_in_2020_zcta,1
32007,not_in_2020_zcta,1
32014,not_in_2020_zcta,1
32023,not_in_2020_zcta,1
32028,not_in_2020_zcta,1
32050,not_in_2020_zcta,1
32069,not_in_2020_zcta,1
32078,not_in_2020_zcta,1
32093,not_in_2020_zcta,1
32104,not_in_2020_zcta,1
32116,not_in_2020_zcta,1
32123,not_in_2020_zcta,1
32126,not_in_2020_zcta,1
32143,not_in_2020_zcta,1
32160,not_in_2020_zcta,1
32175,not_in_2020_zcta,1
32201,not_in_2020_zcta,1
32231,not_in_2020_zcta,1
32235,not_in_2020_zcta,1
32238,not_in_2020_zcta,1
32243,not_in_2020_zcta,1
32260,not_in_2020_zcta,1
32275,not_in_2020_zcta,1
32326,not_in_2020_zcta,1
32329,not_in_2020_zcta,1
32335,not_in_2020_zcta,1
32345,not_in_2020_zcta,1
32370,not_in_2020_zcta,1
32371,not_in_2020_zcta,1
32412,not_in_2020_zcta,1
32450,not_in_2020_zcta,1
32494,not_in_2020_zcta,1
32510,not_in_2020_zcta,1
32515,not_in_2020_zcta,1
32518,not_in_2020_zcta,1
32523,not_in_2020_zcta,1
32532,not_in_2020_zcta,1
32545,not_in_2020_zcta,1
32556,not_in_2020_zcta,1
32557,not_in_2020_zcta,1
32635,not_in_2020_zcta,1
32654,not_in_2020_zcta,1
32673,not_in_2020_zcta,1
32674,not_in_2020_zcta,1
32705,not_in_2020_zcta,1
32717,not_in_2020_zcta,1
32718,not_in_2020_zcta,1
32722,not_in_2020_zcta,1
32737,not_in_2020_zcta,1
32739,not_in_2020_zcta,1
32741,not_in_2020_zcta,1
32755,not_in_2020_zcta,1
32761,not_in_2020_zcta,1
32762,not_in_2020_zcta,1
32774,not_in_2020_zcta,1
32853,not_in_2020_zcta,1
32862,not_in_2020_zcta,1
32863,not_in_2020_zcta,1
32877,not_in_2020_zcta,1
32902,not_in_2020_zcta,1
32906,not_in_2020_zcta,1
32924,not_in_2020_zcta,1
32936,not_in_2020_zcta,1
32965,not_in_2020_zcta,1
32987,not_in_2020_zcta,1
33017,not_in_2020_zcta,1
33045,not_in_2020_zcta,1
33077,not_in_2020_zcta,1
33083,not_in_2020_zcta,1
33094,not_in_2020_zcta,1
33100,not_in_2020_zcta,1
33102,not_in_2020_zcta,1
33105,not_in_2020_zcta,1
33106,not_in_2020_zcta,1
33113,not_in_2020_zcta,1
33114,not_in_2020_zcta,1
33120,not_in_2020_zcta,1
33123,not_in_2020_zcta,1
33124,not_in_2020_zcta,1
33148,not_in_2020_zcta,1
33152,not_in_2020_zcta,1
33164,not_in_2020_zcta,1
33171,not_in_2020_zcta,1
33191,not_in_2020_zcta,1
33198,not_in_2020_zcta,1
33207,not_in_2020_zcta,1
33217,not_in_2020_zcta,1
33231,not_in_2020_zcta,1
33234,not_in_2020_zcta,1
33238,not_in_2020_zcta,1
33242,not_in_2020_zcta,1
33257,not_in_2020_zcta,1
33264,not_in_2020_zcta,1
33268,not_in_2020_zcta,1
33281,not_in_2020_zcta,1
33283,not_in_2020_zcta,1
33303,not_in_2020_zcta,1
33329,not_in_2020_zcta,1
33335,not_in_2020_zcta,1
33348,not_in_2020_zcta,1
33360,not_in_2020_zcta,1
33370,not_in_2020_zcta,1
33371,not_in_2020_zcta,1
33391,not_in_2020_zcta,1
33421,not_in_2020_zcta,1
33425,not_in_2020_zcta,1
33448,not_in_2020_zcta,1
33452,not_in_2020_zcta,1
33457,not_in_2020_zcta,1
33466,not_in_2020_zcta,1
33494,not_in_2020_zcta,1
33554,not_in_2020_zcta,1
33562,not_in_2020_zcta,1
33583,not_in_2020_zcta,1
33587,not_in_2020_zcta,1
33590,not_in_2020_zcta,1
33593,not_in_2020_zcta,1
33630,not_in_2020_zcta,1
33633,not_in_2020_zcta,1
33639,not_in_2020_zcta,1
33658,not_in_2020_zcta,1
33661,not_in_2020_zcta,1
33677,not_in_2020_zcta,1
33694,not_in_2020_zcta,1
33732,not_in_2020_zcta,1
33746,not_in_2020_zcta,1
33768,not_in_2020_zcta,1
33775,not_in_2020_zcta,1
33788,not_in_2020_zcta,1
33789,not_in_2020_zcta,1
33829,not_in_2020_zcta,1
33833,not_in_2020_zcta,1
33845,not_in_2020_zcta,1
33869,not_in_2020_zcta,1
33871,not_in_2020_zcta,1
33874,not_in_2020_zcta,1
33885,not_in_2020_zcta,1
33918,not_in_2020_zcta,1
33923,not_in_2020_zcta,1
33929,not_in_2020_zcta,1
33932,not_in_2020_zcta,1
33938,not_in_2020_zcta,1
33949,not_in_2020_zcta,1
33951,not_in_2020_zcta,1
33979,not_in_2020_zcta,1
34013,not_in_2020_zcta,1
34043,not_in_2020_zcta,1
34089,not_in_2020_zcta,1
34111,not_in_2020_zcta,1
34136,not_in_2020_zcta,1
34184,not_in_2020_zcta,1
34185,not_in_2020_zcta,1
34204,not_in_2020_zcta,1
34214,not_in_2020_zcta,1
34225,not_in_2020_zcta,1
34226,not_in_2020_zcta,1
34230,not_in_2020_zcta,1
34258,not_in_2020_zcta,1
34265,not_in_2020_zcta,1
34270,not_in_2020_zcta,1
34274,not_in_2020_zcta,1
34326,not_in_2020_zcta,1
34328,not_in_2020_zcta,1
34329,not_in_2020_zcta,1
34342,not_in_2020_zcta,1
34379,not_in_2020_zcta,1
34410,not_in_2020_zcta,1
34412,not_in_2020_zcta,1
34416,not_in_2020_zcta,1
34417,not_in_2020_zcta,1
34423,not_in_2020_zcta,1
34443,not_in_2020_zcta,1
34451,not_in_2020_zcta,1
34455,not_in_2020_zcta,1
34462,not_in_2020_zcta,1
34466,not_in_2020_zcta,1
34483,not_in_2020_zcta,1
34489,not_in_2020_zcta,1
34490,not_in_2020_zcta,1
34532,not_in_2020_zcta,1
34546,not_in_2020_zcta,1
34573,not_in_2020_zcta,1
34592,not_in_2020_zcta,1
34593,not_in_2020_zcta,1
34618,not_in_2020_zcta,1
34641,not_in_2020_zcta,1
34642,not_in_2020_zcta,1
34680,not_in_2020_zcta,1
34686,not_in_2020_zcta,1
34694,not_in_2020_zcta,1
34706,not_in_2020_zcta,1
34738,not_in_2020_zcta,1
34765,not_in_2020_zcta,1
34770,not_in_2020_zcta,1
34863,not_in_2020_zcta,1
34893,not_in_2020_zcta,1
34894,not_in_2020_zcta,1
34900,not_in_2020_zcta,1
34948,not_in_2020_zcta,1
34958,not_in_2020_zcta,1
34963,not_in_2020_zcta,1
34966,not_in_2020_zcta,1
34992,not_in_2020_zcta,1
35002,not_in_2020_zcta,1
35017,not_in_2020_zcta,1
35024,not_in_2020_zcta,1
35105,not_in_2020_zcta,1
35122,not_in_2020_zcta,1
35129,not_in_2020_zcta,1
35142,not_in_2020_zcta,1
35170,not_in_2020_zcta,1
35182,not_in_2020_zcta,1
35200,not_in_2020_zcta,1
35219,not_in_2020_zcta,1
35225,not_in_2020_zcta,1
35227,not_in_2020_zcta,1
35240,not_in_2020_zcta,1
35245,not_in_2020_zcta,1
35256,not_in_2020_zcta,1
35259,not_in_2020_zcta,1
35264,not_in_2020_zcta,1
35265,not_in_2020_zcta,1
35268,not_in_2020_zcta,1
35288,not_in_2020_zcta,1
35363,not_in_2020_zcta,1
35407,not_in_2020_zcta,1
35408,not_in_2020_zcta,1
35411,not_in_2020_zcta,1
35424,not_in_2020_zcta,1
35436,not_in_2020_zcta,1
35440,not_in_2020_zcta,1
35449,not_in_2020_zcta,1
35468,not_in_2020_zcta,1
35471,not_in_2020_zcta,1
35486,not_in_2020_zcta,1
35500,not_in_2020_zcta,1
35527,not_in_2020_zcta,1
35617,not_in_2020_zcta,1
35655,not_in_2020_zcta,1
35678,not_in_2020_zcta,1
35683,not_in_2020_zcta,1
35703,not_in_2020_zcta,1
35708,not_in_2020_zcta,1
35715,not_in_2020_zcta,1
35719,not_in_2020_zcta,1
35726,not_in_2020_zcta,1
35742,not_in_2020_zcta,1
35767,not_in_2020_zcta,1
35782,not_in_2020_zcta,1
35788,not_in_2020_zcta,1
35793,not_in_2020_zcta,1
35804,not_in_2020_zcta,1
35814,not_in_2020_zcta,1
35832,not_in_2020_zcta,1
35873,not_in_2020_zcta,1
35908,not_in_2020_zcta,1
35931,not_in_2020_zcta,1
35935,not_in_2020_zcta,1
35964,not_in_2020_zcta,1
36001,not_in_2020_zcta,1
36018,not_in_2020_zcta,1
36023,not_in_2020_zcta,1
36044,not_in_2020_zcta,1
36056,not_in_2020_zcta,1
36084,not_in_2020_zcta,1
36122,not_in_2020_zcta,1
36124,not_in_2020_zcta,1
36126,not_in_2020_zcta,1
36144,not_in_2020_zcta,1
36150,not_in_2020_zcta,1
36175,not_in_2020_zcta,1
36210,not_in_2020_zcta,1
36211,not_in_2020_zcta,1
36216,not_in_2020_zcta,1
36246,not_in_2020_zcta,1
36252,not_in_2020_zcta,1
36257,not_in_2020_zcta,1
36275,not_in_2020_zcta,1
36284,not_in_2020_zcta,1
36290,not_in_2020_zcta,1
36300,not_in_2020_zcta,1
36304,not_in_2020_zcta,1
36348,not_in_2020_zcta,1
36363,not_in_2020_zcta,1
36380,not_in_2020_zcta,1
36386,not_in_2020_zcta,1
36394,not_in_2020_zcta,1
36409,not_in_2020_zcta,1
36424,not_in_2020_zcta,1
36466,not_in_2020_zcta,1
36469,not_in_2020_zcta,1
36501,not_in_2020_zcta,1
36554,not_in_2020_zcta,1
36577,not_in_2020_zcta,1
36600,not_in_2020_zcta,1
36628,not_in_2020_zcta,1
36633,not_in_2020_zcta,1
36640,not_in_2020_zcta,1
36643,not_in_2020_zcta,1
36670,not_in_2020_zcta,1
36671,not_in_2020_zcta,1
36672,not_in_2020_zcta,1
36687,not_in_2020_zcta,1
36696,not_in_2020_zcta,1
36739,not_in_2020_zcta,1
36780,not_in_2020_zcta,1
36781,not_in_2020_zcta,1
36787,not_in_2020_zcta,1
36806,not_in_2020_zcta,1
36810,not_in_2020_zcta,1
36896,not_in_2020_zcta,1
36909,not_in_2020_zcta,1
36929,not_in_2020_zcta,1
36968,not_in_2020_zcta,1
36969,not_in_2020_zcta,1
36995,not_in_2020_zcta,1
36999,not_in_2020_zcta,1
37006,not_in_2020_zcta,1
37024,not_in_2020_zcta,1
37041,not_in_2020_zcta,1
37089,not_in_2020_zcta,1
37111,not_in_2020_zcta,1
37112,not_in_2020_zcta,1
37147,not_in_2020_zcta,1
37155,not_in_2020_zcta,1
37200,not_in_2020_zcta,1
37202,not_in_2020_zcta,1
37227,not_in_2020_zcta,1
37229,not_in_2020_zcta,1
37235,not_in_2020_zcta,1
37294,not_in_2020_zcta,1
37314,not_in_2020_zcta,1
37378,not_in_2020_zcta,1
37382,not_in_2020_zcta,1
37392,not_in_2020_zcta,1
37401,not_in_2020_zcta,1
37438,not_in_2020_zcta,1
37441,not_in_2020_zcta,1
37448,not_in_2020_zcta,1
37482,not_in_2020_zcta,1
37501,not_in_2020_zcta,1
37526,not_in_2020_zcta,1
37533,not_in_2020_zcta,1
37607,not_in_2020_zcta,1
37776,not_in_2020_zcta,1
37786,not_in_2020_zcta,1
37816,not_in_2020_zcta,1
37834,not_in_2020_zcta,1
37905,not_in_2020_zcta,1
37933,not_in_2020_zcta,1
37939,not_in_2020_zcta,1
37964,not_in_2020_zcta,1
37987,not_in_2020_zcta,1
37998,not_in_2020_zcta,1
38014,not_in_2020_zcta,1
38027,not_in_2020_zcta,1
38035,not_in_2020_zcta,1
38056,not_in_2020_zcta,1
38086,not_in_2020_zcta,1
38102,not_in_2020_zcta,1
38124,not_in_2020_zcta,1
38136,not_in_2020_zcta,1
38144,not_in_2020_zcta,1
38145,not_in_2020_zcta,1
38166,not_in_2020_zcta,1
38168,not_in_2020_zcta,1
38184,not_in_2020_zcta,1
38191,not_in_2020_zcta,1
38204,not_in_2020_zcta,1
38205,not_in_2020_zcta,1
38208,not_in_2020_zcta,1
38281,not_in_2020_zcta,1
38297,not_in_2020_zcta,1
38308,not_in_2020_zcta,1
38403,not_in_2020_zcta,1
38510,not_in_2020_zcta,1
38531,not_in_2020_zcta,1
38538,not_in_2020_zcta,1
38540,not_in_2020_zcta,1
38615,not_in_2020_zcta,1
38616,not_in_2020_zcta,1
38640,not_in_2020_zcta,1
38662,not_in_2020_zcta,1
38678,not_in_2020_zcta,1
38702,not_in_2020_zcta,1
38706,not_in_2020_zcta,1
38724,not_in_2020_zcta,1
38752,not_in_2020_zcta,1
38766,not_in_2020_zcta,1
38809,not_in_2020_zcta,1
38812,not_in_2020_zcta,1
38861,not_in_2020_zcta,1
38886,not_in_2020_zcta,1
38893,not_in_2020_zcta,1
38904,not_in_2020_zcta,1
38906,not_in_2020_zcta,1
39005,not_in_2020_zcta,1
39006,not_in_2020_zcta,1
39053,not_in_2020_zcta,1
39076,not_in_2020_zcta,1
39080,not_in_2020_zcta,1
39102,not_in_2020_zcta,1
39122,not_in_2020_zcta,1
39139,not_in_2020_zcta,1
39190,not_in_2020_zcta,1
39196,not_in_2020_zcta,1
39236,not_in_2020_zcta,1
39279,not_in_2020_zcta,1
39292,not_in_2020_zcta,1
39296,not_in_2020_zcta,1
39304,not_in_2020_zcta,1
39331,not_in_2020_zcta,1
39333,not_in_2020_zcta,1
39370,not_in_2020_zcta,1
39391,not_in_2020_zcta,1
39405,not_in_2020_zcta,1
39416,not_in_2020_zcta,1
39424,not_in_2020_zcta,1
39436,not_in_2020_zcta,1
39442,not_in_2020_zcta,1
39445,not_in_2020_zcta,1
39448,not_in_2020_zcta,1
39502,not_in_2020_zcta,1
39504,not_in_2020_zcta,1
39514,not_in_2020_zcta,1
39518,not_in_2020_zcta,1
39535,not_in_2020_zcta,1
39537,not_in_2020_zcta,1
39554,not_in_2020_zcta,1
39566,not_in_2020_zcta,1
39584,not_in_2020_zcta,1
39585,not_in_2020_zcta,1
39602,not_in_2020_zcta,1
39603,not_in_2020_zcta,1
39614,not_in_2020_zcta,1
39627,not_in_2020_zcta,1
39632,not_in_2020_zcta,1
39650,not_in_2020_zcta,1
39651,not_in_2020_zcta,1
39655,not_in_2020_zcta,1
39671,not_in_2020_zcta,1
39676,not_in_2020_zcta,1
39818,not_in_2020_zcta,1
39847,not_in_2020_zcta,1
39909,not_in_2020_zcta,1
39940,not_in_2020_zcta,1
39999,not_in_2020_zcta,1
40001,not_in_2020_zcta,1
40018,not_in_2020_zcta,1
40029,not_in_2020_zcta,1
40030,not_in_2020_zcta,1
40048,not_in_2020_zcta,1
40086,not_in_2020_zcta,1
40092,not_in_2020_zcta,1
40094,not_in_2020_zcta,1
40164,not_in_2020_zcta,1
40188,not_in_2020_zcta,1
40200,not_in_2020_zcta,1
40225,not_in_2020_zcta,1
40227,not_in_2020_zcta,1
40233,not_in_2020_zcta,1
40244,not_in_2020_zcta,1
40251,not_in_2020_zcta,1
40257,not_in_2020_zcta,1
40266,not_in_2020_zcta,1
40269,not_in_2020_zcta,1
40275,not_in_2020_zcta,1
40303,not_in_2020_zcta,1
40321,not_in_2020_zcta,1
40323,not_in_2020_zcta,1
40335,not_in_2020_zcta,1
40401,not_in_2020_zcta,1
40415,not_in_2020_zcta,1
40432,not_in_2020_zcta,1
40465,not_in_2020_zcta,1
40471,not_in_2020_zcta,1
40500,not_in_2020_zcta,1
40512,not_in_2020_zcta,1
40523,not_in_2020_zcta,1
40553,not_in_2020_zcta,1
40560,not_in_2020_zcta,1
40576,not_in_2020_zcta,1
40586,not_in_2020_zcta,1
40591,not_in_2020_zcta,1
40633,not_in_2020_zcta,1
40637,not_in_2020_zcta,1
40712,not_in_2020_zcta,1
40745,not_in_2020_zcta,1
40755,not_in_2020_zcta,1
40850,not_in_2020_zcta,1
40944,not_in_2020_zcta,1
40955,not_in_2020_zcta,1
41037,not_in_2020_zcta,1
41047,not_in_2020_zcta,1
41065,not_in_2020_zcta,1
41089,not_in_2020_zcta,1
41104,not_in_2020_zcta,1
41173,not_in_2020_zcta,1
41176,not_in_2020_zcta,1
41213,not_in_2020_zcta,1
41304,not_in_2020_zcta,1
41316,not_in_2020_zcta,1
41344,not_in_2020_zcta,1
41357,not_in_2020_zcta,1
41409,not_in_2020_zcta,1
41410,not_in_2020_zcta,1
41419,not_in_2020_zcta,1
41552,not_in_2020_zcta,1
41716,not_in_2020_zcta,1
41798,not_in_2020_zcta,1
41803,not_in_2020_zcta,1
41818,not_in_2020_zcta,1
42102,not_in_2020_zcta,1
42107,not_in_2020_zcta,1
42142,not_in_2020_zcta,1
42150,not_in_2020_zcta,1
42158,not_in_2020_zcta,1
42302,not_in_2020_zcta,1
42305,not_in_2020_zcta,1
42309,not_in_2020_zcta,1
42391,not_in_2020_zcta,1
42457,not_in_2020_zcta,1
42515,not_in_2020_zcta,1
42588,not_in_2020_zcta,1
42641,not_in_2020_zcta,1
42707,not_in_2020_zcta,1
42711,not_in_2020_zcta,1
42719,not_in_2020_zcta,1
42736,not_in_2020_zcta,1
42777,not_in_2020_zcta,1
43000,not_in_2020_zcta,1
43182,not_in_2020_zcta,1
43189,not_in_2020_zcta,1
43199,not_in_2020_zcta,1
43234,not_in_2020_zcta,1
43236,not_in_2020_zcta,1
43273,not_in_2020_zcta,1
43290,not_in_2020_zcta,1
43301,not_in_2020_zcta,1
43313,not_in_2020_zcta,1
43349,not_in_2020_zcta,1
43353,not_in_2020_zcta,1
43453,not_in_2020_zcta,1
43621,not_in_2020_zcta,1
43647,not_in_2020_zcta,1
43650,not_in_2020_zcta,1
43666,not_in_2020_zcta,1
43671,not_in_2020_zcta,1
43801,not_in_2020_zcta,1
43831,not_in_2020_zcta,1
44013,not_in_2020_zcta,1
44033,not_in_2020_zcta,1
44034,not_in_2020_zcta,1
44061,not_in_2020_zcta,1
44181,not_in_2020_zcta,1
44205,not_in_2020_zcta,1
44317,not_in_2020_zcta,1
44323,not_in_2020_zcta,1
44326,not_in_2020_zcta,1
44331,not_in_2020_zcta,1
44414,not_in_2020_zcta,1
44480,not_in_2020_zcta,1
44482,not_in_2020_zcta,1
44513,not_in_2020_zcta,1
44526,not_in_2020_zcta,1
44537,not_in_2020_zcta,1
44540,not_in_2020_zcta,1
44587,not_in_2020_zcta,1
44604,not_in_2020_zcta,1
44636,not_in_2020_zcta,1
44727,not_in_2020_zcta,1
44779,not_in_2020_zcta,1
44871,not_in_2020_zcta,1
44873,not_in_2020_zcta,1
44912,not_in_2020_zcta,1
45012,not_in_2020_zcta,1
45016,not_in_2020_zcta,1
45018,not_in_2020_zcta,1
45060,not_in_2020_zcta,1
45104,not_in_2020_zcta,1
45139,not_in_2020_zcta,1
45145,not_in_2020_zcta,1
45257,not_in_2020_zcta,1
45258,not_in_2020_zcta,1
45413,not_in_2020_zcta,1
45442,not_in_2020_zcta,1
45446,not_in_2020_zcta,1
45472,not_in_2020_zcta,1
45475,not_in_2020_zcta,1
45489,not_in_2020_zcta,1
45564,not_in_2020_zcta,1
45713,not_in_2020_zcta,1
45839,not_in_2020_zcta,1
45904,not_in_2020_zcta,1
45952,not_in_2020_zcta,1
46003,not_in_2020_zcta,1
46018,not_in_2020_zcta,1
46026,not_in_2020_zcta,1
46042,not_in_2020_zcta,1
46043,not_in_2020_zcta,1
46067,not_in_2020_zcta,1
46080,not_in_2020_zcta,1
46119,not_in_2020_zcta,1
46132,not_in_2020_zcta,1
46153,not_in_2020_zcta,1
46212,not_in_2020_zcta,1
46213,not_in_2020_zcta,1
46230,not_in_2020_zcta,1
46232,not_in_2020_zcta,1
46238,not_in_2020_zcta,1
46242,not_in_2020_zcta,1
46248,not_in_2020_zcta,1
46251,not_in_2020_zcta,1
46253,not_in_2020_zcta,1
46255,not_in_2020_zcta,1
46258,not_in_2020_zcta,1
46265,not_in_2020_zcta,1
46283,not_in_2020_zcta,1
46291,not_in_2020_zcta,1
46293,not_in_2020_zcta,1
46308,not_in_2020_zcta,1
46317,not_in_2020_zcta,1
46325,not_in_2020_zcta,1
46326,not_in_2020_zcta,1
46328,not_in_2020_zcta,1
46344,not_in_2020_zcta,1
46357,not_in_2020_zcta,1
46361,not_in_2020_zcta,1
46362,not_in_2020_zcta,1
46367,not_in_2020_zcta,1
46453,not_in_2020_zcta,1
46454,not_in_2020_zcta,1
46505,not_in_2020_zcta,1
46527,not_in_2020_zcta,1
46529,not_in_2020_zcta,1
46546,not_in_2020_zcta,1
46632,not_in_2020_zcta,1
46634,not_in_2020_zcta,1
46756,not_in_2020_zcta,1
46768,not_in_2020_zcta,1
46775,not_in_2020_zcta,1
46837,not_in_2020_zcta,1
46850,not_in_2020_zcta,1
46853,not_in_2020_zcta,1
46862,not_in_2020_zcta,1
46867,not_in_2020_zcta,1
46885,not_in_2020_zcta,1
46895,not_in_2020_zcta,1
46972,not_in_2020_zcta,1
46976,not_in_2020_zcta,1
47074,not_in_2020_zcta,1
47079,not_in_2020_zcta,1
47146,not_in_2020_zcta,1
47151,not_in_2020_zcta,1
47257,not_in_2020_zcta,1
47286,not_in_2020_zcta,1
47307,not_in_2020_zcta,1
47328,not_in_2020_zcta,1
47402,not_in_2020_zcta,1
47407,not_in_2020_zcta,1
47426,not_in_2020_zcta,1
47442,not_in_2020_zcta,1
47447,not_in_2020_zcta,1
47463,not_in_2020_zcta,1
47484,not_in_2020_zcta,1
47533,not_in_2020_zcta,1
47556,not_in_2020_zcta,1
47636,not_in_2020_zcta,1
47693,not_in_2020_zcta,1
47717,not_in_2020_zcta,1
47730,not_in_2020_zcta,1
47747,not_in_2020_zcta,1
47751,not_in_2020_zcta,1
47772,not_in_2020_zcta,1
47936,not_in_2020_zcta,1
47979,not_in_2020_zcta,1
48046,not_in_2020_zcta,1
48056,not_in_2020_zcta,1
48090,not_in_2020_zcta,1
48112,not_in_2020_zcta,1
48115,not_in_2020_zcta,1
48129,not_in_2020_zcta,1
48132,not_in_2020_zcta,1
48136,not_in_2020_zcta,1
48181,not_in_2020_zcta,1
48232,not_in_2020_zcta,1
48268,not_in_2020_zcta,1
48273,not_in_2020_zcta,1
48277,not_in_2020_zcta,1
48288,not_in_2020_zcta,1
48298,not_in_2020_zcta,1
48321,not_in_2020_zcta,1
48325,not_in_2020_zcta,1
48333,not_in_2020_zcta,1
48347,not_in_2020_zcta,1
48376,not_in_2020_zcta,1
48431,not_in_2020_zcta,1
48492,not_in_2020_zcta,1
48512,not_in_2020_zcta,1
48515,not_in_2020_zcta,1
48575,not_in_2020_zcta,1
48608,not_in_2020_zcta,1
48702,not_in_2020_zcta,1
48707,not_in_2020_zcta,1
48764,not_in_2020_zcta,1
48944,not_in_2020_zcta,1
49023,not_in_2020_zcta,1
49081,not_in_2020_zcta,1
49109,not_in_2020_zcta,1
49135,not_in_2020_zcta,1
49204,not_in_2020_zcta,1
49206,not_in_2020_zcta,1
49260,not_in_2020_zcta,1
49390,not_in_2020_zcta,1
49391,not_in_2020_zcta,1
49396,not_in_2020_zcta,1
49439,not_in_2020_zcta,1
49465,not_in_2020_zcta,1
49470,not_in_2020_zcta,1
49479,not_in_2020_zcta,1
49483,not_in_2020_zcta,1
49510,not_in_2020_zcta,1
49514,not_in_2020_zcta,1
49541,not_in_2020_zcta,1
49549,not_in_2020_zcta,1
49552,not_in_2020_zcta,1
49592,not_in_2020_zcta,1
49666,not_in_2020_zcta,1
49711,not_in_2020_zcta,1
49734,not_in_2020_zcta,1
49933,not_in_2020_zcta,1
50024,not_in_2020_zcta,1
50178,not_in_2020_zcta,1
50203,not_in_2020_zcta,1
50215,not_in_2020_zcta,1
50259,not_in_2020_zcta,1
50301,not_in_2020_zcta,1
50306,not_in_2020_zcta,1
50332,not_in_2020_zcta,1
50402,not_in_2020_zcta,1
50499,not_in_2020_zcta,1
50704,not_in_2020_zcta,1
50706,not_in_2020_zcta,1
50738,not_in_2020_zcta,1
50912,not_in_2020_zcta,1
51083,not_in_2020_zcta,1
51176,not_in_2020_zcta,1
51257,not_in_2020_zcta,1
51265,not_in_2020_zcta,1
51607,not_in_2020_zcta,1
51868,not_in_2020_zcta,1
52004,not_in_2020_zcta,1
52304,not_in_2020_zcta,1
52331,not_in_2020_zcta,1
52412,not_in_2020_zcta,1
52515,not_in_2020_zcta,1
52522,not_in_2020_zcta,1
52541,not_in_2020_zcta,1
52564,not_in_2020_zcta,1
52592,not_in_2020_zcta,1
52617,not_in_2020_zcta,1
52665,not_in_2020_zcta,1
52690,not_in_2020_zcta,1
52785,not_in_2020_zcta,1
52805,not_in_2020_zcta,1
53008,not_in_2020_zcta,1
53028,not_in_2020_zcta,1
53043,not_in_2020_zcta,1
53056,not_in_2020_zcta,1
53131,not_in_2020_zcta,1
53171,not_in_2020_zcta,1
53180,not_in_2020_zcta,1
53232,not_in_2020_zcta,1
53234,not_in_2020_zcta,1
53266,not_in_2020_zcta,1
53286,not_in_2020_zcta,1
53290,not_in_2020_zcta,1
53313,not_in_2020_zcta,1
53412,not_in_2020_zcta,1
53420,not_in_2020_zcta,1
53542,not_in_2020_zcta,1
53596,not_in_2020_zcta,1
53632,not_in_2020_zcta,1
53723,not_in_2020_zcta,1
53725,not_in_2020_zcta,1
53902,not_in_2020_zcta,1
53945,not_in_2020_zcta,1
54067,not_in_2020_zcta,1
54089,not_in_2020_zcta,1
54244,not_in_2020_zcta,1
54306,not_in_2020_zcta,1
54378,not_in_2020_zcta,1
54392,not_in_2020_zcta,1
54429,not_in_2020_zcta,1
54571,not_in_2020_zcta,1
54596,not_in_2020_zcta,1
54702,not_in_2020_zcta,1
54735,not_in_2020_zcta,1
54789,not_in_2020_zcta,1
54890,not_in_2020_zcta,1
54919,not_in_2020_zcta,1
54934,not_in_2020_zcta,1
54999,not_in_2020_zcta,1
55015,not_in_2020_zcta,1
55059,not_in_2020_zcta,1
55093,not_in_2020_zcta,1
55131,not_in_2020_zcta,1
55201,not_in_2020_zcta,1
55214,not_in_2020_zcta,1
55215,not_in_2020_zcta,1
55292,not_in_2020_zcta,1
55323,not_in_2020_zcta,1
55326,not_in_2020_zcta,1
55348,not_in_2020_zcta,1
55361,not_in_2020_zcta,1
55377,not_in_2020_zcta,1
55440,not_in_2020_zcta,1
55468,not_in_2020_zcta,1
55472,not_in_2020_zcta,1
55476,not_in_2020_zcta,1
55633,not_in_2020_zcta,1
55647,not_in_2020_zcta,1
55714,not_in_2020_zcta,1
55881,not_in_2020_zcta,1
55937,not_in_2020_zcta,1
55996,not_in_2020_zcta,1
56000,not_in_2020_zcta,1
56109,not_in_2020_zcta,1
56177,not_in_2020_zcta,1
56302,not_in_2020_zcta,1
56388,not_in_2020_zcta,1
56404,not_in_2020_zcta,1
56428,not_in_2020_zcta,1
56445,not_in_2020_zcta,1
56561,not_in_2020_zcta,1
56625,not_in_2020_zcta,1
56740,not_in_2020_zcta,1
56784,not_in_2020_zcta,1
56832,not_in_2020_zcta,1
56917,not_in_2020_zcta,1
57100,not_in_2020_zcta,1
57119,not_in_2020_zcta,1
57209,not_in_2020_zcta,1
57352,not_in_2020_zcta,1
57390,not_in_2020_zcta,1
57507,not_in_2020_zcta,1
57510,not_in_2020_zcta,1
57526,not_in_2020_zcta,1
57535,not_in_2020_zcta,1
57707,not_in_2020_zcta,1
57918,not_in_2020_zcta,1
58014,not_in_2020_zcta,1
58037,not_in_2020_zcta,1
58070,not_in_2020_zcta,1
58087,not_in_2020_zcta,1
58178,not_in_2020_zcta,1
58302,not_in_2020_zcta,1
58408,not_in_2020_zcta,1
58489,not_in_2020_zcta,1
58719,not_in_2020_zcta,1
58903,not_in_2020_zcta,1
59108,not_in_2020_zcta,1
59109,not_in_2020_zcta,1
59406,not_in_2020_zcta,1
59504,not_in_2020_zcta,1
59561,not_in_2020_zcta,1
59609,not_in_2020_zcta,1
59624,not_in_2020_zcta,1
59705,not_in_2020_zcta,1
59805,not_in_2020_zcta,1
59849,not_in_2020_zcta,1
59938,not_in_2020_zcta,1
60001,not_in_2020_zcta,1
60009,not_in_2020_zcta,1
60011,not_in_2020_zcta,1
60024,not_in_2020_zcta,1
60027,not_in_2020_zcta,1
60049,not_in_2020_zcta,1
60054,not_in_2020_zcta,1
60057,not_in_2020_zcta,1
60058,not_in_2020_zcta,1
60059,not_in_2020_zcta,1
60079,not_in_2020_zcta,1
60080,not_in_2020_zcta,1
60082,not_in_2020_zcta,1
60086,not_in_2020_zcta,1
60095,not_in_2020_zcta,1
60138,not_in_2020_zcta,1
60166,not_in_2020_zcta,1
60216,not_in_2020_zcta,1
60220,not_in_2020_zcta,1
60221,not_in_2020_zcta,1
60228,not_in_2020_zcta,1
60229,not_in_2020_zcta,1
60231,not_in_2020_zcta,1
60239,not_in_2020_zcta,1
60260,not_in_2020_zcta,1
60268,not_in_2020_zcta,1
60303,not_in_2020_zcta,1
60348,not_in_2020_zcta,1
60362,not_in_2020_zcta,1
60405,not_in_2020_zcta,1
60427,not_in_2020_zcta,1
60454,not_in_2020_zcta,1
60488,not_in_2020_zcta,1
60494,not_in_2020_zcta,1
60535,not_in_2020_zcta,1
60547,not_in_2020_zcta,1
60562,not_in_2020_zcta,1
60571,not_in_2020_zcta,1
60594,not_in_2020_zcta,1
60595,not_in_2020_zcta,1
60635,not_in_2020_zcta,1
60648,not_in_2020_zcta,1
60662,not_in_2020_zcta,1
60664,not_in_2020_zcta,1
60666,not_in_2020_zcta,1
60674,not_in_2020_zcta,1
60675,not_in_2020_zcta,1
60683,not_in_2020_zcta,1
60691,not_in_2020_zcta,1
60694,not_in_2020_zcta,1
60699,not_in_2020_zcta,1
60715,not_in_2020_zcta,1
60806,not_in_2020_zcta,1
60821,not_in_2020_zcta,1
61023,not_in_2020_zcta,1
61055,not_in_2020_zcta,1
61132,not_in_2020_zcta,1
61144,not_in_2020_zcta,1
61202,not_in_2020_zcta,1
61269,not_in_2020_zcta,1
61481,not_in_2020_zcta,1
61504,not_in_2020_zcta,1
61583,not_in_2020_zcta,1
61608,not_in_2020_zcta,1
61617,not_in_2020_zcta,1
61642,not_in_2020_zcta,1
61660,not_in_2020_zcta,1
61886,not_in_2020_zcta,1
61901,not_in_2020_zcta,1
61905,not_in_2020_zcta,1
62065,not_in_2020_zcta,1
62070,not_in_2020_zcta,1
62125,not_in_2020_zcta,1
62148,not_in_2020_zcta,1
62252,not_in_2020_zcta,1
62259,not_in_2020_zcta,1
62306,not_in_2020_zcta,1
62524,not_in_2020_zcta,1
62525,not_in_2020_zcta,1
62528,not_in_2020_zcta,1
62585,not_in_2020_zcta,1
62592,not_in_2020_zcta,1
62605,not_in_2020_zcta,1
62636,not_in_2020_zcta,1
62705,not_in_2020_zcta,1
62756,not_in_2020_zcta,1
62792,not_in_2020_zcta,1
62857,not_in_2020_zcta,1
62929,not_in_2020_zcta,1
63002,not_in_2020_zcta,1
63008,not_in_2020_zcta,1
63093,not_in_2020_zcta,1
63148,not_in_2020_zcta,1
63163,not_in_2020_zcta,1
63177,not_in_2020_zcta,1
63178,not_in_2020_zcta,1
63187,not_in_2020_zcta,1
63201,not_in_2020_zcta,1
63216,not_in_2020_zcta,1
63264,not_in_2020_zcta,1
63302,not_in_2020_zcta,1
63305,not_in_2020_zcta,1
63306,not_in_2020_zcta,1
63308,not_in_2020_zcta,1
63326,not_in_2020_zcta,1
63342,not_in_2020_zcta,1
63364,not_in_2020_zcta,1
63370,not_in_2020_zcta,1
63375,not_in_2020_zcta,1
63526,not_in_2020_zcta,1
63568,not_in_2020_zcta,1
63595,not_in_2020_zcta,1
63652,not_in_2020_zcta,1
63666,not_in_2020_zcta,1
63668,not_in_2020_zcta,1
63690,not_in_2020_zcta,1
63708,not_in_2020_zcta,1
63836,not_in_2020_zcta,1
63902,not_in_2020_zcta,1
63905,not_in_2020_zcta,1
63907,not_in_2020_zcta,1
63959,not_in_2020_zcta,1
64007,not_in_2020_zcta,1
64033,not_in_2020_zcta,1
64091,not_in_2020_zcta,1
64148,not_in_2020_zcta,1
64171,not_in_2020_zcta,1
64190,not_in_2020_zcta,1
64326,not_in_2020_zcta,1
64370,not_in_2020_zcta,1
64418,not_in_2020_zcta,1
64435,not_in_2020_zcta,1
64502,not_in_2020_zcta,1
64508,not_in_2020_zcta,1
64565,not_in_2020_zcta,1
64579,not_in_2020_zcta,1
64584,not_in_2020_zcta,1
64606,not_in_2020_zcta,1
64609,not_in_2020_zcta,1
64766,not_in_2020_zcta,1
64774,not_in_2020_zcta,1
64777,not_in_2020_zcta,1
64813,not_in_2020_zcta,1
64901,not_in_2020_zcta,1
65028,not_in_2020_zcta,1
65038,not_in_2020_zcta,1
65056,not_in_2020_zcta,1
65057,not_in_2020_zcta,1
65102,not_in_2020_zcta,1
65103,not_in_2020_zcta,1
65303,not_in_2020_zcta,1
65341,not_in_2020_zcta,1
65465,not_in_2020_zcta,1
65504,not_in_2020_zcta,1
65553,not_in_2020_zcta,1
65599,not_in_2020_zcta,1
65607,not_in_2020_zcta,1
65645,not_in_2020_zcta,1
65716,not_in_2020_zcta,1
65814,not_in_2020_zcta,1
65884,not_in_2020_zcta,1
65909,not_in_2020_zcta,1
66077,not_in_2020_zcta,1
66114,not_in_2020_zcta,1
66120,not_in_2020_zcta,1
66125,not_in_2020_zcta,1
66132,not_in_2020_zcta,1
66225,not_in_2020_zcta,1
66239,not_in_2020_zcta,1
66250,not_in_2020_zcta,1
66505,not_in_2020_zcta,1
67086,not_in_2020_zcta,1
67201,not_in_2020_zcta,1
67277,not_in_2020_zcta,1
67504,not_in_2020_zcta,1
67571,not_in_2020_zcta,1
67830,not_in_2020_zcta,1
68103,not_in_2020_zcta,1
68145,not_in_2020_zcta,1
68408,not_in_2020_zcta,1
68435,not_in_2020_zcta,1
68542,not_in_2020_zcta,1
68545,not_in_2020_zcta,1
68551,not_in_2020_zcta,1
68574,not_in_2020_zcta,1
68602,not_in_2020_zcta,1
68805,not_in_2020_zcta,1
68902,not_in_2020_zcta,1
69119,not_in_2020_zcta,1
69183,not_in_2020_zcta,1
69489,not_in_2020_zcta,1
69649,not_in_2020_zcta,1
69845,not_in_2020_zcta,1
70007,not_in_2020_zcta,1
70011,not_in_2020_zcta,1
70012,not_in_2020_zcta,1
70014,not_in_2020_zcta,1
70015,not_in_2020_zcta,1
70017,not_in_2020_zcta,1
70018,not_in_2020_zcta,1
70042,not_in_2020_zcta,1
70048,not_in_2020_zcta,1
70088,not_in_2020_zcta,1
70089,not_in_2020_zcta,1
70137,not_in_2020_zcta,1
70144,not_in_2020_zcta,1
70150,not_in_2020_zcta,1
70151,not_in_2020_zcta,1
70153,not_in_2020_zcta,1
70154,not_in_2020_zcta,1
70160,not_in_2020_zcta,1
70170,not_in_2020_zcta,1
70177,not_in_2020_zcta,1
70180,not_in_2020_zcta,1
70192,not_in_2020_zcta,1
70201,not_in_2020_zcta,1
70246,not_in_2020_zcta,1
70270,not_in_2020_zcta,1
70307,not_in_2020_zcta,1
70334,not_in_2020_zcta,1
70351,not_in_2020_zcta,1
70370,not_in_2020_zcta,1
70383,not_in_2020_zcta,1
70411,not_in_2020_zcta,1
70502,not_in_2020_zcta,1
70509,not_in_2020_zcta,1
70521,not_in_2020_zcta,1
70527,not_in_2020_zcta,1
70530,not_in_2020_zcta,1
70536,not_in_2020_zcta,1
70540,not_in_2020_zcta,1
70565,not_in_2020_zcta,1
70568,not_in_2020_zcta,1
70573,not_in_2020_zcta,1
70610,not_in_2020_zcta,1
70641,not_in_2020_zcta,1
70701,not_in_2020_zcta,1
70784,not_in_2020_zcta,1
70796,not_in_2020_zcta,1
70835,not_in_2020_zcta,1
70871,not_in_2020_zcta,1
70879,not_in_2020_zcta,1
70887,not_in_2020_zcta,1
70890,not_in_2020_zcta,1
70893,not_in_2020_zcta,1
70901,not_in_2020_zcta,1
71010,not_in_2020_zcta,1
71015,not_in_2020_zcta,1
71050,not_in_2020_zcta,1
71133,not_in_2020_zcta,1
71137,not_in_2020_zcta,1
71162,not_in_2020_zcta,1
71163,not_in_2020_zcta,1
71171,not_in_2020_zcta,1
71210,not_in_2020_zcta,1
71309,not_in_2020_zcta,1
71329,not_in_2020_zcta,1
71348,not_in_2020_zcta,1
71361,not_in_2020_zcta,1
71421,not_in_2020_zcta,1
71451,not_in_2020_zcta,1
71453,not_in_2020_zcta,1
71519,not_in_2020_zcta,1
71521,not_in_2020_zcta,1
71543,not_in_2020_zcta,1
71634,not_in_2020_zcta,1
71704,not_in_2020_zcta,1
71754,not_in_2020_zcta,1
71897,not_in_2020_zcta,1
71919,not_in_2020_zcta,1
71931,not_in_2020_zcta,1
72062,not_in_2020_zcta,1
72115,not_in_2020_zcta,1
72124,not_in_2020_zcta,1
72144,not_in_2020_zcta,1
72146,not_in_2020_zcta,1
72159,not_in_2020_zcta,1
72164,not_in_2020_zcta,1
72218,not_in_2020_zcta,1
72222,not_in_2020_zcta,1
72225,not_in_2020_zcta,1
72226,not_in_2020_zcta,1
72231,not_in_2020_zcta,1
72319,not_in_2020_zcta,1
72344,not_in_2020_zcta,1
72398,not_in_2020_zcta,1
72400,not_in_2020_zcta,1
72420,not_in_2020_zcta,1
72463,not_in_2020_zcta,1
72465,not_in_2020_zcta,1
72563,not_in_2020_zcta,1
72654,not_in_2020_zcta,1
72707,not_in_2020_zcta,1
72728,not_in_2020_zcta,1
72737,not_in_2020_zcta,1
72759,not_in_2020_zcta,1
72817,not_in_2020_zcta,1
72849,not_in_2020_zcta,1
72850,not_in_2020_zcta,1
72868,not_in_2020_zcta,1
72918,not_in_2020_zcta,1
72953,not_in_2020_zcta,1
72962,not_in_2020_zcta,1
73123,not_in_2020_zcta,1
73125,not_in_2020_zcta,1
73138,not_in_2020_zcta,1
73143,not_in_2020_zcta,1
73148,not_in_2020_zcta,1
73157,not_in_2020_zcta,1
73207,not_in_2020_zcta,1
73215,not_in_2020_zcta,1
73303,not_in_2020_zcta,1
73314,not_in_2020_zcta,1
73452,not_in_2020_zcta,1
73462,not_in_2020_zcta,1
73502,not_in_2020_zcta,1
73506,not_in_2020_zcta,1
73583,not_in_2020_zcta,1
73584,not_in_2020_zcta,1
73602,not_in_2020_zcta,1
73604,not_in_2020_zcta,1
73610,not_in_2020_zcta,1
73700,not_in_2020_zcta,1
73702,not_in_2020_zcta,1
73805,not_in_2020_zcta,1
73868,not_in_2020_zcta,1
73904,not_in_2020_zcta,1
74031,not_in_2020_zcta,1
74043,not_in_2020_zcta,1
74057,not_in_2020_zcta,1
74064,not_in_2020_zcta,1
74109,not_in_2020_zcta,1
74148,not_in_2020_zcta,1
74154,not_in_2020_zcta,1
74155,not_in_2020_zcta,1
74170,not_in_2020_zcta,1
74257,not_in_2020_zcta,1
74286,not_in_2020_zcta,1
74308,not_in_2020_zcta,1
74335,not_in_2020_zcta,1
74348,not_in_2020_zcta,1
74481,not_in_2020_zcta,1
74520,not_in_2020_zcta,1
74584,not_in_2020_zcta,1
74602,not_in_2020_zcta,1
74629,not_in_2020_zcta,1
74657,not_in_2020_zcta,1
74744,not_in_2020_zcta,1
74746,not_in_2020_zcta,1
74805,not_in_2020_zcta,1
74821,not_in_2020_zcta,1
74863,not_in_2020_zcta,1
75008,not_in_2020_zcta,1
75046,not_in_2020_zcta,1
75064,not_in_2020_zcta,1
75086,not_in_2020_zcta,1
75096,not_in_2020_zcta,1
75108,not_in_2020_zcta,1
75120,not_in_2020_zcta,1
75139,not_in_2020_zcta,1
75184,not_in_2020_zcta,1
75250,not_in_2020_zcta,1
75258,not_in_2020_zcta,1
75266,not_in_2020_zcta,1
75267,not_in_2020_zcta,1
75283,not_in_2020_zcta,1
75301,not_in_2020_zcta,1
75312,not_in_2020_zcta,1
75315,not_in_2020_zcta,1
75320,not_in_2020_zcta,1
75341,not_in_2020_zcta,1
75342,not_in_2020_zcta,1
75354,not_in_2020_zcta,1
75355,not_in_2020_zcta,1
75357,not_in_2020_zcta,1
75360,not_in_2020_zcta,1
75367,not_in_2020_zcta,1
75370,not_in_2020_zcta,1
75371,not_in_2020_zcta,1
75376,not_in_2020_zcta,1
75382,not_in_2020_zcta,1
75425,not_in_2020_zcta,1
75445,not_in_2020_zcta,1
75461,not_in_2020_zcta,1
75500,not_in_2020_zcta,1
75504,not_in_2020_zcta,1
75507,not_in_2020_zcta,1
75548,not_in_2020_zcta,1
75648,not_in_2020_zcta,1
75666,not_in_2020_zcta,1
75673,not_in_2020_zcta,1
75678,not_in_2020_zcta,1
75710,not_in_2020_zcta,1
75735,not_in_2020_zcta,1
75772,not_in_2020_zcta,1
75774,not_in_2020_zcta,1
75804,not_in_2020_zcta,1
75821,not_in_2020_zcta,1
75892,not_in_2020_zcta,1
75902,not_in_2020_zcta,1
75947,not_in_2020_zcta,1
76068,not_in_2020_zcta,1
76097,not_in_2020_zcta,1
76099,not_in_2020_zcta,1
76101,not_in_2020_zcta,1
76130,not_in_2020_zcta,1
76143,not_in_2020_zcta,1
76153,not_in_2020_zcta,1
76163,not_in_2020_zcta,1
76165,not_in_2020_zcta,1
76181,not_in_2020_zcta,1
76185,not_in_2020_zcta,1
76199,not_in_2020_zcta,1
76219,not_in_2020_zcta,1
76220,not_in_2020_zcta,1
76284,not_in_2020_zcta,1
76285,not_in_2020_zcta,1
76313,not_in_2020_zcta,1
76467,not_in_2020_zcta,1
76506,not_in_2020_zcta,1
76536,not_in_2020_zcta,1
76540,not_in_2020_zcta,1
76545,not_in_2020_zcta,1
76552,not_in_2020_zcta,1
76562,not_in_2020_zcta,1
76602,not_in_2020_zcta,1
76616,not_in_2020_zcta,1
76716,not_in_2020_zcta,1
76740,not_in_2020_zcta,1
76754,not_in_2020_zcta,1
76768,not_in_2020_zcta,1
76805,not_in_2020_zcta,1
76819,not_in_2020_zcta,1
76840,not_in_2020_zcta,1
76886,not_in_2020_zcta,1
76907,not_in_2020_zcta,1
76962,not_in_2020_zcta,1
77150,not_in_2020_zcta,1
77205,not_in_2020_zcta,1
77215,not_in_2020_zcta,1
77218,not_in_2020_zcta,1
77225,not_in_2020_zcta,1
77226,not_in_2020_zcta,1
77228,not_in_2020_zcta,1
77229,not_in_2020_zcta,1
77231,not_in_2020_zcta,1
77234,not_in_2020_zcta,1
77236,not_in_2020_zcta,1
77252,not_in_2020_zcta,1
77255,not_in_2020_zcta,1
77257,not_in_2020_zcta,1
77259,not_in_2020_zcta,1
77262,not_in_2020_zcta,1
77266,not_in_2020_zcta,1
77269,not_in_2020_zcta,1
77272,not_in_2020_zcta,1
77279,not_in_2020_zcta,1
77287,not_in_2020_zcta,1
77288,not_in_2020_zcta,1
77290,not_in_2020_zcta,1
77293,not_in_2020_zcta,1
77319,not_in_2020_zcta,1
77329,not_in_2020_zcta,1
77333,not_in_2020_zcta,1
77343,not_in_2020_zcta,1
77391,not_in_2020_zcta,1
77452,not_in_2020_zcta,1
77462,not_in_2020_zcta,1
77463,not_in_2020_zcta,1
77487,not_in_2020_zcta,1
77492,not_in_2020_zcta,1
77495,not_in_2020_zcta,1
77496,not_in_2020_zcta,1
77501,not_in_2020_zcta,1
77509,not_in_2020_zcta,1
77526,not_in_2020_zcta,1
77527,not_in_2020_zcta,1
77540,not_in_2020_zcta,1
77588,not_in_2020_zcta,1
77635,not_in_2020_zcta,1
77645,not_in_2020_zcta,1
77652,not_in_2020_zcta,1
77681,not_in_2020_zcta,1
77700,not_in_2020_zcta,1
77738,not_in_2020_zcta,1
77804,not_in_2020_zcta,1
77815,not_in_2020_zcta,1
77838,not_in_2020_zcta,1
77839,not_in_2020_zcta,1
77846,not_in_2020_zcta,1
77881,not_in_2020_zcta,1
77884,not_in_2020_zcta,1
77890,not_in_2020_zcta,1
77935,not_in_2020_zcta,1
77936,not_in_2020_zcta,1
77945,not_in_2020_zcta,1
77981,not_in_2020_zcta,1
77989,not_in_2020_zcta,1
78034,not_in_2020_zcta,1
78049,not_in_2020_zcta,1
78103,not_in_2020_zcta,1
78156,not_in_2020_zcta,1
78246,not_in_2020_zcta,1
78262,not_in_2020_zcta,1
78271,not_in_2020_zcta,1
78273,not_in_2020_zcta,1
78275,not_in_2020_zcta,1
78283,not_in_2020_zcta,1
78295,not_in_2020_zcta,1
78297,not_in_2020_zcta,1
78307,not_in_2020_zcta,1
78318,not_in_2020_zcta,1
78320,not_in_2020_zcta,1
78327,not_in_2020_zcta,1
78328,not_in_2020_zcta,1
78329,not_in_2020_zcta,1
78334,not_in_2020_zcta,1
78367,not_in_2020_zcta,1
78425,not_in_2020_zcta,1
78429,not_in_2020_zcta,1
78451,not_in_2020_zcta,1
78463,not_in_2020_zcta,1
78469,not_in_2020_zcta,1
78483,not_in_2020_zcta,1
78513,not_in_2020_zcta,1
78515,not_in_2020_zcta,1
78518,not_in_2020_zcta,1
78527,not_in_2020_zcta,1
78528,not_in_2020_zcta,1
78529,not_in_2020_zcta,1
78533,not_in_2020_zcta,1
78544,not_in_2020_zcta,1
78571,not_in_2020_zcta,1
78601,not_in_2020_zcta,1
78604,not_in_2020_zcta,1
78682,not_in_2020_zcta,1
78686,not_in_2020_zcta,1
78691,not_in_2020_zcta,1
78696,not_in_2020_zcta,1
78707,not_in_2020_zcta,1
78713,not_in_2020_zcta,1
78716,not_in_2020_zcta,1
78740,not_in_2020_zcta,1
78743,not_in_2020_zcta,1
78760,not_in_2020_zcta,1
78762,not_in_2020_zcta,1
78763,not_in_2020_zcta,1
78764,not_in_2020_zcta,1
78766,not_in_2020_zcta,1
78767,not_in_2020_zcta,1
78776,not_in_2020_zcta,1
78781,not_in_2020_zcta,1
78783,not_in_2020_zcta,1
78789,not_in_2020_zcta,1
78806,not_in_2020_zcta,1
78854,not_in_2020_zcta,1
78857,not_in_2020_zcta,1
78859,not_in_2020_zcta,1
78868,not_in_2020_zcta,1
78901,not_in_2020_zcta,1
78903,not_in_2020_zcta,1
78904,not_in_2020_zcta,1
78917,not_in_2020_zcta,1
78939,not_in_2020_zcta,1
78961,not_in_2020_zcta,1
79020,not_in_2020_zcta,1
79023,not_in_2020_zcta,1
79067,not_in_2020_zcta,1
79069,not_in_2020_zcta,1
79137,not_in_2020_zcta,1
79145,not_in_2020_zcta,1
79150,not_in_2020_zcta,1
79158,not_in_2020_zcta,1
79163,not_in_2020_zcta,1
79207,not_in_2020_zcta,1
79232,not_in_2020_zcta,1
79270,not_in_2020_zcta,1
79309,not_in_2020_zcta,1
79338,not_in_2020_zcta,1
79389,not_in_2020_zcta,1
79409,not_in_2020_zcta,1
79430,not_in_2020_zcta,1
79458,not_in_2020_zcta,1
79577,not_in_2020_zcta,1
79608,not_in_2020_zcta,1
79666,not_in_2020_zcta,1
79710,not_in_2020_zcta,1
79757,not_in_2020_zcta,1
79775,not_in_2020_zcta,1
79860,not_in_2020_zcta,1
79909,not_in_2020_zcta,1
79917,not_in_2020_zcta,1
79926,not_in_2020_zcta,1
79929,not_in_2020_zcta,1
79931,not_in_2020_zcta,1
79937,not_in_2020_zcta,1
79939,not_in_2020_zcta,1
79946,not_in_2020_zcta,1
79949,not_in_2020_zcta,1
79951,not_in_2020_zcta,1
79953,not_in_2020_zcta,1
79984,not_in_2020_zcta,1
79996,not_in_2020_zcta,1
79997,not_in_2020_zcta,1
79999,not_in_2020_zcta,1
80001,not_in_2020_zcta,1
80035,not_in_2020_zcta,1
80036,not_in_2020_zcta,1
80042,not_in_2020_zcta,1
80063,not_in_2020_zcta,1
80100,not_in_2020_zcta,1
80151,not_in_2020_zcta,1
80155,not_in_2020_zcta,1
80158,not_in_2020_zcta,1
80161,not_in_2020_zcta,1
80198,not_in_2020_zcta,1
80213,not_in_2020_zcta,1
80217,not_in_2020_zcta,1
80245,not_in_2020_zcta,1
80262,not_in_2020_zcta,1
80307,not_in_2020_zcta,1
80314,not_in_2020_zcta,1
80316,not_in_2020_zcta,1
80402,not_in_2020_zcta,1
80450,not_in_2020_zcta,1
80497,not_in_2020_zcta,1
80500,not_in_2020_zcta,1
80505,not_in_2020_zcta,1
80531,not_in_2020_zcta,1
80614,not_in_2020_zcta,1
80632,not_in_2020_zcta,1
80681,not_in_2020_zcta,1
80717,not_in_2020_zcta,1
80748,not_in_2020_zcta,1
80912,not_in_2020_zcta,1
80932,not_in_2020_zcta,1
80933,not_in_2020_zcta,1
80934,not_in_2020_zcta,1
80935,not_in_2020_zcta,1
80960,not_in_2020_zcta,1
80970,not_in_2020_zcta,1
80971,not_in_2020_zcta,1
80992,not_in_2020_zcta,1
81013,not_in_2020_zcta,1
81031,not_in_2020_zcta,1
81153,not_in_2020_zcta,1
81404,not_in_2020_zcta,1
81414,not_in_2020_zcta,1
81447,not_in_2020_zcta,1
81703,not_in_2020_zcta,1
81707,not_in_2020_zcta,1
81709,not_in_2020_zcta,1
81792,not_in_2020_zcta,1
81844,not_in_2020_zcta,1
82000,not_in_2020_zcta,1
82022,not_in_2020_zcta,1
82023,not_in_2020_zcta,1
82025,not_in_2020_zcta,1
82269,not_in_2020_zcta,1
82284,not_in_2020_zcta,1
82376,not_in_2020_zcta,1
82539,not_in_2020_zcta,1
82571,not_in_2020_zcta,1
82579,not_in_2020_zcta,1
82605,not_in_2020_zcta,1
82606,not_in_2020_zcta,1
82618,not_in_2020_zcta,1
82627,not_in_2020_zcta,1
83109,not_in_2020_zcta,1
83206,not_in_2020_zcta,1
83256,not_in_2020_zcta,1
83382,not_in_2020_zcta,1
83405,not_in_2020_zcta,1
83550,not_in_2020_zcta,1
83561,not_in_2020_zcta,1
83620,not_in_2020_zcta,1
83635,not_in_2020_zcta,1
83653,not_in_2020_zcta,1
83681,not_in_2020_zcta,1
83701,not_in_2020_zcta,1
83707,not_in_2020_zcta,1
83711,not_in_2020_zcta,1
83717,not_in_2020_zcta,1
83790,not_in_2020_zcta,1
83853,not_in_2020_zcta,1
83886,not_in_2020_zcta,1
84016,not_in_2020_zcta,1
84068,not_in_2020_zcta,1
84089,not_in_2020_zcta,1
84125,not_in_2020_zcta,1
84127,not_in_2020_zcta,1
84139,not_in_2020_zcta,1
84147,not_in_2020_zcta,1
84151,not_in_2020_zcta,1
84158,not_in_2020_zcta,1
84184,not_in_2020_zcta,1
84257,not_in_2020_zcta,1
84303,not_in_2020_zcta,1
84409,not_in_2020_zcta,1
84453,not_in_2020_zcta,1
84514,not_in_2020_zcta,1
84583,not_in_2020_zcta,1
84605,not_in_2020_zcta,1
84925,not_in_2020_zcta,1
85036,not_in_2020_zcta,1
85068,not_in_2020_zcta,1
85070,not_in_2020_zcta,1
85074,not_in_2020_zcta,1
85081,not_in_2020_zcta,1
85095,not_in_2020_zcta,1
85105,not_in_2020_zcta,1
85148,not_in_2020_zcta,1
85183,not_in_2020_zcta,1
85227,not_in_2020_zcta,1
85265,not_in_2020_zcta,1
85272,not_in_2020_zcta,1
85278,not_in_2020_zcta,1
85280,not_in_2020_zcta,1
85314,not_in_2020_zcta,1
85368,not_in_2020_zcta,1
85372,not_in_2020_zcta,1
85376,not_in_2020_zcta,1
85393,not_in_2020_zcta,1
85413,not_in_2020_zcta,1
85436,not_in_2020_zcta,1
85504,not_in_2020_zcta,1
85506,not_in_2020_zcta,1
85519,not_in_2020_zcta,1
85580,not_in_2020_zcta,1
85717,not_in_2020_zcta,1
85720,not_in_2020_zcta,1
85722,not_in_2020_zcta,1
85725,not_in_2020_zcta,1
85758,not_in_2020_zcta,1
85905,not_in_2020_zcta,1
86012,not_in_2020_zcta,1
86210,not_in_2020_zcta,1
86225,not_in_2020_zcta,1
86340,not_in_2020_zcta,1
86341,not_in_2020_zcta,1
86342,not_in_2020_zcta,1
86383,not_in_2020_zcta,1
86407,not_in_2020_zcta,1
86446,not_in_2020_zcta,1
86451,not_in_2020_zcta,1
86608,not_in_2020_zcta,1
86713,not_in_2020_zcta,1
86734,not_in_2020_zcta,1
86943,not_in_2020_zcta,1
86954,not_in_2020_zcta,1
87100,not_in_2020_zcta,1
87118,not_in_2020_zcta,1
87131,not_in_2020_zcta,1
87141,not_in_2020_zcta,1
87194,not_in_2020_zcta,1
87403,not_in_2020_zcta,1
87447,not_in_2020_zcta,1
87451,not_in_2020_zcta,1
87509,not_in_2020_zcta,1
87651,not_in_2020_zcta,1
87913,not_in_2020_zcta,1
88170,not_in_2020_zcta,1
88259,not_in_2020_zcta,1
88326,not_in_2020_zcta,1
88328,not_in_2020_zcta,1
88420,not_in_2020_zcta,1
88506,not_in_2020_zcta,1
88540,not_in_2020_zcta,1
88770,not_in_2020_zcta,1
88801,not_in_2020_zcta,1
88845,not_in_2020_zcta,1
89000,not_in_2020_zcta,1
89006,not_in_2020_zcta,1
89009,not_in_2020_zcta,1
89016,not_in_2020_zcta,1
89077,not_in_2020_zcta,1
89093,not_in_2020_zcta,1
89111,not_in_2020_zcta,1
89112,not_in_2020_zcta,1
89125,not_in_2020_zcta,1
89136,not_in_2020_zcta,1
89140,not_in_2020_zcta,1
89175,not_in_2020_zcta,1
89199,not_in_2020_zcta,1
89229,not_in_2020_zcta,1
89277,not_in_2020_zcta,1
89284,not_in_2020_zcta,1
89302,not_in_2020_zcta,1
89407,not_in_2020_zcta,1
89443,not_in_2020_zcta,1
89505,not_in_2020_zcta,1
89518,not_in_2020_zcta,1
89568,not_in_2020_zcta,1
89571,not_in_2020_zcta,1
89572,not_in_2020_zcta,1
89576,not_in_2020_zcta,1
89608,not_in_2020_zcta,1
89631,not_in_2020_zcta,1
89664,not_in_2020_zcta,1
89681,not_in_2020_zcta,1
89802,not_in_2020_zcta,1
89852,not_in_2020_zcta,1
89854,not_in_2020_zcta,1
89872,not_in_2020_zcta,1
89901,not_in_2020_zcta,1
90030,not_in_2020_zcta,1
90051,not_in_2020_zcta,1
90054,not_in_2020_zcta,1
90055,not_in_2020_zcta,1
90070,not_in_2020_zcta,1
90074,not_in_2020_zcta,1
90076,not_in_2020_zcta,1
90078,not_in_2020_zcta,1
90080,not_in_2020_zcta,1
90082,not_in_2020_zcta,1
90083,not_in_2020_zcta,1
90086,not_in_2020_zcta,1
90165,not_in_2020_zcta,1
90205,not_in_2020_zcta,1
90219,not_in_2020_zcta,1
90233,not_in_2020_zcta,1
90237,not_in_2020_zcta,1
90252,not_in_2020_zcta,1
90256,not_in_2020_zcta,1
90273,not_in_2020_zcta,1
90282,not_in_2020_zcta,1
90284,not_in_2020_zcta,1
90285,not_in_2020_zcta,1
90287,not_in_2020_zcta,1
90296,not_in_2020_zcta,1
90307,not_in_2020_zcta,1
90308,not_in_2020_zcta,1
90311,not_in_2020_zcta,1
90331,not_in_2020_zcta,1
90335,not_in_2020_zcta,1
90342,not_in_2020_zcta,1
90360,not_in_2020_zcta,1
90363,not_in_2020_zcta,1
90393,not_in_2020_zcta,1
90409,not_in_2020_zcta,1
90448,not_in_2020_zcta,1
90470,not_in_2020_zcta,1
90498,not_in_2020_zcta,1
90508,not_in_2020_zcta,1
90514,not_in_2020_zcta,1
90520,not_in_2020_zcta,1
90540,not_in_2020_zcta,1
90545,not_in_2020_zcta,1
90550,not_in_2020_zcta,1
90562,not_in_2020_zcta,1
90609,not_in_2020_zcta,1
90617,not_in_2020_zcta,1
90626,not_in_2020_zcta,1
90633,not_in_2020_zcta,1
90636,not_in_2020_zcta,1
90662,not_in_2020_zcta,1
90666,not_in_2020_zcta,1
90705,not_in_2020_zcta,1
90750,not_in_2020_zcta,1
90768,not_in_2020_zcta,1
90770,not_in_2020_zcta,1
90789,not_in_2020_zcta,1
90811,not_in_2020_zcta,1
90832,not_in_2020_zcta,1
90867,not_in_2020_zcta,1
90880,not_in_2020_zcta,1
90882,not_in_2020_zcta,1
90903,not_in_2020_zcta,1
90928,not_in_2020_zcta,1
91012,not_in_2020_zcta,1
91017,not_in_2020_zcta,1
91021,not_in_2020_zcta,1
91031,not_in_2020_zcta,1
91037,not_in_2020_zcta,1
91044,not_in_2020_zcta,1
91063,not_in_2020_zcta,1
91066,not_in_2020_zcta,1
91102,not_in_2020_zcta,1
91135,not_in_2020_zcta,1
91243,not_in_2020_zcta,1
91246,not_in_2020_zcta,1
91274,not_in_2020_zcta,1
91291,not_in_2020_zcta,1
91305,not_in_2020_zcta,1
91309,not_in_2020_zcta,1
91313,not_in_2020_zcta,1
91315,not_in_2020_zcta,1
91322,not_in_2020_zcta,1
91337,not_in_2020_zcta,1
91353,not_in_2020_zcta,1
91394,not_in_2020_zcta,1
91408,not_in_2020_zcta,1
91412,not_in_2020_zcta,1
91416,not_in_2020_zcta,1
91430,not_in_2020_zcta,1
91450,not_in_2020_zcta,1
91495,not_in_2020_zcta,1
91521,not_in_2020_zcta,1
91532,not_in_2020_zcta,1
91536,not_in_2020_zcta,1
91603,not_in_2020_zcta,1
91614,not_in_2020_zcta,1
91615,not_in_2020_zcta,1
91620,not_in_2020_zcta,1
91622,not_in_2020_zcta,1
91625,not_in_2020_zcta,1
91677,not_in_2020_zcta,1
91703,not_in_2020_zcta,1
91704,not_in_2020_zcta,1
91705,not_in_2020_zcta,1
91707,not_in_2020_zcta,1
91712,not_in_2020_zcta,1
91713,not_in_2020_zcta,1
91716,not_in_2020_zcta,1
91717,not_in_2020_zcta,1
91719,not_in_2020_zcta,1
91726,not_in_2020_zcta,1
91758,not_in_2020_zcta,1
91772,not_in_2020_zcta,1
91807,not_in_2020_zcta,1
91933,not_in_2020_zcta,1
91947,not_in_2020_zcta,1
91951,not_in_2020_zcta,1
91976,not_in_2020_zcta,1
91983,not_in_2020_zcta,1
92002,not_in_2020_zcta,1
92042,not_in_2020_zcta,1
92049,not_in_2020_zcta,1
92052,not_in_2020_zcta,1
92074,not_in_2020_zcta,1
92077,not_in_2020_zcta,1
92142,not_in_2020_zcta,1
92149,not_in_2020_zcta,1
92159,not_in_2020_zcta,1
92162,not_in_2020_zcta,1
92166,not_in_2020_zcta,1
92172,not_in_2020_zcta,1
92178,not_in_2020_zcta,1
92191,not_in_2020_zcta,1
92196,not_in_2020_zcta,1
92206,not_in_2020_zcta,1
92213,not_in_2020_zcta,1
92302,not_in_2020_zcta,1
92306,not_in_2020_zcta,1
92323,not_in_2020_zcta,1
92343,not_in_2020_zcta,1
92348,not_in_2020_zcta,1
92349,not_in_2020_zcta,1
92353,not_in_2020_zcta,1
92355,not_in_2020_zcta,1
92361,not_in_2020_zcta,1
92366,not_in_2020_zcta,1
92380,not_in_2020_zcta,1
92390,not_in_2020_zcta,1
92412,not_in_2020_zcta,1
92417,not_in_2020_zcta,1
92436,not_in_2020_zcta,1
92440,not_in_2020_zcta,1
92443,not_in_2020_zcta,1
92465,not_in_2020_zcta,1
92470,not_in_2020_zcta,1
92471,not_in_2020_zcta,1
92482,not_in_2020_zcta,1
92488,not_in_2020_zcta,1
92497,not_in_2020_zcta,1
92512,not_in_2020_zcta,1
92529,not_in_2020_zcta,1
92534,not_in_2020_zcta,1
92537,not_in_2020_zcta,1
92542,not_in_2020_zcta,1
92547,not_in_2020_zcta,1
92559,not_in_2020_zcta,1
92573,not_in_2020_zcta,1
92599,not_in_2020_zcta,1
92607,not_in_2020_zcta,1
92609,not_in_2020_zcta,1
92633,not_in_2020_zcta,1
92641,not_in_2020_zcta,1
92643,not_in_2020_zcta,1
92644,not_in_2020_zcta,1
92650,not_in_2020_zcta,1
92654,not_in_2020_zcta,1
92658,not_in_2020_zcta,1
92659,not_in_2020_zcta,1
92667,not_in_2020_zcta,1
92685,not_in_2020_zcta,1
92686,not_in_2020_zcta,1
92687,not_in_2020_zcta,1
92693,not_in_2020_zcta,1
92709,not_in_2020_zcta,1
92710,not_in_2020_zcta,1
92712,not_in_2020_zcta,1
92714,not_in_2020_zcta,1
92718,not_in_2020_zcta,1
92749,not_in_2020_zcta,1
92760,not_in_2020_zcta,1
92762,not_in_2020_zcta,1
92765,not_in_2020_zcta,1
92778,not_in_2020_zcta,1
92803,not_in_2020_zcta,1
92816,not_in_2020_zcta,1
92846,not_in_2020_zcta,1
92847,not_in_2020_zcta,1
92853,not_in_2020_zcta,1
92854,not_in_2020_zcta,1
92876,not_in_2020_zcta,1
92884,not_in_2020_zcta,1
92905,not_in_2020_zcta,1
92912,not_in_2020_zcta,1
92926,not_in_2020_zcta,1
92951,not_in_2020_zcta,1
92969,not_in_2020_zcta,1
92999,not_in_2020_zcta,1
93053,not_in_2020_zcta,1
93056,not_in_2020_zcta,1
93140,not_in_2020_zcta,1
93144,not_in_2020_zcta,1
93193,not_in_2020_zcta,1
93294,not_in_2020_zcta,1
93302,not_in_2020_zcta,1
93316,not_in_2020_zcta,1
93325,not_in_2020_zcta,1
93330,not_in_2020_zcta,1
93351,not_in_2020_zcta,1
93358,not_in_2020_zcta,1
93360,not_in_2020_zcta,1
93376,not_in_2020_zcta,1
93383,not_in_2020_zcta,1
93389,not_in_2020_zcta,1
93412,not_in_2020_zcta,1
93421,not_in_2020_zcta,1
93457,not_in_2020_zcta,1
93485,not_in_2020_zcta,1
93502,not_in_2020_zcta,1
93503,not_in_2020_zcta,1
93533,not_in_2020_zcta,1
93548,not_in_2020_zcta,1
93567,not_in_2020_zcta,1
93595,not_in_2020_zcta,1
93596,not_in_2020_zcta,1
93724,not_in_2020_zcta,1
93738,not_in_2020_zcta,1
93772,not_in_2020_zcta,1
93779,not_in_2020_zcta,1
93794,not_in_2020_zcta,1
93903,not_in_2020_zcta,1
93961,not_in_2020_zcta,1
94008,not_in_2020_zcta,1
94023,not_in_2020_zcta,1
94042,not_in_2020_zcta,1
94046,not_in_2020_zcta,1
94051,not_in_2020_zcta,1
94052,not_in_2020_zcta,1
94067,not_in_2020_zcta,1
94084,not_in_2020_zcta,1
94094,not_in_2020_zcta,1
94137,not_in_2020_zcta,1
94140,not_in_2020_zcta,1
94146,not_in_2020_zcta,1
94154,not_in_2020_zcta,1
94160,not_in_2020_zcta,1
94202,not_in_2020_zcta,1
94203,not_in_2020_zcta,1
94261,not_in_2020_zcta,1
94298,not_in_2020_zcta,1
94307,not_in_2020_zcta,1
94336,not_in_2020_zcta,1
94342,not_in_2020_zcta,1
94354,not_in_2020_zcta,1
94361,not_in_2020_zcta,1
94372,not_in_2020_zcta,1
94406,not_in_2020_zcta,1
94458,not_in_2020_zcta,1
94465,not_in_2020_zcta,1
94504,not_in_2020_zcta,1
94532,not_in_2020_zcta,1
94537,not_in_2020_zcta,1
94570,not_in_2020_zcta,1
94614,not_in_2020_zcta,1
94615,not_in_2020_zcta,1
94616,not_in_2020_zcta,1
94641,not_in_2020_zcta,1
94648,not_in_2020_zcta,1
94650,not_in_2020_zcta,1
94654,not_in_2020_zcta,1
94666,not_in_2020_zcta,1
94682,not_in_2020_zcta,1
94692,not_in_2020_zcta,1
94701,not_in_2020_zcta,1
94717,not_in_2020_zcta,1
94742,not_in_2020_zcta,1
94807,not_in_2020_zcta,1
94809,not_in_2020_zcta,1
94810,not_in_2020_zcta,1
94841,not_in_2020_zcta,1
94866,not_in_2020_zcta,1
94909,not_in_2020_zcta,1
94914,not_in_2020_zcta,1
94927,not_in_2020_zcta,1
94976,not_in_2020_zcta,1
94990,not_in_2020_zcta,1
95009,not_in_2020_zcta,1
95016,not_in_2020_zcta,1
95027,not_in_2020_zcta,1
95042,not_in_2020_zcta,1
95044,not_in_2020_zcta,1
95063,not_in_2020_zcta,1
95091,not_in_2020_zcta,1
95103,not_in_2020_zcta,1
95104,not_in_2020_zcta,1
95106,not_in_2020_zcta,1
95115,not_in_2020_zcta,1
95142,not_in_2020_zcta,1
95149,not_in_2020_zcta,1
95153,not_in_2020_zcta,1
95157,not_in_2020_zcta,1
95158,not_in_2020_zcta,1
95163,not_in_2020_zcta,1
95164,not_in_2020_zcta,1
95166,not_in_2020_zcta,1
95243,not_in_2020_zcta,1
95291,not_in_2020_zcta,1
95308,not_in_2020_zcta,1
95331,not_in_2020_zcta,1
95342,not_in_2020_zcta,1
95378,not_in_2020_zcta,1
95390,not_in_2020_zcta,1
95495,not_in_2020_zcta,1
95506,not_in_2020_zcta,1
95516,not_in_2020_zcta,1
95591,not_in_2020_zcta,1
95643,not_in_2020_zcta,1
95656,not_in_2020_zcta,1
95712,not_in_2020_zcta,1
95725,not_in_2020_zcta,1
95727,not_in_2020_zcta,1
95733,not_in_2020_zcta,1
95743,not_in_2020_zcta,1
95768,not_in_2020_zcta,1
95782,not_in_2020_zcta,1
95805,not_in_2020_zcta,1
95813,not_in_2020_zcta,1
95836,not_in_2020_zcta,1
95839,not_in_2020_zcta,1
95846,not_in_2020_zcta,1
95847,not_in_2020_zcta,1
95862,not_in_2020_zcta,1
95863,not_in_2020_zcta,1
95865,not_in_2020_zcta,1
95867,not_in_2020_zcta,1
95872,not_in_2020_zcta,1
95909,not_in_2020_zcta,1
95921,not_in_2020_zcta,1
95924,not_in_2020_zcta,1
95940,not_in_2020_zcta,1
95976,not_in_2020_zcta,1
95997,not_in_2020_zcta,1
96060,not_in_2020_zcta,1
96154,not_in_2020_zcta,1
96191,not_in_2020_zcta,1
96206,not_in_2020_zcta,1
96247,not_in_2020_zcta,1
96271,not_in_2020_zcta,1
96306,not_in_2020_zcta,1
96326,not_in_2020_zcta,1
96353,not_in_2020_zcta,1
96355,not_in_2020_zcta,1
96357,not_in_2020_zcta,1
96361,not_in_2020_zcta,1
96363,not_in_2020_zcta,1
96376,not_in_2020_zcta,1
96377,not_in_2020_zcta,1
96437,not_in_2020_zcta,1
96507,not_in_2020_zcta,1
96530,not_in_2020_zcta,1
96555,not_in_2020_zcta,1
96587,not_in_2020_zcta,1
96591,not_in_2020_zcta,1
96681,not_in_2020_zcta,1
96694,not_in_2020_zcta,1
96718,not_in_2020_zcta,1
96724,not_in_2020_zcta,1
96747,valid_2020_zcta_outside_conus_crop,1
96758,not_in_2020_zcta,1
96759,valid_2020_zcta_outside_conus_crop,1
96764,valid_2020_zcta_outside_conus_crop,1
96767,not_in_2020_zcta,1
96769,valid_2020_zcta_outside_conus_crop,1
96773,valid_2020_zcta_outside_conus_crop,1
96784,not_in_2020_zcta,1
96802,not_in_2020_zcta,1
96808,not_in_2020_zcta,1
96810,not_in_2020_zcta,1
96835,not_in_2020_zcta,1
96841,not_in_2020_zcta,1
96857,valid_2020_zcta_outside_conus_crop,1
96878,not_in_2020_zcta,1
96882,not_in_2020_zcta,1
96917,valid_2020_zcta_outside_conus_crop,1
96923,not_in_2020_zcta,1
96961,not_in_2020_zcta,1
96967,not_in_2020_zcta,1
97010,not_in_2020_zcta,1
97036,not_in_2020_zcta,1
97075,not_in_2020_zcta,1
97081,not_in_2020_zcta,1
97105,not_in_2020_zcta,1
97237,not_in_2020_zcta,1
97255,not_in_2020_zcta,1
97280,not_in_2020_zcta,1
97283,not_in_2020_zcta,1
97286,not_in_2020_zcta,1
97290,not_in_2020_zcta,1
97298,not_in_2020_zcta,1
97307,not_in_2020_zcta,1
97312,not_in_2020_zcta,1
97508,not_in_2020_zcta,1
97533,not_in_2020_zcta,1
97542,not_in_2020_zcta,1
97602,not_in_2020_zcta,1
97653,not_in_2020_zcta,1
97661,not_in_2020_zcta,1
97704,not_in_2020_zcta,1
97806,not_in_2020_zcta,1
97860,not_in_2020_zcta,1
98017,not_in_2020_zcta,1
98035,not_in_2020_zcta,1
98061,not_in_2020_zcta,1
98064,not_in_2020_zcta,1
98073,not_in_2020_zcta,1
98081,not_in_2020_zcta,1
98089,not_in_2020_zcta,1
98095,not_in_2020_zcta,1
98113,not_in_2020_zcta,1
98114,not_in_2020_zcta,1
98127,not_in_2020_zcta,1
98160,not_in_2020_zcta,1
98169,not_in_2020_zcta,1
98172,not_in_2020_zcta,1
98175,not_in_2020_zcta,1
98190,not_in_2020_zcta,1
98209,not_in_2020_zcta,1
98211,not_in_2020_zcta,1
98212,not_in_2020_zcta,1
98231,not_in_2020_zcta,1
98242,not_in_2020_zcta,1
98259,not_in_2020_zcta,1
98287,not_in_2020_zcta,1
98293,not_in_2020_zcta,1
98301,not_in_2020_zcta,1
98343,not_in_2020_zcta,1
98344,not_in_2020_zcta,1
98386,not_in_2020_zcta,1
98393,not_in_2020_zcta,1
98414,not_in_2020_zcta,1
98476,not_in_2020_zcta,1
98495,not_in_2020_zcta,1
98497,not_in_2020_zcta,1
98504,not_in_2020_zcta,1
98553,not_in_2020_zcta,1
98554,not_in_2020_zcta,1
98594,not_in_2020_zcta,1
98634,not_in_2020_zcta,1
98689,not_in_2020_zcta,1
98693,not_in_2020_zcta,1
98718,not_in_2020_zcta,1
98740,not_in_2020_zcta,1
98762,not_in_2020_zcta,1
98804,not_in_2020_zcta,1
98805,not_in_2020_zcta,1
98920,not_in_2020_zcta,1
98962,not_in_2020_zcta,1
99107,not_in_2020_zcta,1
99210,not_in_2020_zcta,1
99211,not_in_2020_zcta,1
99222,not_in_2020_zcta,1
99228,not_in_2020_zcta,1
99231,not_in_2020_zcta,1
99250,not_in_2020_zcta,1
99281,not_in_2020_zcta,1
99331,not_in_2020_zcta,1
99498,not_in_2020_zcta,1
99506,valid_2020_zcta_outside_conus_crop,1
99512,not_in_2020_zcta,1
99546,valid_2020_zcta_outside_conus_crop,1
99564,valid_2020_zcta_outside_conus_crop,1
99568,valid_2020_zcta_outside_conus_crop,1
99571,valid_2020_zcta_outside_conus_crop,1
99572,valid_2020_zcta_outside_conus_crop,1
99586,valid_2020_zcta_outside_conus_crop,1
99609,valid_2020_zcta_outside_conus_crop,1
99614,valid_2020_zcta_outside_conus_crop,1
99621,valid_2020_zcta_outside_conus_crop,1
99632,valid_2020_zcta_outside_conus_crop,1
99636,valid_2020_zcta_outside_conus_crop,1
99653,valid_2020_zcta_outside_conus_crop,1
99660,valid_2020_zcta_outside_conus_crop,1
99663,valid_2020_zcta_outside_conus_crop,1
99682,valid_2020_zcta_outside_conus_crop,1
99716,not_in_2020_zcta,1
99725,valid_2020_zcta_outside_conus_crop,1
99733,valid_2020_zcta_outside_conus_crop,1
99740,valid_2020_zcta_outside_conus_crop,1
99742,valid_2020_zcta_outside_conus_crop,1
99744,valid_2020_zcta_outside_conus_crop,1
99748,valid_2020_zcta_outside_conus_crop,1
99749,valid_2020_zcta_outside_conus_crop,1
99763,valid_2020_zcta_outside_conus_crop,1
99765,valid_2020_zcta_outside_conus_crop,1
99770,valid_2020_zcta_outside_conus_crop,1
99773,valid_2020_zcta_outside_conus_crop,1
99826,valid_2020_zcta_outside_conus_crop,1
99830,valid_2020_zcta_outside_conus_crop,1
99918,valid_2020_zcta_outside_conus_crop,1
99927,valid_2020_zcta_outside_conus_crop,1
99928,not_in_2020_zcta,1
99998,not_in_2020_zcta,1
