organ,model,n,adverse_events,concordance,term,estimate,std.error,robust.se,statistic,p.value,conf.low,conf.high
HR,clinical_center_community,73339,9972,0.7465430700925414,"ns(age, df = 4)1",0.9349423619728685,0.046918837559882104,0.04567862629517264,-1.4726886948763374,0.14083499632106525,0.8548759921853355,1.0225076247338332
HR,clinical_center_community,73339,9972,0.7465430700925414,"ns(age, df = 4)2",1.4614116788369154,0.041734309506497876,0.04108082169533235,9.23552295757517,2.5702735921410396e-20,1.3483558224572043,1.583946951887559
HR,clinical_center_community,73339,9972,0.7465430700925414,"ns(age, df = 4)3",1.2673079087992902,0.10275772784373505,0.10186603990583977,2.325553187048032,0.02004239939721542,1.0379432640015755,1.547357540057982
HR,clinical_center_community,73339,9972,0.7465430700925414,"ns(age, df = 4)4",4.756507049087974,0.09941334970318307,0.09610026341236805,16.22798450574384,3.1978845409697003e-59,3.939920440977866,5.742339127641965
HR,clinical_center_community,73339,9972,0.7465430700925414,sexM,0.9078505280734243,0.0252381530567843,0.024482786943519626,-3.948714287058184,7.857206263699965e-5,0.8653156621825887,0.9524762087910573
HR,clinical_center_community,73339,9972,0.7465430700925414,race_srtrBLACK,0.943765754123064,0.026800590902549028,0.025785990930755755,-2.244524385474271,0.02479868174097166,0.8972534543983003,0.9926891830723309
HR,clinical_center_community,73339,9972,0.7465430700925414,race_srtrMissing,0.7526496360102616,0.7496715409407428,0.5163717041817204,-0.5502924501584122,0.5821188017412784,0.2735624373302981,2.070757521078861
HR,clinical_center_community,73339,9972,0.7465430700925414,race_srtrMULTI,1.031976393348444,0.1397859610046534,0.1351074030477437,0.23296867103765362,0.8157857333505762,0.7918923232658283,1.3448485925920053
HR,clinical_center_community,73339,9972,0.7465430700925414,race_srtrNATIVE,1.5280848702329772,0.1589700200654641,0.14670311239783318,2.8902947293864383,0.0038488079661484387,1.146234722010464,2.0371424157692006
HR,clinical_center_community,73339,9972,0.7465430700925414,race_srtrPACIFIC,1.3151964474179305,0.20465114400490356,0.20332071304621951,1.3475559869856875,0.1778012346967741,0.8829248136675029,1.9591041825132596
HR,clinical_center_community,73339,9972,0.7465430700925414,race_srtrWHITE,1.0291595815755417,0.025382020497554458,0.02446082021656032,1.1750435475487861,0.23997729396868608,0.980983344451877,1.0797017608291335
HR,clinical_center_community,73339,9972,0.7465430700925414,ethnicity_srtrNLATIN,1.0170955892829607,0.039415718840187464,0.03801107871450263,0.4459516712350263,0.6556321564510912,0.9440754018212967,1.095763575391481
HR,clinical_center_community,73339,9972,0.7465430700925414,"ns(bmi, df = 3)1",0.364766798968302,0.37565549064614706,0.3745793614993298,-2.692345441796642,0.0070951413267086975,0.1750542952837714,0.7600774229155213
HR,clinical_center_community,73339,9972,0.7465430700925414,"ns(bmi, df = 3)2",0.6020943110388511,0.19001969456449855,0.18759242570218662,-2.7044865014638573,0.006841004909927008,0.41685552450309465,0.8696479669244674
HR,clinical_center_community,73339,9972,0.7465430700925414,"ns(bmi, df = 3)3",9.95580691978105,0.3603883351031414,0.3526388327647441,6.517024721715245,7.171561030860545e-11,4.987808221958861,19.872073466576392
HR,clinical_center_community,73339,9972,0.7465430700925414,aboA1,1.0709822828733155,0.36316559927805014,0.29824303074110436,0.22993411968899943,0.8181429628718682,0.596921687944748,1.9215301996778957
HR,clinical_center_community,73339,9972,0.7465430700925414,aboA1B,2.64129163925223,0.8622416481958747,0.5740330847375245,1.692007099638728,0.09064461996150228,0.8574296730711469,8.136435841549012
HR,clinical_center_community,73339,9972,0.7465430700925414,aboA2,0.0847136791524746,5.991694478689489,0.7651500578988873,-3.226136054844806,0.0012547369595910902,0.018908480659691442,0.3795337956923672
HR,clinical_center_community,73339,9972,0.7465430700925414,aboA2B,0.0907480535827831,3.278249099084751,0.5098237894018156,-4.706858142116833,2.51563835112731e-6,0.033409849746660315,0.24649045989459656
HR,clinical_center_community,73339,9972,0.7465430700925414,aboAB,1.0899390268106162,0.06615841892258462,0.06554207636691314,1.3139918773468033,0.18884893770194344,0.9585453988133836,1.239343575834278
HR,clinical_center_community,73339,9972,0.7465430700925414,aboB,1.0855318705074504,0.03303156236743224,0.0314189189060464,2.6121226627867267,0.00899819627469232,1.0207014843013769,1.1544799924474987
HR,clinical_center_community,73339,9972,0.7465430700925414,aboO,0.9836596181591464,0.02221164481026785,0.021235714600409756,-0.7758325343764632,0.43784787147518817,0.9435588008399883,1.0254647018666132
HR,clinical_center_community,73339,9972,0.7465430700925414,primary_pay10,0.8781914388314639,0.320927845338109,0.24751748510767083,-0.5247737119918651,0.5997405081296756,0.5406322311770669,1.4265153994939828
HR,clinical_center_community,73339,9972,0.7465430700925414,primary_pay11,1.4081796125213957,0.22452763772776257,0.22825659112990912,1.4996185372646769,0.13371324308324128,0.9002553060134271,2.202674961064137
HR,clinical_center_community,73339,9972,0.7465430700925414,primary_pay12,0.7928610385494514,0.39937915576292893,0.3415646815363212,-0.679541300286824,0.4967949483503335,0.40593518214079366,1.5485936033789816
HR,clinical_center_community,73339,9972,0.7465430700925414,primary_pay2,1.0513917537677038,0.03091435317441321,0.029622578394383973,1.6917759692670606,0.09068869713762144,0.9920870530003288,1.114241554254374
HR,clinical_center_community,73339,9972,0.7465430700925414,primary_pay3,1.1305691377378728,0.02980639585940379,0.02820079283437461,4.351692108975187,1.3509088037363257e-5,1.0697753031372392,1.1948178009502815
HR,clinical_center_community,73339,9972,0.7465430700925414,primary_pay4,1.0887714569764182,0.0351754066448076,0.033689411697050864,2.5245307830083545,0.011585285804611864,1.0192019542855881,1.163089690460295
HR,clinical_center_community,73339,9972,0.7465430700925414,primary_pay5,0.8132445942875898,0.17522279297445542,0.1673933775910356,-1.2349554305821369,0.2168470920077683,0.5857815432324266,1.1290331315125937
HR,clinical_center_community,73339,9972,0.7465430700925414,primary_pay6,0.8962746983296024,0.10933188015941639,0.10736420700766015,-1.0199705571261692,0.30774242464743584,0.7261938353152174,1.1061899671967463
HR,clinical_center_community,73339,9972,0.7465430700925414,primary_pay7,0.8975593978366108,0.09327653478011556,0.0860024950507659,-1.2566609760827576,0.20887642463599562,0.7583291352184928,1.062352526403595
HR,clinical_center_community,73339,9972,0.7465430700925414,primary_pay8,0.92138061481739,0.24680755747613434,0.23679477257099799,-0.34579338322231645,0.7294979981860238,0.5792672759060393,1.4655449611467006
HR,clinical_center_community,73339,9972,0.7465430700925414,primary_pay9,4.660683883996448,0.6296757162984272,0.5382403323016313,2.8596188379464973,0.004241504666550028,1.6229257311448222,13.384453675043654
HR,clinical_center_community,73339,9972,0.7465430700925414,education2,0.7812922017507865,0.05156682173403309,0.0496052363996145,-4.975403386070141,6.511190383007035e-7,0.7089072791529198,0.8610681854557699
HR,clinical_center_community,73339,9972,0.7465430700925414,education3,0.8074511867530219,0.024403520254872055,0.023572351095271355,-9.07303114099861,1.1575118889557555e-19,0.7709948117172825,0.8456313960617654
HR,clinical_center_community,73339,9972,0.7465430700925414,education4,0.7998831606968531,0.027603902738475003,0.026577528890500923,-8.40144364170598,4.410228272273319e-17,0.7592830770849318,0.8426541958801217
HR,clinical_center_community,73339,9972,0.7465430700925414,education5,0.7636193746469194,0.03187908006677238,0.03071034994562796,-8.781593669894084,1.611744349843726e-18,0.7190121704235113,0.8109939905366095
HR,clinical_center_community,73339,9972,0.7465430700925414,education6,0.6901545971953587,0.04740186243766024,0.046077600587066614,-8.048154588260676,8.405174150543778e-16,0.6305580296985066,0.7553838752281546
HR,clinical_center_community,73339,9972,0.7465430700925414,education996,1.0644966468027057,0.04849661508602686,0.04761692976524631,1.3126015396967068,0.18931725052304757,0.9696448465868394,1.168626961761222
HR,clinical_center_community,73339,9972,0.7465430700925414,education998,1.2605583864828915,0.046739172166008425,0.04636958036852866,4.993678718467485,5.923991512558309e-7,1.1510471337593098,1.3804885995786003
HR,clinical_center_community,73339,9972,0.7465430700925414,educationMissing,0.6520383645540883,0.9763977385102027,0.9346718891055057,-0.45754224817353895,0.6472813428662345,0.1043948308746049,4.07255824151915
HR,clinical_center_community,73339,9972,0.7465430700925414,"ns(median_household_income, df = 3)1",2.1983565429181668e-85,0.19709078471363706,0.18052844295577275,-1079.78565403677,0,1.5432349172506746e-85,3.131585111099521e-85
HR,clinical_center_community,73339,9972,0.7465430700925414,"ns(median_household_income, df = 3)2",7856106069704779e162,0.92708865603369806,0.8308936382969235,492.9859053587705,0,15415208077946058e161,4003734640906366e163
HR,clinical_center_community,73339,9972,0.7465430700925414,"ns(median_household_income, df = 3)3",3.087363317235304e-95,0.24240748602129705,0.22347449609355788,-973.7946396893334,0,1.99235123706339e-95,4.7842027426145604e-95
HR,clinical_center_community,73339,9972,0.7465430700925414,"ns(pct_poverty, df = 3)1",0.8604361347113672,0.06442602739566661,0.06195257500499051,-2.4263056844019903,0.015253416304803785,0.7620518350132991,0.9715222874623978
HR,clinical_center_community,73339,9972,0.7465430700925414,"ns(pct_poverty, df = 3)2",0.6726218962838313,0.09393358039301294,0.08959631058274595,-4.426208210332441,9.590395965873679e-6,0.5642953651976114,0.8017436315501606
HR,clinical_center_community,73339,9972,0.7465430700925414,"ns(pct_poverty, df = 3)3",0.5083626482341073,0.14658500089417936,0.14069425049148715,-4.808726790546311,1.518946355054286e-6,0.38584641572832223,0.6697809583944904
HR,clinical_center_community,73339,9972,0.7465430700925414,"ns(pct_bachelor_plus, df = 3)1",1.1478487870043599,0.048911269269337844,0.04708593149564543,2.928466448564328,0.0034063859421030224,1.0466586381595269,1.2588219212944236
HR,clinical_center_community,73339,9972,0.7465430700925414,"ns(pct_bachelor_plus, df = 3)2",0.5910091449650264,0.10545797728405013,0.10154421242515625,-5.1792591170009015,2.2276886151692793e-7,0.4843503419203606,0.7211552861662356
HR,clinical_center_community,73339,9972,0.7465430700925414,"ns(pct_bachelor_plus, df = 3)3",0.6505775970744893,0.08270127105481531,0.08032710875087365,-5.351800985677393,8.708314276066028e-8,0.5558076821818786,0.7615065847123624
HR,clinical_center_community,73339,9972,0.7465430700925414,"ns(pct_unemployed, df = 3)1",1.2182554039384528,0.11191949421243706,0.10616953622179824,1.859477262289411,0.06295951926650534,0.9893880792767413,1.5000647979407409
HR,clinical_center_community,73339,9972,0.7465430700925414,"ns(pct_unemployed, df = 3)2",0.23763485845470014,0.11751477802871872,0.11292206547429531,-12.72576786078879,4.252733590380623e-37,0.19045426861918063,0.29650333574670146
HR,clinical_center_community,73339,9972,0.7465430700925414,"ns(pct_unemployed, df = 3)3",0.061885422168074286,0.2185796636888551,0.20861903273193033,-13.337568469953366,1.3995023893675169e-40,0.04111606229036502,0.09314621254035414
HR,clinical_center_community,73339,9972,0.7465430700925414,"ns(pct_no_vehicle, df = 3)1",0.9806826698011841,0.07407640767036552,0.07099336251543917,-0.27476298209959027,0.7834983398384656,0.8532942929557726,1.1270888681523463
HR,clinical_center_community,73339,9972,0.7465430700925414,"ns(pct_no_vehicle, df = 3)2",0.981841616511505,0.06959326471359047,0.0665750686031197,-0.27525724972462867,0.7831186060397258,0.8617328225386258,1.1186912401386624
HR,clinical_center_community,73339,9972,0.7465430700925414,"ns(pct_no_vehicle, df = 3)3",1.1355465606789592,0.09591162661273661,0.09350201497311784,1.3594796467253483,0.17399464774138723,0.9454006287645038,1.3639360417550714
HR,clinical_center_community,73339,9972,0.7465430700925414,"ns(pct_black, df = 3)1",1.1390096394288782,0.05957471059716065,0.057195756978217584,2.275678378413801,0.02286526637716384,1.0182215466233455,1.2741264050188175
HR,clinical_center_community,73339,9972,0.7465430700925414,"ns(pct_black, df = 3)2",1.1037989003038555,0.05299006988383191,0.050728387689857435,1.9467950833463412,0.05155930665527811,0.9993321859619166,1.2191862019727155
HR,clinical_center_community,73339,9972,0.7465430700925414,"ns(pct_black, df = 3)3",1.1040525699885175,0.04996977738698545,0.04802312705659045,2.0612477889619765,0.039279406465600776,1.004875813288415,1.2130176298196937
HR,clinical_center_community,73339,9972,0.7465430700925414,"ns(pct_hispanic, df = 3)1",1.0841973315536162,0.06613347804826049,0.06380089682497293,1.2670656785677352,0.20513180645818055,0.956755378238655,1.2286148376944548
HR,clinical_center_community,73339,9972,0.7465430700925414,"ns(pct_hispanic, df = 3)2",0.9196613031803506,0.06408493459873883,0.062204058606016036,-1.3463723640588499,0.1781824589299728,0.8141036882092396,1.0389056391917493
HR,clinical_center_community,73339,9972,0.7465430700925414,"ns(pct_hispanic, df = 3)3",0.9079724046147828,0.06354352493689316,0.06176290773803662,-1.5630949994381131,0.11803025164796421,0.8044516876590251,1.0248146659260748
HR,clinical_center_community,73339,9972,0.7465430700925414,init_status2020,0.6785229233724756,0.02760812550183873,0.026329041904873483,-14.730388455104166,4.113346312712324e-49,0.6443965453092146,0.7144565887158968
HR,clinical_center_community,73339,9972,0.7465430700925414,init_status2030,0.5171218185241397,0.030217389338642837,0.028689979129906285,-22.98631182236151,6.389246167997725e-117,0.48884582170034746,0.5470333657830326
HR,clinical_center_community,73339,9972,0.7465430700925414,init_status2110,0.2575824703484116,0.22409736736372424,0.5412224875039271,-2.506206538484419,0.012203431216654185,0.08917166738288823,0.7440561669201494
HR,clinical_center_community,73339,9972,0.7465430700925414,init_status2120,1.3944228132780216,0.0682944415393788,0.0699036072998484,4.7562720805641865,1.9720064906868937e-6,1.2158847766790937,1.5991770104243839
HR,clinical_center_community,73339,9972,0.7465430700925414,init_status2130,0.880684300973324,0.08982829204240025,0.08544270843681301,-1.4870322029542202,0.13700630591144633,0.7448885342664113,1.0412361075536105
HR,clinical_center_community,73339,9972,0.7465430700925414,init_status2140,0.48304190442208367,0.05331449067201256,0.049640571785689605,-14.6584103341209,1.1902710347079268e-48,0.4382588316389336,0.5324010940182161
HR,clinical_center_community,73339,9972,0.7465430700925414,init_status2150,0.536181321521219,0.10533024846988763,0.09990071624351742,-6.239023223595211,4.4031162797719984e-10,0.44083496854309673,0.6521497387068905
HR,clinical_center_community,73339,9972,0.7465430700925414,init_status2160,0.34669674891942814,0.07276346599317636,0.06856649300392499,-15.449307046954644,7.625887540214767e-54,0.30309994984724875,0.3965643536789652
HR,clinical_center_community,73339,9972,0.7465430700925414,init_status2999,0.943421441750031,0.05473278847506274,0.0539368466578733,-1.0798217514563326,0.28022156314160734,0.8487789793608788,1.0486169408011263
HR,clinical_center_community,73339,9972,0.7465430700925414,medical_condition2,0.8608549697474379,0.04353238928589437,0.04256491296643837,-3.5200173632284453,4.3151854874277966e-4,0.7919516562449673,0.9357531777288605
HR,clinical_center_community,73339,9972,0.7465430700925414,medical_condition3,0.6749851036874349,0.034924341979635065,0.0329109558475522,-11.943276846320005,7.03941834543718e-33,0.6328201976570792,0.7199594638204425
HR,clinical_center_community,73339,9972,0.7465430700925414,medical_conditionMissing,0.7228020642075489,0.05608225468591324,0.051802884359615047,-6.266443817409548,3.6938657237454895e-10,0.653017303192264,0.800044380859038
HR,clinical_center_community,73339,9972,0.7465430700925414,diagnosis1001,1.290481709141407,0.10472805744621894,0.09489113885313802,2.687453957152036,0.007199902771597161,1.0714708728190754,1.5542588080317614
HR,clinical_center_community,73339,9972,0.7465430700925414,diagnosis1002,0.9209377353494079,0.11535908662445239,0.11416800260461477,-0.7214179859240881,0.47065238386507524,0.7362923504861698,1.151887985567802
HR,clinical_center_community,73339,9972,0.7465430700925414,diagnosis1003,0.8331020112357763,0.08573753003683744,0.08099347019542565,-2.2544926326123065,0.024165193634330066,0.7108147252917402,0.9764273817487847
HR,clinical_center_community,73339,9972,0.7465430700925414,diagnosis1004,1.0912101498368463,0.10501121910079618,0.10497437542700752,0.8315106352901807,0.4056852226798626,0.8882885140625296,1.3404874342697315
HR,clinical_center_community,73339,9972,0.7465430700925414,diagnosis1005,1.5218913007163068,0.22190972848119506,0.2142526668595293,1.9600868653352344,0.04998563817626651,1.000026327884646,2.3160921533889285
HR,clinical_center_community,73339,9972,0.7465430700925414,diagnosis1006,0.9627883047387484,0.12476707875135196,0.1232444819442735,-0.3076950763508014,0.758314366592211,0.7561795233942261,1.2258482160174173
HR,clinical_center_community,73339,9972,0.7465430700925414,diagnosis1007,1.1347965157003657,0.025277271697839464,0.024241148730318362,5.216475297687941,1.8235988219708095e-7,1.0821410962206843,1.1900140716798662
HR,clinical_center_community,73339,9972,0.7465430700925414,diagnosis1008,0.4430424429457255,0.44520440211071977,0.5712349263824815,-1.425139934418699,0.15411675500034452,0.14461364818206382,1.3573172983244155
HR,clinical_center_community,73339,9972,0.7465430700925414,diagnosis1009,0.020307401355758578,15.752219630450414,0.8994839482296206,-4.332228349653415,1.4760773021172878e-5,0.003483471225411191,0.11838494511324305
HR,clinical_center_community,73339,9972,0.7465430700925414,diagnosis1010,3.623961754152447,0.9057962991863379,0.9793632722574113,1.314698918275019,0.18861111027724736,0.5315548400382302,24.706949888021203
HR,clinical_center_community,73339,9972,0.7465430700925414,diagnosis1049,0.9688051189038646,0.04617761705674539,0.045683888157936184,-0.6937194769973285,0.48785814903958163,0.8858296827957383,1.0595528425420322
HR,clinical_center_community,73339,9972,0.7465430700925414,diagnosis1050,1.3345088183713305,0.11791057190028092,0.10794044035853398,2.673356685211037,0.007509635603491158,1.0800463126056516,1.648923537375286
HR,clinical_center_community,73339,9972,0.7465430700925414,diagnosis1051,1.7420312641776678,0.10262863149765164,0.09717071051525421,5.7121309766615145,1.1157016313197816e-8,1.4399389726653296,2.1075010698232983
HR,clinical_center_community,73339,9972,0.7465430700925414,diagnosis1052,1.3481125136465502,0.7313405734726317,0.41286118226955093,0.7235009948422757,0.46937214311404046,0.6002028654917049,3.027988458471525
HR,clinical_center_community,73339,9972,0.7465430700925414,diagnosis1053,1.3141304535325409,0.15125135126243142,0.1454435782835255,1.8782210810787496,0.060350927415251644,0.9881814142987062,1.7475929256645832
HR,clinical_center_community,73339,9972,0.7465430700925414,diagnosis1054,2.007757316368425,0.2252123040442725,0.21365670902887796,3.2623283364766804,0.0011050107570557532,1.320828090766061,3.0519410282173562
HR,clinical_center_community,73339,9972,0.7465430700925414,diagnosis1099,1.8347680895404639,0.16969736683153105,0.14560789176008926,4.168167566067511,3.0705817635186687e-05,1.3792389590277931,2.4407474283998436
HR,clinical_center_community,73339,9972,0.7465430700925414,diagnosis1100,3.418487958819584,0.6075291789219996,0.5779604012199964,2.126786425874429,0.03343783265606605,1.1012179175945542,10.611941322314237
HR,clinical_center_community,73339,9972,0.7465430700925414,diagnosis1101,1.9357583165954104,0.20795931797595726,0.2082860462795011,3.1711156670861267,0.0015185466445915706,1.286938311435016,2.9116859968913205
HR,clinical_center_community,73339,9972,0.7465430700925414,diagnosis1102,1.8436237569109961,0.0678997257375646,0.06592522975301929,9.279195085487098,1.7076367368439808e-20,1.6201552726165132,2.097915313732487
HR,clinical_center_community,73339,9972,0.7465430700925414,diagnosis1103,1.747892912576531,0.25128719142863076,0.2673757962757968,2.088487515723489,0.036753880393827446,1.034961348411802,2.951926309638048
HR,clinical_center_community,73339,9972,0.7465430700925414,diagnosis1104,2.5704954875246635,0.20836319019148053,0.18091007503608833,5.2186075144687525,1.8027332133238922e-7,1.8031253151879676,3.664441398348324
HR,clinical_center_community,73339,9972,0.7465430700925414,diagnosis1105,1.6476255364799386,0.15407806602886415,0.15027902470171042,3.3227204105803025,8.914421441936874e-4,1.227271860775906,2.2119548204621395
HR,clinical_center_community,73339,9972,0.7465430700925414,diagnosis1106,1.538482730818853,0.14259578893605818,0.17207098407531723,2.5035986941370063,0.012293738744510996,1.098058652741312,2.1555579996740413
HR,clinical_center_community,73339,9972,0.7465430700925414,diagnosis1199,1.961009229008815,0.19024768417030916,0.18407314087612137,3.6586503075599093,2.535470215212825e-4,1.3670874485563476,2.812956259907644
HR,clinical_center_community,73339,9972,0.7465430700925414,diagnosis1200,1.017724253964084,0.07892279032359634,0.07845361520999455,0.22394138268875002,0.8228029146153828,0.8726704819552653,1.1868886120521336
HR,clinical_center_community,73339,9972,0.7465430700925414,diagnosis1201,1.0748557742735123,0.08364215331615607,0.08208035030167668,0.8794612699274552,0.37915122386391925,0.9151310121146454,1.262458511617325
HR,clinical_center_community,73339,9972,0.7465430700925414,diagnosis1202,1.2942838797447433,0.0928770219192645,0.09137496024438281,2.8230661101564376,0.00475667620414121,1.0820592324552276,1.5481322196808842
HR,clinical_center_community,73339,9972,0.7465430700925414,diagnosis1203,1.083755884140794,0.43421507171125545,0.3665667084904548,0.21942166776530314,0.8263215928252632,0.5283349253574906,2.223072449005839
HR,clinical_center_community,73339,9972,0.7465430700925414,diagnosis1204,1.945404602608749,0.9287538040827567,0.7994316069190338,0.8324289052172331,0.4051668921264108,0.40600606530357625,9.32153332493077
HR,clinical_center_community,73339,9972,0.7465430700925414,diagnosis1205,1.43792699215833,0.24343549200977324,0.21744785980978854,1.6702969066846856,0.09486063490071557,0.9389552235726409,2.20205818431931
HR,clinical_center_community,73339,9972,0.7465430700925414,diagnosis1206,1.7902162943735391,0.08339507849231446,0.08124139951318368,7.167976559829868,7.611433039248163e-13,1.5266964687745328,2.0992217157697715
HR,clinical_center_community,73339,9972,0.7465430700925414,diagnosis1207,1.7736224769873363,0.041240395740790796,0.039124041681299716,14.646340912183517,1.421685248087551e-48,1.6427018236227084,1.914977292675849
HR,clinical_center_community,73339,9972,0.7465430700925414,diagnosis1208,0.4827990779250338,0.34311663615777316,0.28163411373386643,-2.5854634225788136,0.009724819058057211,0.2779963153973925,0.8384821551035895
HR,clinical_center_community,73339,9972,0.7465430700925414,diagnosis1209,0.4258352684201889,0.9908785694659089,0.9276955073115472,-0.9202402023283022,0.3574472499425405,0.06911714334247282,2.62359911103361
HR,clinical_center_community,73339,9972,0.7465430700925414,diagnosis999,1.4916551296005118,0.09616359466623575,0.09984354364464278,4.00512956657493,6.198349725078126e-5,1.22653924167842,1.8140756936718463
HR,clinical_center_community,73339,9972,0.7465430700925414,functional_status2,0.6996551103824269,6.413909702354911,0.8327699886298601,-0.42889125411004286,0.6680023652366129,0.1367819878905946,3.578813855781856
HR,clinical_center_community,73339,9972,0.7465430700925414,functional_status2010,7.711221588325706,0.07246516089286582,0.08392863250415938,24.338256875434954,7.71951370317985e-131,6.5415851914352885,9.089989145461802
HR,clinical_center_community,73339,9972,0.7465430700925414,functional_status2020,6.198010313018854,0.02982868728561671,0.030323320739556844,60.159252970976574,0,5.840379086175956,6.5775408194335006
HR,clinical_center_community,73339,9972,0.7465430700925414,functional_status2030,5.830468595669363,0.04422793811914593,0.0430891114035193,40.917468852793384,0,5.3582866400327855,6.344260083271445
HR,clinical_center_community,73339,9972,0.7465430700925414,functional_status2040,3.8651255310427817,0.04292857102481312,0.04108234043047363,32.909375324524646,1.6139825594395204e-237,3.566106030706194,4.189217943068379
HR,clinical_center_community,73339,9972,0.7465430700925414,functional_status2050,4.421722199538684,0.03916188238128953,0.036879761306645296,40.307453341280045,0,4.113384850591525,4.753172367784065
HR,clinical_center_community,73339,9972,0.7465430700925414,functional_status2060,3.6018550131312153,0.03861491001211395,0.03528396189071132,36.318171925949834,8.359675145950664e-289,3.3611853672691936,3.8597572338471524
HR,clinical_center_community,73339,9972,0.7465430700925414,functional_status2070,3.652557021174896,0.03585298359817627,0.033498401076601375,38.671322643293905,0,3.420448956939978,3.9004156942220205
HR,clinical_center_community,73339,9972,0.7465430700925414,functional_status2080,2.967999721969961,0.04542469774784357,0.04163451782827371,26.129478336133467,1.6864573414965615e-150,2.73542297391911,3.2203510877854677
HR,clinical_center_community,73339,9972,0.7465430700925414,functional_status2090,2.7410383953796247,0.08313527595084783,0.07511852544573727,13.423277667382598,4.417352596473775e-41,2.3657786829311154,3.1758217871997254
HR,clinical_center_community,73339,9972,0.7465430700925414,functional_status2100,2.249806178326196,0.20453055279544613,0.18026538231056127,4.498057581254025,6.857712618570503e-6,1.5801668023142856,3.203223756265192
HR,clinical_center_community,73339,9972,0.7465430700925414,functional_status4010,6.651097680610324,0.09189496348555105,0.08904960893349331,21.277823996000084,1.822043842752196e-100,5.585912925716845,7.919403854893253
HR,clinical_center_community,73339,9972,0.7465430700925414,functional_status4020,5.016529730865782,0.17763494027248172,0.17296387332354152,9.324134427566555,1.1189313615208228e-20,3.5741788006250217,7.040937777444032
HR,clinical_center_community,73339,9972,0.7465430700925414,functional_status4030,5.7619038649281045,0.16447518390604327,0.16597662565008,10.551292661484633,5.010297261012827e-26,4.161850235948865,7.977109762841869
HR,clinical_center_community,73339,9972,0.7465430700925414,functional_status4040,6.160160818530017,0.11583480340860729,0.11143638120708252,16.315164441048093,7.699856589513581e-60,4.951505097058376,7.663847772810852
HR,clinical_center_community,73339,9972,0.7465430700925414,functional_status4050,5.059439538756326,0.1519610388870365,0.13618364733208002,11.904922109478152,1.1156743203888242e-32,3.8742057343647027,6.607271322551075
HR,clinical_center_community,73339,9972,0.7465430700925414,functional_status4060,3.123037009875062,0.11825711181492825,0.11062749400189847,10.294058807439635,7.494892322689151e-25,2.5142637698033363,3.8792111958135043
HR,clinical_center_community,73339,9972,0.7465430700925414,functional_status4070,2.5273447042220556,0.1419279988558422,0.13595179346652803,6.819838149533555,9.114313590561936e-12,1.9361638310543587,3.2990344884610843
HR,clinical_center_community,73339,9972,0.7465430700925414,functional_status4080,2.317029092137363,0.13090103274624312,0.12128655112732821,6.928103681007421,4.265191177095736e-12,1.826804981643976,2.9388051093333276
HR,clinical_center_community,73339,9972,0.7465430700925414,functional_status4090,1.6155141320873156,0.22872284439318583,0.2227997836604947,2.1528443438042895,0.03133091379092,1.0439104420631613,2.5001051870079127
HR,clinical_center_community,73339,9972,0.7465430700925414,functional_status4100,2.718662554561622,0.1970490004771783,0.17111160098531675,5.844957593401334,5.066973299529795e-9,1.9440384336326417,3.8019444254321777
HR,clinical_center_community,73339,9972,0.7465430700925414,functional_status996,6.00594122867028,0.05070613051397708,0.04922519220536808,36.41934350601835,2.103793913059196e-290,5.453565310611791,6.614265712020038
HR,clinical_center_community,73339,9972,0.7465430700925414,functional_status998,4.728079154422404,0.09092291166596861,0.08954846566042972,17.348360020860092,2.0295593724201377e-67,3.9669885452854112,5.6351895739782965
HR,clinical_center_community,73339,9972,0.7465430700925414,life_supportN,7.8864926444958305,0.0256955115113367,0.024835006872189994,83.15485938468626,0,7.511805016126323,8.27986963162156
HR,clinical_center_community,73339,9972,0.7465430700925414,life_supportY,9.720390679400086,0.02569556536511084,0.024835164713346198,91.57280965390119,0,9.25857160676139,10.205245363244417
HR,clinical_center_community,73339,9972,0.7465430700925414,ecmo1,1.7651146503898185,0.05714009966177482,0.06570865935758155,8.647500216240209,5.26398025795615e-18,1.5518209381326036,2.0077250232040234
HR,clinical_center_community,73339,9972,0.7465430700925414,ventilator1,1.294592087783559,0.042968164273448205,0.04458835107360191,5.790652697090357,7.011342249705583e-9,1.1862583301458802,1.412819308544448
HR,clinical_center_community,73339,9972,0.7465430700925414,iabp1,0.9757336955438803,0.04642922828861318,0.04819909247769447,-0.5096689888486475,0.6102833824022541,0.887777555378562,1.0724040485724449
HR,clinical_center_community,73339,9972,0.7465430700925414,inotropes1,0.9549620569085181,0.02606315664781775,0.025593475481692475,-1.800602278870366,0.07176558973772168,0.9082405973187501,1.0040869487965587
HR,clinical_center_community,73339,9972,0.7465430700925414,vad_tahMissing,0.9001010069240762,8.628544758095416,0.883322472350084,-0.11915047486506053,0.9051561423715841,0.15936971497180072,5.083662368406016
HR,clinical_center_community,73339,9972,0.7465430700925414,vad1203,0.2273994312564806,0.31660190902897406,0.276595224641799,-5.354565324320857,8.576233368706008e-8,0.13223642270988603,0.3910458274360515
HR,clinical_center_community,73339,9972,0.7465430700925414,vad1204,0.10808766492629986,2.093301084732625,5.273917015385194,-0.42185204324363396,0.6731330160103834,3.504369020219884e-6,3333.822220722348
HR,clinical_center_community,73339,9972,0.7465430700925414,vad1205,0.1858117514436465,0.040795967498083105,0.03889255727501332,-43.273606178392626,0,0.17217408045644525,0.2005296435039738
HR,clinical_center_community,73339,9972,0.7465430700925414,vad1206,1.8951592758968578,1.0377603956994976,0.38547674687366223,1.6584732822212627,0.09722197592960184,0.8902814278769001,4.034262165372858
HR,clinical_center_community,73339,9972,0.7465430700925414,vad1207,0.013681545979902196,4.61926535918258,0.9094212923755782,-4.719163053391237,2.3681694886535426e-6,0.00230162394355609,0.08132723024725362
HR,clinical_center_community,73339,9972,0.7465430700925414,vad1208,0.34977075874084074,0.1560999861134084,0.1393127394948086,-7.540425361844533,4.684409543128482e-14,0.26619523690178787,0.4595859230767541
HR,clinical_center_community,73339,9972,0.7465430700925414,vad1209,0.431884088958282,0.607186377844578,0.4841209235171527,-1.7342733985491818,0.08286958508752759,0.16721788546086475,1.1154540423786117
HR,clinical_center_community,73339,9972,0.7465430700925414,vad1210,0.44114623089830846,0.29034629531559586,0.2718924394849525,-3.0099361008734853,0.0026130265662686245,0.258909096353711,0.7516537648793746
HR,clinical_center_community,73339,9972,0.7465430700925414,vad1212,0.4393093382136038,0.8488769122753104,0.8976808853268813,-0.916307214112137,0.3595057853074236,0.0756245981740448,2.55198307563255
HR,clinical_center_community,73339,9972,0.7465430700925414,vad1213,1.2588235678438746,0.5010667671284005,0.49366016247625094,0.4662673353004119,0.6410241567130447,0.47836629589412916,3.3126012191082324
HR,clinical_center_community,73339,9972,0.7465430700925414,vad1214,0.3904123884018346,1.2112240199681756,0.5704951422454384,-1.6486585471316018,0.09921760700355728,0.12761956048077217,1.194345384386351
HR,clinical_center_community,73339,9972,0.7465430700925414,vad1215,0.16245985973341318,0.39572000880724045,0.45254106609795125,-4.01582190191303,5.923898017130022e-5,0.066917917952768,0.39441164387734146
HR,clinical_center_community,73339,9972,0.7465430700925414,vad1216,0.3560007600479203,0.18525572704703935,0.1738641524930384,-5.940398859435224,2.843294341810421e-9,0.25319637887517177,0.5005464205994008
HR,clinical_center_community,73339,9972,0.7465430700925414,vad1217,0.28444682527907866,0.2693611239505976,0.25437998637436965,-4.942247881512931,7.722693883622769e-7,0.1727716393110218,0.4683060063214039
HR,clinical_center_community,73339,9972,0.7465430700925414,vad1218,0.7912259291118393,1.1940072443806666,1.2703557404596413,-0.18433555253224454,0.8537502248941148,0.06561025781110467,9.541777334594395
HR,clinical_center_community,73339,9972,0.7465430700925414,vad1221,0.5350269582145866,0.8040494282838389,0.9693664496692475,-0.6452030028302324,0.5187956404996974,0.08002937907048814,3.5768595151066553
HR,clinical_center_community,73339,9972,0.7465430700925414,vad1222,0.20864007722058633,0.14499903845001075,0.13018730690437033,-12.037614629213152,2.253786117610124e-33,0.1616523781967683,0.2692857495088958
HR,clinical_center_community,73339,9972,0.7465430700925414,vad1223,0.26438006425576566,1.0432810718069996,0.9700624684917248,-1.3714246422255485,0.17024262005112434,0.03949208231908396,1.7698944768507736
HR,clinical_center_community,73339,9972,0.7465430700925414,vad1224,0.21701701906879267,0.05907961606336291,0.05488332465814891,-27.83686136262112,1.553641822077413e-170,0.19488437610880338,0.24166322362964052
HR,clinical_center_community,73339,9972,0.7465430700925414,vad1225,0.44791680500087433,0.38677067487815264,0.5138997390156235,-1.5628491434410772,0.11808808200173436,0.1635931465703373,1.2263928435164009
HR,clinical_center_community,73339,9972,0.7465430700925414,vad1226,0.2928551463211739,0.16762015151303214,0.1768111615002244,-6.945699371849728,3.7658996279730625e-12,0.20708608927178568,0.4141472613075273
HR,clinical_center_community,73339,9972,0.7465430700925414,vad1227,0.2483143178479938,0.1292698913332636,0.14786948335931,-9.42087503776338,4.4734421691696685e-21,0.18583821670584974,0.33179397403447847
HR,clinical_center_community,73339,9972,0.7465430700925414,vad1228,0.014722987806270892,0.6461518065355444,1.2002737542513429,-3.5144859207055617,4.406060274701412e-4,0.0014006224413112007,0.15476431302976568
HR,clinical_center_community,73339,9972,0.7465430700925414,vad1230,0.03649486786168082,5.3836403946894045,0.749823636440779,-4.4151497417759495,1.0094009360203663e-5,0.008394227959632815,0.15866561959556338
HR,clinical_center_community,73339,9972,0.7465430700925414,vad1231,0.36286510106010145,0.24427894627470062,0.2333684468600901,-4.343878317096253,1.3998907550471181e-5,0.22966859804577783,0.5733090317428279
HR,clinical_center_community,73339,9972,0.7465430700925414,vad1232,0.002157908029552602,52.20551475200881,1.1190090983796743,-5.485760607590581,4.116941187884077e-8,2.4073024598798587e-4,0.019343506441812028
HR,clinical_center_community,73339,9972,0.7465430700925414,vad1233,0.44811942722921566,0.798846566619117,0.525789719211603,-1.5266473917745773,0.12684871567351613,0.15989716061531564,1.2558760911543403
HR,clinical_center_community,73339,9972,0.7465430700925414,vad1234,0.2993064070226951,0.22922511833864637,0.20621368656322664,-5.849696389048764,4.924711063128085e-9,0.19979591539512528,0.44837916284559315
HR,clinical_center_community,73339,9972,0.7465430700925414,vad1235,0.427601841234722,1.3440993516769373,1.6479237283562007,-0.5155352637062843,0.6061790342125112,0.016917038820768532,10.808235209749194
HR,clinical_center_community,73339,9972,0.7465430700925414,vad1236,0.15305704173569995,0.07682132426379,0.06794286318986725,-27.62533866174249,5.522312402194789e-168,0.1339739139325854,0.1748583536692957
HR,clinical_center_community,73339,9972,0.7465430700925414,vad1237,0.12665089657176007,0.6671659575313341,1.6328606263109249,-1.2654606217667939,0.2057062558222792,0.005160773318595564,3.1081484522160445
HR,clinical_center_community,73339,9972,0.7465430700925414,vad1238,0.17226110648572082,1.566548564005469,2.1373969638192127,-0.8228438245520464,0.4105968113475584,0.002611148902315282,11.364303575860141
HR,clinical_center_community,73339,9972,0.7465430700925414,vad1241,0.28733298174059196,0.29624200075866586,0.2879984244282517,-4.33027896976785,1.489205587690861e-5,0.16339575761012937,0.5052777599828039
HR,clinical_center_community,73339,9972,0.7465430700925414,vad1301,0.1308859562149278,1.8820756586156844,5.37372056333617,-0.3784024260695181,0.7051316662079575,3.4895852606300336e-6,4909.217644736099
HR,clinical_center_community,73339,9972,0.7465430700925414,vad1302,1.311366553377325,1.430058917794982,0.9347430505186378,0.2899938799817075,0.7718209195987393,0.20992752018631458,8.191790365505554
HR,clinical_center_community,73339,9972,0.7465430700925414,vad1303,0.3458129373578709,1.5205001085512666,0.7950491586677269,-1.3355869659412274,0.1816843127054396,0.07279376227204763,1.6428136685277395
HR,clinical_center_community,73339,9972,0.7465430700925414,vad1305,4.321865475798858e-21,12030115797.684935,20467019968731978e4,-2.2910321039585715e-19,1,0,Inf
HR,clinical_center_community,73339,9972,0.7465430700925414,vad1310,0.38376941495671435,0.7940649342615181,0.4966163297116083,-1.9284774409161614,0.05379576758782878,0.1449939141228943,1.0157596251342504
HR,clinical_center_community,73339,9972,0.7465430700925414,vad1311,9.082643104273602e-15,7148896.103498261,88519427851564.3,-3.652577963799591e-13,0.9999999999997086,0,Inf
HR,clinical_center_community,73339,9972,0.7465430700925414,vad1313,0.30262224067924437,0.7222459246485641,0.4022533837108997,-2.9714354934507723,0.0029641113494930328,0.13756315937213684,0.6657321696573066
HR,clinical_center_community,73339,9972,0.7465430700925414,vad1316,0.19450230606190236,1.1129477441175037,0.9333875254670068,-1.7541602120891022,0.07940305872519969,0.031219349716839102,1.211785235968338
HR,clinical_center_community,73339,9972,0.7465430700925414,vad1318,0.12264976648132919,1.1727431988217463,0.5102916248019531,-4.112202337315186,3.919025897053599e-5,0.045113415367446244,0.33344771384299937
HR,clinical_center_community,73339,9972,0.7465430700925414,vad1319,0.012104286616413542,11.95844862632043,1.128042313327166,-3.913147203031568,9.11009612649239e-5,0.0013266239724316106,0.11044105755434096
HR,clinical_center_community,73339,9972,0.7465430700925414,vad1320,0.34673914450470816,0.4820062911624367,0.6222276201024575,-1.7022428649277783,0.0887098503787704,0.1024145740018253,1.173934818395223
HR,clinical_center_community,73339,9972,0.7465430700925414,vad1321,1.786241316876264e-6,959.024744168564,0.9088400076116342,-14.562955919586749,4.832232796583487e-48,3.008389842320562e-7,1.060586629176587e-5
HR,clinical_center_community,73339,9972,0.7465430700925414,vad1325,0.39943118444657194,1.1153976734319004,0.9877894615567251,-0.9290580822438622,0.3528589864515937,0.05762806722361579,2.7685341326701707
HR,clinical_center_community,73339,9972,0.7465430700925414,vad1328,0.003113184157604024,7.336458956326747,107.06197705247551,-0.05391371792849287,0.9570039072358585,2.300831025843959e-94,4212354358183131e73
HR,clinical_center_community,73339,9972,0.7465430700925414,vad1329,0.07223355938034892,1.8388919484962694,2.6520056709675335,-0.990891746002112,0.3217384431844935,3.993444894057768e-4,13.06562939811263
HR,clinical_center_community,73339,9972,0.7465430700925414,vad1330,1.7071124487935216,1.0195758277638642,0.9762265036669509,0.5478270818631776,0.5838106411816606,0.25193970872191823,11.567183782221626
HR,clinical_center_community,73339,9972,0.7465430700925414,vad1331,163017846.4791315,10096.383553129555,0.3630655060877978,52.08253035144299,0,80019020.80329052,332106266.7840205
HR,clinical_center_community,73339,9972,0.7465430700925414,vad1332,0.1372538108952664,3.014739832056963,0.7623707311344596,-2.604931369724869,0.009189266462026446,0.030803017938603034,0.6115832105419963
HR,clinical_center_community,73339,9972,0.7465430700925414,vad1402,0.2667900781993761,0.16396663113824467,0.16369892292892818,-8.071483490237016,6.944911448812958e-16,0.19356592109442677,0.36771424134575403
HR,clinical_center_community,73339,9972,0.7465430700925414,vad1999,0.23759013361166306,0.07753795926199979,0.07608245215550263,-18.89014058881559,1.3747915339950737e-79,0.20467599064578523,0.27579723157319097
HR,clinical_center_community,73339,9972,0.7465430700925414,vad1Missing,0.2544567957256399,0.027790413869363616,0.02687801781316811,-50.91983450224947,0,0.24139898724078096,0.26822093013330467
HR,clinical_center_community,73339,9972,0.7465430700925414,vad2302,2.4716679333595533,0.5794680163413837,0.5525606798775463,1.6376358875327695,0.10149767207282816,0.8368538525286066,7.300130547692083
HR,clinical_center_community,73339,9972,0.7465430700925414,vad2303,3314788233928951e6,0,0,Inf,0,3314788233928951e6,3314788233928951e6
HR,clinical_center_community,73339,9972,0.7465430700925414,vad2305,1.7038222332883277,0.25410876187045717,0.2249875409297431,2.368460482635709,0.017862288468486878,1.0962624511474235,2.6480978160012096
HR,clinical_center_community,73339,9972,0.7465430700925414,vad2306,2.565921197581995,0.3497944928633491,0.3547498607498062,2.656287316118221,0.007900626947999327,1.280205491030804,5.142886543080918
HR,clinical_center_community,73339,9972,0.7465430700925414,vad2309,0.035898176809311955,11.66914639774828,1.162497586011703,-2.8620005839736504,0.004209761312986963,0.0036774997600708503,0.35042261925471746
HR,clinical_center_community,73339,9972,0.7465430700925414,vad2310,1.2939369802339677,0.305967931658884,0.2499554656772551,1.0309416226414414,0.3025681963369929,0.7927762788857207,2.1119109557241775
HR,clinical_center_community,73339,9972,0.7465430700925414,vad2311,1.940496978372411,0.5294548716971657,0.5146230461904493,1.2882130320327754,0.19767181674688436,0.7077258190935918,5.320603574835092
HR,clinical_center_community,73339,9972,0.7465430700925414,vad2313,2.5883980609801496,0.8139407980224449,0.9581777949863292,0.9925497961421379,0.32092940090421707,0.395757039008004,16.929084922606513
HR,clinical_center_community,73339,9972,0.7465430700925414,vad2316,5.956480710513033,0.2815240737692308,0.28266718011894976,6.313006770394292,2.736655204002336e-10,3.4228116363513568,10.365648543994785
HR,clinical_center_community,73339,9972,0.7465430700925414,vad2317,0.1958307724485188,13.478602327756358,1.3749202435546475,-1.1858901679712284,0.23566567646399436,0.013229599709875884,2.898779424834413
HR,clinical_center_community,73339,9972,0.7465430700925414,vad2318,0.6110747172148036,1.1229269832092539,0.44452178482405896,-1.1080132792921078,0.2678560809719933,0.25569173273045404,1.4604004049391663
HR,clinical_center_community,73339,9972,0.7465430700925414,vad2320,2.8355797271947147,0.12610366084189928,0.14471251392334036,7.202185749720637,5.925489305384508e-13,2.135316950401539,3.7654889536495566
HR,clinical_center_community,73339,9972,0.7465430700925414,vad2321,128.29321089558297,0.4387321966332494,0.710489514540723,6.8323574873623905,8.353037363936106e-12,31.873804422825245,516.384794973264
HR,clinical_center_community,73339,9972,0.7465430700925414,vad2325,1.4797678015996043,0.2753659148372735,0.2783335154351257,1.4079698021406117,0.15914001207939807,0.8575819969168752,2.553356710522426
HR,clinical_center_community,73339,9972,0.7465430700925414,vad2328,2.239224832998822,0.6046213211583656,0.5735875564702894,1.4054170809410045,0.1598972904391192,0.727543707005138,6.891857910995844
HR,clinical_center_community,73339,9972,0.7465430700925414,vad2329,3.3761319832415833,0.7421288379358477,0.8173005583229814,1.4887187560818844,0.1365614438652012,0.6803492645552237,16.753552567912784
HR,clinical_center_community,73339,9972,0.7465430700925414,vad2330,7.304808688679088,0.6802024098984388,0.48001189460059296,4.142674125652258,3.432795531774257e-5,2.8511625694207874,18.715253402418796
HR,clinical_center_community,73339,9972,0.7465430700925414,vad2331,9.695986816145722e-4,171.25832533848563,1.4236172139902592,-4.873942401218091,1.0939289664845728e-6,5.953972807033031e-5,0.01578982024033119
HR,clinical_center_community,73339,9972,0.7465430700925414,vad2332,1,0,0,NA,NA,1,1
HR,clinical_center_community,73339,9972,0.7465430700925414,vad2999,2.5833613878196697,0.1808368793956288,0.19490254507502952,4.8695691176017215,1.118418586596493e-6,1.76312789650462,3.7851797781137786
HR,clinical_center_community,73339,9972,0.7465430700925414,vad2Missing,1.5788321921780948,0.07575884295029875,0.08180323264608128,5.582731147766033,2.367706130191882e-8,1.344946271042989,1.853390834062704
HR,clinical_center_community,73339,9972,0.7465430700925414,"ns(creatinine, df = 3)1",113.66654789031708,0.11149191423822151,0.10494159847171995,45.103840732301954,0,92.53504060874312,139.62369308217498
HR,clinical_center_community,73339,9972,0.7465430700925414,"ns(creatinine, df = 3)2",0.1283878313652116,0.11020710062283749,0.10979303844760281,-18.69608212451427,5.327850171428074e-78,0.1035303922321465,0.15921349168368987
HR,clinical_center_community,73339,9972,0.7465430700925414,"ns(creatinine, df = 3)3",2.7012211301760484e-5,0.20005483432671012,0.200487242712175,-52.46828367463511,0,1.8234971459698246e-5,4.001429676068335e-5
HR,clinical_center_community,73339,9972,0.7465430700925414,diabetes3,1,0,0,NA,NA,1,1
HR,clinical_center_community,73339,9972,0.7465430700925414,diabetesMissing,1,8.628544758095416,0.883322472350084,0,1,0.17705758992139822,5.6478798815906925
KI,clinical_center_community,681043,128426,0.7397766756147923,"ns(age, df = 4)1",3.379040053950522,0.08572921989069868,0.09245564894759448,13.169467472347824,1.3152206280822957e-39,2.818999174635303,4.050342330333989
KI,clinical_center_community,681043,128426,0.7397766756147923,"ns(age, df = 4)2",5.083968250513456,0.05291741581630173,0.05707251542438055,28.49168459169485,1.485081112684204e-178,4.545928665440709,5.685688244235376
KI,clinical_center_community,681043,128426,0.7397766756147923,"ns(age, df = 4)3",18.1729882225196,0.18495925401148602,0.19925290347063648,14.554048033987788,5.50468932719755e-48,12.297645403035816,26.85534426405792
KI,clinical_center_community,681043,128426,0.7397766756147923,"ns(age, df = 4)4",17.629268940117743,0.05364831294955714,0.05832709051137873,49.19773133856135,0,15.724838496068115,19.764344380434267
KI,clinical_center_community,681043,128426,0.7397766756147923,sexM,1.0830080808245748,0.006109381878030736,0.006606802907298308,12.06974547726618,1.5260556534991151e-33,1.0690745137305844,1.0971232482555568
KI,clinical_center_community,681043,128426,0.7397766756147923,race_srtrBLACK,0.8614955218299253,0.013904739300774235,0.01486989996065426,-10.025986827764868,1.1718307691028705e-23,0.8367500413173807,0.8869728084680275
KI,clinical_center_community,681043,128426,0.7397766756147923,race_srtrMissing,0.32292490343993735,0.26942144546301033,0.27394283041171325,-4.126172888636275,3.68850020828424e-5,0.18876478528010426,0.5524361607328038
KI,clinical_center_community,681043,128426,0.7397766756147923,race_srtrMULTI,0.9942077482125723,0.04085285570131595,0.04156396010237566,-0.13976271566158108,0.8888474726824038,0.9164269165384392,1.0785901513450946
KI,clinical_center_community,681043,128426,0.7397766756147923,race_srtrNATIVE,1.1436184142860815,0.032118246662406064,0.03244024468442778,4.13675311872111,3.522547483388756e-5,1.0731685906536599,1.2186930263190061
KI,clinical_center_community,681043,128426,0.7397766756147923,race_srtrPACIFIC,1.0005441935162784,0.04232994256122556,0.04342768560117995,0.012527618940633575,0.9900046677109653,0.918904890639329,1.0894366689926216
KI,clinical_center_community,681043,128426,0.7397766756147923,race_srtrWHITE,1.4887264563312848,0.013069327352325345,0.014058340311859829,28.304978990982708,3.001118787893209e-176,1.4482663008508256,1.530316945494535
KI,clinical_center_community,681043,128426,0.7397766756147923,ethnicity_srtrNLATIN,1.5310188696372076,0.011011881224730586,0.011709820438129001,36.37403697953559,1.0957157286796672e-289,1.496280879067308,1.5665633451430014
KI,clinical_center_community,681043,128426,0.7397766756147923,"ns(bmi, df = 3)1",0.3942359865098064,1.1434044081515815,1.1335543733835294,-0.8211389063522657,0.4115671509516487,0.04274379053465693,3.6361307950295862
KI,clinical_center_community,681043,128426,0.7397766756147923,"ns(bmi, df = 3)2",0.14244468018389955,0.4270200298255485,0.4509196538599372,-4.321837709223617,1.5473498950641402e-5,0.05886033496191954,0.34472258654016524
KI,clinical_center_community,681043,128426,0.7397766756147923,"ns(bmi, df = 3)3",2.5443379213018598,0.9366707595949926,0.9672691849541937,0.9654711241538213,0.33430889232715805,0.38214991546257804,16.940093915599984
KI,clinical_center_community,681043,128426,0.7397766756147923,aboA1,1.0200318177304228,0.045550391368098665,0.04540402083162345,0.43682960891435396,0.6622349242017405,0.9331806959447598,1.1149661729007962
KI,clinical_center_community,681043,128426,0.7397766756147923,aboA1B,1.2459940868368982,0.14014960683479852,0.14072992495219372,1.5628067357524515,0.11809805940381926,0.9456413449132768,1.6417442752303657
KI,clinical_center_community,681043,128426,0.7397766756147923,aboA2,1.175559648180718,0.1010508405306851,0.10032609846556084,1.6121859914902423,0.10692147269222246,0.9657104709819422,1.4310091150048374
KI,clinical_center_community,681043,128426,0.7397766756147923,aboA2B,1.1063186012851232,0.2319435421337932,0.23420262305488587,0.4314124520063934,0.6661684974749781,0.6990795216127482,1.7507891587582043
KI,clinical_center_community,681043,128426,0.7397766756147923,aboAB,1.0442986396438436,0.018193235349311356,0.019458859342467962,2.227545874649705,0.025910813428874666,1.0052204175030013,1.084896038493693
KI,clinical_center_community,681043,128426,0.7397766756147923,aboB,0.9560840308291699,0.009131774637902648,0.009938064974112149,-4.518935180408173,6.215141734763918e-6,0.9376413859186199,0.9748894275938987
KI,clinical_center_community,681043,128426,0.7397766756147923,aboO,0.9548612925061529,0.006739875339296054,0.007263035853548541,-6.3594884330284005,2.024267727780332e-10,0.9413648570872615,0.9685512275736078
KI,clinical_center_community,681043,128426,0.7397766756147923,primary_pay10,1.0247347044778643,0.21275248300147165,0.19449605194238026,0.12562596487573127,0.9000280087823285,0.6999324120935088,1.5002608772188826
KI,clinical_center_community,681043,128426,0.7397766756147923,primary_pay11,1.159568696419845,0.08214090563801307,0.08379166397692964,1.76685979870402,0.07725171107795573,0.9839496803903891,1.3665328507280363
KI,clinical_center_community,681043,128426,0.7397766756147923,primary_pay12,0.49788970247757247,0.2831213065997458,0.2743130945084789,-2.5422654675174114,0.011013648792045104,0.29082880229946784,0.8523714084478738
KI,clinical_center_community,681043,128426,0.7397766756147923,primary_pay13,1.0146839441020667,0.3463376295647835,0.3543801241799311,0.041134301524256824,0.9671888290736306,0.506619474112378,2.032262001421099
KI,clinical_center_community,681043,128426,0.7397766756147923,primary_pay14,1.8222855084924876,1.06384696369016,0.3691039401848937,1.6258062345812883,0.10399088166141274,0.8839639991182805,3.756628638467196
KI,clinical_center_community,681043,128426,0.7397766756147923,primary_pay2,1.02826513961689,0.012008046900892954,0.012757222373327397,2.184884050575546,0.02889734923256499,1.0028734758387086,1.0542996926577328
KI,clinical_center_community,681043,128426,0.7397766756147923,primary_pay3,0.941213708962395,0.007516527234450887,0.008015221350613194,-7.558750304751069,4.0696026592315304e-14,0.9265432048649217,0.9561164997890179
KI,clinical_center_community,681043,128426,0.7397766756147923,primary_pay4,0.9083468267709699,0.00945303274457405,0.009750258328939592,-9.859123959538511,6.259310892386819e-23,0.8911529896751861,0.925872400434438
KI,clinical_center_community,681043,128426,0.7397766756147923,primary_pay5,0.5393254106750693,0.29312067147175913,0.3522023985939673,-1.7530719902232972,0.07958965071530943,0.27043049160015104,1.0755883956676942
KI,clinical_center_community,681043,128426,0.7397766756147923,primary_pay6,0.7533103376707686,0.05099700361183798,0.05260755028911886,-5.384740393893708,7.254928267992002e-8,0.6795075699737102,0.8351289815117187
KI,clinical_center_community,681043,128426,0.7397766756147923,primary_pay7,0.8679455538697582,0.0373204132042755,0.037858947407002054,-3.7408935521394797,1.8336717601269298e-4,0.8058735250046232,0.9347986515352514
KI,clinical_center_community,681043,128426,0.7397766756147923,primary_pay8,0.9798557925912206,0.08895681113208982,0.10277164332406515,-0.19801053971821675,0.8430368174981168,0.8010927161527911,1.1985096792359893
KI,clinical_center_community,681043,128426,0.7397766756147923,primary_pay9,1.1505039469830083,0.3630479979698347,0.4053246983447471,0.34589567753331246,0.7294211172078627,0.5198464759034818,2.5462504669729453
KI,clinical_center_community,681043,128426,0.7397766756147923,primary_payMissing,0.6941404999715319,0.9870376032116857,1.383407702672979,-0.2638997084759403,0.7918572002875011,0.04611992717510975,10.447350271636278
KI,clinical_center_community,681043,128426,0.7397766756147923,education2,1.12153426792108,0.037577361700558705,0.03972131974955554,2.88755838602896,0.0038824454278756364,1.0375324749810912,1.212337102165594
KI,clinical_center_community,681043,128426,0.7397766756147923,education3,1.3351431484849154,0.0365895429266034,0.038828144477792086,7.444046511123266,9.764709529018227e-14,1.2373063874942383,1.4407160950298687
KI,clinical_center_community,681043,128426,0.7397766756147923,education4,1.3354747920891363,0.036885393408448014,0.039122697771681536,7.394348922897802,1.421028164709127e-13,1.2368994435429612,1.4419061546320242
KI,clinical_center_community,681043,128426,0.7397766756147923,education5,1.2442888159003984,0.037183933458365036,0.039484009800137165,5.53551008621519,3.103238742868056e-8,1.151628349935078,1.3444047790783347
KI,clinical_center_community,681043,128426,0.7397766756147923,education6,1.237547188071115,0.038201238814096115,0.04060754941788362,5.248564603469665,1.5328888547442553e-7,1.1428692795208362,1.3400684313999904
KI,clinical_center_community,681043,128426,0.7397766756147923,education996,2.0331074123306143,0.13268863440409262,0.14402461338570868,4.9266951736089535,8.363207094506427e-7,1.533085409849089,2.696213611791254
KI,clinical_center_community,681043,128426,0.7397766756147923,education998,1.8479439288820472,0.038715583071244404,0.041446187785776877,14.816166794859424,1.151718705919711e-49,1.703765149573699,2.004323638822206
KI,clinical_center_community,681043,128426,0.7397766756147923,educationMissing,0.17933029934109973,1.4339979289848699,1.8091645615922867,-0.9499002812056903,0.34216292394255066,0.0051723750324283125,6.217522136377329
KI,clinical_center_community,681043,128426,0.7397766756147923,"ns(median_household_income, df = 3)1",1.1482377949243526e-79,50.28262179907066,53.794529189652124,-3.3788936657635245,7.277815190062415e-4,1.8622825552601754e-125,7.079752908432969e-34
KI,clinical_center_community,681043,128426,0.7397766756147923,"ns(median_household_income, df = 3)2",33898050969172543e150,106.00025813815769,113.40273188095904,3.381310939367236,7.214085785597571e-4,10036778653104546e54,11448671921774651e247
KI,clinical_center_community,681043,128426,0.7397766756147923,"ns(median_household_income, df = 3)3",2.3050985884299173e-88,55.74627575722707,59.63944020646101,-3.383538880274867,7.155807483781877e-4,3.958275010639458e-139,1.342372495114572e-37
KI,clinical_center_community,681043,128426,0.7397766756147923,"ns(pct_poverty, df = 3)1",1.0054802771802596,0.04436031327300875,0.04746190959209681,0.11515160573144276,0.9083249564547624,0.91616544084760565,1.1035022090149536
KI,clinical_center_community,681043,128426,0.7397766756147923,"ns(pct_poverty, df = 3)2",0.9382072186967104,0.09035893826289053,0.09506507417270736,-0.6709555478107992,0.5022488480818764,0.7787162406694622,1.1303639750185266
KI,clinical_center_community,681043,128426,0.7397766756147923,"ns(pct_poverty, df = 3)3",0.8407890895277772,0.13379864134637773,0.13848878366332937,-1.252191197116675,0.2105002028757925,0.6409220322304073,1.1029832920688443
KI,clinical_center_community,681043,128426,0.7397766756147923,"ns(pct_bachelor_plus, df = 3)1",0.9591763714724282,0.023112737750072655,0.024696801239671055,-1.6876804710574134,0.09147258256153262,0.913853367240793,1.0067471922424902
KI,clinical_center_community,681043,128426,0.7397766756147923,"ns(pct_bachelor_plus, df = 3)2",0.8650768670838576,0.05691072852251297,0.061001727975550396,-2.3759476514457356,0.017503945909777788,0.7675911056432467,0.9749435349911889
KI,clinical_center_community,681043,128426,0.7397766756147923,"ns(pct_bachelor_plus, df = 3)3",0.8927207238020982,0.05714371880238595,0.06225344518128962,-1.8228948774105886,0.06831931393264061,0.7901788262534666,1.0085695341703618
KI,clinical_center_community,681043,128426,0.7397766756147923,"ns(pct_unemployed, df = 3)1",1.0718931102206026,0.05623653304703163,0.06040333551913852,1.149379359026778,0.250399587476584,0.9522172988889752,1.2066099209486851
KI,clinical_center_community,681043,128426,0.7397766756147923,"ns(pct_unemployed, df = 3)2",0.9378851459946225,0.16979858954849683,0.1791661529377599,-0.3579235366514745,0.7204005363160516,0.6601507967636385,1.3324660840972944
KI,clinical_center_community,681043,128426,0.7397766756147923,"ns(pct_unemployed, df = 3)3",1.07660833173754,0.33320878353797156,0.3523988088784096,0.20946627568016002,0.8340842595222056,0.5396290566785005,2.147930111660476
KI,clinical_center_community,681043,128426,0.7397766756147923,"ns(pct_no_vehicle, df = 3)1",0.8722710567183194,0.033929166748904394,0.03624492505963201,-3.7703225566095604,1.6303668947187212e-4,0.8124557675048498,0.9364901165329614
KI,clinical_center_community,681043,128426,0.7397766756147923,"ns(pct_no_vehicle, df = 3)2",0.892880741248966,0.04544838137137395,0.04902435855983111,-2.3111420278789487,0.02082501121957954,0.8110802867022266,0.9829310749676669
KI,clinical_center_community,681043,128426,0.7397766756147923,"ns(pct_no_vehicle, df = 3)3",0.9872518666972796,0.05235467330183796,0.05789739565034499,-0.22160043414742975,0.8246249444954578,0.8813443222123853,1.1058858878793447
KI,clinical_center_community,681043,128426,0.7397766756147923,"ns(pct_black, df = 3)1",0.9726708456575659,0.02005571070186499,0.02142006348130875,-1.2936255849272533,0.19579478063547542,0.9326809527156013,1.0143753565863711
KI,clinical_center_community,681043,128426,0.7397766756147923,"ns(pct_black, df = 3)2",0.9984710088130978,0.02367200867463142,0.025470245290715107,-0.060076425229866816,0.9520947659830301,0.9498502629727361,1.0495805436955077
KI,clinical_center_community,681043,128426,0.7397766756147923,"ns(pct_black, df = 3)3",0.9830628210872187,0.02284508472315649,0.024185190193811844,-0.7063104827832319,0.4799950758177396,0.9375507820344932,1.030784175878812
KI,clinical_center_community,681043,128426,0.7397766756147923,"ns(pct_hispanic, df = 3)1",0.933906595010794,0.02137542405801056,0.022959311694475973,-2.9782622408657144,0.0028988784054636923,0.8928128673300281,0.9768917542742509
KI,clinical_center_community,681043,128426,0.7397766756147923,"ns(pct_hispanic, df = 3)2",0.8570624772094135,0.028989779175048348,0.030613261617297254,-5.038485044220939,4.692310779456051e-7,0.8071503255606431,0.9100610711271373
KI,clinical_center_community,681043,128426,0.7397766756147923,"ns(pct_hispanic, df = 3)3",0.8987053737259637,0.025317750929622372,0.026253237994217728,-4.068070571546579,4.7404025849364006e-5,0.8536317145233464,0.9461590227056105
KI,clinical_center_community,681043,128426,0.7397766756147923,medical_condition2,0.5727452297602146,0.06368082041084352,0.1337968556952258,-4.165376558716103,3.108390768509045e-5,0.4406293184393729,0.7444740612697479
KI,clinical_center_community,681043,128426,0.7397766756147923,medical_condition3,0.3031242069904119,0.05798363841798777,0.12341018106466033,-9.67191380087618,3.968856190999436e-22,0.23799820588908818,0.38607133411075367
KI,clinical_center_community,681043,128426,0.7397766756147923,medical_conditionMissing,0.14367819336094237,0.05836995435021021,0.12355319036445879,-15.70319020359595,1.4382377657031289e-55,0.11277742963319258,0.18304569730492048
KI,clinical_center_community,681043,128426,0.7397766756147923,diagnosis3001,0.9160515486817782,0.0892733805760882,0.09712175177302233,-0.9028115580419271,0.3666259158465975,0.7572682146912455,1.1081284326510705
KI,clinical_center_community,681043,128426,0.7397766756147923,diagnosis3002,1.1301027756501427,0.14540535806660326,0.1515940447301999,0.8068165257338175,0.4197721966501147,0.8396162914079124,1.5210904035587431
KI,clinical_center_community,681043,128426,0.7397766756147923,diagnosis3003,1.2640671156528867,0.2672085929924676,0.25394180824637635,0.9227877589747792,0.35611782121701785,0.7684479818520916,2.0793413615634426
KI,clinical_center_community,681043,128426,0.7397766756147923,diagnosis3004,0.654589496252011,0.08533517127286315,0.09281888745235832,-4.565309655503949,4.987575706687959e-6,0.5457094217003546,0.7851933493622932
KI,clinical_center_community,681043,128426,0.7397766756147923,diagnosis3005,0.8368921075494221,0.155983342324937,0.154582089595159,-1.1518806676240814,0.24937011341514168,0.6181430048700625,1.1330523748719592
KI,clinical_center_community,681043,128426,0.7397766756147923,diagnosis3006,0.8801131275681825,0.08373209486549378,0.09120762940472474,-1.4001550807862693,0.16146688380250396,0.736041707201074,1.0523848169737489
KI,clinical_center_community,681043,128426,0.7397766756147923,diagnosis3007,0.6991869053516003,0.0976222762196078,0.10527143041491106,-3.399186098734228,6.758671184779652e-4,0.5688347009405801,0.8594101727739245
KI,clinical_center_community,681043,128426,0.7397766756147923,diagnosis3008,0.7457607489873083,0.0834140089236417,0.0909183224893543,-3.226527216942618,0.0012530231429428342,0.6240360875675796,0.8912290583994186
KI,clinical_center_community,681043,128426,0.7397766756147923,diagnosis3009,0.8919034748484825,0.09477796350563429,0.10234598340337296,-1.1177513812132165,0.2636731914819271,0.7297948543706458,1.0900211253651644
KI,clinical_center_community,681043,128426,0.7397766756147923,diagnosis3010,0.8566616356993655,0.20623174690774332,0.21554055067066968,-0.7177872656504946,0.47288846639462573,0.5614885038423124,1.3070065603430612
KI,clinical_center_community,681043,128426,0.7397766756147923,diagnosis3011,2.8532705374551126,0.09531371834573912,0.10476388700661328,10.00789416372011,1.4071583312724273e-23,2.323634251957884,3.503629176170771
KI,clinical_center_community,681043,128426,0.7397766756147923,diagnosis3012,2.7736973643479836,0.12595075829774166,0.14040379589730861,7.26605154949187,3.701473810226641e-13,2.106430556255675,3.652338334222845
KI,clinical_center_community,681043,128426,0.7397766756147923,diagnosis3013,1.068745955027196,0.1261779561053872,0.13921125858219804,0.47759036998102117,0.6329417863424334,0.8135376299239269,1.4040136244144
KI,clinical_center_community,681043,128426,0.7397766756147923,diagnosis3014,1.5208740550431015,0.1902886511506016,0.18854837880019348,2.2237539695056396,0.02616500191836509,1.050994831314707,2.2008270853338106
KI,clinical_center_community,681043,128426,0.7397766756147923,diagnosis3015,1.5398772594201298,0.151048858856053,0.16848779080105172,2.562219550280051,0.010400554797030765,1.1067997131601288,2.142412891767878
KI,clinical_center_community,681043,128426,0.7397766756147923,diagnosis3016,1.2152411010869755,0.10442592647863844,0.11322355241703448,1.7217486119589869,0.08511506713659475,0.9733888944053158,1.5171849013885967
KI,clinical_center_community,681043,128426,0.7397766756147923,diagnosis3017,0.8356626397007991,0.24626297456893456,0.23333732856028344,-0.7694023475690798,0.4416544954033071,0.5289491118686387,1.3202253897821727
KI,clinical_center_community,681043,128426,0.7397766756147923,diagnosis3018,1.3133006255429487,0.08448895376381395,0.09211350723688282,2.958779207286143,0.003088603062587524,1.0963696167673675,1.5731542599081958
KI,clinical_center_community,681043,128426,0.7397766756147923,diagnosis3019,0.9176404117702565,0.510994116415608,0.5861587222308878,-0.14663208129623104,0.8834224301605468,0.29089303456253257,2.894754515453582
KI,clinical_center_community,681043,128426,0.7397766756147923,diagnosis3020,1.2257059440583056,0.21822891827825405,0.2500311695583067,0.8139663516116266,0.41566422751812576,0.750860701478563,2.0008439093183177
KI,clinical_center_community,681043,128426,0.7397766756147923,diagnosis3021,1.1091338298502418,0.09714257063198911,0.10371141318401617,0.998726890873329,0.3179270103261606,0.9051168230327635,1.3591370983430888
KI,clinical_center_community,681043,128426,0.7397766756147923,diagnosis3022,1.3722593863694947,0.34626025753830525,0.4173320589430294,0.7582896203966718,0.44827761968177393,0.6056232193258805,3.1093520911818033
KI,clinical_center_community,681043,128426,0.7397766756147923,diagnosis3023,0.6983295130732541,0.14468359960785251,0.1473291612900336,-2.4371563830571725,0.014803275879917071,0.523182955985847,0.9321100835752768
KI,clinical_center_community,681043,128426,0.7397766756147923,diagnosis3024,0.7795850339189268,0.12945173507968463,0.13836034849335363,-1.7996016298923072,0.07192356354843185,0.5944166297507826,1.0224357709594751
KI,clinical_center_community,681043,128426,0.7397766756147923,diagnosis3025,0.7332180342476464,0.10644010999149525,0.11318491995104212,-2.741638787440132,0.006113352819280625,0.5873405151517749,0.9153270919971512
KI,clinical_center_community,681043,128426,0.7397766756147923,diagnosis3026,0.5666245817203168,0.2655685754826843,0.30300377642116777,-1.874756528204802,0.060826226212879385,0.3128802351774262,1.0261543572020695
KI,clinical_center_community,681043,128426,0.7397766756147923,diagnosis3027,1.7422478523813287,0.09542852872646651,0.10732804668926116,5.17270336870526,2.3073115228542845e-7,1.4117316093277872,2.1501449419076955
KI,clinical_center_community,681043,128426,0.7397766756147923,diagnosis3028,0.6927567239630938,0.14793492529678698,0.1680153061327931,-2.184779455784056,0.028905021080449587,0.498386031808551,0.9629320405601388
KI,clinical_center_community,681043,128426,0.7397766756147923,diagnosis3029,3.4325118029147994,0.10845964323313854,0.12064004619034857,10.222909690244494,1.5656929086631433e-24,2.709711445655384,4.348115108728753
KI,clinical_center_community,681043,128426,0.7397766756147923,diagnosis3030,0.603296975458967,0.10048425476575291,0.10861649060646503,-4.652568906017703,3.2782513836119114e-6,0.4876145135240945,0.7464241332102038
KI,clinical_center_community,681043,128426,0.7397766756147923,diagnosis3031,0.65667664132151,0.1016585902793932,0.11114073738748759,-3.7840630365586705,1.542887183841531e-4,0.5281391973379844,0.8164972670667651
KI,clinical_center_community,681043,128426,0.7397766756147923,diagnosis3032,0.9945476927463939,0.16883271081878484,0.16705874639703833,-0.03272636392116621,0.9738927997793007,0.7168444901102471,1.3798322046041716
KI,clinical_center_community,681043,128426,0.7397766756147923,diagnosis3033,0.9361433324956236,0.11165208207207537,0.11796385949349006,-0.5593804874085517,0.5759020752996252,0.742901660769464,1.1796505314960706
KI,clinical_center_community,681043,128426,0.7397766756147923,diagnosis3034,1.0970403617279765,0.08750336646521169,0.09471536523841302,0.9778347283692516,0.32815607179673834,0.9111727880011549,1.3208225389394797
KI,clinical_center_community,681043,128426,0.7397766756147923,diagnosis3035,0.6293229366622268,0.20600194943091588,0.2039435405669173,-2.270779157447641,0.023160350295438354,0.4219650722269766,0.9385785333344694
KI,clinical_center_community,681043,128426,0.7397766756147923,diagnosis3036,0.835142184940429,0.2003577206762348,0.20050639227967154,-0.8984914905378275,0.36892357982330326,0.5637532660191532,1.2371768131687912
KI,clinical_center_community,681043,128426,0.7397766756147923,diagnosis3038,3.731981172673038,0.3881604464253195,0.42325879213971246,3.1114279551738933,0.0018618489903783973,1.6280243905897824,8.554959958640703
KI,clinical_center_community,681043,128426,0.7397766756147923,diagnosis3039,3.4515266381265928,0.13090616565531332,0.14038520798303114,8.824410027029927,1.100383598734618e-18,2.6212903207163873,4.544722131519442
KI,clinical_center_community,681043,128426,0.7397766756147923,diagnosis3040,1.0125944481197615,0.08244988199732867,0.0899109793619819,0.13920210668884042,0.8892904438162066,0.8489911781277777,1.207724582750192
KI,clinical_center_community,681043,128426,0.7397766756147923,diagnosis3041,0.92144875073249,0.08522441767136256,0.09272041375287313,-0.8823096787048419,0.3776093638685723,0.7683293550400518,1.1050831191816248
KI,clinical_center_community,681043,128426,0.7397766756147923,diagnosis3042,0.835053567427753,0.09990938340281147,0.1066664985356189,-1.6899345722939527,0.09104047254462952,0.6775161430936203,1.0292219123957624
KI,clinical_center_community,681043,128426,0.7397766756147923,diagnosis3043,0.9245455700602155,0.10229103269544478,0.10937062702155553,-0.7173126819527911,0.47318118379923596,0.7461598484094235,1.1455782737976306
KI,clinical_center_community,681043,128426,0.7397766756147923,diagnosis3044,1.060987896475837,0.10647198239945066,0.11499106158592214,0.5148265534139986,0.6066742282972921,0.8468955687867553,1.3292020385475256
KI,clinical_center_community,681043,128426,0.7397766756147923,diagnosis3045,1.413815313147863,0.19701618015900194,0.21629758347521258,1.6009977565645646,0.10937741603784978,0.925294209552567,2.1602574824908505
KI,clinical_center_community,681043,128426,0.7397766756147923,diagnosis3046,1.2171824051726527,0.1815863059821419,0.20694963961826346,0.9496932883445283,0.3422681210691805,0.811334256313326,1.8260451792013777
KI,clinical_center_community,681043,128426,0.7397766756147923,diagnosis3047,1.144800979894378,0.12325075437441035,0.13372042003416676,1.0112950974701294,0.3118752118092346,0.8808601532259427,1.487829003011973
KI,clinical_center_community,681043,128426,0.7397766756147923,diagnosis3048,2.0228738387903733,0.0865591247376838,0.09551484764728028,7.376017552969095,1.6309452159569619e-13,1.6775149995579628,2.4393335193669077
KI,clinical_center_community,681043,128426,0.7397766756147923,diagnosis3049,0.9977153985392967,0.2654115207056334,0.40544456932602374,-0.0056412523862337935,0.9954989556907797,0.4507042278269447,2.2086236494427602
KI,clinical_center_community,681043,128426,0.7397766756147923,diagnosis3050,1.5720209007756591,0.17416960968542308,0.1807412869674909,2.5028149194202034,0.012320995686796517,1.1030902691660056,2.2402969018518397
KI,clinical_center_community,681043,128426,0.7397766756147923,diagnosis3051,1.1082113017641273,0.10661156459854229,0.11488068397631121,0.8943825206296322,0.371117261412175,0.8847813493270991,1.3880630398592493
KI,clinical_center_community,681043,128426,0.7397766756147923,diagnosis3052,0.6285167002081947,0.09864183618929064,0.10590150975097183,-4.385137481650122,1.1591254696030064e-5,0.510708743532528,0.7735000574068639
KI,clinical_center_community,681043,128426,0.7397766756147923,diagnosis3053,1.5214512860476934,0.1277434623174722,0.14846250651579507,2.826738431367047,0.004702472167987951,1.1373301101334758,2.035305313023425
KI,clinical_center_community,681043,128426,0.7397766756147923,diagnosis3054,0.9021844085236536,0.09447177430467295,0.10240625833004377,-1.0051762212038715,0.31481200303002344,0.7381199646290308,1.1027160163487084
KI,clinical_center_community,681043,128426,0.7397766756147923,diagnosis3055,0.8313876468328225,0.17562251035318713,0.18112589851396016,-1.0195069399838275,0.3079623601157371,0.5829468003724153,1.1857092600296315
KI,clinical_center_community,681043,128426,0.7397766756147923,diagnosis3056,1.5789829002438187,0.2487082835309929,0.253582397886602,1.8013115639616766,0.07165378618618466,0.9605670793714383,2.595536587506035
KI,clinical_center_community,681043,128426,0.7397766756147923,diagnosis3057,1.2697855630093704,0.12357555017950714,0.13192250222701854,1.8105177976303741,0.07021552691457134,0.9804777609633374,1.644458895674345
KI,clinical_center_community,681043,128426,0.7397766756147923,diagnosis3058,1.4618512781758148,0.4191249653940739,0.4140860318801955,0.916967977681436,0.35915942052892347,0.6492807431648284,3.2913484374843933
KI,clinical_center_community,681043,128426,0.7397766756147923,diagnosis3059,0.9040279744017151,0.10148516843490084,0.1087707280793168,-0.9275930732074993,0.3536186921622454,0.7304593592148921,1.1188392183505973
KI,clinical_center_community,681043,128426,0.7397766756147923,diagnosis3060,1.171480934334746,0.21659898963325896,0.21898271275247422,0.7227451987802873,0.4698364411709102,0.7626702429537099,1.7994245772521975
KI,clinical_center_community,681043,128426,0.7397766756147923,diagnosis3061,3.0145095861854707,0.7232847316818555,0.6988774831276222,1.5788706684742395,0.11436572505975118,0.766180469157172,11.860479888244141
KI,clinical_center_community,681043,128426,0.7397766756147923,diagnosis3062,1.278418628501262,0.7176971093561116,0.5619470069717057,0.4370943605138712,0.6620429170186943,0.42495498758576994,3.845946600095336
KI,clinical_center_community,681043,128426,0.7397766756147923,diagnosis3063,0.8578946266977117,0.10173044990305524,0.11103312141181905,-1.380434935035403,0.16745277000768935,0.6901164560133265,1.0664623109676925
KI,clinical_center_community,681043,128426,0.7397766756147923,diagnosis3064,0.767896281185448,0.18392355544644426,0.1848752672792178,-1.4285340023093485,0.15313821494041258,0.5344861446157141,1.1032366406474368
KI,clinical_center_community,681043,128426,0.7397766756147923,diagnosis3066,1.3990316082303709,0.2842683010386371,0.31148688214330494,1.077991749004755,0.28103743831370603,0.7597827196432386,2.5761173427933675
KI,clinical_center_community,681043,128426,0.7397766756147923,diagnosis3067,NA,0,0,NA,NA,NA,NA
KI,clinical_center_community,681043,128426,0.7397766756147923,diagnosis3068,0.8987580866971447,0.13663397709732725,0.14752428784841096,-0.7235511781027198,0.4693413236893733,0.6730849958704386,1.2000952381339345
KI,clinical_center_community,681043,128426,0.7397766756147923,diagnosis3069,2.1976475799209503,0.08316346565059674,0.09072635357827748,8.67870773337225,4.002908776542197e-18,1.8396348870106503,2.6253333852460528
KI,clinical_center_community,681043,128426,0.7397766756147923,diagnosis3070,1.6436026732896365,0.08230612095646586,0.08978028861787203,5.534517566823759,3.12086153107862e-8,1.3784014418979862,1.9598280047684176
KI,clinical_center_community,681043,128426,0.7397766756147923,diagnosis3071,1.89084210722796,0.08818504078637025,0.09545137611323076,6.673788426723572,2.4928293031327832e-11,1.5682197044751125,2.2798360869103664
KI,clinical_center_community,681043,128426,0.7397766756147923,diagnosis3072,4.190087362074667,0.08733875624498391,0.10014804713858652,14.306036161356333,2.0062719485336067e-46,3.4433161989249097,5.098814946852552
KI,clinical_center_community,681043,128426,0.7397766756147923,diagnosis3073,0.6532264581123656,0.10173672512659049,0.10898817223202083,-3.9071341835373103,9.339729165576783e-5,0.527585518894775,0.8087879410942111
KI,clinical_center_community,681043,128426,0.7397766756147923,diagnosis3074,0.7362450715495863,0.10644205251126482,0.1142793752178078,-2.679330696773074,0.00737694979787536,0.5885015622636237,0.9210796370634562
KI,clinical_center_community,681043,128426,0.7397766756147923,diagnosis5001,2.3197557526885717,0.2589289644593154,0.28983989651826114,2.903195561517294,0.0036937590311224076,1.314407695733213,4.094062116039196
KI,clinical_center_community,681043,128426,0.7397766756147923,diagnosis5002,7.761143723837154e-4,91.51214480927173,0.8843543181722195,-8.097671390749598,5.602114750392924e-16,1.3713931174666919e-4,0.004392274624604122
KI,clinical_center_community,681043,128426,0.7397766756147923,diagnosis999,1.15155488398192,0.08277125314475849,0.09024935103389733,1.563591322914354,0.11791357392537438,0.9648598942598896,1.3743743093807441
KI,clinical_center_community,681043,128426,0.7397766756147923,diagnosisMissing,1.3929353590925486,0.09369208701098221,0.10533693936818986,3.1462209896313897,0.0016539498376669831,1.133099368655,1.7123554811555544
KI,clinical_center_community,681043,128426,0.7397766756147923,functional_status2,1.4593173639436603,0.5269994979490662,0.5072340145466996,0.7451565876857861,0.456177063439713,0.5399970335810045,3.943738643497591
KI,clinical_center_community,681043,128426,0.7397766756147923,functional_status2010,12.927995024827993,0.20354819865270715,0.2320159594168093,11.031116667038624,2.7048546685587956e-28,8.20424901516514,20.371523957042303
KI,clinical_center_community,681043,128426,0.7397766756147923,functional_status2020,12.77003191763344,0.19075911678315371,0.19130969039203108,13.314020655435435,1.9187190416609157e-40,8.777056197490472,18.57954552279188
KI,clinical_center_community,681043,128426,0.7397766756147923,functional_status2030,9.185645822654235,0.19235214352374774,0.1938759641048795,11.438457774737643,2.686179520310122e-30,6.28177209769849,13.431892763215469
KI,clinical_center_community,681043,128426,0.7397766756147923,functional_status2040,2.3597225265750343,0.18777128643562827,0.17848763808290566,4.810103645616483,1.5085205337454052e-6,1.6631521649773646,3.3480342446606195
KI,clinical_center_community,681043,128426,0.7397766756147923,functional_status2050,1.9528771223317218,0.18690843000724908,0.17729261818106803,3.7751359271976663,1.599204364685062e-4,1.3796317092039774,2.7643095106353273
KI,clinical_center_community,681043,128426,0.7397766756147923,functional_status2060,1.89148109222098,0.1864977685191949,0.17678637476685197,3.6052561725932644,3.118451619790572e-4,1.3375843207578697,2.6747478022188247
KI,clinical_center_community,681043,128426,0.7397766756147923,functional_status2070,1.685541974009766,0.18627175469551477,0.1765261425655538,2.957562833448094,0.003100815448557809,1.1925600234284799,2.3823134184734998
KI,clinical_center_community,681043,128426,0.7397766756147923,functional_status2080,1.61326552098967,0.18621051971760347,0.17644817602199242,2.710486498160305,0.006718458383270212,1.1415971932785272,2.2798108269166724
KI,clinical_center_community,681043,128426,0.7397766756147923,functional_status2090,1.4768483447196392,0.18619812195619978,0.17644414017864027,2.209823006690985,0.027117448363522204,1.0450723947911287,2.087014300800717
KI,clinical_center_community,681043,128426,0.7397766756147923,functional_status2100,1.4899828786950087,0.1863113372414403,0.17651694877931642,2.2590727510317956,0.02387885982421386,1.0542164260138085,2.10587591316395
KI,clinical_center_community,681043,128426,0.7397766756147923,functional_status3,NA,0,0,NA,NA,NA,NA
KI,clinical_center_community,681043,128426,0.7397766756147923,functional_status4010,6.934096121926695,0.4153185494182706,0.5675466831416164,3.4119672743996325,6.449585570621981e-4,2.2797816049379125,21.09048030038311
KI,clinical_center_community,681043,128426,0.7397766756147923,functional_status4020,10.132737738865542,0.46480484247853404,0.4816265147534914,4.808231007448013,1.5227174599002331e-6,3.9424443302248355,26.042821530158328
KI,clinical_center_community,681043,128426,0.7397766756147923,functional_status4030,5.622672638486584,0.29699565913086573,0.40031156518639077,4.31365780928428,1.6057542443544054e-5,2.5656474372436646,12.322210425587482
KI,clinical_center_community,681043,128426,0.7397766756147923,functional_status4040,3.1410895054417547,0.33604774190920045,0.39071320847371194,2.9294369659636605,0.0033957667894613324,1.460510305696691,6.755476659570605
KI,clinical_center_community,681043,128426,0.7397766756147923,functional_status4050,3.817527029289159,0.35242210068266083,0.3566781538685081,3.7557748460908855,1.728059994630862e-4,1.8974796446918163,7.680457948585954
KI,clinical_center_community,681043,128426,0.7397766756147923,functional_status4060,2.0730755927277293,0.2922600938951145,0.2793434272032432,2.609810101728127,0.00905924962588924,1.1990507972921252,3.5842037909227877
KI,clinical_center_community,681043,128426,0.7397766756147923,functional_status4070,1.825828596538342,0.2497896764035462,0.2447130889008005,2.460162274934842,0.013887420753909625,1.1302118225096696,2.949579890727652
KI,clinical_center_community,681043,128426,0.7397766756147923,functional_status4080,0.9568040038104006,0.242471388797671,0.2427959664093665,-0.18186756503040827,0.8556866593130028,0.5945038653845478,1.5398956255994227
KI,clinical_center_community,681043,128426,0.7397766756147923,functional_status4090,0.841843941804041,0.2355241101460778,0.23053671189544553,-0.7467818152597648,0.4551952741583297,0.5357946662709465,1.322710484008032
KI,clinical_center_community,681043,128426,0.7397766756147923,functional_status4100,0.5058019095909028,0.2473437123571958,0.2451786307212788,-2.780055371713641,0.005434963028676553,0.31281245436502614,0.8178560929267379
KI,clinical_center_community,681043,128426,0.7397766756147923,functional_status996,2.929838749575195,0.3615426586950691,0.3920197595572703,2.742074502708371,0.006105249216557992,1.3588011141828455,6.317300603388563
KI,clinical_center_community,681043,128426,0.7397766756147923,functional_status998,1.9828070281883932,0.18685498182131133,0.17712516704389983,3.8645752219158624,1.1128269223389908e-4,1.4012358308693549,2.805754480738685
KI,clinical_center_community,681043,128426,0.7397766756147923,functional_statusMissing,0.4789407926153635,1.0185902988314672,1.089693602416497,-0.6755828370557849,0.499305541381728,0.05658912158659516,4.0535049210830865
KI,clinical_center_community,681043,128426,0.7397766756147923,on_dialysisN,1.5501672178604533,0.008584601869519974,0.009777009468129339,44.83608295888722,0,1.520744809613305,1.5801588722438298
KI,clinical_center_community,681043,128426,0.7397766756147923,on_dialysisY,NA,0,0,NA,NA,NA,NA
KI,clinical_center_community,681043,128426,0.7397766756147923,log1p_dialysis_years,3.2637301218386967,0.006996732795416429,0.00829793115608267,142.55008003484375,0,3.211079277690677,3.3172442618289453
KI,clinical_center_community,681043,128426,0.7397766756147923,diabetes2,2.06985799791108,0.3895885412493738,0.39929737638939705,1.8219002875986539,0.06847011667962917,0.9463635589588271,4.527131344987532
KI,clinical_center_community,681043,128426,0.7397766756147923,diabetes3,1.3010420319140812,0.452087102556968,0.44666754977273254,0.5891753420013581,0.5557436564580367,0.5421097516518213,3.122449584515667
KI,clinical_center_community,681043,128426,0.7397766756147923,diabetes4,2.2648516408057292e-4,136.4616916124661,0.8815200832722644,-9.520862059976782,1.717483393136176e-21,4.024282902680838e-5,0.001274650187103713
KI,clinical_center_community,681043,128426,0.7397766756147923,diabetes998,2.584169467947685,1.033730829997246,0.43314179038037004,2.1919015630128853,0.028386615203194167,1.105681467993045,6.039652497020081
KI,clinical_center_community,681043,128426,0.7397766756147923,diabetesMissing,2.264536478916655,0.34333557749896837,0.33839996228095204,2.4153965249080542,0.015718087825831024,1.1666289543734578,4.395678201813805
LI,clinical_center_community,218528,42768,0.7931432361997054,"ns(age, df = 4)1",3.8273816070276356,0.02135758997305186,0.02267429084419922,59.193953411809005,0,3.66101386902779,4.001309607085307
LI,clinical_center_community,218528,42768,0.7931432361997054,"ns(age, df = 4)2",4.557471950692929,0.02094966912788006,0.022050303643205385,68.78672047135693,0,4.364703551197929,4.758754022515955
LI,clinical_center_community,218528,42768,0.7931432361997054,"ns(age, df = 4)3",17.844957622723005,0.05162228111731701,0.055945025390144676,51.509869950020864,0,15.991714547266794,19.912968782400267
LI,clinical_center_community,218528,42768,0.7931432361997054,"ns(age, df = 4)4",15.41876809221811,0.06780276374972154,0.07376944593130333,37.0829066173688,5.29868160916805e-301,13.34310827542107,17.81731846690729
LI,clinical_center_community,218528,42768,0.7931432361997054,sexM,1.022119925067046,0.010495147484480584,0.011126084011729574,1.966444652410119,0.04924726977672049,1.0000721070547631,1.0446538143092667
LI,clinical_center_community,218528,42768,0.7931432361997054,race_srtrBLACK,1.098507021947798,0.018850335991517888,0.019216375066277713,4.889163788890577,1.0126521515183097e-6,1.0579029526811732,1.1406695427121052
LI,clinical_center_community,218528,42768,0.7931432361997054,race_srtrMissing,2.220282068160589,0.2792935276464549,0.25649956266886254,3.109690469814829,0.0018728349118007253,1.3429978822527533,3.670633086871612
LI,clinical_center_community,218528,42768,0.7931432361997054,race_srtrMULTI,0.9114608857383559,0.08430963897263336,0.09227130801092721,-1.0047174983611449,0.315032899858082,0.7606704692223337,1.0921430236147738
LI,clinical_center_community,218528,42768,0.7931432361997054,race_srtrNATIVE,1.2181730928847205,0.0531860859837727,0.05425529832588153,3.637474636857383,2.7532429423586464e-4,1.0952841648571687,1.3548499392592246
LI,clinical_center_community,218528,42768,0.7931432361997054,race_srtrPACIFIC,1.1247898645235548,0.11751707596933314,0.1264314140829518,0.9301187681265176,0.3523095943715945,0.8779156268049463,1.4410863649155727
LI,clinical_center_community,218528,42768,0.7931432361997054,race_srtrWHITE,1.0756471070562519,0.0149569732377639,0.01586097112061484,4.5976025031593055,4.273803799859507e-6,1.0427229454467788,1.1096108548975423
LI,clinical_center_community,218528,42768,0.7931432361997054,ethnicity_srtrNLATIN,1.08740155673479,0.01447321980350143,0.015113351846238961,5.544167712962999,2.9535564149705917e-8,1.0556633446449892,1.1200939689602376
LI,clinical_center_community,218528,42768,0.7931432361997054,"ns(bmi, df = 3)1",2.1365578343876948,0.30453857205575063,0.3526905838619035,2.152583823220225,0.031351401016932096,1.0702959546582063,4.26506272383437
LI,clinical_center_community,218528,42768,0.7931432361997054,"ns(bmi, df = 3)2",0.004036638769235235,0.15299071027352074,0.17762696720055515,-31.033254735989544,1.9196031648740612e-211,0.0028498600832241967,0.005717632472278493
LI,clinical_center_community,218528,42768,0.7931432361997054,"ns(bmi, df = 3)3",0.001375893490247993,0.3058493114005991,0.354976988096577,-18.560786103738693,6.672118110196124e-77,6.861638846800039e-4,0.0027589369519056706
LI,clinical_center_community,218528,42768,0.7931432361997054,aboA1,0.8384581046460338,0.2245140246072032,0.2075900758943885,-0.8487431918506152,0.3960242067661411,0.5581878436348322,1.2594541448067282
LI,clinical_center_community,218528,42768,0.7931432361997054,aboA1B,1.9376411391819954,0.8124300326049786,0.5359148267551844,1.2342844284168517,0.21709693628580937,0.6778003973330113,5.539172297660802
LI,clinical_center_community,218528,42768,0.7931432361997054,aboA2,0.7700707110052669,1.034601284676839,0.820716769402637,-0.31834726134150676,0.7502215381562795,0.15414705256246458,3.847033660976773
LI,clinical_center_community,218528,42768,0.7931432361997054,aboA2B,8.536587001986861e-4,100.6686542334879,1.1713270711766886,-6.032456063221871,1.614862580369309e-9,8.595058961701032e-5,0.008478512825474419
LI,clinical_center_community,218528,42768,0.7931432361997054,aboAB,1.0673328197839098,0.03380933514302182,0.03557005636046389,1.8319578719268297,0.06695769734316327,0.9954571653905552,1.144398159754992
LI,clinical_center_community,218528,42768,0.7931432361997054,aboB,0.970307213185675,0.016878293660560185,0.017593980683670473,-1.7132304249809147,0.08667015638935265,0.9374178876422022,1.0043504613808965
LI,clinical_center_community,218528,42768,0.7931432361997054,aboO,0.9910659805112719,0.010212043797846189,0.010675489616678968,-0.8406328385752428,0.4005536560818578,0.9705447741452111,1.0120210874267324
LI,clinical_center_community,218528,42768,0.7931432361997054,primary_pay10,1.379328401986569,0.16504628844070787,0.172797707191596,1.8611167978371965,0.0627276845518185,0.9830644786676075,1.9353225366309965
LI,clinical_center_community,218528,42768,0.7931432361997054,primary_pay11,1.6896205634958636,0.09993766291138939,0.12244192373642891,4.283696050173601,1.8381398242190837e-5,1.329126851970949,2.1478895293964597
LI,clinical_center_community,218528,42768,0.7931432361997054,primary_pay12,0.9779770481178466,0.15310595035618754,0.16301808883143318,-0.1366049471227075,0.8913430659255587,0.7105054503388467,1.3461390144004695
LI,clinical_center_community,218528,42768,0.7931432361997054,primary_pay13,0.4746257453450113,43.07902591579924,1.0198533409763877,-0.7307214283680875,0.464949324170875,0.06430586056055856,3.503095925948539
LI,clinical_center_community,218528,42768,0.7931432361997054,primary_pay14,20939.32495097181,363.2702244179803,0.9842934219490597,10.108148672684539,5.083579694588854e-24,3041.799589139231,144143.39819358868
LI,clinical_center_community,218528,42768,0.7931432361997054,primary_pay2,1.1283745819024482,0.01385584902109908,0.01439248293194732,8.391753853488547,4.789428520423863e-17,1.096989298397728,1.160657810375374
LI,clinical_center_community,218528,42768,0.7931432361997054,primary_pay3,1.1639824295475856,0.01425754021720197,0.014622042162347148,10.384818523909384,2.907216838872464e-25,1.131097701302985,1.197823224938707
LI,clinical_center_community,218528,42768,0.7931432361997054,primary_pay4,1.1168016706444102,0.016740791718565382,0.01676770605254336,6.588196894646205,4.452000065532679e-11,1.0806955363425501,1.1541141141151192
LI,clinical_center_community,218528,42768,0.7931432361997054,primary_pay5,1.5275406677255812,0.13203648877730143,0.1426957095050217,2.968968281487824,0.00298801437490659,1.1548616855665366,2.020484808456379
LI,clinical_center_community,218528,42768,0.7931432361997054,primary_pay6,0.8197239035884797,0.062309011108703925,0.06288356328574939,-3.1612028322658383,0.0015711904745730385,0.7246712192888606,0.9272443285021517
LI,clinical_center_community,218528,42768,0.7931432361997054,primary_pay7,1.0441147933566486,0.049729537395510885,0.047966462105959104,0.8999921370665535,0.368124435129547,0.950427781471013,1.1470368637782145
LI,clinical_center_community,218528,42768,0.7931432361997054,primary_pay8,1.114525251628208,0.0975545272006308,0.12102508775473106,0.8959178048049924,0.37029666410838313,0.8791706295970689,1.4128844785069938
LI,clinical_center_community,218528,42768,0.7931432361997054,primary_pay9,0.9336204894812763,0.6039560836945498,0.5504279025114263,-0.12478519201529163,0.9006936108132113,0.3174280449178845,2.745967888895086
LI,clinical_center_community,218528,42768,0.7931432361997054,primary_payMissing,35.77454010024822,12.065767988156683,0.5123254892806484,6.982351151498778,2.9028045804974762e-12,13.106351534523641,97.64866416203472
LI,clinical_center_community,218528,42768,0.7931432361997054,education2,1.0018161789101732,0.02098889410097897,0.021542940287456843,0.08422859773180001,0.9328746812699551,0.9603966954632465,1.045021980049689
LI,clinical_center_community,218528,42768,0.7931432361997054,education3,1.005580998168213,0.010720252469340675,0.011098926208816544,0.501443292490734,0.6160591779241339,0.9839423081917776,1.0276955624921562
LI,clinical_center_community,218528,42768,0.7931432361997054,education4,0.9387445972194771,0.012532138639028903,0.013004210854334688,-4.860874059993585,1.16868589023572e-6,0.9151204197018891,0.9629786417571501
LI,clinical_center_community,218528,42768,0.7931432361997054,education5,0.9194552601666732,0.01456317039889399,0.01502469413701083,-5.589058389691575,2.283041831200524e-8,0.8927740512779564,0.946933856599018
LI,clinical_center_community,218528,42768,0.7931432361997054,education6,0.865260781590546,0.02193627730951453,0.022295917695694493,-6.491068807052755,8.52295394780475e-11,0.8282638370565127,0.9039103081203339
LI,clinical_center_community,218528,42768,0.7931432361997054,education996,1.325337657574892,0.05545111610461049,0.061769232302987684,4.559992934621379,5.115534190299374e-6,1.1742172932331307,1.4959070324621424
LI,clinical_center_community,218528,42768,0.7931432361997054,education998,1.2397504264758608,0.02104574535088331,0.024096834993450316,8.918602399317669,4.722093966441269e-19,1.1825595052235525,1.2997072140200894
LI,clinical_center_community,218528,42768,0.7931432361997054,educationMissing,0.002283857894427681,12.00293253062271,0.5071217144799771,-11.992957574715321,3.868418263308225e-33,8.452910913416328e-4,0.006170663497305852
LI,clinical_center_community,218528,42768,0.7931432361997054,"ns(median_household_income, df = 3)1",4.348318874160213e-46,0.0885596332500665,0.08798749885137334,-1187.0905109993662,0,3.6595382412267594e-46,5.1667384749174265e-46
LI,clinical_center_community,218528,42768,0.7931432361997054,"ns(median_household_income, df = 3)2",43883063612797475e79,0.46154165527249297,0.4108633153516609,536.0043570789343,0,19614148151338568e79,9818031643211632e80
LI,clinical_center_community,218528,42768,0.7931432361997054,"ns(median_household_income, df = 3)3",2.8381698131510267e-51,0.10498208223616773,0.10745222386697428,-1083.1667893103531,0,2.2991900841876532e-51,3.503498011617334e-51
LI,clinical_center_community,218528,42768,0.7931432361997054,"ns(pct_poverty, df = 3)1",1.1981914105035554,0.030037053337080764,0.031309480567647104,5.775032312804565,7.693831857941966e-9,1.1268744283506549,1.2740218608969602
LI,clinical_center_community,218528,42768,0.7931432361997054,"ns(pct_poverty, df = 3)2",1.06777165693663,0.04364818444863477,0.04544205673648949,1.4430225659105071,0.14901411453749702,0.9767828816429063,1.1672361717063844
LI,clinical_center_community,218528,42768,0.7931432361997054,"ns(pct_poverty, df = 3)3",0.8678119540392993,0.06692158040223974,0.06965670336250078,-2.0354140199006934,0.04180923182776355,0.7570659868325338,0.9947581857750205
LI,clinical_center_community,218528,42768,0.7931432361997054,"ns(pct_bachelor_plus, df = 3)1",0.9476703174298594,0.022526016887773295,0.023937866473499176,-2.2453381004353035,0.024746435875919022,0.9042350333025438,0.9931920324492961
LI,clinical_center_community,218528,42768,0.7931432361997054,"ns(pct_bachelor_plus, df = 3)2",0.9720271580173854,0.04764370088327907,0.050225533564667586,-0.5648826911592357,0.5721535574692342,0.8808994674171938,1.0725818675922532
LI,clinical_center_community,218528,42768,0.7931432361997054,"ns(pct_bachelor_plus, df = 3)3",0.9859004269021744,0.036864163618203084,0.03965661239738214,-0.35807184565747807,0.7202895479429828,0.912173150940381,1.0655867811542492
LI,clinical_center_community,218528,42768,0.7931432361997054,"ns(pct_unemployed, df = 3)1",1.0830894454413509,0.05425916424599103,0.056719713040003145,1.4072277655457262,0.159359860885024,0.9691353083610922,1.2104426871106957
LI,clinical_center_community,218528,42768,0.7931432361997054,"ns(pct_unemployed, df = 3)2",1.628067444819853,0.05518752060230447,0.058135574741933774,8.383742603523151,5.1270844149143873e-17,1.452738014943946,1.8245572000017631
LI,clinical_center_community,218528,42768,0.7931432361997054,"ns(pct_unemployed, df = 3)3",2.1773314953062126,0.10002549488573131,0.10462322733612639,7.4371634491411935,1.0287023891192537e-13,1.7736548147182298,2.672883359891832
LI,clinical_center_community,218528,42768,0.7931432361997054,"ns(pct_no_vehicle, df = 3)1",0.7386334700714596,0.03425770241958264,0.0363514944799222,-8.334002944481066,7.81539805108192e-17,0.6878385859656742,0.7931794090089508
LI,clinical_center_community,218528,42768,0.7931432361997054,"ns(pct_no_vehicle, df = 3)2",0.7715990977613042,0.03299802874838041,0.034631476753121185,-7.487124187873719,7.03990842235909e-14,0.7209636100797057,0.8257908711928449
LI,clinical_center_community,218528,42768,0.7931432361997054,"ns(pct_no_vehicle, df = 3)3",0.8033252726711678,0.043329759906123436,0.045499620989552694,-4.813129658496817,1.4858481836271125e-6,0.7347880463386769,0.878255296786308
LI,clinical_center_community,218528,42768,0.7931432361997054,"ns(pct_black, df = 3)1",1.0213288769964246,0.02946366008848253,0.03040216406951308,0.6941808450973409,0.48756880355117926,0.9622484990225378,1.0840366870370621
LI,clinical_center_community,218528,42768,0.7931432361997054,"ns(pct_black, df = 3)2",1.0417665326325627,0.02338679209134355,0.02427558895996484,1.685555861060046,0.09188137686708667,0.9933607192531719,1.092531129406048
LI,clinical_center_community,218528,42768,0.7931432361997054,"ns(pct_black, df = 3)3",0.9999845381308115,0.028400304042675933,0.028744406110076174,-5.379129652301323e-4,0.9995708075706851,0.9452049821131018,1.057938854982715
LI,clinical_center_community,218528,42768,0.7931432361997054,"ns(pct_hispanic, df = 3)1",0.9892428870594218,0.02842085858048032,0.03051119355112057,-0.354472825192612,0.7229845659958883,0.9318194283591257,1.0502050717282365
LI,clinical_center_community,218528,42768,0.7931432361997054,"ns(pct_hispanic, df = 3)2",0.9875668420378281,0.031063477547752023,0.032182277993267255,-0.38875732664554036,0.6974556708797335,0.9271988732591865,1.0518652423124106
LI,clinical_center_community,218528,42768,0.7931432361997054,"ns(pct_hispanic, df = 3)3",0.9984160649689221,0.02466194636182724,0.026291628077278483,-0.06029260636519137,0.9519225905006392,0.9482701633323968,1.0512137546171079
LI,clinical_center_community,218528,42768,0.7931432361997054,init_status6011,1.880088474078387,0.03530824414465686,0.05568297707115091,11.337734970740549,8.532429455646222e-30,1.685702189724005,2.096890359347002
LI,clinical_center_community,218528,42768,0.7931432361997054,init_status6012,3.0977133885542503,0.1479370143045986,0.14561647733810898,7.764672263684991,8.185660972049703e-15,2.328585895627903,4.120882229702222
LI,clinical_center_community,218528,42768,0.7931432361997054,init_status6030,0.0010842773187074847,869.7827504111565,1.2047947088917628,-5.66639405803593,1.4583392811814235e-8,1.0223915647495298e-4,0.011499090411133343
LI,clinical_center_community,218528,42768,0.7931432361997054,init_status6040,258.8546386285469,1.0035341909170006,0.7607315486292094,7.3038467687327815,2.7965484723715284e-13,58.28007254610915,1149.7192953303725
LI,clinical_center_community,218528,42768,0.7931432361997054,init_status6188,0.3463866490602864,102.07182435552438,1.0507820180788172,-1.0089624934282644,0.31299262215671503,0.044170658019813645,2.7163668377634957
LI,clinical_center_community,218528,42768,0.7931432361997054,init_status6189,0.1280980678711448,15.595948117133624,0.4017139112365535,-5.115479189756567,3.129454503920676e-7,0.05829121102498567,0.2815023861022016
LI,clinical_center_community,218528,42768,0.7931432361997054,init_status6190,4.208992918680639,0.736509074913187,0.7468306961272446,1.9244300144820485,0.05430070527262499,0.9738111750413315,18.192049797284223
LI,clinical_center_community,218528,42768,0.7931432361997054,init_status6191,2.9457680335673455,0.54044206196115685,0.4745056758976569,2.276831722701976,0.022796276386635565,1.1622473950265733,7.466180904960277
LI,clinical_center_community,218528,42768,0.7931432361997054,init_status6192,0.6763661315857873,1.013974192727004,1.0402680679033007,-0.37588458864815194,0.7070026982544967,0.08804487228414805,5.195886280349431
LI,clinical_center_community,218528,42768,0.7931432361997054,init_status6193,3.3206017714593834,0.49085970257431255,0.4294328938483065,2.7947230874937126,0.005194418764509466,1.4311424154457193,7.704611368942693
LI,clinical_center_community,218528,42768,0.7931432361997054,init_status6194,1.8638255829764412,0.6156383784323012,0.5276807511763834,1.1799390808413899,0.2380244449290821,0.6625865241758141,5.2428561055909775
LI,clinical_center_community,218528,42768,0.7931432361997054,init_status6195,1.2164080346011141,0.5415583751336419,0.5087946560139947,0.3850321140623945,0.7002136227075588,0.44873762359832475,3.297357807391279
LI,clinical_center_community,218528,42768,0.7931432361997054,init_status6196,1.244311147307411,0.7149915801453957,0.7367643649074922,0.29667841153576224,0.7667120404653983,0.2936256745010791,5.273075094486655
LI,clinical_center_community,218528,42768,0.7931432361997054,init_status6197,0.30336199945127823,1.0184297295158766,1.014689366346946,-1.1755602339791884,0.23977065409091408,0.04151987368263854,2.2164928394172567
LI,clinical_center_community,218528,42768,0.7931432361997054,init_status6198,1.3537945100462985,0.426352272357525,0.4280939745043806,0.7075815496285699,0.4792051538691819,0.5850035437006198,3.1329033732647384
LI,clinical_center_community,218528,42768,0.7931432361997054,init_status6199,1.0985018669983277,0.5150348328429911,0.49908846206904,0.18823779664318482,0.8506902446093991,0.41302461045176875,2.9216330486430566
LI,clinical_center_community,218528,42768,0.7931432361997054,init_status6200,0.4606298863546838,0.7160103515416009,0.6063960773389617,-1.2783070949261721,0.20114116718065161,0.1403417330987582,1.5118802334713821
LI,clinical_center_community,218528,42768,0.7931432361997054,init_status6201,0.7101230060167337,0.4698464377101602,0.39414766473321655,-0.8684995667125692,0.38512090939676974,0.327970273752219,1.5375621635002834
LI,clinical_center_community,218528,42768,0.7931432361997054,init_status6202,0.4809563114453076,0.6033702418335012,0.5758589380115924,-1.2711078934105935,0.2036902675948965,0.15557277968850478,1.4868859062763649
LI,clinical_center_community,218528,42768,0.7931432361997054,init_status6203,0.29190466676514865,0.6364945111387629,0.5117285273748517,-2.406213349134393,0.01611884820956617,0.10706731852895027,0.7958388764189769
LI,clinical_center_community,218528,42768,0.7931432361997054,init_status6204,0.6496842729749643,0.5180700399941205,0.5094571376947189,-0.8465261080363371,0.39725931558050154,0.23936004180745185,1.7634090108095368
LI,clinical_center_community,218528,42768,0.7931432361997054,init_status6205,0.7014850124682477,0.527247524555331,0.5049159506368531,-0.7022074549203768,0.4825497971510053,0.2607553094423773,1.8871378832894663
LI,clinical_center_community,218528,42768,0.7931432361997054,init_status6206,0.9818937298379975,0.03920501339451425,0.04038555059749447,-0.4524438642266139,0.6509492530375768,0.9071690892928057,1.0627735314998021
LI,clinical_center_community,218528,42768,0.7931432361997054,init_status6207,0.7911579747989304,0.030954753072721067,0.03193278355722057,-7.335959780625456,2.2013812716143482e-13,0.7431594000373006,0.8422566424599194
LI,clinical_center_community,218528,42768,0.7931432361997054,init_status6208,0.7224697125218207,0.028849619939694253,0.02868336634605332,-11.333390102727124,8.966569901341817e-30,0.6829742337362563,0.7642491615766109
LI,clinical_center_community,218528,42768,0.7931432361997054,init_status6209,0.6269078871568573,0.028657649865989936,0.027998891972093848,-16.67764781701557,1.9057643944097104e-62,0.5934320988685755,0.662272060659991
LI,clinical_center_community,218528,42768,0.7931432361997054,init_status6210,0.6294534324697629,0.02486734961386192,0.024313396112912278,-19.039026942580502,8.10188565871006e-81,0.6001613253144019,0.6601752011268072
LI,clinical_center_community,218528,42768,0.7931432361997054,init_status6211,0.6216063490345639,0.024589497563873162,0.02381556847849093,-19.963758849203845,1.1382033681737811e-88,0.5932579859200121,0.6513093162342646
LI,clinical_center_community,218528,42768,0.7931432361997054,init_status6212,0.6105870187743099,0.02499390947730174,0.02409679686865213,-20.473030560162336,3.7458627181295374e-93,0.582420075324775,0.6401161692234008
LI,clinical_center_community,218528,42768,0.7931432361997054,init_status6213,0.6024223139785058,0.023721258722885243,0.02238654569858881,-22.63844401047735,1.813319655872293e-113,0.5765614319882613,0.6294431507978603
LI,clinical_center_community,218528,42768,0.7931432361997054,init_status6214,0.6133605076967139,0.022898047973853537,0.022432734630028792,-21.789693502063244,2.9058898424207962e-105,0.586976928537569,0.6409299822725343
LI,clinical_center_community,218528,42768,0.7931432361997054,init_status6215,0.6351010561686625,0.023667859324224983,0.023525808629311314,-19.296728810976177,5.721875428013171e-83,0.606481601372959,0.665071043595445
LI,clinical_center_community,218528,42768,0.7931432361997054,init_status6216,0.6683682016550477,0.024301819244102837,0.02363235146519741,-17.049342627262973,3.5348643418782144e-65,0.638116369483706,0.7000542132229525
LI,clinical_center_community,218528,42768,0.7931432361997054,init_status6217,0.6975131666646109,0.024310912430248747,0.023980770023156173,-15.021781543229272,5.286747748291304e-51,0.6654875599605573,0.7310799584282675
LI,clinical_center_community,218528,42768,0.7931432361997054,init_status6218,0.7154758541431235,0.026150465604191573,0.025976242674686352,-12.888985969912875,5.1922018027120355e-38,0.6799609373869921,0.7528457440938064
LI,clinical_center_community,218528,42768,0.7931432361997054,init_status6219,0.7257025233334936,0.029262245322243113,0.028955838152573413,-11.072554484934091,1.7047080183167966e-28,0.6856640491218653,0.7680789929807121
LI,clinical_center_community,218528,42768,0.7931432361997054,init_status6220,0.7548194297136755,0.0284852036567851,0.029645223288164775,-9.488095992594282,2.352925620988837e-21,0.7122115476332028,0.7999763179446613
LI,clinical_center_community,218528,42768,0.7931432361997054,init_status6221,0.745318482967516,0.028857579575332883,0.02939555424982138,-9.99959570545351,1.5302049672886284e-23,0.7035911209389221,0.7895205390194538
LI,clinical_center_community,218528,42768,0.7931432361997054,init_status6222,0.8694308356587238,0.022472849168185285,0.022488361883877622,-6.221729000648815,4.917058102985561e-10,0.8319417333257284,0.9086092784075623
LI,clinical_center_community,218528,42768,0.7931432361997054,init_status6223,0.7810598939938059,0.03243417794799581,0.033918874691455235,-7.28513093309184,3.2135804584087473e-13,0.7308235602437954,0.8347494404834284
LI,clinical_center_community,218528,42768,0.7931432361997054,init_status6224,0.8778017404092103,0.03420469555956671,0.03612534693062477,-3.6078413111378183,3.087552288234743e-4,0.8177988330845168,0.9422071349248383
LI,clinical_center_community,218528,42768,0.7931432361997054,init_status6225,0.8487097892676712,0.03959330237171767,0.04222030241179619,-3.8852866577481557,1.0220921547466443e-4,0.7813061177508394,0.9219284094080049
LI,clinical_center_community,218528,42768,0.7931432361997054,init_status6226,0.9037697885727157,0.039559205119556,0.04108573720178783,-2.4626699329391664,0.013790680471664379,0.8338454755765996,0.9795577893757338
LI,clinical_center_community,218528,42768,0.7931432361997054,init_status6227,0.8544578248425374,0.04305268716705477,0.049466100507800086,-3.1797156550227688,0.0014741963031334549,0.7755057284357281,0.9414478161332487
LI,clinical_center_community,218528,42768,0.7931432361997054,init_status6228,0.8501565183909099,0.0456783657981646,0.048906919133303584,-3.319260547233389,9.025617422398194e-4,0.7724479838788414,0.9356825583687711
LI,clinical_center_community,218528,42768,0.7931432361997054,init_status6229,0.9193554041309734,0.045051447593776876,0.05392023805448688,-1.5593867020043406,0.11890488179819735,0.8271541317183816,1.0218341741809647
LI,clinical_center_community,218528,42768,0.7931432361997054,init_status6230,1.0543755951755458,0.045418504268871555,0.04996519617163284,1.0597124169772174,0.28927545207843475,0.9560154106086859,1.1628556227916584
LI,clinical_center_community,218528,42768,0.7931432361997054,init_status6231,1.0157799662405576,0.051628734689190645,0.05592016041757617,0.27998412243684795,0.7794896863817412,0.9103330627726873,1.1334411349105462
LI,clinical_center_community,218528,42768,0.7931432361997054,init_status6232,0.9391765811885778,0.05191151576064529,0.06256643152686002,-1.0029621881594077,0.3158791054159471,0.8307887589174057,1.0617050859022952
LI,clinical_center_community,218528,42768,0.7931432361997054,init_status6233,1.0792653057815378,0.05305422205987304,0.0650089657600489,1.1733848759093506,0.2406414994271827,0.9501506819934268,1.225925132022138
LI,clinical_center_community,218528,42768,0.7931432361997054,init_status6234,1.1826360387086718,0.057920240888577355,0.06846675552832501,2.4500339877067914,0.014284273074315106,1.0341227710187388,1.3524777127523435
LI,clinical_center_community,218528,42768,0.7931432361997054,init_status6235,1.2280653760935045,0.05714979366276212,0.06626692769082683,3.1001899941328466,0.0019339654390320607,1.0784871526413549,1.3983889972783072
LI,clinical_center_community,218528,42768,0.7931432361997054,init_status6236,1.0838262765838622,0.05947826357272008,0.07831919471429903,1.0278148162000567,0.3040369454422919,0.9295960219400884,1.2636450351433899
LI,clinical_center_community,218528,42768,0.7931432361997054,init_status6237,1.3398351709896898,0.06369231422306552,0.0663977250817004,4.405973236474452,1.0530996633320169e-5,1.1763417957083977,1.5260516050438555
LI,clinical_center_community,218528,42768,0.7931432361997054,init_status6238,1.4302956463799366,0.06143382587830552,0.06942893786553216,5.154639832114866,2.5411887554192125e-7,1.2483253722635779,1.6387920020754427
LI,clinical_center_community,218528,42768,0.7931432361997054,init_status6239,1.3765372998122796,0.06488129790001004,0.06825615565867776,4.681938789618542,2.841743437554572e-6,1.2041712078574576,1.5735760209264058
LI,clinical_center_community,218528,42768,0.7931432361997054,init_status6240,1.8816500230745952,0.0295911396547607,0.030325038570731693,20.845779380852687,1.6647565875986385e-96,1.7730710158181857,1.9968781722500877
LI,clinical_center_community,218528,42768,0.7931432361997054,init_status6241,1.2358773532615297,0.42711109875659387,0.2966143387677374,0.7139949007152591,0.47523033263865555,0.6910298237134764,2.210313911050575
LI,clinical_center_community,218528,42768,0.7931432361997054,init_status6242,2.311091457276613,0.4571491124716115,0.41637728076616026,2.0119251072739415,0.04422783229850862,1.021871173990681,5.226826883704273
LI,clinical_center_community,218528,42768,0.7931432361997054,init_status6243,1.5349602279094092,0.38016116597897354,0.43169432517274914,0.9926108488344786,0.3208996357585878,0.6586250601525706,3.5773052739868634
LI,clinical_center_community,218528,42768,0.7931432361997054,init_status6244,0.5066463226758372,0.6111882648841872,0.6822198979946444,-0.996661207373461,0.31892898537703657,0.13304491023272505,1.929352245282739
LI,clinical_center_community,218528,42768,0.7931432361997054,init_status6245,3.391006388505625,0.44594957250750433,0.36435675481780805,3.351459060259578,8.038692391981017e-4,1.6603038538970207,6.9257951187043245
LI,clinical_center_community,218528,42768,0.7931432361997054,init_status6246,0.6819103258847079,0.7652722382212354,0.8777587508223134,-0.4361757902131317,0.662709191663249,0.12206120795845847,3.80957800046059
LI,clinical_center_community,218528,42768,0.7931432361997054,init_status6247,1.3767353798673299,0.4707612804224829,0.5994654501836986,0.5333335385681011,0.5938027151631293,0.4251914833182385,4.457756988419758
LI,clinical_center_community,218528,42768,0.7931432361997054,init_status6248,1.2917156737302926,0.6852131911098711,0.5354757331386063,0.4780259842394915,0.6326317109598123,0.4522401942091724,3.6894760862161835
LI,clinical_center_community,218528,42768,0.7931432361997054,init_status6249,0.39387573148958677,1.054490345626511,2.014813598075985,-0.4624347496137598,0.6437695845173771,0.007591835317180125,20.434860000899075
LI,clinical_center_community,218528,42768,0.7931432361997054,init_status6250,1.0573905334855562,1.0200830637381066,1.1523531936395832,0.048426222493117406,0.9613765612891438,0.11049702904488029,10.118595495004154
LI,clinical_center_community,218528,42768,0.7931432361997054,init_status6251,0.12245848786644095,1.1313501494489555,1.546208435771674,-1.3581501254324293,0.1744160525821617,0.005913626423587925,2.5358519758231233
LI,clinical_center_community,218528,42768,0.7931432361997054,init_status6252,1.6758917430404656,1.259266677779331,1.5036165967112607,0.34340230657543497,0.7312958245227058,0.08797619885928355,31.924692937501646
LI,clinical_center_community,218528,42768,0.7931432361997054,init_status6253,3.4746099775336843e-4,66.9636983676226,0.7773739683192882,-10.245851366954971,1.2353247518885593e-24,7.571887293579787e-5,0.0015944392762176054
LI,clinical_center_community,218528,42768,0.7931432361997054,init_status6254,1.4981294568477894,0.8098206264394903,0.5812120863944007,0.6954729789950365,0.48675893924736086,0.4795354503132974,4.680346089134208
LI,clinical_center_community,218528,42768,0.7931432361997054,init_status6255,0.8134790653409082,0.7778112077766011,0.2687442832263087,-0.7681468950240274,0.44239991911076626,0.48038654220812255,1.3775327400017423
LI,clinical_center_community,218528,42768,0.7931432361997054,init_status6256,7.161469372260068e-60,10339782330951509e14,15119512568109844e44,-9.0073267763526e-59,1,0,Inf
LI,clinical_center_community,218528,42768,0.7931432361997054,init_status6257,23563360327677020,31983072.74257596,1022916942056904.6,3.685389088993664e-14,0.9999999999999706,0,Inf
LI,clinical_center_community,218528,42768,0.7931432361997054,init_status6258,1.649669376287073,1.1810806337958597,1.2257826149811553,0.4083716669729364,0.6830008312237099,0.1492824860508532,18.22992852713031
LI,clinical_center_community,218528,42768,0.7931432361997054,init_status6259,2.165805166753592e-4,224.37453437001835,1.1176072775824577,-7.549653932469683,4.3641630655747204e-14,2.422759727988497e-5,0.0019361028525230733
LI,clinical_center_community,218528,42768,0.7931432361997054,init_status6260,1.9999199299572725e-16,50688824.473047286,3633619411976130,-9.948277528468091e-15,0.9999999999999921,0,Inf
LI,clinical_center_community,218528,42768,0.7931432361997054,init_status6261,0.5441740664561797,1.0400132732863647,0.9008830362372587,-0.6754329737914906,0.4994007220149625,0.09309038151539953,3.1810527552136847
LI,clinical_center_community,218528,42768,0.7931432361997054,init_status6262,0.516242245704076,1.0782003940272002,0.41379898155908773,-1.5978269273561039,0.11008150012633804,0.2294178522227333,1.1616622406125863
LI,clinical_center_community,218528,42768,0.7931432361997054,init_status6263,1,0,0,NA,NA,1,1
LI,clinical_center_community,218528,42768,0.7931432361997054,init_status6264,1.1312161776883613e-4,213.75455535271416,0.928375604569902,-9.788114864109367,1.266348014497168e-22,1.8336264293014437e-5,6.978793609292457e-4
LI,clinical_center_community,218528,42768,0.7931432361997054,init_status6266,1.1984485616082312e-5,305.8615194876685,1.071613013913234,-10.574617387850873,3.9076921766676396e-26,1.4671034802474368e-6,9.789895356110805e-5
LI,clinical_center_community,218528,42768,0.7931432361997054,init_status6267,3.077265155301652e-5,599.1668251347339,1.4224906098143273,-7.303305995376905,2.807816242916169e-13,1.8938200796705014e-6,5.000243126412132e-4
LI,clinical_center_community,218528,42768,0.7931432361997054,init_status6271,2.383123506946375e-5,116.94388300640823,1.2500797443080651,-8.515067529346647,1.6649325340164706e-17,2.056253919081174e-6,2.7619534711443346e-4
LI,clinical_center_community,218528,42768,0.7931432361997054,init_status6274,336898.74860129907,653.6966609912557,0.2858602627691365,44.523634000907485,0,192386.547493654,589962.07524783
LI,clinical_center_community,218528,42768,0.7931432361997054,init_status6999,1,0.028179946893681685,0.03116132425531529,0,1,0.9407526117679609,1.0629787124594798
LI,clinical_center_community,218528,42768,0.7931432361997054,medical_condition2,0.9056859990652465,0.022233148519039243,0.0250629010643792,-3.952559687938666,7.731963411926783e-5,0.8622715835267086,0.9512862821570719
LI,clinical_center_community,218528,42768,0.7931432361997054,medical_condition3,0.8566196527589323,0.017483675470302024,0.01943085879673825,-7.964715967204911,1.656037157857271e-15,0.8246097336062954,0.8898721414355515
LI,clinical_center_community,218528,42768,0.7931432361997054,medical_conditionMissing,0.8648149155464335,0.02563851090351939,0.02859839199762383,-5.0785990143719415,3.8022825716674393e-7,0.817673976352258,0.9146736471766882
LI,clinical_center_community,218528,42768,0.7931432361997054,diagnosis4101,0.6182080885706561,0.34185640482751917,0.31090035966195295,-1.5468948502502007,0.12188860305811297,0.33612113168504987,1.1370342556513031
LI,clinical_center_community,218528,42768,0.7931432361997054,diagnosis4102,1.9672328149216451,0.08826645182452514,0.09794519890902027,6.9082292991097765,4.9074032844431764e-12,1.6236209843660345,2.38356425875811
LI,clinical_center_community,218528,42768,0.7931432361997054,diagnosis4104,2.19590696234003,0.06594589297885024,0.07262430732467053,10.831017669568203,2.4541251791805775e-27,1.9045659390806402,2.5318143563887663
LI,clinical_center_community,218528,42768,0.7931432361997054,diagnosis4105,2.3309070845519293,0.5307152384967262,0.5116100220030161,1.654106569646297,0.09810586149809856,0.8551488610032615,6.353429308717344
LI,clinical_center_community,218528,42768,0.7931432361997054,diagnosis4106,3.4796122019240388,0.2641006778709627,0.23386113183155127,5.331885814382914,9.719805257129912e-8,2.2002290213824596,5.502927630765948
LI,clinical_center_community,218528,42768,0.7931432361997054,diagnosis4107,0.004460762755383754,11.686764773601215,0.6988585745009035,-7.7446792579621775,9.582342190762645e-15,0.0011338082921663467,0.01755006070893991
LI,clinical_center_community,218528,42768,0.7931432361997054,diagnosis4108,1.319389706490218,0.0742063384333335,0.13901592137007915,1.9937952673683907,0.04617443299497916,1.004714163825315,1.7326213367636036
LI,clinical_center_community,218528,42768,0.7931432361997054,diagnosis4110,1.7986973142704565,0.05107080716538666,0.0656666016822178,8.940049790322742,3.889950640663738e-19,1.5814758831826121,2.045754894379362
LI,clinical_center_community,218528,42768,0.7931432361997054,diagnosis4200,1.5203935942021016,0.16772222880238952,0.1880557834740304,2.2278987497875127,0.02588726757862246,1.0516776827996335,2.198008685643272
LI,clinical_center_community,218528,42768,0.7931432361997054,diagnosis4201,1.3602870704429535,0.4033698135006743,0.4024790861792804,0.7645012355858184,0.4445686006497574,0.6180729695676923,2.9937903857994494
LI,clinical_center_community,218528,42768,0.7931432361997054,diagnosis4202,1.737646197266032,0.04229338220568693,0.047798338843194184,11.559636811669291,6.5987283711111345e-31,1.582250838437107,1.9083031802059747
LI,clinical_center_community,218528,42768,0.7931432361997054,diagnosis4204,2.0572184832759954,0.013095562589025443,0.013709498132049774,52.61715728806664,0,2.00267682256727,2.1132455522739386
LI,clinical_center_community,218528,42768,0.7931432361997054,diagnosis4205,2.2825318069989806,0.386753407065036,0.3691842932606025,2.235428981172027,0.025389199238892945,1.1070483729418856,4.706164226696828
LI,clinical_center_community,218528,42768,0.7931432361997054,diagnosis4206,2.467666931135142,0.10948055866207737,0.10431036123776881,8.659476692899117,4.739349303878372e-18,2.011395159969405,3.0274409545216137
LI,clinical_center_community,218528,42768,0.7931432361997054,diagnosis4207,1.5825501754815812,0.30601934841386247,0.2869812080212152,1.5995388135834818,0.10970093151661937,0.9017344072867333,2.7773865981809145
LI,clinical_center_community,218528,42768,0.7931432361997054,diagnosis4208,7.852283045429979,0.5183947345745491,0.3398036445423371,6.064691643018375,1.3220705254914924e-9,4.034173379691246,15.284010681332221
LI,clinical_center_community,218528,42768,0.7931432361997054,diagnosis4209,1.8758715622791415,0.11274669828247845,0.11511553665086517,5.464713130290536,4.636560021971484e-8,1.4969819961417121,2.350658943953305
LI,clinical_center_community,218528,42768,0.7931432361997054,diagnosis4210,2.208005240702851,0.061355586374703286,0.06126173770156566,12.929595725432952,3.064258421710789e-38,1.9581863287873147,2.4896952201634828
LI,clinical_center_community,218528,42768,0.7931432361997054,diagnosis4212,1.8812426413520777,0.030965367914897773,0.03226777670852973,19.58401236136935,2.1167192705139644e-85,1.7659501209917288,2.004062194946852
LI,clinical_center_community,218528,42768,0.7931432361997054,diagnosis4213,1.982859153662761,0.022254013417371682,0.022867949814442824,29.93446398441653,7.009606789863051e-197,1.8959489191272176,2.0737533504194494
LI,clinical_center_community,218528,42768,0.7931432361997054,diagnosis4214,1.9713860424610772,0.014643541425906023,0.014766943117849676,45.963261644182275,0,1.9151466388973988,2.0292769490736395
LI,clinical_center_community,218528,42768,0.7931432361997054,diagnosis4215,1.6670003721794315,0.013681046317726781,0.014138302938385876,36.14477842628406,4.494008333080299e-286,1.6214410039383609,1.7138398708905493
LI,clinical_center_community,218528,42768,0.7931432361997054,diagnosis4216,2.315371495433077,0.024368882212567895,0.0246862815588945,34.00958325173474,1.6077820934672537e-253,2.2060110394120063,2.4301533700814653
LI,clinical_center_community,218528,42768,0.7931432361997054,diagnosis4217,1.5232952885319782,0.08867416447617277,0.09658827737853198,4.357422584225432,1.3160302437030412e-5,1.2605730210952681,1.8407728050911187
LI,clinical_center_community,218528,42768,0.7931432361997054,diagnosis4218,1.6335989900759946,0.11744655479228648,0.1068984429217717,4.591138437510677,4.408347987997617e-6,1.324809203986237,2.0143622586162477
LI,clinical_center_community,218528,42768,0.7931432361997054,diagnosis4219,1.3881822635822647,0.04960207891815718,0.04777716513601941,6.865103158590426,6.644322146906051e-12,1.2640914519500692,1.5244545748265192
LI,clinical_center_community,218528,42768,0.7931432361997054,diagnosis4220,2.253762318891443,0.029119327667095005,0.029726715830707767,27.33571263307785,1.5968668791856838e-164,2.1262028069987227,2.388974642181434
LI,clinical_center_community,218528,42768,0.7931432361997054,diagnosis4221,0.28634513609053286,0.4548547577369958,0.36277169607880727,-3.44722986851873,5.663664728824845e-4,0.14063647841064766,0.5830175633614129
LI,clinical_center_community,218528,42768,0.7931432361997054,diagnosis4222,0.0020841561254743173,32.020896123029814,0.6786316644932362,-9.096821684930614,9.301389214011708e-20,5.511603014960286e-4,0.00788102253293984
LI,clinical_center_community,218528,42768,0.7931432361997054,diagnosis4230,1.428454790688119,0.2640491252394971,0.24130704860204386,1.4777574718724442,0.13947270524301947,0.8901548608934403,2.292278769327647
LI,clinical_center_community,218528,42768,0.7931432361997054,diagnosis4231,2.6850165113584104,0.32235616999318045,0.3146336128125913,3.1391651660941386,0.001694299206730282,1.4492067358196536,4.974661991334029
LI,clinical_center_community,218528,42768,0.7931432361997054,diagnosis4235,2.2471408318532524,0.10895486005968541,0.10426072649882649,7.76571096260674,8.11885074243966e-15,1.8318225455939838,2.7566217755796534
LI,clinical_center_community,218528,42768,0.7931432361997054,diagnosis4240,1.6929593824217803,0.08091264389971366,0.08333474955365376,6.317629970708794,2.6560503944905517e-10,1.4378443367249463,1.9933391934889342
LI,clinical_center_community,218528,42768,0.7931432361997054,diagnosis4241,1.4372938205132437,0.04722729830693336,0.05170019472984627,7.016647733916887,2.272546004761633e-12,1.2987880163958654,1.590570208846079
LI,clinical_center_community,218528,42768,0.7931432361997054,diagnosis4242,1.6770732402779562,0.05449775847444075,0.05481114516052196,9.433303277370133,3.9737324683837496e-21,1.506248744625971,1.867271035604957
LI,clinical_center_community,218528,42768,0.7931432361997054,diagnosis4245,1.8139815202090261,0.09971138655721572,0.09940050096635869,5.991158581049226,2.08351348754204e-9,1.4928734643988653,2.2041579773037534
LI,clinical_center_community,218528,42768,0.7931432361997054,diagnosis4250,2.698123113391484,0.5353881792778022,0.500798900705158,1.9819460200497736,0.0474852825140138,1.0110693965928126,7.200166832810559
LI,clinical_center_community,218528,42768,0.7931432361997054,diagnosis4255,0.670858134306318,0.4675975420754729,0.5102294752954412,-0.7823883330441767,0.43398638826724256,0.24678716744309837,1.8236387289818132
LI,clinical_center_community,218528,42768,0.7931432361997054,diagnosis4260,2.2305737161331898,0.12618801249858072,0.1197613123037288,6.698814573418277,2.1011700456028035e-11,1.7639065241491005,2.8207045186276893
LI,clinical_center_community,218528,42768,0.7931432361997054,diagnosis4264,2.376059139199621,0.3240222384673875,0.3059028354161088,2.82914439236544,0.004667263626578968,1.3045846982563778,4.3275511666813635
LI,clinical_center_community,218528,42768,0.7931432361997054,diagnosis4265,1.1551256054913406,0.3678989251665899,0.46227173002366945,0.3119574008922066,0.7550728980125747,0.4668128484063696,2.85835141217062
LI,clinical_center_community,218528,42768,0.7931432361997054,diagnosis4270,1.6255081283535333,0.08163760252285973,0.08047627572175164,6.036815905275541,1.5718487098513531e-9,1.3883137195138908,1.903227374478863
LI,clinical_center_community,218528,42768,0.7931432361997054,diagnosis4271,1.8785794794185127,1.0077199046475076,0.7912947122592526,0.7968155042779085,0.425558189273102,0.3983623574675461,8.858921517904301
LI,clinical_center_community,218528,42768,0.7931432361997054,diagnosis4272,2.6573591071070037,0.1884685695705094,0.17389890619790802,5.620120529310024,1.90824284681896e-8,1.8898495441795755,3.736571223816713
LI,clinical_center_community,218528,42768,0.7931432361997054,diagnosis4275,1.670704169322953,0.17196976926231738,0.17220204145214812,2.9804826441365577,0.002877945459038775,1.1921225771342743,2.3414139409245553
LI,clinical_center_community,218528,42768,0.7931432361997054,diagnosis4280,1.5957862222928476,0.18717909843002553,0.18602594900350308,2.51237285243178,0.011992231085285007,1.1082280449476722,2.2978426496867064
LI,clinical_center_community,218528,42768,0.7931432361997054,diagnosis4285,5.9060473762445875,0.11613191847379682,0.12538300791406334,14.16441377942606,1.5213111716217553e-45,4.619242013165934,7.5513245487084975
LI,clinical_center_community,218528,42768,0.7931432361997054,diagnosis4290,0.7851450961202432,0.11535623774463581,0.1455289987840407,-1.6621205703252933,0.09648860188498216,0.5903035760215511,1.0442979629504399
LI,clinical_center_community,218528,42768,0.7931432361997054,diagnosis4300,1.9848894523302074,0.06359238098726724,0.06337666394711369,10.817281604457808,2.851085524724308e-27,1.7530326697931535,2.247411703078289
LI,clinical_center_community,218528,42768,0.7931432361997054,diagnosis4301,1.4613098315560102,0.13865240395509618,0.15304962281527676,2.4784979632749833,0.013193686438150038,1.0825955337229338,1.972506219805605
LI,clinical_center_community,218528,42768,0.7931432361997054,diagnosis4302,1.9971278569513,0.07751207226239536,0.0767264136510013,9.01527966682942,1.9636878165124704e-19,1.7182890707999243,2.321215763279048
LI,clinical_center_community,218528,42768,0.7931432361997054,diagnosis4303,1.432188739419453,0.6050029132427605,0.509406834590887,0.7051414247562654,0.48072222936085884,0.5277064118144373,3.8869427003307924
LI,clinical_center_community,218528,42768,0.7931432361997054,diagnosis4304,3.153072061595038,0.5246156461310633,0.44530168454953034,2.578874670985572,0.009912274200384534,1.3173234270797476,7.547017855478648
LI,clinical_center_community,218528,42768,0.7931432361997054,diagnosis4305,0.03236359670586203,16.26936224917912,0.44818997279503864,-7.654613566909931,1.9389439980731135e-14,0.013444875473539963,0.07790346543566078
LI,clinical_center_community,218528,42768,0.7931432361997054,diagnosis4306,0.009145395644252322,9.421443597036104,0.5250286819469944,-8.941425289788004,3.841827908403857e-19,0.003268114577738263,0.025592205995357782
LI,clinical_center_community,218528,42768,0.7931432361997054,diagnosis4307,1.6331809133679973,0.3025752505819535,0.37840262412517817,1.2963165751875148,0.19486644036731018,0.7779244082218052,3.4287134683001486
LI,clinical_center_community,218528,42768,0.7931432361997054,diagnosis4308,1.2646802675590636,0.7250758206945652,0.6127076544653234,0.38324857801761797,0.7015354625251865,0.38057744084352196,4.202603747632219
LI,clinical_center_community,218528,42768,0.7931432361997054,diagnosis4315,2.6015670606732826,0.14297901684507733,0.13438775032512562,7.114591745138572,1.1224458438255295e-12,1.9991434793599419,3.3855254718121364
LI,clinical_center_community,218528,42768,0.7931432361997054,diagnosis4400,3.154073151900419,0.026763117369382295,0.026999512215100753,42.54501609118144,0,2.9915050145234736,3.3254757719748365
LI,clinical_center_community,218528,42768,0.7931432361997054,diagnosis4401,3.0667944664381426,0.023503296634486238,0.02428132284843195,46.15205173755383,0,2.924262610938612,3.216273485217793
LI,clinical_center_community,218528,42768,0.7931432361997054,diagnosis4402,4.472316879053715,0.49051820165400295,0.7181496354414125,2.0857861897908907,0.03699799493942599,1.0945673497770096,18.27353818907862
LI,clinical_center_community,218528,42768,0.7931432361997054,diagnosis4403,10.497351471712115,0.06685449075637971,0.07161224551036752,32.83129816416269,2.106258511524501e-236,9.122697715683962,12.079144936613176
LI,clinical_center_community,218528,42768,0.7931432361997054,diagnosis4404,4.412047408546287,0.2329279540371731,0.22896302527822368,6.482875760808575,8.999060003799395e-11,2.8167382409349595,6.910887938525167
LI,clinical_center_community,218528,42768,0.7931432361997054,diagnosis4405,4.721940241513872,0.24299276010743232,0.24866554094960522,6.242198968630045,4.314616119968955e-10,2.9003872970785354,7.687497344539755
LI,clinical_center_community,218528,42768,0.7931432361997054,diagnosis4410,5.950101928226231,0.179498179133477,0.18325472034465431,9.731854911300548,2.2053422384461845e-22,4.154681199185815,8.521403029243137
LI,clinical_center_community,218528,42768,0.7931432361997054,diagnosis4420,8.260859052145658,0.15438790588072746,0.16630221372463505,12.696936115906542,6.149024042532784e-37,5.963050828858394,11.444107091819221
LI,clinical_center_community,218528,42768,0.7931432361997054,diagnosis4430,7.3246618625497995,0.19410882299741927,0.20206352638195757,9.854559243731906,6.550345546168845e-23,4.929362934188729,10.883895569665796
LI,clinical_center_community,218528,42768,0.7931432361997054,diagnosis4450,2.9030192872360008,0.3430780030955811,0.34367136566365153,3.101076887393352,0.0019281821665253368,1.4801861097481488,5.6935549702585355
LI,clinical_center_community,218528,42768,0.7931432361997054,diagnosis4451,1.1365175301093082,0.10060287440382946,0.09242603471600816,1.384553488959447,0.1661890417573827,0.9482065597401068,1.3622264927167302
LI,clinical_center_community,218528,42768,0.7931432361997054,diagnosis4455,2.379930929827257,0.360763576767872,0.302318257344654,2.8680751000518816,0.004129774929061151,1.315923328143643,4.304256266008041
LI,clinical_center_community,218528,42768,0.7931432361997054,diagnosis4500,2.7751480403180198,0.0911541547736679,0.09891457942448556,10.319045984692657,5.779454785120089e-25,2.2860720445332814,3.3688556159450576
LI,clinical_center_community,218528,42768,0.7931432361997054,diagnosis4510,3.960255538231733,0.2353059379506027,0.2610162606754827,5.2728843386200674,1.342962050751742e-7,2.374355619903014,6.605423297431642
LI,clinical_center_community,218528,42768,0.7931432361997054,diagnosis4520,3.2411627574173956,0.24625704233322793,0.26439372383640214,4.447655277541598,8.681270085029525e-6,1.9304052688088815,5.441932940097869
LI,clinical_center_community,218528,42768,0.7931432361997054,diagnosis999,2.302698984484871,0.025593703910684953,0.028319183186001254,29.45289420928758,1.1559771616207289e-190,2.178370951179936,2.434122898249055
LI,clinical_center_community,218528,42768,0.7931432361997054,diagnosisMissing,3.508917281955272,0.31386010825043203,0.25987123510201754,4.830498160829293,1.3619187254854516e-6,2.108484117974089,5.839503549798938
LI,clinical_center_community,218528,42768,0.7931432361997054,functional_status2,0.030614274177158944,15.108736806054452,0.7167511196287565,-4.864015983983499,1.150276183399467e-6,0.007513188900468925,0.12474513762535172
LI,clinical_center_community,218528,42768,0.7931432361997054,functional_status2010,239.10778958798684,0.035189293392264856,0.04562673166752471,120.0374046651015,0,218.6533724969714,261.4756607170324
LI,clinical_center_community,218528,42768,0.7931432361997054,functional_status2020,113.1365243964533,0.0199758449279499,0.024848843600073972,190.29437933019625,0,107.75848052288795,118.78297736195876
LI,clinical_center_community,218528,42768,0.7931432361997054,functional_status2030,85.9294399752198,0.024119031103800356,0.02689605498339239,165.58288926881906,0,81.51696800762046,90.58075680347476
LI,clinical_center_community,218528,42768,0.7931432361997054,functional_status2040,69.67673920398165,0.02261742671923851,0.02386544300010305,177.82475417291684,0,66.49263076555773,73.01332388572627
LI,clinical_center_community,218528,42768,0.7931432361997054,functional_status2050,67.65177054489881,0.01806885364295424,0.018503862707227876,227.7564200021121,0,65.24220803133849,70.15032439829798
LI,clinical_center_community,218528,42768,0.7931432361997054,functional_status2060,58.133827931224985,0.016064191660819994,0.016135524989284368,251.7890018118351,0,56.32410988012749,60.001693007307665
LI,clinical_center_community,218528,42768,0.7931432361997054,functional_status2070,55.33853698308292,0.013477323699177627,0.013561050442414175,295.9556528583512,0,53.8870595575352,56.829110747049825
LI,clinical_center_community,218528,42768,0.7931432361997054,functional_status2080,48.92895179537453,0.014169467881629124,0.013950175661798826,278.87600678679655,0,47.60926764267736,50.285216352457475
LI,clinical_center_community,218528,42768,0.7931432361997054,functional_status2090,45.52917653177583,0.019427962779299493,0.019260951699930317,198.2432344150074,0,43.84245285637282,47.28079248787503
LI,clinical_center_community,218528,42768,0.7931432361997054,functional_status2100,49.52078764737474,0.033623387192931314,0.03480950285094712,112.10710335626995,0,46.254888792041136,53.017280405576074
LI,clinical_center_community,218528,42768,0.7931432361997054,functional_status3,1,0,0,NA,NA,1,1
LI,clinical_center_community,218528,42768,0.7931432361997054,functional_status4010,194.35380675573734,0.11701727722628637,0.13497058843467963,39.04317455629526,0,149.17837713777496,253.20963349507784
LI,clinical_center_community,218528,42768,0.7931432361997054,functional_status4020,75.71798361209073,0.19615516719232015,0.25652420710265267,16.86786500708828,7.754901113827364e-64,45.79786568975887,125.18515777827784
LI,clinical_center_community,218528,42768,0.7931432361997054,functional_status4030,73.41254614154376,0.2182973631643842,0.24320710179158128,17.664347865361144,7.891959775672813e-70,45.57766022257921,118.24656870635881
LI,clinical_center_community,218528,42768,0.7931432361997054,functional_status4040,74.59774235713762,0.1777095352412351,0.19207414190644503,22.450238229063423,1.2728775750640281e-111,51.195510514876005,108.69748360385825
LI,clinical_center_community,218528,42768,0.7931432361997054,functional_status4050,55.046404642200336,0.24745602592554378,0.28427505764475497,14.099642027955507,3.8170097285705444e-45,31.53215048314086,96.09578216534729
LI,clinical_center_community,218528,42768,0.7931432361997054,functional_status4060,66.976218818403,0.17311356825107296,0.16984646675685713,24.753753749812027,2.8247823526010895e-135,48.01169637148567,93.43168907222244
LI,clinical_center_community,218528,42768,0.7931432361997054,functional_status4070,36.41686979006678,0.2004540492433125,0.18909038019768665,19.01224229013046,1.3505432189458286e-80,25.13903426240141,52.75415083427289
LI,clinical_center_community,218528,42768,0.7931432361997054,functional_status4080,32.520173242713625,0.15453498993779852,0.1541299231477,22.590425926544654,5.382625038941412e-113,24.0412598241049,43.989444624517816
LI,clinical_center_community,218528,42768,0.7931432361997054,functional_status4090,42.45320151582536,0.18724952934296626,0.18333968179586096,20.44512290906536,6.639086388392081e-93,29.638172890825405,60.809224832519185
LI,clinical_center_community,218528,42768,0.7931432361997054,functional_status4100,29.929370780557157,0.1448417372025119,0.1353247572299551,25.11617510484686,3.311229468354292e-139,22.956672803733063,39.019906890618955
LI,clinical_center_community,218528,42768,0.7931432361997054,functional_status996,50.91569622615514,0.06445325602256102,0.07034802722975372,55.867540350180285,0,44.357936756940155,58.44293742513859
LI,clinical_center_community,218528,42768,0.7931432361997054,functional_status998,72.00594852560516,0.0443454718362345,0.04431834499601708,96.50064176356044,0,66.01528947883547,78.54023914769573
LI,clinical_center_community,218528,42768,0.7931432361997054,functional_statusMissing,1,12.065767988156683,0.5123254892806484,0,1,0.3663597490784433,2.7295574978295023
LI,clinical_center_community,218528,42768,0.7931432361997054,"ns(init_lab_meld, df = 4)1",12.16436223776918,0.02678640543969463,0.028819557611919105,86.69496536035425,0,11.49630010837206,12.871246162398455
LI,clinical_center_community,218528,42768,0.7931432361997054,"ns(init_lab_meld, df = 4)2",35.17868859312015,0.028223722865963807,0.03185023143005261,111.78695732168842,0,33.04978810910888,37.444722097647634
LI,clinical_center_community,218528,42768,0.7931432361997054,"ns(init_lab_meld, df = 4)3",3342.5229805957724,0.0420383603423828,0.04278109546998798,189.67446006418214,0,3073.682944887847,3634.8771412461056
LI,clinical_center_community,218528,42768,0.7931432361997054,"ns(init_lab_meld, df = 4)4",327.7311311787743,0.07291066769890343,0.0769697114123786,75.25289420899244,0,281.8389160202815,381.0960383341447
LI,clinical_center_community,218528,42768,0.7931432361997054,init_meld_typeP,1.445016683802352,0.053526817307349345,0.05953753687285475,6.183004650794715,6.289286072376602e-10,1.2858621656346338,1.6238701723030968
LI,clinical_center_community,218528,42768,0.7931432361997054,"ns(inr, df = 3)1",59356.796948678195,0.08915714482792705,0.1054507948791558,104.23175974369582,0,48273.698968865734,72984.44948830067
LI,clinical_center_community,218528,42768,0.7931432361997054,"ns(inr, df = 3)2",1.8761204852301777e-5,0.07377889078754177,0.08083737221952475,-134.6372240101516,0,1.6012230362564824e-5,2.1982122386456313e-5
LI,clinical_center_community,218528,42768,0.7931432361997054,"ns(inr, df = 3)3",2.0946633180759324e-18,0.1444139796836022,0.16522484614006797,-246.37419729407236,0,1.5152161246344726e-18,2.8957020353458378e-18
LI,clinical_center_community,218528,42768,0.7931432361997054,"ns(sodium, df = 3)1",0.19930930265721625,0.03652298072852539,0.039760963131157456,-40.56484675378601,0,0.18436690979549825,0.21546273227537593
LI,clinical_center_community,218528,42768,0.7931432361997054,"ns(sodium, df = 3)2",0.36069298093046304,0.11864477638972284,0.13574959563295974,-7.5118319585749775,5.830560258189622e-14,0.2764314334128201,0.4706390473988322
LI,clinical_center_community,218528,42768,0.7931432361997054,"ns(sodium, df = 3)3",271.63525244242004,0.13131397135203937,0.18606251958484257,30.121381754962414,2.5433657661578373e-199,188.62941922581984,391.16756374637333
LI,clinical_center_community,218528,42768,0.7931432361997054,ascitesN,0.8340585785240807,12.22862448544379,0.728297965673217,-0.24914478634273163,0.8032487869685362,0.20010972781934225,3.4763612943276887
LI,clinical_center_community,218528,42768,0.7931432361997054,ascitesU,101.49777125805579,49.291161120888276,0.8541106899733023,5.409178101185528,6.331464161499358e-8,19.029885206165602,541.348382228542
LI,clinical_center_community,218528,42768,0.7931432361997054,ascitesY,2.1685137507301104,1.0002770854986063,0.7558093838062802,1.0241233331879678,0.3057770247367593,0.49296497798179456,9.539119607152365
LI,clinical_center_community,218528,42768,0.7931432361997054,encephalopathyN,0.002031339333784755,8.66307492803944,0.4973088168418332,-12.465212204583677,1.1556375001996037e-35,7.664299116118646e-4,0.005383844532245702
LI,clinical_center_community,218528,42768,0.7931432361997054,encephalopathyU,1.314280436235839e-6,52.80534710914494,0.9531076334608964,-14.208491007155251,8.115544651641464e-46,2.029557475863728e-7,8.510885183663786e-6
LI,clinical_center_community,218528,42768,0.7931432361997054,encephalopathyY,1,1.0035880927522467,0.7608075638243783,0,1,0.22511240488427692,4.442225209730526
LI,clinical_center_community,218528,42768,0.7931432361997054,diabetes2,0.054963248976094,198.1838687860735,0.6178096659476199,-4.6957674465645125,2.6560758972066942e-6,0.016375397677812303,0.1844815495443703
LI,clinical_center_community,218528,42768,0.7931432361997054,diabetes3,0.002940199803597514,42.89027998640217,0.7839610832147443,-7.435672336730859,1.040374318642642e-13,6.325108218179686e-4,0.013667394433233516
LI,clinical_center_community,218528,42768,0.7931432361997054,diabetes4,1441.5286542129127,162.95483036598773,1.0363030857615094,7.0186603657450055,2.2400555301444167e-12,189.1126122765631,10988.187598392242
LI,clinical_center_community,218528,42768,0.7931432361997054,diabetes998,231.4197329284267,74.14569081042784,1.124215791076464,4.842694018893673,1.2809046022097527e-6,25.554428438419023,2095.726496787876
LI,clinical_center_community,218528,42768,0.7931432361997054,diabetesMissing,1,0.9967438649592351,0.7504953413117228,0,1,0.2297085748038543,4.353342058971413
LU,clinical_center_community,41162,4721,0.7954540259225675,"ns(age, df = 4)1",1.259226141718755,0.27232815340148125,0.28398090818433963,0.8116649831017441,0.4169838924543845,0.721736624034748,2.1969932288091294
LU,clinical_center_community,41162,4721,0.7954540259225675,"ns(age, df = 4)2",1.957376416136611,0.19280525211368518,0.1947695712461566,3.4482029665817047,5.643297956134993e-4,1.3362453032056927,2.8672298606074387
LU,clinical_center_community,41162,4721,0.7954540259225675,"ns(age, df = 4)3",1.3598092037760705,0.6286574471815267,0.6482627525572816,0.474104670294053,0.6354252683719598,0.3816591871022325,4.844848842008379
LU,clinical_center_community,41162,4721,0.7954540259225675,"ns(age, df = 4)4",3.5638350105159393,0.3341393792542785,0.3103873238082753,4.094359265703411,4.2333745741995137e-5,1.9396144947242278,6.548167183079825
LU,clinical_center_community,41162,4721,0.7954540259225675,sexM,1.167696037446242,0.036367765710293355,0.035038961296204645,4.424577752581994,9.663109719324245e-6,1.0901960107261686,1.2507053983433976
LU,clinical_center_community,41162,4721,0.7954540259225675,race_srtrBLACK,0.7812494022142629,0.11077761325127818,0.11033625619195414,-2.237350184041893,0.025263461683157542,0.6293196703541759,0.9698578595463936
LU,clinical_center_community,41162,4721,0.7954540259225675,race_srtrMissing,NA,0,0,NA,NA,NA,NA
LU,clinical_center_community,41162,4721,0.7954540259225675,race_srtrMULTI,0.6448882675756491,0.3245482027310887,0.30808500225069385,-1.423886922610049,0.15447920801089654,0.3525673136168296,1.1795786551804448
LU,clinical_center_community,41162,4721,0.7954540259225675,race_srtrNATIVE,0.8953028316398984,0.2706494668835088,0.2464299123504042,-0.4487817956387623,0.6535890722019752,0.5523424683061632,1.4512140679686285
LU,clinical_center_community,41162,4721,0.7954540259225675,race_srtrPACIFIC,0.6815290525523974,0.6361131415141257,0.596256368982887,-0.6430395017900007,0.5201984685021246,0.21181174222220792,2.1928994332414717
LU,clinical_center_community,41162,4721,0.7954540259225675,race_srtrWHITE,0.8829194100903662,0.09368234260091785,0.09369520087383766,-1.329004577426364,0.18384645970764776,0.7347973220703575,1.0609002799818015
LU,clinical_center_community,41162,4721,0.7954540259225675,ethnicity_srtrNLATIN,0.9595440798881327,0.06716252380253329,0.06486993030180778,-0.6366127406027564,0.524377124261687,0.8449821710612887,1.08963818738559
LU,clinical_center_community,41162,4721,0.7954540259225675,"ns(bmi, df = 3)1",0,554.4576592499014,996.4549209338227,-1.462079631230084,0.1437193897019404,0,28965457835957434e199
LU,clinical_center_community,41162,4721,0.7954540259225675,"ns(bmi, df = 3)2",8.0246e-320,518.9841269222817,498.07944100156715,-1.475155734197297,0.1401706791832776,0,74199524758535e91
LU,clinical_center_community,41162,4721,0.7954540259225675,"ns(bmi, df = 3)3",8.231731468713986e-5,877.7657486227326,1.2878099947983086,-7.303040918596155,2.8133557636219053e-13,6.596375040372859e-6,0.001027252127998864
LU,clinical_center_community,41162,4721,0.7954540259225675,aboA1,1.0976277125406664,0.23711576168337645,0.23663139584607348,0.3936553965871259,0.6938354761031462,0.6902939293764295,1.745324048301552
LU,clinical_center_community,41162,4721,0.7954540259225675,aboA1B,0.6117671589107115,0.8087895826098821,0.7981918138644768,-0.6156459132046029,0.5381282416496466,0.12798646842402353,2.9242080145672187
LU,clinical_center_community,41162,4721,0.7954540259225675,aboA2,0.9471127828376386,1.0771908289864371,1.269256497234305,-0.042810179140448414,0.9658528496492449,0.07870613913962053,11.39711124469192
LU,clinical_center_community,41162,4721,0.7954540259225675,aboA2B,NA,0,0,NA,NA,NA,NA
LU,clinical_center_community,41162,4721,0.7954540259225675,aboAB,1.0457852696108838,0.09493662017919224,0.0947615493018912,0.4724285083913593,0.6366209596844195,0.8685230389526184,1.2592260436222849
LU,clinical_center_community,41162,4721,0.7954540259225675,aboB,1.1558585637028522,0.05663767169838833,0.0554221803185585,2.613455699402122,0.008963170289693555,1.0368817953849756,1.288487294532145
LU,clinical_center_community,41162,4721,0.7954540259225675,aboO,1.0546155526000558,0.03681939711354357,0.035732827777701655,1.488163649648333,0.13670774102924121,0.9832825535453539,1.1311234596563198
LU,clinical_center_community,41162,4721,0.7954540259225675,primary_pay10,0.4858432368958863,0.9569537748832889,0.78198903628341,-0.9231194191326,0.35594497577325424,0.10492183733534083,2.249709467849413
LU,clinical_center_community,41162,4721,0.7954540259225675,primary_pay11,0.8266626504133385,0.736232814357218,0.8439175481374244,-0.22556538526081715,0.8215394655600802,0.15811912297545877,4.3218753350565295
LU,clinical_center_community,41162,4721,0.7954540259225675,primary_pay12,1.2168165671553357,0.2824137649306183,0.27321292331209557,0.718260596311548,0.47259662115036977,0.7123047691589198,2.078664389474773
LU,clinical_center_community,41162,4721,0.7954540259225675,primary_pay2,1.0095853082045372,0.06423867113796065,0.06362120931521681,0.14994466006322357,0.8808082763631717,0.8912274418090583,1.1436614793564928
LU,clinical_center_community,41162,4721,0.7954540259225675,primary_pay3,0.9947749721155628,0.04952975393023205,0.04763492639411675,-0.10997657550170908,0.9124279522514166,0.9061037490294299,1.0921235523056836
LU,clinical_center_community,41162,4721,0.7954540259225675,primary_pay4,1.1135714098916627,0.05120727082178202,0.0496536438186913,2.1664540284813323,0.030276509167833008,1.0103057250250544,1.2273921192492045
LU,clinical_center_community,41162,4721,0.7954540259225675,primary_pay5,1.2557769273236176e-6,1168.229786153037,0.8340189470004706,-16.29190339163651,1.1266742249401023e-59,2.449031012170547e-7,6.4391822045597206e-6
LU,clinical_center_community,41162,4721,0.7954540259225675,primary_pay6,1.231037838350282,0.16398884637626487,0.1562128993196117,1.3306044861307442,0.1833191856062803,0.9063641954666974,1.6720145908563941
LU,clinical_center_community,41162,4721,0.7954540259225675,primary_pay7,0.9518094401668298,0.15841874322870864,0.1652304181286556,-0.2989185204419561,0.765002215549071,0.6885026576232157,1.315813672409195
LU,clinical_center_community,41162,4721,0.7954540259225675,primary_pay8,1.6996720389069424,0.464636733885622,0.4535835517211493,1.1694324279358053,0.24222945105583457,0.6986732418615607,4.134815628754971
LU,clinical_center_community,41162,4721,0.7954540259225675,primary_pay9,3.533046820222714,1.4197526131374314,0.7428960307617211,1.6989734340775724,0.08932418922809658,0.8237494638711578,15.153175062749662
LU,clinical_center_community,41162,4721,0.7954540259225675,education2,0.5836084251215473,0.326266965125943,0.266983716057095,-2.017070681031963,0.043688137766494814,0.34583154248953885,0.98486908227336
LU,clinical_center_community,41162,4721,0.7954540259225675,education3,0.540594475211047,0.31799949443223396,0.2589263292869383,-2.3755246004579735,0.017524024223677014,0.3254416340848741,0.8979870920648447
LU,clinical_center_community,41162,4721,0.7954540259225675,education4,0.5115538281823215,0.3189450101156182,0.2595083016071249,-2.5829711767914323,0.009795350605875231,0.3076078910631318,0.850717184866629
LU,clinical_center_community,41162,4721,0.7954540259225675,education5,0.4899071772472018,0.3198816011573296,0.26128568946177283,-2.7308779959652743,0.006316585054475133,0.2935668547860877,0.8175617867119491
LU,clinical_center_community,41162,4721,0.7954540259225675,education6,0.4861377459172714,0.3227121975495204,0.263692436281266,-2.7352444294498888,0.006233396996025696,0.2899371958374176,0.8151072418388414
LU,clinical_center_community,41162,4721,0.7954540259225675,education996,0.430590745510344,0.7537002390541475,0.6287636469807724,-1.3400857228449432,0.18021747716594766,0.12556254359201313,1.4766218078664934
LU,clinical_center_community,41162,4721,0.7954540259225675,education998,0.914067442710995,0.3251351599258631,0.26622408512290213,-0.33750110056602134,0.735739182632902,0.5424602108111889,1.540240690786873
LU,clinical_center_community,41162,4721,0.7954540259225675,educationMissing,5.288236098506656,1.5115944223222213,0.9192707846973768,1.8117455457684097,0.07002552259380031,0.8726219354993893,32.0476026282157
LU,clinical_center_community,41162,4721,0.7954540259225675,"ns(median_household_income, df = 3)1",2.273689211874293e-23,242.85044845813553,236.12140296220585,-0.22081036606181886,0.8252400918464187,2.343303351522428e-224,22061431478066427e162
LU,clinical_center_community,41162,4721,0.7954540259225675,"ns(median_household_income, df = 3)2",51449376651294254e31,514.4936655187521,500.1627256451209,0.21964754067311285,0.8261456633140447,0,Inf
LU,clinical_center_community,41162,4721,0.7954540259225675,"ns(median_household_income, df = 3)3",4.4456516909254726e-26,271.91750380016725,264.39801556407747,-0.22078564327706435,0.8252593427509068,3.9078380963927055e-251,5057481520350615e184
LU,clinical_center_community,41162,4721,0.7954540259225675,"ns(pct_poverty, df = 3)1",1.4243596837438246,0.22229141620296763,0.21739693121073253,1.6270807781134609,0.10371994287944605,0.9301887210802848,2.1810633290829826
LU,clinical_center_community,41162,4721,0.7954540259225675,"ns(pct_poverty, df = 3)2",1.3028145761376098,0.4311327904797617,0.4270700422681963,0.6193995281618639,0.5356531919088179,0.564104974925624,3.008882912299096
LU,clinical_center_community,41162,4721,0.7954540259225675,"ns(pct_poverty, df = 3)3",1.19441760583101,0.6026128757822437,0.5943817453723811,0.29889664147891426,0.765018909749173,0.37257828336799476,3.829083660547117
LU,clinical_center_community,41162,4721,0.7954540259225675,"ns(pct_bachelor_plus, df = 3)1",0.9165404492038396,0.1265510499080342,0.12246664120374402,-0.7116148315250608,0.4767033202124205,0.7209544756101476,1.1651864624542907
LU,clinical_center_community,41162,4721,0.7954540259225675,"ns(pct_bachelor_plus, df = 3)2",0.8595233864918619,0.33060151136375715,0.32855939162428266,-0.46073023317468137,0.6449921613766667,0.45142690203784047,1.6365450277584717
LU,clinical_center_community,41162,4721,0.7954540259225675,"ns(pct_bachelor_plus, df = 3)3",0.8938897680876038,0.29236986451532676,0.2987987196298534,-0.37541263050028695,0.7073536128977658,0.49767524038434174,1.6055428372820657
LU,clinical_center_community,41162,4721,0.7954540259225675,"ns(pct_unemployed, df = 3)1",0.6591751743626895,0.2093514705671667,0.20079173510667764,-2.0756131278281607,0.03792974629222699,0.44471994564975525,0.9770461494845731
LU,clinical_center_community,41162,4721,0.7954540259225675,"ns(pct_unemployed, df = 3)2",0.8043511820703698,0.5268248224619715,0.5202083649088163,-0.4185232807396977,0.6755645687627249,0.290164007943887,2.2297073599256203
LU,clinical_center_community,41162,4721,0.7954540259225675,"ns(pct_unemployed, df = 3)3",0.631817957367522,0.884310885918359,0.8849681376221904,-0.5188367229820007,0.6038746068465836,0.11150792151004903,3.579960292023672
LU,clinical_center_community,41162,4721,0.7954540259225675,"ns(pct_no_vehicle, df = 3)1",0.6995551188862643,0.21109035669733456,0.20760335564018023,-1.7211219410643948,0.08522869860604093,0.46570365037510825,1.0508342890715991
LU,clinical_center_community,41162,4721,0.7954540259225675,"ns(pct_no_vehicle, df = 3)2",1.0139361817863144,0.2431482706529344,0.2496647329052963,0.055434205436034424,0.9557925457253154,0.6215779717059159,1.6539623788692017
LU,clinical_center_community,41162,4721,0.7954540259225675,"ns(pct_no_vehicle, df = 3)3",1.0041551720095505,0.31224675804411456,0.34128008289047707,0.012150029637193617,0.9903059174517199,0.5144020566135061,1.9601935810904672
LU,clinical_center_community,41162,4721,0.7954540259225675,"ns(pct_black, df = 3)1",1.1596707655974856,0.12452289074053227,0.12358388388423172,1.1986687698773921,0.23065676611976943,0.9102064660738498,1.4775068456526927
LU,clinical_center_community,41162,4721,0.7954540259225675,"ns(pct_black, df = 3)2",1.1337492677557905,0.13572227408287585,0.13097187507612804,0.9584506331122818,0.3378355736466047,0.8770685885192904,1.4655494666692426
LU,clinical_center_community,41162,4721,0.7954540259225675,"ns(pct_black, df = 3)3",1.2955914116074507,0.17594123211237273,0.1684572846807389,1.5372875081763595,0.12422291914106835,0.9312728883404955,1.802433128727856
LU,clinical_center_community,41162,4721,0.7954540259225675,"ns(pct_hispanic, df = 3)1",0.9101254531001115,0.12475488310856647,0.12168695848394565,-0.7738941756522322,0.4389933741659456,0.7170032651839935,1.155264390836661
LU,clinical_center_community,41162,4721,0.7954540259225675,"ns(pct_hispanic, df = 3)2",1.0337503473628336,0.1612950096334497,0.15600794907625137,0.21276674409437804,0.831508904170043,0.7614150582958854,1.403491786811374
LU,clinical_center_community,41162,4721,0.7954540259225675,"ns(pct_hispanic, df = 3)3",1.0922701336242517,0.16134970594882056,0.15405820295453246,0.57288881832774885,0.5667199760148023,0.8075984535071846,1.4772861929420809
LU,clinical_center_community,41162,4721,0.7954540259225675,init_status7099,1.4420066460408902,0.5206794733546858,0.6289862621590865,0.5819453774722885,0.5606034739240559,0.42031335067412634,4.947221314505108
LU,clinical_center_community,41162,4721,0.7954540259225675,init_status7999,1.0010542210376694,0.08733398501697048,0.08901895908817287,0.011836419429106154,0.9905561241986424,0.8407841690640431,1.1918749071749037
LU,clinical_center_community,41162,4721,0.7954540259225675,medical_condition2,0.7181499345851902,0.11383486012480196,0.12436574907904574,-2.6621229047704116,0.0077649520219318915,0.562800931684863,0.9163796637662606
LU,clinical_center_community,41162,4721,0.7954540259225675,medical_condition3,0.5983045330277134,0.101839439833349,0.10964845216264124,-4.684565919270555,2.805538671088229e-6,0.48260227135741374,0.7417460204541804
LU,clinical_center_community,41162,4721,0.7954540259225675,medical_conditionMissing,0.5008458788975654,0.15327744453285178,0.15957989214401144,-4.332982325562154,1.4710292362932652e-5,0.3663274426719929,0.6847605862640246
LU,clinical_center_community,41162,4721,0.7954540259225675,diagnosis103,2135236.0015591118,979.7314255038599,0.7503685423427848,19.42257292983642,4.97346804603773e-84,490603.92922013684,9293102.869358385
LU,clinical_center_community,41162,4721,0.7954540259225675,diagnosis106,2578490.9092180356,979.731503349608,0.83766105203594,17.623733168657417,1.6195593246346827e-69,499283.5119518479,13316312.695623873
LU,clinical_center_community,41162,4721,0.7954540259225675,diagnosis109,3849837.593582352,979.7314652078524,0.9649478249580642,15.714364165283351,1.2058487163844973e-55,580867.8387986002,25515699.969918262
LU,clinical_center_community,41162,4721,0.7954540259225675,diagnosis111,2685934.5259859087,979.7317747280573,0.9384932371519452,15.773730373021754,4.717898540179683e-56,426823.70375471376,16902164.08887407
LU,clinical_center_community,41162,4721,0.7954540259225675,diagnosis113,2319803.210363241,979.7314353027755,0.7893452062630282,18.568546183127722,5.77453926777038e-77,493809.3256923696,10897904.625973236
LU,clinical_center_community,41162,4721,0.7954540259225675,diagnosis114,2504670.112642481,979.7317789090745,1.0674907461775083,13.802150177908075,2.4736289847307517e-43,309101.25118097675,20295525.6544448
LU,clinical_center_community,41162,4721,0.7954540259225675,diagnosis116,NA,0,0,NA,NA,NA,NA
LU,clinical_center_community,41162,4721,0.7954540259225675,diagnosis1500,1320142.939555662,979.7315673468568,0.8006933303883726,17.60130881745472,2.406969704518286e-69,274833.43054347456,6341213.211989444
LU,clinical_center_community,41162,4721,0.7954540259225675,diagnosis1501,881964.4811799532,979.7318312304574,1.2105340952491377,11.308980983794196,1.1845724800147624e-29,82232.33180417152,9459312.766606534
LU,clinical_center_community,41162,4721,0.7954540259225675,diagnosis1502,1670594.8575317143,979.7319386330353,1.1751530449179692,12.19304190636976,3.3854408039174007e-34,166947.16744168254,16717187.962990222
LU,clinical_center_community,41162,4721,0.7954540259225675,diagnosis1517,NA,0,0,NA,NA,NA,NA
LU,clinical_center_community,41162,4721,0.7954540259225675,diagnosis1518,13014506.344386615,979.7319355289005,0.9269489564406141,17.67257522879289,6.821073887401258e-70,2115472.174323898,80065990.6775718
LU,clinical_center_community,41162,4721,0.7954540259225675,diagnosis1519,5167777.2432377925,979.7313023933523,0.5331451202449249,28.993894220255868,7.855614628456174e-185,1817564.5184398934,14693245.47480132
LU,clinical_center_community,41162,4721,0.7954540259225675,diagnosis1520,39124691.62419011,979.7321225726968,0.8271474239721012,21.13560874194701,3.74330531093393e-99,7733601.03599899,197933858.6982377
LU,clinical_center_community,41162,4721,0.7954540259225675,diagnosis1521,3828858.0041647097,979.7312414576392,0.41907025310632046,36.17073040403297,1.7570972201302985e-286,1684054.0043777027,8705275.233423071
LU,clinical_center_community,41162,4721,0.7954540259225675,diagnosis1522,1.7342918093029172,1669.3804134605298,0.6981575846803383,0.7886459491047986,0.4303189671410379,0.44141730968480286,6.8138879328563355
LU,clinical_center_community,41162,4721,0.7954540259225675,diagnosis1523,5402235.167142442,979.7313542454841,0.6204592856050277,24.985238685915945,8.846259023198794e-138,1601170.515734071,18226756.310042877
LU,clinical_center_community,41162,4721,0.7954540259225675,diagnosis1524,16400655.585403534,979.7315209716535,0.861915445478479,19.274317398376393,8.825703863427505e-83,3028289.921620881,88822903.55048195
LU,clinical_center_community,41162,4721,0.7954540259225675,diagnosis1548,1504002.3329956764,979.7315190898568,0.810060592040542,17.558736314841973,5.099795023887604e-69,307414.0297190427,7358229.615362013
LU,clinical_center_community,41162,4721,0.7954540259225675,diagnosis1549,3957365.5315130022,979.7316917838547,1.1784670561007211,12.890550493863108,5.087932387454409e-38,392910.09748280526,39858334.13378373
LU,clinical_center_community,41162,4721,0.7954540259225675,diagnosis1550,3834002.1554824254,979.731363599812,0.744720797174252,20.355843186211587,4.120993680464957e-92,890727.5002259758,16502883.906149304
LU,clinical_center_community,41162,4721,0.7954540259225675,diagnosis1551,5784032.486046425,979.7312498751753,0.439879720375171,35.39743011126146,1.8702257634991218e-274,2442330.4645763165,13697995.535360143
LU,clinical_center_community,41162,4721,0.7954540259225675,diagnosis1552,4510242.008424578,979.731343712414,0.6812693241440254,22.490167731674646,5.180342536399905e-112,1186594.5399234996,17143415.28646276
LU,clinical_center_community,41162,4721,0.7954540259225675,diagnosis1553,4276423.143717645,979.7314151334554,0.7765033201121576,19.66331258166962,4.4471852858204956e-86,933511.8749517584,19590318.44674603
LU,clinical_center_community,41162,4721,0.7954540259225675,diagnosis1554,10211970.7304501,979.7312768744191,0.4805684904408182,33.58329044075185,2.9420742864459943e-247,3981520.174706806,26192092.87499062
LU,clinical_center_community,41162,4721,0.7954540259225675,diagnosis1555,4338094.236988346,979.7312582177739,0.47338239764364226,32.28456691632315,1.1519232291190605e-228,1715359.5100054962,10970913.968309302
LU,clinical_center_community,41162,4721,0.7954540259225675,diagnosis1556,9149669.37100608,979.73124978496935,0.43568170553901053,36.791143852257356,2.5581097766420784e-296,3895403.5951644345,21491084.955265827
LU,clinical_center_community,41162,4721,0.7954540259225675,diagnosis1557,4141716.728110198,979.7312399368462,0.41990486634582624,36.285887946645666,2.7012008406995205e-288,1818681.8047065232,9432005.869039811
LU,clinical_center_community,41162,4721,0.7954540259225675,diagnosis1599,3331453.718331943,979.7312875856064,0.5303460795516041,28.31909181160593,2.011589555452598e-176,1178154.8704014174,9420309.804946316
LU,clinical_center_community,41162,4721,0.7954540259225675,diagnosis1601,2178228.813103039,979.7312372343124,0.4111158768695874,35.49856246030506,5.172942877974455e-276,973107.9702384109,4875800.946394293
LU,clinical_center_community,41162,4721,0.7954540259225675,diagnosis1602,2915096.19297222,979.7312364564359,0.4092417716738252,36.373152514818635,1.1315668032794072e-289,1307090.5134985764,6501298.667936807
LU,clinical_center_community,41162,4721,0.7954540259225675,diagnosis1603,NA,0,0,NA,NA,NA,NA
LU,clinical_center_community,41162,4721,0.7954540259225675,diagnosis1604,5567086.643605741,979.7312338108593,0.4028643115801279,38.55487315297434,0,2527605.29683691,12261587.57310645
LU,clinical_center_community,41162,4721,0.7954540259225675,diagnosis1605,2496180.7679905193,979.7312376676172,0.4112347079888672,35.819623545298924,5.4664562002679245e-281,1114891.0131790352,5588813.93143416
LU,clinical_center_community,41162,4721,0.7954540259225675,diagnosis1606,965744.7342608321,979.7312461898397,0.44041153096617736,31.290404222148183,6.302681702407644e-215,407364.68246952543,2289503.5625045793
LU,clinical_center_community,41162,4721,0.7954540259225675,diagnosis1607,1667133.2090853509,979.7312342310602,0.4031520371171371,35.536509180150844,1.3425906392349444e-276,756496.0531648806,3673955.898656164
LU,clinical_center_community,41162,4721,0.7954540259225675,diagnosis1608,1789129.2738876774,979.73124188863,0.41891354249620993,34.368045335818636,7.572366039082833e-259,787157.9171368105,4066507.4808940873
LU,clinical_center_community,41162,4721,0.7954540259225675,diagnosis1609,5744688.851544873,979.7312512119506,0.4459704893550157,34.89869101078203,7.782227652009671e-267,2396932.1591673703,13768203.607618066
LU,clinical_center_community,41162,4721,0.7954540259225675,diagnosis1610,3160527.248286675,979.7312815019887,0.4833947307933121,30.96072106083403,1.822472355565959e-210,1225443.233393813,8151281.279263029
LU,clinical_center_community,41162,4721,0.7954540259225675,diagnosis1611,1374619.797929113,979.731292147498,0.5492108107506506,25.734540295978604,4.80190024445817e-146,468482.64267659344,4033403.6242258498
LU,clinical_center_community,41162,4721,0.7954540259225675,diagnosis1612,2997180.013911122,979.731261244236,0.45274760040297807,32.93928536765942,6.0231774546458737e-238,1234051.7487176843,7279344.6831728825
LU,clinical_center_community,41162,4721,0.7954540259225675,diagnosis1613,4594813.641921737,979.7312349818305,0.4049290765588302,37.88426083551857,4.674335563e-314,2077742.134643951,10161180.279288128
LU,clinical_center_community,41162,4721,0.7954540259225675,diagnosis1614,3186895.424773682,979.7315472430922,0.8077228891158715,18.539226734296072,9.964406362824925e-77,654384.2575329127,15520395.442783998
LU,clinical_center_community,41162,4721,0.7954540259225675,diagnosis1615,1558358.9723988783,979.7312511326498,0.4434827993981248,32.152642456775396,8.112099053735553e-227,653392.676763452,3716727.7400252717
LU,clinical_center_community,41162,4721,0.7954540259225675,diagnosis1616,1192289.0073406994,979.7312988872736,0.5369685305184035,26.05624865862223,1.1429530261122766e-149,416210.5630625322,3415466.1202385044
LU,clinical_center_community,41162,4721,0.7954540259225675,diagnosis1617,2355560.6033169366,979.7312799541232,0.5126947344372675,28.617983216319864,4.014011377268891e-180,862358.2707879567,6434292.965995335
LU,clinical_center_community,41162,4721,0.7954540259225675,diagnosis1620,908203.2066936245,979.7318393189474,1.3275916104102188,10.33391844365737,4.949639611917183e-25,67318.58882445074,12252679.075010465
LU,clinical_center_community,41162,4721,0.7954540259225675,diagnosis200,8381811.959645785,979.731486665486,0.7179005615335756,22.205825608120787,3.017008670985319e-109,2052389.8001098924,34230715.687195204
LU,clinical_center_community,41162,4721,0.7954540259225675,diagnosis203,8887897.127157075,979.7319717932331,0.7399889529665012,21.622216077334702,1.1101667663477663e-103,2084103.4882891085,37903451.42974435
LU,clinical_center_community,41162,4721,0.7954540259225675,diagnosis206,971648.0078835419,979.731894357106,1.3824767986149362,9.972499285241177,2.0110347363483107e-23,64675.91478572346,14597394.630627718
LU,clinical_center_community,41162,4721,0.7954540259225675,diagnosis208,4095533.926297573,979.73127584022,0.5434837078049654,28.01446930800357,1.082862546514192e-172,1411550.294821069,11882961.735756408
LU,clinical_center_community,41162,4721,0.7954540259225675,diagnosis209,0.9592818039460211,1536.3690859146081,0.952729298958873,-0.04363295580111323,0.9651969817740562,0.14824551294615407,6.207416070098371
LU,clinical_center_community,41162,4721,0.7954540259225675,diagnosis210,NA,0,0,NA,NA,NA,NA
LU,clinical_center_community,41162,4721,0.7954540259225675,diagnosis212,448224.3552982601,979.7315738718653,1.2241305177808004,10.630442579529564,2.1508931541766556e-26,40692.43377814561,4937160.401313709
LU,clinical_center_community,41162,4721,0.7954540259225675,diagnosis213,NA,0,0,NA,NA,NA,NA
LU,clinical_center_community,41162,4721,0.7954540259225675,diagnosis214,NA,0,0,NA,NA,NA,NA
LU,clinical_center_community,41162,4721,0.7954540259225675,diagnosis215,12691893.240743887,979.7315243540855,0.7508348340320536,21.784383567121942,3.263075378526132e-105,2913497.4405041956,55288929.31052787
LU,clinical_center_community,41162,4721,0.7954540259225675,diagnosis216,2837946.631514374,979.7313871981702,0.6569243659494214,22.618420173968847,2.855219515758916e-113,783121.5770479384,10284407.069568925
LU,clinical_center_community,41162,4721,0.7954540259225675,diagnosis217,2.2530527664220754,2027.292551995233,1.4213735115645696,0.5714796815071654,0.5676745296139081,0.13896199374222826,36.52974911757891
LU,clinical_center_community,41162,4721,0.7954540259225675,diagnosis218,1702772.8622904401,979.7315780788282,0.6220315204692968,23.06598315930218,1.0167845285892166e-117,503132.6833693198,5762765.004921126
LU,clinical_center_community,41162,4721,0.7954540259225675,diagnosis219,3510342.347228503,979.7312442865845,0.4245299099115169,35.500971247585376,4.748660676375611e-276,1527527.2228805874,8066961.563871919
LU,clinical_center_community,41162,4721,0.7954540259225675,diagnosis220,3735253.3300146707,979.7312437443579,0.42200248496502957,35.86075139220453,1.2503894308732382e-281,1633468.9936584614,8541403.2917376
LU,clinical_center_community,41162,4721,0.7954540259225675,diagnosis300,5579688.9553879015,979.7314191649865,0.6361546278732296,24.419603205555028,1.0589620857689384e-131,1603666.9854728943,19413587.185432494
LU,clinical_center_community,41162,4721,0.7954540259225675,diagnosis302,18679684.919382874,979.7314576152091,0.7798581839748928,21.469220260040284,3.0204343826209033e-102,4050914.3122404222,86136264.99900918
LU,clinical_center_community,41162,4721,0.7954540259225675,diagnosis303,NA,0,0,NA,NA,NA,NA
LU,clinical_center_community,41162,4721,0.7954540259225675,diagnosis400,1193653.0214113984,979.7318407331871,0.6085559812085158,22.993002058876133,5.476795289746501e-117,362138.17726308154,3934430.626157055
LU,clinical_center_community,41162,4721,0.7954540259225675,diagnosis401,7995382.4988914,979.7317860070913,0.7928685863797517,20.0466697992697,2.15817029746153e-89,1690239.6331170185,37820756.33008965
LU,clinical_center_community,41162,4721,0.7954540259225675,diagnosis402,3197138.735196375,979.7313159678121,0.5924019358534347,25.28311593201501,4.899024134258338e-141,1001170.4904135264,10209745.682647012
LU,clinical_center_community,41162,4721,0.7954540259225675,diagnosis403,2139284.1040515467,979.7313208255878,0.567822164179725,25.6699768338024,2.5303505713981455e-145,702970.9231184586,6510278.487118066
LU,clinical_center_community,41162,4721,0.7954540259225675,diagnosis404,20613965.095832746,979.7313227625946,0.5914301481521866,28.47585530424716,2.332408775325529e-178,6467482.787155376,65703392.023886956
LU,clinical_center_community,41162,4721,0.7954540259225675,diagnosis405,NA,0,0,NA,NA,NA,NA
LU,clinical_center_community,41162,4721,0.7954540259225675,diagnosis413,353910.11693550186,979.7317541118603,1.093437913425964,11.684978265370283,1.521184722337676e-31,41510.40191096528,3017373.1186210043
LU,clinical_center_community,41162,4721,0.7954540259225675,diagnosis416,NA,0,0,NA,NA,NA,NA
LU,clinical_center_community,41162,4721,0.7954540259225675,diagnosis417,7709688.940842746,979.7313763577868,0.6440173742116605,24.62354128138261,7.070088453551446e-134,2181967.478798774,27241150.082253154
LU,clinical_center_community,41162,4721,0.7954540259225675,diagnosis418,4324553.458067539,979.7313289422258,0.6749483328776031,22.63850238904006,1.8109201009124323e-113,1151925.00980384,16235225.776431903
LU,clinical_center_community,41162,4721,0.7954540259225675,diagnosis420,5222131.404296535,979.7312381092773,0.4130061063852474,37.453238468807314,5.320096771556497e-307,2324322.3626802885,11732734.168720463
LU,clinical_center_community,41162,4721,0.7954540259225675,diagnosis422,2364194.416328235,979.7314201330349,0.6699511470105904,21.905997116389965,2.277412871765782e-106,635945.2635348276,8789145.164993431
LU,clinical_center_community,41162,4721,0.7954540259225675,diagnosis424,3306676.1082001254,979.7317952500072,0.9344598280187392,16.06431180430615,4.538737182996018e-58,529636.6254208317,20644544.504175235
LU,clinical_center_community,41162,4721,0.7954540259225675,diagnosis432,1566272.939507204,979.7313624931799,0.7339477681483018,19.434910834604267,3.910932016148159e-84,371646.43550759245,6600926.812824014
LU,clinical_center_community,41162,4721,0.7954540259225675,diagnosis434,2365741.0323055624,979.7312566645602,0.4689804432926127,31.29469911514242,5.509313799731174e-215,943561.7461987741,5931493.783508219
LU,clinical_center_community,41162,4721,0.7954540259225675,diagnosis437,NA,0,0,NA,NA,NA,NA
LU,clinical_center_community,41162,4721,0.7954540259225675,diagnosis438,3886737.4192400416,979.7312727442799,0.46864246391193787,32.37666626988605,5.848182715014288e-230,1551229.3492451035,9738552.0545188
LU,clinical_center_community,41162,4721,0.7954540259225675,diagnosis440,NA,0,0,NA,NA,NA,NA
LU,clinical_center_community,41162,4721,0.7954540259225675,diagnosis447,4284104.434600919,979.7312731479832,0.4905445784099671,31.129529833097525,9.60067556171214e-213,1637976.8031149681,11205012.654430756
LU,clinical_center_community,41162,4721,0.7954540259225675,diagnosis448,2041488.526982821,979.7313845116385,0.6463442396145247,22.479027241730094,6.658233066949484e-112,575145.5042118946,7246297.459133119
LU,clinical_center_community,41162,4721,0.7954540259225675,diagnosis449,NA,0,0,NA,NA,NA,NA
LU,clinical_center_community,41162,4721,0.7954540259225675,diagnosis999,1735410.2904677368,979.7318110509705,1.1998000407852343,11.974290659849919,4.8456419031322275e-33,165245.83505174553,18225263.440486953
LU,clinical_center_community,41162,4721,0.7954540259225675,functional_status2,NA,0,0,NA,NA,NA,NA
LU,clinical_center_community,41162,4721,0.7954540259225675,functional_status2010,25.851520219416336,1729.079851435852,0.7009437329012538,4.63998642947447,3.4843205812910653e-6,6.543976032716063,102.12462489376128
LU,clinical_center_community,41162,4721,0.7954540259225675,functional_status2020,14.437950396768448,1729.079848808173,0.6933036865907969,3.850924545399387,1.1767275254775715e-4,3.709918571670106,56.188406196124596
LU,clinical_center_community,41162,4721,0.7954540259225675,functional_status2030,8.319942444833728,1729.0798492261551,0.6953278129243421,3.0469877628085973,0.0023114711977565553,2.1293949244573303,32.50756423352831
LU,clinical_center_community,41162,4721,0.7954540259225675,functional_status2040,2.107585228018495,1729.079848824302,0.694449736281858,1.073573523706419,0.2830138693952493,0.5403416675777747,8.22056813288866
LU,clinical_center_community,41162,4721,0.7954540259225675,functional_status2050,1.9088138728361306,1729.0798484064603,0.6931937219377805,0.9326138130031958,0.35101939888736156,0.4905869786757979,7.426961088462772
LU,clinical_center_community,41162,4721,0.7954540259225675,functional_status2060,1.2922503029797467,1729.0798485766197,0.6928845637735735,0.37002573438314934,0.7113633158878124,0.33232440259370544,5.024941991975395
LU,clinical_center_community,41162,4721,0.7954540259225675,functional_status2070,0.9939898319073186,1729.0798488132896,0.6936746927270768,-0.008690387454793017,0.9930661612997272,0.25522603451776754,3.871140292572147
LU,clinical_center_community,41162,4721,0.7954540259225675,functional_status2080,0.9232057640418738,1729.0798496324653,0.694840965704868,-0.1149948601843198,0.9084491959968933,0.23650961713315027,3.603696513872866
LU,clinical_center_community,41162,4721,0.7954540259225675,functional_status2090,0.7033498745793144,1729.0798622549105,0.7244783886217065,-0.48572991082170225,0.6271586737271155,0.17001776075261463,2.909702162179133
LU,clinical_center_community,41162,4721,0.7954540259225675,functional_status2100,2.190722316805713,1729.0799050010303,0.7813824553738218,1.0036459215076026,0.31554931177313367,0.47366727454362667,10.132142386181588
LU,clinical_center_community,41162,4721,0.7954540259225675,functional_status4010,17.871751301543718,1729.0801086629542,1.0052165376414952,2.86825894593716,0.004127375776805203,2.4918692116286225,128.17666878089406
LU,clinical_center_community,41162,4721,0.7954540259225675,functional_status4020,NA,0,0,NA,NA,NA,NA
LU,clinical_center_community,41162,4721,0.7954540259225675,functional_status4030,1.2662171373804794,1729.080253928973,0.9871638772191419,0.23910297872579028,0.81102573207122175,0.18290802965643757,8.765639441896345
LU,clinical_center_community,41162,4721,0.7954540259225675,functional_status4040,4.986810245386565,1729.0799628950704,0.9817760061181616,1.6366222702272706,0.1017094193788475,0.7280037083657676,34.15954635631877
LU,clinical_center_community,41162,4721,0.7954540259225675,functional_status4050,0.9822147288697871,1729.0799880377674,0.9687125151030459,-0.018524928102722795,0.9852200912258657,0.14710819085975022,6.558069730655019
LU,clinical_center_community,41162,4721,0.7954540259225675,functional_status4060,0.757275716222133,1729.0799759881572,0.9506290190532216,-0.29246726542421136,0.7699293846767287,0.11751062668225853,4.880124688045127
LU,clinical_center_community,41162,4721,0.7954540259225675,functional_status4070,1.2064720776532514,1729.0799221326465,0.7955616108234068,0.23593453982516868,0.8134834658037029,0.2537079080112429,5.737207348272526
LU,clinical_center_community,41162,4721,0.7954540259225675,functional_status4080,1.0107032017671735,1729.079978642017,0.9893309841342547,0.010761138724198517,0.9914140192680668,0.1453796373060443,7.026575254909822
LU,clinical_center_community,41162,4721,0.7954540259225675,functional_status4090,NA,0,0,NA,NA,NA,NA
LU,clinical_center_community,41162,4721,0.7954540259225675,functional_status4100,NA,0,0,NA,NA,NA,NA
LU,clinical_center_community,41162,4721,0.7954540259225675,functional_status996,NA,0,0,NA,NA,NA,NA
LU,clinical_center_community,41162,4721,0.7954540259225675,functional_status998,2.7182777536763756,1729.079857169332,0.7156781630173097,1.3972740159544572,0.1623311864745137,0.6685093319070081,11.053000449602878
LU,clinical_center_community,41162,4721,0.7954540259225675,life_supportY,0.9870300809097681,0.09433810566308166,0.09791828779638792,-0.1333230308110818,0.8939379142369465,0.8146708760187956,1.1958551720686115
LU,clinical_center_community,41162,4721,0.7954540259225675,ecmo1,1.7026968782799188,0.11975948103231127,0.12422984101400712,4.2841026657089865,1.8347818086102763e-5,1.334727803903321,2.1721107860537066
LU,clinical_center_community,41162,4721,0.7954540259225675,ventilator1,1.4604492352904264,0.1125831968608219,0.11542099926262504,3.2814140079860383,0.0010328801395825577,1.1647693472021043,1.831188272582778
LU,clinical_center_community,41162,4721,0.7954540259225675,"ns(pulm_art_mean, df = 3)1",5.49244670939083,0.1382536160968958,0.1400261830628584,12.164680815677523,4.793152017551401e-34,4.1742201360803675,7.226971714966912
LU,clinical_center_community,41162,4721,0.7954540259225675,"ns(pulm_art_mean, df = 3)2",2.9389975044974888,0.4725257649465179,0.4858361506335861,2.2189961305499963,0.02648698778276134,1.1341088413291327,7.616293971678592
LU,clinical_center_community,41162,4721,0.7954540259225675,"ns(pulm_art_mean, df = 3)3",1.765843293681234,0.3791769391360158,0.4108444606634011,1.3840477784501508,0.1663438254985518,0.7892974893902354,3.9506049110176806
LU,clinical_center_community,41162,4721,0.7954540259225675,"ns(wedge_mean, df = 3)1",0.6325375846154713,0.11393478046432434,0.11209592534575819,-4.085925839107931,4.3901400401183345e-5,0.5077735927463247,0.787957077064974
LU,clinical_center_community,41162,4721,0.7954540259225675,"ns(wedge_mean, df = 3)2",0.30532270869238287,0.23923436889527336,0.23072850863046698,-5.141913357315788,2.7195453549782263e-7,0.194250723033155,0.47990532538374353
LU,clinical_center_community,41162,4721,0.7954540259225675,"ns(wedge_mean, df = 3)3",0.710448862940506,0.32565410202326056,0.30794861703082616,-1.1101147674352783,0.2669495744742894,0.3885138321391254,1.2991495928842844
LU,clinical_center_community,41162,4721,0.7954540259225675,"ns(cardiac_output, df = 3)1",0.5952321157906987,0.12018957976868337,0.11965328332563328,-4.3358930446174115,1.4516952302389795e-5,0.47080091274487357,0.7525500951198604
LU,clinical_center_community,41162,4721,0.7954540259225675,"ns(cardiac_output, df = 3)2",0.2520634846712936,0.44570826991075463,0.4383751424204509,-3.143595898915153,0.0016688572322655175,0.10674912850855899,0.595189873606708
LU,clinical_center_community,41162,4721,0.7954540259225675,"ns(cardiac_output, df = 3)3",0.9340985717286456,0.27619054021560574,0.272568526835321,-0.2501143838240562,0.8024988927434109,0.5474972692059468,1.5936885730425088
LU,clinical_center_community,41162,4721,0.7954540259225675,corticosteroid_dependentN,0.7372410796866641,0.1297386440963575,0.1302413445130284,-2.3405803429116037,0.01925379529626214,0.5711469908795922,0.9516366509092626
LU,clinical_center_community,41162,4721,0.7954540259225675,corticosteroid_dependentU,0.9030998758726679,0.2670134154772621,0.28909483037605976,-0.3525560351205332,0.7244213025168382,0.5124574566524733,1.5915260383347802
LU,clinical_center_community,41162,4721,0.7954540259225675,corticosteroid_dependentY,0.9581573198958035,0.13021032611431405,0.13162604699085337,-0.32473282044359053,0.7453832925563225,0.7402808712804317,1.2401582767929302
LU,clinical_center_community,41162,4721,0.7954540259225675,diabetesMissing,NA,0,0,NA,NA,NA,NA
HR,clinical_center_community_plus_prior_pollution,72946,9929,0.7563904818699081,pm25_prior_1y_5ug,1.023381732076124,0.046515564660723076,0.04450692520581527,0.5193027128728468,0.6035496618602644,0.937893005169982,1.1166627363398614
HR,clinical_center_community_plus_prior_pollution,72946,9929,0.7563904818699081,o3_prior_1y_10ppb,1.0304716563182321,0.04753563450054886,0.0456069796151502,0.658158387983687,0.5104363604640706,0.9423566927955684,1.1268258002446208
HR,clinical_center_community_plus_prior_pollution,72946,9929,0.7563904818699081,no2_prior_1y_10unit,1.01373356203529,0.024400717734789624,0.023655955250477315,0.5766036992905018,0.564207199641629,0.9678049509094749,1.0618417831310316
HR,clinical_center_community_plus_prior_pollution,72946,9929,0.7563904818699081,"ns(age, df = 4)1",0.9659333392707953,0.04737414662483703,0.04666373288490508,-0.7427707123699014,0.457620509931332,0.8815093326563667,1.0584428109265924
HR,clinical_center_community_plus_prior_pollution,72946,9929,0.7563904818699081,"ns(age, df = 4)2",1.5053704380775843,0.04202386885768071,0.04173352198248344,9.801209836615334,1.112451252378367e-22,1.3871382419732756,1.633680110076265
HR,clinical_center_community_plus_prior_pollution,72946,9929,0.7563904818699081,"ns(age, df = 4)3",1.4241322156185592,0.1032713405146395,0.10276157924020651,3.440611358258271,5.804015465926839e-4,1.164339137857508,1.741891603244236
HR,clinical_center_community_plus_prior_pollution,72946,9929,0.7563904818699081,"ns(age, df = 4)4",5.451894124854637,0.09973168162217234,0.09702718331697,17.479257215986294,2.0616713374730343e-68,4.507728235026302,6.593820212511344
HR,clinical_center_community_plus_prior_pollution,72946,9929,0.7563904818699081,sexM,0.8964111660653202,0.025441118175559812,0.02485543779659291,-4.3996843452273,1.0840845175373377e-5,0.8537884406418768,0.9411616981397374
HR,clinical_center_community_plus_prior_pollution,72946,9929,0.7563904818699081,race_srtrBLACK,0.9445178918585233,0.02703812209117984,0.02635167974232159,-2.1661104556396342,0.03030274742219209,0.8969734713327229,0.9945824225050564
HR,clinical_center_community_plus_prior_pollution,72946,9929,0.7563904818699081,race_srtrMissing,0.6757547384344555,0.775025306147016,0.5286500417598191,-0.7413696222056966,0.4584693581937863,0.239773602440665,1.904481818967632
HR,clinical_center_community_plus_prior_pollution,72946,9929,0.7563904818699081,race_srtrMULTI,1.0865805093849843,0.14098445108285074,0.136878793865802,0.6066361003048314,0.5440924371043128,0.8309032735963445,1.420932184158055
HR,clinical_center_community_plus_prior_pollution,72946,9929,0.7563904818699081,race_srtrNATIVE,1.6163728661575922,0.15862978840769046,0.1422837271929231,3.374838971158191,7.385889435750284e-4,1.2230083529999314,2.1362578890339408
HR,clinical_center_community_plus_prior_pollution,72946,9929,0.7563904818699081,race_srtrPACIFIC,1.3289795834221647,0.22537762414051546,0.2162989418290313,1.3148997163234517,0.1885436081106565,0.8697697838395343,2.030637032889611
HR,clinical_center_community_plus_prior_pollution,72946,9929,0.7563904818699081,race_srtrWHITE,1.0271491593370936,0.025621537558497765,0.02494683443682211,1.0737698356753809,0.282925852544499,0.9781348463869426,1.0786195782963999
HR,clinical_center_community_plus_prior_pollution,72946,9929,0.7563904818699081,ethnicity_srtrNLATIN,1.0026822507168682,0.03972763677899204,0.03850742616926186,0.06956216419617084,0.9445421525548914,0.9297918746978889,1.0812868161805707
HR,clinical_center_community_plus_prior_pollution,72946,9929,0.7563904818699081,"ns(bmi, df = 3)1",3.0860200228222894,0.3779532662292691,0.3780742074364434,2.980584816503738,0.002876985553836128,1.4708940484485666,6.474646893367382
HR,clinical_center_community_plus_prior_pollution,72946,9929,0.7563904818699081,"ns(bmi, df = 3)2",1.7687123428500156,0.19182547273740652,0.19148346990099843,2.978073210267855,0.002900666903270893,1.2152515437782028,2.5742352418858148
HR,clinical_center_community_plus_prior_pollution,72946,9929,0.7563904818699081,"ns(bmi, df = 3)3",11.839351786200915,0.3674361423931379,0.3614088438492424,6.838318768981172,8.012794627293735e-12,5.830370579221876,24.04139647948861
HR,clinical_center_community_plus_prior_pollution,72946,9929,0.7563904818699081,aboA1,1.0779473867596838,0.3720919239488505,0.31669690016756874,0.23700473516048204,0.8126531167784637,0.5794616168188987,2.0052589073991878
HR,clinical_center_community_plus_prior_pollution,72946,9929,0.7563904818699081,aboA1B,2.9576585259392707,0.9009478691241788,0.5375471883925909,2.017307392135196,0.043663444680783293,1.031304790591173,8.482210143760513
HR,clinical_center_community_plus_prior_pollution,72946,9929,0.7563904818699081,aboA2,0.0188239968847921,13.173788813134095,0.792283931548188,-5.014140303572155,5.327110582381946e-7,0.003983992728597754,0.08894164293401731
HR,clinical_center_community_plus_prior_pollution,72946,9929,0.7563904818699081,aboA2B,0.01977001757915127,7.2517939221754215,0.5471095142623277,-7.171486969856564,7.418749953897927e-13,0.006765604284832148,0.05777068516351266
HR,clinical_center_community_plus_prior_pollution,72946,9929,0.7563904818699081,aboAB,1.0590718059707718,0.06702692309004567,0.06763669479026825,0.8485463393475409,0.39613377685339696,0.9275833567311659,1.209199240222317
HR,clinical_center_community_plus_prior_pollution,72946,9929,0.7563904818699081,aboB,1.0755184796254316,0.033414696207324505,0.032023731976031214,2.273403112103482,0.02300189878027943,1.0100880351928188,1.1451873101288506
HR,clinical_center_community_plus_prior_pollution,72946,9929,0.7563904818699081,aboO,0.9760547117199406,0.022421385776625058,0.0216017801936376,-1.121974061064649,0.2618734688828187,0.935592417966262,1.018266909795597
HR,clinical_center_community_plus_prior_pollution,72946,9929,0.7563904818699081,primary_pay10,0.8571126439018519,0.3178985308671736,0.24733904774010768,-0.6233788422752209,0.5330355982270025,0.5278402727514343,1.3917886191347393
HR,clinical_center_community_plus_prior_pollution,72946,9929,0.7563904818699081,primary_pay11,1.4368773852321997,0.22283206724358587,0.22972914158218538,1.5778245374149327,0.11460592509826127,0.9159545191233567,2.2540601930407314
HR,clinical_center_community_plus_prior_pollution,72946,9929,0.7563904818699081,primary_pay12,1.0879779286335483,0.35863467935805027,0.26252014674603263,0.32119767983809927,0.748060590292267,0.6503730414499242,1.8200261968959324
HR,clinical_center_community_plus_prior_pollution,72946,9929,0.7563904818699081,primary_pay2,1.0521245422560797,0.031228461313943336,0.030398698080342335,1.6715022909572066,0.09462250657438823,0.991269474390014,1.1167155662679376
HR,clinical_center_community_plus_prior_pollution,72946,9929,0.7563904818699081,primary_pay3,1.1265177882395,0.03010623790320264,0.028744433014043138,4.144498916414435,3.40557566625559e-5,1.0648066336366424,1.1918054293912925
HR,clinical_center_community_plus_prior_pollution,72946,9929,0.7563904818699081,primary_pay4,1.0900443704993659,0.03553635664113815,0.03444743043168848,2.5028979291700324,0.012318106365649624,1.0188786698457653,1.16618078758801
HR,clinical_center_community_plus_prior_pollution,72946,9929,0.7563904818699081,primary_pay5,0.8472412003227805,0.1753436335611477,0.16622065440965275,-0.99728794415705,0.31862476384966143,0.6116736741554669,1.173530400038012
HR,clinical_center_community_plus_prior_pollution,72946,9929,0.7563904818699081,primary_pay6,0.9088164351125333,0.11023153616833996,0.10842015420226453,-0.8818669136884147,0.37784878114516857,0.7348332000710001,1.1239929179177668
HR,clinical_center_community_plus_prior_pollution,72946,9929,0.7563904818699081,primary_pay7,0.8880206264265529,0.0955941688915692,0.09032981993055567,-1.3147408950134445,0.18859699750742354,0.7439335950512584,1.0600148161136245
HR,clinical_center_community_plus_prior_pollution,72946,9929,0.7563904818699081,primary_pay8,0.7825415328980374,0.25413990886607574,0.2452385667749081,-0.9998765039898744,0.3173702763913643,0.4839048225198664,1.26547871030004
HR,clinical_center_community_plus_prior_pollution,72946,9929,0.7563904818699081,primary_pay9,5.2573020668306265,0.6327598624813598,0.542574182019264,3.0587853884532246,0.002222362918646174,1.8151935922281608,15.226599047198189
HR,clinical_center_community_plus_prior_pollution,72946,9929,0.7563904818699081,education2,0.7505563145073261,0.05202936962456406,0.05076596649278286,-5.652223616755027,1.5838534828258393e-8,0.6794714511944389,0.8290779255795623
HR,clinical_center_community_plus_prior_pollution,72946,9929,0.7563904818699081,education3,0.7712876855864093,0.024634217269425135,0.024029910372714722,-10.807108221851998,3.1855401663008416e-27,0.7358039258492144,0.8084826310904288
HR,clinical_center_community_plus_prior_pollution,72946,9929,0.7563904818699081,education4,0.7600541221573036,0.027916297542283107,0.027060050807229556,-10.139139679631972,3.7034673981528444e-24,0.7207936662238541,0.8014530311215317
HR,clinical_center_community_plus_prior_pollution,72946,9929,0.7563904818699081,education5,0.7265655995402142,0.03216126853305273,0.031166279147044944,-10.249106196942483,1.194429002104261e-24,0.6835118474926412,0.7723312659052545
HR,clinical_center_community_plus_prior_pollution,72946,9929,0.7563904818699081,education6,0.6658229958276108,0.04756042620492862,0.046255386045592886,-8.793168765148804,1.4539981712321096e-18,0.6081155859971501,0.7290065770077668
HR,clinical_center_community_plus_prior_pollution,72946,9929,0.7563904818699081,education996,1.0514789242348526,0.048976021727792,0.04827101101209644,1.0399134259584077,0.2983801242537921,0.9565599930418223,1.1558166096768212
HR,clinical_center_community_plus_prior_pollution,72946,9929,0.7563904818699081,education998,1.2348610461337333,0.04663901471520571,0.04660800505002831,4.526227850159482,6.004583927899318e-6,1.1270554544422982,1.352978504516494
HR,clinical_center_community_plus_prior_pollution,72946,9929,0.7563904818699081,educationMissing,0.6355683615120274,1.0230826332545624,0.989507429601459,-0.4580416572494491,0.6469225133270664,0.0913885988493347,4.4201043373149815
HR,clinical_center_community_plus_prior_pollution,72946,9929,0.7563904818699081,"ns(median_household_income, df = 3)1",7.024576726302349e-116,0.20116840753641355,0.18816197907433843,-1409.160645156871,0,4.8579875057038174e-116,1.0157432090093376e-115
HR,clinical_center_community_plus_prior_pollution,72946,9929,0.7563904818699081,"ns(median_household_income, df = 3)2",1038902253967518e227,0.9548464207762914,0.8930368144432969,624.0098371337698,0,18047638107992033e225,5980383066418177e227
HR,clinical_center_community_plus_prior_pollution,72946,9929,0.7563904818699081,"ns(median_household_income, df = 3)3",3.3147645770602e-129,0.24687742167753063,0.23109350957648697,-1280.1531766718829,0,2.1073930195098225e-129,5.2138657097235724e-129
HR,clinical_center_community_plus_prior_pollution,72946,9929,0.7563904818699081,"ns(pct_poverty, df = 3)1",0.9223963752529136,0.057284610174964834,0.055637588187821246,-1.4519004571770504,0.14652928542655713,0.8271014586114485,1.0286707443462573
HR,clinical_center_community_plus_prior_pollution,72946,9929,0.7563904818699081,"ns(pct_poverty, df = 3)2",0.6650129490908249,0.09613399278309172,0.09246479069584657,-4.411936296278891,1.0245025979283882e-5,0.5547840024288057,0.79714306923482
HR,clinical_center_community_plus_prior_pollution,72946,9929,0.7563904818699081,"ns(pct_poverty, df = 3)3",0.49169025880142514,0.12444046990855254,0.12054579914081905,-5.889100417305508,3.883034623668888e-9,0.38822440589921536,0.6227308405308607
HR,clinical_center_community_plus_prior_pollution,72946,9929,0.7563904818699081,"ns(pct_bachelor_plus, df = 3)1",1.1477020416874384,0.04940975575793614,0.04789210284187472,2.8765017709915286,0.00402109939011302,1.044872555925313,1.2606513292207369
HR,clinical_center_community_plus_prior_pollution,72946,9929,0.7563904818699081,"ns(pct_bachelor_plus, df = 3)2",0.5895433235535533,0.10659285101330618,0.10336116965532059,-5.112239648932312,3.1836158680276365e-7,0.48143153949046974,0.7219330306328007
HR,clinical_center_community_plus_prior_pollution,72946,9929,0.7563904818699081,"ns(pct_bachelor_plus, df = 3)3",0.6640956377449303,0.08326894467155149,0.08134040770178126,-5.032297214808166,4.846371313764083e-7,0.5662308754968012,0.7788748991917824
HR,clinical_center_community_plus_prior_pollution,72946,9929,0.7563904818699081,"ns(pct_unemployed, df = 3)1",1.2375769478345175,0.11316832080525283,0.10857663828864587,1.9631791604124034,0.049625359950935845,1.0003491539277747,1.5310621254566301
HR,clinical_center_community_plus_prior_pollution,72946,9929,0.7563904818699081,"ns(pct_unemployed, df = 3)2",0.2996818851148469,0.12081252476951994,0.11814267207511682,-10.199817971901139,1.986444509245369e-24,0.23773726772810433,0.37776673856915627
HR,clinical_center_community_plus_prior_pollution,72946,9929,0.7563904818699081,"ns(pct_unemployed, df = 3)3",0.0795703844620831,0.22412614632241598,0.2174732595814949,-11.638733491779902,2.618753745433458e-31,0.05195626010273411,0.1218610822050014
HR,clinical_center_community_plus_prior_pollution,72946,9929,0.7563904818699081,"ns(pct_no_vehicle, df = 3)1",0.8945309032471533,0.07221210677370239,0.06975534114978901,-1.5978106726255343,0.1100851187008508,0.780224340251701,1.0255839193712255
HR,clinical_center_community_plus_prior_pollution,72946,9929,0.7563904818699081,"ns(pct_no_vehicle, df = 3)2",0.9420683686770067,0.070934995919087,0.06889848335663078,-0.8661646224803118,0.3863998909725971,0.8230683970311817,1.0782734636185214
HR,clinical_center_community_plus_prior_pollution,72946,9929,0.7563904818699081,"ns(pct_no_vehicle, df = 3)3",1.146501502387482,0.08716975156325656,0.085960180427487,1.5904472634558948,0.11173402393587833,0.9687354439617198,1.3568882022125075
HR,clinical_center_community_plus_prior_pollution,72946,9929,0.7563904818699081,"ns(pct_black, df = 3)1",1.1250173233303822,0.06011678315542135,0.05845683108435081,2.015135474650422,0.043890456141846806,1.0032303568714862,1.2615885964020817
HR,clinical_center_community_plus_prior_pollution,72946,9929,0.7563904818699081,"ns(pct_black, df = 3)2",1.0873083130828107,0.05353676961169974,0.05153530264906356,1.6242303879053672,0.10432664767861746,0.9828466898319395,1.2028726147525033
HR,clinical_center_community_plus_prior_pollution,72946,9929,0.7563904818699081,"ns(pct_black, df = 3)3",1.1156561175348503,0.05041039067139176,0.04883456352854601,2.2410905341893366,0.025020211229201155,1.01382336358654,1.2277173887467716
HR,clinical_center_community_plus_prior_pollution,72946,9929,0.7563904818699081,"ns(pct_hispanic, df = 3)1",1.0972499537685578,0.06678987506835139,0.06492108030899221,1.4295357842255767,0.15285029745291887,0.9661501985731751,1.246139019402081
HR,clinical_center_community_plus_prior_pollution,72946,9929,0.7563904818699081,"ns(pct_hispanic, df = 3)2",0.8813126052925879,0.06466774502109696,0.06349682627432256,-1.989751194278341,0.0466183501785108,0.7781823661015672,0.9981103942751559
HR,clinical_center_community_plus_prior_pollution,72946,9929,0.7563904818699081,"ns(pct_hispanic, df = 3)3",0.8556584860567173,0.06424315310927811,0.06277533842230233,-2.4832036155091637,0.013020663746463237,0.7565994075999167,0.9676870446983338
HR,clinical_center_community_plus_prior_pollution,72946,9929,0.7563904818699081,init_status2020,0.6835177757476353,0.02791173432172336,0.026888369018502726,-14.151197342925748,1.836043037313074e-45,0.6484289439453512,0.7205053909536299
HR,clinical_center_community_plus_prior_pollution,72946,9929,0.7563904818699081,init_status2030,0.5170928765603955,0.030517574152635854,0.029245801765212624,-22.55136585819156,1.3020444024523324e-112,0.48828623713239805,0.5475989750597934
HR,clinical_center_community_plus_prior_pollution,72946,9929,0.7563904818699081,init_status2110,2.2363488775140175,0.11442478029571332,0.11730028864138668,6.8614031555639095,6.818742420146166e-12,1.7770243101425187,2.8143994842462803
HR,clinical_center_community_plus_prior_pollution,72946,9929,0.7563904818699081,init_status2120,1.4117436995137422,0.06927009494564772,0.07051534265411726,4.890079147191034,1.007954412892098e-6,1.2295129000262408,1.6209836212976791
HR,clinical_center_community_plus_prior_pollution,72946,9929,0.7563904818699081,init_status2130,0.8714456762374981,0.09440713910772543,0.09336635490648443,-1.4737830317703324,0.1405400183633851,0.7257160600015271,1.0464389704031525
HR,clinical_center_community_plus_prior_pollution,72946,9929,0.7563904818699081,init_status2140,0.46629316584332303,0.055234834208992736,0.0527047497974067,-14.47574904244761,1.7243695831782048e-47,0.42052971220874547,0.5170367519816523
HR,clinical_center_community_plus_prior_pollution,72946,9929,0.7563904818699081,init_status2150,0.5001637198587559,0.10801024385001974,0.10384135474403108,-6.671906353176141,2.5250168318145655e-11,0.4080583460232488,0.6130587674555128
HR,clinical_center_community_plus_prior_pollution,72946,9929,0.7563904818699081,init_status2160,0.3337116581053177,0.07552641369012122,0.07357200949423819,-14.91705834179402,2.5528196597700075e-50,0.2888994871112085,0.3854747956424457
HR,clinical_center_community_plus_prior_pollution,72946,9929,0.7563904818699081,init_status2999,0.9212422066280812,0.05523377961131294,0.054812659617594774,-1.4965939556507764,0.13449894384543293,0.8274032195277647,1.025723834815822
HR,clinical_center_community_plus_prior_pollution,72946,9929,0.7563904818699081,medical_condition2,0.9001672224108326,0.044019984906291186,0.04346154321081993,-2.4199492808649183,0.01552267199916725,0.8266633094538169,0.9802068375796257
HR,clinical_center_community_plus_prior_pollution,72946,9929,0.7563904818699081,medical_condition3,0.7085065286880851,0.03524729859126613,0.033448088492407345,-10.302412503149633,6.871599362418433e-25,0.6635486836583928,0.7565104317983543
HR,clinical_center_community_plus_prior_pollution,72946,9929,0.7563904818699081,medical_conditionMissing,0.759315938512613,0.056382978647025614,0.052483686765615906,-5.246150735406187,1.5530984994553056e-7,0.6850910925346819,0.8415825293336486
HR,clinical_center_community_plus_prior_pollution,72946,9929,0.7563904818699081,diagnosis1001,1.2462853767780722,0.10727709491278012,0.10024065507171759,2.1963885642577283,0.02806414348065321,1.0239824161547006,1.5168495238459285
HR,clinical_center_community_plus_prior_pollution,72946,9929,0.7563904818699081,diagnosis1002,0.8987967339167668,0.11807313722796368,0.11978100392296663,-0.8907787462914999,0.37304787942823425,0.7107284661832912,1.1366303832427518
HR,clinical_center_community_plus_prior_pollution,72946,9929,0.7563904818699081,diagnosis1003,0.8297994434023529,0.08750518920379355,0.08376974704991436,-2.227191180768753,0.025934499294883402,0.7041548926493573,0.9778631426959853
HR,clinical_center_community_plus_prior_pollution,72946,9929,0.7563904818699081,diagnosis1004,0.9881555524184062,0.10754752259402446,0.11074395217650926,-0.10759189710775668,0.9143194248495182,0.7953529427672795,1.2276957100051058
HR,clinical_center_community_plus_prior_pollution,72946,9929,0.7563904818699081,diagnosis1005,1.4556042354352645,0.22921203325182657,0.22370440325923543,1.6782016403528681,0.09330774164837854,0.9389139189673549,2.256632527662793
HR,clinical_center_community_plus_prior_pollution,72946,9929,0.7563904818699081,diagnosis1006,0.9437537174197781,0.1266025405180992,0.12678086000261368,-0.45661497672142803,0.6479478124756706,0.7361098203347697,1.209970380151414
HR,clinical_center_community_plus_prior_pollution,72946,9929,0.7563904818699081,diagnosis1007,1.1287488120642768,0.025539630113107427,0.024715430452205596,4.90016848170845,9.575450517840634e-7,1.075373905059811,1.1847729192067884
HR,clinical_center_community_plus_prior_pollution,72946,9929,0.7563904818699081,diagnosis1008,0.7230022772712565,0.34283109711644666,0.33245285694376525,-0.9756057146184202,0.32925989154799334,0.37683851207238805,1.387151992679054
HR,clinical_center_community_plus_prior_pollution,72946,9929,0.7563904818699081,diagnosis1009,0.0048941747144126396,35.35348587464251,0.8730223965970124,-6.09344002584385,1.1050974893278932e-9,8.842222880121365e-4,0.027089281123014702
HR,clinical_center_community_plus_prior_pollution,72946,9929,0.7563904818699081,diagnosis1010,2.385511212070044,1.0529375596768307,1.0540247847727038,0.8248510458344744,0.40945616210165914,0.302269229326072,18.826473854449482
HR,clinical_center_community_plus_prior_pollution,72946,9929,0.7563904818699081,diagnosis1049,0.9678834948788396,0.0467870339477636,0.04674252503435581,-0.698369535131439,0.48494612342311394,0.8831526461755108,1.0607435347849312
HR,clinical_center_community_plus_prior_pollution,72946,9929,0.7563904818699081,diagnosis1050,1.381094156131795,0.11881013017543847,0.10965166894969554,2.944561217090095,0.003234129597852351,1.1140062253694147,1.7122176022570044
HR,clinical_center_community_plus_prior_pollution,72946,9929,0.7563904818699081,diagnosis1051,1.7630318239031129,0.10414368923791228,0.10006899008042197,5.666440260779104,1.4579462901250718e-8,1.4490429988171192,2.145057955238378
HR,clinical_center_community_plus_prior_pollution,72946,9929,0.7563904818699081,diagnosis1052,1.381109498421534,0.7333699554501636,0.40935602885724054,0.7887685480329022,0.43024729534098266,0.619132537997671,3.0808644830702736
HR,clinical_center_community_plus_prior_pollution,72946,9929,0.7563904818699081,diagnosis1053,1.2628415078675361,0.15592347138976706,0.15195347426434003,1.5357618376250874,0.1245968025628219,0.9375745633932503,1.7009513016451712
HR,clinical_center_community_plus_prior_pollution,72946,9929,0.7563904818699081,diagnosis1054,2.0039482400734467,0.23028958009898415,0.22075597900664,3.1488132629988272,0.0016393491353895594,1.300105722755746,3.088832299254424
HR,clinical_center_community_plus_prior_pollution,72946,9929,0.7563904818699081,diagnosis1099,1.8444960515889386,0.17376288303713391,0.1532320772723166,3.9952868114161495,6.461597989455958e-5,1.365986317575135,2.4906294013007573
HR,clinical_center_community_plus_prior_pollution,72946,9929,0.7563904818699081,diagnosis1100,4.9252707084267255,0.4885218297877507,0.36163925696699717,4.408755987011068,1.039660830519975e-5,2.4243884820553454,10.005942418403437
HR,clinical_center_community_plus_prior_pollution,72946,9929,0.7563904818699081,diagnosis1101,2.42892709028363,0.19433889689801087,0.18783550752715517,4.724610617565608,2.3055669104496094e-6,1.680848631120058,3.5099453339723756
HR,clinical_center_community_plus_prior_pollution,72946,9929,0.7563904818699081,diagnosis1102,1.856734639687325,0.06841122922462851,0.06672671714083778,9.273937057915548,1.7939881709758836e-20,1.6291157980341175,2.1161562157674334
HR,clinical_center_community_plus_prior_pollution,72946,9929,0.7563904818699081,diagnosis1103,2.412755449199333,0.221219366790575,0.20915830483369136,4.211018228534219,2.5422222975265616e-5,1.6013174389184393,3.6353746709790125
HR,clinical_center_community_plus_prior_pollution,72946,9929,0.7563904818699081,diagnosis1104,2.7041074641559684,0.207477862114248,0.17824900374402014,5.580799214344009,2.394158985069586e-8,1.9067691636423383,3.834862298557501
HR,clinical_center_community_plus_prior_pollution,72946,9929,0.7563904818699081,diagnosis1105,1.7502013382878832,0.15119388852696797,0.14740228352407966,3.7973009534578104,1.4628015210696338e-4,1.3110491110324496,2.3364530731670516
HR,clinical_center_community_plus_prior_pollution,72946,9929,0.7563904818699081,diagnosis1106,2.4421330195286894,0.1164429153444352,0.12103131929353182,7.377196670813938,1.6165712553460803e-13,1.9264035499874594,3.0959316313090985
HR,clinical_center_community_plus_prior_pollution,72946,9929,0.7563904818699081,diagnosis1199,1.9208883548487605,0.18700407622023196,0.18114411090788435,3.60369299658378,3.1372759723398506e-4,1.3468275048397103,2.7396322532280872
HR,clinical_center_community_plus_prior_pollution,72946,9929,0.7563904818699081,diagnosis1200,1.007587404222851,0.07952015463481114,0.08103394601068424,0.09327899009013921,0.9256819227796752,0.8596199972402694,1.1810246160022482
HR,clinical_center_community_plus_prior_pollution,72946,9929,0.7563904818699081,diagnosis1201,1.0942434117800504,0.08439988073605324,0.0837148464811052,1.0758327834721244,0.28200204759516817,0.9286578495236616,1.2893539260322986
HR,clinical_center_community_plus_prior_pollution,72946,9929,0.7563904818699081,diagnosis1202,1.345694410584525,0.09257609079917738,0.0911837153218847,3.2561753945984115,0.0011292397038219306,1.1254617233492819,1.6090226874081166
HR,clinical_center_community_plus_prior_pollution,72946,9929,0.7563904818699081,diagnosis1203,1.076153191397247,0.4488386544570283,0.383182061314494,0.19153512181921548,0.8481063666278201,0.5078189884219718,2.280548222415332
HR,clinical_center_community_plus_prior_pollution,72946,9929,0.7563904818699081,diagnosis1204,1.8806702426254838,1.0301167305224195,0.8617970581756348,0.7329199135101343,0.46360727677132396,0.34733589481201105,10.182997537329927
HR,clinical_center_community_plus_prior_pollution,72946,9929,0.7563904818699081,diagnosis1205,1.5352885929456694,0.243841201587396,0.21803874842102722,1.966248544839409,0.049269907382994915,1.00137121692145,2.3538833789088143
HR,clinical_center_community_plus_prior_pollution,72946,9929,0.7563904818699081,diagnosis1206,1.9394666029872085,0.08323097456184142,0.08121308253675857,8.156481291752147,3.449259069821352e-16,1.6540689317367796,2.2741075851978665
HR,clinical_center_community_plus_prior_pollution,72946,9929,0.7563904818699081,diagnosis1207,1.8421508110402278,0.04167217139899144,0.03961042910326285,15.423559447383836,1.1366314103765977e-53,1.70454598966702,1.9908642132202528
HR,clinical_center_community_plus_prior_pollution,72946,9929,0.7563904818699081,diagnosis1208,0.34032648888814976,0.39083255316738086,0.37032994115525275,-2.9105123321379036,0.00360836726604566,0.1646911779235185,0.7032685083637141
HR,clinical_center_community_plus_prior_pollution,72946,9929,0.7563904818699081,diagnosis1209,0.4233779282135698,1.0317046380021835,1.018501656964724,-0.8438769300290918,0.398738180971225,0.05751459039573285,3.1165808339254664
HR,clinical_center_community_plus_prior_pollution,72946,9929,0.7563904818699081,diagnosis999,1.578460923466881,0.09441404813553878,0.09636735350668778,4.736565409496077,2.1737060569084403e-6,1.3067899773020908,1.906610036951599
HR,clinical_center_community_plus_prior_pollution,72946,9929,0.7563904818699081,functional_status2,0.6445871048298354,13.787817887748163,0.8297729802129203,-0.5292354959620998,0.5966420958844417,0.1267586402373962,3.2778241777820125
HR,clinical_center_community_plus_prior_pollution,72946,9929,0.7563904818699081,functional_status2010,42.99468035065292,0.06599490312382261,0.06945504714157415,54.1512323445491,0,37.522734564185946,49.26460077936819
HR,clinical_center_community_plus_prior_pollution,72946,9929,0.7563904818699081,functional_status2020,26.93105030201114,0.029885187927947914,0.03037824299882184,108.40916334033486,0,25.374370903145625,28.58322963504653
HR,clinical_center_community_plus_prior_pollution,72946,9929,0.7563904818699081,functional_status2030,24.70297710920716,0.04549225150749048,0.045062911709161865,71.16548055761362,0,22.614744003935495,26.984036518468546
HR,clinical_center_community_plus_prior_pollution,72946,9929,0.7563904818699081,functional_status2040,16.714582999190505,0.04364813668389684,0.04226842737984695,66.62849191317184,0,15.385676458535148,18.158271141977945
HR,clinical_center_community_plus_prior_pollution,72946,9929,0.7563904818699081,functional_status2050,18.887723505976027,0.039799664119633774,0.03803899681294042,77.24999098999969,0,17.530760789999967,20.34972147025686
HR,clinical_center_community_plus_prior_pollution,72946,9929,0.7563904818699081,functional_status2060,15.446516429407186,0.03925487472645142,0.036405098605748296,75.19231121279547,0,14.382767980396723,16.588939634508716
HR,clinical_center_community_plus_prior_pollution,72946,9929,0.7563904818699081,functional_status2070,15.616976908193088,0.036419386898644476,0.03450903318262057,79.6417150062622,0,14.59562934101575,16.70979455922955
HR,clinical_center_community_plus_prior_pollution,72946,9929,0.7563904818699081,functional_status2080,12.761211789951922,0.04591431596718131,0.042470202318143,59.95757265757697,0,11.74197671176656,13.868919207173906
HR,clinical_center_community_plus_prior_pollution,72946,9929,0.7563904818699081,functional_status2090,12.101108186784316,0.08355646830195099,0.07591900120132532,32.841541572468834,1.5041755239683268e-236,10.428042024148114,14.04259965669069
HR,clinical_center_community_plus_prior_pollution,72946,9929,0.7563904818699081,functional_status2100,9.648449423634476,0.20660515021504114,0.18428311704620814,12.300623395594057,8.987777929719634e-35,6.723500647476114,13.845849232628218
HR,clinical_center_community_plus_prior_pollution,72946,9929,0.7563904818699081,functional_status4010,26.839060408456714,0.09174514704644482,0.09105916574690436,36.128799087598416,8.009501546731981e-286,22.45213295997203,32.083150625065876
HR,clinical_center_community_plus_prior_pollution,72946,9929,0.7563904818699081,functional_status4020,19.15594698314107,0.186938358000804,0.19294134243686506,15.303165083996758,7.282707224863091e-53,13.12416427985004,27.95989877879709
HR,clinical_center_community_plus_prior_pollution,72946,9929,0.7563904818699081,functional_status4030,24.668663874043588,0.16775416034713916,0.17131462919421164,18.711383751652654,3.9985698931523866e-78,17.63284341002232,34.511902770295904
HR,clinical_center_community_plus_prior_pollution,72946,9929,0.7563904818699081,functional_status4040,26.913259962758097,0.11935200345947622,0.11835438052770787,27.82000197958642,2.4852573235175484e-170,21.34139848703097,33.939835867043335
HR,clinical_center_community_plus_prior_pollution,72946,9929,0.7563904818699081,functional_status4050,21.71026848462547,0.15729144366224398,0.14313368560472609,21.502872211211173,1.4634457630668507e-102,16.39946122109686,28.740929431765622
HR,clinical_center_community_plus_prior_pollution,72946,9929,0.7563904818699081,functional_status4060,14.055106708323112,0.12007034057608576,0.11346088194062191,23.294246892152973,5.0703495782370316e-120,11.252682607991796,17.555460459006433
HR,clinical_center_community_plus_prior_pollution,72946,9929,0.7563904818699081,functional_status4070,11.340304239180735,0.14345524297265272,0.13910818238526676,17.456651975123705,3.063843137089896e-68,8.634070818330418,14.894770142972789
HR,clinical_center_community_plus_prior_pollution,72946,9929,0.7563904818699081,functional_status4080,10.465130979024698,0.13197975348365396,0.12290597913602223,19.104431600789326,2.3193943448001717e-81,8.224829600241325,13.315651719389914
HR,clinical_center_community_plus_prior_pollution,72946,9929,0.7563904818699081,functional_status4090,7.209929639567701,0.23226293134094134,0.22613055290563572,8.735923417412444,2.4167367103834567e-18,4.628586144113011,11.230877807823216
HR,clinical_center_community_plus_prior_pollution,72946,9929,0.7563904818699081,functional_status4100,12.533256228361582,0.19848858183385842,0.17247106904100273,14.659766555487042,1.1667340050170046e-48,8.938327811716478,17.5740378955288
HR,clinical_center_community_plus_prior_pollution,72946,9929,0.7563904818699081,functional_status996,26.06675258751695,0.051298858177385505,0.0497269118147487,65.57134831177942,0,23.646088233175277,28.73522181590792
HR,clinical_center_community_plus_prior_pollution,72946,9929,0.7563904818699081,functional_status998,19.098255811336283,0.09219991600551555,0.09330420417093852,31.612691392777318,2.4710882780827714e-219,15.906441171568558,22.930545626207614
HR,clinical_center_community_plus_prior_pollution,72946,9929,0.7563904818699081,life_supportN,37.321042204971235,0.026014575865657277,0.025338447304133982,142.84842549041682,0,35.51285904905923,39.22129134523012
HR,clinical_center_community_plus_prior_pollution,72946,9929,0.7563904818699081,life_supportY,44.17320331925136,0.026014587612797208,0.025338482453035202,149.50060061843575,0,42.03303397950794,46.42234230427451
HR,clinical_center_community_plus_prior_pollution,72946,9929,0.7563904818699081,ecmo1,2.474796422300303,0.05094241702489284,0.05281403087439481,17.157526589414744,5.521557194204141e-66,2.2314342510310805,2.7446998848388082
HR,clinical_center_community_plus_prior_pollution,72946,9929,0.7563904818699081,ventilator1,1.5110180660582258,0.04116061108141374,0.04188816721471791,9.854421117592887,6.559357839236785e-23,1.3919203500156099,1.6403062114356872
HR,clinical_center_community_plus_prior_pollution,72946,9929,0.7563904818699081,iabp1,0.998330999324708,0.04632639980138818,0.04800651401099337,-0.03479517400870242,0.9722430688861978,0.9086807710095723,1.0968260978003805
HR,clinical_center_community_plus_prior_pollution,72946,9929,0.7563904818699081,inotropes1,0.98212183305277,0.02626656163625065,0.025944543641865835,-0.695325858380392,0.48685111261450864,0.9334290873019989,1.0333546576600963
HR,clinical_center_community_plus_prior_pollution,72946,9929,0.7563904818699081,vad_tahMissing,0.8765111269346836,18.667792310551516,0.8889418247393784,-0.14827278489870685,0.8821274924379341,0.15349307287742459,5.005253600296543
HR,clinical_center_community_plus_prior_pollution,72946,9929,0.7563904818699081,vad1203,0.2036980502938323,0.34587776081399224,0.31284398032690136,-5.085974566592016,3.657430671379566e-7,0.11032999368195331,0.3760799244955965
HR,clinical_center_community_plus_prior_pollution,72946,9929,0.7563904818699081,vad1204,0.019269623115351204,4.431430075732661,26.72600185791697,-0.14776715858382172,0.8825265284103444,3.4328845270048433e-25,1081651223880946e6
HR,clinical_center_community_plus_prior_pollution,72946,9929,0.7563904818699081,vad1205,0.20296616884005117,0.04119914379600461,0.03975659562262423,-40.11198506347545,0,0.1877512246935438,0.2194140984211899
HR,clinical_center_community_plus_prior_pollution,72946,9929,0.7563904818699081,vad1206,2.3417388389946927,1.0629952519252408,0.40188293286034243,2.117267685252605,0.034237135810523435,1.0652586916171451,5.147801968863983
HR,clinical_center_community_plus_prior_pollution,72946,9929,0.7563904818699081,vad1207,0.00419713678465554,9.840593697876304,0.9050156828822787,-6.0477987372283595,1.468382261958642e-9,7.122006688416498e-4,0.02473454176581988
HR,clinical_center_community_plus_prior_pollution,72946,9929,0.7563904818699081,vad1208,0.3933104250702677,0.15601943023496415,0.13842354835111279,-6.741310307018328,1.5696456892610312e-11,0.2998534982965314,0.5158955668276894
HR,clinical_center_community_plus_prior_pollution,72946,9929,0.7563904818699081,vad1209,0.47830484400085765,0.6155478780442458,0.48559881152118417,-1.5187578373597037,0.12882346229980518,0.18465553133937487,1.2389313341186765
HR,clinical_center_community_plus_prior_pollution,72946,9929,0.7563904818699081,vad1210,0.5148572768457941,0.2824439146168148,0.27484622649647306,-2.415407180689259,0.015717627937614602,0.30042586699776475,0.88234085223773
HR,clinical_center_community_plus_prior_pollution,72946,9929,0.7563904818699081,vad1212,0.42916177340749173,0.8714261024433337,0.8685976224348028,-0.9738932217832575,0.33010955961572436,0.0782112801824919,2.354901074685299
HR,clinical_center_community_plus_prior_pollution,72946,9929,0.7563904818699081,vad1213,1.3938841724646565,0.496726381309871,0.47258818714479334,0.7027137534657962,0.48223415482344195,0.5520251856928328,3.519609497180784
HR,clinical_center_community_plus_prior_pollution,72946,9929,0.7563904818699081,vad1214,0.49571210932258736,1.189351160619406,0.559022203839583,-1.2553346552279168,0.2093572997252462,0.16572535784195627,1.4827573675441348
HR,clinical_center_community_plus_prior_pollution,72946,9929,0.7563904818699081,vad1215,0.15876780646917735,0.3921486537887898,0.4338316983334247,-4.241996349815342,2.215402961174878e-5,0.06783974917214156,0.37157001136710444
HR,clinical_center_community_plus_prior_pollution,72946,9929,0.7563904818699081,vad1216,0.3970567584027356,0.1820831035837304,0.17008276274747697,-5.430744570021292,5.6119411304248275e-8,0.2844971253680712,0.5541499556078877
HR,clinical_center_community_plus_prior_pollution,72946,9929,0.7563904818699081,vad1217,0.3073976246150296,0.26805141990702236,0.25403362581423783,-4.643531624873232,3.4250353745771966e-6,0.18683863806104845,0.505748171789218
HR,clinical_center_community_plus_prior_pollution,72946,9929,0.7563904818699081,vad1218,1.4542548194700502,1.0366686773010798,0.9697965716082237,0.3861568795206642,0.6993804867394505,0.21734425915090247,9.730448313721132
HR,clinical_center_community_plus_prior_pollution,72946,9929,0.7563904818699081,vad1221,0.6481335147361479,0.7912261336553368,0.9559347550410057,-0.4536487038546452,0.6500816928587327,0.09953397318549373,4.220438906235237
HR,clinical_center_community_plus_prior_pollution,72946,9929,0.7563904818699081,vad1222,0.16867604413870468,0.16049992151949297,0.1407402098973699,-12.645819581666185,1.1798773267571359e-36,0.12801330888245635,0.22225507734048897
HR,clinical_center_community_plus_prior_pollution,72946,9929,0.7563904818699081,vad1223,0.3037205628959709,1.0466063232524039,0.974675005352203,-1.2226097876283484,0.22147711455950145,0.04496031314635229,2.0517245959913755
HR,clinical_center_community_plus_prior_pollution,72946,9929,0.7563904818699081,vad1224,0.23359631717301357,0.060235688543044126,0.056926672313835025,-25.54445455132316,6.327694372758208e-144,0.20893438552314741,0.26116926259009565
HR,clinical_center_community_plus_prior_pollution,72946,9929,0.7563904818699081,vad1225,0.47959606871316557,0.3805427143425892,0.5341018103278554,-1.3757883584462334,0.16888716669222387,0.16836326114549083,1.366167342923814
HR,clinical_center_community_plus_prior_pollution,72946,9929,0.7563904818699081,vad1226,0.359683563942464,0.1624480506524674,0.16379811228619254,-6.2426276398808405,4.302803919109377e-10,0.2609128008258769,0.4958448407316382
HR,clinical_center_community_plus_prior_pollution,72946,9929,0.7563904818699081,vad1227,0.24089218168626847,0.12325145242988775,0.13912269090712168,-10.231298828461382,1.4358063203936295e-24,0.1834008126580371,0.3164055947002218
HR,clinical_center_community_plus_prior_pollution,72946,9929,0.7563904818699081,vad1228,0.641611256855284,0.37666069343403735,0.3502761531021891,-1.266922323085841,0.20518306586668436,0.32293593395113945,1.274757503405312
HR,clinical_center_community_plus_prior_pollution,72946,9929,0.7563904818699081,vad1230,0.008405582056770344,11.647835795984758,0.7487302039459244,-6.382618516098734,1.740852002686491e-10,0.001937525768142076,0.03646599744624331
HR,clinical_center_community_plus_prior_pollution,72946,9929,0.7563904818699081,vad1231,0.4490511133364156,0.23697166595296756,0.22672970030037695,-3.5311587255332673,4.1374338783500424e-4,0.2879407335328095,0.7003069691273731
HR,clinical_center_community_plus_prior_pollution,72946,9929,0.7563904818699081,vad1232,6.8950331181696e-4,111.73939303738375,1.1345679653834253,-6.416133082928205,1.3977926632748648e-10,7.46088512975635e-5,0.006372096724964342
HR,clinical_center_community_plus_prior_pollution,72946,9929,0.7563904818699081,vad1233,0.5030839456779929,0.7950201102147029,0.5370562148244373,-1.2791924082205721,0.20082930860812426,0.17558902995405604,1.441396745942279
HR,clinical_center_community_plus_prior_pollution,72946,9929,0.7563904818699081,vad1234,0.3010757529825155,0.2283582127224956,0.20247147016353714,-5.928703801524649,3.0533528476710938e-9,0.20245651337227438,0.44773372574736037
HR,clinical_center_community_plus_prior_pollution,72946,9929,0.7563904818699081,vad1235,0.4075540475288645,1.2615674164195885,1.6893495874413196,-0.531317928388559,0.5951984836510285,0.01486648286850089,11.172804161305246
HR,clinical_center_community_plus_prior_pollution,72946,9929,0.7563904818699081,vad1236,0.15348061143574657,0.08077221061976883,0.07515683889824153,-24.936932650068417,2.9597646587933367e-137,0.1324585215818406,0.17783905335328812
HR,clinical_center_community_plus_prior_pollution,72946,9929,0.7563904818699081,vad1237,0.5266339494190322,0.3129528307132467,0.2754964057564594,-2.327614994302257,0.01993255653176937,0.30690635881549694,0.9036740644641333
HR,clinical_center_community_plus_prior_pollution,72946,9929,0.7563904818699081,vad1238,0.16456147072339566,1.126800239902618,1.3307026279202157,-1.3560288065183081,0.17509000276762174,0.012123612020758245,2.2336971523238605
HR,clinical_center_community_plus_prior_pollution,72946,9929,0.7563904818699081,vad1241,0.256224785790044,0.3192659881334287,0.3226831420369493,-4.219929624125798,2.4437859371810533e-5,0.1361296570017569,0.4822692005483173
HR,clinical_center_community_plus_prior_pollution,72946,9929,0.7563904818699081,vad1301,2.1816033218643165,0.6945075163446566,0.43200736705851883,1.8056638259037596,0.07097086635995978,0.9355143394527892,5.087461360296556
HR,clinical_center_community_plus_prior_pollution,72946,9929,0.7563904818699081,vad1302,2.0462543151243975,1.4273458436180866,1.0407691021208145,0.6879633119759475,0.4914758852268527,0.2661064139166982,15.734895903245544
HR,clinical_center_community_plus_prior_pollution,72946,9929,0.7563904818699081,vad1303,0.9073771052187032,1.2626546619120733,0.4649968589832239,-0.2090275264924549,0.8344267501969378,0.36473863886655833,2.257323802143964
HR,clinical_center_community_plus_prior_pollution,72946,9929,0.7563904818699081,vad1305,4.520284502747835e-21,11786914323.695173,19647859838226874e4,-2.384265380740493e-19,1,0,Inf
HR,clinical_center_community_plus_prior_pollution,72946,9929,0.7563904818699081,vad1310,0.36003769333064806,0.8412358526655853,0.5122778567083892,-1.9941259141682846,0.046138295897164054,0.13191563380892266,0.9826518425148628
HR,clinical_center_community_plus_prior_pollution,72946,9929,0.7563904818699081,vad1311,6.587526002993227e-14,2696654.6133667515,12595380121670.063,-2.409694121776863e-12,0.9999999999980773,0,Inf
HR,clinical_center_community_plus_prior_pollution,72946,9929,0.7563904818699081,vad1313,0.29235464665615785,0.750474422589374,0.4343914310668992,-2.8310587695330613,0.004639419561283765,0.12478297752136006,0.6849591275926729
HR,clinical_center_community_plus_prior_pollution,72946,9929,0.7563904818699081,vad1316,0.22154450888163893,1.0712925014455132,0.7098284799641174,-2.1232337236275036,0.03373427133379846,0.055112979795891096,0.8905700544114994
HR,clinical_center_community_plus_prior_pollution,72946,9929,0.7563904818699081,vad1318,0.12917795421624723,1.2314887735766822,0.5439393005502321,-3.7624866104067936,1.6823231772867704e-4,0.04448221760528581,0.37513740892072706
HR,clinical_center_community_plus_prior_pollution,72946,9929,0.7563904818699081,vad1319,0.0032187004738767865,26.233969240371422,1.1480120708196038,-4.998882613081088,5.766349234930151e-7,3.392273952359006e-4,0.030540082805901408
HR,clinical_center_community_plus_prior_pollution,72946,9929,0.7563904818699081,vad1320,0.889111626383258,0.36536682130900827,0.38750449644361024,-0.30330612533206086,0.7616565785871846,0.41601775296206284,1.9002061295253685
HR,clinical_center_community_plus_prior_pollution,72946,9929,0.7563904818699081,vad1321,1.8792632054169604e-6,1172.106577516938,0.9235029392490682,-14.27676102544203,3.054725526343023e-46,3.0753920235346714e-7,1.1483512242367674e-5
HR,clinical_center_community_plus_prior_pollution,72946,9929,0.7563904818699081,vad1325,0.41298743809302463,1.1004367954156724,0.9621982978273967,-0.9190809261668157,0.35805324507428776,0.0626487147602917,2.7224600644280748
HR,clinical_center_community_plus_prior_pollution,72946,9929,0.7563904818699081,vad1328,1.0438175690691973,0.584331431298646,0.5034104429335993,0.08518840346347442,0.9321116097627695,0.38915342449844204,2.799808633064954
HR,clinical_center_community_plus_prior_pollution,72946,9929,0.7563904818699081,vad1329,0.2502476182084828,1.07174737944518,0.683815277834434,-2.0258459022261444,0.042780578389982886,0.06550965811233131,0.9559486680824315
HR,clinical_center_community_plus_prior_pollution,72946,9929,0.7563904818699081,vad1330,1.7425378085878653,1.06166621539676,1.0292356844926178,0.5395679237348417,0.5894950425352496,0.23179027299131566,13.099937176707863
HR,clinical_center_community_plus_prior_pollution,72946,9929,0.7563904818699081,vad1331,164953573.810526,11423.33390921047,0.3436671991748091,55.056678865075355,0,84106910.22866261,323513031.6746783
HR,clinical_center_community_plus_prior_pollution,72946,9929,0.7563904818699081,vad1332,0.009144202953203758,4.784000477286449,0.9610937820707258,-4.884679565181297,1.0359719339690252e-6,0.0013901489822229615,0.06014927084697846
HR,clinical_center_community_plus_prior_pollution,72946,9929,0.7563904818699081,vad1402,0.2866263957202732,0.1652008491779038,0.16744063293174768,-7.462798285203873,8.470397313856907e-14,0.20643838715050913,0.3979622775472359
HR,clinical_center_community_plus_prior_pollution,72946,9929,0.7563904818699081,vad1999,0.2596373097626482,0.07782233685356346,0.07668835570488557,-17.583759253791804,3.2808452301779164e-69,0.22340343878871066,0.3017479631750049
HR,clinical_center_community_plus_prior_pollution,72946,9929,0.7563904818699081,vad1Missing,0.278622687590014,0.028002890403463623,0.027202566906357157,-46.97706621115951,0,0.26415668764281414,0.29388088839474186
HR,clinical_center_community_plus_prior_pollution,72946,9929,0.7563904818699081,vad2302,2.2635398949071908,0.6562576857305611,0.6276068157259288,1.3016587656263665,0.19303306130893183,0.6615585143855729,7.744761414785883
HR,clinical_center_community_plus_prior_pollution,72946,9929,0.7563904818699081,vad2303,5274729783978245e5,0,0,Inf,0,5274729783978245e5,5274729783978245e5
HR,clinical_center_community_plus_prior_pollution,72946,9929,0.7563904818699081,vad2305,1.6139162748201357,0.2443320470562852,0.21090266657474735,2.269595268467713,0.02323215097517471,1.0674814227950504,2.440066577748205
HR,clinical_center_community_plus_prior_pollution,72946,9929,0.7563904818699081,vad2306,2.4138964212603113,0.3455067924936188,0.34560793929723965,2.54983209017807,0.010777481213234758,1.2261302852776177,4.752264912251169
HR,clinical_center_community_plus_prior_pollution,72946,9929,0.7563904818699081,vad2309,0.006455938484077071,25.121723597646678,1.1642189779346659,-4.331448784226534,1.4813140633273934e-5,6.591350297804651e-4,0.06323308552432605
HR,clinical_center_community_plus_prior_pollution,72946,9929,0.7563904818699081,vad2310,1.49063814480413,0.3073246315545112,0.24318043305889217,1.641597180955125,0.10067351228013435,0.9255005273511855,2.4008652756844397
HR,clinical_center_community_plus_prior_pollution,72946,9929,0.7563904818699081,vad2311,1.4359086487684911,0.5472686225083617,0.576790435573225,0.62726049397685,0.5304884951103372,0.46361972229016485,4.44725180676787
HR,clinical_center_community_plus_prior_pollution,72946,9929,0.7563904818699081,vad2313,2.714885552005404,0.7940293001158114,0.9152583959551416,1.091221673522733,0.2751753532849136,0.451525380451664,16.32378572631913
HR,clinical_center_community_plus_prior_pollution,72946,9929,0.7563904818699081,vad2316,5.112599358150368,0.2829499402811708,0.282970792133105,5.766347626328819,8.100788207114722e-9,2.9361388277179388,8.902396559114806
HR,clinical_center_community_plus_prior_pollution,72946,9929,0.7563904818699081,vad2317,0.03665600780863183,29.139718110980667,1.3657670728403253,-2.4207480221137936,0.015488609330342957,0.0025211699627060726,0.5329521326774299
HR,clinical_center_community_plus_prior_pollution,72946,9929,0.7563904818699081,vad2318,0.5443363087148223,1.1348339594511396,0.43320397057071075,-1.4039299034852877,0.16033972395412371,0.23287529369963433,1.272363470929006
HR,clinical_center_community_plus_prior_pollution,72946,9929,0.7563904818699081,vad2320,2.82847245110143,0.11772579270844995,0.1329237798045955,7.822052589285056,5.196888812397246e-15,2.1797517079794546,3.6702604142265627
HR,clinical_center_community_plus_prior_pollution,72946,9929,0.7563904818699081,vad2321,3.898107572250214,0.4285589863035404,0.3111837040934935,4.371987284643567,1.2312069758438368e-5,2.1182331997801658,7.1735456919528255
HR,clinical_center_community_plus_prior_pollution,72946,9929,0.7563904818699081,vad2325,1.1998477304558948,0.2682180912684868,0.27824275910629365,0.654804667841215,0.5125935249092746,0.6954813179156647,2.0699831026298456
HR,clinical_center_community_plus_prior_pollution,72946,9929,0.7563904818699081,vad2328,2.365837672667569,0.5742912952361989,0.5323854180628201,1.6174976354459951,0.10577090567468782,0.8333312219685636,6.71664248963451
HR,clinical_center_community_plus_prior_pollution,72946,9929,0.7563904818699081,vad2329,2.6401206200940517,0.7186041629506966,0.6633088017973419,1.4636088092204629,0.14330086422665655,0.7194726566758051,9.687980250494206
HR,clinical_center_community_plus_prior_pollution,72946,9929,0.7563904818699081,vad2330,3.2823452790707504,0.6476474362941608,0.4533330445128765,2.6218212093322943,0.008746130056266524,1.3499151663672948,7.981087107889142
HR,clinical_center_community_plus_prior_pollution,72946,9929,0.7563904818699081,vad2331,2.1751382141877115e-4,451.5981741402867,1.3330737942173656,-6.326167537973882,2.5132493888848153e-10,1.595042970886312e-5,0.0029662061381272526
HR,clinical_center_community_plus_prior_pollution,72946,9929,0.7563904818699081,vad2332,1,0,0,NA,NA,1,1
HR,clinical_center_community_plus_prior_pollution,72946,9929,0.7563904818699081,vad2999,1.9430435944086815,0.18056553643154458,0.1905074753229435,3.4867692496916893,4.888929831527467e-4,1.3375877650628856,2.8225575236142433
HR,clinical_center_community_plus_prior_pollution,72946,9929,0.7563904818699081,vad2Missing,1.353498971379977,0.07359693760620974,0.07700032206899682,3.931062389975918,8.457131985257848e-5,1.1638985766471386,1.5739854848899386
HR,clinical_center_community_plus_prior_pollution,72946,9929,0.7563904818699081,"ns(creatinine, df = 3)1",163.99697971117436,0.11246507826545388,0.10684920719138967,47.72939496054868,0,133.01041233461183,202.20228538746323
HR,clinical_center_community_plus_prior_pollution,72946,9929,0.7563904818699081,"ns(creatinine, df = 3)2",0.12414671495856902,0.11176501509674133,0.111841784804,-18.653951484192056,1.1728027178094358e-77,0.0997092230945792,0.15457353248439962
HR,clinical_center_community_plus_prior_pollution,72946,9929,0.7563904818699081,"ns(creatinine, df = 3)3",1.1418134069289417e-5,0.20321992749346704,0.20544101029765524,-55.39452781155314,0,7.633495134038038e-6,1.7079173214236577e-5
HR,clinical_center_community_plus_prior_pollution,72946,9929,0.7563904818699081,diabetes3,1,0,0,NA,NA,1,1
HR,clinical_center_community_plus_prior_pollution,72946,9929,0.7563904818699081,diabetesMissing,1,18.667792310551516,0.8889418247393784,0,1,0.17511822515501585,5.710427907288309
KI,clinical_center_community_plus_prior_pollution,673351,126826,0.7405228777247911,pm25_prior_1y_5ug,1.0183504440897384,0.014060693832287235,0.015339893728148696,1.1854128094576097,0.2358542695545937,0.9881887739711538,1.0494327139644675
KI,clinical_center_community_plus_prior_pollution,673351,126826,0.7405228777247911,o3_prior_1y_10ppb,1.0732183779072055,0.01207036132405803,0.013231825616671333,5.340303437397933,9.279113767701568e-8,1.045743444031002,1.1014151637785714
KI,clinical_center_community_plus_prior_pollution,673351,126826,0.7405228777247911,no2_prior_1y_10unit,0.9902136045846698,0.010284922413198248,0.011106594584979288,-0.8854736566491835,0.3759012215867198,0.9688910370320745,1.0120054218977208
KI,clinical_center_community_plus_prior_pollution,673351,126826,0.7405228777247911,"ns(age, df = 4)1",3.3565205944057817,0.08609787268486786,0.09283574884546886,13.04351949669995,6.91879518374124e-39,2.798126751147186,4.026347446930763
KI,clinical_center_community_plus_prior_pollution,673351,126826,0.7405228777247911,"ns(age, df = 4)2",5.063047518102792,0.05315397890535926,0.0573387393768171,28.287482353762307,4.926805637575583e-176,4.524860347348436,5.665246704373673
KI,clinical_center_community_plus_prior_pollution,673351,126826,0.7405228777247911,"ns(age, df = 4)3",17.801649202377465,0.18579897188155545,0.20012444342929536,14.38750337283185,6.199368585561762e-47,12.025800738769954,26.351568698694397
KI,clinical_center_community_plus_prior_pollution,673351,126826,0.7405228777247911,"ns(age, df = 4)4",17.4945152941424,0.053952115958422156,0.058873336447957815,48.61092631589285,0,15.587944093399635,19.63428041203816
KI,clinical_center_community_plus_prior_pollution,673351,126826,0.7405228777247911,sexM,1.0829400940886487,0.006146386332941998,0.0066500319353045585,11.981844971550101,4.4236780487209116e-33,1.068916831371479,1.0971473298629013
KI,clinical_center_community_plus_prior_pollution,673351,126826,0.7405228777247911,race_srtrBLACK,0.8522338019629967,0.014088546910144578,0.015049212549778245,-10.624766832114648,2.285826738121384e-26,0.8274634938134589,0.8777456149286509
KI,clinical_center_community_plus_prior_pollution,673351,126826,0.7405228777247911,race_srtrMissing,0.3244738048397584,0.2695250578840632,0.2744009498286816,-4.101846117821388,4.098668308862447e-5,0.1894999629888683,0.5555845413720435
KI,clinical_center_community_plus_prior_pollution,673351,126826,0.7405228777247911,race_srtrMULTI,1.0006581920873845,0.04339659249091616,0.0442721162461778,0.01486207639846413,0.9881422152289817,0.9174898353174068,1.0913655703282927
KI,clinical_center_community_plus_prior_pollution,673351,126826,0.7405228777247911,race_srtrNATIVE,1.1160411573744682,0.032499725798445046,0.03287713039945637,3.3393347081383498,8.397931170195182e-4,1.046393773340128,1.1903242323183052
KI,clinical_center_community_plus_prior_pollution,673351,126826,0.7405228777247911,race_srtrPACIFIC,1.0454991477200464,0.04671073343889946,0.048201305869540606,0.9230958351581822,0.3559572648676301,0.9512499724056661,1.1490864647480885
KI,clinical_center_community_plus_prior_pollution,673351,126826,0.7405228777247911,race_srtrWHITE,1.470541005049278,0.01329146683127063,0.014265267479474814,27.03281689492324,6.082395713038799e-161,1.429995007833424,1.5122366411668222
KI,clinical_center_community_plus_prior_pollution,673351,126826,0.7405228777247911,ethnicity_srtrNLATIN,1.5307635546814498,0.011034112908228116,0.011738510949854269,36.27092636228092,4.650109022659484e-288,1.4959472340468052,1.5663901820935968
KI,clinical_center_community_plus_prior_pollution,673351,126826,0.7405228777247911,"ns(bmi, df = 3)1",0.3993610593521483,1.1433606627969726,1.1313017837993897,-0.8113567694885236,0.41716081760881635,0.04349104985517393,3.667174194644014
KI,clinical_center_community_plus_prior_pollution,673351,126826,0.7405228777247911,"ns(bmi, df = 3)2",0.14171561777720004,0.42734351120967784,0.45202012533025304,-4.322667977961555,1.5415363302481944e-5,0.05843290610712965,0.34369874202650696
KI,clinical_center_community_plus_prior_pollution,673351,126826,0.7405228777247911,"ns(bmi, df = 3)3",2.5372592083573737,0.9367316431339157,0.9664832315532577,0.9633736170577014,0.3353600613737878,0.3816742133457118,16.86696157427638
KI,clinical_center_community_plus_prior_pollution,673351,126826,0.7405228777247911,aboA1,1.0183267716808304,0.045553192224022036,0.04541141013743889,0.39991844248935393,0.6892165881509108,0.931607334542506,1.11311855915255
KI,clinical_center_community_plus_prior_pollution,673351,126826,0.7405228777247911,aboA1B,1.244927630306962,0.14014637120798407,0.14063893811097006,1.5577293379931247,0.11929742277616816,0.9450004705407474,1.640046595759743
KI,clinical_center_community_plus_prior_pollution,673351,126826,0.7405228777247911,aboA2,1.1727867666043454,0.10106844533783213,0.1004203212644874,1.5871565285645355,0.1124771976309958,0.9632546727149407,1.42789735558263
KI,clinical_center_community_plus_prior_pollution,673351,126826,0.7405228777247911,aboA2B,1.110547459842049,0.23195570136202415,0.23381161692464444,0.44845120264626254,0.6538275958004733,0.7022897242184364,1.756135136298853
KI,clinical_center_community_plus_prior_pollution,673351,126826,0.7405228777247911,aboAB,1.0407479713828314,0.01834213402596646,0.01966317227492359,2.0311909667910473,0.042235626378406166,1.0014015296485976,1.081640388863366
KI,clinical_center_community_plus_prior_pollution,673351,126826,0.7405228777247911,aboB,0.953803066728264,0.009192617017795408,0.010013347835126305,-4.723500933758031,2.3181889433527205e-6,0.9352664107728709,0.972707112777058
KI,clinical_center_community_plus_prior_pollution,673351,126826,0.7405228777247911,aboO,0.9535970217875147,0.006784941705873568,0.007314283021488026,-6.49607154410758,8.24444617748647e-11,0.9400240329317117,0.967365990767257
KI,clinical_center_community_plus_prior_pollution,673351,126826,0.7405228777247911,primary_pay10,1.023955776665187,0.21273817739312215,0.19470545826361899,0.1215853887479709,0.9032273857188321,0.6991133798593074,1.4997358980270241
KI,clinical_center_community_plus_prior_pollution,673351,126826,0.7405228777247911,primary_pay11,1.1627548875187335,0.08214849562940493,0.08381337131174844,1.7991412368509285,0.07199634203897216,0.9866113395671188,1.3703460260672653
KI,clinical_center_community_plus_prior_pollution,673351,126826,0.7405228777247911,primary_pay12,0.49953188941431365,0.28289270407609296,0.2741232772397704,-2.532013505927061,0.011340962286725988,0.2918966169417892,0.8548646817362617
KI,clinical_center_community_plus_prior_pollution,673351,126826,0.7405228777247911,primary_pay13,0.9220794480785783,0.3505279486764481,0.3529476357632105,-0.22984681475442725,0.8182108055059882,0.46167756427493933,1.8416110601003002
KI,clinical_center_community_plus_prior_pollution,673351,126826,0.7405228777247911,primary_pay14,1.7047275608208703,1.0630662678457097,0.35998954332926947,1.4817244541606445,0.13841362753211695,0.8418434316888678,3.4520623992898503
KI,clinical_center_community_plus_prior_pollution,673351,126826,0.7405228777247911,primary_pay2,1.0283460794100079,0.012053953258990037,0.012811795811724473,2.1817209633502093,0.02913013279351899,1.0028451448964193,1.0544954666427184
KI,clinical_center_community_plus_prior_pollution,673351,126826,0.7405228777247911,primary_pay3,0.9412034436711912,0.007577962494127274,0.008077677764017258,-7.501656428581831,6.301636690751086e-14,0.9264196874512716,0.9562231182884966
KI,clinical_center_community_plus_prior_pollution,673351,126826,0.7405228777247911,primary_pay4,0.910139645990757,0.009499147636463649,0.009803135276570889,-9.60480820222024,7.629985058191509e-22,0.8928193392980625,0.9277959590967589
KI,clinical_center_community_plus_prior_pollution,673351,126826,0.7405228777247911,primary_pay5,0.5352013298145744,0.2926216301997941,0.35136927550408226,-1.7790749762299187,0.07522747065067112,0.2688011449844939,1.065622184949444
KI,clinical_center_community_plus_prior_pollution,673351,126826,0.7405228777247911,primary_pay6,0.7476975309399694,0.05131288279951447,0.052842876830157925,-5.5022884943045005,3.748928388298452e-8,0.6741336536024161,0.8292889618939547
KI,clinical_center_community_plus_prior_pollution,673351,126826,0.7405228777247911,primary_pay7,0.8861559417960663,0.03785542905315307,0.03858488752842164,-3.1323750064977505,0.0017339824225998499,0.8216117433293906,0.9557706052232647
KI,clinical_center_community_plus_prior_pollution,673351,126826,0.7405228777247911,primary_pay8,0.9814758942599153,0.08895999261850049,0.10296491998982654,-0.18159413585757278,0.855901251241105,0.8021133391052644,1.200946155673997
KI,clinical_center_community_plus_prior_pollution,673351,126826,0.7405228777247911,primary_pay9,1.1586052993688027,0.365479070712273,0.4125886305089833,0.3568129190326223,0.7212318640734541,0.5161066222303418,2.6009475211235835
KI,clinical_center_community_plus_prior_pollution,673351,126826,0.7405228777247911,primary_payMissing,0.6955007339688272,0.9869389744828264,1.3839223418538293,-0.26238698612361244,0.7930231048776127,0.046163715892937496,10.478386793494257
KI,clinical_center_community_plus_prior_pollution,673351,126826,0.7405228777247911,education2,1.1246639441177806,0.037642879757965,0.039976113056770915,2.9388618779714317,0.003294198429248202,1.0399082965370676,1.2163274313808456
KI,clinical_center_community_plus_prior_pollution,673351,126826,0.7405228777247911,education3,1.3411000256160377,0.036646956669371566,0.03907997975726146,7.50998832800035,5.913263514218632e-14,1.2422134628523,1.4478584659496527
KI,clinical_center_community_plus_prior_pollution,673351,126826,0.7405228777247911,education4,1.341123249555725,0.036947826388795194,0.03937184800614099,7.4547557107868725,9.003449467345896e-14,1.241524555505227,1.4487120391807145
KI,clinical_center_community_plus_prior_pollution,673351,126826,0.7405228777247911,education5,1.2472648920460352,0.03725603828670989,0.03974670203221952,5.559028958257687,2.7127968963280913e-8,1.1537886008172606,1.348314335770594
KI,clinical_center_community_plus_prior_pollution,673351,126826,0.7405228777247911,education6,1.2406023970027265,0.038274972729800724,0.04087209871709813,5.274920360197571,1.328137514975519e-7,1.1450968564661659,1.3440734718272158
KI,clinical_center_community_plus_prior_pollution,673351,126826,0.7405228777247911,education996,2.042211436082873,0.13297772615971076,0.1446563710667228,4.936065053630853,7.971452747586178e-7,1.5380447710611163,2.7116424880078758
KI,clinical_center_community_plus_prior_pollution,673351,126826,0.7405228777247911,education998,1.8667140226460517,0.038801487765243406,0.04169635784250958,14.969645079875933,1.1593831932514583e-50,1.7202271023649893,2.0256751201935512
KI,clinical_center_community_plus_prior_pollution,673351,126826,0.7405228777247911,educationMissing,0.1804096644722145,1.4344773258222892,1.8135871274808686,-0.944275063699274,0.34502910527325287,0.0051585974264645035,6.309398533020222
KI,clinical_center_community_plus_prior_pollution,673351,126826,0.7405228777247911,"ns(median_household_income, df = 3)1",3.776778875178192e-70,50.87601513140067,54.49519809286324,-2.933324230517764,0.003353534785895712,1.5514037748488925e-116,9.194291584975274e-24
KI,clinical_center_community_plus_prior_pollution,673351,126826,0.7405228777247911,"ns(median_household_income, df = 3)2",2543726024177387e131,107.21226956487834,114.83804617892373,2.9355345614002646,0.0033297351624100428,45201016953305e35,14315036523983265e228
KI,clinical_center_community_plus_prior_pollution,673351,126826,0.7405228777247911,"ns(median_household_income, df = 3)3",9.516673333626736e-78,56.36643987148325,60.37605774051387,-2.9373993358055945,0.0033097760451553464,3.857373034456394e-129,2.3478950708153512e-26
KI,clinical_center_community_plus_prior_pollution,673351,126826,0.7405228777247911,"ns(pct_poverty, df = 3)1",0.990102003759876,0.045345724583424035,0.04850555559598564,-0.20507562356606093,0.8375130412502243,0.900309713199317,1.0888497185771173
KI,clinical_center_community_plus_prior_pollution,673351,126826,0.7405228777247911,"ns(pct_poverty, df = 3)2",0.9683405646868884,0.09366862232479138,0.09854715604695544,-0.32645721954465834,0.744078451652375,0.7982604892329599,1.1746584753544949
KI,clinical_center_community_plus_prior_pollution,673351,126826,0.7405228777247911,"ns(pct_poverty, df = 3)3",0.8885373268479227,0.14192655522302522,0.14728029976447435,-0.8024061695630498,0.42231804542630474,0.6657489014677047,1.1858804114607326
KI,clinical_center_community_plus_prior_pollution,673351,126826,0.7405228777247911,"ns(pct_bachelor_plus, df = 3)1",0.9640734822407458,0.023776742070374557,0.025401983983467467,-1.4403505218203676,0.14976825448543318,0.9172504413050653,1.0132867069950846
KI,clinical_center_community_plus_prior_pollution,673351,126826,0.7405228777247911,"ns(pct_bachelor_plus, df = 3)2",0.8815442204278393,0.05841183259304581,0.06267812280789122,-2.011548970781599,0.04426750319358316,0.7796369029290658,0.996771971221624
KI,clinical_center_community_plus_prior_pollution,673351,126826,0.7405228777247911,"ns(pct_bachelor_plus, df = 3)3",0.8910072938169684,0.057993019615260745,0.06319170038682977,-1.8262313679849735,0.06781541826366744,0.7872132336685015,1.0084866001749018
KI,clinical_center_community_plus_prior_pollution,673351,126826,0.7405228777247911,"ns(pct_unemployed, df = 3)1",1.0318972382880947,0.057313994906280384,0.06182225643291196,0.5078929274162148,0.6115284349705687,0.9141411309188651,1.1648222297100694
KI,clinical_center_community_plus_prior_pollution,673351,126826,0.7405228777247911,"ns(pct_unemployed, df = 3)2",0.9005181559107314,0.1721077979255909,0.1815132941891077,-0.5772852782187501,0.5637467570315017,0.6309400228797728,1.285277395184977
KI,clinical_center_community_plus_prior_pollution,673351,126826,0.7405228777247911,"ns(pct_unemployed, df = 3)3",1.044369172963363,0.33763866845770335,0.3569376723568836,0.12162639100740331,0.9031949116520919,0.5188336633772704,2.1022286070190286
KI,clinical_center_community_plus_prior_pollution,673351,126826,0.7405228777247911,"ns(pct_no_vehicle, df = 3)1",0.9428078434595694,0.03674005471475411,0.03911543168088072,-1.5056152034900263,0.13216598329448506,0.8732288408247547,1.0179309112710255
KI,clinical_center_community_plus_prior_pollution,673351,126826,0.7405228777247911,"ns(pct_no_vehicle, df = 3)2",0.9777769907355074,0.04909195278444971,0.05270909016369505,-0.4263716317656459,0.6698370691853837,0.8818074308696184,1.0841911852216441
KI,clinical_center_community_plus_prior_pollution,673351,126826,0.7405228777247911,"ns(pct_no_vehicle, df = 3)3",1.0616443977830665,0.0555706787483857,0.061246405161385575,0.9766944619498973,0.32872043770560233,0.9415557453434714,1.1970494927339832
KI,clinical_center_community_plus_prior_pollution,673351,126826,0.7405228777247911,"ns(pct_black, df = 3)1",0.9839136226161053,0.020228970671837123,0.021588355018977205,-0.7511997863147002,0.45253242880221034,0.943150354804233,1.026438692238514
KI,clinical_center_community_plus_prior_pollution,673351,126826,0.7405228777247911,"ns(pct_black, df = 3)2",1.0073140330745785,0.02456282658891845,0.02640274355003663,0.276009772665637,0.7825405601891087,0.9565128926506312,1.0608132614053412
KI,clinical_center_community_plus_prior_pollution,673351,126826,0.7405228777247911,"ns(pct_black, df = 3)3",0.9843938982620364,0.02335577862990319,0.02473685769918572,-0.6358592149920107,0.5248681878023234,0.9378056861120639,1.0332965147107596
KI,clinical_center_community_plus_prior_pollution,673351,126826,0.7405228777247911,"ns(pct_hispanic, df = 3)1",0.9138914969919572,0.022102180840348654,0.023744220496834157,-3.7922250111129094,1.4930353829521278e-4,0.8723354454885482,0.957427183079155
KI,clinical_center_community_plus_prior_pollution,673351,126826,0.7405228777247911,"ns(pct_hispanic, df = 3)2",0.8600529213663923,0.030244932817709982,0.03192381193986023,-4.722536125677525,2.3292169923701232e-06,0.8078887813278769,0.9155852199545109
KI,clinical_center_community_plus_prior_pollution,673351,126826,0.7405228777247911,"ns(pct_hispanic, df = 3)3",0.9134863365507436,0.026973742963504056,0.028083454524331614,-3.222070149847499,0.0012726797132966694,0.864564454251067,0.9651764920034228
KI,clinical_center_community_plus_prior_pollution,673351,126826,0.7405228777247911,medical_condition2,0.5763176901843124,0.0638370774513269,0.13472154615407034,-4.090631681456637,4.301998688826952e-5,0.442574882316935,0.7504765708360487
KI,clinical_center_community_plus_prior_pollution,673351,126826,0.7405228777247911,medical_condition3,0.3044708197493557,0.05816766394111242,0.12424424429372063,-9.571308781630675,1.0556079865770007e-21,0.23866502705901912,0.3884208810196576
KI,clinical_center_community_plus_prior_pollution,673351,126826,0.7405228777247911,medical_conditionMissing,0.14358969319684506,0.05855884805999486,0.12440421616613923,-15.600720451043687,7.197724861102852e-55,0.11252012521353694,0.1832383313939257
KI,clinical_center_community_plus_prior_pollution,673351,126826,0.7405228777247911,diagnosis3001,0.9191530682478486,0.08959091530895198,0.09734817604630108,-0.8659906569032654,0.3864952854659031,0.7594950078321906,1.1123738196526778
KI,clinical_center_community_plus_prior_pollution,673351,126826,0.7405228777247911,diagnosis3002,1.1497008291784674,0.1454495487069242,0.1515546339422028,0.9204717557062284,0.35732628612115175,0.8542427592027194,1.5473493715619282
KI,clinical_center_community_plus_prior_pollution,673351,126826,0.7405228777247911,diagnosis3003,1.2630167674911439,0.2673762128253381,0.2541879539849177,0.91862385901024,0.35829234800157883,0.7674391270847893,2.0786161386159474
KI,clinical_center_community_plus_prior_pollution,673351,126826,0.7405228777247911,diagnosis3004,0.6585175305362172,0.08562785204560107,0.09299076918697206,-4.492533397484853,7.038087680827164e-6,0.5487991811026772,0.7901712556352833
KI,clinical_center_community_plus_prior_pollution,673351,126826,0.7405228777247911,diagnosis3005,0.8448248795133135,0.1561355049927328,0.1545303930588737,-1.0912152162718256,0.2751781939365383,0.6240655168361774,1.1436765175923744
KI,clinical_center_community_plus_prior_pollution,673351,126826,0.7405228777247911,diagnosis3006,0.8802293434824576,0.08400056048601785,0.0913477123659693,-1.3965624816081845,0.16254517920825107,0.7359368142234564,1.0528127988068017
KI,clinical_center_community_plus_prior_pollution,673351,126826,0.7405228777247911,diagnosis3007,0.7016096766267657,0.09792319065478979,0.105439003650839,-3.3609768066982753,7.766734715095193e-4,0.5706183420546047,0.8626714251137911
KI,clinical_center_community_plus_prior_pollution,673351,126826,0.7405228777247911,diagnosis3008,0.7479748056019622,0.08368655060370331,0.09106108619639774,-3.1889141240743086,0.001428082950484846,0.6257136546214785,0.8941251412417054
KI,clinical_center_community_plus_prior_pollution,673351,126826,0.7405228777247911,diagnosis3009,0.8923236186034912,0.09523780665431036,0.10264730540001311,-1.1098821408860637,0.2670498172236916,0.7297075564058098,1.091178833668015
KI,clinical_center_community_plus_prior_pollution,673351,126826,0.7405228777247911,diagnosis3010,0.8121558189441169,0.21250481841389107,0.22157785738435637,-0.9390065615523534,0.3477273754862902,0.5260559609716247,1.253853436099297
KI,clinical_center_community_plus_prior_pollution,673351,126826,0.7405228777247911,diagnosis3011,2.8480563850319043,0.09562215471445422,0.10505486090921737,9.962764049284022,2.2180858104239156e-23,2.3180656067455576,3.4992215702251035
KI,clinical_center_community_plus_prior_pollution,673351,126826,0.7405228777247911,diagnosis3012,2.7681561319898935,0.12611036146824214,0.14036285438822155,7.253923744057273,4.048681174316938e-13,2.102391072291023,3.644749291445119
KI,clinical_center_community_plus_prior_pollution,673351,126826,0.7405228777247911,diagnosis3013,1.0643605185749285,0.12699358252987575,0.1401759251153087,0.44497060907025177,0.6563409941805021,0.8086689957886873,1.4008986611341763
KI,clinical_center_community_plus_prior_pollution,673351,126826,0.7405228777247911,diagnosis3014,1.5204594039525574,0.19047453535249143,0.18875221540118314,2.2199078709880466,0.026425022112040873,1.050288600946381,2.2011062454497563
KI,clinical_center_community_plus_prior_pollution,673351,126826,0.7405228777247911,diagnosis3015,1.557152963106522,0.1512190108240156,0.16879834413033426,2.6235987829666634,0.008700621054564737,1.11853574015097,2.1677674333268544
KI,clinical_center_community_plus_prior_pollution,673351,126826,0.7405228777247911,diagnosis3016,1.2159514292083726,0.10471332428091991,0.11338131180633741,1.724506768760812,0.0846163980797062,0.9736567521257355,1.5185411850386359
KI,clinical_center_community_plus_prior_pollution,673351,126826,0.7405228777247911,diagnosis3017,0.8781952975854795,0.25219576090852847,0.23612436826771427,-0.5500756928529249,0.5822674578598442,0.552842828942036,1.395020321014438
KI,clinical_center_community_plus_prior_pollution,673351,126826,0.7405228777247911,diagnosis3018,1.3148016375092029,0.08477217045650048,0.092273555558674,2.9660264698122627,0.0030167452408031846,1.0972784334559882,1.5754463892561503
KI,clinical_center_community_plus_prior_pollution,673351,126826,0.7405228777247911,diagnosis3019,0.9118309139994366,0.5110703165035653,0.5881463197246456,-0.15693494002712502,0.8752961228685633,0.2879275734027804,2.8876554124323364
KI,clinical_center_community_plus_prior_pollution,673351,126826,0.7405228777247911,diagnosis3020,1.2225591499693316,0.21835145229469508,0.25062662760470017,0.8017756435135613,0.42268275020485896,0.7480594406595348,1.998037580885229
KI,clinical_center_community_plus_prior_pollution,673351,126826,0.7405228777247911,diagnosis3021,1.118077528583114,0.09743230425933194,0.10390020283089937,1.0742107817749895,0.2827282211400965,0.9120778438739436,1.370603801330029
KI,clinical_center_community_plus_prior_pollution,673351,126826,0.7405228777247911,diagnosis3022,1.3699784679105336,0.346317685474205,0.4163449647155422,0.7560918217852678,0.44959414495314903,0.6057874402392367,3.0981840788863053
KI,clinical_center_community_plus_prior_pollution,673351,126826,0.7405228777247911,diagnosis3023,0.6908701123800856,0.14550874033882283,0.14790745128240135,-2.5002353849195575,0.012411081283884124,0.5170081084463006,0.9231992775015585
KI,clinical_center_community_plus_prior_pollution,673351,126826,0.7405228777247911,diagnosis3024,0.7760945459048928,0.12997655293392396,0.1387432871317431,-1.8269779673989388,0.06770308217414943,0.5913112357328641,1.0186221870734622
KI,clinical_center_community_plus_prior_pollution,673351,126826,0.7405228777247911,diagnosis3025,0.7379424157608109,0.10662529338514226,0.1133269166354303,-2.6815296301402283,0.007328642403022864,0.5909604643924475,0.921481286466007
KI,clinical_center_community_plus_prior_pollution,673351,126826,0.7405228777247911,diagnosis3026,0.5602692334128754,0.2658533618321959,0.30406424710362556,-1.9053139011069153,0.05673927954584282,0.3087285675950671,1.0167559690192616
KI,clinical_center_community_plus_prior_pollution,673351,126826,0.7405228777247911,diagnosis3027,1.7479862712919265,0.09570634681072654,0.107303926892229,5.204510584327537,1.945085387730739e-7,1.4164483707250406,2.1571248679265658
KI,clinical_center_community_plus_prior_pollution,673351,126826,0.7405228777247911,diagnosis3028,0.6924572263992541,0.14808113295786035,0.1679766872688491,-2.1878560396454354,0.02868009032176522,0.4982082747243211,0.9624428872801705
KI,clinical_center_community_plus_prior_pollution,673351,126826,0.7405228777247911,diagnosis3029,3.46724178611626,0.10877416195516601,0.1208658522387831,10.287102440681121,8.056430629647176e-25,2.7359170633884453,4.394053374008956
KI,clinical_center_community_plus_prior_pollution,673351,126826,0.7405228777247911,diagnosis3030,0.6004322373834668,0.10091725801697857,0.10896594302481977,-4.681329535881447,2.850203443355911e-6,0.4849668158286389,0.7433887431520755
KI,clinical_center_community_plus_prior_pollution,673351,126826,0.7405228777247911,diagnosis3031,0.6598532252355955,0.10199681297334218,0.11141982897784222,-3.731273495155433,1.9051425710139196e-4,0.5304037835956548,0.8208958765379828
KI,clinical_center_community_plus_prior_pollution,673351,126826,0.7405228777247911,diagnosis3032,0.973708759021543,0.17180189021367398,0.1702050735078035,-0.15653490746669746,0.8756114061899508,0.6975097063334478,1.3592767796438743
KI,clinical_center_community_plus_prior_pollution,673351,126826,0.7405228777247911,diagnosis3033,0.9325934064197565,0.11198801415543187,0.11827623322822418,-0.5900252555692694,0.5551737176327216,0.7396315500686019,1.175896920050174
KI,clinical_center_community_plus_prior_pollution,673351,126826,0.7405228777247911,diagnosis3034,1.0902711758756738,0.08811846990055579,0.09522324285895643,0.9076192735233615,0.3640794078225245,0.9046495245419134,1.313979839371762
KI,clinical_center_community_plus_prior_pollution,673351,126826,0.7405228777247911,diagnosis3035,0.6322631244378241,0.20606093361352626,0.20379222797499771,-2.2495933230563057,0.024474772693106876,0.4240622313350567,0.9426839482152014
KI,clinical_center_community_plus_prior_pollution,673351,126826,0.7405228777247911,diagnosis3036,0.8412746882343104,0.20054075723003317,0.20051170400104223,-0.8619798641232566,0.38869859846160126,0.5678870306796038,1.2462744574687035
KI,clinical_center_community_plus_prior_pollution,673351,126826,0.7405228777247911,diagnosis3038,3.7323690646920986,0.38801363506435865,0.42355634319344426,3.1094875361755645,0.0018741219142141931,1.6272443346984975,8.560840273351872
KI,clinical_center_community_plus_prior_pollution,673351,126826,0.7405228777247911,diagnosis3039,3.440186532667307,0.1313611383071372,0.1410523194477684,8.759343337032538,1.963910820949479e-18,2.609264102398502,4.535716935923267
KI,clinical_center_community_plus_prior_pollution,673351,126826,0.7405228777247911,diagnosis3040,1.0146135429076775,0.08271167640690298,0.09004276728212725,0.16112114860266935,0.8719979836841553,0.8504643480362821,1.2104453806072446
KI,clinical_center_community_plus_prior_pollution,673351,126826,0.7405228777247911,diagnosis3041,0.9315136253909658,0.08554379635096365,0.09291144570225547,-0.7635707435800642,0.4451230894564897,0.7764309624224548,1.1175721684021367
KI,clinical_center_community_plus_prior_pollution,673351,126826,0.7405228777247911,diagnosis3042,0.8408235378298554,0.10017773256227223,0.10682038377799616,-1.623037281040184,0.10458143555078686,0.6819918507436297,1.0366461432022003
KI,clinical_center_community_plus_prior_pollution,673351,126826,0.7405228777247911,diagnosis3043,0.9197527281144254,0.10294599082980038,0.1100014181966754,-0.7604485489842102,0.44698651275126833,0.741374608595299,1.141049438524421
KI,clinical_center_community_plus_prior_pollution,673351,126826,0.7405228777247911,diagnosis3044,1.073178650049176,0.10690121082846839,0.11539304146953322,0.6120381674859785,0.5405125054718308,0.8559517598830916,1.345534256601886
KI,clinical_center_community_plus_prior_pollution,673351,126826,0.7405228777247911,diagnosis3045,1.4148802526290958,0.19716341212467633,0.21638617977501634,1.603821929652399,0.1087533093023813,0.9258303960596184,2.162260104874396
KI,clinical_center_community_plus_prior_pollution,673351,126826,0.7405228777247911,diagnosis3046,1.1971761826966527,0.18351843376380333,0.20847819330473458,0.8632346614925447,0.3880084599178803,0.7956116032654206,1.8014201986669558
KI,clinical_center_community_plus_prior_pollution,673351,126826,0.7405228777247911,diagnosis3047,1.148276804001927,0.12342787369506157,0.13377992308380837,1.0335062550077092,0.3013670448409583,0.8834315697663393,1.4925203759218424
KI,clinical_center_community_plus_prior_pollution,673351,126826,0.7405228777247911,diagnosis3048,2.0271637083350322,0.08682567444616492,0.09568435535604,7.385090545206873,1.5234967510049501e-13,1.680514065002452,2.4453188378311155
KI,clinical_center_community_plus_prior_pollution,673351,126826,0.7405228777247911,diagnosis3049,0.9993964253026448,0.2654457161264668,0.4043202580210208,-0.00149326408932795,0.9988085480807146,0.45245955508566493,2.207475129392729
KI,clinical_center_community_plus_prior_pollution,673351,126826,0.7405228777247911,diagnosis3050,1.5474738360774363,0.17578386796464052,0.18151876633069333,2.405392164347833,0.016155119026938926,1.0842121277593886,2.2086778150074786
KI,clinical_center_community_plus_prior_pollution,673351,126826,0.7405228777247911,diagnosis3051,1.1055119041566048,0.10700572118643227,0.11512340000796406,0.8713127771625847,0.3835833958474407,0.8822064073494383,1.3853408454648313
KI,clinical_center_community_plus_prior_pollution,673351,126826,0.7405228777247911,diagnosis3052,0.6267396418459192,0.09899696281715034,0.1061715620484613,-4.400651736089278,1.0792622571860336e-5,0.5089952947149894,0.7717214338515641
KI,clinical_center_community_plus_prior_pollution,673351,126826,0.7405228777247911,diagnosis3053,1.5402992028449687,0.12795127070712203,0.147098122811013,2.9366566810020527,0.00331771175970349,1.154502669669318,2.055016152508684
KI,clinical_center_community_plus_prior_pollution,673351,126826,0.7405228777247911,diagnosis3054,0.9097874991638631,0.09472648387840908,0.10253027751636887,-0.9221102920347556,0.3564710490601639,0.7441595074453822,1.1122794042856283
KI,clinical_center_community_plus_prior_pollution,673351,126826,0.7405228777247911,diagnosis3055,0.8325870975367738,0.1757557009025644,0.18078526125412933,-1.0134534179567898,0.3108436353241891,0.5841777115013178,1.1866273932348508
KI,clinical_center_community_plus_prior_pollution,673351,126826,0.7405228777247911,diagnosis3056,1.5965017508606536,0.2488409481046443,0.25354151426697374,1.8451212268394455,0.06501990604107265,0.9713024203697941,2.6241238434582983
KI,clinical_center_community_plus_prior_pollution,673351,126826,0.7405228777247911,diagnosis3057,1.2735429553444089,0.12375588572291048,0.13200897068292486,1.8317144946008863,0.06699396802574958,0.9832124253401218,1.6496045181144907
KI,clinical_center_community_plus_prior_pollution,673351,126826,0.7405228777247911,diagnosis3058,1.2503362483672749,0.4572318760827715,0.4522463169588479,0.4940062648530036,0.6213017550430413,0.5153165125903757,3.033748571577113
KI,clinical_center_community_plus_prior_pollution,673351,126826,0.7405228777247911,diagnosis3059,0.9032856044750126,0.10199966973650795,0.10917667805151957,-0.9316686801820089,0.35150777726030497,0.7292790405928261,1.1188102740324595
KI,clinical_center_community_plus_prior_pollution,673351,126826,0.7405228777247911,diagnosis3060,1.1791775915167413,0.21673748638916646,0.21907426281037806,0.7523350166035223,0.4518496149227176,0.7675432679741769,1.8115718687822602
KI,clinical_center_community_plus_prior_pollution,673351,126826,0.7405228777247911,diagnosis3061,2.973056584177361,0.724117625801623,0.6979578481962257,1.5611122925795142,0.11849725819324947,0.7570078401945861,11.676319561562673
KI,clinical_center_community_plus_prior_pollution,673351,126826,0.7405228777247911,diagnosis3062,1.253752371139581,0.7178548276178369,0.5644499546085106,0.4006395069816542,0.6886855543990519,0.4147162902136912,3.790290001215457
KI,clinical_center_community_plus_prior_pollution,673351,126826,0.7405228777247911,diagnosis3063,0.8529983303147615,0.10219189658627144,0.11140760947481723,-1.4271708159694665,0.15353066434054008,0.6856742686290167,1.0611542314029014
KI,clinical_center_community_plus_prior_pollution,673351,126826,0.7405228777247911,diagnosis3064,0.7731236186706663,0.18405173077951587,0.18554531981591213,-1.3868111724689518,0.16549934939072591,0.5374183342197375,1.1122064352609755
KI,clinical_center_community_plus_prior_pollution,673351,126826,0.7405228777247911,diagnosis3066,1.4093171509742402,0.28435570085767414,0.30896539108707627,1.110497508434099,0.2667847011733327,0.7691604051123051,2.582263489941539
KI,clinical_center_community_plus_prior_pollution,673351,126826,0.7405228777247911,diagnosis3067,NA,0,0,NA,NA,NA,NA
KI,clinical_center_community_plus_prior_pollution,673351,126826,0.7405228777247911,diagnosis3068,0.904873541179696,0.13731218052587255,0.14870802240888606,-0.6721902216821607,0.5014626052547051,0.6760944818315459,1.2110676059786156
KI,clinical_center_community_plus_prior_pollution,673351,126826,0.7405228777247911,diagnosis3069,2.2044503034427634,0.08342989708619335,0.09086279570994538,8.699690298459428,3.327911461736073e-18,1.8448359825660217,2.6341643302021724
KI,clinical_center_community_plus_prior_pollution,673351,126826,0.7405228777247911,diagnosis3070,1.6469360436637714,0.08256788948675582,0.08991104274360968,5.549002694192563,2.8730375165749555e-8,1.3808430422573439,1.9643060426945858
KI,clinical_center_community_plus_prior_pollution,673351,126826,0.7405228777247911,diagnosis3071,1.8809208363914187,0.08857160404711568,0.09572153760530232,6.599992847189178,4.111776196674946e-11,1.559165429885887,2.269074932626184
KI,clinical_center_community_plus_prior_pollution,673351,126826,0.7405228777247911,diagnosis3072,4.209345551555258,0.08759217783299736,0.10026907521808724,14.334501256218585,1.3320000652050475e-46,3.4583216823466025,5.123464963610703
KI,clinical_center_community_plus_prior_pollution,673351,126826,0.7405228777247911,diagnosis3073,0.6568395923622852,0.10201299068990582,0.10915340272375104,-3.850685654085565,1.1778760206155198e-4,0.5303319328420206,0.813524932927569
KI,clinical_center_community_plus_prior_pollution,673351,126826,0.7405228777247911,diagnosis3074,0.7283960352010346,0.10695385383222006,0.11474750973092561,-2.761806117172446,0.005748260218310881,0.5816936405250395,0.9120965868179342
KI,clinical_center_community_plus_prior_pollution,673351,126826,0.7405228777247911,diagnosis5001,2.328083958677213,0.2590817273887558,0.28927210007813364,2.921282742838017,0.0034859330850160793,1.320595400726685,4.10419036418551
KI,clinical_center_community_plus_prior_pollution,673351,126826,0.7405228777247911,diagnosis5002,7.736515331519906e-4,91.45351923812272,0.8832007238762363,-8.111846840290701,4.985611820172556e-16,1.370135665351268e-4,0.004368448394451333
KI,clinical_center_community_plus_prior_pollution,673351,126826,0.7405228777247911,diagnosis999,1.1548360329104062,0.08303643739929273,0.09038587897756337,1.5927086473726686,0.11122556673865605,0.9673502015943733,1.378659208123539
KI,clinical_center_community_plus_prior_pollution,673351,126826,0.7405228777247911,diagnosisMissing,1.3849438257665792,0.09400650123518918,0.10565442221805461,3.08230903133757,0.002054014769279087,1.1258977500281644,1.7035911124975498
KI,clinical_center_community_plus_prior_pollution,673351,126826,0.7405228777247911,functional_status2,1.4704156139640667,0.5273485184434309,0.5085584123250586,0.7581136838441546,0.448382928505021,0.5426932255933337,3.9840594572107415
KI,clinical_center_community_plus_prior_pollution,673351,126826,0.7405228777247911,functional_status2010,12.835979609916835,0.20417233303552362,0.23340807842893022,10.93472064856533,7.864782901500614e-28,8.123659315823787,20.2817924953187
KI,clinical_center_community_plus_prior_pollution,673351,126826,0.7405228777247911,functional_status2020,12.5250298077803,0.19128170765635572,0.19192996249503927,13.170059504889073,1.3049478145568104e-39,8.598202869729716,18.245251253383884
KI,clinical_center_community_plus_prior_pollution,673351,126826,0.7405228777247911,functional_status2030,9.036957820410766,0.1928647418634678,0.1945025057363785,11.31770814541498,1.0723888722575751e-29,6.172504599087885,13.230708108334374
KI,clinical_center_community_plus_prior_pollution,673351,126826,0.7405228777247911,functional_status2040,2.334319273335751,0.1882867138123093,0.17911006066025378,4.732957566594928,2.212717604973745e-6,1.6432418832372742,3.316034313300144
KI,clinical_center_community_plus_prior_pollution,673351,126826,0.7405228777247911,functional_status2050,1.928867669973024,0.1874231028905645,0.1779062444557098,3.6925805120291932,2.2199002879868428e-4,1.3610320870667494,2.7336096801990353
KI,clinical_center_community_plus_prior_pollution,673351,126826,0.7405228777247911,functional_status2060,1.870420224528583,0.18701204624280648,0.17739812822286768,3.529705363258106,4.160226901816706e-4,1.3211058914274016,2.64813883506764
KI,clinical_center_community_plus_prior_pollution,673351,126826,0.7405228777247911,functional_status2070,1.6671034297992253,0.1867864680997366,0.1771388612055011,2.8852372869295912,0.003911187447776988,1.1780986897405274,2.359084064731842
KI,clinical_center_community_plus_prior_pollution,673351,126826,0.7405228777247911,functional_status2080,1.5958033103986702,0.18672448154344953,0.17706014099055767,2.6396525481102056,0.008299106355272987,1.1278867542814743,2.257840333537449
KI,clinical_center_community_plus_prior_pollution,673351,126826,0.7405228777247911,functional_status2090,1.459704734011736,0.1867131984415081,0.1770581046230426,2.1362149961708266,0.032661893675938435,1.031698703084838,2.0652714829680843
KI,clinical_center_community_plus_prior_pollution,673351,126826,0.7405228777247911,functional_status2100,1.4641182236640704,0.1868375008828558,0.17714491095556872,2.152210662395081,0.031380766243846704,1.034642049112013,2.071868405797952
KI,clinical_center_community_plus_prior_pollution,673351,126826,0.7405228777247911,functional_status3,NA,0,0,NA,NA,NA,NA
KI,clinical_center_community_plus_prior_pollution,673351,126826,0.7405228777247911,functional_status4010,6.8006921340028095,0.4157439465704059,0.564736933375046,3.3945440401034417,6.874298274619282e-4,2.2482684479727664,20.57112598950991
KI,clinical_center_community_plus_prior_pollution,673351,126826,0.7405228777247911,functional_status4020,9.721351428526143,0.46473138744837394,0.48331220826270915,4.7057049372692985,2.5299021146544307e-6,3.7699062100548666,25.06817632355153
KI,clinical_center_community_plus_prior_pollution,673351,126826,0.7405228777247911,functional_status4030,5.259816955558794,0.2965636498630819,0.4124772678479573,4.024697495408669,5.704860053740492e-5,2.343523667164871,11.805161088666505
KI,clinical_center_community_plus_prior_pollution,673351,126826,0.7405228777247911,functional_status4040,3.1018047479975293,0.336724283973858,0.39362731394745615,2.875776346700492,0.004030351740143353,1.434030140156934,6.709198381037595
KI,clinical_center_community_plus_prior_pollution,673351,126826,0.7405228777247911,functional_status4050,3.7686622144576254,0.3526315065383049,0.35706681212005625,3.7156073966434278,2.0271613834421502e-4,1.87176530021623,7.587925091377597
KI,clinical_center_community_plus_prior_pollution,673351,126826,0.7405228777247911,functional_status4060,2.0353585463537898,0.2928469402631473,0.28012736110021047,2.5369602970527434,0.011181963489376985,1.1754281384634566,3.5244046629943826
KI,clinical_center_community_plus_prior_pollution,673351,126826,0.7405228777247911,functional_status4070,1.7786075698325274,0.25136587150500683,0.2468448397980959,2.332764154631339,0.019660526967621234,1.0963909139695416,2.885325705602711
KI,clinical_center_community_plus_prior_pollution,673351,126826,0.7405228777247911,functional_status4080,0.9468749477342747,0.2429929949357433,0.24369174626846712,-0.22400531129352347,0.8227531704326205,0.5873024813214686,1.5265935274603986
KI,clinical_center_community_plus_prior_pollution,673351,126826,0.7405228777247911,functional_status4090,0.8512275493620642,0.23613275498102634,0.23146537137782416,-0.6958958683007604,0.4864940449970105,0.540781703470775,1.339890636355643
KI,clinical_center_community_plus_prior_pollution,673351,126826,0.7405228777247911,functional_status4100,0.4893085830596047,0.24869947951729762,0.2465381377295199,-2.899194201416475,0.003741230901484553,0.3018069181047332,0.7932982151612354
KI,clinical_center_community_plus_prior_pollution,673351,126826,0.7405228777247911,functional_status996,2.8766478212910824,0.36258572246440157,0.39343741347334354,2.685625792326583,0.007239411798656828,1.3304304077242262,6.219868878293114
KI,clinical_center_community_plus_prior_pollution,673351,126826,0.7405228777247911,functional_status998,1.9605260218817653,0.18737547021424072,0.17774317428289688,3.7875593167643755,1.5213437240139242e-4,1.3838128106868541,2.7775883073142977
KI,clinical_center_community_plus_prior_pollution,673351,126826,0.7405228777247911,functional_statusMissing,0.475388912997849,1.0196890574238586,1.0972849549283121,-0.6776927382501525,0.4979665316721751,0.055339904064880846,4.083755156791001
KI,clinical_center_community_plus_prior_pollution,673351,126826,0.7405228777247911,on_dialysisN,1.5469015069777707,0.008620753794540872,0.009817063661020475,44.43832876263194,0,1.517421952871291,1.5769537719961184
KI,clinical_center_community_plus_prior_pollution,673351,126826,0.7405228777247911,on_dialysisY,NA,0,0,NA,NA,NA,NA
KI,clinical_center_community_plus_prior_pollution,673351,126826,0.7405228777247911,log1p_dialysis_years,3.2591240812182605,0.007041355589973512,0.008355328769855286,141.40179340345267,0,3.2061868347018425,3.3129353728896302
KI,clinical_center_community_plus_prior_pollution,673351,126826,0.7405228777247911,diabetes2,1.8288358533782234,0.39784474731944597,0.4003919058186263,1.5077218344301524,0.1316257348540056,0.8343735323519412,4.00856504780748
KI,clinical_center_community_plus_prior_pollution,673351,126826,0.7405228777247911,diabetes3,1.287466716458782,0.4519126327057587,0.44344352731831893,0.5698053672256533,0.5688097148265474,0.5398538410437871,3.070406135824296
KI,clinical_center_community_plus_prior_pollution,673351,126826,0.7405228777247911,diabetes4,2.1432438109112513e-4,136.54318041582405,0.8816662992326093,-9.581879106038953,9.52951064462757e-22,3.807113844614535e-5,0.0012065554697050223
KI,clinical_center_community_plus_prior_pollution,673351,126826,0.7405228777247911,diabetes998,2.692558305386276,1.0332120285469828,0.46482509430708974,2.1308913754538716,0.03309809207355428,1.0826928750632452,6.696146612658844
KI,clinical_center_community_plus_prior_pollution,673351,126826,0.7405228777247911,diabetesMissing,2.1395176544779955,0.3409192638112829,0.32877328220104,2.3133887383818554,0.02070127569923989,1.1232166931699068,4.0753808429470935
LI,clinical_center_community_plus_prior_pollution,216497,42435,0.7931817179841326,pm25_prior_1y_5ug,0.9843123891805122,0.01779524143050422,0.019083524247991056,-0.8285662243274632,0.40734990685686495,0.9481761480037146,1.0218258300782024
LI,clinical_center_community_plus_prior_pollution,216497,42435,0.7931817179841326,o3_prior_1y_10ppb,1.0183171732461982,0.01708834160386031,0.01933874406078606,0.9386046280879933,0.3479337757347742,0.9804419817637526,1.0576555111019263
LI,clinical_center_community_plus_prior_pollution,216497,42435,0.7931817179841326,no2_prior_1y_10unit,0.9783806122150597,0.010338598286243183,0.011073870595288127,-1.973701103313202,0.048415739650970444,0.9573742499968257,0.9998478884944825
LI,clinical_center_community_plus_prior_pollution,216497,42435,0.7931817179841326,"ns(age, df = 4)1",3.82375353496357,0.02143572216879064,0.02275263775405096,58.94844173482038,0,3.6569819024282797,3.998130558545509
LI,clinical_center_community_plus_prior_pollution,216497,42435,0.7931817179841326,"ns(age, df = 4)2",4.550247473765225,0.02103100567986447,0.022136354477998568,68.44765802915936,0,4.357049742676369,4.752011864750636
LI,clinical_center_community_plus_prior_pollution,216497,42435,0.7931817179841326,"ns(age, df = 4)3",17.49300378124017,0.05183205536704986,0.05617922926580818,50.94055319849654,0,15.669117720118704,19.52919026816557
LI,clinical_center_community_plus_prior_pollution,216497,42435,0.7931817179841326,"ns(age, df = 4)4",15.280249594472565,0.06809646875188327,0.07399379083055446,36.84851239160825,3.089465669274722e-297,13.217423921436364,17.665017711258034
LI,clinical_center_community_plus_prior_pollution,216497,42435,0.7931817179841326,sexM,1.0235526387383056,0.010534135546692837,0.011168188326744674,2.0844522178427294,0.03711905224658965,1.0013912749602591,1.0462044462188123
LI,clinical_center_community_plus_prior_pollution,216497,42435,0.7931817179841326,race_srtrBLACK,1.0975696691808106,0.018870797753798102,0.019233262243446507,4.840486375396228,1.2952173643949016e-6,1.0569652629564052,1.139733935376607
LI,clinical_center_community_plus_prior_pollution,216497,42435,0.7931817179841326,race_srtrMissing,2.209948663414843,0.2795336895609043,0.25817962844528153,3.0713859602748146,0.002130675372283373,1.332352947662757,3.665600097554067
LI,clinical_center_community_plus_prior_pollution,216497,42435,0.7931817179841326,race_srtrMULTI,0.9172041172170068,0.08659840038496787,0.09482374872355588,-0.9114303143897282,0.36206868712760315,0.7616437353870759,1.1045366141064488
LI,clinical_center_community_plus_prior_pollution,216497,42435,0.7931817179841326,race_srtrNATIVE,1.2030754908186878,0.05376868722255718,0.05480938082321945,3.373166862717431,7.430890572778868e-4,1.0805355250098163,1.3395123095054904
LI,clinical_center_community_plus_prior_pollution,216497,42435,0.7931817179841326,race_srtrPACIFIC,1.0220306045935204,0.13351249135846402,0.1488915219132246,0.14635781029943518,0.8836389311064993,0.7633561479275511,1.3683607049758546
LI,clinical_center_community_plus_prior_pollution,216497,42435,0.7931817179841326,race_srtrWHITE,1.0752837826737813,0.015028847126095346,0.015922135533002858,4.558723324151359,5.146551871252611e-6,1.0422457899898985,1.1093690417232986
LI,clinical_center_community_plus_prior_pollution,216497,42435,0.7931817179841326,ethnicity_srtrNLATIN,1.087728097682285,0.01457411509932983,0.015226633214949969,5.52263956157669,3.339443504311289e-8,1.0557459242253227,1.1206791211206304
LI,clinical_center_community_plus_prior_pollution,216497,42435,0.7931817179841326,"ns(bmi, df = 3)1",2.1592867640474154,0.3054971242864124,0.35408432973091925,2.173996137932807,0.029705425244836794,1.0787310876927778,4.322225791566546
LI,clinical_center_community_plus_prior_pollution,216497,42435,0.7931817179841326,"ns(bmi, df = 3)2",0.003963561432894135,0.15347867503480025,0.17834330890236266,-31.011044598130148,3.826073818949567e-211,0.0027943415864451347,0.0056220110342026204
LI,clinical_center_community_plus_prior_pollution,216497,42435,0.7931817179841326,"ns(bmi, df = 3)3",0.0013734245233319954,0.3068239229874017,0.356406199921589,-18.49139551292512,2.4220461768418903e-76,6.830166494696477e-4,0.002761711479148274
LI,clinical_center_community_plus_prior_pollution,216497,42435,0.7931817179841326,aboA1,0.8574603449080117,0.22386369056790884,0.2023372073716566,-0.7600201070984581,0.4472425660532534,0.5767456148311628,1.2748050859563118
LI,clinical_center_community_plus_prior_pollution,216497,42435,0.7931817179841326,aboA1B,1.9375598196376584,0.8128557344756722,0.5364698637567362,1.2329291934287934,0.21760218254203395,0.6770350361548355,5.5449686562687095
LI,clinical_center_community_plus_prior_pollution,216497,42435,0.7931817179841326,aboA2,0.7679513320581399,1.034343904906711,0.8183989637797524,-0.32261638790323466,0.7469857811033415,0.154422733960794,3.8190571639510105
LI,clinical_center_community_plus_prior_pollution,216497,42435,0.7931817179841326,aboA2B,8.476790898291829e-4,100.97350768627734,1.1713926012693352,-6.0381194297595595,1.559206504929294e-9,8.533757163013655e-5,0.008420204906321425
LI,clinical_center_community_plus_prior_pollution,216497,42435,0.7931817179841326,aboAB,1.067638576445608,0.033892566475943506,0.03568397662604122,1.8341361553392788,0.06663378567257784,0.9955200278315129,1.1449816156865094
LI,clinical_center_community_plus_prior_pollution,216497,42435,0.7931817179841326,aboB,0.9675089771934754,0.01695848468135879,0.017688370944370018,-1.8673610742437852,0.061851181828145044,0.9345415924573378,1.0016393368738128
LI,clinical_center_community_plus_prior_pollution,216497,42435,0.7931817179841326,aboO,0.9915911718686462,0.010247952573538959,0.010712942424147108,-0.7882411238901043,0.43055567872268,0.9709878116907102,1.0126317141054204
LI,clinical_center_community_plus_prior_pollution,216497,42435,0.7931817179841326,primary_pay10,1.3818306215230527,0.16503362817066158,0.1726012548879324,1.8737358406885418,0.06096684338285613,0.9852271198754626,1.9380869934032574
LI,clinical_center_community_plus_prior_pollution,216497,42435,0.7931817179841326,primary_pay11,1.6911027248157076,0.1004646649815043,0.12315535008678002,4.266000751654171,1.9900810892743295e-5,1.3284339474918119,2.152781800915802
LI,clinical_center_community_plus_prior_pollution,216497,42435,0.7931817179841326,primary_pay12,0.9984154835260464,0.15622886013073364,0.16883551254000714,-0.009392414688004351,0.9925060475148463,0.7171306072384246,1.3900305853395705
LI,clinical_center_community_plus_prior_pollution,216497,42435,0.7931817179841326,primary_pay13,0.4844277896179079,42.80568110427183,1.0208262549291243,-0.7100002535158804,0.47770397896957545,0.0655088786296616,3.5822668356260996
LI,clinical_center_community_plus_prior_pollution,216497,42435,0.7931817179841326,primary_pay14,21260.473381161682,364.7863744150852,0.9840100552790989,10.126527533404163,4.2134754651494705e-24,3090.167727484751,146272.87844954524
LI,clinical_center_community_plus_prior_pollution,216497,42435,0.7931817179841326,primary_pay2,1.129291285225539,0.013889346499729756,0.014425867853660032,8.428626685128686,3.4974539990343634e-17,1.0978086684550723,1.1616767507229253
LI,clinical_center_community_plus_prior_pollution,216497,42435,0.7931817179841326,primary_pay3,1.1663939742317873,0.014292273671242845,0.014655978090462311,10.501988689111506,8.457919588983972e-26,1.1333657289559607,1.2003847199239668
LI,clinical_center_community_plus_prior_pollution,216497,42435,0.7931817179841326,primary_pay4,1.1214268266613143,0.016787415043851058,0.01682341396120007,6.812043450793418,9.622203238534403e-12,1.0850526828474636,1.1590203383078113
LI,clinical_center_community_plus_prior_pollution,216497,42435,0.7931817179841326,primary_pay5,1.5191188740925337,0.13205756408688094,0.1426338017761075,2.93149641578931,0.003373332588428184,1.1486339471102476,2.0091014717351623
LI,clinical_center_community_plus_prior_pollution,216497,42435,0.7931817179841326,primary_pay6,0.8249734365405114,0.0628560170429618,0.0634598488040321,-3.031902768830984,0.002430174692940787,0.7284887403386193,0.9342370489914649
LI,clinical_center_community_plus_prior_pollution,216497,42435,0.7931817179841326,primary_pay7,1.0452227657914817,0.05152149699654582,0.049914335655667004,0.8861188899710123,0.37555346488044794,0.9478109044601556,1.1526461923869131
LI,clinical_center_community_plus_prior_pollution,216497,42435,0.7931817179841326,primary_pay8,1.1167499843863586,0.09827981812300418,0.12238879323992272,0.9022285811112108,0.3669354551339948,0.8785741588629767,1.4194937502383742
LI,clinical_center_community_plus_prior_pollution,216497,42435,0.7931817179841326,primary_pay9,0.9865479790549682,0.6062677218385075,0.5514875892552187,-0.024557794826129364,0.9804076839869116,0.3347272921616563,2.9076712230187627
LI,clinical_center_community_plus_prior_pollution,216497,42435,0.7931817179841326,primary_payMissing,36.482702631846855,12.068169202664892,0.5106309667919259,7.0439093624935305,1.8691975906440206e-12,13.410258093598399,99.25145228630116
LI,clinical_center_community_plus_prior_pollution,216497,42435,0.7931817179841326,education2,1.0011731900783714,0.021067710063602595,0.021608737491141186,0.05426057071352303,0.9567275632619414,0.9596565251862551,1.0444859491130556
LI,clinical_center_community_plus_prior_pollution,216497,42435,0.7931817179841326,education3,1.002804584933961,0.01075802166702293,0.011136388691007906,0.25148721917384825,0.8014374423672176,0.9811535955074219,1.0249333439424442
LI,clinical_center_community_plus_prior_pollution,216497,42435,0.7931817179841326,education4,0.9361521458912399,0.012575944471945232,0.013044546483583781,-5.057842889987413,4.240255429405043e-7,0.9125210657964933,0.9603951876900781
LI,clinical_center_community_plus_prior_pollution,216497,42435,0.7931817179841326,education5,0.9175495669679095,0.014623597945325662,0.015077199373711807,-5.707205591474695,1.1484603078098913e-8,0.8908319796431055,0.9450684608115304
LI,clinical_center_community_plus_prior_pollution,216497,42435,0.7931817179841326,education6,0.8614886357711233,0.02203976828254741,0.02237214912357796,-6.664241932650314,2.660349177325307e-11,0.8245297782874618,0.9001041431205237
LI,clinical_center_community_plus_prior_pollution,216497,42435,0.7931817179841326,education996,1.299612859720032,0.05587457791540796,0.062497804660566696,4.193210006721943,2.7503460640105884e-5,1.1497827065013595,1.468967636753791
LI,clinical_center_community_plus_prior_pollution,216497,42435,0.7931817179841326,education998,1.240781820479009,0.021113980402370097,0.024183689601943472,8.920958086728227,4.622715409408254e-19,1.1833418603091135,1.3010099428317734
LI,clinical_center_community_plus_prior_pollution,216497,42435,0.7931817179841326,educationMissing,0.0022958590882392214,12.003103734012894,0.5052671014871307,-12.026605645293696,2.5753245642124026e-33,8.528272968069486e-4,0.006180581898334567
LI,clinical_center_community_plus_prior_pollution,216497,42435,0.7931817179841326,"ns(median_household_income, df = 3)1",2.9274677283384787e-44,0.08895704917453949,0.088487520442467,-1132.8106584714146,0,2.4613388248775503e-44,3.481872228984812e-44
LI,clinical_center_community_plus_prior_pollution,216497,42435,0.7931817179841326,"ns(median_household_income, df = 3)2",5651800535680134e76,0.4647187453715132,0.41454043794602274,509.641999421151,0,25080105887785816e75,12736329518716519e76
LI,clinical_center_community_plus_prior_pollution,216497,42435,0.7931817179841326,"ns(median_household_income, df = 3)3",3.113840285022228e-49,0.10535711790012278,0.10791849542400456,-1034.9552440952532,0,2.520205431074343e-49,3.8473059382678905e-49
LI,clinical_center_community_plus_prior_pollution,216497,42435,0.7931817179841326,"ns(pct_poverty, df = 3)1",1.1648922380433677,0.030196318635193776,0.031478345273887175,4.84868508422967,1.242825392380892e-6,1.0951947049221975,1.2390252803040034
LI,clinical_center_community_plus_prior_pollution,216497,42435,0.7931817179841326,"ns(pct_poverty, df = 3)2",1.1054309012579122,0.0439549569097554,0.04577019068573334,2.1899671673737537,0.028526618051723095,1.0105828964076928,1.2091808418682215
LI,clinical_center_community_plus_prior_pollution,216497,42435,0.7931817179841326,"ns(pct_poverty, df = 3)3",0.9483130697175635,0.06816779152512431,0.07105730631654159,-0.7468702611746465,0.45514187872012457,0.8250260229742342,1.0900234091467362
LI,clinical_center_community_plus_prior_pollution,216497,42435,0.7931817179841326,"ns(pct_bachelor_plus, df = 3)1",0.9582273512645119,0.022591597407212158,0.02398505446713945,-1.7790332966571478,0.07523430323502371,0.9142236411908411,1.0043490622440938
LI,clinical_center_community_plus_prior_pollution,216497,42435,0.7931817179841326,"ns(pct_bachelor_plus, df = 3)2",1.004098830788535,0.047804346637125295,0.05036070065904371,0.08122312461450927,0.9352645094889442,0.9097233778542159,1.1082648709863876
LI,clinical_center_community_plus_prior_pollution,216497,42435,0.7931817179841326,"ns(pct_bachelor_plus, df = 3)3",1.018723026679613,0.036947264236909916,0.03970557552225261,0.46718648702404725,0.6403664607119214,0.9424507745052856,1.1011679688332106
LI,clinical_center_community_plus_prior_pollution,216497,42435,0.7931817179841326,"ns(pct_unemployed, df = 3)1",1.08713345783009,0.054829368505372233,0.057410069620614367,1.4552216614158726,0.14560790592891534,0.9714385237285679,1.216607254360683
LI,clinical_center_community_plus_prior_pollution,216497,42435,0.7931817179841326,"ns(pct_unemployed, df = 3)2",1.5483433275417802,0.05558792800750727,0.05861230553068078,7.458937750965875,8.722280058693889e-14,1.3803091978744058,1.7368333585221019
LI,clinical_center_community_plus_prior_pollution,216497,42435,0.7931817179841326,"ns(pct_unemployed, df = 3)3",1.9212479898474433,0.10121873782529787,0.10597375606347585,6.161666754603989,7.198321336812966e-10,1.5609119353484717,2.3647675150032
LI,clinical_center_community_plus_prior_pollution,216497,42435,0.7931817179841326,"ns(pct_no_vehicle, df = 3)1",0.7714915769019796,0.03440940460358796,0.03647526140226554,-7.112478844147933,1.1397701184633942e-12,0.7182628261843383,0.828664983809072
LI,clinical_center_community_plus_prior_pollution,216497,42435,0.7931817179841326,"ns(pct_no_vehicle, df = 3)2",0.8133311838930048,0.03315477734886188,0.03481163604342437,-5.935282440137475,2.933400715097979e-9,0.759688768270983,0.8707613463844649
LI,clinical_center_community_plus_prior_pollution,216497,42435,0.7931817179841326,"ns(pct_no_vehicle, df = 3)3",0.8434381934838718,0.04343704794046452,0.0455967499621735,-3.7342278495741534,1.8829197421427408e-4,0.7713318050148799,0.9222853013478599
LI,clinical_center_community_plus_prior_pollution,216497,42435,0.7931817179841326,"ns(pct_black, df = 3)1",1.0292623765575224,0.029605310932102346,0.03054172820147691,0.9443606542669114,0.34498538046551375,0.9694578503774964,1.092756161997479
LI,clinical_center_community_plus_prior_pollution,216497,42435,0.7931817179841326,"ns(pct_black, df = 3)2",1.0708810144289747,0.023467365364942,0.024358850855795706,2.811367747212058,0.004933136655744162,1.0209557692884481,1.1232476288994173
LI,clinical_center_community_plus_prior_pollution,216497,42435,0.7931817179841326,"ns(pct_black, df = 3)3",1.019972441941898,0.028465462868434883,0.028805139868554323,0.6865305746618453,0.49237859086741786,0.9639831849854897,1.0792136196199087
LI,clinical_center_community_plus_prior_pollution,216497,42435,0.7931817179841326,"ns(pct_hispanic, df = 3)1",1.000824637594669,0.028455896626915857,0.030505185549655152,0.027021562171972262,0.9784425361830839,0.9427399838930676,1.0624880373484986
LI,clinical_center_community_plus_prior_pollution,216497,42435,0.7931817179841326,"ns(pct_hispanic, df = 3)2",1.0157309800961911,0.031107616579399176,0.032218606043708534,0.48445704646311605,0.6280615412135726,0.9535734959321087,1.0819401213733222
LI,clinical_center_community_plus_prior_pollution,216497,42435,0.7931817179841326,"ns(pct_hispanic, df = 3)3",1.0310277978348572,0.025144494194418443,0.026871834114709735,1.1371075957594745,0.2554933089790924,0.9781310104734245,1.0867852143790886
LI,clinical_center_community_plus_prior_pollution,216497,42435,0.7931817179841326,init_status6011,1.848066740967347,0.03551573682930152,0.05590486371999955,10.985450047519203,4.489951336538166e-28,1.6562707986642184,2.062072628355309
LI,clinical_center_community_plus_prior_pollution,216497,42435,0.7931817179841326,init_status6012,3.028776554282654,0.14925578376589446,0.14862609591701828,7.456017421970431,8.917695871051672e-14,2.2633747809005933,4.05301300216935
LI,clinical_center_community_plus_prior_pollution,216497,42435,0.7931817179841326,init_status6030,0.0010649761081301646,872.1638536795984,1.2027894681567433,-5.690773900974159,1.2646487353951033e-8,1.0081464226364278e-4,0.011250093095822988
LI,clinical_center_community_plus_prior_pollution,216497,42435,0.7931817179841326,init_status6040,256.3892362258248,1.0035648754011504,0.7676726997661794,7.2253406242741836,4.998473698734329e-13,56.94500060271494,1154.367192145183
LI,clinical_center_community_plus_prior_pollution,216497,42435,0.7931817179841326,init_status6188,0.3497972005319453,102.13956840531306,1.0507679718111114,-0.9996514431939807,0.3174792183461609,0.04460679397225029,2.743036892005833
LI,clinical_center_community_plus_prior_pollution,216497,42435,0.7931817179841326,init_status6189,0.1301402407526548,15.574013106479573,0.4016035899313172,-5.077501013660023,3.8243146734662366e-7,0.059233311132476846,0.2859283389591385
LI,clinical_center_community_plus_prior_pollution,216497,42435,0.7931817179841326,init_status6190,4.300473004321126,0.7362076766468525,0.7457581144323094,1.9560296957213565,0.050461656022750524,0.9970702722420146,18.548409852104967
LI,clinical_center_community_plus_prior_pollution,216497,42435,0.7931817179841326,init_status6191,2.9890510360232496,0.5405967297509391,0.4732732758786865,2.3135807863602467,0.02069072863015519,1.1821766787283465,7.557606453176116
LI,clinical_center_community_plus_prior_pollution,216497,42435,0.7931817179841326,init_status6192,0.6923487151511905,1.0136266839290795,1.0393894810555695,-0.3537321989145621,0.723539589511213,0.09028070884447763,5.309514618424769
LI,clinical_center_community_plus_prior_pollution,216497,42435,0.7931817179841326,init_status6193,3.32060945323645,0.4915119707895463,0.43105833739422156,2.7841900555464614,0.005366158043933957,1.4265936216046182,7.729213823710243
LI,clinical_center_community_plus_prior_pollution,216497,42435,0.7931817179841326,init_status6194,1.876542472806917,0.6156288235560875,0.52530889934826,1.198211136674361,0.2308348309122685,0.670215785802726,5.254146092710514
LI,clinical_center_community_plus_prior_pollution,216497,42435,0.7931817179841326,init_status6195,1.2097694880561745,0.5418608235511575,0.5094449376862893,0.3737986613161567,0.7085541155379156,0.4457201927977132,3.2835447841061054
LI,clinical_center_community_plus_prior_pollution,216497,42435,0.7931817179841326,init_status6196,1.2540631386133076,0.7148892977627155,0.7365083982870038,0.30738113949704077,0.7585532822665728,0.29607539500439295,5.31173607183848
LI,clinical_center_community_plus_prior_pollution,216497,42435,0.7931817179841326,init_status6197,0.3071716826343328,1.0180919036544758,1.0125016568701735,-1.1657743499706732,0.24370569040882822,0.04222194190826552,2.234725319299824
LI,clinical_center_community_plus_prior_pollution,216497,42435,0.7931817179841326,init_status6198,1.3496766981348667,0.4264933125225671,0.4285316588436993,0.6997501228165919,0.48408336835976373,0.5827240474593943,3.1260546006815884
LI,clinical_center_community_plus_prior_pollution,216497,42435,0.7931817179841326,init_status6199,1.096001501653478,0.5148604557669586,0.5003383666667736,0.1832131308605468,0.8546307918158225,0.4110762247085476,2.9221327321431483
LI,clinical_center_community_plus_prior_pollution,216497,42435,0.7931817179841326,init_status6200,0.4637323150837132,0.7161504199413625,0.6055737369528296,-1.2689582679802829,0.20445594859942579,0.14151486494680504,1.5196118099235436
LI,clinical_center_community_plus_prior_pollution,216497,42435,0.7931817179841326,init_status6201,0.7413150072868139,0.4656294546611509,0.3932430414576484,-0.7611822751199449,0.44654820362060055,0.3429838795216546,1.6022558867637766
LI,clinical_center_community_plus_prior_pollution,216497,42435,0.7931817179841326,init_status6202,0.47997152795269904,0.6039504013325258,0.5785810368331142,-1.2686701548713957,0.20455873129831686,0.15442812705524808,1.4917791987649414
LI,clinical_center_community_plus_prior_pollution,216497,42435,0.7931817179841326,init_status6203,0.2958218093018911,0.6385321516447668,0.5164133321213232,-2.358571953455594,0.018345402913570577,0.10751235222186122,0.8139580341248484
LI,clinical_center_community_plus_prior_pollution,216497,42435,0.7931817179841326,init_status6204,0.6584390742459786,0.5179518645616701,0.5069911097699303,-0.8242418378789913,0.40980215903258205,0.2437608640255611,1.7785546347933827
LI,clinical_center_community_plus_prior_pollution,216497,42435,0.7931817179841326,init_status6205,0.707861890664199,0.5274716718271732,0.5052498807113817,-0.6838324702102876,0.49408096035796056,0.26295355919932695,1.905539737816856
LI,clinical_center_community_plus_prior_pollution,216497,42435,0.7931817179841326,init_status6206,0.9899022229317719,0.03931366664527546,0.04055078025091336,-0.2502813850594271,0.8023697510286529,0.9142719858461196,1.0717887304163671
LI,clinical_center_community_plus_prior_pollution,216497,42435,0.7931817179841326,init_status6207,0.7965524738269216,0.031031231009684714,0.032046103967386046,-7.097969585403114,1.2660303599752899e-12,0.7480604558744893,0.8481879219481765
LI,clinical_center_community_plus_prior_pollution,216497,42435,0.7931817179841326,init_status6208,0.7275127452739243,0.028889477545073258,0.028718894916503226,-11.07715884395919,1.6192968294854968e-28,0.6876936884085427,0.7696374177300463
LI,clinical_center_community_plus_prior_pollution,216497,42435,0.7931817179841326,init_status6209,0.6297158523356219,0.02872387927044878,0.028074977513291535,-16.47326660048219,5.7101913528689905e-61,0.5960012383372887,0.6653376355207636
LI,clinical_center_community_plus_prior_pollution,216497,42435,0.7931817179841326,init_status6210,0.6332620386469555,0.02491228455490463,0.02435452128858972,-18.75918536751293,1.6287662174489338e-78,0.6037440289657603,0.6642232309581001
LI,clinical_center_community_plus_prior_pollution,216497,42435,0.7931817179841326,init_status6211,0.6239577548460219,0.024664237477911768,0.023880583743004537,-19.75130166614701,7.817669225083355e-87,0.5954262772862401,0.6538563961384064
LI,clinical_center_community_plus_prior_pollution,216497,42435,0.7931817179841326,init_status6212,0.614051353630977,0.02507530278715734,0.02419112264473995,-20.159325536841713,2.2289960810144215e-90,0.5856163213145025,0.6438670699096471
LI,clinical_center_community_plus_prior_pollution,216497,42435,0.7931817179841326,init_status6213,0.6043190711454451,0.023793737284476247,0.02242195712197271,-22.462488635747118,9.662208784384912e-112,0.5783366239458915,0.6314688100822426
LI,clinical_center_community_plus_prior_pollution,216497,42435,0.7931817179841326,init_status6214,0.6146975619810513,0.023003065652161325,0.022572243150332183,-21.5585530436331,4.40154573896508e-103,0.5880956437365882,0.6425027913906657
LI,clinical_center_community_plus_prior_pollution,216497,42435,0.7931817179841326,init_status6215,0.6402048654928714,0.023712330229900835,0.023582924253681505,-18.910591694242914,9.330398701307858e-80,0.6112869844871878,0.6704907518104304
LI,clinical_center_community_plus_prior_pollution,216497,42435,0.7931817179841326,init_status6216,0.6694206677724287,0.024377459829130033,0.02368768703177973,-16.943090098760454,2.1645008945767647e-64,0.6390518860530222,0.701232623236016
LI,clinical_center_community_plus_prior_pollution,216497,42435,0.7931817179841326,init_status6217,0.7007843307869789,0.02437039267245036,0.02402723965026292,-14.798000262293002,1.5090263709248385e-49,0.6685476386269164,0.7345754436964095
LI,clinical_center_community_plus_prior_pollution,216497,42435,0.7931817179841326,init_status6218,0.7176066500407821,0.026213027572233743,0.02603210785071837,-12.747093056215443,3.2358796034400344e-37,0.6819112953605804,0.7551705151187644
LI,clinical_center_community_plus_prior_pollution,216497,42435,0.7931817179841326,init_status6219,0.7293929548434055,0.02936513175157747,0.02905744375624616,-10.859271109303654,1.8018160566044795e-27,0.6890136459393015,0.7721386734654916
LI,clinical_center_community_plus_prior_pollution,216497,42435,0.7931817179841326,init_status6220,0.7575948405934972,0.028571105277262858,0.029748702280868757,-9.331719572542251,1.0416697392489795e-20,0.714685329051119,0.8030806274642779
LI,clinical_center_community_plus_prior_pollution,216497,42435,0.7931817179841326,init_status6221,0.7465738491020454,0.028935063713675453,0.029470049596020436,-9.917212348566704,3.504059776211469e-23,0.7046733086201176,0.790965835295342
LI,clinical_center_community_plus_prior_pollution,216497,42435,0.7931817179841326,init_status6222,0.8700677815497924,0.02255685054087643,0.022579590257478098,-6.164157938821625,7.085919190760754e-10,0.8324023642119383,0.9094375232915997
LI,clinical_center_community_plus_prior_pollution,216497,42435,0.7931817179841326,init_status6223,0.77914192698494,0.032557628367875596,0.03407414420021302,-7.324088816091573,2.40527354837076e-13,0.7288071270759247,0.832953081594335
LI,clinical_center_community_plus_prior_pollution,216497,42435,0.7931817179841326,init_status6224,0.8769184600961242,0.034315282409790114,0.03626051660654792,-3.6221565264156736,2.921572429684857e-4,0.8167595192879095,0.9415084458737586
LI,clinical_center_community_plus_prior_pollution,216497,42435,0.7931817179841326,init_status6225,0.8415923733223958,0.03982431299002001,0.04245525966928196,-4.062146845882071,4.862347324882703e-5,0.7743972616931447,0.9146180621633941
LI,clinical_center_community_plus_prior_pollution,216497,42435,0.7931817179841326,init_status6226,0.8950394638128146,0.03982806630345814,0.04146408611037588,-2.6743015085053736,0.007488509154200406,0.8251784743801465,0.9708150014263204
LI,clinical_center_community_plus_prior_pollution,216497,42435,0.7931817179841326,init_status6227,0.8488927393097502,0.043260324279317655,0.04972736946245886,-3.294411912451149,9.862785190288222e-4,0.7700604262806402,0.935795241853124
LI,clinical_center_community_plus_prior_pollution,216497,42435,0.7931817179841326,init_status6228,0.8357421997776666,0.04608052799454351,0.04939454826387538,-3.6326901091882604,2.804817890273092e-4,0.7586258134514882,0.9206976774378873
LI,clinical_center_community_plus_prior_pollution,216497,42435,0.7931817179841326,init_status6229,0.9108968530094924,0.045266637001227863,0.054158494777156736,-1.7231943471808173,0.08485338564196786,0.8191612637535766,1.012905655500088
LI,clinical_center_community_plus_prior_pollution,216497,42435,0.7931817179841326,init_status6230,1.0453203162344262,0.04560666620220121,0.05020077750604663,0.8829218064464501,0.3772785207310661,0.9473673472330864,1.153401124414729
LI,clinical_center_community_plus_prior_pollution,216497,42435,0.7931817179841326,init_status6231,1.0006214765321628,0.051873453632757416,0.05617696259848939,0.011059399918745935,0.9911760554300452,0.8962969173253301,1.1170889020630013
LI,clinical_center_community_plus_prior_pollution,216497,42435,0.7931817179841326,init_status6232,0.9247790963975351,0.052165751168118626,0.06270554043163955,-1.247104867569152,0.21235904840223568,0.8178298383687371,1.0457143246811298
LI,clinical_center_community_plus_prior_pollution,216497,42435,0.7931817179841326,init_status6233,1.05367150857101,0.05364711625580202,0.06546386944147112,0.798619762187735,0.42451092504825294,0.9267920294386436,1.1979210143259094
LI,clinical_center_community_plus_prior_pollution,216497,42435,0.7931817179841326,init_status6234,1.1592892197424383,0.058379580291503266,0.06943665828355805,2.1286605572300563,0.03328235436892044,1.0117826006254602,1.3283006588374147
LI,clinical_center_community_plus_prior_pollution,216497,42435,0.7931817179841326,init_status6235,1.214274922693836,0.05733556266343922,0.06667767487059947,2.911726114999263,0.003594376484765168,1.0655182344116692,1.3837994886096465
LI,clinical_center_community_plus_prior_pollution,216497,42435,0.7931817179841326,init_status6236,1.0581856903459868,0.05998007380044919,0.07920996531144443,0.7139989083131969,0.47522785450702515,0.906020949201791,1.2359062516595496
LI,clinical_center_community_plus_prior_pollution,216497,42435,0.7931817179841326,init_status6237,1.319655751576681,0.06384242955462605,0.06673455423995416,4.156331176321694,3.23398943852047e-5,1.1578601293896364,1.5040601696747586
LI,clinical_center_community_plus_prior_pollution,216497,42435,0.7931817179841326,init_status6238,1.408535499983783,0.061656595462447054,0.06968045273088347,4.916020184972055,8.832129513500312e-7,1.2287278112667144,1.614655610886888
LI,clinical_center_community_plus_prior_pollution,216497,42435,0.7931817179841326,init_status6239,1.3533312220445115,0.06491285091701068,0.06819018950608624,4.437135709260307,9.116382270919358e-6,1.1840240033403064,1.5468481985107934
LI,clinical_center_community_plus_prior_pollution,216497,42435,0.7931817179841326,init_status6240,1.8544797480565665,0.02974218420418018,0.030529657420700452,20.229647157320628,5.36857244357362e-91,1.7467679042780428,1.9688334824158333
LI,clinical_center_community_plus_prior_pollution,216497,42435,0.7931817179841326,init_status6241,1.2119024632085476,0.4271903772574503,0.29731252338768044,0.6464289035602362,0.5180016268670047,0.6766978387993269,2.170403828888962
LI,clinical_center_community_plus_prior_pollution,216497,42435,0.7931817179841326,init_status6242,1.9478251665197126,0.48939184904540234,0.4597570709248908,1.45014289743227,0.1470186748076301,0.7910501996473174,4.796184718768894
LI,clinical_center_community_plus_prior_pollution,216497,42435,0.7931817179841326,init_status6243,1.5165636268926403,0.3800520279939814,0.4322911808700583,0.9633483681904488,0.33537272783612615,0.6499706040423723,3.5385680830941433
LI,clinical_center_community_plus_prior_pollution,216497,42435,0.7931817179841326,init_status6244,0.5189111231519515,0.6169970577833966,0.6973932663995057,-0.9406782204864644,0.3468697834023017,0.13227286353423615,2.035706693997178
LI,clinical_center_community_plus_prior_pollution,216497,42435,0.7931817179841326,init_status6245,3.3816153675531337,0.44719345618002976,0.36587997158056446,3.329926777514171,8.686882498818664e-4,1.65077016843743,6.927265050407261
LI,clinical_center_community_plus_prior_pollution,216497,42435,0.7931817179841326,init_status6246,0.850584578418506,0.762107533260281,0.8773522568604831,-0.18445433439162962,0.8536570482961194,0.1523750669555745,4.748113582482132
LI,clinical_center_community_plus_prior_pollution,216497,42435,0.7931817179841326,init_status6247,1.1634614034344692,0.512471698384663,0.6480107841751376,0.23363736236543706,0.8152665193964976,0.3267113341374673,4.143236845012989
LI,clinical_center_community_plus_prior_pollution,216497,42435,0.7931817179841326,init_status6248,1.2717554485391753,0.6844999779486841,0.5354777097285462,0.4489415425307091,0.6534738271342264,0.44525023162657584,3.632478561505914
LI,clinical_center_community_plus_prior_pollution,216497,42435,0.7931817179841326,init_status6249,0.3804143232799362,1.051680454111538,1.9967435792505013,-0.4840352591370632,0.6283608460858795,0.007596711691387207,19.04969718945671
LI,clinical_center_community_plus_prior_pollution,216497,42435,0.7931817179841326,init_status6250,1.0378831051146393,1.0204564934276612,1.1536362380877174,0.03223127158976656,0.97428761800607655,0.10818610774825217,9.956928503140533
LI,clinical_center_community_plus_prior_pollution,216497,42435,0.7931817179841326,init_status6251,0.12006658946628943,1.1342766372362851,1.5598340260436465,-1.3589322597765612,0.17416805522133935,0.00564532623729018,2.553614317422745
LI,clinical_center_community_plus_prior_pollution,216497,42435,0.7931817179841326,init_status6252,1.657801902804715,1.260861713531951,1.5050611656840382,0.3358618117915192,0.7369750756756517,0.08678051975344818,31.669632271748767
LI,clinical_center_community_plus_prior_pollution,216497,42435,0.7931817179841326,init_status6253,3.409576203586299e-4,97.33238118626022,0.7342860430939413,-10.872809641373008,1.5534203149354135e-27,8.084906248898072e-5,0.0014378904999234124
LI,clinical_center_community_plus_prior_pollution,216497,42435,0.7931817179841326,init_status6254,1.4742811255280752,0.8143950936674527,0.5647907188422747,0.6872820064386627,0.4919050354558223,0.48733721158204707,4.459960752909594
LI,clinical_center_community_plus_prior_pollution,216497,42435,0.7931817179841326,init_status6255,0.7843963060422899,0.7782356775405797,0.2731173451300828,-0.8891448978951955,0.3739252119618353,0.4592589558892654,1.3397181634518693
LI,clinical_center_community_plus_prior_pollution,216497,42435,0.7931817179841326,init_status6256,4.292541788085955e-41,4152764286820993e5,24388751007248805e25,-3.811146775669163e-40,1,0,Inf
LI,clinical_center_community_plus_prior_pollution,216497,42435,0.7931817179841326,init_status6257,21539501631440948,31727289.3095037,1006620886928947.1,3.7361299986752896e-14,0.9999999999999701,0,Inf
LI,clinical_center_community_plus_prior_pollution,216497,42435,0.7931817179841326,init_status6258,1.6050487929421255,1.1836773328394257,1.2347330902961227,0.38320359308861607,0.7015688141020521,0.14271891238598663,18.050737527747064
LI,clinical_center_community_plus_prior_pollution,216497,42435,0.7931817179841326,init_status6259,2.007663205464501e-4,227.20481746100663,1.118187556377026,-7.61354288198333,2.6668279144512832e-14,2.2433027365958122e-5,0.001796775567034058
LI,clinical_center_community_plus_prior_pollution,216497,42435,0.7931817179841326,init_status6260,2.2723487794809316e-11,146791.54008575666,30473129113.276413,-8.042371339897782e-10,0.9999999993583116,0,Inf
LI,clinical_center_community_plus_prior_pollution,216497,42435,0.7931817179841326,init_status6261,0.5183129843064931,1.0387821228163867,0.8973174493105863,-0.7323784942387379,0.46393758134712215,0.08928820472872534,3.0087775929296385
LI,clinical_center_community_plus_prior_pollution,216497,42435,0.7931817179841326,init_status6262,0.48486177308655654,1.0787571232686881,0.4149687184185951,-1.744448196890406,0.08108096699969726,0.2149789472486971,1.0935533084022218
LI,clinical_center_community_plus_prior_pollution,216497,42435,0.7931817179841326,init_status6263,1,0,0,NA,NA,1,1
LI,clinical_center_community_plus_prior_pollution,216497,42435,0.7931817179841326,init_status6264,1.1289058991565543e-4,213.1157400434676,0.9252135858465702,-9.823776453529465,8.894756212824918e-23,1.8412574216959828e-5,6.921511974010628e-4
LI,clinical_center_community_plus_prior_pollution,216497,42435,0.7931817179841326,init_status6266,1.2696138335807812e-5,294.2839540971461,1.0716664517422316,-10.520262774350812,6.967898077481558e-26,1.5540590195229253e-6,1.0372317049545033e-4
LI,clinical_center_community_plus_prior_pollution,216497,42435,0.7931817179841326,init_status6267,3.0196518783443135e-5,595.9584541305131,1.4260546948801471,-7.298306263893986,2.9141272117011673e-13,1.8454272153357366e-6,4.94102253972095e-4
LI,clinical_center_community_plus_prior_pollution,216497,42435,0.7931817179841326,init_status6271,2.3714081436849194e-5,116.76815819086535,1.2504667220074117,-8.516373403134669,1.6462743444903816e-17,2.0445941009576182e-06,2.750461121501458e-4
LI,clinical_center_community_plus_prior_pollution,216497,42435,0.7931817179841326,init_status6274,322622.41157890717,653.4941378815557,0.28593830766714085,44.36005101055628,0,184205.84408733927,565048.4161818387
LI,clinical_center_community_plus_prior_pollution,216497,42435,0.7931817179841326,init_status6999,1,0.028293680818073028,0.0312498078868973,0,1,0.9405894761454973,1.0631630752429477
LI,clinical_center_community_plus_prior_pollution,216497,42435,0.7931817179841326,medical_condition2,0.9067702726145612,0.022327080836868973,0.025177078951367365,-3.8871127111944923,1.0144365805453445e-4,0.8631107095435699,0.952638309553937
LI,clinical_center_community_plus_prior_pollution,216497,42435,0.7931817179841326,medical_condition3,0.8578229459209156,0.017549307757823325,0.01949897821056332,-7.864902246062595,3.693857842937105e-15,0.8256578201982815,0.8912411274342699
LI,clinical_center_community_plus_prior_pollution,216497,42435,0.7931817179841326,medical_conditionMissing,0.864696376250988,0.025724551205250842,0.028634461739675623,-5.076988878116731,3.834633091869825e-7,0.8175041027984299,0.9146129304331441
LI,clinical_center_community_plus_prior_pollution,216497,42435,0.7931817179841326,diagnosis4101,0.6111412890528513,0.341980022171431,0.31076131439937926,-1.5845830269520476,0.11306110382024907,0.33236946306991666,1.1237304165533801
LI,clinical_center_community_plus_prior_pollution,216497,42435,0.7931817179841326,diagnosis4102,1.9471659789289277,0.08896348035830648,0.09904840277516724,6.72777099515983,1.722817766137216e-11,1.6035880810562462,2.3643574021833
LI,clinical_center_community_plus_prior_pollution,216497,42435,0.7931817179841326,diagnosis4104,2.1905430856152295,0.06596339099119466,0.07265408302787352,10.792917131494736,3.7179713902048144e-27,1.8998028380111633,2.525777366960905
LI,clinical_center_community_plus_prior_pollution,216497,42435,0.7931817179841326,diagnosis4105,2.301802378331984,0.5305729438820113,0.5098272929867692,1.6352448569718105,0.10199772815182558,0.8474269197838319,6.25221368970236
LI,clinical_center_community_plus_prior_pollution,216497,42435,0.7931817179841326,diagnosis4106,3.448934289453331,0.2638519372995403,0.23378279666367383,5.2957929299507995,1.1850106228983537e-7,2.1811656157905683,5.453573835407969
LI,clinical_center_community_plus_prior_pollution,216497,42435,0.7931817179841326,diagnosis4107,0.0045322859027661505,11.694486292340384,0.6904342436612121,-7.81613731069953,5.446895681625553e-15,0.0011711663999522195,0.017539450845969307
LI,clinical_center_community_plus_prior_pollution,216497,42435,0.7931817179841326,diagnosis4108,1.307977257786525,0.0747804296832251,0.1394652247587509,1.9250810826492055,0.05421921520995066,0.9951468629582348,1.7191477665930783
LI,clinical_center_community_plus_prior_pollution,216497,42435,0.7931817179841326,diagnosis4110,1.7527023114258218,0.05172539438477845,0.06663792605555789,8.42101199860776,3.732460372339083e-17,1.538104539443104,1.9972409636016504
LI,clinical_center_community_plus_prior_pollution,216497,42435,0.7931817179841326,diagnosis4200,1.514561306524825,0.1677177967482484,0.1874412193159444,2.214698730052608,0.02678075009488783,1.048906078724135,2.186941231203871
LI,clinical_center_community_plus_prior_pollution,216497,42435,0.7931817179841326,diagnosis4201,1.351304205372858,0.4034739993311371,0.4019042585942248,0.7491092659836808,0.453791350624916,0.6146835675321117,2.9706716624777467
LI,clinical_center_community_plus_prior_pollution,216497,42435,0.7931817179841326,diagnosis4202,1.7303454366452244,0.04260018212569794,0.04829893126347913,11.35265416014341,7.194506053723445e-30,1.5740578411168389,1.9021507672135838
LI,clinical_center_community_plus_prior_pollution,216497,42435,0.7931817179841326,diagnosis4204,2.0398887962841084,0.013140201310135219,0.013752054008883888,51.839186661450114,0,1.9856409607807337,2.095618686053549
LI,clinical_center_community_plus_prior_pollution,216497,42435,0.7931817179841326,diagnosis4205,2.257202490875384,0.3869581822109241,0.3695067430617976,2.2032783593898575,0.027575135289306166,1.0940717667748998,4.656881970213845
LI,clinical_center_community_plus_prior_pollution,216497,42435,0.7931817179841326,diagnosis4206,2.450687596307825,0.1100811220263594,0.1047211024536573,8.559579833799434,1.1327960211785592e-17,1.995947844434562,3.0090313789729546
LI,clinical_center_community_plus_prior_pollution,216497,42435,0.7931817179841326,diagnosis4207,1.4233974275449406,0.3188081941320971,0.2922438845513182,1.2080545985166014,0.22702626176005983,0.8027267416273607,2.523972519757023
LI,clinical_center_community_plus_prior_pollution,216497,42435,0.7931817179841326,diagnosis4208,8.179157257415596,0.519636169157565,0.34643244054919475,6.06637506929143,1.308294050482966e-9,4.147866119742183,16.12844086821501
LI,clinical_center_community_plus_prior_pollution,216497,42435,0.7931817179841326,diagnosis4209,1.8590769028905203,0.11279263820317233,0.11496243990489528,5.3937623129564125,6.899747632677051e-8,1.4840247670253366,2.328914589335828
LI,clinical_center_community_plus_prior_pollution,216497,42435,0.7931817179841326,diagnosis4210,2.2075041298292435,0.061427203383902555,0.06133328469023511,12.910812266306442,3.91152999495903e-38,1.9574674008148563,2.4894792532353787
LI,clinical_center_community_plus_prior_pollution,216497,42435,0.7931817179841326,diagnosis4212,1.8610373739434625,0.031176546648840158,0.03250702044839276,19.107689711684976,2.1790452519726845e-81,1.7461641551795823,1.9834676464643057
LI,clinical_center_community_plus_prior_pollution,216497,42435,0.7931817179841326,diagnosis4213,1.9663580464895982,0.022355671417182654,0.022984593869037315,29.418972041380904,3.1412676911419634e-190,1.879741276019874,2.0569660390611695
LI,clinical_center_community_plus_prior_pollution,216497,42435,0.7931817179841326,diagnosis4214,1.952670310680869,0.014696496522873382,0.014824122350177563,45.14249208830062,0,1.896752247202601,2.0102368919493605
LI,clinical_center_community_plus_prior_pollution,216497,42435,0.7931817179841326,diagnosis4215,1.6502560468985217,0.013721658174629212,0.01417783949218675,35.33193164500721,1.8996232069131364e-273,1.6050299246157098,1.6967565392758535
LI,clinical_center_community_plus_prior_pollution,216497,42435,0.7931817179841326,diagnosis4216,2.2967515271716716,0.024396800960903655,0.024721868034935944,33.63401762040943,5.340509422196974e-248,2.188117913529397,2.4107784799662886
LI,clinical_center_community_plus_prior_pollution,216497,42435,0.7931817179841326,diagnosis4217,1.497553347484452,0.08898702382500229,0.09682291267444364,4.170837909972318,3.0348167654808386e-5,1.238701003890348,1.8104982732058983
LI,clinical_center_community_plus_prior_pollution,216497,42435,0.7931817179841326,diagnosis4218,1.6265466284549075,0.1175426513268252,0.10704713711630494,4.544345113712548,5.510630936555387e-6,1.3187055362620979,2.0062507222326498
LI,clinical_center_community_plus_prior_pollution,216497,42435,0.7931817179841326,diagnosis4219,1.3690302706400894,0.04982287432393907,0.047988465802287175,6.545378192615498,5.934501129207481e-11,1.2461352887393564,1.5040452660841839
LI,clinical_center_community_plus_prior_pollution,216497,42435,0.7931817179841326,diagnosis4220,2.2341945973387087,0.029209414922316556,0.029852157019252975,26.928734277712334,1.0123813604345925e-159,2.107224442318541,2.3688152996580096
LI,clinical_center_community_plus_prior_pollution,216497,42435,0.7931817179841326,diagnosis4221,0.2838673971787525,0.4547960517139732,0.3625872028310381,-3.4729523032482508,5.147668284395309e-4,0.13946997693266608,0.5777637664623887
LI,clinical_center_community_plus_prior_pollution,216497,42435,0.7931817179841326,diagnosis4222,0.0020691022362681376,32.013468968038424,0.6770111606504553,-9.129303661890326,6.894129305254079e-20,5.489199376918022e-4,0.007799286872566709
LI,clinical_center_community_plus_prior_pollution,216497,42435,0.7931817179841326,diagnosis4230,1.423248382478227,0.2640361227427915,0.24050597155580516,1.4674972520082132,0.14224083625770773,0.8883040553119476,2.280340775339073
LI,clinical_center_community_plus_prior_pollution,216497,42435,0.7931817179841326,diagnosis4231,2.802092805451969,0.3286956475731405,0.3251180791575882,3.1692072344374473,0.0015285536540186094,1.4816359406903785,5.299361249773088
LI,clinical_center_community_plus_prior_pollution,216497,42435,0.7931817179841326,diagnosis4235,2.2080354061897456,0.11002675615834141,0.10606412288705237,7.4681536238395685,8.132786538655111e-14,1.7935937752360775,2.718241121429962
LI,clinical_center_community_plus_prior_pollution,216497,42435,0.7931817179841326,diagnosis4240,1.6907905967419763,0.08084837079340475,0.08315540588625146,6.315839874416291,2.686981556142807e-10,1.4365072229923916,1.990085950334431
LI,clinical_center_community_plus_prior_pollution,216497,42435,0.7931817179841326,diagnosis4241,1.417827197630016,0.047373534819933,0.051976061047241576,6.717045312805656,1.854463156744946e-11,1.2805047671403016,1.5698762034512037
LI,clinical_center_community_plus_prior_pollution,216497,42435,0.7931817179841326,diagnosis4242,1.663396334963699,0.05451231342393118,0.05483189227855588,9.280392778067682,1.6885494072555494e-20,1.4939042023068894,1.8521183372387828
LI,clinical_center_community_plus_prior_pollution,216497,42435,0.7931817179841326,diagnosis4245,1.7960080022335225,0.09972531386149726,0.0994618738614028,5.8873456001105025,3.9244751124805335e-9,1.477903803550607,2.18258098824657
LI,clinical_center_community_plus_prior_pollution,216497,42435,0.7931817179841326,diagnosis4250,2.4089655357511544,0.613638189140999,0.5640806678423828,1.558637739596463,0.11908214540364638,0.7974147263313341,7.277411315358116
LI,clinical_center_community_plus_prior_pollution,216497,42435,0.7931817179841326,diagnosis4255,0.7169086267040496,0.46800181052896755,0.5116812421127539,-0.6504183805486103,0.515422007657216,0.2629783180814357,1.9543739681365315
LI,clinical_center_community_plus_prior_pollution,216497,42435,0.7931817179841326,diagnosis4260,2.201141899426578,0.12702914603208668,0.12016892783728819,6.565559709154601,5.183777590791851e-11,1.7392421985373818,2.7857107339539455
LI,clinical_center_community_plus_prior_pollution,216497,42435,0.7931817179841326,diagnosis4264,2.34849935462101,0.32400039506467265,0.304788498762974,2.8012098722401917,0.005091139701019123,1.2922722089397305,4.268024322197995
LI,clinical_center_community_plus_prior_pollution,216497,42435,0.7931817179841326,diagnosis4265,1.1792756561988484,0.36799052418530187,0.46280278492127447,0.35630813963925523,0.7216098142661418,0.476076658201576,2.9211494605862214
LI,clinical_center_community_plus_prior_pollution,216497,42435,0.7931817179841326,diagnosis4270,1.6077593847746319,0.08228424992121355,0.08140345869145403,5.833186093796866,5.4378860566319285e-9,1.3706617822895695,1.8858702217647538
LI,clinical_center_community_plus_prior_pollution,216497,42435,0.7931817179841326,diagnosis4271,2.0993425269503243,1.0088331061974876,0.770958302037598,0.9619511345090549,0.3360741507377659,0.4632787786996309,9.513146831013447
LI,clinical_center_community_plus_prior_pollution,216497,42435,0.7931817179841326,diagnosis4272,2.71893525826059,0.18843630661330946,0.17327023766690414,5.772718777160379,7.800256721322524e-9,1.9360250524445963,3.8184469406932617
LI,clinical_center_community_plus_prior_pollution,216497,42435,0.7931817179841326,diagnosis4275,1.6313474670084787,0.17443463336478146,0.17528622201870725,2.7920411231290987,0.005237669907908112,1.1570245400449746,2.300119371721824
LI,clinical_center_community_plus_prior_pollution,216497,42435,0.7931817179841326,diagnosis4280,1.5753264665705822,0.1872087309824881,0.18593071627907193,2.4442574107988753,0.014515066050638094,1.0942235485162304,2.267958388980829
LI,clinical_center_community_plus_prior_pollution,216497,42435,0.7931817179841326,diagnosis4285,5.832524097891489,0.11617680649773222,0.12534439471116404,14.068836988090675,5.903223549837265e-45,4.562083181539227,7.456755170563833
LI,clinical_center_community_plus_prior_pollution,216497,42435,0.7931817179841326,diagnosis4290,0.781265180900692,0.11540008068765335,0.14552342400234566,-1.6962262141622744,0.08984304782711171,0.5873929181712704,1.0391260500519337
LI,clinical_center_community_plus_prior_pollution,216497,42435,0.7931817179841326,diagnosis4300,1.9652478698015652,0.0636065337826453,0.06338798497937277,10.658461220662725,1.592097618849927e-26,1.7356469264063348,2.2252216916929592
LI,clinical_center_community_plus_prior_pollution,216497,42435,0.7931817179841326,diagnosis4301,1.4466312471162062,0.1399226190510106,0.15497181976085553,2.3826110847381075,0.017190344665957754,1.0676910185797786,1.9600632848974548
LI,clinical_center_community_plus_prior_pollution,216497,42435,0.7931817179841326,diagnosis4302,1.9715251625800208,0.07793343233735478,0.07744950763087191,8.764515852759692,1.8758102646796338e-18,1.693858718859353,2.294708185168849
LI,clinical_center_community_plus_prior_pollution,216497,42435,0.7931817179841326,diagnosis4303,1.4205539108855265,0.6046197762320583,0.5093157033920175,0.6892520126572479,0.4906646905095329,0.5235129237534513,3.8546773578459557
LI,clinical_center_community_plus_prior_pollution,216497,42435,0.7931817179841326,diagnosis4304,3.10353294796428,0.5247943216951456,0.4422229066571161,2.561018676679897,0.010436574543867783,1.3044743373761643,7.383753350390632
LI,clinical_center_community_plus_prior_pollution,216497,42435,0.7931817179841326,diagnosis4305,0.032458973569471916,16.26836724535574,0.44671713961719245,-7.673263537032564,1.6767449302378857e-14,0.013523480017849131,0.07790782873883714
LI,clinical_center_community_plus_prior_pollution,216497,42435,0.7931817179841326,diagnosis4306,0.009219427876579204,9.461385106803597,0.5222731675136775,-8.973163063461408,2.881190954039771e-19,0.0033124112045946784,0.025660416271248078
LI,clinical_center_community_plus_prior_pollution,216497,42435,0.7931817179841326,diagnosis4307,1.6160851515391939,0.3026450327255448,0.3781689070678171,1.2692916908918759,0.20433704878624567,0.770133974485608,3.391268666948371
LI,clinical_center_community_plus_prior_pollution,216497,42435,0.7931817179841326,diagnosis4308,1.2900692464987467,0.7255345936598325,0.6125048856992993,0.41582671801629095,0.6775368064966102,0.3883720061578999,4.285269366415663
LI,clinical_center_community_plus_prior_pollution,216497,42435,0.7931817179841326,diagnosis4315,2.612826597879333,0.14311161867151626,0.13470261811953926,7.13002194335524,1.0035292748045512e-12,2.00655704993471,3.402276965316199
LI,clinical_center_community_plus_prior_pollution,216497,42435,0.7931817179841326,diagnosis4400,3.1196556362595076,0.02682886986543559,0.0270457867561844,42.06653823727055,0,2.958593110270125,3.2894862274444834
LI,clinical_center_community_plus_prior_pollution,216497,42435,0.7931817179841326,diagnosis4401,3.0346866664399306,0.02356773638013916,0.02435410647827103,45.58197116036873,0,2.893234289145394,3.1830547557171935
LI,clinical_center_community_plus_prior_pollution,216497,42435,0.7931817179841326,diagnosis4402,4.391331001925485,0.4906856843638279,0.7200061659825729,2.055027360244731,0.039876362123282154,1.0708430298943477,18.008043597551804
LI,clinical_center_community_plus_prior_pollution,216497,42435,0.7931817179841326,diagnosis4403,10.457121361156936,0.06730982777467791,0.0722374741441281,32.49398243907968,1.296823707380999e-231,9.076606312557852,12.047607155845531
LI,clinical_center_community_plus_prior_pollution,216497,42435,0.7931817179841326,diagnosis4404,4.514027863368183,0.2331102447140142,0.2294936565883877,6.567457564787151,5.1181590830711974e-11,2.8788489653121934,7.077984221049478
LI,clinical_center_community_plus_prior_pollution,216497,42435,0.7931817179841326,diagnosis4405,4.669122996886071,0.24352223844006854,0.24939868449799135,6.178746540093186,6.461252915349829e-10,2.8638269349682632,7.612439597468888
LI,clinical_center_community_plus_prior_pollution,216497,42435,0.7931817179841326,diagnosis4410,5.892186309807731,0.17950920905138443,0.1835334288697645,9.66378239556681,4.296991405930984e-22,4.111994573039016,8.443070362280904
LI,clinical_center_community_plus_prior_pollution,216497,42435,0.7931817179841326,diagnosis4420,8.221149204452074,0.1544087506664961,0.1655710574992239,12.72390257699745,4.355512271693891e-37,5.942896825811881,11.37278607097972
LI,clinical_center_community_plus_prior_pollution,216497,42435,0.7931817179841326,diagnosis4430,7.41251814051896,0.19678826670133362,0.20543330281978744,9.750951691438475,1.8274694415223742e-22,4.955649985392471,11.08743057832628
LI,clinical_center_community_plus_prior_pollution,216497,42435,0.7931817179841326,diagnosis4450,2.892888454294419,0.3431485791694329,0.34342271163807225,3.093142742594339,0.0019804884983968436,1.4757396501927664,5.670921431091718
LI,clinical_center_community_plus_prior_pollution,216497,42435,0.7931817179841326,diagnosis4451,1.125754596698999,0.10110477426631574,0.09294945789122878,1.274386813125204,0.20252636341613878,0.9382638998464231,1.3507110442982662
LI,clinical_center_community_plus_prior_pollution,216497,42435,0.7931817179841326,diagnosis4455,2.3800820507682827,0.3609334122399944,0.30278756900581344,2.863839374413701,0.004185401920040133,1.3147969354363027,4.308490851866449
LI,clinical_center_community_plus_prior_pollution,216497,42435,0.7931817179841326,diagnosis4500,2.7315209433485834,0.09194058935470474,0.10016773349290072,10.03175914166902,1.105295619066626e-23,2.2446136797756053,3.324049359218836
LI,clinical_center_community_plus_prior_pollution,216497,42435,0.7931817179841326,diagnosis4510,3.934843218736309,0.2353047121790994,0.2581522937772475,5.306445347709601,1.1178365563808732e-7,2.372399380809835,6.52630045399434
LI,clinical_center_community_plus_prior_pollution,216497,42435,0.7931817179841326,diagnosis4520,3.305918065299186,0.2465333430617143,0.26663059321638094,4.484534955391579,7.307312691564983e-6,1.9603594623303526,5.57504603848505
LI,clinical_center_community_plus_prior_pollution,216497,42435,0.7931817179841326,diagnosis999,2.2741566139449345,0.025687989178211492,0.028400026642732133,28.929876540617915,5.027492220727709e-184,2.151028791024765,2.4043324414479894
LI,clinical_center_community_plus_prior_pollution,216497,42435,0.7931817179841326,diagnosisMissing,3.4671118769548737,0.31379712621291656,0.2593491158049457,4.794008768524455,1.6348112364729257e-6,2.0854966094450518,5.764029878006028
LI,clinical_center_community_plus_prior_pollution,216497,42435,0.7931817179841326,functional_status2,0.030832442930500904,14.90798789886264,0.7207322847671699,-4.82729562004078,1.3839960412374608e-6,0.007507917698809304,0.12661826823346226
LI,clinical_center_community_plus_prior_pollution,216497,42435,0.7931817179841326,functional_status2010,242.75197562013832,0.035353525997523255,0.04589057533205852,119.6768662387769,0,221.8710529953299,265.59806190093934
LI,clinical_center_community_plus_prior_pollution,216497,42435,0.7931817179841326,functional_status2020,115.12510186218178,0.020071616672421626,0.024946764423358088,190.24588915938398,0,109.63148658020692,120.89400127837538
LI,clinical_center_community_plus_prior_pollution,216497,42435,0.7931817179841326,functional_status2030,87.37432614535415,0.024240451913104682,0.027063047841455787,165.17731167970223,0,82.86053466254032,92.13400445032403
LI,clinical_center_community_plus_prior_pollution,216497,42435,0.7931817179841326,functional_status2040,71.15483996070688,0.02267849384466517,0.023943710201077117,178.1201957070477,0,67.89276922200963,74.57364470254176
LI,clinical_center_community_plus_prior_pollution,216497,42435,0.7931817179841326,functional_status2050,69.15260994891229,0.018125374325980156,0.01856163966070585,228.22961107592815,0,66.68204027803685,71.71471422900484
LI,clinical_center_community_plus_prior_pollution,216497,42435,0.7931817179841326,functional_status2060,59.39522056881328,0.016096739877436508,0.016165402743141596,252.65153155925364,0,57.54286533498384,61.30720473999786
LI,clinical_center_community_plus_prior_pollution,216497,42435,0.7931817179841326,functional_status2070,56.40376972839579,0.013520441240655212,0.013602801007801653,296.4489440897899,0,54.91985800245875,57.92777613211357
LI,clinical_center_community_plus_prior_pollution,216497,42435,0.7931817179841326,functional_status2080,49.83847094931195,0.014229167247218158,0.014013202681903383,278.9360350770649,0,48.488265598976724,51.226274148643284
LI,clinical_center_community_plus_prior_pollution,216497,42435,0.7931817179841326,functional_status2090,46.35879585956859,0.019518745782448,0.01935125533179292,198.25127510656765,0,44.63343674467943,48.150850803693565
LI,clinical_center_community_plus_prior_pollution,216497,42435,0.7931817179841326,functional_status2100,50.320929781815614,0.033784167669100564,0.03490643006947708,112.25499375912703,0,46.9933331528739,53.88415343659358
LI,clinical_center_community_plus_prior_pollution,216497,42435,0.7931817179841326,functional_status3,1,0,0,NA,NA,1,1
LI,clinical_center_community_plus_prior_pollution,216497,42435,0.7931817179841326,functional_status4010,197.42002710218802,0.118391188180058,0.1381556062550489,38.256381478391546,3.258e-320,150.58889341614292,258.8150176077369
LI,clinical_center_community_plus_prior_pollution,216497,42435,0.7931817179841326,functional_status4020,75.49642710353939,0.19965981397606042,0.2644649654250045,16.350314398182455,4.3274148752075076e-60,44.95866556259236,126.77668329512112
LI,clinical_center_community_plus_prior_pollution,216497,42435,0.7931817179841326,functional_status4030,75.19855653008872,0.21852134932656944,0.24367906984511364,17.72877760260208,2.5144188013434378e-70,46.64332522256228,121.23541529739826
LI,clinical_center_community_plus_prior_pollution,216497,42435,0.7931817179841326,functional_status4040,73.59592473009542,0.18257792146540472,0.19901321209720982,21.599518988654552,1.8149534743855173e-103,49.82570051601414,108.70615125896796
LI,clinical_center_community_plus_prior_pollution,216497,42435,0.7931817179841326,functional_status4050,56.339245363792514,0.24811441378069593,0.28659815243468995,14.066355047258424,6.114042636874508e-45,32.12611694178765,98.80156303711051
LI,clinical_center_community_plus_prior_pollution,216497,42435,0.7931817179841326,functional_status4060,68.97935065752729,0.17345282011277138,0.1691082423940726,25.03607827765919,2.4754859595624013e-138,49.51923249634794,96.08692577141676
LI,clinical_center_community_plus_prior_pollution,216497,42435,0.7931817179841326,functional_status4070,36.896298908616004,0.20068103075680585,0.1894588705944098,19.04429829079215,7.326121666985386e-81,25.45160186127816,53.487276776282755
LI,clinical_center_community_plus_prior_pollution,216497,42435,0.7931817179841326,functional_status4080,32.43217282793931,0.1576776962846142,0.15737017365586328,22.10807065788819,2.6432950104230253e-108,23.824418593263296,44.149905703837405
LI,clinical_center_community_plus_prior_pollution,216497,42435,0.7931817179841326,functional_status4090,42.745738319450886,0.18751939059309958,0.183126798215925,20.50638977235766,1.8879865344661042e-93,29.854857976321593,61.202707643900176
LI,clinical_center_community_plus_prior_pollution,216497,42435,0.7931817179841326,functional_status4100,30.561587422209712,0.14495706886064533,0.13592436362327134,25.159168056666196,1.1217297669069819e-139,23.414068275620203,39.89100120366103
LI,clinical_center_community_plus_prior_pollution,216497,42435,0.7931817179841326,functional_status996,51.16427215778922,0.06480175644795301,0.07073695882346094,55.62921483330514,0,44.54053116698028,58.773047308807016
LI,clinical_center_community_plus_prior_pollution,216497,42435,0.7931817179841326,functional_status998,74.30189998112436,0.04454669233725047,0.0444654466396167,96.88728774197772,0,68.1005881156715,81.06790988982009
LI,clinical_center_community_plus_prior_pollution,216497,42435,0.7931817179841326,functional_statusMissing,1,12.068169202664892,0.5106309667919259,0,1,0.3675785269782119,2.7205071205350215
LI,clinical_center_community_plus_prior_pollution,216497,42435,0.7931817179841326,"ns(init_lab_meld, df = 4)1",12.78549046498379,0.02687532026759665,0.028891219578555085,88.20364829568491,0,12.081619169042382,13.530369079093257
LI,clinical_center_community_plus_prior_pollution,216497,42435,0.7931817179841326,"ns(init_lab_meld, df = 4)2",36.997905764869884,0.02832237650779123,0.03192920616530739,113.08960490274391,0,34.75353230653881,39.3872202374274
LI,clinical_center_community_plus_prior_pollution,216497,42435,0.7931817179841326,"ns(init_lab_meld, df = 4)3",3872.326900350819,0.04214604848042316,0.04288411895471064,192.6496584971515,0,3560.1556432921325,4211.870807230929
LI,clinical_center_community_plus_prior_pollution,216497,42435,0.7931817179841326,"ns(init_lab_meld, df = 4)4",360.1504964308904,0.0731057592959015,0.07715199158665026,76.29773216059583,0,309.6079639970501,418.943939312403
LI,clinical_center_community_plus_prior_pollution,216497,42435,0.7931817179841326,init_meld_typeP,1.4916422845038264,0.053920778507467446,0.06023831537989584,6.638261957015954,3.1740341671379834e-11,1.3255305424701063,1.6785706806676417
LI,clinical_center_community_plus_prior_pollution,216497,42435,0.7931817179841326,"ns(inr, df = 3)1",56007.69800118471,0.08949515152900944,0.10596354961524734,103.17929575099468,0,45504.18977455398,68935.6793502573
LI,clinical_center_community_plus_prior_pollution,216497,42435,0.7931817179841326,"ns(inr, df = 3)2",2.7293305244412765e-5,0.07399347673016261,0.08106854615477546,-129.62942612694545,0,2.3283617745590135e-5,3.199350372885143e-5
LI,clinical_center_community_plus_prior_pollution,216497,42435,0.7931817179841326,"ns(inr, df = 3)3",4.678052065732682e-18,0.14481932314567073,0.16572983687340803,-240.77529205776062,0,3.380613786261829e-18,6.4734313096157034e-18
LI,clinical_center_community_plus_prior_pollution,216497,42435,0.7931817179841326,"ns(sodium, df = 3)1",0.19887718992371015,0.036662367295951716,0.03994458031587988,-40.4327137262268,0,0.18390099816573605,0.21507298528258192
LI,clinical_center_community_plus_prior_pollution,216497,42435,0.7931817179841326,"ns(sodium, df = 3)2",0.38255955450130197,0.11914836969319648,0.13643061990437513,-7.042927316947532,1.882424365476927e-12,0.2927986694323705,0.4998376974320178
LI,clinical_center_community_plus_prior_pollution,216497,42435,0.7931817179841326,"ns(sodium, df = 3)3",284.9738244469878,0.13214175329096567,0.1867738254538677,30.263326878215,3.4844490158636845e-201,197.616317601786,410.948253694252
LI,clinical_center_community_plus_prior_pollution,216497,42435,0.7931817179841326,ascitesN,0.885390982852005,12.106799590734083,0.7284198024967421,-0.16710960161085717,0.8672838112567968,0.2123748253152541,3.6911964087644313
LI,clinical_center_community_plus_prior_pollution,216497,42435,0.7931817179841326,ascitesU,106.67998775256558,48.33740971846822,0.861545789978291,5.420296447187246,5.950028605261893e-8,19.71214345988074,577.34055203332
LI,clinical_center_community_plus_prior_pollution,216497,42435,0.7931817179841326,ascitesY,2.2038664912575814,1.000314370597576,0.7627155526200008,1.0360524458783826,0.3001776757622236,0.49426587415584733,9.826750672567233
LI,clinical_center_community_plus_prior_pollution,216497,42435,0.7931817179841326,encephalopathyN,0.001973147920199693,8.741811385957389,0.504649759611242,-12.341480331477621,5.415100854681695e-35,7.338393399779891e-4,0.005305402017702064
LI,clinical_center_community_plus_prior_pollution,216497,42435,0.7931817179841326,encephalopathyU,1.3591763042276705e-6,51.66420198601126,0.9585513487763507,-14.092757490354924,4.20803898524089e-45,2.0766122286753753e-7,8.896028832269657e-6
LI,clinical_center_community_plus_prior_pollution,216497,42435,0.7931817179841326,encephalopathyY,1,1.003436487935985,0.7674713407669463,0,1,0.22219138207495998,4.500624599664415
LI,clinical_center_community_plus_prior_pollution,216497,42435,0.7931817179841326,diabetes2,0.052463866173029255,198.11683262084404,0.622309693284254,-4.736597616150262,2.1733607995603818e-6,0.015493492285242477,0.17765247519071178
LI,clinical_center_community_plus_prior_pollution,216497,42435,0.7931817179841326,diabetes3,0.002868941913480319,42.62949054809132,0.7807034267462205,-7.498125136769315,6.473708439856072e-14,6.21134702398851e-4,0.013251276528482916
LI,clinical_center_community_plus_prior_pollution,216497,42435,0.7931817179841326,diabetes4,1338.7328784624908,164.13958254091503,1.0361892557644046,6.948034630191227,3.704100919820681e-12,175.6661309095008,10202.340716434235
LI,clinical_center_community_plus_prior_pollution,216497,42435,0.7931817179841326,diabetes998,226.9389751233966,74.33066563429142,1.1237628780390858,4.827247149104875,1.3843328142182965e-6,25.08189776002,2053.3254270795073
LI,clinical_center_community_plus_prior_pollution,216497,42435,0.7931817179841326,diabetesMissing,1,0.9967056690598693,0.7572388130670584,0,1,0.22669250092461535,4.411261933770546
LU,clinical_center_community_plus_prior_pollution,41045,4710,0.795358665941857,pm25_prior_1y_5ug,1.0410137976159848,0.07661223557406112,0.07312170549731646,0.5497005774913241,0.5825247607037899,0.9020179440213631,1.2014281245841694
LU,clinical_center_community_plus_prior_pollution,41045,4710,0.795358665941857,o3_prior_1y_10ppb,0.9496085049239599,0.06974379589868263,0.06687943371259555,-0.7731147908094305,0.4394544483684162,0.8329457534977226,1.0826110930240596
LU,clinical_center_community_plus_prior_pollution,41045,4710,0.795358665941857,no2_prior_1y_10unit,0.8989795743827235,0.058313327552847224,0.057823351058780566,-1.84172939122015,0.06551474278425408,0.8026579261053789,1.0068601441197764
LU,clinical_center_community_plus_prior_pollution,41045,4710,0.795358665941857,"ns(age, df = 4)1",1.275136958749086,0.27264620990319177,0.2837157332004065,0.8566799899548461,0.39162176499500356,0.7312359988786308,2.2235971233108622
LU,clinical_center_community_plus_prior_pollution,41045,4710,0.795358665941857,"ns(age, df = 4)2",1.9843457050869167,0.1931055010431082,0.1945620065257912,3.5222151150474543,4.279567297302446e-4,1.355207683644015,2.905553093315567
LU,clinical_center_community_plus_prior_pollution,41045,4710,0.795358665941857,"ns(age, df = 4)3",1.4032054666288643,0.6294865175572862,0.6479765508386129,0.5227955209488957,0.6011165568956283,0.39406024944103946,4.996661257688551
LU,clinical_center_community_plus_prior_pollution,41045,4710,0.795358665941857,"ns(age, df = 4)4",3.5342963622966326,0.33436987368286575,0.31050037127686386,4.066063513832874,4.781390996483038e-5,1.9231119587514243,6.495332068265607
LU,clinical_center_community_plus_prior_pollution,41045,4710,0.795358665941857,sexM,1.1666074145030054,0.036445023868232986,0.03508421119404573,4.392286037624425,1.1216499498326587e-5,1.089083046659899,1.2496502114759247
LU,clinical_center_community_plus_prior_pollution,41045,4710,0.795358665941857,race_srtrBLACK,0.7605148491496599,0.11076004179391231,0.11001162460789128,-2.488461041640563,0.01282972927519819,0.6130072818514893,0.9435170721467097
LU,clinical_center_community_plus_prior_pollution,41045,4710,0.795358665941857,race_srtrMissing,NA,0,0,NA,NA,NA,NA
LU,clinical_center_community_plus_prior_pollution,41045,4710,0.795358665941857,race_srtrMULTI,0.6277735939820919,0.3247508075446197,0.308651357089215,-1.5084194057789573,0.13144721943539847,0.3428297741348497,1.1495491787308296
LU,clinical_center_community_plus_prior_pollution,41045,4710,0.795358665941857,race_srtrNATIVE,0.8709844904779334,0.27765052461744394,0.2538168735937626,-0.5442156264157236,0.5862930998522087,0.5296160124805567,1.4323849067553551
LU,clinical_center_community_plus_prior_pollution,41045,4710,0.795358665941857,race_srtrPACIFIC,1.0231066095731824,0.6620725824924859,0.6151645421787433,0.037134283033165266,0.9703779369629666,0.30640220244191685,3.4162519923490398
LU,clinical_center_community_plus_prior_pollution,41045,4710,0.795358665941857,race_srtrWHITE,0.8593814446792263,0.09371165539142012,0.09346724605798143,-1.6213422913756645,0.1049442497711372,0.7155277941985945,1.0321562257216432
LU,clinical_center_community_plus_prior_pollution,41045,4710,0.795358665941857,ethnicity_srtrNLATIN,0.9574895704281338,0.0672521643290575,0.0650225481320472,-0.6680828687564783,0.5040806965249972,0.8429207768703066,1.0876304187003218
LU,clinical_center_community_plus_prior_pollution,41045,4710,0.795358665941857,"ns(bmi, df = 3)1",0,554.7899868902039,997.8105759032986,-1.4685680326948936,0.14194999079847537,0,8776151558073881e197
LU,clinical_center_community_plus_prior_pollution,41045,4710,0.795358665941857,"ns(bmi, df = 3)2",1.18e-321,519.1568644105662,498.7572094696792,-1.4816100248179478,0.13844409005840388,0,41215178733805185e87
LU,clinical_center_community_plus_prior_pollution,41045,4710,0.795358665941857,"ns(bmi, df = 3)3",8.260006719125319e-5,877.9645010968287,1.2883196246784019,-7.297490377305324,2.9318469014889566e-13,6.61242482853399e-6,0.0010318107618490972
LU,clinical_center_community_plus_prior_pollution,41045,4710,0.795358665941857,aboA1,1.0979939450882872,0.2373816628205118,0.23781641969072576,0.39309661083186326,0.6942481271989706,0.6889222982885574,1.7499661521270355
LU,clinical_center_community_plus_prior_pollution,41045,4710,0.795358665941857,aboA1B,0.6354899407181719,0.8045040598932436,0.7930119989688936,-0.5716925065350437,0.5675303119551682,0.1343060705996553,3.00691891997786
LU,clinical_center_community_plus_prior_pollution,41045,4710,0.795358665941857,aboA2,0.9656117465457346,1.0771763424321439,1.265176344104575,-0.027658946053932272,0.9779341674686126,0.08088769945356812,11.527167311790489
LU,clinical_center_community_plus_prior_pollution,41045,4710,0.795358665941857,aboA2B,NA,0,0,NA,NA,NA,NA
LU,clinical_center_community_plus_prior_pollution,41045,4710,0.795358665941857,aboAB,1.0448476123263004,0.09499408336945414,0.09493002149826471,0.4621409388275474,0.6439802538151664,0.8674578346526947,1.2585125055917665
LU,clinical_center_community_plus_prior_pollution,41045,4710,0.795358665941857,aboB,1.1601277891335062,0.05672633075289673,0.05549607156242081,2.676408580197123,0.007441586437701756,1.0405608644744506,1.293433698181183
LU,clinical_center_community_plus_prior_pollution,41045,4710,0.795358665941857,aboO,1.0563554231850392,0.03686582513884323,0.03576706267257999,1.5328265600987687,0.12531859461023465,0.9848386571939516,1.1330655757074768
LU,clinical_center_community_plus_prior_pollution,41045,4710,0.795358665941857,primary_pay10,0.4830134023006405,0.9574692164001305,0.7769834830233051,-0.9365847454678189,0.3489722017598916,0.10533910924226311,2.2147704540151674
LU,clinical_center_community_plus_prior_pollution,41045,4710,0.795358665941857,primary_pay11,0.8209357245661913,0.737839873817438,0.8463589328373249,-0.2331285866313812,0.815661557470112,0.15627414283618554,4.3125206232963995
LU,clinical_center_community_plus_prior_pollution,41045,4710,0.795358665941857,primary_pay12,1.2287626786763919,0.2826686578947247,0.27313595016121517,0.754231402558061,0.45071028451150674,0.7194063547045373,2.098755050791963
LU,clinical_center_community_plus_prior_pollution,41045,4710,0.795358665941857,primary_pay2,1.0013644939139088,0.06442312536855306,0.06377322214538732,0.021381448077669354,0.982941372472789,0.8837070570029274,1.1346869324232827
LU,clinical_center_community_plus_prior_pollution,41045,4710,0.795358665941857,primary_pay3,0.9898890821572208,0.0496069301781639,0.047683891299167516,-0.213119778575183,0.831233537939909,0.9015668454526886,1.086863830359749
LU,clinical_center_community_plus_prior_pollution,41045,4710,0.795358665941857,primary_pay4,1.114755826228084,0.051252165705603314,0.04968564905086915,2.1864540984277667,0.028782399403899817,1.011316864969915,1.2287746750336512
LU,clinical_center_community_plus_prior_pollution,41045,4710,0.795358665941857,primary_pay5,1.2430541002418348e-6,1173.4295038730852,0.8312462929749983,-16.358496076763096,3.783567127842258e-60,2.4374286020385953e-7,6.3394000334438125e-6
LU,clinical_center_community_plus_prior_pollution,41045,4710,0.795358665941857,primary_pay6,1.226906108370129,0.16442010024153378,0.15643715636557162,1.3072063329203876,0.19114264529996744,0.9029252118963765,1.6671354160046299
LU,clinical_center_community_plus_prior_pollution,41045,4710,0.795358665941857,primary_pay7,0.9470198204032935,0.15861890619031657,0.16584626542002448,-0.328227206088058,0.7427398787976567,0.6842116608556258,1.3107735391635311
LU,clinical_center_community_plus_prior_pollution,41045,4710,0.795358665941857,primary_pay8,1.709614806297439,0.4644283313504967,0.45248190171809727,1.1851702435576374,0.23595014252332858,0.7042793867589445,4.15003312728194
LU,clinical_center_community_plus_prior_pollution,41045,4710,0.795358665941857,primary_pay9,NA,0,0,NA,NA,NA,NA
LU,clinical_center_community_plus_prior_pollution,41045,4710,0.795358665941857,education2,0.5781344692406138,0.3274582471719479,0.2693801038237367,-2.0341101062946976,0.04194049523286015,0.3409825100231296,0.9802246587411595
LU,clinical_center_community_plus_prior_pollution,41045,4710,0.795358665941857,education3,0.5350371686786863,0.3192214174185159,0.26135248999078725,-2.3930097637700944,0.01671079638460447,0.32056810535592,0.8929920571788366
LU,clinical_center_community_plus_prior_pollution,41045,4710,0.795358665941857,education4,0.5073087072705923,0.32016574332725023,0.26188009457620115,-2.591398066002201,0.0095586854424350165,0.3036404146471292,0.847588502906139
LU,clinical_center_community_plus_prior_pollution,41045,4710,0.795358665941857,education5,0.48359132330763355,0.3211106924419022,0.26368560693880794,-2.7552323037843993,0.005865047689634494,0.2884223456503034,0.8108268014086938
LU,clinical_center_community_plus_prior_pollution,41045,4710,0.795358665941857,education6,0.48053518028113995,0.32393212536378385,0.2660830829894218,-2.7542331103227675,0.005882984968994693,0.2852560454868537,0.8094975133435675
LU,clinical_center_community_plus_prior_pollution,41045,4710,0.795358665941857,education996,0.430598376953393,0.7550233210602032,0.6264160607046585,-1.345079598340289,0.1785995308453231,0.12614384683690186,1.4698692554907513
LU,clinical_center_community_plus_prior_pollution,41045,4710,0.795358665941857,education998,0.9057954043241497,0.32640249855219183,0.26872172266154815,-0.3681943554947121,0.7127283188354561,0.534926074700779,1.533791963597386
LU,clinical_center_community_plus_prior_pollution,41045,4710,0.795358665941857,educationMissing,5.628437817654693,1.5062863723100157,0.9343626824884012,1.8492090505852823,0.06442763236551283,0.9016892980454213,35.13329074202867
LU,clinical_center_community_plus_prior_pollution,41045,4710,0.795358665941857,"ns(median_household_income, df = 3)1",9.438206573566498e-15,244.3627017764127,237.90376381835642,-0.13574400798077668,0.8920236563494012,2.956913224915028e-217,3012592408012836e173
LU,clinical_center_community_plus_prior_pollution,41045,4710,0.795358665941857,"ns(median_household_income, df = 3)2",26347085768262686e13,517.6494730599214,503.89429183897545,0.13444038039891643,0.8930543525051985,0,Inf
LU,clinical_center_community_plus_prior_pollution,41045,4710,0.795358665941857,"ns(median_household_income, df = 3)3",1.9811871054840394e-16,273.55476939243454,266.3381855064463,-0.13575847265714783,0.8920122210614048,3.8855363174416867e-243,1010182900444582e196
LU,clinical_center_community_plus_prior_pollution,41045,4710,0.795358665941857,"ns(pct_poverty, df = 3)1",1.3980360664212035,0.2237209388164028,0.2198497080436472,1.5240795407236598,0.12748884281867462,0.908619315172339,2.151071202623244
LU,clinical_center_community_plus_prior_pollution,41045,4710,0.795358665941857,"ns(pct_poverty, df = 3)2",1.2363847961307763,0.4321558822503765,0.4298393770395522,0.49365331714408917,0.6215510394957411,0.5324437270841994,2.871002673793553
LU,clinical_center_community_plus_prior_pollution,41045,4710,0.795358665941857,"ns(pct_poverty, df = 3)3",1.1522328515676483,0.6041677529282858,0.6004205887106806,0.23600401553479297,0.8134295542350408,0.35519048373707035,3.7378268985790166
LU,clinical_center_community_plus_prior_pollution,41045,4710,0.795358665941857,"ns(pct_bachelor_plus, df = 3)1",0.9438586027241854,0.12891089453752216,0.12471468129265686,-0.4632887540303786,0.6431574056613125,0.739178981643782,1.2052142770014134
LU,clinical_center_community_plus_prior_pollution,41045,4710,0.795358665941857,"ns(pct_bachelor_plus, df = 3)2",0.9283967866782945,0.33446323155266594,0.33285285959680155,-0.22320993671834605,0.8233721186444866,0.4835136742506336,1.782618857368238
LU,clinical_center_community_plus_prior_pollution,41045,4710,0.795358665941857,"ns(pct_bachelor_plus, df = 3)3",0.9262180728698983,0.2959294768439048,0.30277565931243156,-0.2531431105665776,0.8001576260840184,0.5116702216259474,1.6766266283480822
LU,clinical_center_community_plus_prior_pollution,41045,4710,0.795358665941857,"ns(pct_unemployed, df = 3)1",0.6621147503877569,0.21023736206962282,0.2014821873165375,-2.046416135360425,0.040715445902974955,0.44609906634440344,0.9827322578222688
LU,clinical_center_community_plus_prior_pollution,41045,4710,0.795358665941857,"ns(pct_unemployed, df = 3)2",0.8106432703967799,0.5277629074596732,0.5222924994557402,-0.4019341379202399,0.6877324981016002,0.2912417286939401,2.2563473812166666
LU,clinical_center_community_plus_prior_pollution,41045,4710,0.795358665941857,"ns(pct_unemployed, df = 3)3",0.665570147446852,0.8852125357414627,0.8883534804402361,-0.45827618176254964,0.6467540338467761,0.1166879421770224,3.7963101663100063
LU,clinical_center_community_plus_prior_pollution,41045,4710,0.795358665941857,"ns(pct_no_vehicle, df = 3)1",0.7830787557360951,0.22428977610375916,0.22012432688758568,-1.1108359056371189,0.26663898820099674,0.5086690049995449,1.2055233003350372
LU,clinical_center_community_plus_prior_pollution,41045,4710,0.795358665941857,"ns(pct_no_vehicle, df = 3)2",1.1620286055068567,0.2583467735647813,0.26227454679530526,0.5725575639625227,0.5669442995296671,0.6949736205520785,1.9429665243171963
LU,clinical_center_community_plus_prior_pollution,41045,4710,0.795358665941857,"ns(pct_no_vehicle, df = 3)3",1.1524206049130574,0.32339511898054846,0.3500238029143535,0.4052998764316072,0.6852570973185005,0.5803235748245593,2.2885047381190295
LU,clinical_center_community_plus_prior_pollution,41045,4710,0.795358665941857,"ns(pct_black, df = 3)1",1.1767213332350606,0.1251048945206012,0.12418563064685213,1.3103934745934873,0.19006275998791178,0.922500534718187,1.5009997761285847
LU,clinical_center_community_plus_prior_pollution,41045,4710,0.795358665941857,"ns(pct_black, df = 3)2",1.171335117404103,0.14022666421162594,0.1354212563029261,1.1677946913515034,0.2428895899762604,0.8982772102912339,1.527397045750781
LU,clinical_center_community_plus_prior_pollution,41045,4710,0.795358665941857,"ns(pct_black, df = 3)3",1.323773814517974,0.1778905664964571,0.17048313905342322,1.6452454449278757,0.09991920524448235,0.9477597808629769,1.8489675837561406
LU,clinical_center_community_plus_prior_pollution,41045,4710,0.795358665941857,"ns(pct_hispanic, df = 3)1",0.930884893874448,0.128193838233608,0.12567313171697822,-0.5698882923871822,0.5687534660396173,0.7276504782117575,1.1908831390769234
LU,clinical_center_community_plus_prior_pollution,41045,4710,0.795358665941857,"ns(pct_hispanic, df = 3)2",1.1077455627574169,0.16648729350139796,0.16180486194559365,0.6324094605295266,0.5271193536351386,0.806698911404612,1.521137830311606
LU,clinical_center_community_plus_prior_pollution,41045,4710,0.795358665941857,"ns(pct_hispanic, df = 3)3",1.1662108104706785,0.16826432850092143,0.16205873456453118,0.9487910047044221,0.34272691779330816,0.8488528633350266,1.6022183740009264
LU,clinical_center_community_plus_prior_pollution,41045,4710,0.795358665941857,init_status7099,1.4479235973155906,0.5213531508948,0.6322730597872587,0.5853966455745652,0.5582810437537022,0.4193279797801543,4.999625221199089
LU,clinical_center_community_plus_prior_pollution,41045,4710,0.795358665941857,init_status7999,1.018428788292928,0.08719867356944808,0.08852431148968294,0.2062827229382862,0.8365700734125188,0.8562067289156291,1.211386411477277
LU,clinical_center_community_plus_prior_pollution,41045,4710,0.795358665941857,medical_condition2,0.7127998429368546,0.11408688957443124,0.12458334818568266,-2.717494979085767,0.006577815340856981,0.5583699749939243,0.9099407898792071
LU,clinical_center_community_plus_prior_pollution,41045,4710,0.795358665941857,medical_condition3,0.5936590934308754,0.10194102313211423,0.10969186103971451,-4.753771485078667,1.996566946341585e-6,0.47881444422894004,0.7360494727361601
LU,clinical_center_community_plus_prior_pollution,41045,4710,0.795358665941857,medical_conditionMissing,0.49914037170278325,0.15351047262550802,0.1599241212128558,-4.344985056052179,1.3928514496603891e-5,0.36483377699967723,0.6828893769444297
LU,clinical_center_community_plus_prior_pollution,41045,4710,0.795358665941857,diagnosis103,2053149.2418932873,861.384859496535,0.7754058598366397,18.744874317770076,2.1317493451377592e-78,449152.5343637696,9385278.913004884
LU,clinical_center_community_plus_prior_pollution,41045,4710,0.795358665941857,diagnosis106,2498296.8255487694,861.3849480348745,0.8538624520252273,17.25233350283565,1.074698075066725e-66,468635.3005513944,13318431.243236156
LU,clinical_center_community_plus_prior_pollution,41045,4710,0.795358665941857,diagnosis109,3738363.045379985,861.3849039645047,0.982452180656068,15.404473299728169,1.5272843143306938e-53,545025.2999842607,25641668.853659317
LU,clinical_center_community_plus_prior_pollution,41045,4710,0.795358665941857,diagnosis111,2560148.6147116837,861.3852563806571,0.9600690454866182,15.369286132867177,2.6305154413739085e-53,389989.50815098226,16806505.796747435
LU,clinical_center_community_plus_prior_pollution,41045,4710,0.795358665941857,diagnosis113,2184476.185856253,861.3848719715561,0.8097468878942534,18.026480674544093,1.2073606880634454e-72,446775.6692099648,10680832.765605424
LU,clinical_center_community_plus_prior_pollution,41045,4710,0.795358665941857,diagnosis114,2441022.616565546,861.3852607768993,1.0735008422214982,13.700899930532557,1.0027372375221192e-42,297718.77935579245,20014160.435152184
LU,clinical_center_community_plus_prior_pollution,41045,4710,0.795358665941857,diagnosis116,NA,0,0,NA,NA,NA,NA
LU,clinical_center_community_plus_prior_pollution,41045,4710,0.795358665941857,diagnosis1500,1345311.9713077717,861.3850220749486,0.8169519152090997,17.274133557098985,7.367150233329403e-67,271289.0569260613,6671350.185117397
LU,clinical_center_community_plus_prior_pollution,41045,4710,0.795358665941857,diagnosis1501,838447.53764391,861.3853253669537,1.2273150335212908,11.113126555814286,1.0829989472139655e-28,75645.56013895097,9293265.488282824
LU,clinical_center_community_plus_prior_pollution,41045,4710,0.795358665941857,diagnosis1502,1653828.5455661167,861.3854494499928,1.2081313329979007,11.851860056623131,2.1046659002963262e-32,154927.0418648627,17654431.56473038
LU,clinical_center_community_plus_prior_pollution,41045,4710,0.795358665941857,diagnosis1517,NA,0,0,NA,NA,NA,NA
LU,clinical_center_community_plus_prior_pollution,41045,4710,0.795358665941857,diagnosis1518,12656803.751311157,861.3854326296562,0.9364465634777415,17.46357572584832,2.7138996677779396e-68,2019385.7452852947,79328420.32445462
LU,clinical_center_community_plus_prior_pollution,41045,4710,0.795358665941857,diagnosis1519,4998126.820135255,861.3847188164913,0.5595104305328205,27.56798251203834,2.694257725647728e-167,1669364.330335046,14964541.446229145
LU,clinical_center_community_plus_prior_pollution,41045,4710,0.795358665941857,diagnosis1520,38216309.908044785,861.3856396847734,0.8390019858517537,20.80897690090015,3.5892277050929103e-96,7380554.049166192,197883022.50191075
LU,clinical_center_community_plus_prior_pollution,41045,4710,0.795358665941857,diagnosis1521,3707715.583557352,861.3846498034105,0.4538806346047649,33.32578071420483,1.6344828524362501e-243,1523219.5871645787,9025064.386247747
LU,clinical_center_community_plus_prior_pollution,41045,4710,0.795358665941857,diagnosis1522,1.672022673653297,1604.5978743653127,0.7182353648931453,0.7156902883004993,0.47418260884039953,0.4091467553564735,6.832902337878669
LU,clinical_center_community_plus_prior_pollution,41045,4710,0.795358665941857,diagnosis1523,5254641.0444072345,861.3847798314142,0.6370289208922483,24.291867676661518,2.389356237369853e-130,1507658.7524473951,18313993.44231417
LU,clinical_center_community_plus_prior_pollution,41045,4710,0.795358665941857,diagnosis1524,15949804.11998989,861.3849693152068,0.8826694867033859,18.789543941507727,9.196628830934476e-79,2827650.4696361725,89967361.31208575
LU,clinical_center_community_plus_prior_pollution,41045,4710,0.795358665941857,diagnosis1548,1442894.9381213393,861.3849696125085,0.8358938084481286,16.966463782619027,1.4543005213790995e-64,280362.9429762472,7425895.092821055
LU,clinical_center_community_plus_prior_pollution,41045,4710,0.795358665941857,diagnosis1549,3751795.815800457,861.3851678472478,1.2087835995100604,12.523122561943405,5.579605651411494e-36,351011.0022467884,40101226.89419661
LU,clinical_center_community_plus_prior_pollution,41045,4710,0.795358665941857,diagnosis1550,3763313.4832224334,861.3847875851831,0.7623992255765528,19.85942517371404,9.135010673963938e-88,844529.839780931,16769719.322975598
LU,clinical_center_community_plus_prior_pollution,41045,4710,0.795358665941857,diagnosis1551,5614380.0267341565,861.3846597750553,0.4744881377851814,32.75285615956524,2.7648655430677194e-235,2215219.5255426774,14229408.29165428
LU,clinical_center_community_plus_prior_pollution,41045,4710,0.795358665941857,diagnosis1552,4343831.760462548,861.3847660805694,0.7019199721816509,21.774943036832678,4.0096876160310105e-105,1097482.573192421,17192869.230092898
LU,clinical_center_community_plus_prior_pollution,41045,4710,0.795358665941857,diagnosis1553,4237980.43627137,861.384847823232,0.7929769737380176,19.243430650455107,1.6024320166643473e-82,895727.120393621,20051283.219298154
LU,clinical_center_community_plus_prior_pollution,41045,4710,0.795358665941857,diagnosis1554,9940239.214314006,861.3846904962612,0.5127193311434981,31.42479845305489,9.27745709862996e-217,3638893.5402706545,27153406.535338413
LU,clinical_center_community_plus_prior_pollution,41045,4710,0.795358665941857,diagnosis1555,4182933.2458308297,861.3846683894678,0.5022108480948987,30.358809152948613,1.922414671880485e-202,1563141.4696847158,11193440.183380155
LU,clinical_center_community_plus_prior_pollution,41045,4710,0.795358665941857,diagnosis1556,8910022.687097665,861.3846594823461,0.4695162529487411,34.08335120497302,1.30178913386682e-254,3549979.546050771,22363087.802269712
LU,clinical_center_community_plus_prior_pollution,41045,4710,0.795358665941857,diagnosis1557,4097395.3996451693,861.3846475280019,0.4525612670049857,33.64375869413304,3.8472287661806316e-248,1687668.0421414322,9947838.462195903
LU,clinical_center_community_plus_prior_pollution,41045,4710,0.795358665941857,diagnosis1599,3216314.665447481,861.3847020926588,0.5576597170527876,26.86897814211301,5.062662100843484e-159,1078146.355683642,9594875.475522134
LU,clinical_center_community_plus_prior_pollution,41045,4710,0.795358665941857,diagnosis1601,2100178.4851657567,861.3846456491403,0.44710645806818267,32.55943328333236,1.5397100850593106e-232,874336.2770159735,5044683.362111661
LU,clinical_center_community_plus_prior_pollution,41045,4710,0.795358665941857,diagnosis1602,2830580.1026095515,861.3846436701693,0.44407786957106965,33.45357481159044,2.2834155899813692e-245,1185429.3660895026,6758887.493836695
LU,clinical_center_community_plus_prior_pollution,41045,4710,0.795358665941857,diagnosis1603,NA,0,0,NA,NA,NA,NA
LU,clinical_center_community_plus_prior_pollution,41045,4710,0.795358665941857,diagnosis1604,5407822.612372519,861.3846412283423,0.4389921042783728,35.31579940528815,3.3600793404182123e-273,2287450.3736500996,12784778.084703004
LU,clinical_center_community_plus_prior_pollution,41045,4710,0.795358665941857,diagnosis1605,2410895.9754838,861.3846454005593,0.44585859310474524,32.960021939025964,3.039593851154106e-238,1006150.5049446945,5776888.622565942
LU,clinical_center_community_plus_prior_pollution,41045,4710,0.795358665941857,diagnosis1606,932179.5113938934,861.384654948041,0.4718261742772341,29.132085995374133,1.4088921599893432e-186,369726.3348320758,2350275.216011394
LU,clinical_center_community_plus_prior_pollution,41045,4710,0.795358665941857,diagnosis1607,1618522.0539327485,861.384641699599,0.4401594389366716,32.48146629082773,1.948234695921498e-231,683052.7242303309,3835155.832250701
LU,clinical_center_community_plus_prior_pollution,41045,4710,0.795358665941857,diagnosis1608,1735362.9180302722,861.3846507565961,0.4547805575848822,31.59046024403732,4.992316671827957e-219,711672.8542325577,4231557.2940069735
LU,clinical_center_community_plus_prior_pollution,41045,4710,0.795358665941857,diagnosis1609,5638874.603484891,861.3846611813461,0.4800033957151666,32.38559394358765,4.3787689342083375e-230,2200963.3241783543,14446813.558648031
LU,clinical_center_community_plus_prior_pollution,41045,4710,0.795358665941857,diagnosis1610,3054803.332168292,861.3846958127433,0.5140645570551283,29.04737463001552,1.6608916622048115e-185,1115348.8180327618,8366730.880376824
LU,clinical_center_community_plus_prior_pollution,41045,4710,0.795358665941857,diagnosis1611,1346390.7250652541,861.3847075338275,0.5777956522403889,24.425483262846555,9.170835924617208e-132,433860.9475213739,4178223.449005941
LU,clinical_center_community_plus_prior_pollution,41045,4710,0.795358665941857,diagnosis1612,2829152.124277331,861.3846729961595,0.4855446197055327,30.595514848892932,1.4042023395991668e-205,1092345.3659732053,7327446.054729975
LU,clinical_center_community_plus_prior_pollution,41045,4710,0.795358665941857,diagnosis1613,4463377.040396431,861.3846423384775,0.4402896365760343,34.775781552556126,5.652062927719529e-265,1883164.9266288343,10578858.135596806
LU,clinical_center_community_plus_prior_pollution,41045,4710,0.795358665941857,diagnosis1614,3191436.571314791,861.3849969686748,0.8244378804404658,18.16508200863422,9.756114402715886e-74,634195.8872170759,16060128.41461276
LU,clinical_center_community_plus_prior_pollution,41045,4710,0.795358665941857,diagnosis1615,1504013.5955777883,861.3846589645084,0.4717934747003825,30.148038465552826,1.1380467492918274e-199,596568.6515503596,3791779.6883966415
LU,clinical_center_community_plus_prior_pollution,41045,4710,0.795358665941857,diagnosis1616,1158909.176884359,861.3847152979799,0.5663487771948317,24.65440081828571,3.3011714108788295e-134,381920.0413789501,3516627.395141477
LU,clinical_center_community_plus_prior_pollution,41045,4710,0.795358665941857,diagnosis1617,2289621.2731720703,861.3846932280052,0.5413219255792521,27.052103908942694,3.6078753821536724e-161,792482.3401648803,6615119.743200068
LU,clinical_center_community_plus_prior_pollution,41045,4710,0.795358665941857,diagnosis1620,893642.9745777532,861.3853269433756,1.331337222983324,10.292705244422773,7.6010289929593925e-25,65754.84323992235,12145079.003508518
LU,clinical_center_community_plus_prior_pollution,41045,4710,0.795358665941857,diagnosis200,8132116.782572347,861.3849171661138,0.7068420727260629,22.510448130414186,3.2793923677660355e-112,2034878.783411923,32498900.624690257
LU,clinical_center_community_plus_prior_pollution,41045,4710,0.795358665941857,diagnosis203,7979169.694867804,861.3854846238843,0.7583381195646467,20.95680608126891,1.626409012472606e-97,1804924.8477736702,35274127.395403035
LU,clinical_center_community_plus_prior_pollution,41045,4710,0.795358665941857,diagnosis206,945762.9096973683,861.3853855622875,1.368867093458887,10.051923417821047,9.00915622127822e-24,64654.758778633644,13834518.885481127
LU,clinical_center_community_plus_prior_pollution,41045,4710,0.795358665941857,diagnosis208,3711636.1468319893,861.3846925903176,0.583787424350208,25.91180062525732,4.903328347427478e-148,1182073.929311726,11654298.893548194
LU,clinical_center_community_plus_prior_pollution,41045,4710,0.795358665941857,diagnosis209,0.984532709741615,1461.018982325632,0.9620792581243294,-0.016202570212797574,0.987072785000176,0.14938493427116561,6.488637299874376
LU,clinical_center_community_plus_prior_pollution,41045,4710,0.795358665941857,diagnosis210,NA,0,0,NA,NA,NA,NA
LU,clinical_center_community_plus_prior_pollution,41045,4710,0.795358665941857,diagnosis212,436406.98127107316,861.3850287422462,1.2374486645623335,10.494439811625844,9.161954550693977e-26,38598.770976803215,4934122.213802781
LU,clinical_center_community_plus_prior_pollution,41045,4710,0.795358665941857,diagnosis213,NA,0,0,NA,NA,NA,NA
LU,clinical_center_community_plus_prior_pollution,41045,4710,0.795358665941857,diagnosis214,NA,0,0,NA,NA,NA,NA
LU,clinical_center_community_plus_prior_pollution,41045,4710,0.795358665941857,diagnosis215,13945217.38637581,861.3849701559635,0.7459591241828385,22.053014212787115,8.93687284749098e-108,3231943.2847211654,60170946.957089186
LU,clinical_center_community_plus_prior_pollution,41045,4710,0.795358665941857,diagnosis216,2760214.221807144,861.38481514323,0.6733028533601382,22.02696569198313,1.5886535557490227e-107,737609.2619388327,10329022.347469153
LU,clinical_center_community_plus_prior_pollution,41045,4710,0.795358665941857,diagnosis217,NA,0,0,NA,NA,NA,NA
LU,clinical_center_community_plus_prior_pollution,41045,4710,0.795358665941857,diagnosis218,1684517.9613490188,861.3850347371363,0.6421309023030549,22.32720766602174,2.0110676439245324e-110,478511.99745691614,5930051.44528888
LU,clinical_center_community_plus_prior_pollution,41045,4710,0.795358665941857,diagnosis219,3397504.7108109603,861.3846527932699,0.4576472099843703,32.86057793747335,8.043681257353641e-237,1385511.2490294233,8331248.31578869
LU,clinical_center_community_plus_prior_pollution,41045,4710,0.795358665941857,diagnosis220,3549799.8005526257,861.3846542569142,0.4601230117189248,32.77906425350498,1.1705342496775102e-235,1440610.059437014,8747043.33865885
LU,clinical_center_community_plus_prior_pollution,41045,4710,0.795358665941857,diagnosis300,5610125.794913129,861.3848550868453,0.6461296526971112,24.051030061404628,8.143156444211055e-128,1581197.2195393662,19904861.358103395
LU,clinical_center_community_plus_prior_pollution,41045,4710,0.795358665941857,diagnosis302,18154484.290533572,861.3848967417183,0.8024369999951956,20.829583078307465,2.334846217968872e-96,3766589.6076334687,87502312.22092369
LU,clinical_center_community_plus_prior_pollution,41045,4710,0.795358665941857,diagnosis303,NA,0,0,NA,NA,NA,NA
LU,clinical_center_community_plus_prior_pollution,41045,4710,0.795358665941857,diagnosis400,1115450.705148834,861.3853272877207,0.646952335929451,21.523639884630406,9.35244089907847e-103,313879.93618467083,3964032.523840549
LU,clinical_center_community_plus_prior_pollution,41045,4710,0.795358665941857,diagnosis401,7549167.280878686,861.3852687117292,0.8188432611309061,19.340634005275433,2.4445119712720965e-83,1516695.5111504456,37575061.18776685
LU,clinical_center_community_plus_prior_pollution,41045,4710,0.795358665941857,diagnosis402,3102897.577873048,861.384734335844,0.6174470928332747,24.209113799275652,1.7836502635836382e-129,925114.5726240092,10407330.79305139
LU,clinical_center_community_plus_prior_pollution,41045,4710,0.795358665941857,diagnosis403,2068124.0864531486,861.3847370408399,0.5879907685443442,24.731940183231128,4.8502963793535876e-135,653247.780886749,6547496.007046032
LU,clinical_center_community_plus_prior_pollution,41045,4710,0.795358665941857,diagnosis404,20010106.51255119,861.3847423846529,0.6177169774174172,27.215939733110858,4.206969992192534e-163,5962765.85565203,67150777.39705396
LU,clinical_center_community_plus_prior_pollution,41045,4710,0.795358665941857,diagnosis405,NA,0,0,NA,NA,NA,NA
LU,clinical_center_community_plus_prior_pollution,41045,4710,0.795358665941857,diagnosis413,348479.18319915334,861.3852329763074,1.1053870158658623,11.544674934354985,7.853783081037124e-31,39927.2782521573,3041473.0590004018
LU,clinical_center_community_plus_prior_pollution,41045,4710,0.795358665941857,diagnosis416,NA,0,0,NA,NA,NA,NA
LU,clinical_center_community_plus_prior_pollution,41045,4710,0.795358665941857,diagnosis417,7520537.347792072,861.3848033034822,0.668498188078034,23.684653797967187,5.190060326864998e-124,2028720.3379085865,27878895.35225033
LU,clinical_center_community_plus_prior_pollution,41045,4710,0.795358665941857,diagnosis418,4209398.029902435,861.3847502412478,0.6984273847446129,21.838820388237046,9.928560916971865e-106,1070822.593175461,16547121.705381462
LU,clinical_center_community_plus_prior_pollution,41045,4710,0.795358665941857,diagnosis420,5000142.170909581,861.3846459871248,0.4480969597266085,34.42330185321294,1.1301118893802296e-259,2077598.0516262283,12033810.731454339
LU,clinical_center_community_plus_prior_pollution,41045,4710,0.795358665941857,diagnosis422,2309241.1488635773,861.384853226532,0.6937766884404879,21.119806654903417,5.230858888271999e-99,592823.6211328274,8995246.63577798
LU,clinical_center_community_plus_prior_pollution,41045,4710,0.795358665941857,diagnosis424,3165136.967885416,861.3852787639602,0.9442274239948405,15.851802762825718,1.3660514350680773e-56,497352.9152711984,20142823.572296113
LU,clinical_center_community_plus_prior_pollution,41045,4710,0.795358665941857,diagnosis432,1686403.8592207981,861.3847857178067,0.741207190798942,19.344265818993197,2.2782567154175868e-83,394498.06989289494,7209054.222158622
LU,clinical_center_community_plus_prior_pollution,41045,4710,0.795358665941857,diagnosis434,2289583.616946342,861.3846670619221,0.5000167069955759,29.2867824763834,1.528204333296573e-188,859293.4793607452,6100585.265570642
LU,clinical_center_community_plus_prior_pollution,41045,4710,0.795358665941857,diagnosis437,NA,0,0,NA,NA,NA,NA
LU,clinical_center_community_plus_prior_pollution,41045,4710,0.795358665941857,diagnosis438,3774699.5279752216,861.3846851880448,0.4990882026198462,30.34299601305953,3.108203763196904e-202,1419246.1949707887,10039383.28458203
LU,clinical_center_community_plus_prior_pollution,41045,4710,0.795358665941857,diagnosis440,NA,0,0,NA,NA,NA,NA
LU,clinical_center_community_plus_prior_pollution,41045,4710,0.795358665941857,diagnosis447,4130731.119633073,861.3846862276721,0.5217584714288515,29.197350517561752,2.0953797977148228e-187,1485611.6979063994,11485463.938356912
LU,clinical_center_community_plus_prior_pollution,41045,4710,0.795358665941857,diagnosis448,1958181.154439612,861.3848124852934,0.6688205225806647,21.661306925862714,4.755500169171742e-104,527900.1746001063,7263633.577138202
LU,clinical_center_community_plus_prior_pollution,41045,4710,0.795358665941857,diagnosis449,NA,0,0,NA,NA,NA,NA
LU,clinical_center_community_plus_prior_pollution,41045,4710,0.795358665941857,diagnosis999,1689930.28305121,861.3852992787046,1.2073929460373336,11.876993219548353,1.5587385734398216e-32,158538.2461774214,18013724.95553866
LU,clinical_center_community_plus_prior_pollution,41045,4710,0.795358665941857,functional_status2,NA,0,0,NA,NA,NA,NA
LU,clinical_center_community_plus_prior_pollution,41045,4710,0.795358665941857,functional_status2010,25.85892907964919,1744.2362291603254,0.7050151572552904,4.613597206783434,3.957590409299963e-6,6.493824468234874,102.97232646451342
LU,clinical_center_community_plus_prior_pollution,41045,4710,0.795358665941857,functional_status2020,14.487903329657936,1744.236226582894,0.6974383479019939,3.8330471161478923,1.2656570039851878e-4,3.692707780488106,56.841579503961945
LU,clinical_center_community_plus_prior_pollution,41045,4710,0.795358665941857,functional_status2030,8.378604621829693,1744.2362269808054,0.6993900267751416,3.0393361448438942,0.002371001404718971,2.1274032916430836,32.99845200235949
LU,clinical_center_community_plus_prior_pollution,41045,4710,0.795358665941857,functional_status2040,2.1261975135897746,1744.2362265714244,0.6984726919707874,1.07997805515954,0.28015195248435676,0.5408322398133432,8.35881357286609
LU,clinical_center_community_plus_prior_pollution,41045,4710,0.795358665941857,functional_status2050,1.9248338503298625,1744.2362261352257,0.697181455129257,0.9392671702323648,0.3475935897426138,0.49085285017728375,7.548057121472423
LU,clinical_center_community_plus_prior_pollution,41045,4710,0.795358665941857,functional_status2060,1.2987829198867364,1744.2362263468387,0.6969570521581944,0.37509859418566244,0.7075871425098506,0.3313489893571882,5.0908170152018695
LU,clinical_center_community_plus_prior_pollution,41045,4710,0.795358665941857,functional_status2070,1.0009317838292162,1744.236226560297,0.6976572651804982,0.0013349678052869195,0.9989348501153669,0.25501019268257014,3.9287231045177506
LU,clinical_center_community_plus_prior_pollution,41045,4710,0.795358665941857,functional_status2080,0.9279235883494029,1744.2362273942433,0.6988572785494699,-0.10704029566962048,0.9147570120562801,0.23585431214025956,3.6507375167394915
LU,clinical_center_community_plus_prior_pollution,41045,4710,0.795358665941857,functional_status2090,0.7005881076688824,1744.23623991708,0.7286421834360967,-0.4883537502312522,0.6252992953522879,0.16797374693919892,2.922026242498048
LU,clinical_center_community_plus_prior_pollution,41045,4710,0.795358665941857,functional_status2100,2.2146943147681326,1744.2362825481184,0.7844981097027331,1.0135325723064823,0.31080584608586603,0.4759351593604231,10.305754494913996
LU,clinical_center_community_plus_prior_pollution,41045,4710,0.795358665941857,functional_status4010,17.574818627736992,1744.2364800597884,1.0069792534613868,2.8465999750135142,0.00441888514273431,2.442016293299234,126.48328786559942
LU,clinical_center_community_plus_prior_pollution,41045,4710,0.795358665941857,functional_status4020,NA,0,0,NA,NA,NA,NA
LU,clinical_center_community_plus_prior_pollution,41045,4710,0.795358665941857,functional_status4030,1.2480211924792701,1744.236626269299,0.994300706906248,0.22282921999089939,0.8236684254363388,0.17777539978618723,8.761374738859672
LU,clinical_center_community_plus_prior_pollution,41045,4710,0.795358665941857,functional_status4040,4.995336061708846,1744.2363406840377,0.9886354364954887,1.6269947748995897,0.10373820752676455,0.7195097800445223,34.681088515384396
LU,clinical_center_community_plus_prior_pollution,41045,4710,0.795358665941857,functional_status4050,0.9743851986039803,1744.236364239678,0.9712970008551077,-0.026715384054397676,0.9786867428108927,0.14519817981541683,6.538832073965915
LU,clinical_center_community_plus_prior_pollution,41045,4710,0.795358665941857,functional_status4060,0.7565413353712318,1744.2363534605909,0.9485960448724513,-0.29411687775352674,0.7686685943944946,0.11786537557316022,4.85600448258887
LU,clinical_center_community_plus_prior_pollution,41045,4710,0.795358665941857,functional_status4070,1.1982421356912745,1744.2362997316225,0.800139418746293,0.22603010380060898,0.8211780066899137,0.24972652809306706,5.749426089049315
LU,clinical_center_community_plus_prior_pollution,41045,4710,0.795358665941857,functional_status4080,1.0238167727506216,1744.2363544267514,0.9911933451868179,0.023746706795902045,0.9810546498607361,0.14672933021238962,7.143771341750383
LU,clinical_center_community_plus_prior_pollution,41045,4710,0.795358665941857,functional_status4090,NA,0,0,NA,NA,NA,NA
LU,clinical_center_community_plus_prior_pollution,41045,4710,0.795358665941857,functional_status4100,NA,0,0,NA,NA,NA,NA
LU,clinical_center_community_plus_prior_pollution,41045,4710,0.795358665941857,functional_status996,NA,0,0,NA,NA,NA,NA
LU,clinical_center_community_plus_prior_pollution,41045,4710,0.795358665941857,functional_status998,2.7182779778511197,1744.2362348748622,0.7198376778298604,1.389200113078636,0.16477190735302416,0.6630815201812741,11.143479255537615
LU,clinical_center_community_plus_prior_pollution,41045,4710,0.795358665941857,life_supportY,0.9884122583887528,0.09447666088390005,0.09799535114185612,-0.11893832262315686,0.90532422017709,0.8156884800281707,1.1977106658407317
LU,clinical_center_community_plus_prior_pollution,41045,4710,0.795358665941857,ecmo1,1.7093161749833896,0.1198377856139984,0.12437045112243758,4.310456286243405,1.6291803325482825e-5,1.3395473895622894,2.181155970162848
LU,clinical_center_community_plus_prior_pollution,41045,4710,0.795358665941857,ventilator1,1.455471630037516,0.11267466460230437,0.11557850266788587,3.247403139788144,0.0011646329771543048,1.1604412141649039,1.8255105385657473
LU,clinical_center_community_plus_prior_pollution,41045,4710,0.795358665941857,"ns(pulm_art_mean, df = 3)1",5.6245977996606085,0.1385787877462282,0.1404921619096293,12.2935644222095,9.808380648627076e-35,4.270751750809021,7.407618670870777
LU,clinical_center_community_plus_prior_pollution,41045,4710,0.795358665941857,"ns(pulm_art_mean, df = 3)2",3.052655727956615,0.4741659039041977,0.48819219538271236,2.2860093888968125,0.022253709293104197,1.1725405696814977,7.947449524887327
LU,clinical_center_community_plus_prior_pollution,41045,4710,0.795358665941857,"ns(pulm_art_mean, df = 3)3",1.7315419518597424,0.38097953607701085,0.4141652126219985,1.3255877037899322,0.18497630135414359,0.7689444204398241,3.8991602661416045
LU,clinical_center_community_plus_prior_pollution,41045,4710,0.795358665941857,"ns(wedge_mean, df = 3)1",0.6315864906246501,0.11404764322102556,0.11219110357148392,-4.095871876934919,4.205824994096699e-5,0.5069155241298919,0.7869190745820338
LU,clinical_center_community_plus_prior_pollution,41045,4710,0.795358665941857,"ns(wedge_mean, df = 3)2",0.3026802540396721,0.23967851933088982,0.23174819007279165,-5.156796682984435,2.5121031582690905e-7,0.19218508173936413,0.4767036824937665
LU,clinical_center_community_plus_prior_pollution,41045,4710,0.795358665941857,"ns(wedge_mean, df = 3)3",0.715509855008564,0.32619656514951256,0.30922605118435326,-1.0825734287310604,0.2789978066370759,0.3903030345588124,1.311684274228293
LU,clinical_center_community_plus_prior_pollution,41045,4710,0.795358665941857,"ns(cardiac_output, df = 3)1",0.5868125048615215,0.1205433801125112,0.11994910346065726,-4.4439675437306105,8.831493319111219e-6,0.46387236248933683,0.7423354864556493
LU,clinical_center_community_plus_prior_pollution,41045,4710,0.795358665941857,"ns(cardiac_output, df = 3)2",0.23402894082296155,0.4474074166714717,0.44005681294096893,-3.300279531716359,9.658857035129721e-4,0.09878534679123639,0.5544298514076385
LU,clinical_center_community_plus_prior_pollution,41045,4710,0.795358665941857,"ns(cardiac_output, df = 3)3",0.911067120264909,0.27617581558626736,0.27355309989225074,-0.34047761441715585,0.7334968779898147,0.5329685135821964,1.5573964999337275
LU,clinical_center_community_plus_prior_pollution,41045,4710,0.795358665941857,corticosteroid_dependentN,0.7344839289285762,0.1299948505359291,0.13049057825948768,-2.364823330629946,0.018038673708151907,0.5687331146951188,0.9485409375952201
LU,clinical_center_community_plus_prior_pollution,41045,4710,0.795358665941857,corticosteroid_dependentU,0.919361111999095,0.26720201349983913,0.2883666437708235,-0.29156039879105344,0.770622757593934,0.5224298671046014,1.6178723834083182
LU,clinical_center_community_plus_prior_pollution,41045,4710,0.795358665941857,corticosteroid_dependentY,0.9551645299767569,0.13044217823371704,0.1318593235407861,-0.3478834064244459,0.7279277475952323,0.7376312829666652,1.2368500365879262
LU,clinical_center_community_plus_prior_pollution,41045,4710,0.795358665941857,diabetesMissing,NA,0,0,NA,NA,NA,NA
