organ,organ_label,model,focal_term,exposure,exposure_label,curve_group,curve_exposure_value,source_n,n,sampled,finegray_max_n,time_days,cif
KI,Kidney,heat_humidity,tmax_5c,Tmax per 5 C,Tmax,Q1 reference,3.389660633484164,678254,998,TRUE,1000,12,8.675158083814027e-4
KI,Kidney,heat_humidity,tmax_5c,Tmax per 5 C,Tmax,Q1 reference,3.389660633484164,678254,998,TRUE,1000,15,0.0017346202493518925
KI,Kidney,heat_humidity,tmax_5c,Tmax per 5 C,Tmax,Q1 reference,3.389660633484164,678254,998,TRUE,1000,23,0.002602007240194215
KI,Kidney,heat_humidity,tmax_5c,Tmax per 5 C,Tmax,Q1 reference,3.389660633484164,678254,998,TRUE,1000,33,0.003470590212037883
KI,Kidney,heat_humidity,tmax_5c,Tmax per 5 C,Tmax,Q1 reference,3.389660633484164,678254,998,TRUE,1000,67,0.00434226763960488
KI,Kidney,heat_humidity,tmax_5c,Tmax per 5 C,Tmax,Q1 reference,3.389660633484164,678254,998,TRUE,1000,78,0.005213874148171205
KI,Kidney,heat_humidity,tmax_5c,Tmax per 5 C,Tmax,Q1 reference,3.389660633484164,678254,998,TRUE,1000,84,0.0060879558356804475
KI,Kidney,heat_humidity,tmax_5c,Tmax per 5 C,Tmax,Q1 reference,3.389660633484164,678254,998,TRUE,1000,88,0.006961964502139151
KI,Kidney,heat_humidity,tmax_5c,Tmax per 5 C,Tmax,Q1 reference,3.389660633484164,678254,998,TRUE,1000,89,0.0078365366172084
KI,Kidney,heat_humidity,tmax_5c,Tmax per 5 C,Tmax,Q1 reference,3.389660633484164,678254,998,TRUE,1000,113,0.008714143422539622
KI,Kidney,heat_humidity,tmax_5c,Tmax per 5 C,Tmax,Q1 reference,3.389660633484164,678254,998,TRUE,1000,139,0.009592734896460842
KI,Kidney,heat_humidity,tmax_5c,Tmax per 5 C,Tmax,Q1 reference,3.389660633484164,678254,998,TRUE,1000,157,0.01047109272446789
KI,Kidney,heat_humidity,tmax_5c,Tmax per 5 C,Tmax,Q1 reference,3.389660633484164,678254,998,TRUE,1000,160,0.011348901892615837
KI,Kidney,heat_humidity,tmax_5c,Tmax per 5 C,Tmax,Q1 reference,3.389660633484164,678254,998,TRUE,1000,173,0.012230679226286179
KI,Kidney,heat_humidity,tmax_5c,Tmax per 5 C,Tmax,Q1 reference,3.389660633484164,678254,998,TRUE,1000,175,0.013993875540411649
KI,Kidney,heat_humidity,tmax_5c,Tmax per 5 C,Tmax,Q1 reference,3.389660633484164,678254,998,TRUE,1000,186,0.014877416254541753
KI,Kidney,heat_humidity,tmax_5c,Tmax per 5 C,Tmax,Q1 reference,3.389660633484164,678254,998,TRUE,1000,198,0.015764253661584737
KI,Kidney,heat_humidity,tmax_5c,Tmax per 5 C,Tmax,Q1 reference,3.389660633484164,678254,998,TRUE,1000,203,0.016651006990153094
KI,Kidney,heat_humidity,tmax_5c,Tmax per 5 C,Tmax,Q1 reference,3.389660633484164,678254,998,TRUE,1000,210,0.017538926123870202
KI,Kidney,heat_humidity,tmax_5c,Tmax per 5 C,Tmax,Q1 reference,3.389660633484164,678254,998,TRUE,1000,237,0.01842708368296897
KI,Kidney,heat_humidity,tmax_5c,Tmax per 5 C,Tmax,Q1 reference,3.389660633484164,678254,998,TRUE,1000,266,0.0193205720630929
KI,Kidney,heat_humidity,tmax_5c,Tmax per 5 C,Tmax,Q1 reference,3.389660633484164,678254,998,TRUE,1000,290,0.02021914715551787
KI,Kidney,heat_humidity,tmax_5c,Tmax per 5 C,Tmax,Q1 reference,3.389660633484164,678254,998,TRUE,1000,299,0.02111744481595157
KI,Kidney,heat_humidity,tmax_5c,Tmax per 5 C,Tmax,Q1 reference,3.389660633484164,678254,998,TRUE,1000,302,0.022016137494338395
KI,Kidney,heat_humidity,tmax_5c,Tmax per 5 C,Tmax,Q1 reference,3.389660633484164,678254,998,TRUE,1000,321,0.02291631531854632
KI,Kidney,heat_humidity,tmax_5c,Tmax per 5 C,Tmax,Q1 reference,3.389660633484164,678254,998,TRUE,1000,333,0.023817700363606087
KI,Kidney,heat_humidity,tmax_5c,Tmax per 5 C,Tmax,Q1 reference,3.389660633484164,678254,998,TRUE,1000,334,0.024719383559211328
KI,Kidney,heat_humidity,tmax_5c,Tmax per 5 C,Tmax,Q1 reference,3.389660633484164,678254,998,TRUE,1000,374,0.025625341987208117
KI,Kidney,heat_humidity,tmax_5c,Tmax per 5 C,Tmax,Q1 reference,3.389660633484164,678254,998,TRUE,1000,388,0.026531294285943252
KI,Kidney,heat_humidity,tmax_5c,Tmax per 5 C,Tmax,Q1 reference,3.389660633484164,678254,998,TRUE,1000,392,0.02744079166034763
KI,Kidney,heat_humidity,tmax_5c,Tmax per 5 C,Tmax,Q1 reference,3.389660633484164,678254,998,TRUE,1000,444,0.028354802367928866
KI,Kidney,heat_humidity,tmax_5c,Tmax per 5 C,Tmax,Q1 reference,3.389660633484164,678254,998,TRUE,1000,445,0.02927164347100064
KI,Kidney,heat_humidity,tmax_5c,Tmax per 5 C,Tmax,Q1 reference,3.389660633484164,678254,998,TRUE,1000,454,0.030188899819472703
KI,Kidney,heat_humidity,tmax_5c,Tmax per 5 C,Tmax,Q1 reference,3.389660633484164,678254,998,TRUE,1000,462,0.031105934404427993
KI,Kidney,heat_humidity,tmax_5c,Tmax per 5 C,Tmax,Q1 reference,3.389660633484164,678254,998,TRUE,1000,494,0.032026160958647965
KI,Kidney,heat_humidity,tmax_5c,Tmax per 5 C,Tmax,Q1 reference,3.389660633484164,678254,998,TRUE,1000,517,0.032949959183197874
KI,Kidney,heat_humidity,tmax_5c,Tmax per 5 C,Tmax,Q1 reference,3.389660633484164,678254,998,TRUE,1000,523,0.033874865893705364
KI,Kidney,heat_humidity,tmax_5c,Tmax per 5 C,Tmax,Q1 reference,3.389660633484164,678254,998,TRUE,1000,524,0.03480102697776177
KI,Kidney,heat_humidity,tmax_5c,Tmax per 5 C,Tmax,Q1 reference,3.389660633484164,678254,998,TRUE,1000,611,0.035736773748565764
KI,Kidney,heat_humidity,tmax_5c,Tmax per 5 C,Tmax,Q1 reference,3.389660633484164,678254,998,TRUE,1000,614,0.03667402831052835
KI,Kidney,heat_humidity,tmax_5c,Tmax per 5 C,Tmax,Q1 reference,3.389660633484164,678254,998,TRUE,1000,620,0.03761343403457851
KI,Kidney,heat_humidity,tmax_5c,Tmax per 5 C,Tmax,Q1 reference,3.389660633484164,678254,998,TRUE,1000,630,0.03855392707106198
KI,Kidney,heat_humidity,tmax_5c,Tmax per 5 C,Tmax,Q1 reference,3.389660633484164,678254,998,TRUE,1000,634,0.039494502424416766
KI,Kidney,heat_humidity,tmax_5c,Tmax per 5 C,Tmax,Q1 reference,3.389660633484164,678254,998,TRUE,1000,706,0.04044041631070461
KI,Kidney,heat_humidity,tmax_5c,Tmax per 5 C,Tmax,Q1 reference,3.389660633484164,678254,998,TRUE,1000,728,0.04139023500860595
KI,Kidney,heat_humidity,tmax_5c,Tmax per 5 C,Tmax,Q1 reference,3.389660633484164,678254,998,TRUE,1000,737,0.042341091302982914
KI,Kidney,heat_humidity,tmax_5c,Tmax per 5 C,Tmax,Q1 reference,3.389660633484164,678254,998,TRUE,1000,741,0.04329648636864991
KI,Kidney,heat_humidity,tmax_5c,Tmax per 5 C,Tmax,Q1 reference,3.389660633484164,678254,998,TRUE,1000,747,0.04425246965410723
KI,Kidney,heat_humidity,tmax_5c,Tmax per 5 C,Tmax,Q1 reference,3.389660633484164,678254,998,TRUE,1000,792,0.04521071835607926
KI,Kidney,heat_humidity,tmax_5c,Tmax per 5 C,Tmax,Q1 reference,3.389660633484164,678254,998,TRUE,1000,842,0.04617457199751218
KI,Kidney,heat_humidity,tmax_5c,Tmax per 5 C,Tmax,Q1 reference,3.389660633484164,678254,998,TRUE,1000,853,0.0471383101123205
KI,Kidney,heat_humidity,tmax_5c,Tmax per 5 C,Tmax,Q1 reference,3.389660633484164,678254,998,TRUE,1000,878,0.04810580369641171
KI,Kidney,heat_humidity,tmax_5c,Tmax per 5 C,Tmax,Q1 reference,3.389660633484164,678254,998,TRUE,1000,879,0.050040026326632736
KI,Kidney,heat_humidity,tmax_5c,Tmax per 5 C,Tmax,Q1 reference,3.389660633484164,678254,998,TRUE,1000,883,0.05101199622443919
KI,Kidney,heat_humidity,tmax_5c,Tmax per 5 C,Tmax,Q1 reference,3.389660633484164,678254,998,TRUE,1000,887,0.05198478205337265
KI,Kidney,heat_humidity,tmax_5c,Tmax per 5 C,Tmax,Q1 reference,3.389660633484164,678254,998,TRUE,1000,906,0.05295776415670106
KI,Kidney,heat_humidity,tmax_5c,Tmax per 5 C,Tmax,Q1 reference,3.389660633484164,678254,998,TRUE,1000,931,0.053934794922423035
KI,Kidney,heat_humidity,tmax_5c,Tmax per 5 C,Tmax,Q1 reference,3.389660633484164,678254,998,TRUE,1000,934,0.054912251749665186
KI,Kidney,heat_humidity,tmax_5c,Tmax per 5 C,Tmax,Q1 reference,3.389660633484164,678254,998,TRUE,1000,949,0.05589185018520404
KI,Kidney,heat_humidity,tmax_5c,Tmax per 5 C,Tmax,Q1 reference,3.389660633484164,678254,998,TRUE,1000,951,0.05687143346948931
KI,Kidney,heat_humidity,tmax_5c,Tmax per 5 C,Tmax,Q1 reference,3.389660633484164,678254,998,TRUE,1000,953,0.057852434705680356
KI,Kidney,heat_humidity,tmax_5c,Tmax per 5 C,Tmax,Q1 reference,3.389660633484164,678254,998,TRUE,1000,976,0.05883420123580596
KI,Kidney,heat_humidity,tmax_5c,Tmax per 5 C,Tmax,Q1 reference,3.389660633484164,678254,998,TRUE,1000,997,0.05982043076327903
KI,Kidney,heat_humidity,tmax_5c,Tmax per 5 C,Tmax,Q1 reference,3.389660633484164,678254,998,TRUE,1000,1013,0.061794439795235245
KI,Kidney,heat_humidity,tmax_5c,Tmax per 5 C,Tmax,Q1 reference,3.389660633484164,678254,998,TRUE,1000,1023,0.0627819716738649
KI,Kidney,heat_humidity,tmax_5c,Tmax per 5 C,Tmax,Q1 reference,3.389660633484164,678254,998,TRUE,1000,1025,0.06377218327518619
KI,Kidney,heat_humidity,tmax_5c,Tmax per 5 C,Tmax,Q1 reference,3.389660633484164,678254,998,TRUE,1000,1029,0.06476416497348769
KI,Kidney,heat_humidity,tmax_5c,Tmax per 5 C,Tmax,Q1 reference,3.389660633484164,678254,998,TRUE,1000,1050,0.06576001484024352
KI,Kidney,heat_humidity,tmax_5c,Tmax per 5 C,Tmax,Q1 reference,3.389660633484164,678254,998,TRUE,1000,1056,0.06675764959059793
KI,Kidney,heat_humidity,tmax_5c,Tmax per 5 C,Tmax,Q1 reference,3.389660633484164,678254,998,TRUE,1000,1092,0.06776380032070217
KI,Kidney,heat_humidity,tmax_5c,Tmax per 5 C,Tmax,Q1 reference,3.389660633484164,678254,998,TRUE,1000,1096,0.06877106633299579
KI,Kidney,heat_humidity,tmax_5c,Tmax per 5 C,Tmax,Q1 reference,3.389660633484164,678254,998,TRUE,1000,1115,0.06977988658271839
KI,Kidney,heat_humidity,tmax_5c,Tmax per 5 C,Tmax,Q1 reference,3.389660633484164,678254,998,TRUE,1000,1124,0.07078880366897722
KI,Kidney,heat_humidity,tmax_5c,Tmax per 5 C,Tmax,Q1 reference,3.389660633484164,678254,998,TRUE,1000,1134,0.0717975384939693
KI,Kidney,heat_humidity,tmax_5c,Tmax per 5 C,Tmax,Q1 reference,3.389660633484164,678254,998,TRUE,1000,1165,0.07280757005881755
KI,Kidney,heat_humidity,tmax_5c,Tmax per 5 C,Tmax,Q1 reference,3.389660633484164,678254,998,TRUE,1000,1170,0.07382612307915648
KI,Kidney,heat_humidity,tmax_5c,Tmax per 5 C,Tmax,Q1 reference,3.389660633484164,678254,998,TRUE,1000,1197,0.07485212966829491
KI,Kidney,heat_humidity,tmax_5c,Tmax per 5 C,Tmax,Q1 reference,3.389660633484164,678254,998,TRUE,1000,1199,0.07588210301936904
KI,Kidney,heat_humidity,tmax_5c,Tmax per 5 C,Tmax,Q1 reference,3.389660633484164,678254,998,TRUE,1000,1320,0.07692635132406733
KI,Kidney,heat_humidity,tmax_5c,Tmax per 5 C,Tmax,Q1 reference,3.389660633484164,678254,998,TRUE,1000,1359,0.0779757514228615
KI,Kidney,heat_humidity,tmax_5c,Tmax per 5 C,Tmax,Q1 reference,3.389660633484164,678254,998,TRUE,1000,1374,0.07902571016860926
KI,Kidney,heat_humidity,tmax_5c,Tmax per 5 C,Tmax,Q1 reference,3.389660633484164,678254,998,TRUE,1000,1398,0.08007854682330606
KI,Kidney,heat_humidity,tmax_5c,Tmax per 5 C,Tmax,Q1 reference,3.389660633484164,678254,998,TRUE,1000,1407,0.08113171007959341
KI,Kidney,heat_humidity,tmax_5c,Tmax per 5 C,Tmax,Q1 reference,3.389660633484164,678254,998,TRUE,1000,1414,0.08323962824658626
KI,Kidney,heat_humidity,tmax_5c,Tmax per 5 C,Tmax,Q1 reference,3.389660633484164,678254,998,TRUE,1000,1418,0.08429349347401471
KI,Kidney,heat_humidity,tmax_5c,Tmax per 5 C,Tmax,Q1 reference,3.389660633484164,678254,998,TRUE,1000,1419,0.08535107044539336
KI,Kidney,heat_humidity,tmax_5c,Tmax per 5 C,Tmax,Q1 reference,3.389660633484164,678254,998,TRUE,1000,1422,0.08641110228415982
KI,Kidney,heat_humidity,tmax_5c,Tmax per 5 C,Tmax,Q1 reference,3.389660633484164,678254,998,TRUE,1000,1444,0.08853009060005812
KI,Kidney,heat_humidity,tmax_5c,Tmax per 5 C,Tmax,Q1 reference,3.389660633484164,678254,998,TRUE,1000,1461,0.08959518392468657
KI,Kidney,heat_humidity,tmax_5c,Tmax per 5 C,Tmax,Q1 reference,3.389660633484164,678254,998,TRUE,1000,1504,0.09176333147379367
KI,Kidney,heat_humidity,tmax_5c,Tmax per 5 C,Tmax,Q1 reference,3.389660633484164,678254,998,TRUE,1000,1524,0.09285566883056351
KI,Kidney,heat_humidity,tmax_5c,Tmax per 5 C,Tmax,Q1 reference,3.389660633484164,678254,998,TRUE,1000,1526,0.09394865539814679
KI,Kidney,heat_humidity,tmax_5c,Tmax per 5 C,Tmax,Q1 reference,3.389660633484164,678254,998,TRUE,1000,1539,0.09504247743530547
KI,Kidney,heat_humidity,tmax_5c,Tmax per 5 C,Tmax,Q1 reference,3.389660633484164,678254,998,TRUE,1000,1543,0.09613701692702059
KI,Kidney,heat_humidity,tmax_5c,Tmax per 5 C,Tmax,Q1 reference,3.389660633484164,678254,998,TRUE,1000,1556,0.09723119059989893
KI,Kidney,heat_humidity,tmax_5c,Tmax per 5 C,Tmax,Q1 reference,3.389660633484164,678254,998,TRUE,1000,1562,0.09832848595044819
KI,Kidney,heat_humidity,tmax_5c,Tmax per 5 C,Tmax,Q1 reference,3.389660633484164,678254,998,TRUE,1000,1567,0.09943269263213184
KI,Kidney,heat_humidity,tmax_5c,Tmax per 5 C,Tmax,Q1 reference,3.389660633484164,678254,998,TRUE,1000,1577,0.100537492307883
KI,Kidney,heat_humidity,tmax_5c,Tmax per 5 C,Tmax,Q1 reference,3.389660633484164,678254,998,TRUE,1000,1592,0.10164373195819765
KI,Kidney,heat_humidity,tmax_5c,Tmax per 5 C,Tmax,Q1 reference,3.389660633484164,678254,998,TRUE,1000,1605,0.10275663002189839
KI,Kidney,heat_humidity,tmax_5c,Tmax per 5 C,Tmax,Q1 reference,3.389660633484164,678254,998,TRUE,1000,1606,0.10387408098573847
KI,Kidney,heat_humidity,tmax_5c,Tmax per 5 C,Tmax,Q1 reference,3.389660633484164,678254,998,TRUE,1000,1610,0.1049950261729291
KI,Kidney,heat_humidity,tmax_5c,Tmax per 5 C,Tmax,Q1 reference,3.389660633484164,678254,998,TRUE,1000,1616,0.10612146934212263
KI,Kidney,heat_humidity,tmax_5c,Tmax per 5 C,Tmax,Q1 reference,3.389660633484164,678254,998,TRUE,1000,1628,0.10724776268148284
KI,Kidney,heat_humidity,tmax_5c,Tmax per 5 C,Tmax,Q1 reference,3.389660633484164,678254,998,TRUE,1000,1657,0.10838356599474608
KI,Kidney,heat_humidity,tmax_5c,Tmax per 5 C,Tmax,Q1 reference,3.389660633484164,678254,998,TRUE,1000,1666,0.10952029280207554
KI,Kidney,heat_humidity,tmax_5c,Tmax per 5 C,Tmax,Q1 reference,3.389660633484164,678254,998,TRUE,1000,1688,0.11066714947750478
KI,Kidney,heat_humidity,tmax_5c,Tmax per 5 C,Tmax,Q1 reference,3.389660633484164,678254,998,TRUE,1000,1699,0.1118203739180832
KI,Kidney,heat_humidity,tmax_5c,Tmax per 5 C,Tmax,Q1 reference,3.389660633484164,678254,998,TRUE,1000,1716,0.11297469622186918
KI,Kidney,heat_humidity,tmax_5c,Tmax per 5 C,Tmax,Q1 reference,3.389660633484164,678254,998,TRUE,1000,1747,0.11413335888175091
KI,Kidney,heat_humidity,tmax_5c,Tmax per 5 C,Tmax,Q1 reference,3.389660633484164,678254,998,TRUE,1000,1777,0.11529227160927313
KI,Kidney,heat_humidity,tmax_5c,Tmax per 5 C,Tmax,Q1 reference,3.389660633484164,678254,998,TRUE,1000,1812,0.11646634331981309
KI,Kidney,heat_humidity,tmax_5c,Tmax per 5 C,Tmax,Q1 reference,3.389660633484164,678254,998,TRUE,1000,1896,0.11765334927269389
KI,Kidney,heat_humidity,tmax_5c,Tmax per 5 C,Tmax,Q1 reference,3.389660633484164,678254,998,TRUE,1000,1905,0.11884035789247016
KI,Kidney,heat_humidity,tmax_5c,Tmax per 5 C,Tmax,Q1 reference,3.389660633484164,678254,998,TRUE,1000,1923,0.12003085362153598
KI,Kidney,heat_humidity,tmax_5c,Tmax per 5 C,Tmax,Q1 reference,3.389660633484164,678254,998,TRUE,1000,1937,0.12122346748000934
KI,Kidney,heat_humidity,tmax_5c,Tmax per 5 C,Tmax,Q1 reference,3.389660633484164,678254,998,TRUE,1000,1945,0.12242148491504512
KI,Kidney,heat_humidity,tmax_5c,Tmax per 5 C,Tmax,Q1 reference,3.389660633484164,678254,998,TRUE,1000,1961,0.12363124538042847
KI,Kidney,heat_humidity,tmax_5c,Tmax per 5 C,Tmax,Q1 reference,3.389660633484164,678254,998,TRUE,1000,2014,0.12485230373903433
KI,Kidney,heat_humidity,tmax_5c,Tmax per 5 C,Tmax,Q1 reference,3.389660633484164,678254,998,TRUE,1000,2040,0.1260829640337735
KI,Kidney,heat_humidity,tmax_5c,Tmax per 5 C,Tmax,Q1 reference,3.389660633484164,678254,998,TRUE,1000,2042,0.12731340324511642
KI,Kidney,heat_humidity,tmax_5c,Tmax per 5 C,Tmax,Q1 reference,3.389660633484164,678254,998,TRUE,1000,2122,0.1285752552751015
KI,Kidney,heat_humidity,tmax_5c,Tmax per 5 C,Tmax,Q1 reference,3.389660633484164,678254,998,TRUE,1000,2150,0.12983707779505405
KI,Kidney,heat_humidity,tmax_5c,Tmax per 5 C,Tmax,Q1 reference,3.389660633484164,678254,998,TRUE,1000,2166,0.1311001706851268
KI,Kidney,heat_humidity,tmax_5c,Tmax per 5 C,Tmax,Q1 reference,3.389660633484164,678254,998,TRUE,1000,2176,0.1323628739009447
KI,Kidney,heat_humidity,tmax_5c,Tmax per 5 C,Tmax,Q1 reference,3.389660633484164,678254,998,TRUE,1000,2233,0.133646456143387
KI,Kidney,heat_humidity,tmax_5c,Tmax per 5 C,Tmax,Q1 reference,3.389660633484164,678254,998,TRUE,1000,2259,0.13493059537991925
KI,Kidney,heat_humidity,tmax_5c,Tmax per 5 C,Tmax,Q1 reference,3.389660633484164,678254,998,TRUE,1000,2260,0.13621864349465007
KI,Kidney,heat_humidity,tmax_5c,Tmax per 5 C,Tmax,Q1 reference,3.389660633484164,678254,998,TRUE,1000,2273,0.137514664322828
KI,Kidney,heat_humidity,tmax_5c,Tmax per 5 C,Tmax,Q1 reference,3.389660633484164,678254,998,TRUE,1000,2275,0.13881257947991565
KI,Kidney,heat_humidity,tmax_5c,Tmax per 5 C,Tmax,Q1 reference,3.389660633484164,678254,998,TRUE,1000,2308,0.14011231550167702
KI,Kidney,heat_humidity,tmax_5c,Tmax per 5 C,Tmax,Q1 reference,3.389660633484164,678254,998,TRUE,1000,2345,0.14143218133735735
KI,Kidney,heat_humidity,tmax_5c,Tmax per 5 C,Tmax,Q1 reference,3.389660633484164,678254,998,TRUE,1000,2368,0.1427720050423137
KI,Kidney,heat_humidity,tmax_5c,Tmax per 5 C,Tmax,Q1 reference,3.389660633484164,678254,998,TRUE,1000,2407,0.14411348596195905
KI,Kidney,heat_humidity,tmax_5c,Tmax per 5 C,Tmax,Q1 reference,3.389660633484164,678254,998,TRUE,1000,2443,0.14545530990290145
KI,Kidney,heat_humidity,tmax_5c,Tmax per 5 C,Tmax,Q1 reference,3.389660633484164,678254,998,TRUE,1000,2461,0.14679819821505335
KI,Kidney,heat_humidity,tmax_5c,Tmax per 5 C,Tmax,Q1 reference,3.389660633484164,678254,998,TRUE,1000,2465,0.1481411018496871
KI,Kidney,heat_humidity,tmax_5c,Tmax per 5 C,Tmax,Q1 reference,3.389660633484164,678254,998,TRUE,1000,2473,0.14948522069176529
KI,Kidney,heat_humidity,tmax_5c,Tmax per 5 C,Tmax,Q1 reference,3.389660633484164,678254,998,TRUE,1000,2500,0.1508512372008901
KI,Kidney,heat_humidity,tmax_5c,Tmax per 5 C,Tmax,Q1 reference,3.389660633484164,678254,998,TRUE,1000,2533,0.1522375072547968
KI,Kidney,heat_humidity,tmax_5c,Tmax per 5 C,Tmax,Q1 reference,3.389660633484164,678254,998,TRUE,1000,2595,0.1536267478587774
KI,Kidney,heat_humidity,tmax_5c,Tmax per 5 C,Tmax,Q1 reference,3.389660633484164,678254,998,TRUE,1000,2598,0.15501915779863773
KI,Kidney,heat_humidity,tmax_5c,Tmax per 5 C,Tmax,Q1 reference,3.389660633484164,678254,998,TRUE,1000,2613,0.156429242249428
KI,Kidney,heat_humidity,tmax_5c,Tmax per 5 C,Tmax,Q1 reference,3.389660633484164,678254,998,TRUE,1000,2627,0.15785723358564963
KI,Kidney,heat_humidity,tmax_5c,Tmax per 5 C,Tmax,Q1 reference,3.389660633484164,678254,998,TRUE,1000,2672,0.15928666806079095
KI,Kidney,heat_humidity,tmax_5c,Tmax per 5 C,Tmax,Q1 reference,3.389660633484164,678254,998,TRUE,1000,2719,0.16072037582401444
KI,Kidney,heat_humidity,tmax_5c,Tmax per 5 C,Tmax,Q1 reference,3.389660633484164,678254,998,TRUE,1000,2788,0.1622090618694334
KI,Kidney,heat_humidity,tmax_5c,Tmax per 5 C,Tmax,Q1 reference,3.389660633484164,678254,998,TRUE,1000,2801,0.16369610009093782
KI,Kidney,heat_humidity,tmax_5c,Tmax per 5 C,Tmax,Q1 reference,3.389660633484164,678254,998,TRUE,1000,2816,0.1651835089429603
KI,Kidney,heat_humidity,tmax_5c,Tmax per 5 C,Tmax,Q1 reference,3.389660633484164,678254,998,TRUE,1000,2863,0.16669409924687384
KI,Kidney,heat_humidity,tmax_5c,Tmax per 5 C,Tmax,Q1 reference,3.389660633484164,678254,998,TRUE,1000,2914,0.16825063659119044
KI,Kidney,heat_humidity,tmax_5c,Tmax per 5 C,Tmax,Q1 reference,3.389660633484164,678254,998,TRUE,1000,2948,0.16981021643145444
KI,Kidney,heat_humidity,tmax_5c,Tmax per 5 C,Tmax,Q1 reference,3.389660633484164,678254,998,TRUE,1000,3010,0.17137007681843297
KI,Kidney,heat_humidity,tmax_5c,Tmax per 5 C,Tmax,Q1 reference,3.389660633484164,678254,998,TRUE,1000,3047,0.17293618227192842
KI,Kidney,heat_humidity,tmax_5c,Tmax per 5 C,Tmax,Q1 reference,3.389660633484164,678254,998,TRUE,1000,3217,0.17453267541979
KI,Kidney,heat_humidity,tmax_5c,Tmax per 5 C,Tmax,Q1 reference,3.389660633484164,678254,998,TRUE,1000,3294,0.17616410198756838
KI,Kidney,heat_humidity,tmax_5c,Tmax per 5 C,Tmax,Q1 reference,3.389660633484164,678254,998,TRUE,1000,3395,0.17779445091836465
KI,Kidney,heat_humidity,tmax_5c,Tmax per 5 C,Tmax,Q1 reference,3.389660633484164,678254,998,TRUE,1000,3448,0.17952019549719
KI,Kidney,heat_humidity,tmax_5c,Tmax per 5 C,Tmax,Q1 reference,3.389660633484164,678254,998,TRUE,1000,3451,0.1812490945872216
KI,Kidney,heat_humidity,tmax_5c,Tmax per 5 C,Tmax,Q1 reference,3.389660633484164,678254,998,TRUE,1000,3551,0.18297736664385988
KI,Kidney,heat_humidity,tmax_5c,Tmax per 5 C,Tmax,Q1 reference,3.389660633484164,678254,998,TRUE,1000,3576,0.18471096426949596
KI,Kidney,heat_humidity,tmax_5c,Tmax per 5 C,Tmax,Q1 reference,3.389660633484164,678254,998,TRUE,1000,3594,0.1864518834277149
KI,Kidney,heat_humidity,tmax_5c,Tmax per 5 C,Tmax,Q1 reference,3.389660633484164,678254,998,TRUE,1000,3614,0.18819816371467868
KI,Kidney,heat_humidity,tmax_5c,Tmax per 5 C,Tmax,Q1 reference,3.389660633484164,678254,998,TRUE,1000,4058,0.19033777403060814
KI,Kidney,heat_humidity,tmax_5c,Tmax per 5 C,Tmax,Q1 reference,3.389660633484164,678254,998,TRUE,1000,4422,0.19306239864022479
KI,Kidney,heat_humidity,tmax_5c,Tmax per 5 C,Tmax,Q1 reference,3.389660633484164,678254,998,TRUE,1000,5050,0.19654568056223065
KI,Kidney,heat_humidity,tmax_5c,Tmax per 5 C,Tmax,Q2 reference,4.146593255388536,678254,998,TRUE,1000,12,9.024960188626086e-4
KI,Kidney,heat_humidity,tmax_5c,Tmax per 5 C,Tmax,Q2 reference,4.146593255388536,678254,998,TRUE,1000,15,0.0018045324948988695
KI,Kidney,heat_humidity,tmax_5c,Tmax per 5 C,Tmax,Q2 reference,4.146593255388536,678254,998,TRUE,1000,23,0.002706831281130806
KI,Kidney,heat_humidity,tmax_5c,Tmax per 5 C,Tmax,Q2 reference,4.146593255388536,678254,998,TRUE,1000,33,0.0036103424663769257
KI,Kidney,heat_humidity,tmax_5c,Tmax per 5 C,Tmax,Q2 reference,4.146593255388536,678254,998,TRUE,1000,67,0.004517040606409117
KI,Kidney,heat_humidity,tmax_5c,Tmax per 5 C,Tmax,Q2 reference,4.146593255388536,678254,998,TRUE,1000,78,0.005423632960571467
KI,Kidney,heat_humidity,tmax_5c,Tmax per 5 C,Tmax,Q2 reference,4.146593255388536,678254,998,TRUE,1000,84,0.00633276766623303
KI,Kidney,heat_humidity,tmax_5c,Tmax per 5 C,Tmax,Q2 reference,4.146593255388536,678254,998,TRUE,1000,88,0.007241794173870497
KI,Kidney,heat_humidity,tmax_5c,Tmax per 5 C,Tmax,Q2 reference,4.146593255388536,678254,998,TRUE,1000,89,0.008151374399381739
KI,Kidney,heat_humidity,tmax_5c,Tmax per 5 C,Tmax,Q2 reference,4.146593255388536,678254,998,TRUE,1000,113,0.009064078278239962
KI,Kidney,heat_humidity,tmax_5c,Tmax per 5 C,Tmax,Q2 reference,4.146593255388536,678254,998,TRUE,1000,139,0.009977773553460967
KI,Kidney,heat_humidity,tmax_5c,Tmax per 5 C,Tmax,Q2 reference,4.146593255388536,678254,998,TRUE,1000,157,0.01089119316357312
KI,Kidney,heat_humidity,tmax_5c,Tmax per 5 C,Tmax,Q2 reference,4.146593255388536,678254,998,TRUE,1000,160,0.01180400953593197
KI,Kidney,heat_humidity,tmax_5c,Tmax per 5 C,Tmax,Q2 reference,4.146593255388536,678254,998,TRUE,1000,173,0.012720919408536147
KI,Kidney,heat_humidity,tmax_5c,Tmax per 5 C,Tmax,Q2 reference,4.146593255388536,678254,998,TRUE,1000,175,0.014554267471085236
KI,Kidney,heat_humidity,tmax_5c,Tmax per 5 C,Tmax,Q2 reference,4.146593255388536,678254,998,TRUE,1000,186,0.015472911622476881
KI,Kidney,heat_humidity,tmax_5c,Tmax per 5 C,Tmax,Q2 reference,4.146593255388536,678254,998,TRUE,1000,198,0.016394950022840304
KI,Kidney,heat_humidity,tmax_5c,Tmax per 5 C,Tmax,Q2 reference,4.146593255388536,678254,998,TRUE,1000,203,0.017316867498124555
KI,Kidney,heat_humidity,tmax_5c,Tmax per 5 C,Tmax,Q2 reference,4.146593255388536,678254,998,TRUE,1000,210,0.018239963405599302
KI,Kidney,heat_humidity,tmax_5c,Tmax per 5 C,Tmax,Q2 reference,4.146593255388536,678254,998,TRUE,1000,237,0.019163273516505597
KI,Kidney,heat_humidity,tmax_5c,Tmax per 5 C,Tmax,Q2 reference,4.146593255388536,678254,998,TRUE,1000,266,0.020092091432474257
KI,Kidney,heat_humidity,tmax_5c,Tmax per 5 C,Tmax,Q2 reference,4.146593255388536,678254,998,TRUE,1000,290,0.021026162765923506
KI,Kidney,heat_humidity,tmax_5c,Tmax per 5 C,Tmax,Q2 reference,4.146593255388536,678254,998,TRUE,1000,299,0.02195991116684004
KI,Kidney,heat_humidity,tmax_5c,Tmax per 5 C,Tmax,Q2 reference,4.146593255388536,678254,998,TRUE,1000,302,0.02289403558574954
KI,Kidney,heat_humidity,tmax_5c,Tmax per 5 C,Tmax,Q2 reference,4.146593255388536,678254,998,TRUE,1000,321,0.023829668990548614
KI,Kidney,heat_humidity,tmax_5c,Tmax per 5 C,Tmax,Q2 reference,4.146593255388536,678254,998,TRUE,1000,333,0.02476652232292842
KI,Kidney,heat_humidity,tmax_5c,Tmax per 5 C,Tmax,Q2 reference,4.146593255388536,678254,998,TRUE,1000,334,0.025703650623677854
KI,Kidney,heat_humidity,tmax_5c,Tmax per 5 C,Tmax,Q2 reference,4.146593255388536,678254,998,TRUE,1000,374,0.02664518701614893
KI,Kidney,heat_humidity,tmax_5c,Tmax per 5 C,Tmax,Q2 reference,4.146593255388536,678254,998,TRUE,1000,388,0.027586681724566686
KI,Kidney,heat_humidity,tmax_5c,Tmax per 5 C,Tmax,Q2 reference,4.146593255388536,678254,998,TRUE,1000,392,0.028531825036125724
KI,Kidney,heat_humidity,tmax_5c,Tmax per 5 C,Tmax,Q2 reference,4.146593255388536,678254,998,TRUE,1000,444,0.029481622651429396
KI,Kidney,heat_humidity,tmax_5c,Tmax per 5 C,Tmax,Q2 reference,4.146593255388536,678254,998,TRUE,1000,445,0.030434325273187568
KI,Kidney,heat_humidity,tmax_5c,Tmax per 5 C,Tmax,Q2 reference,4.146593255388536,678254,998,TRUE,1000,454,0.03138742305934794
KI,Kidney,heat_humidity,tmax_5c,Tmax per 5 C,Tmax,Q2 reference,4.146593255388536,678254,998,TRUE,1000,462,0.03234025406566754
KI,Kidney,heat_humidity,tmax_5c,Tmax per 5 C,Tmax,Q2 reference,4.146593255388536,678254,998,TRUE,1000,494,0.033296365069867107
KI,Kidney,heat_humidity,tmax_5c,Tmax per 5 C,Tmax,Q2 reference,4.146593255388536,678254,998,TRUE,1000,517,0.034256150141986685
KI,Kidney,heat_humidity,tmax_5c,Tmax per 5 C,Tmax,Q2 reference,4.146593255388536,678254,998,TRUE,1000,523,0.03521704982907414
KI,Kidney,heat_humidity,tmax_5c,Tmax per 5 C,Tmax,Q2 reference,4.146593255388536,678254,998,TRUE,1000,524,0.036179215519762
KI,Kidney,heat_humidity,tmax_5c,Tmax per 5 C,Tmax,Q2 reference,4.146593255388536,678254,998,TRUE,1000,611,0.037151301717774365
KI,Kidney,heat_humidity,tmax_5c,Tmax per 5 C,Tmax,Q2 reference,4.146593255388536,678254,998,TRUE,1000,614,0.038124916115501506
KI,Kidney,heat_humidity,tmax_5c,Tmax per 5 C,Tmax,Q2 reference,4.146593255388536,678254,998,TRUE,1000,620,0.039100726783408146
KI,Kidney,heat_humidity,tmax_5c,Tmax per 5 C,Tmax,Q2 reference,4.146593255388536,678254,998,TRUE,1000,630,0.04007762840986062
KI,Kidney,heat_humidity,tmax_5c,Tmax per 5 C,Tmax,Q2 reference,4.146593255388536,678254,998,TRUE,1000,634,0.0410545769857068
KI,Kidney,heat_humidity,tmax_5c,Tmax per 5 C,Tmax,Q2 reference,4.146593255388536,678254,998,TRUE,1000,706,0.04203703162089634
KI,Kidney,heat_humidity,tmax_5c,Tmax per 5 C,Tmax,Q2 reference,4.146593255388536,678254,998,TRUE,1000,728,0.04302350260035004
KI,Kidney,heat_humidity,tmax_5c,Tmax per 5 C,Tmax,Q2 reference,4.146593255388536,678254,998,TRUE,1000,737,0.044011011722154825
KI,Kidney,heat_humidity,tmax_5c,Tmax per 5 C,Tmax,Q2 reference,4.146593255388536,678254,998,TRUE,1000,741,0.045003194735531715
KI,Kidney,heat_humidity,tmax_5c,Tmax per 5 C,Tmax,Q2 reference,4.146593255388536,678254,998,TRUE,1000,747,0.04599594861185452
KI,Kidney,heat_humidity,tmax_5c,Tmax per 5 C,Tmax,Q2 reference,4.146593255388536,678254,998,TRUE,1000,792,0.046991014841064604
KI,Kidney,heat_humidity,tmax_5c,Tmax per 5 C,Tmax,Q2 reference,4.146593255388536,678254,998,TRUE,1000,842,0.04799186072062944
KI,Kidney,heat_humidity,tmax_5c,Tmax per 5 C,Tmax,Q2 reference,4.146593255388536,678254,998,TRUE,1000,853,0.04899254584878232
KI,Kidney,heat_humidity,tmax_5c,Tmax per 5 C,Tmax,Q2 reference,4.146593255388536,678254,998,TRUE,1000,878,0.0499970893532804
KI,Kidney,heat_humidity,tmax_5c,Tmax per 5 C,Tmax,Q2 reference,4.146593255388536,678254,998,TRUE,1000,879,0.052005259026650874
KI,Kidney,heat_humidity,tmax_5c,Tmax per 5 C,Tmax,Q2 reference,4.146593255388536,678254,998,TRUE,1000,883,0.05301432594692723
KI,Kidney,heat_humidity,tmax_5c,Tmax per 5 C,Tmax,Q2 reference,4.146593255388536,678254,998,TRUE,1000,887,0.05402419819613513
KI,Kidney,heat_humidity,tmax_5c,Tmax per 5 C,Tmax,Q2 reference,4.146593255388536,678254,998,TRUE,1000,906,0.05503423238749883
KI,Kidney,heat_humidity,tmax_5c,Tmax per 5 C,Tmax,Q2 reference,4.146593255388536,678254,998,TRUE,1000,931,0.05604842729605419
KI,Kidney,heat_humidity,tmax_5c,Tmax per 5 C,Tmax,Q2 reference,4.146593255388536,678254,998,TRUE,1000,934,0.057063022193580726
KI,Kidney,heat_humidity,tmax_5c,Tmax per 5 C,Tmax,Q2 reference,4.146593255388536,678254,998,TRUE,1000,949,0.05807979759948789
KI,Kidney,heat_humidity,tmax_5c,Tmax per 5 C,Tmax,Q2 reference,4.146593255388536,678254,998,TRUE,1000,951,0.05909651472190047
KI,Kidney,heat_humidity,tmax_5c,Tmax per 5 C,Tmax,Q2 reference,4.146593255388536,678254,998,TRUE,1000,953,0.060114660855762336
KI,Kidney,heat_humidity,tmax_5c,Tmax per 5 C,Tmax,Q2 reference,4.146593255388536,678254,998,TRUE,1000,976,0.06113355844536439
KI,Kidney,heat_humidity,tmax_5c,Tmax per 5 C,Tmax,Q2 reference,4.146593255388536,678254,998,TRUE,1000,997,0.06215704465790739
KI,Kidney,heat_humidity,tmax_5c,Tmax per 5 C,Tmax,Q2 reference,4.146593255388536,678254,998,TRUE,1000,1013,0.06420549547142584
KI,Kidney,heat_humidity,tmax_5c,Tmax per 5 C,Tmax,Q2 reference,4.146593255388536,678254,998,TRUE,1000,1023,0.06523020290619552
KI,Kidney,heat_humidity,tmax_5c,Tmax per 5 C,Tmax,Q2 reference,4.146593255388536,678254,998,TRUE,1000,1025,0.06625764720867955
KI,Kidney,heat_humidity,tmax_5c,Tmax per 5 C,Tmax,Q2 reference,4.146593255388536,678254,998,TRUE,1000,1029,0.06728688421090145
KI,Kidney,heat_humidity,tmax_5c,Tmax per 5 C,Tmax,Q2 reference,4.146593255388536,678254,998,TRUE,1000,1050,0.06832009036002129
KI,Kidney,heat_humidity,tmax_5c,Tmax per 5 C,Tmax,Q2 reference,4.146593255388536,678254,998,TRUE,1000,1056,0.06935510379994148
KI,Kidney,heat_humidity,tmax_5c,Tmax per 5 C,Tmax,Q2 reference,4.146593255388536,678254,998,TRUE,1000,1092,0.07039890708432595
KI,Kidney,heat_humidity,tmax_5c,Tmax per 5 C,Tmax,Q2 reference,4.146593255388536,678254,998,TRUE,1000,1096,0.07144382186666376
KI,Kidney,heat_humidity,tmax_5c,Tmax per 5 C,Tmax,Q2 reference,4.146593255388536,678254,998,TRUE,1000,1115,0.072490303280624
KI,Kidney,heat_humidity,tmax_5c,Tmax per 5 C,Tmax,Q2 reference,4.146593255388536,678254,998,TRUE,1000,1124,0.07353683935798627
KI,Kidney,heat_humidity,tmax_5c,Tmax per 5 C,Tmax,Q2 reference,4.146593255388536,678254,998,TRUE,1000,1134,0.07458314055248672
KI,Kidney,heat_humidity,tmax_5c,Tmax per 5 C,Tmax,Q2 reference,4.146593255388536,678254,998,TRUE,1000,1165,0.07563074082096277
KI,Kidney,heat_humidity,tmax_5c,Tmax per 5 C,Tmax,Q2 reference,4.146593255388536,678254,998,TRUE,1000,1170,0.07668713288555062
KI,Kidney,heat_humidity,tmax_5c,Tmax per 5 C,Tmax,Q2 reference,4.146593255388536,678254,998,TRUE,1000,1197,0.07775120803684221
KI,Kidney,heat_humidity,tmax_5c,Tmax per 5 C,Tmax,Q2 reference,4.146593255388536,678254,998,TRUE,1000,1199,0.07881934925089318
KI,Kidney,heat_humidity,tmax_5c,Tmax per 5 C,Tmax,Q2 reference,4.146593255388536,678254,998,TRUE,1000,1320,0.07990224538018964
KI,Kidney,heat_humidity,tmax_5c,Tmax per 5 C,Tmax,Q2 reference,4.146593255388536,678254,998,TRUE,1000,1359,0.08099043418800822
KI,Kidney,heat_humidity,tmax_5c,Tmax per 5 C,Tmax,Q2 reference,4.146593255388536,678254,998,TRUE,1000,1374,0.08207915229063589
KI,Kidney,heat_humidity,tmax_5c,Tmax per 5 C,Tmax,Q2 reference,4.146593255388536,678254,998,TRUE,1000,1398,0.08317080426519763
KI,Kidney,heat_humidity,tmax_5c,Tmax per 5 C,Tmax,Q2 reference,4.146593255388536,678254,998,TRUE,1000,1407,0.08426274445940263
KI,Kidney,heat_humidity,tmax_5c,Tmax per 5 C,Tmax,Q2 reference,4.146593255388536,678254,998,TRUE,1000,1414,0.08644812340107122
KI,Kidney,heat_humidity,tmax_5c,Tmax per 5 C,Tmax,Q2 reference,4.146593255388536,678254,998,TRUE,1000,1418,0.08754063959270941
KI,Kidney,heat_humidity,tmax_5c,Tmax per 5 C,Tmax,Q2 reference,4.146593255388536,678254,998,TRUE,1000,1419,0.08863695266877936
KI,Kidney,heat_humidity,tmax_5c,Tmax per 5 C,Tmax,Q2 reference,4.146593255388536,678254,998,TRUE,1000,1422,0.0897357592133955
KI,Kidney,heat_humidity,tmax_5c,Tmax per 5 C,Tmax,Q2 reference,4.146593255388536,678254,998,TRUE,1000,1444,0.09193210338736091
KI,Kidney,heat_humidity,tmax_5c,Tmax per 5 C,Tmax,Q2 reference,4.146593255388536,678254,998,TRUE,1000,1461,0.09303600128878042
KI,Kidney,heat_humidity,tmax_5c,Tmax per 5 C,Tmax,Q2 reference,4.146593255388536,678254,998,TRUE,1000,1504,0.09528297999345858
KI,Kidney,heat_humidity,tmax_5c,Tmax per 5 C,Tmax,Q2 reference,4.146593255388536,678254,998,TRUE,1000,1524,0.09641495144538292
KI,Kidney,heat_humidity,tmax_5c,Tmax per 5 C,Tmax,Q2 reference,4.146593255388536,678254,998,TRUE,1000,1526,0.09754754062959159
KI,Kidney,heat_humidity,tmax_5c,Tmax per 5 C,Tmax,Q2 reference,4.146593255388536,678254,998,TRUE,1000,1539,0.09868094037765407
KI,Kidney,heat_humidity,tmax_5c,Tmax per 5 C,Tmax,Q2 reference,4.146593255388536,678254,998,TRUE,1000,1543,0.09981502822278698
KI,Kidney,heat_humidity,tmax_5c,Tmax per 5 C,Tmax,Q2 reference,4.146593255388536,678254,998,TRUE,1000,1556,0.10094868165940774
KI,Kidney,heat_humidity,tmax_5c,Tmax per 5 C,Tmax,Q2 reference,4.146593255388536,678254,998,TRUE,1000,1562,0.10208551374508279
KI,Kidney,heat_humidity,tmax_5c,Tmax per 5 C,Tmax,Q2 reference,4.146593255388536,678254,998,TRUE,1000,1567,0.10322944984737592
KI,Kidney,heat_humidity,tmax_5c,Tmax per 5 C,Tmax,Q2 reference,4.146593255388536,678254,998,TRUE,1000,1577,0.10437394365364594
KI,Kidney,heat_humidity,tmax_5c,Tmax per 5 C,Tmax,Q2 reference,4.146593255388536,678254,998,TRUE,1000,1592,0.1055198723520927
KI,Kidney,heat_humidity,tmax_5c,Tmax per 5 C,Tmax,Q2 reference,4.146593255388536,678254,998,TRUE,1000,1605,0.10667264091255513
KI,Kidney,heat_humidity,tmax_5c,Tmax per 5 C,Tmax,Q2 reference,4.146593255388536,678254,998,TRUE,1000,1606,0.10783006745107326
KI,Kidney,heat_humidity,tmax_5c,Tmax per 5 C,Tmax,Q2 reference,4.146593255388536,678254,998,TRUE,1000,1610,0.10899105472001458
KI,Kidney,heat_humidity,tmax_5c,Tmax per 5 C,Tmax,Q2 reference,4.146593255388536,678254,998,TRUE,1000,1616,0.11015767727935943
KI,Kidney,heat_humidity,tmax_5c,Tmax per 5 C,Tmax,Q2 reference,4.146593255388536,678254,998,TRUE,1000,1628,0.11132408537138594
KI,Kidney,heat_humidity,tmax_5c,Tmax per 5 C,Tmax,Q2 reference,4.146593255388536,678254,998,TRUE,1000,1657,0.11250028203520646
KI,Kidney,heat_humidity,tmax_5c,Tmax per 5 C,Tmax,Q2 reference,4.146593255388536,678254,998,TRUE,1000,1666,0.11367737452071291
KI,Kidney,heat_humidity,tmax_5c,Tmax per 5 C,Tmax,Q2 reference,4.146593255388536,678254,998,TRUE,1000,1688,0.11486489516364207
KI,Kidney,heat_humidity,tmax_5c,Tmax per 5 C,Tmax,Q2 reference,4.146593255388536,678254,998,TRUE,1000,1699,0.11605894706180753
KI,Kidney,heat_humidity,tmax_5c,Tmax per 5 C,Tmax,Q2 reference,4.146593255388536,678254,998,TRUE,1000,1716,0.11725407306014901
KI,Kidney,heat_humidity,tmax_5c,Tmax per 5 C,Tmax,Q2 reference,4.146593255388536,678254,998,TRUE,1000,1747,0.11845362974719964
KI,Kidney,heat_humidity,tmax_5c,Tmax per 5 C,Tmax,Q2 reference,4.146593255388536,678254,998,TRUE,1000,1777,0.11965338201672349
KI,Kidney,heat_humidity,tmax_5c,Tmax per 5 C,Tmax,Q2 reference,4.146593255388536,678254,998,TRUE,1000,1812,0.12086876281754488
KI,Kidney,heat_humidity,tmax_5c,Tmax per 5 C,Tmax,Q2 reference,4.146593255388536,678254,998,TRUE,1000,1896,0.12209746671444732
KI,Kidney,heat_humidity,tmax_5c,Tmax per 5 C,Tmax,Q2 reference,4.146593255388536,678254,998,TRUE,1000,1905,0.12332610669251243
KI,Kidney,heat_humidity,tmax_5c,Tmax per 5 C,Tmax,Q2 reference,4.146593255388536,678254,998,TRUE,1000,1923,0.12455828902123045
KI,Kidney,heat_humidity,tmax_5c,Tmax per 5 C,Tmax,Q2 reference,4.146593255388536,678254,998,TRUE,1000,1937,0.12579259622277417
KI,Kidney,heat_humidity,tmax_5c,Tmax per 5 C,Tmax,Q2 reference,4.146593255388536,678254,998,TRUE,1000,1945,0.127032427874735
KI,Kidney,heat_humidity,tmax_5c,Tmax per 5 C,Tmax,Q2 reference,4.146593255388536,678254,998,TRUE,1000,1961,0.12828434313859627
KI,Kidney,heat_humidity,tmax_5c,Tmax per 5 C,Tmax,Q2 reference,4.146593255388536,678254,998,TRUE,1000,2014,0.12954787928390266
KI,Kidney,heat_humidity,tmax_5c,Tmax per 5 C,Tmax,Q2 reference,4.146593255388536,678254,998,TRUE,1000,2040,0.13082127943638922
KI,Kidney,heat_humidity,tmax_5c,Tmax per 5 C,Tmax,Q2 reference,4.146593255388536,678254,998,TRUE,1000,2042,0.13209437850971073
KI,Kidney,heat_humidity,tmax_5c,Tmax per 5 C,Tmax,Q2 reference,4.146593255388536,678254,998,TRUE,1000,2122,0.13339990429133397
KI,Kidney,heat_humidity,tmax_5c,Tmax per 5 C,Tmax,Q2 reference,4.146593255388536,678254,998,TRUE,1000,2150,0.13470532328497897
KI,Kidney,heat_humidity,tmax_5c,Tmax per 5 C,Tmax,Q2 reference,4.146593255388536,678254,998,TRUE,1000,2166,0.13601198006334525
KI,Kidney,heat_humidity,tmax_5c,Tmax per 5 C,Tmax,Q2 reference,4.146593255388536,678254,998,TRUE,1000,2176,0.13731815714073758
KI,Kidney,heat_humidity,tmax_5c,Tmax per 5 C,Tmax,Q2 reference,4.146593255388536,678254,998,TRUE,1000,2233,0.13864585349787217
KI,Kidney,heat_humidity,tmax_5c,Tmax per 5 C,Tmax,Q2 reference,4.146593255388536,678254,998,TRUE,1000,2259,0.13997404658859713
KI,Kidney,heat_humidity,tmax_5c,Tmax per 5 C,Tmax,Q2 reference,4.146593255388536,678254,998,TRUE,1000,2260,0.1413062027587958
KI,Kidney,heat_humidity,tmax_5c,Tmax per 5 C,Tmax,Q2 reference,4.146593255388536,678254,998,TRUE,1000,2273,0.14264652378206533
KI,Kidney,heat_humidity,tmax_5c,Tmax per 5 C,Tmax,Q2 reference,4.146593255388536,678254,998,TRUE,1000,2275,0.1439887224622537
KI,Kidney,heat_humidity,tmax_5c,Tmax per 5 C,Tmax,Q2 reference,4.146593255388536,678254,998,TRUE,1000,2308,0.14533272236065564
KI,Kidney,heat_humidity,tmax_5c,Tmax per 5 C,Tmax,Q2 reference,4.146593255388536,678254,998,TRUE,1000,2345,0.14669745375227816
KI,Kidney,heat_humidity,tmax_5c,Tmax per 5 C,Tmax,Q2 reference,4.146593255388536,678254,998,TRUE,1000,2368,0.1480827348702659
KI,Kidney,heat_humidity,tmax_5c,Tmax per 5 C,Tmax,Q2 reference,4.146593255388536,678254,998,TRUE,1000,2407,0.1494696419258723
KI,Kidney,heat_humidity,tmax_5c,Tmax per 5 C,Tmax,Q2 reference,4.146593255388536,678254,998,TRUE,1000,2443,0.15085681589613165
KI,Kidney,heat_humidity,tmax_5c,Tmax per 5 C,Tmax,Q2 reference,4.146593255388536,678254,998,TRUE,1000,2461,0.1522450022402012
KI,Kidney,heat_humidity,tmax_5c,Tmax per 5 C,Tmax,Q2 reference,4.146593255388536,678254,998,TRUE,1000,2465,0.1536331162840595
KI,Kidney,heat_humidity,tmax_5c,Tmax per 5 C,Tmax,Q2 reference,4.146593255388536,678254,998,TRUE,1000,2473,0.15502239805344675
KI,Kidney,heat_humidity,tmax_5c,Tmax per 5 C,Tmax,Q2 reference,4.146593255388536,678254,998,TRUE,1000,2500,0.15643422251602346
KI,Kidney,heat_humidity,tmax_5c,Tmax per 5 C,Tmax,Q2 reference,4.146593255388536,678254,998,TRUE,1000,2533,0.1578668860388821
KI,Kidney,heat_humidity,tmax_5c,Tmax per 5 C,Tmax,Q2 reference,4.146593255388536,678254,998,TRUE,1000,2595,0.15930252471852502
KI,Kidney,heat_humidity,tmax_5c,Tmax per 5 C,Tmax,Q2 reference,4.146593255388536,678254,998,TRUE,1000,2598,0.1607413432006085
KI,Kidney,heat_humidity,tmax_5c,Tmax per 5 C,Tmax,Q2 reference,4.146593255388536,678254,998,TRUE,1000,2613,0.16219832780656163
KI,Kidney,heat_humidity,tmax_5c,Tmax per 5 C,Tmax,Q2 reference,4.146593255388536,678254,998,TRUE,1000,2627,0.1636737147665943
KI,Kidney,heat_humidity,tmax_5c,Tmax per 5 C,Tmax,Q2 reference,4.146593255388536,678254,998,TRUE,1000,2672,0.1651504916919968
KI,Kidney,heat_humidity,tmax_5c,Tmax per 5 C,Tmax,Q2 reference,4.146593255388536,678254,998,TRUE,1000,2719,0.16663158169279735
KI,Kidney,heat_humidity,tmax_5c,Tmax per 5 C,Tmax,Q2 reference,4.146593255388536,678254,998,TRUE,1000,2788,0.1681693589294695
KI,Kidney,heat_humidity,tmax_5c,Tmax per 5 C,Tmax,Q2 reference,4.146593255388536,678254,998,TRUE,1000,2801,0.16970532395963323
KI,Kidney,heat_humidity,tmax_5c,Tmax per 5 C,Tmax,Q2 reference,4.146593255388536,678254,998,TRUE,1000,2816,0.1712415616032219
KI,Kidney,heat_humidity,tmax_5c,Tmax per 5 C,Tmax,Q2 reference,4.146593255388536,678254,998,TRUE,1000,2863,0.17280162869202897
KI,Kidney,heat_humidity,tmax_5c,Tmax per 5 C,Tmax,Q2 reference,4.146593255388536,678254,998,TRUE,1000,2914,0.17440902839728134
KI,Kidney,heat_humidity,tmax_5c,Tmax per 5 C,Tmax,Q2 reference,4.146593255388536,678254,998,TRUE,1000,2948,0.17601944831744898
KI,Kidney,heat_humidity,tmax_5c,Tmax per 5 C,Tmax,Q2 reference,4.146593255388536,678254,998,TRUE,1000,3010,0.17763003585904236
KI,Kidney,heat_humidity,tmax_5c,Tmax per 5 C,Tmax,Q2 reference,4.146593255388536,678254,998,TRUE,1000,3047,0.17924694852073308
KI,Kidney,heat_humidity,tmax_5c,Tmax per 5 C,Tmax,Q2 reference,4.146593255388536,678254,998,TRUE,1000,3217,0.18089510757997462
KI,Kidney,heat_humidity,tmax_5c,Tmax per 5 C,Tmax,Q2 reference,4.146593255388536,678254,998,TRUE,1000,3294,0.18257919774072096
KI,Kidney,heat_humidity,tmax_5c,Tmax per 5 C,Tmax,Q2 reference,4.146593255388536,678254,998,TRUE,1000,3395,0.18426204108184552
KI,Kidney,heat_humidity,tmax_5c,Tmax per 5 C,Tmax,Q2 reference,4.146593255388536,678254,998,TRUE,1000,3448,0.18604320498833715
KI,Kidney,heat_humidity,tmax_5c,Tmax per 5 C,Tmax,Q2 reference,4.146593255388536,678254,998,TRUE,1000,3451,0.18782747316823456
KI,Kidney,heat_humidity,tmax_5c,Tmax per 5 C,Tmax,Q2 reference,4.146593255388536,678254,998,TRUE,1000,3551,0.1896109423312461
KI,Kidney,heat_humidity,tmax_5c,Tmax per 5 C,Tmax,Q2 reference,4.146593255388536,678254,998,TRUE,1000,3576,0.19139975426231592
KI,Kidney,heat_humidity,tmax_5c,Tmax per 5 C,Tmax,Q2 reference,4.146593255388536,678254,998,TRUE,1000,3594,0.19319596650476545
KI,Kidney,heat_humidity,tmax_5c,Tmax per 5 C,Tmax,Q2 reference,4.146593255388536,678254,998,TRUE,1000,3614,0.19499755438132227
KI,Kidney,heat_humidity,tmax_5c,Tmax per 5 C,Tmax,Q2 reference,4.146593255388536,678254,998,TRUE,1000,4058,0.1972047165546943
KI,Kidney,heat_humidity,tmax_5c,Tmax per 5 C,Tmax,Q2 reference,4.146593255388536,678254,998,TRUE,1000,4422,0.20001502246702718
KI,Kidney,heat_humidity,tmax_5c,Tmax per 5 C,Tmax,Q2 reference,4.146593255388536,678254,998,TRUE,1000,5050,0.20360728555727114
KI,Kidney,heat_humidity,tmax_5c,Tmax per 5 C,Tmax,Q4 reference,5.028686645783463,678254,998,TRUE,1000,12,9.450429805433203e-4
KI,Kidney,heat_humidity,tmax_5c,Tmax per 5 C,Tmax,Q4 reference,5.028686645783463,678254,998,TRUE,1000,15,0.0018895645212770873
KI,Kidney,heat_humidity,tmax_5c,Tmax per 5 C,Tmax,Q4 reference,5.028686645783463,678254,998,TRUE,1000,23,0.0028343204523566534
KI,Kidney,heat_humidity,tmax_5c,Tmax per 5 C,Tmax,Q4 reference,5.028686645783463,678254,998,TRUE,1000,33,0.0037803054348859444
KI,Kidney,heat_humidity,tmax_5c,Tmax per 5 C,Tmax,Q4 reference,5.028686645783463,678254,998,TRUE,1000,67,0.004729586517333573
KI,Kidney,heat_humidity,tmax_5c,Tmax per 5 C,Tmax,Q4 reference,5.028686645783463,678254,998,TRUE,1000,78,0.005678716073224677
KI,Kidney,heat_humidity,tmax_5c,Tmax per 5 C,Tmax,Q4 reference,5.028686645783463,678254,998,TRUE,1000,84,0.006630466290093673
KI,Kidney,heat_humidity,tmax_5c,Tmax per 5 C,Tmax,Q4 reference,5.028686645783463,678254,998,TRUE,1000,88,0.007582062174054327
KI,Kidney,heat_humidity,tmax_5c,Tmax per 5 C,Tmax,Q4 reference,5.028686645783463,678254,998,TRUE,1000,89,0.008534196572223762
KI,Kidney,heat_humidity,tmax_5c,Tmax per 5 C,Tmax,Q4 reference,5.028686645783463,678254,998,TRUE,1000,113,0.00948955936704865
KI,Kidney,heat_humidity,tmax_5c,Tmax per 5 C,Tmax,Q4 reference,5.028686645783463,678254,998,TRUE,1000,139,0.010445918325235226
KI,Kidney,heat_humidity,tmax_5c,Tmax per 5 C,Tmax,Q4 reference,5.028686645783463,678254,998,TRUE,1000,157,0.011401947136314594
KI,Kidney,heat_humidity,tmax_5c,Tmax per 5 C,Tmax,Q4 reference,5.028686645783463,678254,998,TRUE,1000,160,0.012357302970505746
KI,Kidney,heat_humidity,tmax_5c,Tmax per 5 C,Tmax,Q4 reference,5.028686645783463,678254,998,TRUE,1000,173,0.013316901169384554
KI,Kidney,heat_humidity,tmax_5c,Tmax per 5 C,Tmax,Q4 reference,5.028686645783463,678254,998,TRUE,1000,175,0.015235477840919831
KI,Kidney,heat_humidity,tmax_5c,Tmax per 5 C,Tmax,Q4 reference,5.028686645783463,678254,998,TRUE,1000,186,0.01619676459182995
KI,Kidney,heat_humidity,tmax_5c,Tmax per 5 C,Tmax,Q4 reference,5.028686645783463,678254,998,TRUE,1000,198,0.017161560609764037
KI,Kidney,heat_humidity,tmax_5c,Tmax per 5 C,Tmax,Q4 reference,5.028686645783463,678254,998,TRUE,1000,203,0.018126187447099373
KI,Kidney,heat_humidity,tmax_5c,Tmax per 5 C,Tmax,Q4 reference,5.028686645783463,678254,998,TRUE,1000,210,0.019092004544372987
KI,Kidney,heat_humidity,tmax_5c,Tmax per 5 C,Tmax,Q4 reference,5.028686645783463,678254,998,TRUE,1000,237,0.020058002912852424
KI,Kidney,heat_humidity,tmax_5c,Tmax per 5 C,Tmax,Q4 reference,5.028686645783463,678254,998,TRUE,1000,266,0.02102972046024043
KI,Kidney,heat_humidity,tmax_5c,Tmax per 5 C,Tmax,Q4 reference,5.028686645783463,678254,998,TRUE,1000,290,0.02200689025572533
KI,Kidney,heat_humidity,tmax_5c,Tmax per 5 C,Tmax,Q4 reference,5.028686645783463,678254,998,TRUE,1000,299,0.02298367826704295
KI,Kidney,heat_humidity,tmax_5c,Tmax per 5 C,Tmax,Q4 reference,5.028686645783463,678254,998,TRUE,1000,302,0.023960815617947606
KI,Kidney,heat_humidity,tmax_5c,Tmax per 5 C,Tmax,Q4 reference,5.028686645783463,678254,998,TRUE,1000,321,0.024939487271759098
KI,Kidney,heat_humidity,tmax_5c,Tmax per 5 C,Tmax,Q4 reference,5.028686645783463,678254,998,TRUE,1000,333,0.025919390639957074
KI,Kidney,heat_humidity,tmax_5c,Tmax per 5 C,Tmax,Q4 reference,5.028686645783463,678254,998,TRUE,1000,334,0.02689953719407656
KI,Kidney,heat_humidity,tmax_5c,Tmax per 5 C,Tmax,Q4 reference,5.028686645783463,678254,998,TRUE,1000,374,0.027884249411207818
KI,Kidney,heat_humidity,tmax_5c,Tmax per 5 C,Tmax,Q4 reference,5.028686645783463,678254,998,TRUE,1000,388,0.02886887311016184
KI,Kidney,heat_humidity,tmax_5c,Tmax per 5 C,Tmax,Q4 reference,5.028686645783463,678254,998,TRUE,1000,392,0.029857267326512282
KI,Kidney,heat_humidity,tmax_5c,Tmax per 5 C,Tmax,Q4 reference,5.028686645783463,678254,998,TRUE,1000,444,0.030850483143310625
KI,Kidney,heat_humidity,tmax_5c,Tmax per 5 C,Tmax,Q4 reference,5.028686645783463,678254,998,TRUE,1000,445,0.031846690708107306
KI,Kidney,heat_humidity,tmax_5c,Tmax per 5 C,Tmax,Q4 reference,5.028686645783463,678254,998,TRUE,1000,454,0.03284326528486525
KI,Kidney,heat_humidity,tmax_5c,Tmax per 5 C,Tmax,Q4 reference,5.028686645783463,678254,998,TRUE,1000,462,0.033839514681269556
KI,Kidney,heat_humidity,tmax_5c,Tmax per 5 C,Tmax,Q4 reference,5.028686645783463,678254,998,TRUE,1000,494,0.034839147030626405
KI,Kidney,heat_humidity,tmax_5c,Tmax per 5 C,Tmax,Q4 reference,5.028686645783463,678254,998,TRUE,1000,517,0.035842573788209875
KI,Kidney,heat_humidity,tmax_5c,Tmax per 5 C,Tmax,Q4 reference,5.028686645783463,678254,998,TRUE,1000,523,0.03684711872615842
KI,Kidney,heat_humidity,tmax_5c,Tmax per 5 C,Tmax,Q4 reference,5.028686645783463,678254,998,TRUE,1000,524,0.03785293988932792
KI,Kidney,heat_humidity,tmax_5c,Tmax per 5 C,Tmax,Q4 reference,5.028686645783463,678254,998,TRUE,1000,611,0.038869083580971076
KI,Kidney,heat_humidity,tmax_5c,Tmax per 5 C,Tmax,Q4 reference,5.028686645783463,678254,998,TRUE,1000,614,0.039886776234109966
KI,Kidney,heat_humidity,tmax_5c,Tmax per 5 C,Tmax,Q4 reference,5.028686645783463,678254,998,TRUE,1000,620,0.04090671583907002
KI,Kidney,heat_humidity,tmax_5c,Tmax per 5 C,Tmax,Q4 reference,5.028686645783463,678254,998,TRUE,1000,630,0.041927746805073496
KI,Kidney,heat_humidity,tmax_5c,Tmax per 5 C,Tmax,Q4 reference,5.028686645783463,678254,998,TRUE,1000,634,0.04294877782921891
KI,Kidney,heat_humidity,tmax_5c,Tmax per 5 C,Tmax,Q4 reference,5.028686645783463,678254,998,TRUE,1000,706,0.04397551388388887
KI,Kidney,heat_humidity,tmax_5c,Tmax per 5 C,Tmax,Q4 reference,5.028686645783463,678254,998,TRUE,1000,728,0.04500639733949019
KI,Kidney,heat_humidity,tmax_5c,Tmax per 5 C,Tmax,Q4 reference,5.028686645783463,678254,998,TRUE,1000,737,0.04603831547712267
KI,Kidney,heat_humidity,tmax_5c,Tmax per 5 C,Tmax,Q4 reference,5.028686645783463,678254,998,TRUE,1000,741,0.04707506706218112
KI,Kidney,heat_humidity,tmax_5c,Tmax per 5 C,Tmax,Q4 reference,5.028686645783463,678254,998,TRUE,1000,747,0.0481123643071113
KI,Kidney,heat_humidity,tmax_5c,Tmax per 5 C,Tmax,Q4 reference,5.028686645783463,678254,998,TRUE,1000,792,0.049152026567547136
KI,Kidney,heat_humidity,tmax_5c,Tmax per 5 C,Tmax,Q4 reference,5.028686645783463,678254,998,TRUE,1000,842,0.05019767585930812
KI,Kidney,heat_humidity,tmax_5c,Tmax per 5 C,Tmax,Q4 reference,5.028686645783463,678254,998,TRUE,1000,853,0.05124310536820775
KI,Kidney,heat_humidity,tmax_5c,Tmax per 5 C,Tmax,Q4 reference,5.028686645783463,678254,998,TRUE,1000,878,0.05229251359225928
KI,Kidney,heat_humidity,tmax_5c,Tmax per 5 C,Tmax,Q4 reference,5.028686645783463,678254,998,TRUE,1000,879,0.054390214791623204
KI,Kidney,heat_humidity,tmax_5c,Tmax per 5 C,Tmax,Q4 reference,5.028686645783463,678254,998,TRUE,1000,883,0.05544419050857474
KI,Kidney,heat_humidity,tmax_5c,Tmax per 5 C,Tmax,Q4 reference,5.028686645783463,678254,998,TRUE,1000,887,0.05649895436301411
KI,Kidney,heat_humidity,tmax_5c,Tmax per 5 C,Tmax,Q4 reference,5.028686645783463,678254,998,TRUE,1000,906,0.057553834237675905
KI,Kidney,heat_humidity,tmax_5c,Tmax per 5 C,Tmax,Q4 reference,5.028686645783463,678254,998,TRUE,1000,931,0.05861300605786157
KI,Kidney,heat_humidity,tmax_5c,Tmax per 5 C,Tmax,Q4 reference,5.028686645783463,678254,998,TRUE,1000,934,0.05967254190073745
KI,Kidney,heat_humidity,tmax_5c,Tmax per 5 C,Tmax,Q4 reference,5.028686645783463,678254,998,TRUE,1000,949,0.06073430089255294
KI,Kidney,heat_humidity,tmax_5c,Tmax per 5 C,Tmax,Q4 reference,5.028686645783463,678254,998,TRUE,1000,951,0.06179594496966234
KI,Kidney,heat_humidity,tmax_5c,Tmax per 5 C,Tmax,Q4 reference,5.028686645783463,678254,998,TRUE,1000,953,0.06285902698282209
KI,Kidney,heat_humidity,tmax_5c,Tmax per 5 C,Tmax,Q4 reference,5.028686645783463,678254,998,TRUE,1000,976,0.06392283924208575
KI,Kidney,heat_humidity,tmax_5c,Tmax per 5 C,Tmax,Q4 reference,5.028686645783463,678254,998,TRUE,1000,997,0.06499138757838485
KI,Kidney,heat_humidity,tmax_5c,Tmax per 5 C,Tmax,Q4 reference,5.028686645783463,678254,998,TRUE,1000,1013,0.0671298624736083
KI,Kidney,heat_humidity,tmax_5c,Tmax per 5 C,Tmax,Q4 reference,5.028686645783463,678254,998,TRUE,1000,1023,0.06819952031821586
KI,Kidney,heat_humidity,tmax_5c,Tmax per 5 C,Tmax,Q4 reference,5.028686645783463,678254,998,TRUE,1000,1025,0.0692719795616209
KI,Kidney,heat_humidity,tmax_5c,Tmax per 5 C,Tmax,Q4 reference,5.028686645783463,678254,998,TRUE,1000,1029,0.07034625424346341
KI,Kidney,heat_humidity,tmax_5c,Tmax per 5 C,Tmax,Q4 reference,5.028686645783463,678254,998,TRUE,1000,1050,0.07142461552012314
KI,Kidney,heat_humidity,tmax_5c,Tmax per 5 C,Tmax,Q4 reference,5.028686645783463,678254,998,TRUE,1000,1056,0.07250480652215574
KI,Kidney,heat_humidity,tmax_5c,Tmax per 5 C,Tmax,Q4 reference,5.028686645783463,678254,998,TRUE,1000,1092,0.07359411365436319
KI,Kidney,heat_humidity,tmax_5c,Tmax per 5 C,Tmax,Q4 reference,5.028686645783463,678254,998,TRUE,1000,1096,0.07468452295873185
KI,Kidney,heat_humidity,tmax_5c,Tmax per 5 C,Tmax,Q4 reference,5.028686645783463,678254,998,TRUE,1000,1115,0.07577650910056177
KI,Kidney,heat_humidity,tmax_5c,Tmax per 5 C,Tmax,Q4 reference,5.028686645783463,678254,998,TRUE,1000,1124,0.07686849416867592
KI,Kidney,heat_humidity,tmax_5c,Tmax per 5 C,Tmax,Q4 reference,5.028686645783463,678254,998,TRUE,1000,1134,0.07796017599487703
KI,Kidney,heat_humidity,tmax_5c,Tmax per 5 C,Tmax,Q4 reference,5.028686645783463,678254,998,TRUE,1000,1165,0.07905315491589182
KI,Kidney,heat_humidity,tmax_5c,Tmax per 5 C,Tmax,Q4 reference,5.028686645783463,678254,998,TRUE,1000,1170,0.08015524730514056
KI,Kidney,heat_humidity,tmax_5c,Tmax per 5 C,Tmax,Q4 reference,5.028686645783463,678254,998,TRUE,1000,1197,0.0812652950349193
KI,Kidney,heat_humidity,tmax_5c,Tmax per 5 C,Tmax,Q4 reference,5.028686645783463,678254,998,TRUE,1000,1199,0.08237952374555402
KI,Kidney,heat_humidity,tmax_5c,Tmax per 5 C,Tmax,Q4 reference,5.028686645783463,678254,998,TRUE,1000,1320,0.08350908180248762
KI,Kidney,heat_humidity,tmax_5c,Tmax per 5 C,Tmax,Q4 reference,5.028686645783463,678254,998,TRUE,1000,1359,0.08464409743707657
KI,Kidney,heat_humidity,tmax_5c,Tmax per 5 C,Tmax,Q4 reference,5.028686645783463,678254,998,TRUE,1000,1374,0.08577960170941323
KI,Kidney,heat_humidity,tmax_5c,Tmax per 5 C,Tmax,Q4 reference,5.028686645783463,678254,998,TRUE,1000,1398,0.08691810215501894
KI,Kidney,heat_humidity,tmax_5c,Tmax per 5 C,Tmax,Q4 reference,5.028686645783463,678254,998,TRUE,1000,1407,0.0880568392279446
KI,Kidney,heat_humidity,tmax_5c,Tmax per 5 C,Tmax,Q4 reference,5.028686645783463,678254,998,TRUE,1000,1414,0.09033568372984813
KI,Kidney,heat_humidity,tmax_5c,Tmax per 5 C,Tmax,Q4 reference,5.028686645783463,678254,998,TRUE,1000,1418,0.09147482893286751
KI,Kidney,heat_humidity,tmax_5c,Tmax per 5 C,Tmax,Q4 reference,5.028686645783463,678254,998,TRUE,1000,1419,0.09261786840752839
KI,Kidney,heat_humidity,tmax_5c,Tmax per 5 C,Tmax,Q4 reference,5.028686645783463,678254,998,TRUE,1000,1422,0.09376344255277191
KI,Kidney,heat_humidity,tmax_5c,Tmax per 5 C,Tmax,Q4 reference,5.028686645783463,678254,998,TRUE,1000,1444,0.09605307236787486
KI,Kidney,heat_humidity,tmax_5c,Tmax per 5 C,Tmax,Q4 reference,5.028686645783463,678254,998,TRUE,1000,1461,0.09720375769398537
KI,Kidney,heat_humidity,tmax_5c,Tmax per 5 C,Tmax,Q4 reference,5.028686645783463,678254,998,TRUE,1000,1504,0.09954576781686553
KI,Kidney,heat_humidity,tmax_5c,Tmax per 5 C,Tmax,Q4 reference,5.028686645783463,678254,998,TRUE,1000,1524,0.10072550983930706
KI,Kidney,heat_humidity,tmax_5c,Tmax per 5 C,Tmax,Q4 reference,5.028686645783463,678254,998,TRUE,1000,1526,0.10190582590013142
KI,Kidney,heat_humidity,tmax_5c,Tmax per 5 C,Tmax,Q4 reference,5.028686645783463,678254,998,TRUE,1000,1539,0.10308691674120896
KI,Kidney,heat_humidity,tmax_5c,Tmax per 5 C,Tmax,Q4 reference,5.028686645783463,678254,998,TRUE,1000,1543,0.10426865451994283
KI,Kidney,heat_humidity,tmax_5c,Tmax per 5 C,Tmax,Q4 reference,5.028686645783463,678254,998,TRUE,1000,1556,0.10544986945982116
KI,Kidney,heat_humidity,tmax_5c,Tmax per 5 C,Tmax,Q4 reference,5.028686645783463,678254,998,TRUE,1000,1562,0.10663432586150079
KI,Kidney,heat_humidity,tmax_5c,Tmax per 5 C,Tmax,Q4 reference,5.028686645783463,678254,998,TRUE,1000,1567,0.10782611248886687
KI,Kidney,heat_humidity,tmax_5c,Tmax per 5 C,Tmax,Q4 reference,5.028686645783463,678254,998,TRUE,1000,1577,0.10901840839380683
KI,Kidney,heat_humidity,tmax_5c,Tmax per 5 C,Tmax,Q4 reference,5.028686645783463,678254,998,TRUE,1000,1592,0.11021212712700079
KI,Kidney,heat_humidity,tmax_5c,Tmax per 5 C,Tmax,Q4 reference,5.028686645783463,678254,998,TRUE,1000,1605,0.11141289819781253
KI,Kidney,heat_humidity,tmax_5c,Tmax per 5 C,Tmax,Q4 reference,5.028686645783463,678254,998,TRUE,1000,1606,0.11261844768472329
KI,Kidney,heat_humidity,tmax_5c,Tmax per 5 C,Tmax,Q4 reference,5.028686645783463,678254,998,TRUE,1000,1610,0.11382763184331679
KI,Kidney,heat_humidity,tmax_5c,Tmax per 5 C,Tmax,Q4 reference,5.028686645783463,678254,998,TRUE,1000,1616,0.1150426103810428
KI,Kidney,heat_humidity,tmax_5c,Tmax per 5 C,Tmax,Q4 reference,5.028686645783463,678254,998,TRUE,1000,1628,0.11625729045470767
KI,Kidney,heat_humidity,tmax_5c,Tmax per 5 C,Tmax,Q4 reference,5.028686645783463,678254,998,TRUE,1000,1657,0.11748208805808813
KI,Kidney,heat_humidity,tmax_5c,Tmax per 5 C,Tmax,Q4 reference,5.028686645783463,678254,998,TRUE,1000,1666,0.11870774185326682
KI,Kidney,heat_humidity,tmax_5c,Tmax per 5 C,Tmax,Q4 reference,5.028686645783463,678254,998,TRUE,1000,1688,0.1199441762273794
KI,Kidney,heat_humidity,tmax_5c,Tmax per 5 C,Tmax,Q4 reference,5.028686645783463,678254,998,TRUE,1000,1699,0.12118733199298559
KI,Kidney,heat_humidity,tmax_5c,Tmax per 5 C,Tmax,Q4 reference,5.028686645783463,678254,998,TRUE,1000,1716,0.12243152672007984
KI,Kidney,heat_humidity,tmax_5c,Tmax per 5 C,Tmax,Q4 reference,5.028686645783463,678254,998,TRUE,1000,1747,0.12368025415815354
KI,Kidney,heat_humidity,tmax_5c,Tmax per 5 C,Tmax,Q4 reference,5.028686645783463,678254,998,TRUE,1000,1777,0.12492910503456289
KI,Kidney,heat_humidity,tmax_5c,Tmax per 5 C,Tmax,Q4 reference,5.028686645783463,678254,998,TRUE,1000,1812,0.12619414217596803
KI,Kidney,heat_humidity,tmax_5c,Tmax per 5 C,Tmax,Q4 reference,5.028686645783463,678254,998,TRUE,1000,1896,0.12747296290304522
KI,Kidney,heat_humidity,tmax_5c,Tmax per 5 C,Tmax,Q4 reference,5.028686645783463,678254,998,TRUE,1000,1905,0.1287516326946866
KI,Kidney,heat_humidity,tmax_5c,Tmax per 5 C,Tmax,Q4 reference,5.028686645783463,678254,998,TRUE,1000,1923,0.1300339041943711
KI,Kidney,heat_humidity,tmax_5c,Tmax per 5 C,Tmax,Q4 reference,5.028686645783463,678254,998,TRUE,1000,1937,0.1313183016021937
KI,Kidney,heat_humidity,tmax_5c,Tmax per 5 C,Tmax,Q4 reference,5.028686645783463,678254,998,TRUE,1000,1945,0.13260836154563482
KI,Kidney,heat_humidity,tmax_5c,Tmax per 5 C,Tmax,Q4 reference,5.028686645783463,678254,998,TRUE,1000,1961,0.13391090695179797
KI,Kidney,heat_humidity,tmax_5c,Tmax per 5 C,Tmax,Q4 reference,5.028686645783463,678254,998,TRUE,1000,2014,0.1352254537520582
KI,Kidney,heat_humidity,tmax_5c,Tmax per 5 C,Tmax,Q4 reference,5.028686645783463,678254,998,TRUE,1000,2040,0.13655017172783213
KI,Kidney,heat_humidity,tmax_5c,Tmax per 5 C,Tmax,Q4 reference,5.028686645783463,678254,998,TRUE,1000,2042,0.13787448498725063
KI,Kidney,heat_humidity,tmax_5c,Tmax per 5 C,Tmax,Q4 reference,5.028686645783463,678254,998,TRUE,1000,2122,0.1392324342633563
KI,Kidney,heat_humidity,tmax_5c,Tmax per 5 C,Tmax,Q4 reference,5.028686645783463,678254,998,TRUE,1000,2150,0.14059017598940582
KI,Kidney,heat_humidity,tmax_5c,Tmax per 5 C,Tmax,Q4 reference,5.028686645783463,678254,998,TRUE,1000,2166,0.14194910836582975
KI,Kidney,heat_humidity,tmax_5c,Tmax per 5 C,Tmax,Q4 reference,5.028686645783463,678254,998,TRUE,1000,2176,0.14330744497171177
KI,Kidney,heat_humidity,tmax_5c,Tmax per 5 C,Tmax,Q4 reference,5.028686645783463,678254,998,TRUE,1000,2233,0.1446880607749258
KI,Kidney,heat_humidity,tmax_5c,Tmax per 5 C,Tmax,Q4 reference,5.028686645783463,678254,998,TRUE,1000,2259,0.1460690926844872
KI,Kidney,heat_humidity,tmax_5c,Tmax per 5 C,Tmax,Q4 reference,5.028686645783463,678254,998,TRUE,1000,2260,0.14745414429117987
KI,Kidney,heat_humidity,tmax_5c,Tmax per 5 C,Tmax,Q4 reference,5.028686645783463,678254,998,TRUE,1000,2273,0.14884758267241038
KI,Kidney,heat_humidity,tmax_5c,Tmax per 5 C,Tmax,Q4 reference,5.028686645783463,678254,998,TRUE,1000,2275,0.15024287016430937
KI,Kidney,heat_humidity,tmax_5c,Tmax per 5 C,Tmax,Q4 reference,5.028686645783463,678254,998,TRUE,1000,2308,0.1516399267269225
KI,Kidney,heat_humidity,tmax_5c,Tmax per 5 C,Tmax,Q4 reference,5.028686645783463,678254,998,TRUE,1000,2345,0.1530584271663621
KI,Kidney,heat_humidity,tmax_5c,Tmax per 5 C,Tmax,Q4 reference,5.028686645783463,678254,998,TRUE,1000,2368,0.15449817754048234
KI,Kidney,heat_humidity,tmax_5c,Tmax per 5 C,Tmax,Q4 reference,5.028686645783463,678254,998,TRUE,1000,2407,0.15593950717156446
KI,Kidney,heat_humidity,tmax_5c,Tmax per 5 C,Tmax,Q4 reference,5.028686645783463,678254,998,TRUE,1000,2443,0.15738100330979188
KI,Kidney,heat_humidity,tmax_5c,Tmax per 5 C,Tmax,Q4 reference,5.028686645783463,678254,998,TRUE,1000,2461,0.15882344028048323
KI,Kidney,heat_humidity,tmax_5c,Tmax per 5 C,Tmax,Q4 reference,5.028686645783463,678254,998,TRUE,1000,2465,0.16026569073388797
KI,Kidney,heat_humidity,tmax_5c,Tmax per 5 C,Tmax,Q4 reference,5.028686645783463,678254,998,TRUE,1000,2473,0.16170904275048836
KI,Kidney,heat_humidity,tmax_5c,Tmax per 5 C,Tmax,Q4 reference,5.028686645783463,678254,998,TRUE,1000,2500,0.16317570014670968
KI,Kidney,heat_humidity,tmax_5c,Tmax per 5 C,Tmax,Q4 reference,5.028686645783463,678254,998,TRUE,1000,2533,0.1646638876095471
KI,Kidney,heat_humidity,tmax_5c,Tmax per 5 C,Tmax,Q4 reference,5.028686645783463,678254,998,TRUE,1000,2595,0.16615504575350004
KI,Kidney,heat_humidity,tmax_5c,Tmax per 5 C,Tmax,Q4 reference,5.028686645783463,678254,998,TRUE,1000,2598,0.16764938617146563
KI,Kidney,heat_humidity,tmax_5c,Tmax per 5 C,Tmax,Q4 reference,5.028686645783463,678254,998,TRUE,1000,2613,0.16916247059015077
KI,Kidney,heat_humidity,tmax_5c,Tmax per 5 C,Tmax,Q4 reference,5.028686645783463,678254,998,TRUE,1000,2627,0.17069453946150837
KI,Kidney,heat_humidity,tmax_5c,Tmax per 5 C,Tmax,Q4 reference,5.028686645783463,678254,998,TRUE,1000,2672,0.1722279240448319
KI,Kidney,heat_humidity,tmax_5c,Tmax per 5 C,Tmax,Q4 reference,5.028686645783463,678254,998,TRUE,1000,2719,0.17376565854186043
KI,Kidney,heat_humidity,tmax_5c,Tmax per 5 C,Tmax,Q4 reference,5.028686645783463,678254,998,TRUE,1000,2788,0.1753621118936579
KI,Kidney,heat_humidity,tmax_5c,Tmax per 5 C,Tmax,Q4 reference,5.028686645783463,678254,998,TRUE,1000,2801,0.17695654494231816
KI,Kidney,heat_humidity,tmax_5c,Tmax per 5 C,Tmax,Q4 reference,5.028686645783463,678254,998,TRUE,1000,2816,0.17855112183244193
KI,Kidney,heat_humidity,tmax_5c,Tmax per 5 C,Tmax,Q4 reference,5.028686645783463,678254,998,TRUE,1000,2863,0.18017029043152655
KI,Kidney,heat_humidity,tmax_5c,Tmax per 5 C,Tmax,Q4 reference,5.028686645783463,678254,998,TRUE,1000,2914,0.1818384341460343
KI,Kidney,heat_humidity,tmax_5c,Tmax per 5 C,Tmax,Q4 reference,5.028686645783463,678254,998,TRUE,1000,2948,0.18350955859817097
KI,Kidney,heat_humidity,tmax_5c,Tmax per 5 C,Tmax,Q4 reference,5.028686645783463,678254,998,TRUE,1000,3010,0.18518070292390443
KI,Kidney,heat_humidity,tmax_5c,Tmax per 5 C,Tmax,Q4 reference,5.028686645783463,678254,998,TRUE,1000,3047,0.1868582549164235
KI,Kidney,heat_humidity,tmax_5c,Tmax per 5 C,Tmax,Q4 reference,5.028686645783463,678254,998,TRUE,1000,3217,0.1885680647272172
KI,Kidney,heat_humidity,tmax_5c,Tmax per 5 C,Tmax,Q4 reference,5.028686645783463,678254,998,TRUE,1000,3294,0.1903149820634591
KI,Kidney,heat_humidity,tmax_5c,Tmax per 5 C,Tmax,Q4 reference,5.028686645783463,678254,998,TRUE,1000,3395,0.19206043650829985
KI,Kidney,heat_humidity,tmax_5c,Tmax per 5 C,Tmax,Q4 reference,5.028686645783463,678254,998,TRUE,1000,3448,0.19390768458041974
KI,Kidney,heat_humidity,tmax_5c,Tmax per 5 C,Tmax,Q4 reference,5.028686645783463,678254,998,TRUE,1000,3451,0.19575796095188258
KI,Kidney,heat_humidity,tmax_5c,Tmax per 5 C,Tmax,Q4 reference,5.028686645783463,678254,998,TRUE,1000,3551,0.19760721716155516
KI,Kidney,heat_humidity,tmax_5c,Tmax per 5 C,Tmax,Q4 reference,5.028686645783463,678254,998,TRUE,1000,3576,0.19946182041042038
KI,Kidney,heat_humidity,tmax_5c,Tmax per 5 C,Tmax,Q4 reference,5.028686645783463,678254,998,TRUE,1000,3594,0.20132390144303192
KI,Kidney,heat_humidity,tmax_5c,Tmax per 5 C,Tmax,Q4 reference,5.028686645783463,678254,998,TRUE,1000,3614,0.20319135883888784
KI,Kidney,heat_humidity,tmax_5c,Tmax per 5 C,Tmax,Q4 reference,5.028686645783463,678254,998,TRUE,1000,4058,0.20547895039635156
KI,Kidney,heat_humidity,tmax_5c,Tmax per 5 C,Tmax,Q4 reference,5.028686645783463,678254,998,TRUE,1000,4422,0.20839123496795275
KI,Kidney,heat_humidity,tmax_5c,Tmax per 5 C,Tmax,Q4 reference,5.028686645783463,678254,998,TRUE,1000,5050,0.21211314912052726
KI,Kidney,heat_humidity,rmax_10pct,Maximum relative humidity per 10 pct,Maximum relative humidity,Q1 reference,8.050006507890142,678254,998,TRUE,1000,12,9.180487496073253e-4
KI,Kidney,heat_humidity,rmax_10pct,Maximum relative humidity per 10 pct,Maximum relative humidity,Q1 reference,8.050006507890142,678254,998,TRUE,1000,15,0.0018356157504806347
KI,Kidney,heat_humidity,rmax_10pct,Maximum relative humidity per 10 pct,Maximum relative humidity,Q1 reference,8.050006507890142,678254,998,TRUE,1000,23,0.0027534352759081004
KI,Kidney,heat_humidity,rmax_10pct,Maximum relative humidity per 10 pct,Maximum relative humidity,Q1 reference,8.050006507890142,678254,998,TRUE,1000,33,0.0036724737096714977
KI,Kidney,heat_humidity,rmax_10pct,Maximum relative humidity per 10 pct,Maximum relative humidity,Q1 reference,8.050006507890142,678254,998,TRUE,1000,67,0.004594739423383842
KI,Kidney,heat_humidity,rmax_10pct,Maximum relative humidity per 10 pct,Maximum relative humidity,Q1 reference,8.050006507890142,678254,998,TRUE,1000,78,0.005516883055005639
KI,Kidney,heat_humidity,rmax_10pct,Maximum relative humidity per 10 pct,Maximum relative humidity,Q1 reference,8.050006507890142,678254,998,TRUE,1000,84,0.0064415980953974605
KI,Kidney,heat_humidity,rmax_10pct,Maximum relative humidity per 10 pct,Maximum relative humidity,Q1 reference,8.050006507890142,678254,998,TRUE,1000,88,0.007366188499569271
KI,Kidney,heat_humidity,rmax_10pct,Maximum relative humidity per 10 pct,Maximum relative humidity,Q1 reference,8.050006507890142,678254,998,TRUE,1000,89,0.008291327492550127
KI,Kidney,heat_humidity,rmax_10pct,Maximum relative humidity per 10 pct,Maximum relative humidity,Q1 reference,8.050006507890142,678254,998,TRUE,1000,113,0.00921962886772354
KI,Kidney,heat_humidity,rmax_10pct,Maximum relative humidity per 10 pct,Maximum relative humidity,Q1 reference,8.050006507890142,678254,998,TRUE,1000,139,0.010148923816396982
KI,Kidney,heat_humidity,rmax_10pct,Maximum relative humidity per 10 pct,Maximum relative humidity,Q1 reference,8.050006507890142,678254,998,TRUE,1000,157,0.011077923613607488
KI,Kidney,heat_humidity,rmax_10pct,Maximum relative humidity per 10 pct,Maximum relative humidity,Q1 reference,8.050006507890142,678254,998,TRUE,1000,160,0.012006295107237719
KI,Kidney,heat_humidity,rmax_10pct,Maximum relative humidity per 10 pct,Maximum relative humidity,Q1 reference,8.050006507890142,678254,998,TRUE,1000,173,0.012938814973070256
KI,Kidney,heat_humidity,rmax_10pct,Maximum relative humidity per 10 pct,Maximum relative humidity,Q1 reference,8.050006507890142,678254,998,TRUE,1000,175,0.014803330203082998
KI,Kidney,heat_humidity,rmax_10pct,Maximum relative humidity per 10 pct,Maximum relative humidity,Q1 reference,8.050006507890142,678254,998,TRUE,1000,186,0.01573756894645517
KI,Kidney,heat_humidity,rmax_10pct,Maximum relative humidity per 10 pct,Maximum relative humidity,Q1 reference,8.050006507890142,678254,998,TRUE,1000,198,0.0166752444458379
KI,Kidney,heat_humidity,rmax_10pct,Maximum relative humidity per 10 pct,Maximum relative humidity,Q1 reference,8.050006507890142,678254,998,TRUE,1000,203,0.017612781817941237
KI,Kidney,heat_humidity,rmax_10pct,Maximum relative humidity per 10 pct,Maximum relative humidity,Q1 reference,8.050006507890142,678254,998,TRUE,1000,210,0.01855150239475023
KI,Kidney,heat_humidity,rmax_10pct,Maximum relative humidity per 10 pct,Maximum relative humidity,Q1 reference,8.050006507890142,678254,998,TRUE,1000,237,0.019490425578165715
KI,Kidney,heat_humidity,rmax_10pct,Maximum relative humidity per 10 pct,Maximum relative humidity,Q1 reference,8.050006507890142,678254,998,TRUE,1000,266,0.02043493432800858
KI,Kidney,heat_humidity,rmax_10pct,Maximum relative humidity per 10 pct,Maximum relative humidity,Q1 reference,8.050006507890142,678254,998,TRUE,1000,290,0.02138476967678571
KI,Kidney,heat_humidity,rmax_10pct,Maximum relative humidity per 10 pct,Maximum relative humidity,Q1 reference,8.050006507890142,678254,998,TRUE,1000,299,0.02233426102630265
KI,Kidney,heat_humidity,rmax_10pct,Maximum relative humidity per 10 pct,Maximum relative humidity,Q1 reference,8.050006507890142,678254,998,TRUE,1000,302,0.02328411909535988
KI,Kidney,heat_humidity,rmax_10pct,Maximum relative humidity per 10 pct,Maximum relative humidity,Q1 reference,8.050006507890142,678254,998,TRUE,1000,321,0.024235495872565127
KI,Kidney,heat_humidity,rmax_10pct,Maximum relative humidity per 10 pct,Maximum relative humidity,Q1 reference,8.050006507890142,678254,998,TRUE,1000,333,0.025188097352258687
KI,Kidney,heat_humidity,rmax_10pct,Maximum relative humidity per 10 pct,Maximum relative humidity,Q1 reference,8.050006507890142,678254,998,TRUE,1000,334,0.026140962638228737
KI,Kidney,heat_humidity,rmax_10pct,Maximum relative humidity per 10 pct,Maximum relative humidity,Q1 reference,8.050006507890142,678254,998,TRUE,1000,374,0.02709829412688236
KI,Kidney,heat_humidity,rmax_10pct,Maximum relative humidity per 10 pct,Maximum relative humidity,Q1 reference,8.050006507890142,678254,998,TRUE,1000,388,0.02805556726764591
KI,Kidney,heat_humidity,rmax_10pct,Maximum relative humidity per 10 pct,Maximum relative humidity,Q1 reference,8.050006507890142,678254,998,TRUE,1000,392,0.029016534085775647
KI,Kidney,heat_humidity,rmax_10pct,Maximum relative humidity per 10 pct,Maximum relative humidity,Q1 reference,8.050006507890142,678254,998,TRUE,1000,444,0.02998221689143532
KI,Kidney,heat_humidity,rmax_10pct,Maximum relative humidity per 10 pct,Maximum relative humidity,Q1 reference,8.050006507890142,678254,998,TRUE,1000,445,0.030950836920728753
KI,Kidney,heat_humidity,rmax_10pct,Maximum relative humidity per 10 pct,Maximum relative humidity,Q1 reference,8.050006507890142,678254,998,TRUE,1000,454,0.031919842297146395
KI,Kidney,heat_humidity,rmax_10pct,Maximum relative humidity per 10 pct,Maximum relative humidity,Q1 reference,8.050006507890142,678254,998,TRUE,1000,462,0.03288856000913798
KI,Kidney,heat_humidity,rmax_10pct,Maximum relative humidity per 10 pct,Maximum relative humidity,Q1 reference,8.050006507890142,678254,998,TRUE,1000,494,0.03386059587639079
KI,Kidney,heat_humidity,rmax_10pct,Maximum relative humidity per 10 pct,Maximum relative humidity,Q1 reference,8.050006507890142,678254,998,TRUE,1000,517,0.034836350335653354
KI,Kidney,heat_humidity,rmax_10pct,Maximum relative humidity per 10 pct,Maximum relative humidity,Q1 reference,8.050006507890142,678254,998,TRUE,1000,523,0.035813221207287915
KI,Kidney,heat_humidity,rmax_10pct,Maximum relative humidity per 10 pct,Maximum relative humidity,Q1 reference,8.050006507890142,678254,998,TRUE,1000,524,0.036791362317453724
KI,Kidney,heat_humidity,rmax_10pct,Maximum relative humidity per 10 pct,Maximum relative humidity,Q1 reference,8.050006507890142,678254,998,TRUE,1000,611,0.03777957155484668
KI,Kidney,heat_humidity,rmax_10pct,Maximum relative humidity per 10 pct,Maximum relative humidity,Q1 reference,8.050006507890142,678254,998,TRUE,1000,614,0.03876931709714815
KI,Kidney,heat_humidity,rmax_10pct,Maximum relative humidity per 10 pct,Maximum relative humidity,Q1 reference,8.050006507890142,678254,998,TRUE,1000,620,0.039761277967360065
KI,Kidney,heat_humidity,rmax_10pct,Maximum relative humidity per 10 pct,Maximum relative humidity,Q1 reference,8.050006507890142,678254,998,TRUE,1000,630,0.04075433045535726
KI,Kidney,heat_humidity,rmax_10pct,Maximum relative humidity per 10 pct,Maximum relative humidity,Q1 reference,8.050006507890142,678254,998,TRUE,1000,634,0.04174741324384856
KI,Kidney,heat_humidity,rmax_10pct,Maximum relative humidity per 10 pct,Maximum relative humidity,Q1 reference,8.050006507890142,678254,998,TRUE,1000,706,0.04274607543299003
KI,Kidney,heat_humidity,rmax_10pct,Maximum relative humidity per 10 pct,Maximum relative humidity,Q1 reference,8.050006507890142,678254,998,TRUE,1000,728,0.04374880245765811
KI,Kidney,heat_humidity,rmax_10pct,Maximum relative humidity per 10 pct,Maximum relative humidity,Q1 reference,8.050006507890142,678254,998,TRUE,1000,737,0.04475256688344775
KI,Kidney,heat_humidity,rmax_10pct,Maximum relative humidity per 10 pct,Maximum relative humidity,Q1 reference,8.050006507890142,678254,998,TRUE,1000,741,0.04576106413392467
KI,Kidney,heat_humidity,rmax_10pct,Maximum relative humidity per 10 pct,Maximum relative humidity,Q1 reference,8.050006507890142,678254,998,TRUE,1000,747,0.04677012355400001
KI,Kidney,heat_humidity,rmax_10pct,Maximum relative humidity per 10 pct,Maximum relative humidity,Q1 reference,8.050006507890142,678254,998,TRUE,1000,792,0.0477815151394152
KI,Kidney,heat_humidity,rmax_10pct,Maximum relative humidity per 10 pct,Maximum relative humidity,Q1 reference,8.050006507890142,678254,998,TRUE,1000,842,0.048798762832197196
KI,Kidney,heat_humidity,rmax_10pct,Maximum relative humidity per 10 pct,Maximum relative humidity,Q1 reference,8.050006507890142,678254,998,TRUE,1000,853,0.04981582870577661
KI,Kidney,heat_humidity,rmax_10pct,Maximum relative humidity per 10 pct,Maximum relative humidity,Q1 reference,8.050006507890142,678254,998,TRUE,1000,878,0.05083679755764903
KI,Kidney,heat_humidity,rmax_10pct,Maximum relative humidity per 10 pct,Maximum relative humidity,Q1 reference,8.050006507890142,678254,998,TRUE,1000,879,0.05287774711091908
KI,Kidney,heat_humidity,rmax_10pct,Maximum relative humidity per 10 pct,Maximum relative humidity,Q1 reference,8.050006507890142,678254,998,TRUE,1000,883,0.053903257167675744
KI,Kidney,heat_humidity,rmax_10pct,Maximum relative humidity per 10 pct,Maximum relative humidity,Q1 reference,8.050006507890142,678254,998,TRUE,1000,887,0.054929566814271635
KI,Kidney,heat_humidity,rmax_10pct,Maximum relative humidity per 10 pct,Maximum relative humidity,Q1 reference,8.050006507890142,678254,998,TRUE,1000,906,0.05595602214480888
KI,Kidney,heat_humidity,rmax_10pct,Maximum relative humidity per 10 pct,Maximum relative humidity,Q1 reference,8.050006507890142,678254,998,TRUE,1000,931,0.05698668680496166
KI,Kidney,heat_humidity,rmax_10pct,Maximum relative humidity per 10 pct,Maximum relative humidity,Q1 reference,8.050006507890142,678254,998,TRUE,1000,934,0.05801773884654238
KI,Kidney,heat_humidity,rmax_10pct,Maximum relative humidity per 10 pct,Maximum relative humidity,Q1 reference,8.050006507890142,678254,998,TRUE,1000,949,0.05905098757649574
KI,Kidney,heat_humidity,rmax_10pct,Maximum relative humidity per 10 pct,Maximum relative humidity,Q1 reference,8.050006507890142,678254,998,TRUE,1000,951,0.06008415785061938
KI,Kidney,heat_humidity,rmax_10pct,Maximum relative humidity per 10 pct,Maximum relative humidity,Q1 reference,8.050006507890142,678254,998,TRUE,1000,953,0.06111876097281943
KI,Kidney,heat_humidity,rmax_10pct,Maximum relative humidity per 10 pct,Maximum relative humidity,Q1 reference,8.050006507890142,678254,998,TRUE,1000,976,0.06215410835303381
KI,Kidney,heat_humidity,rmax_10pct,Maximum relative humidity per 10 pct,Maximum relative humidity,Q1 reference,8.050006507890142,678254,998,TRUE,1000,997,0.06319409893523131
KI,Kidney,heat_humidity,rmax_10pct,Maximum relative humidity per 10 pct,Maximum relative humidity,Q1 reference,8.050006507890142,678254,998,TRUE,1000,1013,0.06527552353339816
KI,Kidney,heat_humidity,rmax_10pct,Maximum relative humidity per 10 pct,Maximum relative humidity,Q1 reference,8.050006507890142,678254,998,TRUE,1000,1023,0.06631669615465086
KI,Kidney,heat_humidity,rmax_10pct,Maximum relative humidity per 10 pct,Maximum relative humidity,Q1 reference,8.050006507890142,678254,998,TRUE,1000,1025,0.06736062986346547
KI,Kidney,heat_humidity,rmax_10pct,Maximum relative humidity per 10 pct,Maximum relative humidity,Q1 reference,8.050006507890142,678254,998,TRUE,1000,1029,0.06840636518673304
KI,Kidney,heat_humidity,rmax_10pct,Maximum relative humidity per 10 pct,Maximum relative humidity,Q1 reference,8.050006507890142,678254,998,TRUE,1000,1050,0.06945611327063217
KI,Kidney,heat_humidity,rmax_10pct,Maximum relative humidity per 10 pct,Maximum relative humidity,Q1 reference,8.050006507890142,678254,998,TRUE,1000,1056,0.07050767745720432
KI,Kidney,heat_humidity,rmax_10pct,Maximum relative humidity per 10 pct,Maximum relative humidity,Q1 reference,8.050006507890142,678254,998,TRUE,1000,1092,0.07156815162473018
KI,Kidney,heat_humidity,rmax_10pct,Maximum relative humidity per 10 pct,Maximum relative humidity,Q1 reference,8.050006507890142,678254,998,TRUE,1000,1096,0.07262973447993071
KI,Kidney,heat_humidity,rmax_10pct,Maximum relative humidity per 10 pct,Maximum relative humidity,Q1 reference,8.050006507890142,678254,998,TRUE,1000,1115,0.07369288831467757
KI,Kidney,heat_humidity,rmax_10pct,Maximum relative humidity per 10 pct,Maximum relative humidity,Q1 reference,8.050006507890142,678254,998,TRUE,1000,1124,0.07475607700136688
KI,Kidney,heat_humidity,rmax_10pct,Maximum relative humidity per 10 pct,Maximum relative humidity,Q1 reference,8.050006507890142,678254,998,TRUE,1000,1134,0.07581900636883132
KI,Kidney,heat_humidity,rmax_10pct,Maximum relative humidity per 10 pct,Maximum relative humidity,Q1 reference,8.050006507890142,678254,998,TRUE,1000,1165,0.07688323469742808
KI,Kidney,heat_humidity,rmax_10pct,Maximum relative humidity per 10 pct,Maximum relative humidity,Q1 reference,8.050006507890142,678254,998,TRUE,1000,1170,0.07795637331339422
KI,Kidney,heat_humidity,rmax_10pct,Maximum relative humidity per 10 pct,Maximum relative humidity,Q1 reference,8.050006507890142,678254,998,TRUE,1000,1197,0.07903729541290982
KI,Kidney,heat_humidity,rmax_10pct,Maximum relative humidity per 10 pct,Maximum relative humidity,Q1 reference,8.050006507890142,678254,998,TRUE,1000,1199,0.0801223263257892
KI,Kidney,heat_humidity,rmax_10pct,Maximum relative humidity per 10 pct,Maximum relative humidity,Q1 reference,8.050006507890142,678254,998,TRUE,1000,1320,0.0812223233193019
KI,Kidney,heat_humidity,rmax_10pct,Maximum relative humidity per 10 pct,Maximum relative humidity,Q1 reference,8.050006507890142,678254,998,TRUE,1000,1359,0.08232767408789732
KI,Kidney,heat_humidity,rmax_10pct,Maximum relative humidity per 10 pct,Maximum relative humidity,Q1 reference,8.050006507890142,678254,998,TRUE,1000,1374,0.08343353991712021
KI,Kidney,heat_humidity,rmax_10pct,Maximum relative humidity per 10 pct,Maximum relative humidity,Q1 reference,8.050006507890142,678254,998,TRUE,1000,1398,0.08454236312279839
KI,Kidney,heat_humidity,rmax_10pct,Maximum relative humidity per 10 pct,Maximum relative humidity,Q1 reference,8.050006507890142,678254,998,TRUE,1000,1407,0.08565145631046134
KI,Kidney,heat_humidity,rmax_10pct,Maximum relative humidity per 10 pct,Maximum relative humidity,Q1 reference,8.050006507890142,678254,998,TRUE,1000,1414,0.08787109627157097
KI,Kidney,heat_humidity,rmax_10pct,Maximum relative humidity per 10 pct,Maximum relative humidity,Q1 reference,8.050006507890142,678254,998,TRUE,1000,1418,0.08898070594820362
KI,Kidney,heat_humidity,rmax_10pct,Maximum relative humidity per 10 pct,Maximum relative humidity,Q1 reference,8.050006507890142,678254,998,TRUE,1000,1419,0.0900941488900977
KI,Kidney,heat_humidity,rmax_10pct,Maximum relative humidity per 10 pct,Maximum relative humidity,Q1 reference,8.050006507890142,678254,998,TRUE,1000,1422,0.09121010108974237
KI,Kidney,heat_humidity,rmax_10pct,Maximum relative humidity per 10 pct,Maximum relative humidity,Q1 reference,8.050006507890142,678254,998,TRUE,1000,1444,0.09344064713825695
KI,Kidney,heat_humidity,rmax_10pct,Maximum relative humidity per 10 pct,Maximum relative humidity,Q1 reference,8.050006507890142,678254,998,TRUE,1000,1461,0.09456170003141551
KI,Kidney,heat_humidity,rmax_10pct,Maximum relative humidity per 10 pct,Maximum relative humidity,Q1 reference,8.050006507890142,678254,998,TRUE,1000,1504,0.09684352493069104
KI,Kidney,heat_humidity,rmax_10pct,Maximum relative humidity per 10 pct,Maximum relative humidity,Q1 reference,8.050006507890142,678254,998,TRUE,1000,1524,0.09799301402623906
KI,Kidney,heat_humidity,rmax_10pct,Maximum relative humidity per 10 pct,Maximum relative humidity,Q1 reference,8.050006507890142,678254,998,TRUE,1000,1526,0.09914310556616879
KI,Kidney,heat_humidity,rmax_10pct,Maximum relative humidity per 10 pct,Maximum relative humidity,Q1 reference,8.050006507890142,678254,998,TRUE,1000,1539,0.10029399528424643
KI,Kidney,heat_humidity,rmax_10pct,Maximum relative humidity per 10 pct,Maximum relative humidity,Q1 reference,8.050006507890142,678254,998,TRUE,1000,1543,0.1014455587436024
KI,Kidney,heat_humidity,rmax_10pct,Maximum relative humidity per 10 pct,Maximum relative humidity,Q1 reference,8.050006507890142,678254,998,TRUE,1000,1556,0.10259665610223412
KI,Kidney,heat_humidity,rmax_10pct,Maximum relative humidity per 10 pct,Maximum relative humidity,Q1 reference,8.050006507890142,678254,998,TRUE,1000,1562,0.10375095589110439
KI,Kidney,heat_humidity,rmax_10pct,Maximum relative humidity per 10 pct,Maximum relative humidity,Q1 reference,8.050006507890142,678254,998,TRUE,1000,1567,0.10491244341854888
KI,Kidney,heat_humidity,rmax_10pct,Maximum relative humidity per 10 pct,Maximum relative humidity,Q1 reference,8.050006507890142,678254,998,TRUE,1000,1577,0.10607447164400918
KI,Kidney,heat_humidity,rmax_10pct,Maximum relative humidity per 10 pct,Maximum relative humidity,Q1 reference,8.050006507890142,678254,998,TRUE,1000,1592,0.10723793109583102
KI,Kidney,heat_humidity,rmax_10pct,Maximum relative humidity per 10 pct,Maximum relative humidity,Q1 reference,8.050006507890142,678254,998,TRUE,1000,1605,0.10840830911958099
KI,Kidney,heat_humidity,rmax_10pct,Maximum relative humidity per 10 pct,Maximum relative humidity,Q1 reference,8.050006507890142,678254,998,TRUE,1000,1606,0.10958339007928908
KI,Kidney,heat_humidity,rmax_10pct,Maximum relative humidity per 10 pct,Maximum relative humidity,Q1 reference,8.050006507890142,678254,998,TRUE,1000,1610,0.11076205967771047
KI,Kidney,heat_humidity,rmax_10pct,Maximum relative humidity per 10 pct,Maximum relative humidity,Q1 reference,8.050006507890142,678254,998,TRUE,1000,1616,0.11194642372274122
KI,Kidney,heat_humidity,rmax_10pct,Maximum relative humidity per 10 pct,Maximum relative humidity,Q1 reference,8.050006507890142,678254,998,TRUE,1000,1628,0.11313054327568406
KI,Kidney,heat_humidity,rmax_10pct,Maximum relative humidity per 10 pct,Maximum relative humidity,Q1 reference,8.050006507890142,678254,998,TRUE,1000,1657,0.11432457290249343
KI,Kidney,heat_humidity,rmax_10pct,Maximum relative humidity per 10 pct,Maximum relative humidity,Q1 reference,8.050006507890142,678254,998,TRUE,1000,1666,0.11551948461943307
KI,Kidney,heat_humidity,rmax_10pct,Maximum relative humidity per 10 pct,Maximum relative humidity,Q1 reference,8.050006507890142,678254,998,TRUE,1000,1688,0.11672495463442378
KI,Kidney,heat_humidity,rmax_10pct,Maximum relative humidity per 10 pct,Maximum relative humidity,Q1 reference,8.050006507890142,678254,998,TRUE,1000,1699,0.11793702651075222
KI,Kidney,heat_humidity,rmax_10pct,Maximum relative humidity per 10 pct,Maximum relative humidity,Q1 reference,8.050006507890142,678254,998,TRUE,1000,1716,0.1191501604306141
KI,Kidney,heat_humidity,rmax_10pct,Maximum relative humidity per 10 pct,Maximum relative humidity,Q1 reference,8.050006507890142,678254,998,TRUE,1000,1747,0.12036776332551757
KI,Kidney,heat_humidity,rmax_10pct,Maximum relative humidity per 10 pct,Maximum relative humidity,Q1 reference,8.050006507890142,678254,998,TRUE,1000,1777,0.12158553617306922
KI,Kidney,heat_humidity,rmax_10pct,Maximum relative humidity per 10 pct,Maximum relative humidity,Q1 reference,8.050006507890142,678254,998,TRUE,1000,1812,0.12281914312189302
KI,Kidney,heat_humidity,rmax_10pct,Maximum relative humidity per 10 pct,Maximum relative humidity,Q1 reference,8.050006507890142,678254,998,TRUE,1000,1896,0.12406624307484349
KI,Kidney,heat_humidity,rmax_10pct,Maximum relative humidity per 10 pct,Maximum relative humidity,Q1 reference,8.050006507890142,678254,998,TRUE,1000,1905,0.1253132480618424
KI,Kidney,heat_humidity,rmax_10pct,Maximum relative humidity per 10 pct,Maximum relative humidity,Q1 reference,8.050006507890142,678254,998,TRUE,1000,1923,0.12656381808727024
KI,Kidney,heat_humidity,rmax_10pct,Maximum relative humidity per 10 pct,Maximum relative humidity,Q1 reference,8.050006507890142,678254,998,TRUE,1000,1937,0.12781651426945873
KI,Kidney,heat_humidity,rmax_10pct,Maximum relative humidity per 10 pct,Maximum relative humidity,Q1 reference,8.050006507890142,678254,998,TRUE,1000,1945,0.1290747865077455
KI,Kidney,heat_humidity,rmax_10pct,Maximum relative humidity per 10 pct,Maximum relative humidity,Q1 reference,8.050006507890142,678254,998,TRUE,1000,1961,0.13034529082079682
KI,Kidney,heat_humidity,rmax_10pct,Maximum relative humidity per 10 pct,Maximum relative humidity,Q1 reference,8.050006507890142,678254,998,TRUE,1000,2014,0.1316275566702565
KI,Kidney,heat_humidity,rmax_10pct,Maximum relative humidity per 10 pct,Maximum relative humidity,Q1 reference,8.050006507890142,678254,998,TRUE,1000,2040,0.13291980027610673
KI,Kidney,heat_humidity,rmax_10pct,Maximum relative humidity per 10 pct,Maximum relative humidity,Q1 reference,8.050006507890142,678254,998,TRUE,1000,2042,0.13421170571866115
KI,Kidney,heat_humidity,rmax_10pct,Maximum relative humidity per 10 pct,Maximum relative humidity,Q1 reference,8.050006507890142,678254,998,TRUE,1000,2122,0.13553648294937015
KI,Kidney,heat_humidity,rmax_10pct,Maximum relative humidity per 10 pct,Maximum relative humidity,Q1 reference,8.050006507890142,678254,998,TRUE,1000,2150,0.1368611174131802
KI,Kidney,heat_humidity,rmax_10pct,Maximum relative humidity per 10 pct,Maximum relative humidity,Q1 reference,8.050006507890142,678254,998,TRUE,1000,2166,0.13818697337877395
KI,Kidney,heat_humidity,rmax_10pct,Maximum relative humidity per 10 pct,Maximum relative humidity,Q1 reference,8.050006507890142,678254,998,TRUE,1000,2176,0.139512308043528
KI,Kidney,heat_humidity,rmax_10pct,Maximum relative humidity per 10 pct,Maximum relative humidity,Q1 reference,8.050006507890142,678254,998,TRUE,1000,2233,0.1408594421529974
KI,Kidney,heat_humidity,rmax_10pct,Maximum relative humidity per 10 pct,Maximum relative humidity,Q1 reference,8.050006507890142,678254,998,TRUE,1000,2259,0.14220704444823773
KI,Kidney,heat_humidity,rmax_10pct,Maximum relative humidity per 10 pct,Maximum relative humidity,Q1 reference,8.050006507890142,678254,998,TRUE,1000,2260,0.1435586316944043
KI,Kidney,heat_humidity,rmax_10pct,Maximum relative humidity per 10 pct,Maximum relative humidity,Q1 reference,8.050006507890142,678254,998,TRUE,1000,2273,0.14491846640390282
KI,Kidney,heat_humidity,rmax_10pct,Maximum relative humidity per 10 pct,Maximum relative humidity,Q1 reference,8.050006507890142,678254,998,TRUE,1000,2275,0.14628016937861377
KI,Kidney,heat_humidity,rmax_10pct,Maximum relative humidity per 10 pct,Maximum relative humidity,Q1 reference,8.050006507890142,678254,998,TRUE,1000,2308,0.14764366286119923
KI,Kidney,heat_humidity,rmax_10pct,Maximum relative humidity per 10 pct,Maximum relative humidity,Q1 reference,8.050006507890142,678254,998,TRUE,1000,2345,0.1490281507031196
KI,Kidney,heat_humidity,rmax_10pct,Maximum relative humidity per 10 pct,Maximum relative humidity,Q1 reference,8.050006507890142,678254,998,TRUE,1000,2368,0.1504334467155487
KI,Kidney,heat_humidity,rmax_10pct,Maximum relative humidity per 10 pct,Maximum relative humidity,Q1 reference,8.050006507890142,678254,998,TRUE,1000,2407,0.15184035269113694
KI,Kidney,heat_humidity,rmax_10pct,Maximum relative humidity per 10 pct,Maximum relative humidity,Q1 reference,8.050006507890142,678254,998,TRUE,1000,2443,0.15324748986598502
KI,Kidney,heat_humidity,rmax_10pct,Maximum relative humidity per 10 pct,Maximum relative humidity,Q1 reference,8.050006507890142,678254,998,TRUE,1000,2461,0.15465561430900876
KI,Kidney,heat_humidity,rmax_10pct,Maximum relative humidity per 10 pct,Maximum relative humidity,Q1 reference,8.050006507890142,678254,998,TRUE,1000,2465,0.1560636256631892
KI,Kidney,heat_humidity,rmax_10pct,Maximum relative humidity per 10 pct,Maximum relative humidity,Q1 reference,8.050006507890142,678254,998,TRUE,1000,2473,0.15747278161763723
KI,Kidney,heat_humidity,rmax_10pct,Maximum relative humidity per 10 pct,Maximum relative humidity,Q1 reference,8.050006507890142,678254,998,TRUE,1000,2500,0.15890476182423652
KI,Kidney,heat_humidity,rmax_10pct,Maximum relative humidity per 10 pct,Maximum relative humidity,Q1 reference,8.050006507890142,678254,998,TRUE,1000,2533,0.1603578363584527
KI,Kidney,heat_humidity,rmax_10pct,Maximum relative humidity per 10 pct,Maximum relative humidity,Q1 reference,8.050006507890142,678254,998,TRUE,1000,2595,0.1618138856840391
KI,Kidney,heat_humidity,rmax_10pct,Maximum relative humidity per 10 pct,Maximum relative humidity,Q1 reference,8.050006507890142,678254,998,TRUE,1000,2598,0.16327311700882674
KI,Kidney,heat_humidity,rmax_10pct,Maximum relative humidity per 10 pct,Maximum relative humidity,Q1 reference,8.050006507890142,678254,998,TRUE,1000,2613,0.16475072823285597
KI,Kidney,heat_humidity,rmax_10pct,Maximum relative humidity per 10 pct,Maximum relative humidity,Q1 reference,8.050006507890142,678254,998,TRUE,1000,2627,0.16624695718846982
KI,Kidney,heat_humidity,rmax_10pct,Maximum relative humidity per 10 pct,Maximum relative humidity,Q1 reference,8.050006507890142,678254,998,TRUE,1000,2672,0.16774455017292078
KI,Kidney,heat_humidity,rmax_10pct,Maximum relative humidity per 10 pct,Maximum relative humidity,Q1 reference,8.050006507890142,678254,998,TRUE,1000,2719,0.16924647115528868
KI,Kidney,heat_humidity,rmax_10pct,Maximum relative humidity per 10 pct,Maximum relative humidity,Q1 reference,8.050006507890142,678254,998,TRUE,1000,2788,0.1708058279617113
KI,Kidney,heat_humidity,rmax_10pct,Maximum relative humidity per 10 pct,Maximum relative humidity,Q1 reference,8.050006507890142,678254,998,TRUE,1000,2801,0.1723632975186533
KI,Kidney,heat_humidity,rmax_10pct,Maximum relative humidity per 10 pct,Maximum relative humidity,Q1 reference,8.050006507890142,678254,998,TRUE,1000,2816,0.17392099381928494
KI,Kidney,heat_humidity,rmax_10pct,Maximum relative humidity per 10 pct,Maximum relative humidity,Q1 reference,8.050006507890142,678254,998,TRUE,1000,2863,0.17550280147624187
KI,Kidney,heat_humidity,rmax_10pct,Maximum relative humidity per 10 pct,Maximum relative humidity,Q1 reference,8.050006507890142,678254,998,TRUE,1000,2914,0.17713254756266716
KI,Kidney,heat_humidity,rmax_10pct,Maximum relative humidity per 10 pct,Maximum relative humidity,Q1 reference,8.050006507890142,678254,998,TRUE,1000,2948,0.1787653009915584
KI,Kidney,heat_humidity,rmax_10pct,Maximum relative humidity per 10 pct,Maximum relative humidity,Q1 reference,8.050006507890142,678254,998,TRUE,1000,3010,0.1803981693409218
KI,Kidney,heat_humidity,rmax_10pct,Maximum relative humidity per 10 pct,Maximum relative humidity,Q1 reference,8.050006507890142,678254,998,TRUE,1000,3047,0.1820373948521855
KI,Kidney,heat_humidity,rmax_10pct,Maximum relative humidity per 10 pct,Maximum relative humidity,Q1 reference,8.050006507890142,678254,998,TRUE,1000,3217,0.1837082406499585
KI,Kidney,heat_humidity,rmax_10pct,Maximum relative humidity per 10 pct,Maximum relative humidity,Q1 reference,8.050006507890142,678254,998,TRUE,1000,3294,0.1854154522642123
KI,Kidney,heat_humidity,rmax_10pct,Maximum relative humidity per 10 pct,Maximum relative humidity,Q1 reference,8.050006507890142,678254,998,TRUE,1000,3395,0.18712133936801367
KI,Kidney,heat_humidity,rmax_10pct,Maximum relative humidity per 10 pct,Maximum relative humidity,Q1 reference,8.050006507890142,678254,998,TRUE,1000,3448,0.1889268272784771
KI,Kidney,heat_humidity,rmax_10pct,Maximum relative humidity per 10 pct,Maximum relative humidity,Q1 reference,8.050006507890142,678254,998,TRUE,1000,3451,0.19073539356064217
KI,Kidney,heat_humidity,rmax_10pct,Maximum relative humidity per 10 pct,Maximum relative humidity,Q1 reference,8.050006507890142,678254,998,TRUE,1000,3551,0.19254308148960453
KI,Kidney,heat_humidity,rmax_10pct,Maximum relative humidity per 10 pct,Maximum relative humidity,Q1 reference,8.050006507890142,678254,998,TRUE,1000,3576,0.19435611584247625
KI,Kidney,heat_humidity,rmax_10pct,Maximum relative humidity per 10 pct,Maximum relative humidity,Q1 reference,8.050006507890142,678254,998,TRUE,1000,3594,0.19617658113532022
KI,Kidney,heat_humidity,rmax_10pct,Maximum relative humidity per 10 pct,Maximum relative humidity,Q1 reference,8.050006507890142,678254,998,TRUE,1000,3614,0.1980024244562254
KI,Kidney,heat_humidity,rmax_10pct,Maximum relative humidity per 10 pct,Maximum relative humidity,Q1 reference,8.050006507890142,678254,998,TRUE,1000,4058,0.20023920643158055
KI,Kidney,heat_humidity,rmax_10pct,Maximum relative humidity per 10 pct,Maximum relative humidity,Q1 reference,8.050006507890142,678254,998,TRUE,1000,4422,0.2030870727692622
KI,Kidney,heat_humidity,rmax_10pct,Maximum relative humidity per 10 pct,Maximum relative humidity,Q1 reference,8.050006507890142,678254,998,TRUE,1000,5050,0.2067270961077038
KI,Kidney,heat_humidity,rmax_10pct,Maximum relative humidity per 10 pct,Maximum relative humidity,Q2 reference,8.548836953894641,678254,998,TRUE,1000,12,9.024960188626086e-4
KI,Kidney,heat_humidity,rmax_10pct,Maximum relative humidity per 10 pct,Maximum relative humidity,Q2 reference,8.548836953894641,678254,998,TRUE,1000,15,0.0018045324948988695
KI,Kidney,heat_humidity,rmax_10pct,Maximum relative humidity per 10 pct,Maximum relative humidity,Q2 reference,8.548836953894641,678254,998,TRUE,1000,23,0.002706831281130806
KI,Kidney,heat_humidity,rmax_10pct,Maximum relative humidity per 10 pct,Maximum relative humidity,Q2 reference,8.548836953894641,678254,998,TRUE,1000,33,0.0036103424663769257
KI,Kidney,heat_humidity,rmax_10pct,Maximum relative humidity per 10 pct,Maximum relative humidity,Q2 reference,8.548836953894641,678254,998,TRUE,1000,67,0.004517040606409117
KI,Kidney,heat_humidity,rmax_10pct,Maximum relative humidity per 10 pct,Maximum relative humidity,Q2 reference,8.548836953894641,678254,998,TRUE,1000,78,0.005423632960571467
KI,Kidney,heat_humidity,rmax_10pct,Maximum relative humidity per 10 pct,Maximum relative humidity,Q2 reference,8.548836953894641,678254,998,TRUE,1000,84,0.00633276766623303
KI,Kidney,heat_humidity,rmax_10pct,Maximum relative humidity per 10 pct,Maximum relative humidity,Q2 reference,8.548836953894641,678254,998,TRUE,1000,88,0.007241794173870497
KI,Kidney,heat_humidity,rmax_10pct,Maximum relative humidity per 10 pct,Maximum relative humidity,Q2 reference,8.548836953894641,678254,998,TRUE,1000,89,0.008151374399381739
KI,Kidney,heat_humidity,rmax_10pct,Maximum relative humidity per 10 pct,Maximum relative humidity,Q2 reference,8.548836953894641,678254,998,TRUE,1000,113,0.009064078278239962
KI,Kidney,heat_humidity,rmax_10pct,Maximum relative humidity per 10 pct,Maximum relative humidity,Q2 reference,8.548836953894641,678254,998,TRUE,1000,139,0.009977773553460967
KI,Kidney,heat_humidity,rmax_10pct,Maximum relative humidity per 10 pct,Maximum relative humidity,Q2 reference,8.548836953894641,678254,998,TRUE,1000,157,0.01089119316357312
KI,Kidney,heat_humidity,rmax_10pct,Maximum relative humidity per 10 pct,Maximum relative humidity,Q2 reference,8.548836953894641,678254,998,TRUE,1000,160,0.01180400953593197
KI,Kidney,heat_humidity,rmax_10pct,Maximum relative humidity per 10 pct,Maximum relative humidity,Q2 reference,8.548836953894641,678254,998,TRUE,1000,173,0.012720919408536147
KI,Kidney,heat_humidity,rmax_10pct,Maximum relative humidity per 10 pct,Maximum relative humidity,Q2 reference,8.548836953894641,678254,998,TRUE,1000,175,0.014554267471085236
KI,Kidney,heat_humidity,rmax_10pct,Maximum relative humidity per 10 pct,Maximum relative humidity,Q2 reference,8.548836953894641,678254,998,TRUE,1000,186,0.015472911622476881
KI,Kidney,heat_humidity,rmax_10pct,Maximum relative humidity per 10 pct,Maximum relative humidity,Q2 reference,8.548836953894641,678254,998,TRUE,1000,198,0.016394950022840304
KI,Kidney,heat_humidity,rmax_10pct,Maximum relative humidity per 10 pct,Maximum relative humidity,Q2 reference,8.548836953894641,678254,998,TRUE,1000,203,0.017316867498124555
KI,Kidney,heat_humidity,rmax_10pct,Maximum relative humidity per 10 pct,Maximum relative humidity,Q2 reference,8.548836953894641,678254,998,TRUE,1000,210,0.018239963405599302
KI,Kidney,heat_humidity,rmax_10pct,Maximum relative humidity per 10 pct,Maximum relative humidity,Q2 reference,8.548836953894641,678254,998,TRUE,1000,237,0.019163273516505597
KI,Kidney,heat_humidity,rmax_10pct,Maximum relative humidity per 10 pct,Maximum relative humidity,Q2 reference,8.548836953894641,678254,998,TRUE,1000,266,0.020092091432474257
KI,Kidney,heat_humidity,rmax_10pct,Maximum relative humidity per 10 pct,Maximum relative humidity,Q2 reference,8.548836953894641,678254,998,TRUE,1000,290,0.021026162765923506
KI,Kidney,heat_humidity,rmax_10pct,Maximum relative humidity per 10 pct,Maximum relative humidity,Q2 reference,8.548836953894641,678254,998,TRUE,1000,299,0.02195991116684004
KI,Kidney,heat_humidity,rmax_10pct,Maximum relative humidity per 10 pct,Maximum relative humidity,Q2 reference,8.548836953894641,678254,998,TRUE,1000,302,0.02289403558574954
KI,Kidney,heat_humidity,rmax_10pct,Maximum relative humidity per 10 pct,Maximum relative humidity,Q2 reference,8.548836953894641,678254,998,TRUE,1000,321,0.023829668990548614
KI,Kidney,heat_humidity,rmax_10pct,Maximum relative humidity per 10 pct,Maximum relative humidity,Q2 reference,8.548836953894641,678254,998,TRUE,1000,333,0.02476652232292842
KI,Kidney,heat_humidity,rmax_10pct,Maximum relative humidity per 10 pct,Maximum relative humidity,Q2 reference,8.548836953894641,678254,998,TRUE,1000,334,0.025703650623677854
KI,Kidney,heat_humidity,rmax_10pct,Maximum relative humidity per 10 pct,Maximum relative humidity,Q2 reference,8.548836953894641,678254,998,TRUE,1000,374,0.02664518701614893
KI,Kidney,heat_humidity,rmax_10pct,Maximum relative humidity per 10 pct,Maximum relative humidity,Q2 reference,8.548836953894641,678254,998,TRUE,1000,388,0.027586681724566686
KI,Kidney,heat_humidity,rmax_10pct,Maximum relative humidity per 10 pct,Maximum relative humidity,Q2 reference,8.548836953894641,678254,998,TRUE,1000,392,0.028531825036125724
KI,Kidney,heat_humidity,rmax_10pct,Maximum relative humidity per 10 pct,Maximum relative humidity,Q2 reference,8.548836953894641,678254,998,TRUE,1000,444,0.029481622651429396
KI,Kidney,heat_humidity,rmax_10pct,Maximum relative humidity per 10 pct,Maximum relative humidity,Q2 reference,8.548836953894641,678254,998,TRUE,1000,445,0.030434325273187568
KI,Kidney,heat_humidity,rmax_10pct,Maximum relative humidity per 10 pct,Maximum relative humidity,Q2 reference,8.548836953894641,678254,998,TRUE,1000,454,0.03138742305934794
KI,Kidney,heat_humidity,rmax_10pct,Maximum relative humidity per 10 pct,Maximum relative humidity,Q2 reference,8.548836953894641,678254,998,TRUE,1000,462,0.03234025406566754
KI,Kidney,heat_humidity,rmax_10pct,Maximum relative humidity per 10 pct,Maximum relative humidity,Q2 reference,8.548836953894641,678254,998,TRUE,1000,494,0.033296365069867107
KI,Kidney,heat_humidity,rmax_10pct,Maximum relative humidity per 10 pct,Maximum relative humidity,Q2 reference,8.548836953894641,678254,998,TRUE,1000,517,0.034256150141986685
KI,Kidney,heat_humidity,rmax_10pct,Maximum relative humidity per 10 pct,Maximum relative humidity,Q2 reference,8.548836953894641,678254,998,TRUE,1000,523,0.03521704982907414
KI,Kidney,heat_humidity,rmax_10pct,Maximum relative humidity per 10 pct,Maximum relative humidity,Q2 reference,8.548836953894641,678254,998,TRUE,1000,524,0.036179215519762
KI,Kidney,heat_humidity,rmax_10pct,Maximum relative humidity per 10 pct,Maximum relative humidity,Q2 reference,8.548836953894641,678254,998,TRUE,1000,611,0.037151301717774365
KI,Kidney,heat_humidity,rmax_10pct,Maximum relative humidity per 10 pct,Maximum relative humidity,Q2 reference,8.548836953894641,678254,998,TRUE,1000,614,0.038124916115501506
KI,Kidney,heat_humidity,rmax_10pct,Maximum relative humidity per 10 pct,Maximum relative humidity,Q2 reference,8.548836953894641,678254,998,TRUE,1000,620,0.039100726783408146
KI,Kidney,heat_humidity,rmax_10pct,Maximum relative humidity per 10 pct,Maximum relative humidity,Q2 reference,8.548836953894641,678254,998,TRUE,1000,630,0.04007762840986062
KI,Kidney,heat_humidity,rmax_10pct,Maximum relative humidity per 10 pct,Maximum relative humidity,Q2 reference,8.548836953894641,678254,998,TRUE,1000,634,0.0410545769857068
KI,Kidney,heat_humidity,rmax_10pct,Maximum relative humidity per 10 pct,Maximum relative humidity,Q2 reference,8.548836953894641,678254,998,TRUE,1000,706,0.04203703162089634
KI,Kidney,heat_humidity,rmax_10pct,Maximum relative humidity per 10 pct,Maximum relative humidity,Q2 reference,8.548836953894641,678254,998,TRUE,1000,728,0.04302350260035004
KI,Kidney,heat_humidity,rmax_10pct,Maximum relative humidity per 10 pct,Maximum relative humidity,Q2 reference,8.548836953894641,678254,998,TRUE,1000,737,0.044011011722154825
KI,Kidney,heat_humidity,rmax_10pct,Maximum relative humidity per 10 pct,Maximum relative humidity,Q2 reference,8.548836953894641,678254,998,TRUE,1000,741,0.045003194735531715
KI,Kidney,heat_humidity,rmax_10pct,Maximum relative humidity per 10 pct,Maximum relative humidity,Q2 reference,8.548836953894641,678254,998,TRUE,1000,747,0.04599594861185452
KI,Kidney,heat_humidity,rmax_10pct,Maximum relative humidity per 10 pct,Maximum relative humidity,Q2 reference,8.548836953894641,678254,998,TRUE,1000,792,0.046991014841064604
KI,Kidney,heat_humidity,rmax_10pct,Maximum relative humidity per 10 pct,Maximum relative humidity,Q2 reference,8.548836953894641,678254,998,TRUE,1000,842,0.04799186072062944
KI,Kidney,heat_humidity,rmax_10pct,Maximum relative humidity per 10 pct,Maximum relative humidity,Q2 reference,8.548836953894641,678254,998,TRUE,1000,853,0.04899254584878232
KI,Kidney,heat_humidity,rmax_10pct,Maximum relative humidity per 10 pct,Maximum relative humidity,Q2 reference,8.548836953894641,678254,998,TRUE,1000,878,0.0499970893532804
KI,Kidney,heat_humidity,rmax_10pct,Maximum relative humidity per 10 pct,Maximum relative humidity,Q2 reference,8.548836953894641,678254,998,TRUE,1000,879,0.052005259026650874
KI,Kidney,heat_humidity,rmax_10pct,Maximum relative humidity per 10 pct,Maximum relative humidity,Q2 reference,8.548836953894641,678254,998,TRUE,1000,883,0.05301432594692723
KI,Kidney,heat_humidity,rmax_10pct,Maximum relative humidity per 10 pct,Maximum relative humidity,Q2 reference,8.548836953894641,678254,998,TRUE,1000,887,0.05402419819613513
KI,Kidney,heat_humidity,rmax_10pct,Maximum relative humidity per 10 pct,Maximum relative humidity,Q2 reference,8.548836953894641,678254,998,TRUE,1000,906,0.05503423238749883
KI,Kidney,heat_humidity,rmax_10pct,Maximum relative humidity per 10 pct,Maximum relative humidity,Q2 reference,8.548836953894641,678254,998,TRUE,1000,931,0.05604842729605419
KI,Kidney,heat_humidity,rmax_10pct,Maximum relative humidity per 10 pct,Maximum relative humidity,Q2 reference,8.548836953894641,678254,998,TRUE,1000,934,0.057063022193580726
KI,Kidney,heat_humidity,rmax_10pct,Maximum relative humidity per 10 pct,Maximum relative humidity,Q2 reference,8.548836953894641,678254,998,TRUE,1000,949,0.05807979759948789
KI,Kidney,heat_humidity,rmax_10pct,Maximum relative humidity per 10 pct,Maximum relative humidity,Q2 reference,8.548836953894641,678254,998,TRUE,1000,951,0.05909651472190047
KI,Kidney,heat_humidity,rmax_10pct,Maximum relative humidity per 10 pct,Maximum relative humidity,Q2 reference,8.548836953894641,678254,998,TRUE,1000,953,0.060114660855762336
KI,Kidney,heat_humidity,rmax_10pct,Maximum relative humidity per 10 pct,Maximum relative humidity,Q2 reference,8.548836953894641,678254,998,TRUE,1000,976,0.06113355844536439
KI,Kidney,heat_humidity,rmax_10pct,Maximum relative humidity per 10 pct,Maximum relative humidity,Q2 reference,8.548836953894641,678254,998,TRUE,1000,997,0.06215704465790739
KI,Kidney,heat_humidity,rmax_10pct,Maximum relative humidity per 10 pct,Maximum relative humidity,Q2 reference,8.548836953894641,678254,998,TRUE,1000,1013,0.06420549547142584
KI,Kidney,heat_humidity,rmax_10pct,Maximum relative humidity per 10 pct,Maximum relative humidity,Q2 reference,8.548836953894641,678254,998,TRUE,1000,1023,0.06523020290619552
KI,Kidney,heat_humidity,rmax_10pct,Maximum relative humidity per 10 pct,Maximum relative humidity,Q2 reference,8.548836953894641,678254,998,TRUE,1000,1025,0.06625764720867955
KI,Kidney,heat_humidity,rmax_10pct,Maximum relative humidity per 10 pct,Maximum relative humidity,Q2 reference,8.548836953894641,678254,998,TRUE,1000,1029,0.06728688421090145
KI,Kidney,heat_humidity,rmax_10pct,Maximum relative humidity per 10 pct,Maximum relative humidity,Q2 reference,8.548836953894641,678254,998,TRUE,1000,1050,0.06832009036002129
KI,Kidney,heat_humidity,rmax_10pct,Maximum relative humidity per 10 pct,Maximum relative humidity,Q2 reference,8.548836953894641,678254,998,TRUE,1000,1056,0.06935510379994148
KI,Kidney,heat_humidity,rmax_10pct,Maximum relative humidity per 10 pct,Maximum relative humidity,Q2 reference,8.548836953894641,678254,998,TRUE,1000,1092,0.07039890708432595
KI,Kidney,heat_humidity,rmax_10pct,Maximum relative humidity per 10 pct,Maximum relative humidity,Q2 reference,8.548836953894641,678254,998,TRUE,1000,1096,0.07144382186666376
KI,Kidney,heat_humidity,rmax_10pct,Maximum relative humidity per 10 pct,Maximum relative humidity,Q2 reference,8.548836953894641,678254,998,TRUE,1000,1115,0.072490303280624
KI,Kidney,heat_humidity,rmax_10pct,Maximum relative humidity per 10 pct,Maximum relative humidity,Q2 reference,8.548836953894641,678254,998,TRUE,1000,1124,0.07353683935798627
KI,Kidney,heat_humidity,rmax_10pct,Maximum relative humidity per 10 pct,Maximum relative humidity,Q2 reference,8.548836953894641,678254,998,TRUE,1000,1134,0.07458314055248672
KI,Kidney,heat_humidity,rmax_10pct,Maximum relative humidity per 10 pct,Maximum relative humidity,Q2 reference,8.548836953894641,678254,998,TRUE,1000,1165,0.07563074082096277
KI,Kidney,heat_humidity,rmax_10pct,Maximum relative humidity per 10 pct,Maximum relative humidity,Q2 reference,8.548836953894641,678254,998,TRUE,1000,1170,0.07668713288555062
KI,Kidney,heat_humidity,rmax_10pct,Maximum relative humidity per 10 pct,Maximum relative humidity,Q2 reference,8.548836953894641,678254,998,TRUE,1000,1197,0.07775120803684221
KI,Kidney,heat_humidity,rmax_10pct,Maximum relative humidity per 10 pct,Maximum relative humidity,Q2 reference,8.548836953894641,678254,998,TRUE,1000,1199,0.07881934925089318
KI,Kidney,heat_humidity,rmax_10pct,Maximum relative humidity per 10 pct,Maximum relative humidity,Q2 reference,8.548836953894641,678254,998,TRUE,1000,1320,0.07990224538018964
KI,Kidney,heat_humidity,rmax_10pct,Maximum relative humidity per 10 pct,Maximum relative humidity,Q2 reference,8.548836953894641,678254,998,TRUE,1000,1359,0.08099043418800822
KI,Kidney,heat_humidity,rmax_10pct,Maximum relative humidity per 10 pct,Maximum relative humidity,Q2 reference,8.548836953894641,678254,998,TRUE,1000,1374,0.08207915229063589
KI,Kidney,heat_humidity,rmax_10pct,Maximum relative humidity per 10 pct,Maximum relative humidity,Q2 reference,8.548836953894641,678254,998,TRUE,1000,1398,0.08317080426519763
KI,Kidney,heat_humidity,rmax_10pct,Maximum relative humidity per 10 pct,Maximum relative humidity,Q2 reference,8.548836953894641,678254,998,TRUE,1000,1407,0.08426274445940263
KI,Kidney,heat_humidity,rmax_10pct,Maximum relative humidity per 10 pct,Maximum relative humidity,Q2 reference,8.548836953894641,678254,998,TRUE,1000,1414,0.08644812340107122
KI,Kidney,heat_humidity,rmax_10pct,Maximum relative humidity per 10 pct,Maximum relative humidity,Q2 reference,8.548836953894641,678254,998,TRUE,1000,1418,0.08754063959270941
KI,Kidney,heat_humidity,rmax_10pct,Maximum relative humidity per 10 pct,Maximum relative humidity,Q2 reference,8.548836953894641,678254,998,TRUE,1000,1419,0.08863695266877936
KI,Kidney,heat_humidity,rmax_10pct,Maximum relative humidity per 10 pct,Maximum relative humidity,Q2 reference,8.548836953894641,678254,998,TRUE,1000,1422,0.0897357592133955
KI,Kidney,heat_humidity,rmax_10pct,Maximum relative humidity per 10 pct,Maximum relative humidity,Q2 reference,8.548836953894641,678254,998,TRUE,1000,1444,0.09193210338736091
KI,Kidney,heat_humidity,rmax_10pct,Maximum relative humidity per 10 pct,Maximum relative humidity,Q2 reference,8.548836953894641,678254,998,TRUE,1000,1461,0.09303600128878042
KI,Kidney,heat_humidity,rmax_10pct,Maximum relative humidity per 10 pct,Maximum relative humidity,Q2 reference,8.548836953894641,678254,998,TRUE,1000,1504,0.09528297999345858
KI,Kidney,heat_humidity,rmax_10pct,Maximum relative humidity per 10 pct,Maximum relative humidity,Q2 reference,8.548836953894641,678254,998,TRUE,1000,1524,0.09641495144538292
KI,Kidney,heat_humidity,rmax_10pct,Maximum relative humidity per 10 pct,Maximum relative humidity,Q2 reference,8.548836953894641,678254,998,TRUE,1000,1526,0.09754754062959159
KI,Kidney,heat_humidity,rmax_10pct,Maximum relative humidity per 10 pct,Maximum relative humidity,Q2 reference,8.548836953894641,678254,998,TRUE,1000,1539,0.09868094037765407
KI,Kidney,heat_humidity,rmax_10pct,Maximum relative humidity per 10 pct,Maximum relative humidity,Q2 reference,8.548836953894641,678254,998,TRUE,1000,1543,0.09981502822278698
KI,Kidney,heat_humidity,rmax_10pct,Maximum relative humidity per 10 pct,Maximum relative humidity,Q2 reference,8.548836953894641,678254,998,TRUE,1000,1556,0.10094868165940774
KI,Kidney,heat_humidity,rmax_10pct,Maximum relative humidity per 10 pct,Maximum relative humidity,Q2 reference,8.548836953894641,678254,998,TRUE,1000,1562,0.10208551374508279
KI,Kidney,heat_humidity,rmax_10pct,Maximum relative humidity per 10 pct,Maximum relative humidity,Q2 reference,8.548836953894641,678254,998,TRUE,1000,1567,0.10322944984737592
KI,Kidney,heat_humidity,rmax_10pct,Maximum relative humidity per 10 pct,Maximum relative humidity,Q2 reference,8.548836953894641,678254,998,TRUE,1000,1577,0.10437394365364594
KI,Kidney,heat_humidity,rmax_10pct,Maximum relative humidity per 10 pct,Maximum relative humidity,Q2 reference,8.548836953894641,678254,998,TRUE,1000,1592,0.1055198723520927
KI,Kidney,heat_humidity,rmax_10pct,Maximum relative humidity per 10 pct,Maximum relative humidity,Q2 reference,8.548836953894641,678254,998,TRUE,1000,1605,0.10667264091255513
KI,Kidney,heat_humidity,rmax_10pct,Maximum relative humidity per 10 pct,Maximum relative humidity,Q2 reference,8.548836953894641,678254,998,TRUE,1000,1606,0.10783006745107326
KI,Kidney,heat_humidity,rmax_10pct,Maximum relative humidity per 10 pct,Maximum relative humidity,Q2 reference,8.548836953894641,678254,998,TRUE,1000,1610,0.10899105472001458
KI,Kidney,heat_humidity,rmax_10pct,Maximum relative humidity per 10 pct,Maximum relative humidity,Q2 reference,8.548836953894641,678254,998,TRUE,1000,1616,0.11015767727935943
KI,Kidney,heat_humidity,rmax_10pct,Maximum relative humidity per 10 pct,Maximum relative humidity,Q2 reference,8.548836953894641,678254,998,TRUE,1000,1628,0.11132408537138594
KI,Kidney,heat_humidity,rmax_10pct,Maximum relative humidity per 10 pct,Maximum relative humidity,Q2 reference,8.548836953894641,678254,998,TRUE,1000,1657,0.11250028203520646
KI,Kidney,heat_humidity,rmax_10pct,Maximum relative humidity per 10 pct,Maximum relative humidity,Q2 reference,8.548836953894641,678254,998,TRUE,1000,1666,0.11367737452071291
KI,Kidney,heat_humidity,rmax_10pct,Maximum relative humidity per 10 pct,Maximum relative humidity,Q2 reference,8.548836953894641,678254,998,TRUE,1000,1688,0.11486489516364207
KI,Kidney,heat_humidity,rmax_10pct,Maximum relative humidity per 10 pct,Maximum relative humidity,Q2 reference,8.548836953894641,678254,998,TRUE,1000,1699,0.11605894706180753
KI,Kidney,heat_humidity,rmax_10pct,Maximum relative humidity per 10 pct,Maximum relative humidity,Q2 reference,8.548836953894641,678254,998,TRUE,1000,1716,0.11725407306014901
KI,Kidney,heat_humidity,rmax_10pct,Maximum relative humidity per 10 pct,Maximum relative humidity,Q2 reference,8.548836953894641,678254,998,TRUE,1000,1747,0.11845362974719964
KI,Kidney,heat_humidity,rmax_10pct,Maximum relative humidity per 10 pct,Maximum relative humidity,Q2 reference,8.548836953894641,678254,998,TRUE,1000,1777,0.11965338201672349
KI,Kidney,heat_humidity,rmax_10pct,Maximum relative humidity per 10 pct,Maximum relative humidity,Q2 reference,8.548836953894641,678254,998,TRUE,1000,1812,0.12086876281754488
KI,Kidney,heat_humidity,rmax_10pct,Maximum relative humidity per 10 pct,Maximum relative humidity,Q2 reference,8.548836953894641,678254,998,TRUE,1000,1896,0.12209746671444732
KI,Kidney,heat_humidity,rmax_10pct,Maximum relative humidity per 10 pct,Maximum relative humidity,Q2 reference,8.548836953894641,678254,998,TRUE,1000,1905,0.12332610669251243
KI,Kidney,heat_humidity,rmax_10pct,Maximum relative humidity per 10 pct,Maximum relative humidity,Q2 reference,8.548836953894641,678254,998,TRUE,1000,1923,0.12455828902123045
KI,Kidney,heat_humidity,rmax_10pct,Maximum relative humidity per 10 pct,Maximum relative humidity,Q2 reference,8.548836953894641,678254,998,TRUE,1000,1937,0.12579259622277417
KI,Kidney,heat_humidity,rmax_10pct,Maximum relative humidity per 10 pct,Maximum relative humidity,Q2 reference,8.548836953894641,678254,998,TRUE,1000,1945,0.127032427874735
KI,Kidney,heat_humidity,rmax_10pct,Maximum relative humidity per 10 pct,Maximum relative humidity,Q2 reference,8.548836953894641,678254,998,TRUE,1000,1961,0.12828434313859627
KI,Kidney,heat_humidity,rmax_10pct,Maximum relative humidity per 10 pct,Maximum relative humidity,Q2 reference,8.548836953894641,678254,998,TRUE,1000,2014,0.12954787928390266
KI,Kidney,heat_humidity,rmax_10pct,Maximum relative humidity per 10 pct,Maximum relative humidity,Q2 reference,8.548836953894641,678254,998,TRUE,1000,2040,0.13082127943638922
KI,Kidney,heat_humidity,rmax_10pct,Maximum relative humidity per 10 pct,Maximum relative humidity,Q2 reference,8.548836953894641,678254,998,TRUE,1000,2042,0.13209437850971073
KI,Kidney,heat_humidity,rmax_10pct,Maximum relative humidity per 10 pct,Maximum relative humidity,Q2 reference,8.548836953894641,678254,998,TRUE,1000,2122,0.13339990429133397
KI,Kidney,heat_humidity,rmax_10pct,Maximum relative humidity per 10 pct,Maximum relative humidity,Q2 reference,8.548836953894641,678254,998,TRUE,1000,2150,0.13470532328497897
KI,Kidney,heat_humidity,rmax_10pct,Maximum relative humidity per 10 pct,Maximum relative humidity,Q2 reference,8.548836953894641,678254,998,TRUE,1000,2166,0.13601198006334525
KI,Kidney,heat_humidity,rmax_10pct,Maximum relative humidity per 10 pct,Maximum relative humidity,Q2 reference,8.548836953894641,678254,998,TRUE,1000,2176,0.13731815714073758
KI,Kidney,heat_humidity,rmax_10pct,Maximum relative humidity per 10 pct,Maximum relative humidity,Q2 reference,8.548836953894641,678254,998,TRUE,1000,2233,0.13864585349787217
KI,Kidney,heat_humidity,rmax_10pct,Maximum relative humidity per 10 pct,Maximum relative humidity,Q2 reference,8.548836953894641,678254,998,TRUE,1000,2259,0.13997404658859713
KI,Kidney,heat_humidity,rmax_10pct,Maximum relative humidity per 10 pct,Maximum relative humidity,Q2 reference,8.548836953894641,678254,998,TRUE,1000,2260,0.1413062027587958
KI,Kidney,heat_humidity,rmax_10pct,Maximum relative humidity per 10 pct,Maximum relative humidity,Q2 reference,8.548836953894641,678254,998,TRUE,1000,2273,0.14264652378206533
KI,Kidney,heat_humidity,rmax_10pct,Maximum relative humidity per 10 pct,Maximum relative humidity,Q2 reference,8.548836953894641,678254,998,TRUE,1000,2275,0.1439887224622537
KI,Kidney,heat_humidity,rmax_10pct,Maximum relative humidity per 10 pct,Maximum relative humidity,Q2 reference,8.548836953894641,678254,998,TRUE,1000,2308,0.14533272236065564
KI,Kidney,heat_humidity,rmax_10pct,Maximum relative humidity per 10 pct,Maximum relative humidity,Q2 reference,8.548836953894641,678254,998,TRUE,1000,2345,0.14669745375227816
KI,Kidney,heat_humidity,rmax_10pct,Maximum relative humidity per 10 pct,Maximum relative humidity,Q2 reference,8.548836953894641,678254,998,TRUE,1000,2368,0.1480827348702659
KI,Kidney,heat_humidity,rmax_10pct,Maximum relative humidity per 10 pct,Maximum relative humidity,Q2 reference,8.548836953894641,678254,998,TRUE,1000,2407,0.1494696419258723
KI,Kidney,heat_humidity,rmax_10pct,Maximum relative humidity per 10 pct,Maximum relative humidity,Q2 reference,8.548836953894641,678254,998,TRUE,1000,2443,0.15085681589613165
KI,Kidney,heat_humidity,rmax_10pct,Maximum relative humidity per 10 pct,Maximum relative humidity,Q2 reference,8.548836953894641,678254,998,TRUE,1000,2461,0.1522450022402012
KI,Kidney,heat_humidity,rmax_10pct,Maximum relative humidity per 10 pct,Maximum relative humidity,Q2 reference,8.548836953894641,678254,998,TRUE,1000,2465,0.1536331162840595
KI,Kidney,heat_humidity,rmax_10pct,Maximum relative humidity per 10 pct,Maximum relative humidity,Q2 reference,8.548836953894641,678254,998,TRUE,1000,2473,0.15502239805344675
KI,Kidney,heat_humidity,rmax_10pct,Maximum relative humidity per 10 pct,Maximum relative humidity,Q2 reference,8.548836953894641,678254,998,TRUE,1000,2500,0.15643422251602346
KI,Kidney,heat_humidity,rmax_10pct,Maximum relative humidity per 10 pct,Maximum relative humidity,Q2 reference,8.548836953894641,678254,998,TRUE,1000,2533,0.1578668860388821
KI,Kidney,heat_humidity,rmax_10pct,Maximum relative humidity per 10 pct,Maximum relative humidity,Q2 reference,8.548836953894641,678254,998,TRUE,1000,2595,0.15930252471852502
KI,Kidney,heat_humidity,rmax_10pct,Maximum relative humidity per 10 pct,Maximum relative humidity,Q2 reference,8.548836953894641,678254,998,TRUE,1000,2598,0.1607413432006085
KI,Kidney,heat_humidity,rmax_10pct,Maximum relative humidity per 10 pct,Maximum relative humidity,Q2 reference,8.548836953894641,678254,998,TRUE,1000,2613,0.16219832780656163
KI,Kidney,heat_humidity,rmax_10pct,Maximum relative humidity per 10 pct,Maximum relative humidity,Q2 reference,8.548836953894641,678254,998,TRUE,1000,2627,0.1636737147665943
KI,Kidney,heat_humidity,rmax_10pct,Maximum relative humidity per 10 pct,Maximum relative humidity,Q2 reference,8.548836953894641,678254,998,TRUE,1000,2672,0.1651504916919968
KI,Kidney,heat_humidity,rmax_10pct,Maximum relative humidity per 10 pct,Maximum relative humidity,Q2 reference,8.548836953894641,678254,998,TRUE,1000,2719,0.16663158169279735
KI,Kidney,heat_humidity,rmax_10pct,Maximum relative humidity per 10 pct,Maximum relative humidity,Q2 reference,8.548836953894641,678254,998,TRUE,1000,2788,0.1681693589294695
KI,Kidney,heat_humidity,rmax_10pct,Maximum relative humidity per 10 pct,Maximum relative humidity,Q2 reference,8.548836953894641,678254,998,TRUE,1000,2801,0.16970532395963323
KI,Kidney,heat_humidity,rmax_10pct,Maximum relative humidity per 10 pct,Maximum relative humidity,Q2 reference,8.548836953894641,678254,998,TRUE,1000,2816,0.1712415616032219
KI,Kidney,heat_humidity,rmax_10pct,Maximum relative humidity per 10 pct,Maximum relative humidity,Q2 reference,8.548836953894641,678254,998,TRUE,1000,2863,0.17280162869202897
KI,Kidney,heat_humidity,rmax_10pct,Maximum relative humidity per 10 pct,Maximum relative humidity,Q2 reference,8.548836953894641,678254,998,TRUE,1000,2914,0.17440902839728134
KI,Kidney,heat_humidity,rmax_10pct,Maximum relative humidity per 10 pct,Maximum relative humidity,Q2 reference,8.548836953894641,678254,998,TRUE,1000,2948,0.17601944831744898
KI,Kidney,heat_humidity,rmax_10pct,Maximum relative humidity per 10 pct,Maximum relative humidity,Q2 reference,8.548836953894641,678254,998,TRUE,1000,3010,0.17763003585904236
KI,Kidney,heat_humidity,rmax_10pct,Maximum relative humidity per 10 pct,Maximum relative humidity,Q2 reference,8.548836953894641,678254,998,TRUE,1000,3047,0.17924694852073308
KI,Kidney,heat_humidity,rmax_10pct,Maximum relative humidity per 10 pct,Maximum relative humidity,Q2 reference,8.548836953894641,678254,998,TRUE,1000,3217,0.18089510757997462
KI,Kidney,heat_humidity,rmax_10pct,Maximum relative humidity per 10 pct,Maximum relative humidity,Q2 reference,8.548836953894641,678254,998,TRUE,1000,3294,0.18257919774072096
KI,Kidney,heat_humidity,rmax_10pct,Maximum relative humidity per 10 pct,Maximum relative humidity,Q2 reference,8.548836953894641,678254,998,TRUE,1000,3395,0.18426204108184552
KI,Kidney,heat_humidity,rmax_10pct,Maximum relative humidity per 10 pct,Maximum relative humidity,Q2 reference,8.548836953894641,678254,998,TRUE,1000,3448,0.18604320498833715
KI,Kidney,heat_humidity,rmax_10pct,Maximum relative humidity per 10 pct,Maximum relative humidity,Q2 reference,8.548836953894641,678254,998,TRUE,1000,3451,0.18782747316823456
KI,Kidney,heat_humidity,rmax_10pct,Maximum relative humidity per 10 pct,Maximum relative humidity,Q2 reference,8.548836953894641,678254,998,TRUE,1000,3551,0.1896109423312461
KI,Kidney,heat_humidity,rmax_10pct,Maximum relative humidity per 10 pct,Maximum relative humidity,Q2 reference,8.548836953894641,678254,998,TRUE,1000,3576,0.19139975426231592
KI,Kidney,heat_humidity,rmax_10pct,Maximum relative humidity per 10 pct,Maximum relative humidity,Q2 reference,8.548836953894641,678254,998,TRUE,1000,3594,0.19319596650476545
KI,Kidney,heat_humidity,rmax_10pct,Maximum relative humidity per 10 pct,Maximum relative humidity,Q2 reference,8.548836953894641,678254,998,TRUE,1000,3614,0.19499755438132227
KI,Kidney,heat_humidity,rmax_10pct,Maximum relative humidity per 10 pct,Maximum relative humidity,Q2 reference,8.548836953894641,678254,998,TRUE,1000,4058,0.1972047165546943
KI,Kidney,heat_humidity,rmax_10pct,Maximum relative humidity per 10 pct,Maximum relative humidity,Q2 reference,8.548836953894641,678254,998,TRUE,1000,4422,0.20001502246702718
KI,Kidney,heat_humidity,rmax_10pct,Maximum relative humidity per 10 pct,Maximum relative humidity,Q2 reference,8.548836953894641,678254,998,TRUE,1000,5050,0.20360728555727114
KI,Kidney,heat_humidity,rmax_10pct,Maximum relative humidity per 10 pct,Maximum relative humidity,Q4 reference,8.88922502847112,678254,998,TRUE,1000,12,8.920347095352499e-4
KI,Kidney,heat_humidity,rmax_10pct,Maximum relative humidity per 10 pct,Maximum relative humidity,Q4 reference,8.88922502847112,678254,998,TRUE,1000,15,0.0017836245404108109
KI,Kidney,heat_humidity,rmax_10pct,Maximum relative humidity per 10 pct,Maximum relative humidity,Q4 reference,8.88922502847112,678254,998,TRUE,1000,23,0.0026754829912174483
KI,Kidney,heat_humidity,rmax_10pct,Maximum relative humidity per 10 pct,Maximum relative humidity,Q4 reference,8.88922502847112,678254,998,TRUE,1000,33,0.0035685491889730914
KI,Kidney,heat_humidity,rmax_10pct,Maximum relative humidity per 10 pct,Maximum relative humidity,Q4 reference,8.88922502847112,678254,998,TRUE,1000,67,0.00446477493995201
KI,Kidney,heat_humidity,rmax_10pct,Maximum relative humidity per 10 pct,Maximum relative humidity,Q4 reference,8.88922502847112,678254,998,TRUE,1000,78,0.005360905591598297
KI,Kidney,heat_humidity,rmax_10pct,Maximum relative humidity per 10 pct,Maximum relative humidity,Q4 reference,8.88922502847112,678254,998,TRUE,1000,84,0.006259558769829532
KI,Kidney,heat_humidity,rmax_10pct,Maximum relative humidity per 10 pct,Maximum relative humidity,Q4 reference,8.88922502847112,678254,998,TRUE,1000,88,0.007158114530666171
KI,Kidney,heat_humidity,rmax_10pct,Maximum relative humidity per 10 pct,Maximum relative humidity,Q4 reference,8.88922502847112,678254,998,TRUE,1000,89,0.008057227181486826
KI,Kidney,heat_humidity,rmax_10pct,Maximum relative humidity per 10 pct,Maximum relative humidity,Q4 reference,8.88922502847112,678254,998,TRUE,1000,113,0.008959437149497429
KI,Kidney,heat_humidity,rmax_10pct,Maximum relative humidity per 10 pct,Maximum relative humidity,Q4 reference,8.88922502847112,678254,998,TRUE,1000,139,0.009862636767606792
KI,Kidney,heat_humidity,rmax_10pct,Maximum relative humidity per 10 pct,Maximum relative humidity,Q4 reference,8.88922502847112,678254,998,TRUE,1000,157,0.010765573549484486
KI,Kidney,heat_humidity,rmax_10pct,Maximum relative humidity per 10 pct,Maximum relative humidity,Q4 reference,8.88922502847112,678254,998,TRUE,1000,160,0.011667923676934588
KI,Kidney,heat_humidity,rmax_10pct,Maximum relative humidity per 10 pct,Maximum relative humidity,Q4 reference,8.88922502847112,678254,998,TRUE,1000,173,0.01257433010029485
KI,Kidney,heat_humidity,rmax_10pct,Maximum relative humidity per 10 pct,Maximum relative humidity,Q4 reference,8.88922502847112,678254,998,TRUE,1000,175,0.01438670595075442
KI,Kidney,heat_humidity,rmax_10pct,Maximum relative humidity per 10 pct,Maximum relative humidity,Q4 reference,8.88922502847112,678254,998,TRUE,1000,186,0.015294856160033676
KI,Kidney,heat_humidity,rmax_10pct,Maximum relative humidity per 10 pct,Maximum relative humidity,Q4 reference,8.88922502847112,678254,998,TRUE,1000,198,0.01620637172617212
KI,Kidney,heat_humidity,rmax_10pct,Maximum relative humidity per 10 pct,Maximum relative humidity,Q4 reference,8.88922502847112,678254,998,TRUE,1000,203,0.017117777654337196
KI,Kidney,heat_humidity,rmax_10pct,Maximum relative humidity per 10 pct,Maximum relative humidity,Q4 reference,8.88922502847112,678254,998,TRUE,1000,210,0.018030358513223654
KI,Kidney,heat_humidity,rmax_10pct,Maximum relative humidity per 10 pct,Maximum relative humidity,Q4 reference,8.88922502847112,678254,998,TRUE,1000,237,0.018943161089612914
KI,Kidney,heat_humidity,rmax_10pct,Maximum relative humidity per 10 pct,Maximum relative humidity,Q4 reference,8.88922502847112,678254,998,TRUE,1000,266,0.01986141884473025
KI,Kidney,heat_humidity,rmax_10pct,Maximum relative humidity per 10 pct,Maximum relative humidity,Q4 reference,8.88922502847112,678254,998,TRUE,1000,290,0.02078488046822724
KI,Kidney,heat_humidity,rmax_10pct,Maximum relative humidity per 10 pct,Maximum relative humidity,Q4 reference,8.88922502847112,678254,998,TRUE,1000,299,0.021708033039916974
KI,Kidney,heat_humidity,rmax_10pct,Maximum relative humidity per 10 pct,Maximum relative humidity,Q4 reference,8.88922502847112,678254,998,TRUE,1000,302,0.022631567589636137
KI,Kidney,heat_humidity,rmax_10pct,Maximum relative humidity per 10 pct,Maximum relative humidity,Q4 reference,8.88922502847112,678254,998,TRUE,1000,321,0.023556604282082283
KI,Kidney,heat_humidity,rmax_10pct,Maximum relative humidity per 10 pct,Maximum relative humidity,Q4 reference,8.88922502847112,678254,998,TRUE,1000,333,0.024482857387650547
KI,Kidney,heat_humidity,rmax_10pct,Maximum relative humidity per 10 pct,Maximum relative humidity,Q4 reference,8.88922502847112,678254,998,TRUE,1000,334,0.02540939267375708
KI,Kidney,heat_humidity,rmax_10pct,Maximum relative humidity per 10 pct,Maximum relative humidity,Q4 reference,8.88922502847112,678254,998,TRUE,1000,374,0.02634029663181825
KI,Kidney,heat_humidity,rmax_10pct,Maximum relative humidity per 10 pct,Maximum relative humidity,Q4 reference,8.88922502847112,678254,998,TRUE,1000,388,0.027271169818436913
KI,Kidney,heat_humidity,rmax_10pct,Maximum relative humidity per 10 pct,Maximum relative humidity,Q4 reference,8.88922502847112,678254,998,TRUE,1000,392,0.028205660959021772
KI,Kidney,heat_humidity,rmax_10pct,Maximum relative humidity per 10 pct,Maximum relative humidity,Q4 reference,8.88922502847112,678254,998,TRUE,1000,444,0.029144764568791337
KI,Kidney,heat_humidity,rmax_10pct,Maximum relative humidity per 10 pct,Maximum relative humidity,Q4 reference,8.88922502847112,678254,998,TRUE,1000,445,0.030086751183843297
KI,Kidney,heat_humidity,rmax_10pct,Maximum relative humidity per 10 pct,Maximum relative humidity,Q4 reference,8.88922502847112,678254,998,TRUE,1000,454,0.031029139259175054
KI,Kidney,heat_humidity,rmax_10pct,Maximum relative humidity per 10 pct,Maximum relative humidity,Q4 reference,8.88922502847112,678254,998,TRUE,1000,462,0.0319712743014946
KI,Kidney,heat_humidity,rmax_10pct,Maximum relative humidity per 10 pct,Maximum relative humidity,Q4 reference,8.88922502847112,678254,998,TRUE,1000,494,0.03291666333613996
KI,Kidney,heat_humidity,rmax_10pct,Maximum relative humidity per 10 pct,Maximum relative humidity,Q4 reference,8.88922502847112,678254,998,TRUE,1000,517,0.03386569614309176
KI,Kidney,heat_humidity,rmax_10pct,Maximum relative humidity per 10 pct,Maximum relative humidity,Q4 reference,8.88922502847112,678254,998,TRUE,1000,523,0.0348158420350958
KI,Kidney,heat_humidity,rmax_10pct,Maximum relative humidity per 10 pct,Maximum relative humidity,Q4 reference,8.88922502847112,678254,998,TRUE,1000,524,0.03576725075834908
KI,Kidney,heat_humidity,rmax_10pct,Maximum relative humidity per 10 pct,Maximum relative humidity,Q4 reference,8.88922502847112,678254,998,TRUE,1000,611,0.036728480263413577
KI,Kidney,heat_humidity,rmax_10pct,Maximum relative humidity per 10 pct,Maximum relative humidity,Q4 reference,8.88922502847112,678254,998,TRUE,1000,614,0.03769123218123993
KI,Kidney,heat_humidity,rmax_10pct,Maximum relative humidity per 10 pct,Maximum relative humidity,Q4 reference,8.88922502847112,678254,998,TRUE,1000,620,0.038656167205121106
KI,Kidney,heat_humidity,rmax_10pct,Maximum relative humidity per 10 pct,Maximum relative humidity,Q4 reference,8.88922502847112,678254,998,TRUE,1000,630,0.03962219241140552
KI,Kidney,heat_humidity,rmax_10pct,Maximum relative humidity per 10 pct,Maximum relative humidity,Q4 reference,8.88922502847112,678254,998,TRUE,1000,634,0.04058827544612276
KI,Kidney,heat_humidity,rmax_10pct,Maximum relative humidity per 10 pct,Maximum relative humidity,Q4 reference,8.88922502847112,678254,998,TRUE,1000,706,0.04155981481272186
KI,Kidney,heat_humidity,rmax_10pct,Maximum relative humidity per 10 pct,Maximum relative humidity,Q4 reference,8.88922502847112,678254,998,TRUE,1000,728,0.04253533752693328
KI,Kidney,heat_humidity,rmax_10pct,Maximum relative humidity per 10 pct,Maximum relative humidity,Q4 reference,8.88922502847112,678254,998,TRUE,1000,737,0.0435118985417664
KI,Kidney,heat_humidity,rmax_10pct,Maximum relative humidity per 10 pct,Maximum relative humidity,Q4 reference,8.88922502847112,678254,998,TRUE,1000,741,0.04449309341221985
KI,Kidney,heat_humidity,rmax_10pct,Maximum relative humidity per 10 pct,Maximum relative humidity,Q4 reference,8.88922502847112,678254,998,TRUE,1000,747,0.04547486465544914
KI,Kidney,heat_humidity,rmax_10pct,Maximum relative humidity per 10 pct,Maximum relative humidity,Q4 reference,8.88922502847112,678254,998,TRUE,1000,792,0.046458934559748255
KI,Kidney,heat_humidity,rmax_10pct,Maximum relative humidity per 10 pct,Maximum relative humidity,Q4 reference,8.88922502847112,678254,998,TRUE,1000,842,0.04744873226407187
KI,Kidney,heat_humidity,rmax_10pct,Maximum relative humidity per 10 pct,Maximum relative humidity,Q4 reference,8.88922502847112,678254,998,TRUE,1000,853,0.04843838305588899
KI,Kidney,heat_humidity,rmax_10pct,Maximum relative humidity per 10 pct,Maximum relative humidity,Q4 reference,8.88922502847112,678254,998,TRUE,1000,878,0.049431861824797974
KI,Kidney,heat_humidity,rmax_10pct,Maximum relative humidity per 10 pct,Maximum relative humidity,Q4 reference,8.88922502847112,678254,998,TRUE,1000,879,0.05141794866415028
KI,Kidney,heat_humidity,rmax_10pct,Maximum relative humidity per 10 pct,Maximum relative humidity,Q4 reference,8.88922502847112,678254,998,TRUE,1000,883,0.05241593779292897
KI,Kidney,heat_humidity,rmax_10pct,Maximum relative humidity per 10 pct,Maximum relative humidity,Q4 reference,8.88922502847112,678254,998,TRUE,1000,887,0.053414735756480924
KI,Kidney,heat_humidity,rmax_10pct,Maximum relative humidity per 10 pct,Maximum relative humidity,Q4 reference,8.88922502847112,678254,998,TRUE,1000,906,0.0544137062545087
KI,Kidney,heat_humidity,rmax_10pct,Maximum relative humidity per 10 pct,Maximum relative humidity,Q4 reference,8.88922502847112,678254,998,TRUE,1000,931,0.05541680435332652
KI,Kidney,heat_humidity,rmax_10pct,Maximum relative humidity per 10 pct,Maximum relative humidity,Q4 reference,8.88922502847112,678254,998,TRUE,1000,934,0.056420310570377996
KI,Kidney,heat_humidity,rmax_10pct,Maximum relative humidity per 10 pct,Maximum relative humidity,Q4 reference,8.88922502847112,678254,998,TRUE,1000,949,0.05742598602688709
KI,Kidney,heat_humidity,rmax_10pct,Maximum relative humidity per 10 pct,Maximum relative humidity,Q4 reference,8.88922502847112,678254,998,TRUE,1000,951,0.05843161642452066
KI,Kidney,heat_humidity,rmax_10pct,Maximum relative humidity per 10 pct,Maximum relative humidity,Q4 reference,8.88922502847112,678254,998,TRUE,1000,953,0.059438672879378096
KI,Kidney,heat_humidity,rmax_10pct,Maximum relative humidity per 10 pct,Maximum relative humidity,Q4 reference,8.88922502847112,678254,998,TRUE,1000,976,0.06044648527015506
KI,Kidney,heat_humidity,rmax_10pct,Maximum relative humidity per 10 pct,Maximum relative humidity,Q4 reference,8.88922502847112,678254,998,TRUE,1000,997,0.06145884913095556
KI,Kidney,heat_humidity,rmax_10pct,Maximum relative humidity per 10 pct,Maximum relative humidity,Q4 reference,8.88922502847112,678254,998,TRUE,1000,1013,0.06348507767243017
KI,Kidney,heat_humidity,rmax_10pct,Maximum relative humidity per 10 pct,Maximum relative humidity,Q4 reference,8.88922502847112,678254,998,TRUE,1000,1023,0.06449868803575787
KI,Kidney,heat_humidity,rmax_10pct,Maximum relative humidity per 10 pct,Maximum relative humidity,Q4 reference,8.88922502847112,678254,998,TRUE,1000,1025,0.06551501856513786
KI,Kidney,heat_humidity,rmax_10pct,Maximum relative humidity per 10 pct,Maximum relative humidity,Q4 reference,8.88922502847112,678254,998,TRUE,1000,1029,0.06653313540566785
KI,Kidney,heat_humidity,rmax_10pct,Maximum relative humidity per 10 pct,Maximum relative humidity,Q4 reference,8.88922502847112,678254,998,TRUE,1000,1050,0.06755519161355283
KI,Kidney,heat_humidity,rmax_10pct,Maximum relative humidity per 10 pct,Maximum relative humidity,Q4 reference,8.88922502847112,678254,998,TRUE,1000,1056,0.06857904878735499
KI,Kidney,heat_humidity,rmax_10pct,Maximum relative humidity per 10 pct,Maximum relative humidity,Q4 reference,8.88922502847112,678254,998,TRUE,1000,1092,0.06961161443485508
KI,Kidney,heat_humidity,rmax_10pct,Maximum relative humidity per 10 pct,Maximum relative humidity,Q4 reference,8.88922502847112,678254,998,TRUE,1000,1096,0.07064529308086365
KI,Kidney,heat_humidity,rmax_10pct,Maximum relative humidity per 10 pct,Maximum relative humidity,Q4 reference,8.88922502847112,678254,998,TRUE,1000,1115,0.07168053503210903
KI,Kidney,heat_humidity,rmax_10pct,Maximum relative humidity per 10 pct,Maximum relative humidity,Q4 reference,8.88922502847112,678254,998,TRUE,1000,1124,0.07271584460613789
KI,Kidney,heat_humidity,rmax_10pct,Maximum relative humidity per 10 pct,Maximum relative humidity,Q4 reference,8.88922502847112,678254,998,TRUE,1000,1134,0.07375093537470956
KI,Kidney,heat_humidity,rmax_10pct,Maximum relative humidity per 10 pct,Maximum relative humidity,Q4 reference,8.88922502847112,678254,998,TRUE,1000,1165,0.07478732489556139
KI,Kidney,heat_humidity,rmax_10pct,Maximum relative humidity per 10 pct,Maximum relative humidity,Q4 reference,8.88922502847112,678254,998,TRUE,1000,1170,0.07583242592139283
KI,Kidney,heat_humidity,rmax_10pct,Maximum relative humidity per 10 pct,Maximum relative humidity,Q4 reference,8.88922502847112,678254,998,TRUE,1000,1197,0.07688514193311646
KI,Kidney,heat_humidity,rmax_10pct,Maximum relative humidity per 10 pct,Maximum relative humidity,Q4 reference,8.88922502847112,678254,998,TRUE,1000,1199,0.07794189476823798
KI,Kidney,heat_humidity,rmax_10pct,Maximum relative humidity per 10 pct,Maximum relative humidity,Q4 reference,8.88922502847112,678254,998,TRUE,1000,1320,0.07901325970956752
KI,Kidney,heat_humidity,rmax_10pct,Maximum relative humidity per 10 pct,Maximum relative humidity,Q4 reference,8.88922502847112,678254,998,TRUE,1000,1359,0.08008987570060266
KI,Kidney,heat_humidity,rmax_10pct,Maximum relative humidity per 10 pct,Maximum relative humidity,Q4 reference,8.88922502847112,678254,998,TRUE,1000,1374,0.08116703015190652
KI,Kidney,heat_humidity,rmax_10pct,Maximum relative humidity per 10 pct,Maximum relative humidity,Q4 reference,8.88922502847112,678254,998,TRUE,1000,1398,0.08224710218925935
KI,Kidney,heat_humidity,rmax_10pct,Maximum relative humidity per 10 pct,Maximum relative humidity,Q4 reference,8.88922502847112,678254,998,TRUE,1000,1407,0.08332747430853671
KI,Kidney,heat_humidity,rmax_10pct,Maximum relative humidity per 10 pct,Maximum relative humidity,Q4 reference,8.88922502847112,678254,998,TRUE,1000,1414,0.08548974611275517
KI,Kidney,heat_humidity,rmax_10pct,Maximum relative humidity per 10 pct,Maximum relative humidity,Q4 reference,8.88922502847112,678254,998,TRUE,1000,1418,0.08657073304849161
KI,Kidney,heat_humidity,rmax_10pct,Maximum relative humidity per 10 pct,Maximum relative humidity,Q4 reference,8.88922502847112,678254,998,TRUE,1000,1419,0.08765549188844668
KI,Kidney,heat_humidity,rmax_10pct,Maximum relative humidity per 10 pct,Maximum relative humidity,Q4 reference,8.88922502847112,678254,998,TRUE,1000,1422,0.08874273310214265
KI,Kidney,heat_humidity,rmax_10pct,Maximum relative humidity per 10 pct,Maximum relative humidity,Q4 reference,8.88922502847112,678254,998,TRUE,1000,1444,0.09091600560497659
KI,Kidney,heat_humidity,rmax_10pct,Maximum relative humidity per 10 pct,Maximum relative humidity,Q4 reference,8.88922502847112,678254,998,TRUE,1000,1461,0.09200833053294
KI,Kidney,heat_humidity,rmax_10pct,Maximum relative humidity per 10 pct,Maximum relative humidity,Q4 reference,8.88922502847112,678254,998,TRUE,1000,1504,0.09423180015971233
KI,Kidney,heat_humidity,rmax_10pct,Maximum relative humidity per 10 pct,Maximum relative humidity,Q4 reference,8.88922502847112,678254,998,TRUE,1000,1524,0.09535195257600071
KI,Kidney,heat_humidity,rmax_10pct,Maximum relative humidity per 10 pct,Maximum relative humidity,Q4 reference,8.88922502847112,678254,998,TRUE,1000,1526,0.09647273256160682
KI,Kidney,heat_humidity,rmax_10pct,Maximum relative humidity per 10 pct,Maximum relative humidity,Q4 reference,8.88922502847112,678254,998,TRUE,1000,1539,0.09759433098902337
KI,Kidney,heat_humidity,rmax_10pct,Maximum relative humidity per 10 pct,Maximum relative humidity,Q4 reference,8.88922502847112,678254,998,TRUE,1000,1543,0.09871662671982662
KI,Kidney,heat_humidity,rmax_10pct,Maximum relative humidity per 10 pct,Maximum relative humidity,Q4 reference,8.88922502847112,678254,998,TRUE,1000,1556,0.09983850894646218
KI,Kidney,heat_humidity,rmax_10pct,Maximum relative humidity per 10 pct,Maximum relative humidity,Q4 reference,8.88922502847112,678254,998,TRUE,1000,1562,0.10096355329113449
KI,Kidney,heat_humidity,rmax_10pct,Maximum relative humidity per 10 pct,Maximum relative humidity,Q4 reference,8.88922502847112,678254,998,TRUE,1000,1567,0.10209564466495424
KI,Kidney,heat_humidity,rmax_10pct,Maximum relative humidity per 10 pct,Maximum relative humidity,Q4 reference,8.88922502847112,678254,998,TRUE,1000,1577,0.10322830472744138
KI,Kidney,heat_humidity,rmax_10pct,Maximum relative humidity per 10 pct,Maximum relative humidity,Q4 reference,8.88922502847112,678254,998,TRUE,1000,1592,0.10436240166242305
KI,Kidney,heat_humidity,rmax_10pct,Maximum relative humidity per 10 pct,Maximum relative humidity,Q4 reference,8.88922502847112,678254,998,TRUE,1000,1605,0.10550328483777915
KI,Kidney,heat_humidity,rmax_10pct,Maximum relative humidity per 10 pct,Maximum relative humidity,Q4 reference,8.88922502847112,678254,998,TRUE,1000,1606,0.10664879514273751
KI,Kidney,heat_humidity,rmax_10pct,Maximum relative humidity per 10 pct,Maximum relative humidity,Q4 reference,8.88922502847112,678254,998,TRUE,1000,1610,0.10779784683227922
KI,Kidney,heat_humidity,rmax_10pct,Maximum relative humidity per 10 pct,Maximum relative humidity,Q4 reference,8.88922502847112,678254,998,TRUE,1000,1616,0.10895249336796398
KI,Kidney,heat_humidity,rmax_10pct,Maximum relative humidity per 10 pct,Maximum relative humidity,Q4 reference,8.88922502847112,678254,998,TRUE,1000,1628,0.11010694518825581
KI,Kidney,heat_humidity,rmax_10pct,Maximum relative humidity per 10 pct,Maximum relative humidity,Q4 reference,8.88922502847112,678254,998,TRUE,1000,1657,0.11127110303641075
KI,Kidney,heat_humidity,rmax_10pct,Maximum relative humidity per 10 pct,Maximum relative humidity,Q4 reference,8.88922502847112,678254,998,TRUE,1000,1666,0.11243616544974344
KI,Kidney,heat_humidity,rmax_10pct,Maximum relative humidity per 10 pct,Maximum relative humidity,Q4 reference,8.88922502847112,678254,998,TRUE,1000,1688,0.11361156762574898
KI,Kidney,heat_humidity,rmax_10pct,Maximum relative humidity per 10 pct,Maximum relative humidity,Q4 reference,8.88922502847112,678254,998,TRUE,1000,1699,0.11479345284529685
KI,Kidney,heat_humidity,rmax_10pct,Maximum relative humidity per 10 pct,Maximum relative humidity,Q4 reference,8.88922502847112,678254,998,TRUE,1000,1716,0.11597641976013151
KI,Kidney,heat_humidity,rmax_10pct,Maximum relative humidity per 10 pct,Maximum relative humidity,Q4 reference,8.88922502847112,678254,998,TRUE,1000,1747,0.11716379096305107
KI,Kidney,heat_humidity,rmax_10pct,Maximum relative humidity per 10 pct,Maximum relative humidity,Q4 reference,8.88922502847112,678254,998,TRUE,1000,1777,0.11835137450324607
KI,Kidney,heat_humidity,rmax_10pct,Maximum relative humidity per 10 pct,Maximum relative humidity,Q4 reference,8.88922502847112,678254,998,TRUE,1000,1812,0.11955444719661346
KI,Kidney,heat_humidity,rmax_10pct,Maximum relative humidity per 10 pct,Maximum relative humidity,Q4 reference,8.88922502847112,678254,998,TRUE,1000,1896,0.12077072767014085
KI,Kidney,heat_humidity,rmax_10pct,Maximum relative humidity per 10 pct,Maximum relative humidity,Q4 reference,8.88922502847112,678254,998,TRUE,1000,1905,0.12198696461074332
KI,Kidney,heat_humidity,rmax_10pct,Maximum relative humidity per 10 pct,Maximum relative humidity,Q4 reference,8.88922502847112,678254,998,TRUE,1000,1923,0.12320672799490617
KI,Kidney,heat_humidity,rmax_10pct,Maximum relative humidity per 10 pct,Maximum relative humidity,Q4 reference,8.88922502847112,678254,998,TRUE,1000,1937,0.12442861479678502
KI,Kidney,heat_humidity,rmax_10pct,Maximum relative humidity per 10 pct,Maximum relative humidity,Q4 reference,8.88922502847112,678254,998,TRUE,1000,1945,0.12565599059985677
KI,Kidney,heat_humidity,rmax_10pct,Maximum relative humidity per 10 pct,Maximum relative humidity,Q4 reference,8.88922502847112,678254,998,TRUE,1000,1961,0.12689534912988998
KI,Kidney,heat_humidity,rmax_10pct,Maximum relative humidity per 10 pct,Maximum relative humidity,Q4 reference,8.88922502847112,678254,998,TRUE,1000,2014,0.1281462329133135
KI,Kidney,heat_humidity,rmax_10pct,Maximum relative humidity per 10 pct,Maximum relative humidity,Q4 reference,8.88922502847112,678254,998,TRUE,1000,2040,0.1294069032355083
KI,Kidney,heat_humidity,rmax_10pct,Maximum relative humidity per 10 pct,Maximum relative humidity,Q4 reference,8.88922502847112,678254,998,TRUE,1000,2042,0.13066729689957501
KI,Kidney,heat_humidity,rmax_10pct,Maximum relative humidity per 10 pct,Maximum relative humidity,Q4 reference,8.88922502847112,678254,998,TRUE,1000,2122,0.13195981592329975
KI,Kidney,heat_humidity,rmax_10pct,Maximum relative humidity per 10 pct,Maximum relative humidity,Q4 reference,8.88922502847112,678254,998,TRUE,1000,2150,0.13325225180113576
KI,Kidney,heat_humidity,rmax_10pct,Maximum relative humidity per 10 pct,Maximum relative humidity,Q4 reference,8.88922502847112,678254,998,TRUE,1000,2166,0.1345459357971297
KI,Kidney,heat_humidity,rmax_10pct,Maximum relative humidity per 10 pct,Maximum relative humidity,Q4 reference,8.88922502847112,678254,998,TRUE,1000,2176,0.13583916753150227
KI,Kidney,heat_humidity,rmax_10pct,Maximum relative humidity per 10 pct,Maximum relative humidity,Q4 reference,8.88922502847112,678254,998,TRUE,1000,2233,0.13715372854274233
KI,Kidney,heat_humidity,rmax_10pct,Maximum relative humidity per 10 pct,Maximum relative humidity,Q4 reference,8.88922502847112,678254,998,TRUE,1000,2259,0.13846880488471003
KI,Kidney,heat_humidity,rmax_10pct,Maximum relative humidity per 10 pct,Maximum relative humidity,Q4 reference,8.88922502847112,678254,998,TRUE,1000,2260,0.1397878288264065
KI,Kidney,heat_humidity,rmax_10pct,Maximum relative humidity per 10 pct,Maximum relative humidity,Q4 reference,8.88922502847112,678254,998,TRUE,1000,2273,0.14111496108233512
KI,Kidney,heat_humidity,rmax_10pct,Maximum relative humidity per 10 pct,Maximum relative humidity,Q4 reference,8.88922502847112,678254,998,TRUE,1000,2275,0.14244397662996888
KI,Kidney,heat_humidity,rmax_10pct,Maximum relative humidity per 10 pct,Maximum relative humidity,Q4 reference,8.88922502847112,678254,998,TRUE,1000,2308,0.14377479991893127
KI,Kidney,heat_humidity,rmax_10pct,Maximum relative humidity per 10 pct,Maximum relative humidity,Q4 reference,8.88922502847112,678254,998,TRUE,1000,2345,0.14512617628318125
KI,Kidney,heat_humidity,rmax_10pct,Maximum relative humidity per 10 pct,Maximum relative humidity,Q4 reference,8.88922502847112,678254,998,TRUE,1000,2368,0.14649792691137953
KI,Kidney,heat_humidity,rmax_10pct,Maximum relative humidity per 10 pct,Maximum relative humidity,Q4 reference,8.88922502847112,678254,998,TRUE,1000,2407,0.14787131350921567
KI,Kidney,heat_humidity,rmax_10pct,Maximum relative humidity per 10 pct,Maximum relative humidity,Q4 reference,8.88922502847112,678254,998,TRUE,1000,2443,0.14924499039818184
KI,Kidney,heat_humidity,rmax_10pct,Maximum relative humidity per 10 pct,Maximum relative humidity,Q4 reference,8.88922502847112,678254,998,TRUE,1000,2461,0.1506196958631203
KI,Kidney,heat_humidity,rmax_10pct,Maximum relative humidity per 10 pct,Maximum relative humidity,Q4 reference,8.88922502847112,678254,998,TRUE,1000,2465,0.15199435583305987
KI,Kidney,heat_humidity,rmax_10pct,Maximum relative humidity per 10 pct,Maximum relative humidity,Q4 reference,8.88922502847112,678254,998,TRUE,1000,2473,0.15337019838927113
KI,Kidney,heat_humidity,rmax_10pct,Maximum relative humidity per 10 pct,Maximum relative humidity,Q4 reference,8.88922502847112,678254,998,TRUE,1000,2500,0.15476839244747842
KI,Kidney,heat_humidity,rmax_10pct,Maximum relative humidity per 10 pct,Maximum relative humidity,Q4 reference,8.88922502847112,678254,998,TRUE,1000,2533,0.1561872521174913
KI,Kidney,heat_humidity,rmax_10pct,Maximum relative humidity per 10 pct,Maximum relative humidity,Q4 reference,8.88922502847112,678254,998,TRUE,1000,2595,0.15760908635816984
KI,Kidney,heat_humidity,rmax_10pct,Maximum relative humidity per 10 pct,Maximum relative humidity,Q4 reference,8.88922502847112,678254,998,TRUE,1000,2598,0.15903409807688829
KI,Kidney,heat_humidity,rmax_10pct,Maximum relative humidity per 10 pct,Maximum relative humidity,Q4 reference,8.88922502847112,678254,998,TRUE,1000,2613,0.1604771304695074
KI,Kidney,heat_humidity,rmax_10pct,Maximum relative humidity per 10 pct,Maximum relative humidity,Q4 reference,8.88922502847112,678254,998,TRUE,1000,2627,0.16193841864995384
KI,Kidney,heat_humidity,rmax_10pct,Maximum relative humidity per 10 pct,Maximum relative humidity,Q4 reference,8.88922502847112,678254,998,TRUE,1000,2672,0.16340111345101827
KI,Kidney,heat_humidity,rmax_10pct,Maximum relative humidity per 10 pct,Maximum relative humidity,Q4 reference,8.88922502847112,678254,998,TRUE,1000,2719,0.16486811033626925
KI,Kidney,heat_humidity,rmax_10pct,Maximum relative humidity per 10 pct,Maximum relative humidity,Q4 reference,8.88922502847112,678254,998,TRUE,1000,2788,0.16639128705142858
KI,Kidney,heat_humidity,rmax_10pct,Maximum relative humidity per 10 pct,Maximum relative humidity,Q4 reference,8.88922502847112,678254,998,TRUE,1000,2801,0.16791270136335457
KI,Kidney,heat_humidity,rmax_10pct,Maximum relative humidity per 10 pct,Maximum relative humidity,Q4 reference,8.88922502847112,678254,998,TRUE,1000,2816,0.1694344183537787
KI,Kidney,heat_humidity,rmax_10pct,Maximum relative humidity per 10 pct,Maximum relative humidity,Q4 reference,8.88922502847112,678254,998,TRUE,1000,2863,0.17097977302853906
KI,Kidney,heat_humidity,rmax_10pct,Maximum relative humidity per 10 pct,Maximum relative humidity,Q4 reference,8.88922502847112,678254,998,TRUE,1000,2914,0.1725720492966285
KI,Kidney,heat_humidity,rmax_10pct,Maximum relative humidity per 10 pct,Maximum relative humidity,Q4 reference,8.88922502847112,678254,998,TRUE,1000,2948,0.17416735341647516
KI,Kidney,heat_humidity,rmax_10pct,Maximum relative humidity per 10 pct,Maximum relative humidity,Q4 reference,8.88922502847112,678254,998,TRUE,1000,3010,0.17576285974814343
KI,Kidney,heat_humidity,rmax_10pct,Maximum relative humidity per 10 pct,Maximum relative humidity,Q4 reference,8.88922502847112,678254,998,TRUE,1000,3047,0.1773646684238922
KI,Kidney,heat_humidity,rmax_10pct,Maximum relative humidity per 10 pct,Maximum relative humidity,Q4 reference,8.88922502847112,678254,998,TRUE,1000,3217,0.17899746928010773
KI,Kidney,heat_humidity,rmax_10pct,Maximum relative humidity per 10 pct,Maximum relative humidity,Q4 reference,8.88922502847112,678254,998,TRUE,1000,3294,0.18066590577375585
KI,Kidney,heat_humidity,rmax_10pct,Maximum relative humidity per 10 pct,Maximum relative humidity,Q4 reference,8.88922502847112,678254,998,TRUE,1000,3395,0.1823331468556736
KI,Kidney,heat_humidity,rmax_10pct,Maximum relative humidity per 10 pct,Maximum relative humidity,Q4 reference,8.88922502847112,678254,998,TRUE,1000,3448,0.18409784038932397
KI,Kidney,heat_humidity,rmax_10pct,Maximum relative humidity per 10 pct,Maximum relative humidity,Q4 reference,8.88922502847112,678254,998,TRUE,1000,3451,0.18586565439135305
KI,Kidney,heat_humidity,rmax_10pct,Maximum relative humidity per 10 pct,Maximum relative humidity,Q4 reference,8.88922502847112,678254,998,TRUE,1000,3551,0.1876327217536229
KI,Kidney,heat_humidity,rmax_10pct,Maximum relative humidity per 10 pct,Maximum relative humidity,Q4 reference,8.88922502847112,678254,998,TRUE,1000,3576,0.18940512805062637
KI,Kidney,heat_humidity,rmax_10pct,Maximum relative humidity per 10 pct,Maximum relative humidity,Q4 reference,8.88922502847112,678254,998,TRUE,1000,3594,0.19118491254264247
KI,Kidney,heat_humidity,rmax_10pct,Maximum relative humidity per 10 pct,Maximum relative humidity,Q4 reference,8.88922502847112,678254,998,TRUE,1000,3614,0.19297006966229624
KI,Kidney,heat_humidity,rmax_10pct,Maximum relative humidity per 10 pct,Maximum relative humidity,Q4 reference,8.88922502847112,678254,998,TRUE,1000,4058,0.19515716534052152
KI,Kidney,heat_humidity,rmax_10pct,Maximum relative humidity per 10 pct,Maximum relative humidity,Q4 reference,8.88922502847112,678254,998,TRUE,1000,4422,0.1979420222004905
KI,Kidney,heat_humidity,rmax_10pct,Maximum relative humidity per 10 pct,Maximum relative humidity,Q4 reference,8.88922502847112,678254,998,TRUE,1000,5050,0.20150192038644354
