organ,organ_label,model,focal_term,exposure,exposure_label,curve_group,curve_exposure_value,source_n,n,sampled,finegray_max_n,time_days,cif
LI,Liver,heat_humidity,tmax_5c,Tmax per 5 C,Tmax,Q1 reference,3.1506442978458526,217632,998,TRUE,1000,1,0.006992362684024811
LI,Liver,heat_humidity,tmax_5c,Tmax per 5 C,Tmax,Q1 reference,3.1506442978458526,217632,998,TRUE,1000,2,0.010005226828291747
LI,Liver,heat_humidity,tmax_5c,Tmax per 5 C,Tmax,Q1 reference,3.1506442978458526,217632,998,TRUE,1000,3,0.013035542047483473
LI,Liver,heat_humidity,tmax_5c,Tmax per 5 C,Tmax,Q1 reference,3.1506442978458526,217632,998,TRUE,1000,4,0.01506675869336127
LI,Liver,heat_humidity,tmax_5c,Tmax per 5 C,Tmax,Q1 reference,3.1506442978458526,217632,998,TRUE,1000,5,0.016081491191835995
LI,Liver,heat_humidity,tmax_5c,Tmax per 5 C,Tmax,Q1 reference,3.1506442978458526,217632,998,TRUE,1000,6,0.020134905965040195
LI,Liver,heat_humidity,tmax_5c,Tmax per 5 C,Tmax,Q1 reference,3.1506442978458526,217632,998,TRUE,1000,7,0.02319348746776506
LI,Liver,heat_humidity,tmax_5c,Tmax per 5 C,Tmax,Q1 reference,3.1506442978458526,217632,998,TRUE,1000,8,0.024213989028693983
LI,Liver,heat_humidity,tmax_5c,Tmax per 5 C,Tmax,Q1 reference,3.1506442978458526,217632,998,TRUE,1000,10,0.026255959236205273
LI,Liver,heat_humidity,tmax_5c,Tmax per 5 C,Tmax,Q1 reference,3.1506442978458526,217632,998,TRUE,1000,13,0.029318680364528338
LI,Liver,heat_humidity,tmax_5c,Tmax per 5 C,Tmax,Q1 reference,3.1506442978458526,217632,998,TRUE,1000,14,0.03034673787536335
LI,Liver,heat_humidity,tmax_5c,Tmax per 5 C,Tmax,Q1 reference,3.1506442978458526,217632,998,TRUE,1000,15,0.032400172227959434
LI,Liver,heat_humidity,tmax_5c,Tmax per 5 C,Tmax,Q1 reference,3.1506442978458526,217632,998,TRUE,1000,17,0.03343387770782269
LI,Liver,heat_humidity,tmax_5c,Tmax per 5 C,Tmax,Q1 reference,3.1506442978458526,217632,998,TRUE,1000,18,0.03447068625568572
LI,Liver,heat_humidity,tmax_5c,Tmax per 5 C,Tmax,Q1 reference,3.1506442978458526,217632,998,TRUE,1000,20,0.035506667047611296
LI,Liver,heat_humidity,tmax_5c,Tmax per 5 C,Tmax,Q1 reference,3.1506442978458526,217632,998,TRUE,1000,21,0.03758366315193096
LI,Liver,heat_humidity,tmax_5c,Tmax per 5 C,Tmax,Q1 reference,3.1506442978458526,217632,998,TRUE,1000,22,0.039667557546988474
LI,Liver,heat_humidity,tmax_5c,Tmax per 5 C,Tmax,Q1 reference,3.1506442978458526,217632,998,TRUE,1000,23,0.04071372191399636
LI,Liver,heat_humidity,tmax_5c,Tmax per 5 C,Tmax,Q1 reference,3.1506442978458526,217632,998,TRUE,1000,24,0.04176203565253922
LI,Liver,heat_humidity,tmax_5c,Tmax per 5 C,Tmax,Q1 reference,3.1506442978458526,217632,998,TRUE,1000,28,0.042811661970060366
LI,Liver,heat_humidity,tmax_5c,Tmax per 5 C,Tmax,Q1 reference,3.1506442978458526,217632,998,TRUE,1000,29,0.04491129560964724
LI,Liver,heat_humidity,tmax_5c,Tmax per 5 C,Tmax,Q1 reference,3.1506442978458526,217632,998,TRUE,1000,30,0.045962821567484546
LI,Liver,heat_humidity,tmax_5c,Tmax per 5 C,Tmax,Q1 reference,3.1506442978458526,217632,998,TRUE,1000,31,0.048069244702831804
LI,Liver,heat_humidity,tmax_5c,Tmax per 5 C,Tmax,Q1 reference,3.1506442978458526,217632,998,TRUE,1000,32,0.04912332145073617
LI,Liver,heat_humidity,tmax_5c,Tmax per 5 C,Tmax,Q1 reference,3.1506442978458526,217632,998,TRUE,1000,35,0.05017691935624047
LI,Liver,heat_humidity,tmax_5c,Tmax per 5 C,Tmax,Q1 reference,3.1506442978458526,217632,998,TRUE,1000,36,0.05123010760794966
LI,Liver,heat_humidity,tmax_5c,Tmax per 5 C,Tmax,Q1 reference,3.1506442978458526,217632,998,TRUE,1000,37,0.05228298684786292
LI,Liver,heat_humidity,tmax_5c,Tmax per 5 C,Tmax,Q1 reference,3.1506442978458526,217632,998,TRUE,1000,39,0.05333720939049291
LI,Liver,heat_humidity,tmax_5c,Tmax per 5 C,Tmax,Q1 reference,3.1506442978458526,217632,998,TRUE,1000,40,0.054392130441763165
LI,Liver,heat_humidity,tmax_5c,Tmax per 5 C,Tmax,Q1 reference,3.1506442978458526,217632,998,TRUE,1000,41,0.055446988164265854
LI,Liver,heat_humidity,tmax_5c,Tmax per 5 C,Tmax,Q1 reference,3.1506442978458526,217632,998,TRUE,1000,42,0.05650309085634897
LI,Liver,heat_humidity,tmax_5c,Tmax per 5 C,Tmax,Q1 reference,3.1506442978458526,217632,998,TRUE,1000,45,0.05755907860665321
LI,Liver,heat_humidity,tmax_5c,Tmax per 5 C,Tmax,Q1 reference,3.1506442978458526,217632,998,TRUE,1000,47,0.058618075935152114
LI,Liver,heat_humidity,tmax_5c,Tmax per 5 C,Tmax,Q1 reference,3.1506442978458526,217632,998,TRUE,1000,48,0.05967649149141696
LI,Liver,heat_humidity,tmax_5c,Tmax per 5 C,Tmax,Q1 reference,3.1506442978458526,217632,998,TRUE,1000,49,0.06285354679016109
LI,Liver,heat_humidity,tmax_5c,Tmax per 5 C,Tmax,Q1 reference,3.1506442978458526,217632,998,TRUE,1000,52,0.06391443784406037
LI,Liver,heat_humidity,tmax_5c,Tmax per 5 C,Tmax,Q1 reference,3.1506442978458526,217632,998,TRUE,1000,53,0.06497505889378896
LI,Liver,heat_humidity,tmax_5c,Tmax per 5 C,Tmax,Q1 reference,3.1506442978458526,217632,998,TRUE,1000,55,0.06603668225499837
LI,Liver,heat_humidity,tmax_5c,Tmax per 5 C,Tmax,Q1 reference,3.1506442978458526,217632,998,TRUE,1000,60,0.06709837228913162
LI,Liver,heat_humidity,tmax_5c,Tmax per 5 C,Tmax,Q1 reference,3.1506442978458526,217632,998,TRUE,1000,62,0.06815914220398966
LI,Liver,heat_humidity,tmax_5c,Tmax per 5 C,Tmax,Q1 reference,3.1506442978458526,217632,998,TRUE,1000,63,0.07028164966962214
LI,Liver,heat_humidity,tmax_5c,Tmax per 5 C,Tmax,Q1 reference,3.1506442978458526,217632,998,TRUE,1000,73,0.07241040382099473
LI,Liver,heat_humidity,tmax_5c,Tmax per 5 C,Tmax,Q1 reference,3.1506442978458526,217632,998,TRUE,1000,74,0.07347787302769415
LI,Liver,heat_humidity,tmax_5c,Tmax per 5 C,Tmax,Q1 reference,3.1506442978458526,217632,998,TRUE,1000,75,0.07454488833673545
LI,Liver,heat_humidity,tmax_5c,Tmax per 5 C,Tmax,Q1 reference,3.1506442978458526,217632,998,TRUE,1000,77,0.07561357889870834
LI,Liver,heat_humidity,tmax_5c,Tmax per 5 C,Tmax,Q1 reference,3.1506442978458526,217632,998,TRUE,1000,78,0.07668321763432673
LI,Liver,heat_humidity,tmax_5c,Tmax per 5 C,Tmax,Q1 reference,3.1506442978458526,217632,998,TRUE,1000,80,0.07775269778661165
LI,Liver,heat_humidity,tmax_5c,Tmax per 5 C,Tmax,Q1 reference,3.1506442978458526,217632,998,TRUE,1000,81,0.07988963782295644
LI,Liver,heat_humidity,tmax_5c,Tmax per 5 C,Tmax,Q1 reference,3.1506442978458526,217632,998,TRUE,1000,84,0.08095779461582275
LI,Liver,heat_humidity,tmax_5c,Tmax per 5 C,Tmax,Q1 reference,3.1506442978458526,217632,998,TRUE,1000,87,0.0841634245221976
LI,Liver,heat_humidity,tmax_5c,Tmax per 5 C,Tmax,Q1 reference,3.1506442978458526,217632,998,TRUE,1000,88,0.0852326757167553
LI,Liver,heat_humidity,tmax_5c,Tmax per 5 C,Tmax,Q1 reference,3.1506442978458526,217632,998,TRUE,1000,90,0.08630184612030978
LI,Liver,heat_humidity,tmax_5c,Tmax per 5 C,Tmax,Q1 reference,3.1506442978458526,217632,998,TRUE,1000,94,0.08844122182691672
LI,Liver,heat_humidity,tmax_5c,Tmax per 5 C,Tmax,Q1 reference,3.1506442978458526,217632,998,TRUE,1000,96,0.08951253763661149
LI,Liver,heat_humidity,tmax_5c,Tmax per 5 C,Tmax,Q1 reference,3.1506442978458526,217632,998,TRUE,1000,106,0.09058858116408841
LI,Liver,heat_humidity,tmax_5c,Tmax per 5 C,Tmax,Q1 reference,3.1506442978458526,217632,998,TRUE,1000,112,0.09274093586100185
LI,Liver,heat_humidity,tmax_5c,Tmax per 5 C,Tmax,Q1 reference,3.1506442978458526,217632,998,TRUE,1000,115,0.09381837668112092
LI,Liver,heat_humidity,tmax_5c,Tmax per 5 C,Tmax,Q1 reference,3.1506442978458526,217632,998,TRUE,1000,120,0.09489542337840307
LI,Liver,heat_humidity,tmax_5c,Tmax per 5 C,Tmax,Q1 reference,3.1506442978458526,217632,998,TRUE,1000,125,0.09597598333597712
LI,Liver,heat_humidity,tmax_5c,Tmax per 5 C,Tmax,Q1 reference,3.1506442978458526,217632,998,TRUE,1000,127,0.0970568381054222
LI,Liver,heat_humidity,tmax_5c,Tmax per 5 C,Tmax,Q1 reference,3.1506442978458526,217632,998,TRUE,1000,128,0.09813765606100378
LI,Liver,heat_humidity,tmax_5c,Tmax per 5 C,Tmax,Q1 reference,3.1506442978458526,217632,998,TRUE,1000,133,0.0992210284276348
LI,Liver,heat_humidity,tmax_5c,Tmax per 5 C,Tmax,Q1 reference,3.1506442978458526,217632,998,TRUE,1000,154,0.10031080667587078
LI,Liver,heat_humidity,tmax_5c,Tmax per 5 C,Tmax,Q1 reference,3.1506442978458526,217632,998,TRUE,1000,156,0.10140035781484225
LI,Liver,heat_humidity,tmax_5c,Tmax per 5 C,Tmax,Q1 reference,3.1506442978458526,217632,998,TRUE,1000,159,0.10249027900361285
LI,Liver,heat_humidity,tmax_5c,Tmax per 5 C,Tmax,Q1 reference,3.1506442978458526,217632,998,TRUE,1000,160,0.1035810497897739
LI,Liver,heat_humidity,tmax_5c,Tmax per 5 C,Tmax,Q1 reference,3.1506442978458526,217632,998,TRUE,1000,161,0.10576057668966221
LI,Liver,heat_humidity,tmax_5c,Tmax per 5 C,Tmax,Q1 reference,3.1506442978458526,217632,998,TRUE,1000,162,0.10685211267285721
LI,Liver,heat_humidity,tmax_5c,Tmax per 5 C,Tmax,Q1 reference,3.1506442978458526,217632,998,TRUE,1000,164,0.10903475646289296
LI,Liver,heat_humidity,tmax_5c,Tmax per 5 C,Tmax,Q1 reference,3.1506442978458526,217632,998,TRUE,1000,165,0.11012870202021774
LI,Liver,heat_humidity,tmax_5c,Tmax per 5 C,Tmax,Q1 reference,3.1506442978458526,217632,998,TRUE,1000,167,0.11122440400482236
LI,Liver,heat_humidity,tmax_5c,Tmax per 5 C,Tmax,Q1 reference,3.1506442978458526,217632,998,TRUE,1000,172,0.11231977385605618
LI,Liver,heat_humidity,tmax_5c,Tmax per 5 C,Tmax,Q1 reference,3.1506442978458526,217632,998,TRUE,1000,175,0.1134155410688853
LI,Liver,heat_humidity,tmax_5c,Tmax per 5 C,Tmax,Q1 reference,3.1506442978458526,217632,998,TRUE,1000,176,0.11451170849754799
LI,Liver,heat_humidity,tmax_5c,Tmax per 5 C,Tmax,Q1 reference,3.1506442978458526,217632,998,TRUE,1000,177,0.11560915735843391
LI,Liver,heat_humidity,tmax_5c,Tmax per 5 C,Tmax,Q1 reference,3.1506442978458526,217632,998,TRUE,1000,181,0.11780946888966937
LI,Liver,heat_humidity,tmax_5c,Tmax per 5 C,Tmax,Q1 reference,3.1506442978458526,217632,998,TRUE,1000,183,0.1189139250133665
LI,Liver,heat_humidity,tmax_5c,Tmax per 5 C,Tmax,Q1 reference,3.1506442978458526,217632,998,TRUE,1000,189,0.12002192249450006
LI,Liver,heat_humidity,tmax_5c,Tmax per 5 C,Tmax,Q1 reference,3.1506442978458526,217632,998,TRUE,1000,199,0.12113311551076578
LI,Liver,heat_humidity,tmax_5c,Tmax per 5 C,Tmax,Q1 reference,3.1506442978458526,217632,998,TRUE,1000,205,0.12224532602320559
LI,Liver,heat_humidity,tmax_5c,Tmax per 5 C,Tmax,Q1 reference,3.1506442978458526,217632,998,TRUE,1000,207,0.12335715082917509
LI,Liver,heat_humidity,tmax_5c,Tmax per 5 C,Tmax,Q1 reference,3.1506442978458526,217632,998,TRUE,1000,210,0.12558081281809508
LI,Liver,heat_humidity,tmax_5c,Tmax per 5 C,Tmax,Q1 reference,3.1506442978458526,217632,998,TRUE,1000,217,0.12669341577492432
LI,Liver,heat_humidity,tmax_5c,Tmax per 5 C,Tmax,Q1 reference,3.1506442978458526,217632,998,TRUE,1000,220,0.12780610064647957
LI,Liver,heat_humidity,tmax_5c,Tmax per 5 C,Tmax,Q1 reference,3.1506442978458526,217632,998,TRUE,1000,227,0.12891888232583892
LI,Liver,heat_humidity,tmax_5c,Tmax per 5 C,Tmax,Q1 reference,3.1506442978458526,217632,998,TRUE,1000,235,0.13003144696572
LI,Liver,heat_humidity,tmax_5c,Tmax per 5 C,Tmax,Q1 reference,3.1506442978458526,217632,998,TRUE,1000,238,0.13114403160054078
LI,Liver,heat_humidity,tmax_5c,Tmax per 5 C,Tmax,Q1 reference,3.1506442978458526,217632,998,TRUE,1000,239,0.1322566567968657
LI,Liver,heat_humidity,tmax_5c,Tmax per 5 C,Tmax,Q1 reference,3.1506442978458526,217632,998,TRUE,1000,240,0.1333685276515718
LI,Liver,heat_humidity,tmax_5c,Tmax per 5 C,Tmax,Q1 reference,3.1506442978458526,217632,998,TRUE,1000,243,0.1344815424063035
LI,Liver,heat_humidity,tmax_5c,Tmax per 5 C,Tmax,Q1 reference,3.1506442978458526,217632,998,TRUE,1000,248,0.13559628599396112
LI,Liver,heat_humidity,tmax_5c,Tmax per 5 C,Tmax,Q1 reference,3.1506442978458526,217632,998,TRUE,1000,264,0.13671448835620637
LI,Liver,heat_humidity,tmax_5c,Tmax per 5 C,Tmax,Q1 reference,3.1506442978458526,217632,998,TRUE,1000,277,0.13783930696878854
LI,Liver,heat_humidity,tmax_5c,Tmax per 5 C,Tmax,Q1 reference,3.1506442978458526,217632,998,TRUE,1000,283,0.1389639580931853
LI,Liver,heat_humidity,tmax_5c,Tmax per 5 C,Tmax,Q1 reference,3.1506442978458526,217632,998,TRUE,1000,286,0.1400909562341739
LI,Liver,heat_humidity,tmax_5c,Tmax per 5 C,Tmax,Q1 reference,3.1506442978458526,217632,998,TRUE,1000,287,0.14234572122069944
LI,Liver,heat_humidity,tmax_5c,Tmax per 5 C,Tmax,Q1 reference,3.1506442978458526,217632,998,TRUE,1000,289,0.14347561926943542
LI,Liver,heat_humidity,tmax_5c,Tmax per 5 C,Tmax,Q1 reference,3.1506442978458526,217632,998,TRUE,1000,293,0.1457569507681573
LI,Liver,heat_humidity,tmax_5c,Tmax per 5 C,Tmax,Q1 reference,3.1506442978458526,217632,998,TRUE,1000,319,0.14689881208834177
LI,Liver,heat_humidity,tmax_5c,Tmax per 5 C,Tmax,Q1 reference,3.1506442978458526,217632,998,TRUE,1000,324,0.1480415624682876
LI,Liver,heat_humidity,tmax_5c,Tmax per 5 C,Tmax,Q1 reference,3.1506442978458526,217632,998,TRUE,1000,348,0.149189744173158
LI,Liver,heat_humidity,tmax_5c,Tmax per 5 C,Tmax,Q1 reference,3.1506442978458526,217632,998,TRUE,1000,361,0.1503378297765614
LI,Liver,heat_humidity,tmax_5c,Tmax per 5 C,Tmax,Q1 reference,3.1506442978458526,217632,998,TRUE,1000,386,0.15148683539257746
LI,Liver,heat_humidity,tmax_5c,Tmax per 5 C,Tmax,Q1 reference,3.1506442978458526,217632,998,TRUE,1000,393,0.15263636033608408
LI,Liver,heat_humidity,tmax_5c,Tmax per 5 C,Tmax,Q1 reference,3.1506442978458526,217632,998,TRUE,1000,399,0.1537858209375481
LI,Liver,heat_humidity,tmax_5c,Tmax per 5 C,Tmax,Q1 reference,3.1506442978458526,217632,998,TRUE,1000,421,0.15493660599434445
LI,Liver,heat_humidity,tmax_5c,Tmax per 5 C,Tmax,Q1 reference,3.1506442978458526,217632,998,TRUE,1000,449,0.15609414050037795
LI,Liver,heat_humidity,tmax_5c,Tmax per 5 C,Tmax,Q1 reference,3.1506442978458526,217632,998,TRUE,1000,452,0.15725124603596186
LI,Liver,heat_humidity,tmax_5c,Tmax per 5 C,Tmax,Q1 reference,3.1506442978458526,217632,998,TRUE,1000,454,0.15840942835408622
LI,Liver,heat_humidity,tmax_5c,Tmax per 5 C,Tmax,Q1 reference,3.1506442978458526,217632,998,TRUE,1000,531,0.1595730258999607
LI,Liver,heat_humidity,tmax_5c,Tmax per 5 C,Tmax,Q1 reference,3.1506442978458526,217632,998,TRUE,1000,534,0.16073753086195475
LI,Liver,heat_humidity,tmax_5c,Tmax per 5 C,Tmax,Q1 reference,3.1506442978458526,217632,998,TRUE,1000,537,0.16190140114605467
LI,Liver,heat_humidity,tmax_5c,Tmax per 5 C,Tmax,Q1 reference,3.1506442978458526,217632,998,TRUE,1000,539,0.16306572444242495
LI,Liver,heat_humidity,tmax_5c,Tmax per 5 C,Tmax,Q1 reference,3.1506442978458526,217632,998,TRUE,1000,591,0.16424300587366047
LI,Liver,heat_humidity,tmax_5c,Tmax per 5 C,Tmax,Q1 reference,3.1506442978458526,217632,998,TRUE,1000,595,0.16542082551464488
LI,Liver,heat_humidity,tmax_5c,Tmax per 5 C,Tmax,Q1 reference,3.1506442978458526,217632,998,TRUE,1000,614,0.16660525958536887
LI,Liver,heat_humidity,tmax_5c,Tmax per 5 C,Tmax,Q1 reference,3.1506442978458526,217632,998,TRUE,1000,622,0.16779032030235264
LI,Liver,heat_humidity,tmax_5c,Tmax per 5 C,Tmax,Q1 reference,3.1506442978458526,217632,998,TRUE,1000,634,0.1689756438991704
LI,Liver,heat_humidity,tmax_5c,Tmax per 5 C,Tmax,Q1 reference,3.1506442978458526,217632,998,TRUE,1000,709,0.1701815461840649
LI,Liver,heat_humidity,tmax_5c,Tmax per 5 C,Tmax,Q1 reference,3.1506442978458526,217632,998,TRUE,1000,719,0.171388303381104
LI,Liver,heat_humidity,tmax_5c,Tmax per 5 C,Tmax,Q1 reference,3.1506442978458526,217632,998,TRUE,1000,722,0.17259654561197346
LI,Liver,heat_humidity,tmax_5c,Tmax per 5 C,Tmax,Q1 reference,3.1506442978458526,217632,998,TRUE,1000,756,0.17380519857846344
LI,Liver,heat_humidity,tmax_5c,Tmax per 5 C,Tmax,Q1 reference,3.1506442978458526,217632,998,TRUE,1000,761,0.17501355786860517
LI,Liver,heat_humidity,tmax_5c,Tmax per 5 C,Tmax,Q1 reference,3.1506442978458526,217632,998,TRUE,1000,793,0.17622201609988053
LI,Liver,heat_humidity,tmax_5c,Tmax per 5 C,Tmax,Q1 reference,3.1506442978458526,217632,998,TRUE,1000,810,0.17743124935752563
LI,Liver,heat_humidity,tmax_5c,Tmax per 5 C,Tmax,Q1 reference,3.1506442978458526,217632,998,TRUE,1000,824,0.1786530176312121
LI,Liver,heat_humidity,tmax_5c,Tmax per 5 C,Tmax,Q1 reference,3.1506442978458526,217632,998,TRUE,1000,835,0.17987422436179812
LI,Liver,heat_humidity,tmax_5c,Tmax per 5 C,Tmax,Q1 reference,3.1506442978458526,217632,998,TRUE,1000,843,0.18109587424437734
LI,Liver,heat_humidity,tmax_5c,Tmax per 5 C,Tmax,Q1 reference,3.1506442978458526,217632,998,TRUE,1000,845,0.18231706094697064
LI,Liver,heat_humidity,tmax_5c,Tmax per 5 C,Tmax,Q1 reference,3.1506442978458526,217632,998,TRUE,1000,863,0.18353827628338948
LI,Liver,heat_humidity,tmax_5c,Tmax per 5 C,Tmax,Q1 reference,3.1506442978458526,217632,998,TRUE,1000,938,0.1847590816441358
LI,Liver,heat_humidity,tmax_5c,Tmax per 5 C,Tmax,Q1 reference,3.1506442978458526,217632,998,TRUE,1000,996,0.18599076476938137
LI,Liver,heat_humidity,tmax_5c,Tmax per 5 C,Tmax,Q1 reference,3.1506442978458526,217632,998,TRUE,1000,1039,0.18723401945792006
LI,Liver,heat_humidity,tmax_5c,Tmax per 5 C,Tmax,Q1 reference,3.1506442978458526,217632,998,TRUE,1000,1089,0.18847743616526091
LI,Liver,heat_humidity,tmax_5c,Tmax per 5 C,Tmax,Q1 reference,3.1506442978458526,217632,998,TRUE,1000,1091,0.1897205239619526
LI,Liver,heat_humidity,tmax_5c,Tmax per 5 C,Tmax,Q1 reference,3.1506442978458526,217632,998,TRUE,1000,1116,0.19096502849706454
LI,Liver,heat_humidity,tmax_5c,Tmax per 5 C,Tmax,Q1 reference,3.1506442978458526,217632,998,TRUE,1000,1123,0.19221079934733987
LI,Liver,heat_humidity,tmax_5c,Tmax per 5 C,Tmax,Q1 reference,3.1506442978458526,217632,998,TRUE,1000,1164,0.19345624184991395
LI,Liver,heat_humidity,tmax_5c,Tmax per 5 C,Tmax,Q1 reference,3.1506442978458526,217632,998,TRUE,1000,1194,0.19471665250622594
LI,Liver,heat_humidity,tmax_5c,Tmax per 5 C,Tmax,Q1 reference,3.1506442978458526,217632,998,TRUE,1000,1210,0.195976111015419
LI,Liver,heat_humidity,tmax_5c,Tmax per 5 C,Tmax,Q1 reference,3.1506442978458526,217632,998,TRUE,1000,1227,0.19723761161814124
LI,Liver,heat_humidity,tmax_5c,Tmax per 5 C,Tmax,Q1 reference,3.1506442978458526,217632,998,TRUE,1000,1340,0.19849937404468365
LI,Liver,heat_humidity,tmax_5c,Tmax per 5 C,Tmax,Q1 reference,3.1506442978458526,217632,998,TRUE,1000,1462,0.19976255777563512
LI,Liver,heat_humidity,tmax_5c,Tmax per 5 C,Tmax,Q1 reference,3.1506442978458526,217632,998,TRUE,1000,1811,0.20102547173387197
LI,Liver,heat_humidity,tmax_5c,Tmax per 5 C,Tmax,Q1 reference,3.1506442978458526,217632,998,TRUE,1000,2027,0.20232335734758955
LI,Liver,heat_humidity,tmax_5c,Tmax per 5 C,Tmax,Q1 reference,3.1506442978458526,217632,998,TRUE,1000,2030,0.20362042232752875
LI,Liver,heat_humidity,tmax_5c,Tmax per 5 C,Tmax,Q1 reference,3.1506442978458526,217632,998,TRUE,1000,2205,0.2049175516323518
LI,Liver,heat_humidity,tmax_5c,Tmax per 5 C,Tmax,Q1 reference,3.1506442978458526,217632,998,TRUE,1000,2422,0.20621433625274466
LI,Liver,heat_humidity,tmax_5c,Tmax per 5 C,Tmax,Q1 reference,3.1506442978458526,217632,998,TRUE,1000,2490,0.20751272444805557
LI,Liver,heat_humidity,tmax_5c,Tmax per 5 C,Tmax,Q1 reference,3.1506442978458526,217632,998,TRUE,1000,2632,0.20890177410399968
LI,Liver,heat_humidity,tmax_5c,Tmax per 5 C,Tmax,Q1 reference,3.1506442978458526,217632,998,TRUE,1000,2638,0.21029285465955838
LI,Liver,heat_humidity,tmax_5c,Tmax per 5 C,Tmax,Q1 reference,3.1506442978458526,217632,998,TRUE,1000,3312,0.2118111510416869
LI,Liver,heat_humidity,tmax_5c,Tmax per 5 C,Tmax,Q2 reference,4.225446721311483,217632,998,TRUE,1000,1,0.0063872184229787354
LI,Liver,heat_humidity,tmax_5c,Tmax per 5 C,Tmax,Q2 reference,4.225446721311483,217632,998,TRUE,1000,2,0.009140540833398658
LI,Liver,heat_humidity,tmax_5c,Tmax per 5 C,Tmax,Q2 reference,4.225446721311483,217632,998,TRUE,1000,3,0.011910544936648115
LI,Liver,heat_humidity,tmax_5c,Tmax per 5 C,Tmax,Q2 reference,4.225446721311483,217632,998,TRUE,1000,4,0.013767688616906026
LI,Liver,heat_humidity,tmax_5c,Tmax per 5 C,Tmax,Q2 reference,4.225446721311483,217632,998,TRUE,1000,5,0.014695584207314205
LI,Liver,heat_humidity,tmax_5c,Tmax per 5 C,Tmax,Q2 reference,4.225446721311483,217632,998,TRUE,1000,6,0.018402953098109798
LI,Liver,heat_humidity,tmax_5c,Tmax per 5 C,Tmax,Q2 reference,4.225446721311483,217632,998,TRUE,1000,7,0.021201300338859808
LI,Liver,heat_humidity,tmax_5c,Tmax per 5 C,Tmax,Q2 reference,4.225446721311483,217632,998,TRUE,1000,8,0.022135143393396062
LI,Liver,heat_humidity,tmax_5c,Tmax per 5 C,Tmax,Q2 reference,4.225446721311483,217632,998,TRUE,1000,10,0.024003969153897686
LI,Liver,heat_humidity,tmax_5c,Tmax per 5 C,Tmax,Q2 reference,4.225446721311483,217632,998,TRUE,1000,13,0.02680763166441058
LI,Liver,heat_humidity,tmax_5c,Tmax per 5 C,Tmax,Q2 reference,4.225446721311483,217632,998,TRUE,1000,14,0.027748903549101867
LI,Liver,heat_humidity,tmax_5c,Tmax per 5 C,Tmax,Q2 reference,4.225446721311483,217632,998,TRUE,1000,15,0.02962925242552239
LI,Liver,heat_humidity,tmax_5c,Tmax per 5 C,Tmax,Q2 reference,4.225446721311483,217632,998,TRUE,1000,17,0.03057595718307682
LI,Liver,heat_humidity,tmax_5c,Tmax per 5 C,Tmax,Q2 reference,4.225446721311483,217632,998,TRUE,1000,18,0.03152559214632955
LI,Liver,heat_humidity,tmax_5c,Tmax per 5 C,Tmax,Q2 reference,4.225446721311483,217632,998,TRUE,1000,20,0.03247455738388272
LI,Liver,heat_humidity,tmax_5c,Tmax per 5 C,Tmax,Q2 reference,4.225446721311483,217632,998,TRUE,1000,21,0.0343773661979091
LI,Liver,heat_humidity,tmax_5c,Tmax per 5 C,Tmax,Q2 reference,4.225446721311483,217632,998,TRUE,1000,22,0.036286853119654516
LI,Liver,heat_humidity,tmax_5c,Tmax per 5 C,Tmax,Q2 reference,4.225446721311483,217632,998,TRUE,1000,23,0.03724559639615255
LI,Liver,heat_humidity,tmax_5c,Tmax per 5 C,Tmax,Q2 reference,4.225446721311483,217632,998,TRUE,1000,24,0.03820640049780977
LI,Liver,heat_humidity,tmax_5c,Tmax per 5 C,Tmax,Q2 reference,4.225446721311483,217632,998,TRUE,1000,28,0.03916849904463571
LI,Liver,heat_humidity,tmax_5c,Tmax per 5 C,Tmax,Q2 reference,4.225446721311483,217632,998,TRUE,1000,29,0.041093320369539166
LI,Liver,heat_humidity,tmax_5c,Tmax per 5 C,Tmax,Q2 reference,4.225446721311483,217632,998,TRUE,1000,30,0.04205743589546829
LI,Liver,heat_humidity,tmax_5c,Tmax per 5 C,Tmax,Q2 reference,4.225446721311483,217632,998,TRUE,1000,31,0.043989035569918844
LI,Liver,heat_humidity,tmax_5c,Tmax per 5 C,Tmax,Q2 reference,4.225446721311483,217632,998,TRUE,1000,32,0.04495576805198731
LI,Liver,heat_humidity,tmax_5c,Tmax per 5 C,Tmax,Q2 reference,4.225446721311483,217632,998,TRUE,1000,35,0.045922154353751576
LI,Liver,heat_humidity,tmax_5c,Tmax per 5 C,Tmax,Q2 reference,4.225446721311483,217632,998,TRUE,1000,36,0.04688825793114715
LI,Liver,heat_humidity,tmax_5c,Tmax per 5 C,Tmax,Q2 reference,4.225446721311483,217632,998,TRUE,1000,37,0.04785417112138157
LI,Liver,heat_humidity,tmax_5c,Tmax per 5 C,Tmax,Q2 reference,4.225446721311483,217632,998,TRUE,1000,39,0.048821410010413846
LI,Liver,heat_humidity,tmax_5c,Tmax per 5 C,Tmax,Q2 reference,4.225446721311483,217632,998,TRUE,1000,40,0.049789383390443365
LI,Liver,heat_humidity,tmax_5c,Tmax per 5 C,Tmax,Q2 reference,4.225446721311483,217632,998,TRUE,1000,41,0.05075739241355037
LI,Liver,heat_humidity,tmax_5c,Tmax per 5 C,Tmax,Q2 reference,4.225446721311483,217632,998,TRUE,1000,42,0.051726637934705444
LI,Liver,heat_humidity,tmax_5c,Tmax per 5 C,Tmax,Q2 reference,4.225446721311483,217632,998,TRUE,1000,45,0.05269587215122673
LI,Liver,heat_humidity,tmax_5c,Tmax per 5 C,Tmax,Q2 reference,4.225446721311483,217632,998,TRUE,1000,47,0.05366796339444102
LI,Liver,heat_humidity,tmax_5c,Tmax per 5 C,Tmax,Q2 reference,4.225446721311483,217632,998,TRUE,1000,48,0.0546396154777572
LI,Liver,heat_humidity,tmax_5c,Tmax per 5 C,Tmax,Q2 reference,4.225446721311483,217632,998,TRUE,1000,49,0.057556802886714276
LI,Liver,heat_humidity,tmax_5c,Tmax per 5 C,Tmax,Q2 reference,4.225446721311483,217632,998,TRUE,1000,52,0.05853110924106042
LI,Liver,heat_humidity,tmax_5c,Tmax per 5 C,Tmax,Q2 reference,4.225446721311483,217632,998,TRUE,1000,53,0.05950526346474316
LI,Liver,heat_humidity,tmax_5c,Tmax per 5 C,Tmax,Q2 reference,4.225446721311483,217632,998,TRUE,1000,55,0.060480434365883906
LI,Liver,heat_humidity,tmax_5c,Tmax per 5 C,Tmax,Q2 reference,4.225446721311483,217632,998,TRUE,1000,60,0.06145576276278886
LI,Liver,heat_humidity,tmax_5c,Tmax per 5 C,Tmax,Q2 reference,4.225446721311483,217632,998,TRUE,1000,62,0.062430342135281536
LI,Liver,heat_humidity,tmax_5c,Tmax per 5 C,Tmax,Q2 reference,4.225446721311483,217632,998,TRUE,1000,63,0.06438067921157731
LI,Liver,heat_humidity,tmax_5c,Tmax per 5 C,Tmax,Q2 reference,4.225446721311483,217632,998,TRUE,1000,73,0.06633714458822493
LI,Liver,heat_humidity,tmax_5c,Tmax per 5 C,Tmax,Q2 reference,4.225446721311483,217632,998,TRUE,1000,74,0.06731836585346807
LI,Liver,heat_humidity,tmax_5c,Tmax per 5 C,Tmax,Q2 reference,4.225446721311483,217632,998,TRUE,1000,75,0.06829926798757047
LI,Liver,heat_humidity,tmax_5c,Tmax per 5 C,Tmax,Q2 reference,4.225446721311483,217632,998,TRUE,1000,77,0.06928180860038091
LI,Liver,heat_humidity,tmax_5c,Tmax per 5 C,Tmax,Q2 reference,4.225446721311483,217632,998,TRUE,1000,78,0.07026531971092209
LI,Liver,heat_humidity,tmax_5c,Tmax per 5 C,Tmax,Q2 reference,4.225446721311483,217632,998,TRUE,1000,80,0.07124878391230993
LI,Liver,heat_humidity,tmax_5c,Tmax per 5 C,Tmax,Q2 reference,4.225446721311483,217632,998,TRUE,1000,81,0.07321415125665742
LI,Liver,heat_humidity,tmax_5c,Tmax per 5 C,Tmax,Q2 reference,4.225446721311483,217632,998,TRUE,1000,84,0.07419669535881279
LI,Liver,heat_humidity,tmax_5c,Tmax per 5 C,Tmax,Q2 reference,4.225446721311483,217632,998,TRUE,1000,87,0.07714599004743683
LI,Liver,heat_humidity,tmax_5c,Tmax per 5 C,Tmax,Q2 reference,4.225446721311483,217632,998,TRUE,1000,88,0.0781299387625577
LI,Liver,heat_humidity,tmax_5c,Tmax per 5 C,Tmax,Q2 reference,4.225446721311483,217632,998,TRUE,1000,90,0.07911391298054626
LI,Liver,heat_humidity,tmax_5c,Tmax per 5 C,Tmax,Q2 reference,4.225446721311483,217632,998,TRUE,1000,94,0.08108311413545699
LI,Liver,heat_humidity,tmax_5c,Tmax per 5 C,Tmax,Q2 reference,4.225446721311483,217632,998,TRUE,1000,96,0.08206936390238861
LI,Liver,heat_humidity,tmax_5c,Tmax per 5 C,Tmax,Q2 reference,4.225446721311483,217632,998,TRUE,1000,106,0.08306006741681893
LI,Liver,heat_humidity,tmax_5c,Tmax per 5 C,Tmax,Q2 reference,4.225446721311483,217632,998,TRUE,1000,112,0.08504202639586911
LI,Liver,heat_humidity,tmax_5c,Tmax per 5 C,Tmax,Q2 reference,4.225446721311483,217632,998,TRUE,1000,115,0.08603432260752775
LI,Liver,heat_humidity,tmax_5c,Tmax per 5 C,Tmax,Q2 reference,4.225446721311483,217632,998,TRUE,1000,120,0.08702635822557059
LI,Liver,heat_humidity,tmax_5c,Tmax per 5 C,Tmax,Q2 reference,4.225446721311483,217632,998,TRUE,1000,125,0.08802173280257819
LI,Liver,heat_humidity,tmax_5c,Tmax per 5 C,Tmax,Q2 reference,4.225446721311483,217632,998,TRUE,1000,127,0.08901748229360718
LI,Liver,heat_humidity,tmax_5c,Tmax per 5 C,Tmax,Q2 reference,4.225446721311483,217632,998,TRUE,1000,128,0.09001330135621122
LI,Liver,heat_humidity,tmax_5c,Tmax per 5 C,Tmax,Q2 reference,4.225446721311483,217632,998,TRUE,1000,133,0.09101157793054704
LI,Liver,heat_humidity,tmax_5c,Tmax per 5 C,Tmax,Q2 reference,4.225446721311483,217632,998,TRUE,1000,154,0.0920158623958034
LI,Liver,heat_humidity,tmax_5c,Tmax per 5 C,Tmax,Q2 reference,4.225446721311483,217632,998,TRUE,1000,156,0.09302004315719836
LI,Liver,heat_humidity,tmax_5c,Tmax per 5 C,Tmax,Q2 reference,4.225446721311483,217632,998,TRUE,1000,159,0.09402467074417642
LI,Liver,heat_humidity,tmax_5c,Tmax per 5 C,Tmax,Q2 reference,4.225446721311483,217632,998,TRUE,1000,160,0.09503018749394032
LI,Liver,heat_humidity,tmax_5c,Tmax per 5 C,Tmax,Q2 reference,4.225446721311483,217632,998,TRUE,1000,161,0.09703968213749292
LI,Liver,heat_humidity,tmax_5c,Tmax per 5 C,Tmax,Q2 reference,4.225446721311483,217632,998,TRUE,1000,162,0.0980462234645163
LI,Liver,heat_humidity,tmax_5c,Tmax per 5 C,Tmax,Q2 reference,4.225446721311483,217632,998,TRUE,1000,164,0.10005923173902287
LI,Liver,heat_humidity,tmax_5c,Tmax per 5 C,Tmax,Q2 reference,4.225446721311483,217632,998,TRUE,1000,165,0.10106831664380622
LI,Liver,heat_humidity,tmax_5c,Tmax per 5 C,Tmax,Q2 reference,4.225446721311483,217632,998,TRUE,1000,167,0.10207912969183908
LI,Liver,heat_humidity,tmax_5c,Tmax per 5 C,Tmax,Q2 reference,4.225446721311483,217632,998,TRUE,1000,172,0.10308974448779229
LI,Liver,heat_humidity,tmax_5c,Tmax per 5 C,Tmax,Q2 reference,4.225446721311483,217632,998,TRUE,1000,175,0.10410083423621497
LI,Liver,heat_humidity,tmax_5c,Tmax per 5 C,Tmax,Q2 reference,4.225446721311483,217632,998,TRUE,1000,176,0.10511240183472137
LI,Liver,heat_humidity,tmax_5c,Tmax per 5 C,Tmax,Q2 reference,4.225446721311483,217632,998,TRUE,1000,177,0.10612526088564833
LI,Liver,heat_humidity,tmax_5c,Tmax per 5 C,Tmax,Q2 reference,4.225446721311483,217632,998,TRUE,1000,181,0.10815630439081347
LI,Liver,heat_humidity,tmax_5c,Tmax per 5 C,Tmax,Q2 reference,4.225446721311483,217632,998,TRUE,1000,183,0.10917596141256891
LI,Liver,heat_humidity,tmax_5c,Tmax per 5 C,Tmax,Q2 reference,4.225446721311483,217632,998,TRUE,1000,189,0.11019899940174871
LI,Liver,heat_humidity,tmax_5c,Tmax per 5 C,Tmax,Q2 reference,4.225446721311483,217632,998,TRUE,1000,199,0.11122510022520404
LI,Liver,heat_humidity,tmax_5c,Tmax per 5 C,Tmax,Q2 reference,4.225446721311483,217632,998,TRUE,1000,205,0.11225225342640499
LI,Liver,heat_humidity,tmax_5c,Tmax per 5 C,Tmax,Q2 reference,4.225446721311483,217632,998,TRUE,1000,207,0.11327916336529387
LI,Liver,heat_humidity,tmax_5c,Tmax per 5 C,Tmax,Q2 reference,4.225446721311483,217632,998,TRUE,1000,210,0.11533333408300239
LI,Liver,heat_humidity,tmax_5c,Tmax per 5 C,Tmax,Q2 reference,4.225446721311483,217632,998,TRUE,1000,217,0.11636130273843526
LI,Liver,heat_humidity,tmax_5c,Tmax per 5 C,Tmax,Q2 reference,4.225446721311483,217632,998,TRUE,1000,220,0.11738946080160406
LI,Liver,heat_humidity,tmax_5c,Tmax per 5 C,Tmax,Q2 reference,4.225446721311483,217632,998,TRUE,1000,227,0.11841782221932629
LI,Liver,heat_humidity,tmax_5c,Tmax per 5 C,Tmax,Q2 reference,4.225446721311483,217632,998,TRUE,1000,235,0.119446097093718
LI,Liver,heat_humidity,tmax_5c,Tmax per 5 C,Tmax,Q2 reference,4.225446721311483,217632,998,TRUE,1000,238,0.12047450462927745
LI,Liver,heat_humidity,tmax_5c,Tmax per 5 C,Tmax,Q2 reference,4.225446721311483,217632,998,TRUE,1000,239,0.12150306400476951
LI,Liver,heat_humidity,tmax_5c,Tmax per 5 C,Tmax,Q2 reference,4.225446721311483,217632,998,TRUE,1000,240,0.12253104042614094
LI,Liver,heat_humidity,tmax_5c,Tmax per 5 C,Tmax,Q2 reference,4.225446721311483,217632,998,TRUE,1000,243,0.12356018912618438
LI,Liver,heat_humidity,tmax_5c,Tmax per 5 C,Tmax,Q2 reference,4.225446721311483,217632,998,TRUE,1000,248,0.12459105156801797
LI,Liver,heat_humidity,tmax_5c,Tmax per 5 C,Tmax,Q2 reference,4.225446721311483,217632,998,TRUE,1000,264,0.12562522848775703
LI,Liver,heat_humidity,tmax_5c,Tmax per 5 C,Tmax,Q2 reference,4.225446721311483,217632,998,TRUE,1000,277,0.1266656418342369
LI,Liver,heat_humidity,tmax_5c,Tmax per 5 C,Tmax,Q2 reference,4.225446721311483,217632,998,TRUE,1000,283,0.1277060180904801
LI,Liver,heat_humidity,tmax_5c,Tmax per 5 C,Tmax,Q2 reference,4.225446721311483,217632,998,TRUE,1000,286,0.12874868384944682
LI,Liver,heat_humidity,tmax_5c,Tmax per 5 C,Tmax,Q2 reference,4.225446721311483,217632,998,TRUE,1000,287,0.1308350828723045
LI,Liver,heat_humidity,tmax_5c,Tmax per 5 C,Tmax,Q2 reference,4.225446721311483,217632,998,TRUE,1000,289,0.13188078915177948
LI,Liver,heat_humidity,tmax_5c,Tmax per 5 C,Tmax,Q2 reference,4.225446721311483,217632,998,TRUE,1000,293,0.13399249767882782
LI,Liver,heat_humidity,tmax_5c,Tmax per 5 C,Tmax,Q2 reference,4.225446721311483,217632,998,TRUE,1000,319,0.13504964241996353
LI,Liver,heat_humidity,tmax_5c,Tmax per 5 C,Tmax,Q2 reference,4.225446721311483,217632,998,TRUE,1000,324,0.13610773326061776
LI,Liver,heat_humidity,tmax_5c,Tmax per 5 C,Tmax,Q2 reference,4.225446721311483,217632,998,TRUE,1000,348,0.1371709771598072
LI,Liver,heat_humidity,tmax_5c,Tmax per 5 C,Tmax,Q2 reference,4.225446721311483,217632,998,TRUE,1000,361,0.1382342566354765
LI,Liver,heat_humidity,tmax_5c,Tmax per 5 C,Tmax,Q2 reference,4.225446721311483,217632,998,TRUE,1000,386,0.13929851306131324
LI,Liver,heat_humidity,tmax_5c,Tmax per 5 C,Tmax,Q2 reference,4.225446721311483,217632,998,TRUE,1000,393,0.14036337572496882
LI,Liver,heat_humidity,tmax_5c,Tmax per 5 C,Tmax,Q2 reference,4.225446721311483,217632,998,TRUE,1000,399,0.14142830420301822
LI,Liver,heat_humidity,tmax_5c,Tmax per 5 C,Tmax,Q2 reference,4.225446721311483,217632,998,TRUE,1000,421,0.14249458555158945
LI,Liver,heat_humidity,tmax_5c,Tmax per 5 C,Tmax,Q2 reference,4.225446721311483,217632,998,TRUE,1000,449,0.14356724791512676
LI,Liver,heat_humidity,tmax_5c,Tmax per 5 C,Tmax,Q2 reference,4.225446721311483,217632,998,TRUE,1000,452,0.14463964043856703
LI,Liver,heat_humidity,tmax_5c,Tmax per 5 C,Tmax,Q2 reference,4.225446721311483,217632,998,TRUE,1000,454,0.14571315893510783
LI,Liver,heat_humidity,tmax_5c,Tmax per 5 C,Tmax,Q2 reference,4.225446721311483,217632,998,TRUE,1000,531,0.1467918259784462
LI,Liver,heat_humidity,tmax_5c,Tmax per 5 C,Tmax,Q2 reference,4.225446721311483,217632,998,TRUE,1000,534,0.1478714640290154
LI,Liver,heat_humidity,tmax_5c,Tmax per 5 C,Tmax,Q2 reference,4.225446721311483,217632,998,TRUE,1000,537,0.14895064361890775
LI,Liver,heat_humidity,tmax_5c,Tmax per 5 C,Tmax,Q2 reference,4.225446721311483,217632,998,TRUE,1000,539,0.1500303734568038
LI,Liver,heat_humidity,tmax_5c,Tmax per 5 C,Tmax,Q2 reference,4.225446721311483,217632,998,TRUE,1000,591,0.15112225256941547
LI,Liver,heat_humidity,tmax_5c,Tmax per 5 C,Tmax,Q2 reference,4.225446721311483,217632,998,TRUE,1000,595,0.1522147644859646
LI,Liver,heat_humidity,tmax_5c,Tmax per 5 C,Tmax,Q2 reference,4.225446721311483,217632,998,TRUE,1000,614,0.15331354676167985
LI,Liver,heat_humidity,tmax_5c,Tmax per 5 C,Tmax,Q2 reference,4.225446721311483,217632,998,TRUE,1000,622,0.15441304606516604
LI,Liver,heat_humidity,tmax_5c,Tmax per 5 C,Tmax,Q2 reference,4.225446721311483,217632,998,TRUE,1000,634,0.15551292525687743
LI,Liver,heat_humidity,tmax_5c,Tmax per 5 C,Tmax,Q2 reference,4.225446721311483,217632,998,TRUE,1000,709,0.15663203949908144
LI,Liver,heat_humidity,tmax_5c,Tmax per 5 C,Tmax,Q2 reference,4.225446721311483,217632,998,TRUE,1000,719,0.15775208848384936
LI,Liver,heat_humidity,tmax_5c,Tmax per 5 C,Tmax,Q2 reference,4.225446721311483,217632,998,TRUE,1000,722,0.1588736576928621
LI,Liver,heat_humidity,tmax_5c,Tmax per 5 C,Tmax,Q2 reference,4.225446721311483,217632,998,TRUE,1000,756,0.1599957504519377
LI,Liver,heat_humidity,tmax_5c,Tmax per 5 C,Tmax,Q2 reference,4.225446721311483,217632,998,TRUE,1000,761,0.16111771304385092
LI,Liver,heat_humidity,tmax_5c,Tmax per 5 C,Tmax,Q2 reference,4.225446721311483,217632,998,TRUE,1000,793,0.1622399102066584
LI,Liver,heat_humidity,tmax_5c,Tmax per 5 C,Tmax,Q2 reference,4.225446721311483,217632,998,TRUE,1000,810,0.1633629701485395
LI,Liver,heat_humidity,tmax_5c,Tmax per 5 C,Tmax,Q2 reference,4.225446721311483,217632,998,TRUE,1000,824,0.16449781741334568
LI,Liver,heat_humidity,tmax_5c,Tmax per 5 C,Tmax,Q2 reference,4.225446721311483,217632,998,TRUE,1000,835,0.1656322895575555
LI,Liver,heat_humidity,tmax_5c,Tmax per 5 C,Tmax,Q2 reference,4.225446721311483,217632,998,TRUE,1000,843,0.1667673201350226
LI,Liver,heat_humidity,tmax_5c,Tmax per 5 C,Tmax,Q2 reference,4.225446721311483,217632,998,TRUE,1000,845,0.1679020673101116
LI,Liver,heat_humidity,tmax_5c,Tmax per 5 C,Tmax,Q2 reference,4.225446721311483,217632,998,TRUE,1000,863,0.16903698824455327
LI,Liver,heat_humidity,tmax_5c,Tmax per 5 C,Tmax,Q2 reference,4.225446721311483,217632,998,TRUE,1000,938,0.1701716754923538
LI,Liver,heat_humidity,tmax_5c,Tmax per 5 C,Tmax,Q2 reference,4.225446721311483,217632,998,TRUE,1000,996,0.17131662267735226
LI,Liver,heat_humidity,tmax_5c,Tmax per 5 C,Tmax,Q2 reference,4.225446721311483,217632,998,TRUE,1000,1039,0.1724724790976363
LI,Liver,heat_humidity,tmax_5c,Tmax per 5 C,Tmax,Q2 reference,4.225446721311483,217632,998,TRUE,1000,1089,0.17362863969354847
LI,Liver,heat_humidity,tmax_5c,Tmax per 5 C,Tmax,Q2 reference,4.225446721311483,217632,998,TRUE,1000,1091,0.17478464821103012
LI,Liver,heat_humidity,tmax_5c,Tmax per 5 C,Tmax,Q2 reference,4.225446721311483,217632,998,TRUE,1000,1116,0.17594212847384594
LI,Liver,heat_humidity,tmax_5c,Tmax per 5 C,Tmax,Q2 reference,4.225446721311483,217632,998,TRUE,1000,1123,0.17710094133488052
LI,Liver,heat_humidity,tmax_5c,Tmax per 5 C,Tmax,Q2 reference,4.225446721311483,217632,998,TRUE,1000,1164,0.17825960387714201
LI,Liver,heat_humidity,tmax_5c,Tmax per 5 C,Tmax,Q2 reference,4.225446721311483,217632,998,TRUE,1000,1194,0.1794323497840511
LI,Liver,heat_humidity,tmax_5c,Tmax per 5 C,Tmax,Q2 reference,4.225446721311483,217632,998,TRUE,1000,1210,0.1806043689639465
LI,Liver,heat_humidity,tmax_5c,Tmax per 5 C,Tmax,Q2 reference,4.225446721311483,217632,998,TRUE,1000,1227,0.18177844825749123
LI,Liver,heat_humidity,tmax_5c,Tmax per 5 C,Tmax,Q2 reference,4.225446721311483,217632,998,TRUE,1000,1340,0.18295293147771707
LI,Liver,heat_humidity,tmax_5c,Tmax per 5 C,Tmax,Q2 reference,4.225446721311483,217632,998,TRUE,1000,1462,0.1841288984966336
LI,Liver,heat_humidity,tmax_5c,Tmax per 5 C,Tmax,Q2 reference,4.225446721311483,217632,998,TRUE,1000,1811,0.18530477549355295
LI,Liver,heat_humidity,tmax_5c,Tmax per 5 C,Tmax,Q2 reference,4.225446721311483,217632,998,TRUE,1000,2027,0.18651338213617175
LI,Liver,heat_humidity,tmax_5c,Tmax per 5 C,Tmax,Q2 reference,4.225446721311483,217632,998,TRUE,1000,2030,0.18772139517964503
LI,Liver,heat_humidity,tmax_5c,Tmax per 5 C,Tmax,Q2 reference,4.225446721311483,217632,998,TRUE,1000,2205,0.18892963897725823
LI,Liver,heat_humidity,tmax_5c,Tmax per 5 C,Tmax,Q2 reference,4.225446721311483,217632,998,TRUE,1000,2422,0.19013773279438795
LI,Liver,heat_humidity,tmax_5c,Tmax per 5 C,Tmax,Q2 reference,4.225446721311483,217632,998,TRUE,1000,2490,0.1913474921970415
LI,Liver,heat_humidity,tmax_5c,Tmax per 5 C,Tmax,Q2 reference,4.225446721311483,217632,998,TRUE,1000,2632,0.1926419150003046
LI,Liver,heat_humidity,tmax_5c,Tmax per 5 C,Tmax,Q2 reference,4.225446721311483,217632,998,TRUE,1000,2638,0.19393842812858053
LI,Liver,heat_humidity,tmax_5c,Tmax per 5 C,Tmax,Q2 reference,4.225446721311483,217632,998,TRUE,1000,3312,0.19535373513472498
LI,Liver,heat_humidity,tmax_5c,Tmax per 5 C,Tmax,Q4 reference,5.312573111099428,217632,998,TRUE,1000,1,0.005828236557327671
LI,Liver,heat_humidity,tmax_5c,Tmax per 5 C,Tmax,Q4 reference,5.312573111099428,217632,998,TRUE,1000,2,0.008341613279267523
LI,Liver,heat_humidity,tmax_5c,Tmax per 5 C,Tmax,Q4 reference,5.312573111099428,217632,998,TRUE,1000,3,0.010870836582656973
LI,Liver,heat_humidity,tmax_5c,Tmax per 5 C,Tmax,Q4 reference,5.312573111099428,217632,998,TRUE,1000,4,0.012566897680408418
LI,Liver,heat_humidity,tmax_5c,Tmax per 5 C,Tmax,Q4 reference,5.312573111099428,217632,998,TRUE,1000,5,0.013414415628382748
LI,Liver,heat_humidity,tmax_5c,Tmax per 5 C,Tmax,Q4 reference,5.312573111099428,217632,998,TRUE,1000,6,0.01680133879115364
LI,Liver,heat_humidity,tmax_5c,Tmax per 5 C,Tmax,Q4 reference,5.312573111099428,217632,998,TRUE,1000,7,0.019358554875290923
LI,Liver,heat_humidity,tmax_5c,Tmax per 5 C,Tmax,Q4 reference,5.312573111099428,217632,998,TRUE,1000,8,0.02021207220513077
LI,Liver,heat_humidity,tmax_5c,Tmax per 5 C,Tmax,Q4 reference,5.312573111099428,217632,998,TRUE,1000,10,0.021920363416703115
LI,Liver,heat_humidity,tmax_5c,Tmax per 5 C,Tmax,Q4 reference,5.312573111099428,217632,998,TRUE,1000,13,0.0244837263752552
LI,Liver,heat_humidity,tmax_5c,Tmax per 5 C,Tmax,Q4 reference,5.312573111099428,217632,998,TRUE,1000,14,0.025344467892564615
LI,Liver,heat_humidity,tmax_5c,Tmax per 5 C,Tmax,Q4 reference,5.312573111099428,217632,998,TRUE,1000,15,0.02706416290313618
LI,Liver,heat_humidity,tmax_5c,Tmax per 5 C,Tmax,Q4 reference,5.312573111099428,217632,998,TRUE,1000,17,0.027930093459615946
LI,Liver,heat_humidity,tmax_5c,Tmax per 5 C,Tmax,Q4 reference,5.312573111099428,217632,998,TRUE,1000,18,0.028798778783930667
LI,Liver,heat_humidity,tmax_5c,Tmax per 5 C,Tmax,Q4 reference,5.312573111099428,217632,998,TRUE,1000,20,0.02966692615909361
LI,Liver,heat_humidity,tmax_5c,Tmax per 5 C,Tmax,Q4 reference,5.312573111099428,217632,998,TRUE,1000,21,0.0314079090521896
LI,Liver,heat_humidity,tmax_5c,Tmax per 5 C,Tmax,Q4 reference,5.312573111099428,217632,998,TRUE,1000,22,0.03315530484114837
LI,Liver,heat_humidity,tmax_5c,Tmax per 5 C,Tmax,Q4 reference,5.312573111099428,217632,998,TRUE,1000,23,0.034032777582761575
LI,Liver,heat_humidity,tmax_5c,Tmax per 5 C,Tmax,Q4 reference,5.312573111099428,217632,998,TRUE,1000,24,0.03491221340552808
LI,Liver,heat_humidity,tmax_5c,Tmax per 5 C,Tmax,Q4 reference,5.312573111099428,217632,998,TRUE,1000,28,0.03579291131965756
LI,Liver,heat_humidity,tmax_5c,Tmax per 5 C,Tmax,Q4 reference,5.312573111099428,217632,998,TRUE,1000,29,0.037555110992568475
LI,Liver,heat_humidity,tmax_5c,Tmax per 5 C,Tmax,Q4 reference,5.312573111099428,217632,998,TRUE,1000,30,0.03843788832513584
LI,Liver,heat_humidity,tmax_5c,Tmax per 5 C,Tmax,Q4 reference,5.312573111099428,217632,998,TRUE,1000,31,0.0402067621423261
LI,Liver,heat_humidity,tmax_5c,Tmax per 5 C,Tmax,Q4 reference,5.312573111099428,217632,998,TRUE,1000,32,0.04109217088033057
LI,Liver,heat_humidity,tmax_5c,Tmax per 5 C,Tmax,Q4 reference,5.312573111099428,217632,998,TRUE,1000,35,0.041977341185947425
LI,Liver,heat_humidity,tmax_5c,Tmax per 5 C,Tmax,Q4 reference,5.312573111099428,217632,998,TRUE,1000,36,0.0428623311920594
LI,Liver,heat_humidity,tmax_5c,Tmax per 5 C,Tmax,Q4 reference,5.312573111099428,217632,998,TRUE,1000,37,0.04374722551221455
LI,Liver,heat_humidity,tmax_5c,Tmax per 5 C,Tmax,Q4 reference,5.312573111099428,217632,998,TRUE,1000,39,0.04463341329203274
LI,Liver,heat_humidity,tmax_5c,Tmax per 5 C,Tmax,Q4 reference,5.312573111099428,217632,998,TRUE,1000,40,0.045520353204654196
LI,Liver,heat_humidity,tmax_5c,Tmax per 5 C,Tmax,Q4 reference,5.312573111099428,217632,998,TRUE,1000,41,0.046407405088197295
LI,Liver,heat_humidity,tmax_5c,Tmax per 5 C,Tmax,Q4 reference,5.312573111099428,217632,998,TRUE,1000,42,0.047295669611576385
LI,Liver,heat_humidity,tmax_5c,Tmax per 5 C,Tmax,Q4 reference,5.312573111099428,217632,998,TRUE,1000,45,0.04818400346605556
LI,Liver,heat_humidity,tmax_5c,Tmax per 5 C,Tmax,Q4 reference,5.312573111099428,217632,998,TRUE,1000,47,0.0490750360086214
LI,Liver,heat_humidity,tmax_5c,Tmax per 5 C,Tmax,Q4 reference,5.312573111099428,217632,998,TRUE,1000,48,0.04996574629674244
LI,Liver,heat_humidity,tmax_5c,Tmax per 5 C,Tmax,Q4 reference,5.312573111099428,217632,998,TRUE,1000,49,0.05264040560813421
LI,Liver,heat_humidity,tmax_5c,Tmax per 5 C,Tmax,Q4 reference,5.312573111099428,217632,998,TRUE,1000,52,0.05353387220334427
LI,Liver,heat_humidity,tmax_5c,Tmax per 5 C,Tmax,Q4 reference,5.312573111099428,217632,998,TRUE,1000,53,0.054427280431706526
LI,Liver,heat_humidity,tmax_5c,Tmax per 5 C,Tmax,Q4 reference,5.312573111099428,217632,998,TRUE,1000,55,0.05532170242046619
LI,Liver,heat_humidity,tmax_5c,Tmax per 5 C,Tmax,Q4 reference,5.312573111099428,217632,998,TRUE,1000,60,0.05621635037123507
LI,Liver,heat_humidity,tmax_5c,Tmax per 5 C,Tmax,Q4 reference,5.312573111099428,217632,998,TRUE,1000,62,0.05711039277025676
LI,Liver,heat_humidity,tmax_5c,Tmax per 5 C,Tmax,Q4 reference,5.312573111099428,217632,998,TRUE,1000,63,0.058899803583907895
LI,Liver,heat_humidity,tmax_5c,Tmax per 5 C,Tmax,Q4 reference,5.312573111099428,217632,998,TRUE,1000,73,0.06069516601367375
LI,Liver,heat_humidity,tmax_5c,Tmax per 5 C,Tmax,Q4 reference,5.312573111099428,217632,998,TRUE,1000,74,0.06159571401240749
LI,Liver,heat_humidity,tmax_5c,Tmax per 5 C,Tmax,Q4 reference,5.312573111099428,217632,998,TRUE,1000,75,0.062496052237880684
LI,Liver,heat_humidity,tmax_5c,Tmax per 5 C,Tmax,Q4 reference,5.312573111099428,217632,998,TRUE,1000,77,0.06339797777988698
LI,Liver,heat_humidity,tmax_5c,Tmax per 5 C,Tmax,Q4 reference,5.312573111099428,217632,998,TRUE,1000,78,0.06430087789207861
LI,Liver,heat_humidity,tmax_5c,Tmax per 5 C,Tmax,Q4 reference,5.312573111099428,217632,998,TRUE,1000,80,0.06520381877099235
LI,Liver,heat_humidity,tmax_5c,Tmax per 5 C,Tmax,Q4 reference,5.312573111099428,217632,998,TRUE,1000,81,0.06700851882604364
LI,Liver,heat_humidity,tmax_5c,Tmax per 5 C,Tmax,Q4 reference,5.312573111099428,217632,998,TRUE,1000,84,0.06791086659975298
LI,Liver,heat_humidity,tmax_5c,Tmax per 5 C,Tmax,Q4 reference,5.312573111099428,217632,998,TRUE,1000,87,0.07061994185823983
LI,Liver,heat_humidity,tmax_5c,Tmax per 5 C,Tmax,Q4 reference,5.312573111099428,217632,998,TRUE,1000,88,0.07152391710304518
LI,Liver,heat_humidity,tmax_5c,Tmax per 5 C,Tmax,Q4 reference,5.312573111099428,217632,998,TRUE,1000,90,0.07242800047188191
LI,Liver,heat_humidity,tmax_5c,Tmax per 5 C,Tmax,Q4 reference,5.312573111099428,217632,998,TRUE,1000,94,0.07423757296715028
LI,Liver,heat_humidity,tmax_5c,Tmax per 5 C,Tmax,Q4 reference,5.312573111099428,217632,998,TRUE,1000,96,0.07514400260139797
LI,Liver,heat_humidity,tmax_5c,Tmax per 5 C,Tmax,Q4 reference,5.312573111099428,217632,998,TRUE,1000,106,0.0760546115927232
LI,Liver,heat_humidity,tmax_5c,Tmax per 5 C,Tmax,Q4 reference,5.312573111099428,217632,998,TRUE,1000,112,0.07787659620382048
LI,Liver,heat_humidity,tmax_5c,Tmax per 5 C,Tmax,Q4 reference,5.312573111099428,217632,998,TRUE,1000,115,0.0787889290484135
LI,Liver,heat_humidity,tmax_5c,Tmax per 5 C,Tmax,Q4 reference,5.312573111099428,217632,998,TRUE,1000,120,0.07970110920923545
LI,Liver,heat_humidity,tmax_5c,Tmax per 5 C,Tmax,Q4 reference,5.312573111099428,217632,998,TRUE,1000,125,0.08061644699558801
LI,Liver,heat_humidity,tmax_5c,Tmax per 5 C,Tmax,Q4 reference,5.312573111099428,217632,998,TRUE,1000,127,0.08153221729123972
LI,Liver,heat_humidity,tmax_5c,Tmax per 5 C,Tmax,Q4 reference,5.312573111099428,217632,998,TRUE,1000,128,0.08244813944213591
LI,Liver,heat_humidity,tmax_5c,Tmax per 5 C,Tmax,Q4 reference,5.312573111099428,217632,998,TRUE,1000,133,0.08336641023821012
LI,Liver,heat_humidity,tmax_5c,Tmax per 5 C,Tmax,Q4 reference,5.312573111099428,217632,998,TRUE,1000,154,0.08429029675008859
LI,Liver,heat_humidity,tmax_5c,Tmax per 5 C,Tmax,Q4 reference,5.312573111099428,217632,998,TRUE,1000,156,0.08521417754246219
LI,Liver,heat_humidity,tmax_5c,Tmax per 5 C,Tmax,Q4 reference,5.312573111099428,217632,998,TRUE,1000,159,0.08613855927540182
LI,Liver,heat_humidity,tmax_5c,Tmax per 5 C,Tmax,Q4 reference,5.312573111099428,217632,998,TRUE,1000,160,0.0870638492417356
LI,Liver,heat_humidity,tmax_5c,Tmax per 5 C,Tmax,Q4 reference,5.312573111099428,217632,998,TRUE,1000,161,0.08891328358927131
LI,Liver,heat_humidity,tmax_5c,Tmax per 5 C,Tmax,Q4 reference,5.312573111099428,217632,998,TRUE,1000,162,0.08983978762384759
LI,Liver,heat_humidity,tmax_5c,Tmax per 5 C,Tmax,Q4 reference,5.312573111099428,217632,998,TRUE,1000,164,0.09169299958731691
LI,Liver,heat_humidity,tmax_5c,Tmax per 5 C,Tmax,Q4 reference,5.312573111099428,217632,998,TRUE,1000,165,0.09262211833610945
LI,Liver,heat_humidity,tmax_5c,Tmax per 5 C,Tmax,Q4 reference,5.312573111099428,217632,998,TRUE,1000,167,0.09355292006289928
LI,Liver,heat_humidity,tmax_5c,Tmax per 5 C,Tmax,Q4 reference,5.312573111099428,217632,998,TRUE,1000,172,0.09448363117777958
LI,Liver,heat_humidity,tmax_5c,Tmax per 5 C,Tmax,Q4 reference,5.312573111099428,217632,998,TRUE,1000,175,0.09541487180932995
LI,Liver,heat_humidity,tmax_5c,Tmax per 5 C,Tmax,Q4 reference,5.312573111099428,217632,998,TRUE,1000,176,0.09634664486976707
LI,Liver,heat_humidity,tmax_5c,Tmax per 5 C,Tmax,Q4 reference,5.312573111099428,217632,998,TRUE,1000,177,0.09727970013891374
LI,Liver,heat_humidity,tmax_5c,Tmax per 5 C,Tmax,Q4 reference,5.312573111099428,217632,998,TRUE,1000,181,0.09915099623152523
LI,Liver,heat_humidity,tmax_5c,Tmax per 5 C,Tmax,Q4 reference,5.312573111099428,217632,998,TRUE,1000,183,0.10009059528326125
LI,Liver,heat_humidity,tmax_5c,Tmax per 5 C,Tmax,Q4 reference,5.312573111099428,217632,998,TRUE,1000,189,0.10103340471958655
LI,Liver,heat_humidity,tmax_5c,Tmax per 5 C,Tmax,Q4 reference,5.312573111099428,217632,998,TRUE,1000,199,0.10197913237307565
LI,Liver,heat_humidity,tmax_5c,Tmax per 5 C,Tmax,Q4 reference,5.312573111099428,217632,998,TRUE,1000,205,0.10292592595946748
LI,Liver,heat_humidity,tmax_5c,Tmax per 5 C,Tmax,Q4 reference,5.312573111099428,217632,998,TRUE,1000,207,0.1038725914376718
LI,Liver,heat_humidity,tmax_5c,Tmax per 5 C,Tmax,Q4 reference,5.312573111099428,217632,998,TRUE,1000,210,0.10576653471885544
LI,Liver,heat_humidity,tmax_5c,Tmax per 5 C,Tmax,Q4 reference,5.312573111099428,217632,998,TRUE,1000,217,0.1067144656254081
LI,Liver,heat_humidity,tmax_5c,Tmax per 5 C,Tmax,Q4 reference,5.312573111099428,217632,998,TRUE,1000,220,0.1076626680157472
LI,Liver,heat_humidity,tmax_5c,Tmax per 5 C,Tmax,Q4 reference,5.312573111099428,217632,998,TRUE,1000,227,0.10861115493033324
LI,Liver,heat_humidity,tmax_5c,Tmax per 5 C,Tmax,Q4 reference,5.312573111099428,217632,998,TRUE,1000,235,0.10955965912769927
LI,Liver,heat_humidity,tmax_5c,Tmax per 5 C,Tmax,Q4 reference,5.312573111099428,217632,998,TRUE,1000,238,0.11050838293698784
LI,Liver,heat_humidity,tmax_5c,Tmax per 5 C,Tmax,Q4 reference,5.312573111099428,217632,998,TRUE,1000,239,0.11145734421502285
LI,Liver,heat_humidity,tmax_5c,Tmax per 5 C,Tmax,Q4 reference,5.312573111099428,217632,998,TRUE,1000,240,0.11240586509465011
LI,Liver,heat_humidity,tmax_5c,Tmax per 5 C,Tmax,Q4 reference,5.312573111099428,217632,998,TRUE,1000,243,0.11335556534942814
LI,Liver,heat_humidity,tmax_5c,Tmax per 5 C,Tmax,Q4 reference,5.312573111099428,217632,998,TRUE,1000,248,0.11430694517899542
LI,Liver,heat_humidity,tmax_5c,Tmax per 5 C,Tmax,Q4 reference,5.312573111099428,217632,998,TRUE,1000,264,0.11526148274330072
LI,Liver,heat_humidity,tmax_5c,Tmax per 5 C,Tmax,Q4 reference,5.312573111099428,217632,998,TRUE,1000,277,0.1162218764802253
LI,Liver,heat_humidity,tmax_5c,Tmax per 5 C,Tmax,Q4 reference,5.312573111099428,217632,998,TRUE,1000,283,0.1171823364018929
LI,Liver,heat_humidity,tmax_5c,Tmax per 5 C,Tmax,Q4 reference,5.312573111099428,217632,998,TRUE,1000,286,0.1181450108415768
LI,Liver,heat_humidity,tmax_5c,Tmax per 5 C,Tmax,Q4 reference,5.312573111099428,217632,998,TRUE,1000,287,0.12007164909590418
LI,Liver,heat_humidity,tmax_5c,Tmax per 5 C,Tmax,Q4 reference,5.312573111099428,217632,998,TRUE,1000,289,0.12103743570336278
LI,Liver,heat_humidity,tmax_5c,Tmax per 5 C,Tmax,Q4 reference,5.312573111099428,217632,998,TRUE,1000,293,0.12298806519515293
LI,Liver,heat_humidity,tmax_5c,Tmax per 5 C,Tmax,Q4 reference,5.312573111099428,217632,998,TRUE,1000,319,0.12396472874283604
LI,Liver,heat_humidity,tmax_5c,Tmax per 5 C,Tmax,Q4 reference,5.312573111099428,217632,998,TRUE,1000,324,0.12494237128094188
LI,Liver,heat_humidity,tmax_5c,Tmax per 5 C,Tmax,Q4 reference,5.312573111099428,217632,998,TRUE,1000,348,0.12592488095665044
LI,Liver,heat_humidity,tmax_5c,Tmax per 5 C,Tmax,Q4 reference,5.312573111099428,217632,998,TRUE,1000,361,0.12690752978617992
LI,Liver,heat_humidity,tmax_5c,Tmax per 5 C,Tmax,Q4 reference,5.312573111099428,217632,998,TRUE,1000,386,0.1278911880516812
LI,Liver,heat_humidity,tmax_5c,Tmax per 5 C,Tmax,Q4 reference,5.312573111099428,217632,998,TRUE,1000,393,0.1288755134969567
LI,Liver,heat_humidity,tmax_5c,Tmax per 5 C,Tmax,Q4 reference,5.312573111099428,217632,998,TRUE,1000,399,0.12986000681683108
LI,Liver,heat_humidity,tmax_5c,Tmax per 5 C,Tmax,Q4 reference,5.312573111099428,217632,998,TRUE,1000,421,0.13084585821348949
LI,Liver,heat_humidity,tmax_5c,Tmax per 5 C,Tmax,Q4 reference,5.312573111099428,217632,998,TRUE,1000,449,0.13183771787463772
LI,Liver,heat_humidity,tmax_5c,Tmax per 5 C,Tmax,Q4 reference,5.312573111099428,217632,998,TRUE,1000,452,0.1328294370248947
LI,Liver,heat_humidity,tmax_5c,Tmax per 5 C,Tmax,Q4 reference,5.312573111099428,217632,998,TRUE,1000,454,0.1338223067534815
LI,Liver,heat_humidity,tmax_5c,Tmax per 5 C,Tmax,Q4 reference,5.312573111099428,217632,998,TRUE,1000,531,0.13482004854646734
LI,Liver,heat_humidity,tmax_5c,Tmax per 5 C,Tmax,Q4 reference,5.312573111099428,217632,998,TRUE,1000,534,0.1358187993692268
LI,Liver,heat_humidity,tmax_5c,Tmax per 5 C,Tmax,Q4 reference,5.312573111099428,217632,998,TRUE,1000,537,0.13681723708224136
LI,Liver,heat_humidity,tmax_5c,Tmax per 5 C,Tmax,Q4 reference,5.312573111099428,217632,998,TRUE,1000,539,0.1378162950922116
LI,Liver,heat_humidity,tmax_5c,Tmax per 5 C,Tmax,Q4 reference,5.312573111099428,217632,998,TRUE,1000,591,0.13882670793316665
LI,Liver,heat_humidity,tmax_5c,Tmax per 5 C,Tmax,Q4 reference,5.312573111099428,217632,998,TRUE,1000,595,0.13983782054293648
LI,Liver,heat_humidity,tmax_5c,Tmax per 5 C,Tmax,Q4 reference,5.312573111099428,217632,998,TRUE,1000,614,0.14085485168801648
LI,Liver,heat_humidity,tmax_5c,Tmax per 5 C,Tmax,Q4 reference,5.312573111099428,217632,998,TRUE,1000,622,0.14187266247849162
LI,Liver,heat_humidity,tmax_5c,Tmax per 5 C,Tmax,Q4 reference,5.312573111099428,217632,998,TRUE,1000,634,0.14289094116070344
LI,Liver,heat_humidity,tmax_5c,Tmax per 5 C,Tmax,Q4 reference,5.312573111099428,217632,998,TRUE,1000,709,0.14392714732181677
LI,Liver,heat_humidity,tmax_5c,Tmax per 5 C,Tmax,Q4 reference,5.312573111099428,217632,998,TRUE,1000,719,0.14496433982142876
LI,Liver,heat_humidity,tmax_5c,Tmax per 5 C,Tmax,Q4 reference,5.312573111099428,217632,998,TRUE,1000,722,0.1460030614025869
LI,Liver,heat_humidity,tmax_5c,Tmax per 5 C,Tmax,Q4 reference,5.312573111099428,217632,998,TRUE,1000,756,0.14704238952093684
LI,Liver,heat_humidity,tmax_5c,Tmax per 5 C,Tmax,Q4 reference,5.312573111099428,217632,998,TRUE,1000,761,0.14808171891764654
LI,Liver,heat_humidity,tmax_5c,Tmax per 5 C,Tmax,Q4 reference,5.312573111099428,217632,998,TRUE,1000,793,0.1491213876619507
LI,Liver,heat_humidity,tmax_5c,Tmax per 5 C,Tmax,Q4 reference,5.312573111099428,217632,998,TRUE,1000,810,0.15016197811964616
LI,Liver,heat_humidity,tmax_5c,Tmax per 5 C,Tmax,Q4 reference,5.312573111099428,217632,998,TRUE,1000,824,0.15121361487177498
LI,Liver,heat_humidity,tmax_5c,Tmax per 5 C,Tmax,Q4 reference,5.312573111099428,217632,998,TRUE,1000,835,0.1522650293288199
LI,Liver,heat_humidity,tmax_5c,Tmax per 5 C,Tmax,Q4 reference,5.312573111099428,217632,998,TRUE,1000,843,0.1533170869126017
LI,Liver,heat_humidity,tmax_5c,Tmax per 5 C,Tmax,Q4 reference,5.312573111099428,217632,998,TRUE,1000,845,0.15436900755900618
LI,Liver,heat_humidity,tmax_5c,Tmax per 5 C,Tmax,Q4 reference,5.312573111099428,217632,998,TRUE,1000,863,0.15542121522935937
LI,Liver,heat_humidity,tmax_5c,Tmax per 5 C,Tmax,Q4 reference,5.312573111099428,217632,998,TRUE,1000,938,0.1564733323494989
LI,Liver,heat_humidity,tmax_5c,Tmax per 5 C,Tmax,Q4 reference,5.312573111099428,217632,998,TRUE,1000,996,0.1575350907991956
LI,Liver,heat_humidity,tmax_5c,Tmax per 5 C,Tmax,Q4 reference,5.312573111099428,217632,998,TRUE,1000,1039,0.15860709646290394
LI,Liver,heat_humidity,tmax_5c,Tmax per 5 C,Tmax,Q4 reference,5.312573111099428,217632,998,TRUE,1000,1089,0.15967951571999217
LI,Liver,heat_humidity,tmax_5c,Tmax per 5 C,Tmax,Q4 reference,5.312573111099428,217632,998,TRUE,1000,1091,0.1607519255891523
LI,Liver,heat_humidity,tmax_5c,Tmax per 5 C,Tmax,Q4 reference,5.312573111099428,217632,998,TRUE,1000,1116,0.16182583289136687
LI,Liver,heat_humidity,tmax_5c,Tmax per 5 C,Tmax,Q4 reference,5.312573111099428,217632,998,TRUE,1000,1123,0.16290110920907042
LI,Liver,heat_humidity,tmax_5c,Tmax per 5 C,Tmax,Q4 reference,5.312573111099428,217632,998,TRUE,1000,1164,0.16397637893202854
LI,Liver,heat_humidity,tmax_5c,Tmax per 5 C,Tmax,Q4 reference,5.312573111099428,217632,998,TRUE,1000,1194,0.16506485391289705
LI,Liver,heat_humidity,tmax_5c,Tmax per 5 C,Tmax,Q4 reference,5.312573111099428,217632,998,TRUE,1000,1210,0.16615279081069412
LI,Liver,heat_humidity,tmax_5c,Tmax per 5 C,Tmax,Q4 reference,5.312573111099428,217632,998,TRUE,1000,1227,0.1672427769801238
LI,Liver,heat_humidity,tmax_5c,Tmax per 5 C,Tmax,Q4 reference,5.312573111099428,217632,998,TRUE,1000,1340,0.16833327550346733
LI,Liver,heat_humidity,tmax_5c,Tmax per 5 C,Tmax,Q4 reference,5.312573111099428,217632,998,TRUE,1000,1462,0.16942528958009795
LI,Liver,heat_humidity,tmax_5c,Tmax per 5 C,Tmax,Q4 reference,5.312573111099428,217632,998,TRUE,1000,1811,0.17051735820657132
LI,Liver,heat_humidity,tmax_5c,Tmax per 5 C,Tmax,Q4 reference,5.312573111099428,217632,998,TRUE,1000,2027,0.17163996792523462
LI,Liver,heat_humidity,tmax_5c,Tmax per 5 C,Tmax,Q4 reference,5.312573111099428,217632,998,TRUE,1000,2030,0.1727621725759677
LI,Liver,heat_humidity,tmax_5c,Tmax per 5 C,Tmax,Q4 reference,5.312573111099428,217632,998,TRUE,1000,2205,0.17388473812687222
LI,Liver,heat_humidity,tmax_5c,Tmax per 5 C,Tmax,Q4 reference,5.312573111099428,217632,998,TRUE,1000,2422,0.1750073110938648
LI,Liver,heat_humidity,tmax_5c,Tmax per 5 C,Tmax,Q4 reference,5.312573111099428,217632,998,TRUE,1000,2490,0.17613157903425758
LI,Liver,heat_humidity,tmax_5c,Tmax per 5 C,Tmax,Q4 reference,5.312573111099428,217632,998,TRUE,1000,2632,0.1773346908707779
LI,Liver,heat_humidity,tmax_5c,Tmax per 5 C,Tmax,Q4 reference,5.312573111099428,217632,998,TRUE,1000,2638,0.1785399153052839
LI,Liver,heat_humidity,tmax_5c,Tmax per 5 C,Tmax,Q4 reference,5.312573111099428,217632,998,TRUE,1000,3312,0.17985576350423227
LI,Liver,heat_humidity,rmax_10pct,Maximum relative humidity per 10 pct,Maximum relative humidity,Q1 reference,7.983995098039218,217632,998,TRUE,1000,1,0.006680734408545441
LI,Liver,heat_humidity,rmax_10pct,Maximum relative humidity per 10 pct,Maximum relative humidity,Q1 reference,7.983995098039218,217632,998,TRUE,1000,2,0.009559972064745681
LI,Liver,heat_humidity,rmax_10pct,Maximum relative humidity per 10 pct,Maximum relative humidity,Q1 reference,7.983995098039218,217632,998,TRUE,1000,3,0.012456282073228353
LI,Liver,heat_humidity,rmax_10pct,Maximum relative humidity per 10 pct,Maximum relative humidity,Q1 reference,7.983995098039218,217632,998,TRUE,1000,4,0.014397897728841147
LI,Liver,heat_humidity,rmax_10pct,Maximum relative humidity per 10 pct,Maximum relative humidity,Q1 reference,7.983995098039218,217632,998,TRUE,1000,5,0.015367935413321154
LI,Liver,heat_humidity,rmax_10pct,Maximum relative humidity per 10 pct,Maximum relative humidity,Q1 reference,7.983995098039218,217632,998,TRUE,1000,6,0.019243260604368873
LI,Liver,heat_humidity,rmax_10pct,Maximum relative humidity per 10 pct,Maximum relative humidity,Q1 reference,7.983995098039218,217632,998,TRUE,1000,7,0.022167935628949365
LI,Liver,heat_humidity,rmax_10pct,Maximum relative humidity per 10 pct,Maximum relative humidity,Q1 reference,7.983995098039218,217632,998,TRUE,1000,8,0.02314385008764508
LI,Liver,heat_humidity,rmax_10pct,Maximum relative humidity per 10 pct,Maximum relative humidity,Q1 reference,7.983995098039218,217632,998,TRUE,1000,10,0.025096740917073146
LI,Liver,heat_humidity,rmax_10pct,Maximum relative humidity per 10 pct,Maximum relative humidity,Q1 reference,7.983995098039218,217632,998,TRUE,1000,13,0.028026196656975366
LI,Liver,heat_humidity,rmax_10pct,Maximum relative humidity per 10 pct,Maximum relative humidity,Q1 reference,7.983995098039218,217632,998,TRUE,1000,14,0.02900961383320022
LI,Liver,heat_humidity,rmax_10pct,Maximum relative humidity per 10 pct,Maximum relative humidity,Q1 reference,7.983995098039218,217632,998,TRUE,1000,15,0.03097402353920231
LI,Liver,heat_humidity,rmax_10pct,Maximum relative humidity per 10 pct,Maximum relative humidity,Q1 reference,7.983995098039218,217632,998,TRUE,1000,17,0.03196298424420119
LI,Liver,heat_humidity,rmax_10pct,Maximum relative humidity per 10 pct,Maximum relative humidity,Q1 reference,7.983995098039218,217632,998,TRUE,1000,18,0.032954961207601
LI,Liver,heat_humidity,rmax_10pct,Maximum relative humidity per 10 pct,Maximum relative humidity,Q1 reference,7.983995098039218,217632,998,TRUE,1000,20,0.033946193783901624
LI,Liver,heat_humidity,rmax_10pct,Maximum relative humidity per 10 pct,Maximum relative humidity,Q1 reference,7.983995098039218,217632,998,TRUE,1000,21,0.03593361946176121
LI,Liver,heat_humidity,rmax_10pct,Maximum relative humidity per 10 pct,Maximum relative humidity,Q1 reference,7.983995098039218,217632,998,TRUE,1000,22,0.03792783870125627
LI,Liver,heat_humidity,rmax_10pct,Maximum relative humidity per 10 pct,Maximum relative humidity,Q1 reference,7.983995098039218,217632,998,TRUE,1000,23,0.038929056948395324
LI,Liver,heat_humidity,rmax_10pct,Maximum relative humidity per 10 pct,Maximum relative humidity,Q1 reference,7.983995098039218,217632,998,TRUE,1000,24,0.039932381201779776
LI,Liver,heat_humidity,rmax_10pct,Maximum relative humidity per 10 pct,Maximum relative humidity,Q1 reference,7.983995098039218,217632,998,TRUE,1000,28,0.04093701087961121
LI,Liver,heat_humidity,rmax_10pct,Maximum relative humidity per 10 pct,Maximum relative humidity,Q1 reference,7.983995098039218,217632,998,TRUE,1000,29,0.042946782797578575
LI,Liver,heat_humidity,rmax_10pct,Maximum relative humidity per 10 pct,Maximum relative humidity,Q1 reference,7.983995098039218,217632,998,TRUE,1000,30,0.04395337896971008
LI,Liver,heat_humidity,rmax_10pct,Maximum relative humidity per 10 pct,Maximum relative humidity,Q1 reference,7.983995098039218,217632,998,TRUE,1000,31,0.04596994778017549
LI,Liver,heat_humidity,rmax_10pct,Maximum relative humidity per 10 pct,Maximum relative humidity,Q1 reference,7.983995098039218,217632,998,TRUE,1000,32,0.04697913534251541
LI,Liver,heat_humidity,rmax_10pct,Maximum relative humidity per 10 pct,Maximum relative humidity,Q1 reference,7.983995098039218,217632,998,TRUE,1000,35,0.047987914446973035
LI,Liver,heat_humidity,rmax_10pct,Maximum relative humidity per 10 pct,Maximum relative humidity,Q1 reference,7.983995098039218,217632,998,TRUE,1000,36,0.048996351333617794
LI,Liver,heat_humidity,rmax_10pct,Maximum relative humidity per 10 pct,Maximum relative humidity,Q1 reference,7.983995098039218,217632,998,TRUE,1000,37,0.05000454237481988
LI,Liver,heat_humidity,rmax_10pct,Maximum relative humidity per 10 pct,Maximum relative humidity,Q1 reference,7.983995098039218,217632,998,TRUE,1000,39,0.05101406988654589
LI,Liver,heat_humidity,rmax_10pct,Maximum relative humidity per 10 pct,Maximum relative humidity,Q1 reference,7.983995098039218,217632,998,TRUE,1000,40,0.05202431661586049
LI,Liver,heat_humidity,rmax_10pct,Maximum relative humidity per 10 pct,Maximum relative humidity,Q1 reference,7.983995098039218,217632,998,TRUE,1000,41,0.05303455309213234
LI,Liver,heat_humidity,rmax_10pct,Maximum relative humidity per 10 pct,Maximum relative humidity,Q1 reference,7.983995098039218,217632,998,TRUE,1000,42,0.05404603241537331
LI,Liver,heat_humidity,rmax_10pct,Maximum relative humidity per 10 pct,Maximum relative humidity,Q1 reference,7.983995098039218,217632,998,TRUE,1000,45,0.05505745227461467
LI,Liver,heat_humidity,rmax_10pct,Maximum relative humidity per 10 pct,Maximum relative humidity,Q1 reference,7.983995098039218,217632,998,TRUE,1000,47,0.056071805587579626
LI,Liver,heat_humidity,rmax_10pct,Maximum relative humidity per 10 pct,Maximum relative humidity,Q1 reference,7.983995098039218,217632,998,TRUE,1000,48,0.05708565263879395
LI,Liver,heat_humidity,rmax_10pct,Maximum relative humidity per 10 pct,Maximum relative humidity,Q1 reference,7.983995098039218,217632,998,TRUE,1000,49,0.0601292329938633
LI,Liver,heat_humidity,rmax_10pct,Maximum relative humidity per 10 pct,Maximum relative humidity,Q1 reference,7.983995098039218,217632,998,TRUE,1000,52,0.061145656412750826
LI,Liver,heat_humidity,rmax_10pct,Maximum relative humidity per 10 pct,Maximum relative humidity,Q1 reference,7.983995098039218,217632,998,TRUE,1000,53,0.06216187263735451
LI,Liver,heat_humidity,rmax_10pct,Maximum relative humidity per 10 pct,Maximum relative humidity,Q1 reference,7.983995098039218,217632,998,TRUE,1000,55,0.06317910082999223
LI,Liver,heat_humidity,rmax_10pct,Maximum relative humidity per 10 pct,Maximum relative humidity,Q1 reference,7.983995098039218,217632,998,TRUE,1000,60,0.0641964446181178
LI,Liver,heat_humidity,rmax_10pct,Maximum relative humidity per 10 pct,Maximum relative humidity,Q1 reference,7.983995098039218,217632,998,TRUE,1000,62,0.06521295842638541
LI,Liver,heat_humidity,rmax_10pct,Maximum relative humidity per 10 pct,Maximum relative humidity,Q1 reference,7.983995098039218,217632,998,TRUE,1000,63,0.06724706872482666
LI,Liver,heat_humidity,rmax_10pct,Maximum relative humidity per 10 pct,Maximum relative humidity,Q1 reference,7.983995098039218,217632,998,TRUE,1000,73,0.06928737413365105
LI,Liver,heat_humidity,rmax_10pct,Maximum relative humidity per 10 pct,Maximum relative humidity,Q1 reference,7.983995098039218,217632,998,TRUE,1000,74,0.07031056928683854
LI,Liver,heat_humidity,rmax_10pct,Maximum relative humidity per 10 pct,Maximum relative humidity,Q1 reference,7.983995098039218,217632,998,TRUE,1000,75,0.07133338205001671
LI,Liver,heat_humidity,rmax_10pct,Maximum relative humidity per 10 pct,Maximum relative humidity,Q1 reference,7.983995098039218,217632,998,TRUE,1000,77,0.0723578535249757
LI,Liver,heat_humidity,rmax_10pct,Maximum relative humidity per 10 pct,Maximum relative humidity,Q1 reference,7.983995098039218,217632,998,TRUE,1000,78,0.0733832869754153
LI,Liver,heat_humidity,rmax_10pct,Maximum relative humidity per 10 pct,Maximum relative humidity,Q1 reference,7.983995098039218,217632,998,TRUE,1000,80,0.07440862150654803
LI,Liver,heat_humidity,rmax_10pct,Maximum relative humidity per 10 pct,Maximum relative humidity,Q1 reference,7.983995098039218,217632,998,TRUE,1000,81,0.07645751301759718
LI,Liver,heat_humidity,rmax_10pct,Maximum relative humidity per 10 pct,Maximum relative humidity,Q1 reference,7.983995098039218,217632,998,TRUE,1000,84,0.07748173818873438
LI,Liver,heat_humidity,rmax_10pct,Maximum relative humidity per 10 pct,Maximum relative humidity,Q1 reference,7.983995098039218,217632,998,TRUE,1000,87,0.0805558453961287
LI,Liver,heat_humidity,rmax_10pct,Maximum relative humidity per 10 pct,Maximum relative humidity,Q1 reference,7.983995098039218,217632,998,TRUE,1000,88,0.08158133358034458
LI,Liver,heat_humidity,rmax_10pct,Maximum relative humidity per 10 pct,Maximum relative humidity,Q1 reference,7.983995098039218,217632,998,TRUE,1000,90,0.0826067978760966
LI,Liver,heat_humidity,rmax_10pct,Maximum relative humidity per 10 pct,Maximum relative humidity,Q1 reference,7.983995098039218,217632,998,TRUE,1000,94,0.08465888023570733
LI,Liver,heat_humidity,rmax_10pct,Maximum relative humidity per 10 pct,Maximum relative humidity,Q1 reference,7.983995098039218,217632,998,TRUE,1000,96,0.08568656384159579
LI,Liver,heat_humidity,rmax_10pct,Maximum relative humidity per 10 pct,Maximum relative humidity,Q1 reference,7.983995098039218,217632,998,TRUE,1000,106,0.08671883704829364
LI,Liver,heat_humidity,rmax_10pct,Maximum relative humidity per 10 pct,Maximum relative humidity,Q1 reference,7.983995098039218,217632,998,TRUE,1000,112,0.08878380417584142
LI,Liver,heat_humidity,rmax_10pct,Maximum relative humidity per 10 pct,Maximum relative humidity,Q1 reference,7.983995098039218,217632,998,TRUE,1000,115,0.08981758216014712
LI,Liver,heat_humidity,rmax_10pct,Maximum relative humidity per 10 pct,Maximum relative humidity,Q1 reference,7.983995098039218,217632,998,TRUE,1000,120,0.09085103692814478
LI,Liver,heat_humidity,rmax_10pct,Maximum relative humidity per 10 pct,Maximum relative humidity,Q1 reference,7.983995098039218,217632,998,TRUE,1000,125,0.09188791802478669
LI,Liver,heat_humidity,rmax_10pct,Maximum relative humidity per 10 pct,Maximum relative humidity,Q1 reference,7.983995098039218,217632,998,TRUE,1000,127,0.09292513746056119
LI,Liver,heat_humidity,rmax_10pct,Maximum relative humidity per 10 pct,Maximum relative humidity,Q1 reference,7.983995098039218,217632,998,TRUE,1000,128,0.0939623770870307
LI,Liver,heat_humidity,rmax_10pct,Maximum relative humidity per 10 pct,Maximum relative humidity,Q1 reference,7.983995098039218,217632,998,TRUE,1000,133,0.09500212391546803
LI,Liver,heat_humidity,rmax_10pct,Maximum relative humidity per 10 pct,Maximum relative humidity,Q1 reference,7.983995098039218,217632,998,TRUE,1000,154,0.09604807508893409
LI,Liver,heat_humidity,rmax_10pct,Maximum relative humidity per 10 pct,Maximum relative humidity,Q1 reference,7.983995098039218,217632,998,TRUE,1000,156,0.09709386492396799
LI,Liver,heat_humidity,rmax_10pct,Maximum relative humidity per 10 pct,Maximum relative humidity,Q1 reference,7.983995098039218,217632,998,TRUE,1000,159,0.09814006667795727
LI,Liver,heat_humidity,rmax_10pct,Maximum relative humidity per 10 pct,Maximum relative humidity,Q1 reference,7.983995098039218,217632,998,TRUE,1000,160,0.09918714082999436
LI,Liver,heat_humidity,rmax_10pct,Maximum relative humidity per 10 pct,Maximum relative humidity,Q1 reference,7.983995098039218,217632,998,TRUE,1000,161,0.10127952590312506
LI,Liver,heat_humidity,rmax_10pct,Maximum relative humidity per 10 pct,Maximum relative humidity,Q1 reference,7.983995098039218,217632,998,TRUE,1000,162,0.10232750577413696
LI,Liver,heat_humidity,rmax_10pct,Maximum relative humidity per 10 pct,Maximum relative humidity,Q1 reference,7.983995098039218,217632,998,TRUE,1000,164,0.10442322626116496
LI,Liver,heat_humidity,rmax_10pct,Maximum relative humidity per 10 pct,Maximum relative humidity,Q1 reference,7.983995098039218,217632,998,TRUE,1000,165,0.10547369201506152
LI,Liver,heat_humidity,rmax_10pct,Maximum relative humidity per 10 pct,Maximum relative humidity,Q1 reference,7.983995098039218,217632,998,TRUE,1000,167,0.10652590227204195
LI,Liver,heat_humidity,rmax_10pct,Maximum relative humidity per 10 pct,Maximum relative humidity,Q1 reference,7.983995098039218,217632,998,TRUE,1000,172,0.10757785156017186
LI,Liver,heat_humidity,rmax_10pct,Maximum relative humidity per 10 pct,Maximum relative humidity,Q1 reference,7.983995098039218,217632,998,TRUE,1000,175,0.10863024053714243
LI,Liver,heat_humidity,rmax_10pct,Maximum relative humidity per 10 pct,Maximum relative humidity,Q1 reference,7.983995098039218,217632,998,TRUE,1000,176,0.10968307208267192
LI,Liver,heat_humidity,rmax_10pct,Maximum relative humidity per 10 pct,Maximum relative humidity,Q1 reference,7.983995098039218,217632,998,TRUE,1000,177,0.11073719278455318
LI,Liver,heat_humidity,rmax_10pct,Maximum relative humidity per 10 pct,Maximum relative humidity,Q1 reference,7.983995098039218,217632,998,TRUE,1000,181,0.11285081053721624
LI,Liver,heat_humidity,rmax_10pct,Maximum relative humidity per 10 pct,Maximum relative humidity,Q1 reference,7.983995098039218,217632,998,TRUE,1000,183,0.11391183916164227
LI,Liver,heat_humidity,rmax_10pct,Maximum relative humidity per 10 pct,Maximum relative humidity,Q1 reference,7.983995098039218,217632,998,TRUE,1000,189,0.11497632965847127
LI,Liver,heat_humidity,rmax_10pct,Maximum relative humidity per 10 pct,Maximum relative humidity,Q1 reference,7.983995098039218,217632,998,TRUE,1000,199,0.11604395040950966
LI,Liver,heat_humidity,rmax_10pct,Maximum relative humidity per 10 pct,Maximum relative humidity,Q1 reference,7.983995098039218,217632,998,TRUE,1000,205,0.11711260920368538
LI,Liver,heat_humidity,rmax_10pct,Maximum relative humidity per 10 pct,Maximum relative humidity,Q1 reference,7.983995098039218,217632,998,TRUE,1000,207,0.11818095791616923
LI,Liver,heat_humidity,rmax_10pct,Maximum relative humidity per 10 pct,Maximum relative humidity,Q1 reference,7.983995098039218,217632,998,TRUE,1000,210,0.12031784908936982
LI,Liver,heat_humidity,rmax_10pct,Maximum relative humidity per 10 pct,Maximum relative humidity,Q1 reference,7.983995098039218,217632,998,TRUE,1000,217,0.12138712768828308
LI,Liver,heat_humidity,rmax_10pct,Maximum relative humidity per 10 pct,Maximum relative humidity,Q1 reference,7.983995098039218,217632,998,TRUE,1000,220,0.12245654593700261
LI,Liver,heat_humidity,rmax_10pct,Maximum relative humidity per 10 pct,Maximum relative humidity,Q1 reference,7.983995098039218,217632,998,TRUE,1000,227,0.12352611824538595
LI,Liver,heat_humidity,rmax_10pct,Maximum relative humidity per 10 pct,Maximum relative humidity,Q1 reference,7.983995098039218,217632,998,TRUE,1000,235,0.12459554302437537
LI,Liver,heat_humidity,rmax_10pct,Maximum relative humidity per 10 pct,Maximum relative humidity,Q1 reference,7.983995098039218,217632,998,TRUE,1000,238,0.12566504818272795
LI,Liver,heat_humidity,rmax_10pct,Maximum relative humidity per 10 pct,Maximum relative humidity,Q1 reference,7.983995098039218,217632,998,TRUE,1000,239,0.12673465357748648
LI,Liver,heat_humidity,rmax_10pct,Maximum relative humidity per 10 pct,Maximum relative humidity,Q1 reference,7.983995098039218,217632,998,TRUE,1000,240,0.12780359506358197
LI,Liver,heat_humidity,rmax_10pct,Maximum relative humidity per 10 pct,Maximum relative humidity,Q1 reference,7.983995098039218,217632,998,TRUE,1000,243,0.12887369770596135
LI,Liver,heat_humidity,rmax_10pct,Maximum relative humidity per 10 pct,Maximum relative humidity,Q1 reference,7.983995098039218,217632,998,TRUE,1000,248,0.1299455242062606
LI,Liver,heat_humidity,rmax_10pct,Maximum relative humidity per 10 pct,Maximum relative humidity,Q1 reference,7.983995098039218,217632,998,TRUE,1000,264,0.1310207384189349
LI,Liver,heat_humidity,rmax_10pct,Maximum relative humidity per 10 pct,Maximum relative humidity,Q1 reference,7.983995098039218,217632,998,TRUE,1000,277,0.13210237736015207
LI,Liver,heat_humidity,rmax_10pct,Maximum relative humidity per 10 pct,Maximum relative humidity,Q1 reference,7.983995098039218,217632,998,TRUE,1000,283,0.1331839183329132
LI,Liver,heat_humidity,rmax_10pct,Maximum relative humidity per 10 pct,Maximum relative humidity,Q1 reference,7.983995098039218,217632,998,TRUE,1000,286,0.13426777972588644
LI,Liver,heat_humidity,rmax_10pct,Maximum relative humidity per 10 pct,Maximum relative humidity,Q1 reference,7.983995098039218,217632,998,TRUE,1000,287,0.1364364325562316
LI,Liver,heat_humidity,rmax_10pct,Maximum relative humidity per 10 pct,Maximum relative humidity,Q1 reference,7.983995098039218,217632,998,TRUE,1000,289,0.1375232743061352
LI,Liver,heat_humidity,rmax_10pct,Maximum relative humidity per 10 pct,Maximum relative humidity,Q1 reference,7.983995098039218,217632,998,TRUE,1000,293,0.13971786806958642
LI,Liver,heat_humidity,rmax_10pct,Maximum relative humidity per 10 pct,Maximum relative humidity,Q1 reference,7.983995098039218,217632,998,TRUE,1000,319,0.140816413442594
LI,Liver,heat_humidity,rmax_10pct,Maximum relative humidity per 10 pct,Maximum relative humidity,Q1 reference,7.983995098039218,217632,998,TRUE,1000,324,0.14191587997881328
LI,Liver,heat_humidity,rmax_10pct,Maximum relative humidity per 10 pct,Maximum relative humidity,Q1 reference,7.983995098039218,217632,998,TRUE,1000,348,0.1430206385366214
LI,Liver,heat_humidity,rmax_10pct,Maximum relative humidity per 10 pct,Maximum relative humidity,Q1 reference,7.983995098039218,217632,998,TRUE,1000,361,0.14412537128866254
LI,Liver,heat_humidity,rmax_10pct,Maximum relative humidity per 10 pct,Maximum relative humidity,Q1 reference,7.983995098039218,217632,998,TRUE,1000,386,0.1452310561455592
LI,Liver,heat_humidity,rmax_10pct,Maximum relative humidity per 10 pct,Maximum relative humidity,Q1 reference,7.983995098039218,217632,998,TRUE,1000,393,0.1463373077494089
LI,Liver,heat_humidity,rmax_10pct,Maximum relative humidity per 10 pct,Maximum relative humidity,Q1 reference,7.983995098039218,217632,998,TRUE,1000,399,0.14744356453738627
LI,Liver,heat_humidity,rmax_10pct,Maximum relative humidity per 10 pct,Maximum relative humidity,Q1 reference,7.983995098039218,217632,998,TRUE,1000,421,0.14855116331311968
LI,Liver,heat_humidity,rmax_10pct,Maximum relative humidity per 10 pct,Maximum relative humidity,Q1 reference,7.983995098039218,217632,998,TRUE,1000,449,0.1496653262898866
LI,Liver,heat_humidity,rmax_10pct,Maximum relative humidity per 10 pct,Maximum relative humidity,Q1 reference,7.983995098039218,217632,998,TRUE,1000,452,0.1507791446707052
LI,Liver,heat_humidity,rmax_10pct,Maximum relative humidity per 10 pct,Maximum relative humidity,Q1 reference,7.983995098039218,217632,998,TRUE,1000,454,0.15189406803406802
LI,Liver,heat_humidity,rmax_10pct,Maximum relative humidity per 10 pct,Maximum relative humidity,Q1 reference,7.983995098039218,217632,998,TRUE,1000,531,0.15301427345720076
LI,Liver,heat_humidity,rmax_10pct,Maximum relative humidity per 10 pct,Maximum relative humidity,Q1 reference,7.983995098039218,217632,998,TRUE,1000,534,0.15413542189476281
LI,Liver,heat_humidity,rmax_10pct,Maximum relative humidity per 10 pct,Maximum relative humidity,Q1 reference,7.983995098039218,217632,998,TRUE,1000,537,0.15525602879251832
LI,Liver,heat_humidity,rmax_10pct,Maximum relative humidity per 10 pct,Maximum relative humidity,Q1 reference,7.983995098039218,217632,998,TRUE,1000,539,0.15637714149364634
LI,Liver,heat_humidity,rmax_10pct,Maximum relative humidity per 10 pct,Maximum relative humidity,Q1 reference,7.983995098039218,217632,998,TRUE,1000,591,0.15751080233905002
LI,Liver,heat_humidity,rmax_10pct,Maximum relative humidity per 10 pct,Maximum relative humidity,Q1 reference,7.983995098039218,217632,998,TRUE,1000,595,0.15864505291271624
LI,Liver,heat_humidity,rmax_10pct,Maximum relative humidity per 10 pct,Maximum relative humidity,Q1 reference,7.983995098039218,217632,998,TRUE,1000,614,0.15978574542609458
LI,Liver,heat_humidity,rmax_10pct,Maximum relative humidity per 10 pct,Maximum relative humidity,Q1 reference,7.983995098039218,217632,998,TRUE,1000,622,0.16092711399669912
LI,Liver,heat_humidity,rmax_10pct,Maximum relative humidity per 10 pct,Maximum relative humidity,Q1 reference,7.983995098039218,217632,998,TRUE,1000,634,0.1620688084595473
LI,Liver,heat_humidity,rmax_10pct,Maximum relative humidity per 10 pct,Maximum relative humidity,Q1 reference,7.983995098039218,217632,998,TRUE,1000,709,0.16323039888356317
LI,Liver,heat_humidity,rmax_10pct,Maximum relative humidity per 10 pct,Maximum relative humidity,Q1 reference,7.983995098039218,217632,998,TRUE,1000,719,0.16439288837147403
LI,Liver,heat_humidity,rmax_10pct,Maximum relative humidity per 10 pct,Maximum relative humidity,Q1 reference,7.983995098039218,217632,998,TRUE,1000,722,0.1655568842652434
LI,Liver,heat_humidity,rmax_10pct,Maximum relative humidity per 10 pct,Maximum relative humidity,Q1 reference,7.983995098039218,217632,998,TRUE,1000,756,0.16672135190229231
LI,Liver,heat_humidity,rmax_10pct,Maximum relative humidity per 10 pct,Maximum relative humidity,Q1 reference,7.983995098039218,217632,998,TRUE,1000,761,0.1678856127494266
LI,Liver,heat_humidity,rmax_10pct,Maximum relative humidity per 10 pct,Maximum relative humidity,Q1 reference,7.983995098039218,217632,998,TRUE,1000,793,0.1690500451938911
LI,Liver,heat_humidity,rmax_10pct,Maximum relative humidity per 10 pct,Maximum relative humidity,Q1 reference,7.983995098039218,217632,998,TRUE,1000,810,0.17021530088999381
LI,Liver,heat_humidity,rmax_10pct,Maximum relative humidity per 10 pct,Maximum relative humidity,Q1 reference,7.983995098039218,217632,998,TRUE,1000,824,0.17139271352507535
LI,Liver,heat_humidity,rmax_10pct,Maximum relative humidity per 10 pct,Maximum relative humidity,Q1 reference,7.983995098039218,217632,998,TRUE,1000,835,0.1725696632699606
LI,Liver,heat_humidity,rmax_10pct,Maximum relative humidity per 10 pct,Maximum relative humidity,Q1 reference,7.983995098039218,217632,998,TRUE,1000,843,0.17374711851966773
LI,Liver,heat_humidity,rmax_10pct,Maximum relative humidity per 10 pct,Maximum relative humidity,Q1 reference,7.983995098039218,217632,998,TRUE,1000,845,0.17492420585005763
LI,Liver,heat_humidity,rmax_10pct,Maximum relative humidity per 10 pct,Maximum relative humidity,Q1 reference,7.983995098039218,217632,998,TRUE,1000,863,0.17610139939519942
LI,Liver,heat_humidity,rmax_10pct,Maximum relative humidity per 10 pct,Maximum relative humidity,Q1 reference,7.983995098039218,217632,998,TRUE,1000,938,0.17727827644233773
LI,Liver,heat_humidity,rmax_10pct,Maximum relative humidity per 10 pct,Maximum relative humidity,Q1 reference,7.983995098039218,217632,998,TRUE,1000,996,0.1784657197044982
LI,Liver,heat_humidity,rmax_10pct,Maximum relative humidity per 10 pct,Maximum relative humidity,Q1 reference,7.983995098039218,217632,998,TRUE,1000,1039,0.17966440038270248
LI,Liver,heat_humidity,rmax_10pct,Maximum relative humidity per 10 pct,Maximum relative humidity,Q1 reference,7.983995098039218,217632,998,TRUE,1000,1089,0.18086331928101385
LI,Liver,heat_humidity,rmax_10pct,Maximum relative humidity per 10 pct,Maximum relative humidity,Q1 reference,7.983995098039218,217632,998,TRUE,1000,1091,0.1820620031534459
LI,Liver,heat_humidity,rmax_10pct,Maximum relative humidity per 10 pct,Maximum relative humidity,Q1 reference,7.983995098039218,217632,998,TRUE,1000,1116,0.18326213553302617
LI,Liver,heat_humidity,rmax_10pct,Maximum relative humidity per 10 pct,Maximum relative humidity,Q1 reference,7.983995098039218,217632,998,TRUE,1000,1123,0.184463571758952
LI,Liver,heat_humidity,rmax_10pct,Maximum relative humidity per 10 pct,Maximum relative humidity,Q1 reference,7.983995098039218,217632,998,TRUE,1000,1164,0.18566477414595028
LI,Liver,heat_humidity,rmax_10pct,Maximum relative humidity per 10 pct,Maximum relative humidity,Q1 reference,7.983995098039218,217632,998,TRUE,1000,1194,0.18688049744190083
LI,Liver,heat_humidity,rmax_10pct,Maximum relative humidity per 10 pct,Maximum relative humidity,Q1 reference,7.983995098039218,217632,998,TRUE,1000,1210,0.18809538734314568
LI,Liver,heat_humidity,rmax_10pct,Maximum relative humidity per 10 pct,Maximum relative humidity,Q1 reference,7.983995098039218,217632,998,TRUE,1000,1227,0.1893123323826551
LI,Liver,heat_humidity,rmax_10pct,Maximum relative humidity per 10 pct,Maximum relative humidity,Q1 reference,7.983995098039218,217632,998,TRUE,1000,1340,0.1905296155428765
LI,Liver,heat_humidity,rmax_10pct,Maximum relative humidity per 10 pct,Maximum relative humidity,Q1 reference,7.983995098039218,217632,998,TRUE,1000,1462,0.19174835574297
LI,Liver,heat_humidity,rmax_10pct,Maximum relative humidity per 10 pct,Maximum relative humidity,Q1 reference,7.983995098039218,217632,998,TRUE,1000,1811,0.19296692166315732
LI,Liver,heat_humidity,rmax_10pct,Maximum relative humidity per 10 pct,Maximum relative humidity,Q1 reference,7.983995098039218,217632,998,TRUE,1000,2027,0.19421932093275018
LI,Liver,heat_humidity,rmax_10pct,Maximum relative humidity per 10 pct,Maximum relative humidity,Q1 reference,7.983995098039218,217632,998,TRUE,1000,2030,0.1954710193675001
LI,Liver,heat_humidity,rmax_10pct,Maximum relative humidity per 10 pct,Maximum relative humidity,Q1 reference,7.983995098039218,217632,998,TRUE,1000,2205,0.19672287104877162
LI,Liver,heat_humidity,rmax_10pct,Maximum relative humidity per 10 pct,Maximum relative humidity,Q1 reference,7.983995098039218,217632,998,TRUE,1000,2422,0.19797448136990603
LI,Liver,heat_humidity,rmax_10pct,Maximum relative humidity per 10 pct,Maximum relative humidity,Q1 reference,7.983995098039218,217632,998,TRUE,1000,2490,0.19922773101057512
LI,Liver,heat_humidity,rmax_10pct,Maximum relative humidity per 10 pct,Maximum relative humidity,Q1 reference,7.983995098039218,217632,998,TRUE,1000,2632,0.200568591924576
LI,Liver,heat_humidity,rmax_10pct,Maximum relative humidity per 10 pct,Maximum relative humidity,Q1 reference,7.983995098039218,217632,998,TRUE,1000,2638,0.2019115187964492
LI,Liver,heat_humidity,rmax_10pct,Maximum relative humidity per 10 pct,Maximum relative humidity,Q1 reference,7.983995098039218,217632,998,TRUE,1000,3312,0.20337737853395355
LI,Liver,heat_humidity,rmax_10pct,Maximum relative humidity per 10 pct,Maximum relative humidity,Q2 reference,8.562973423898708,217632,998,TRUE,1000,1,0.0063872184229787354
LI,Liver,heat_humidity,rmax_10pct,Maximum relative humidity per 10 pct,Maximum relative humidity,Q2 reference,8.562973423898708,217632,998,TRUE,1000,2,0.009140540833398658
LI,Liver,heat_humidity,rmax_10pct,Maximum relative humidity per 10 pct,Maximum relative humidity,Q2 reference,8.562973423898708,217632,998,TRUE,1000,3,0.011910544936648115
LI,Liver,heat_humidity,rmax_10pct,Maximum relative humidity per 10 pct,Maximum relative humidity,Q2 reference,8.562973423898708,217632,998,TRUE,1000,4,0.013767688616906026
LI,Liver,heat_humidity,rmax_10pct,Maximum relative humidity per 10 pct,Maximum relative humidity,Q2 reference,8.562973423898708,217632,998,TRUE,1000,5,0.014695584207314205
LI,Liver,heat_humidity,rmax_10pct,Maximum relative humidity per 10 pct,Maximum relative humidity,Q2 reference,8.562973423898708,217632,998,TRUE,1000,6,0.018402953098109798
LI,Liver,heat_humidity,rmax_10pct,Maximum relative humidity per 10 pct,Maximum relative humidity,Q2 reference,8.562973423898708,217632,998,TRUE,1000,7,0.021201300338859808
LI,Liver,heat_humidity,rmax_10pct,Maximum relative humidity per 10 pct,Maximum relative humidity,Q2 reference,8.562973423898708,217632,998,TRUE,1000,8,0.022135143393396062
LI,Liver,heat_humidity,rmax_10pct,Maximum relative humidity per 10 pct,Maximum relative humidity,Q2 reference,8.562973423898708,217632,998,TRUE,1000,10,0.024003969153897686
LI,Liver,heat_humidity,rmax_10pct,Maximum relative humidity per 10 pct,Maximum relative humidity,Q2 reference,8.562973423898708,217632,998,TRUE,1000,13,0.02680763166441058
LI,Liver,heat_humidity,rmax_10pct,Maximum relative humidity per 10 pct,Maximum relative humidity,Q2 reference,8.562973423898708,217632,998,TRUE,1000,14,0.027748903549101867
LI,Liver,heat_humidity,rmax_10pct,Maximum relative humidity per 10 pct,Maximum relative humidity,Q2 reference,8.562973423898708,217632,998,TRUE,1000,15,0.02962925242552239
LI,Liver,heat_humidity,rmax_10pct,Maximum relative humidity per 10 pct,Maximum relative humidity,Q2 reference,8.562973423898708,217632,998,TRUE,1000,17,0.03057595718307682
LI,Liver,heat_humidity,rmax_10pct,Maximum relative humidity per 10 pct,Maximum relative humidity,Q2 reference,8.562973423898708,217632,998,TRUE,1000,18,0.03152559214632955
LI,Liver,heat_humidity,rmax_10pct,Maximum relative humidity per 10 pct,Maximum relative humidity,Q2 reference,8.562973423898708,217632,998,TRUE,1000,20,0.03247455738388272
LI,Liver,heat_humidity,rmax_10pct,Maximum relative humidity per 10 pct,Maximum relative humidity,Q2 reference,8.562973423898708,217632,998,TRUE,1000,21,0.0343773661979091
LI,Liver,heat_humidity,rmax_10pct,Maximum relative humidity per 10 pct,Maximum relative humidity,Q2 reference,8.562973423898708,217632,998,TRUE,1000,22,0.036286853119654516
LI,Liver,heat_humidity,rmax_10pct,Maximum relative humidity per 10 pct,Maximum relative humidity,Q2 reference,8.562973423898708,217632,998,TRUE,1000,23,0.03724559639615255
LI,Liver,heat_humidity,rmax_10pct,Maximum relative humidity per 10 pct,Maximum relative humidity,Q2 reference,8.562973423898708,217632,998,TRUE,1000,24,0.03820640049780977
LI,Liver,heat_humidity,rmax_10pct,Maximum relative humidity per 10 pct,Maximum relative humidity,Q2 reference,8.562973423898708,217632,998,TRUE,1000,28,0.03916849904463571
LI,Liver,heat_humidity,rmax_10pct,Maximum relative humidity per 10 pct,Maximum relative humidity,Q2 reference,8.562973423898708,217632,998,TRUE,1000,29,0.041093320369539166
LI,Liver,heat_humidity,rmax_10pct,Maximum relative humidity per 10 pct,Maximum relative humidity,Q2 reference,8.562973423898708,217632,998,TRUE,1000,30,0.04205743589546829
LI,Liver,heat_humidity,rmax_10pct,Maximum relative humidity per 10 pct,Maximum relative humidity,Q2 reference,8.562973423898708,217632,998,TRUE,1000,31,0.043989035569918844
LI,Liver,heat_humidity,rmax_10pct,Maximum relative humidity per 10 pct,Maximum relative humidity,Q2 reference,8.562973423898708,217632,998,TRUE,1000,32,0.04495576805198731
LI,Liver,heat_humidity,rmax_10pct,Maximum relative humidity per 10 pct,Maximum relative humidity,Q2 reference,8.562973423898708,217632,998,TRUE,1000,35,0.045922154353751576
LI,Liver,heat_humidity,rmax_10pct,Maximum relative humidity per 10 pct,Maximum relative humidity,Q2 reference,8.562973423898708,217632,998,TRUE,1000,36,0.04688825793114715
LI,Liver,heat_humidity,rmax_10pct,Maximum relative humidity per 10 pct,Maximum relative humidity,Q2 reference,8.562973423898708,217632,998,TRUE,1000,37,0.04785417112138157
LI,Liver,heat_humidity,rmax_10pct,Maximum relative humidity per 10 pct,Maximum relative humidity,Q2 reference,8.562973423898708,217632,998,TRUE,1000,39,0.048821410010413846
LI,Liver,heat_humidity,rmax_10pct,Maximum relative humidity per 10 pct,Maximum relative humidity,Q2 reference,8.562973423898708,217632,998,TRUE,1000,40,0.049789383390443365
LI,Liver,heat_humidity,rmax_10pct,Maximum relative humidity per 10 pct,Maximum relative humidity,Q2 reference,8.562973423898708,217632,998,TRUE,1000,41,0.05075739241355037
LI,Liver,heat_humidity,rmax_10pct,Maximum relative humidity per 10 pct,Maximum relative humidity,Q2 reference,8.562973423898708,217632,998,TRUE,1000,42,0.051726637934705444
LI,Liver,heat_humidity,rmax_10pct,Maximum relative humidity per 10 pct,Maximum relative humidity,Q2 reference,8.562973423898708,217632,998,TRUE,1000,45,0.05269587215122673
LI,Liver,heat_humidity,rmax_10pct,Maximum relative humidity per 10 pct,Maximum relative humidity,Q2 reference,8.562973423898708,217632,998,TRUE,1000,47,0.05366796339444102
LI,Liver,heat_humidity,rmax_10pct,Maximum relative humidity per 10 pct,Maximum relative humidity,Q2 reference,8.562973423898708,217632,998,TRUE,1000,48,0.0546396154777572
LI,Liver,heat_humidity,rmax_10pct,Maximum relative humidity per 10 pct,Maximum relative humidity,Q2 reference,8.562973423898708,217632,998,TRUE,1000,49,0.057556802886714276
LI,Liver,heat_humidity,rmax_10pct,Maximum relative humidity per 10 pct,Maximum relative humidity,Q2 reference,8.562973423898708,217632,998,TRUE,1000,52,0.05853110924106042
LI,Liver,heat_humidity,rmax_10pct,Maximum relative humidity per 10 pct,Maximum relative humidity,Q2 reference,8.562973423898708,217632,998,TRUE,1000,53,0.05950526346474316
LI,Liver,heat_humidity,rmax_10pct,Maximum relative humidity per 10 pct,Maximum relative humidity,Q2 reference,8.562973423898708,217632,998,TRUE,1000,55,0.060480434365883906
LI,Liver,heat_humidity,rmax_10pct,Maximum relative humidity per 10 pct,Maximum relative humidity,Q2 reference,8.562973423898708,217632,998,TRUE,1000,60,0.06145576276278886
LI,Liver,heat_humidity,rmax_10pct,Maximum relative humidity per 10 pct,Maximum relative humidity,Q2 reference,8.562973423898708,217632,998,TRUE,1000,62,0.062430342135281536
LI,Liver,heat_humidity,rmax_10pct,Maximum relative humidity per 10 pct,Maximum relative humidity,Q2 reference,8.562973423898708,217632,998,TRUE,1000,63,0.06438067921157731
LI,Liver,heat_humidity,rmax_10pct,Maximum relative humidity per 10 pct,Maximum relative humidity,Q2 reference,8.562973423898708,217632,998,TRUE,1000,73,0.06633714458822493
LI,Liver,heat_humidity,rmax_10pct,Maximum relative humidity per 10 pct,Maximum relative humidity,Q2 reference,8.562973423898708,217632,998,TRUE,1000,74,0.06731836585346807
LI,Liver,heat_humidity,rmax_10pct,Maximum relative humidity per 10 pct,Maximum relative humidity,Q2 reference,8.562973423898708,217632,998,TRUE,1000,75,0.06829926798757047
LI,Liver,heat_humidity,rmax_10pct,Maximum relative humidity per 10 pct,Maximum relative humidity,Q2 reference,8.562973423898708,217632,998,TRUE,1000,77,0.06928180860038091
LI,Liver,heat_humidity,rmax_10pct,Maximum relative humidity per 10 pct,Maximum relative humidity,Q2 reference,8.562973423898708,217632,998,TRUE,1000,78,0.07026531971092209
LI,Liver,heat_humidity,rmax_10pct,Maximum relative humidity per 10 pct,Maximum relative humidity,Q2 reference,8.562973423898708,217632,998,TRUE,1000,80,0.07124878391230993
LI,Liver,heat_humidity,rmax_10pct,Maximum relative humidity per 10 pct,Maximum relative humidity,Q2 reference,8.562973423898708,217632,998,TRUE,1000,81,0.07321415125665742
LI,Liver,heat_humidity,rmax_10pct,Maximum relative humidity per 10 pct,Maximum relative humidity,Q2 reference,8.562973423898708,217632,998,TRUE,1000,84,0.07419669535881279
LI,Liver,heat_humidity,rmax_10pct,Maximum relative humidity per 10 pct,Maximum relative humidity,Q2 reference,8.562973423898708,217632,998,TRUE,1000,87,0.07714599004743683
LI,Liver,heat_humidity,rmax_10pct,Maximum relative humidity per 10 pct,Maximum relative humidity,Q2 reference,8.562973423898708,217632,998,TRUE,1000,88,0.0781299387625577
LI,Liver,heat_humidity,rmax_10pct,Maximum relative humidity per 10 pct,Maximum relative humidity,Q2 reference,8.562973423898708,217632,998,TRUE,1000,90,0.07911391298054626
LI,Liver,heat_humidity,rmax_10pct,Maximum relative humidity per 10 pct,Maximum relative humidity,Q2 reference,8.562973423898708,217632,998,TRUE,1000,94,0.08108311413545699
LI,Liver,heat_humidity,rmax_10pct,Maximum relative humidity per 10 pct,Maximum relative humidity,Q2 reference,8.562973423898708,217632,998,TRUE,1000,96,0.08206936390238861
LI,Liver,heat_humidity,rmax_10pct,Maximum relative humidity per 10 pct,Maximum relative humidity,Q2 reference,8.562973423898708,217632,998,TRUE,1000,106,0.08306006741681893
LI,Liver,heat_humidity,rmax_10pct,Maximum relative humidity per 10 pct,Maximum relative humidity,Q2 reference,8.562973423898708,217632,998,TRUE,1000,112,0.08504202639586911
LI,Liver,heat_humidity,rmax_10pct,Maximum relative humidity per 10 pct,Maximum relative humidity,Q2 reference,8.562973423898708,217632,998,TRUE,1000,115,0.08603432260752775
LI,Liver,heat_humidity,rmax_10pct,Maximum relative humidity per 10 pct,Maximum relative humidity,Q2 reference,8.562973423898708,217632,998,TRUE,1000,120,0.08702635822557059
LI,Liver,heat_humidity,rmax_10pct,Maximum relative humidity per 10 pct,Maximum relative humidity,Q2 reference,8.562973423898708,217632,998,TRUE,1000,125,0.08802173280257819
LI,Liver,heat_humidity,rmax_10pct,Maximum relative humidity per 10 pct,Maximum relative humidity,Q2 reference,8.562973423898708,217632,998,TRUE,1000,127,0.08901748229360718
LI,Liver,heat_humidity,rmax_10pct,Maximum relative humidity per 10 pct,Maximum relative humidity,Q2 reference,8.562973423898708,217632,998,TRUE,1000,128,0.09001330135621122
LI,Liver,heat_humidity,rmax_10pct,Maximum relative humidity per 10 pct,Maximum relative humidity,Q2 reference,8.562973423898708,217632,998,TRUE,1000,133,0.09101157793054704
LI,Liver,heat_humidity,rmax_10pct,Maximum relative humidity per 10 pct,Maximum relative humidity,Q2 reference,8.562973423898708,217632,998,TRUE,1000,154,0.0920158623958034
LI,Liver,heat_humidity,rmax_10pct,Maximum relative humidity per 10 pct,Maximum relative humidity,Q2 reference,8.562973423898708,217632,998,TRUE,1000,156,0.09302004315719836
LI,Liver,heat_humidity,rmax_10pct,Maximum relative humidity per 10 pct,Maximum relative humidity,Q2 reference,8.562973423898708,217632,998,TRUE,1000,159,0.09402467074417642
LI,Liver,heat_humidity,rmax_10pct,Maximum relative humidity per 10 pct,Maximum relative humidity,Q2 reference,8.562973423898708,217632,998,TRUE,1000,160,0.09503018749394032
LI,Liver,heat_humidity,rmax_10pct,Maximum relative humidity per 10 pct,Maximum relative humidity,Q2 reference,8.562973423898708,217632,998,TRUE,1000,161,0.09703968213749292
LI,Liver,heat_humidity,rmax_10pct,Maximum relative humidity per 10 pct,Maximum relative humidity,Q2 reference,8.562973423898708,217632,998,TRUE,1000,162,0.0980462234645163
LI,Liver,heat_humidity,rmax_10pct,Maximum relative humidity per 10 pct,Maximum relative humidity,Q2 reference,8.562973423898708,217632,998,TRUE,1000,164,0.10005923173902287
LI,Liver,heat_humidity,rmax_10pct,Maximum relative humidity per 10 pct,Maximum relative humidity,Q2 reference,8.562973423898708,217632,998,TRUE,1000,165,0.10106831664380622
LI,Liver,heat_humidity,rmax_10pct,Maximum relative humidity per 10 pct,Maximum relative humidity,Q2 reference,8.562973423898708,217632,998,TRUE,1000,167,0.10207912969183908
LI,Liver,heat_humidity,rmax_10pct,Maximum relative humidity per 10 pct,Maximum relative humidity,Q2 reference,8.562973423898708,217632,998,TRUE,1000,172,0.10308974448779229
LI,Liver,heat_humidity,rmax_10pct,Maximum relative humidity per 10 pct,Maximum relative humidity,Q2 reference,8.562973423898708,217632,998,TRUE,1000,175,0.10410083423621497
LI,Liver,heat_humidity,rmax_10pct,Maximum relative humidity per 10 pct,Maximum relative humidity,Q2 reference,8.562973423898708,217632,998,TRUE,1000,176,0.10511240183472137
LI,Liver,heat_humidity,rmax_10pct,Maximum relative humidity per 10 pct,Maximum relative humidity,Q2 reference,8.562973423898708,217632,998,TRUE,1000,177,0.10612526088564833
LI,Liver,heat_humidity,rmax_10pct,Maximum relative humidity per 10 pct,Maximum relative humidity,Q2 reference,8.562973423898708,217632,998,TRUE,1000,181,0.10815630439081347
LI,Liver,heat_humidity,rmax_10pct,Maximum relative humidity per 10 pct,Maximum relative humidity,Q2 reference,8.562973423898708,217632,998,TRUE,1000,183,0.10917596141256891
LI,Liver,heat_humidity,rmax_10pct,Maximum relative humidity per 10 pct,Maximum relative humidity,Q2 reference,8.562973423898708,217632,998,TRUE,1000,189,0.11019899940174871
LI,Liver,heat_humidity,rmax_10pct,Maximum relative humidity per 10 pct,Maximum relative humidity,Q2 reference,8.562973423898708,217632,998,TRUE,1000,199,0.11122510022520404
LI,Liver,heat_humidity,rmax_10pct,Maximum relative humidity per 10 pct,Maximum relative humidity,Q2 reference,8.562973423898708,217632,998,TRUE,1000,205,0.11225225342640499
LI,Liver,heat_humidity,rmax_10pct,Maximum relative humidity per 10 pct,Maximum relative humidity,Q2 reference,8.562973423898708,217632,998,TRUE,1000,207,0.11327916336529387
LI,Liver,heat_humidity,rmax_10pct,Maximum relative humidity per 10 pct,Maximum relative humidity,Q2 reference,8.562973423898708,217632,998,TRUE,1000,210,0.11533333408300239
LI,Liver,heat_humidity,rmax_10pct,Maximum relative humidity per 10 pct,Maximum relative humidity,Q2 reference,8.562973423898708,217632,998,TRUE,1000,217,0.11636130273843526
LI,Liver,heat_humidity,rmax_10pct,Maximum relative humidity per 10 pct,Maximum relative humidity,Q2 reference,8.562973423898708,217632,998,TRUE,1000,220,0.11738946080160406
LI,Liver,heat_humidity,rmax_10pct,Maximum relative humidity per 10 pct,Maximum relative humidity,Q2 reference,8.562973423898708,217632,998,TRUE,1000,227,0.11841782221932629
LI,Liver,heat_humidity,rmax_10pct,Maximum relative humidity per 10 pct,Maximum relative humidity,Q2 reference,8.562973423898708,217632,998,TRUE,1000,235,0.119446097093718
LI,Liver,heat_humidity,rmax_10pct,Maximum relative humidity per 10 pct,Maximum relative humidity,Q2 reference,8.562973423898708,217632,998,TRUE,1000,238,0.12047450462927745
LI,Liver,heat_humidity,rmax_10pct,Maximum relative humidity per 10 pct,Maximum relative humidity,Q2 reference,8.562973423898708,217632,998,TRUE,1000,239,0.12150306400476951
LI,Liver,heat_humidity,rmax_10pct,Maximum relative humidity per 10 pct,Maximum relative humidity,Q2 reference,8.562973423898708,217632,998,TRUE,1000,240,0.12253104042614094
LI,Liver,heat_humidity,rmax_10pct,Maximum relative humidity per 10 pct,Maximum relative humidity,Q2 reference,8.562973423898708,217632,998,TRUE,1000,243,0.12356018912618438
LI,Liver,heat_humidity,rmax_10pct,Maximum relative humidity per 10 pct,Maximum relative humidity,Q2 reference,8.562973423898708,217632,998,TRUE,1000,248,0.12459105156801797
LI,Liver,heat_humidity,rmax_10pct,Maximum relative humidity per 10 pct,Maximum relative humidity,Q2 reference,8.562973423898708,217632,998,TRUE,1000,264,0.12562522848775703
LI,Liver,heat_humidity,rmax_10pct,Maximum relative humidity per 10 pct,Maximum relative humidity,Q2 reference,8.562973423898708,217632,998,TRUE,1000,277,0.1266656418342369
LI,Liver,heat_humidity,rmax_10pct,Maximum relative humidity per 10 pct,Maximum relative humidity,Q2 reference,8.562973423898708,217632,998,TRUE,1000,283,0.1277060180904801
LI,Liver,heat_humidity,rmax_10pct,Maximum relative humidity per 10 pct,Maximum relative humidity,Q2 reference,8.562973423898708,217632,998,TRUE,1000,286,0.12874868384944682
LI,Liver,heat_humidity,rmax_10pct,Maximum relative humidity per 10 pct,Maximum relative humidity,Q2 reference,8.562973423898708,217632,998,TRUE,1000,287,0.1308350828723045
LI,Liver,heat_humidity,rmax_10pct,Maximum relative humidity per 10 pct,Maximum relative humidity,Q2 reference,8.562973423898708,217632,998,TRUE,1000,289,0.13188078915177948
LI,Liver,heat_humidity,rmax_10pct,Maximum relative humidity per 10 pct,Maximum relative humidity,Q2 reference,8.562973423898708,217632,998,TRUE,1000,293,0.13399249767882782
LI,Liver,heat_humidity,rmax_10pct,Maximum relative humidity per 10 pct,Maximum relative humidity,Q2 reference,8.562973423898708,217632,998,TRUE,1000,319,0.13504964241996353
LI,Liver,heat_humidity,rmax_10pct,Maximum relative humidity per 10 pct,Maximum relative humidity,Q2 reference,8.562973423898708,217632,998,TRUE,1000,324,0.13610773326061776
LI,Liver,heat_humidity,rmax_10pct,Maximum relative humidity per 10 pct,Maximum relative humidity,Q2 reference,8.562973423898708,217632,998,TRUE,1000,348,0.1371709771598072
LI,Liver,heat_humidity,rmax_10pct,Maximum relative humidity per 10 pct,Maximum relative humidity,Q2 reference,8.562973423898708,217632,998,TRUE,1000,361,0.1382342566354765
LI,Liver,heat_humidity,rmax_10pct,Maximum relative humidity per 10 pct,Maximum relative humidity,Q2 reference,8.562973423898708,217632,998,TRUE,1000,386,0.13929851306131324
LI,Liver,heat_humidity,rmax_10pct,Maximum relative humidity per 10 pct,Maximum relative humidity,Q2 reference,8.562973423898708,217632,998,TRUE,1000,393,0.14036337572496882
LI,Liver,heat_humidity,rmax_10pct,Maximum relative humidity per 10 pct,Maximum relative humidity,Q2 reference,8.562973423898708,217632,998,TRUE,1000,399,0.14142830420301822
LI,Liver,heat_humidity,rmax_10pct,Maximum relative humidity per 10 pct,Maximum relative humidity,Q2 reference,8.562973423898708,217632,998,TRUE,1000,421,0.14249458555158945
LI,Liver,heat_humidity,rmax_10pct,Maximum relative humidity per 10 pct,Maximum relative humidity,Q2 reference,8.562973423898708,217632,998,TRUE,1000,449,0.14356724791512676
LI,Liver,heat_humidity,rmax_10pct,Maximum relative humidity per 10 pct,Maximum relative humidity,Q2 reference,8.562973423898708,217632,998,TRUE,1000,452,0.14463964043856703
LI,Liver,heat_humidity,rmax_10pct,Maximum relative humidity per 10 pct,Maximum relative humidity,Q2 reference,8.562973423898708,217632,998,TRUE,1000,454,0.14571315893510783
LI,Liver,heat_humidity,rmax_10pct,Maximum relative humidity per 10 pct,Maximum relative humidity,Q2 reference,8.562973423898708,217632,998,TRUE,1000,531,0.1467918259784462
LI,Liver,heat_humidity,rmax_10pct,Maximum relative humidity per 10 pct,Maximum relative humidity,Q2 reference,8.562973423898708,217632,998,TRUE,1000,534,0.1478714640290154
LI,Liver,heat_humidity,rmax_10pct,Maximum relative humidity per 10 pct,Maximum relative humidity,Q2 reference,8.562973423898708,217632,998,TRUE,1000,537,0.14895064361890775
LI,Liver,heat_humidity,rmax_10pct,Maximum relative humidity per 10 pct,Maximum relative humidity,Q2 reference,8.562973423898708,217632,998,TRUE,1000,539,0.1500303734568038
LI,Liver,heat_humidity,rmax_10pct,Maximum relative humidity per 10 pct,Maximum relative humidity,Q2 reference,8.562973423898708,217632,998,TRUE,1000,591,0.15112225256941547
LI,Liver,heat_humidity,rmax_10pct,Maximum relative humidity per 10 pct,Maximum relative humidity,Q2 reference,8.562973423898708,217632,998,TRUE,1000,595,0.1522147644859646
LI,Liver,heat_humidity,rmax_10pct,Maximum relative humidity per 10 pct,Maximum relative humidity,Q2 reference,8.562973423898708,217632,998,TRUE,1000,614,0.15331354676167985
LI,Liver,heat_humidity,rmax_10pct,Maximum relative humidity per 10 pct,Maximum relative humidity,Q2 reference,8.562973423898708,217632,998,TRUE,1000,622,0.15441304606516604
LI,Liver,heat_humidity,rmax_10pct,Maximum relative humidity per 10 pct,Maximum relative humidity,Q2 reference,8.562973423898708,217632,998,TRUE,1000,634,0.15551292525687743
LI,Liver,heat_humidity,rmax_10pct,Maximum relative humidity per 10 pct,Maximum relative humidity,Q2 reference,8.562973423898708,217632,998,TRUE,1000,709,0.15663203949908144
LI,Liver,heat_humidity,rmax_10pct,Maximum relative humidity per 10 pct,Maximum relative humidity,Q2 reference,8.562973423898708,217632,998,TRUE,1000,719,0.15775208848384936
LI,Liver,heat_humidity,rmax_10pct,Maximum relative humidity per 10 pct,Maximum relative humidity,Q2 reference,8.562973423898708,217632,998,TRUE,1000,722,0.1588736576928621
LI,Liver,heat_humidity,rmax_10pct,Maximum relative humidity per 10 pct,Maximum relative humidity,Q2 reference,8.562973423898708,217632,998,TRUE,1000,756,0.1599957504519377
LI,Liver,heat_humidity,rmax_10pct,Maximum relative humidity per 10 pct,Maximum relative humidity,Q2 reference,8.562973423898708,217632,998,TRUE,1000,761,0.16111771304385092
LI,Liver,heat_humidity,rmax_10pct,Maximum relative humidity per 10 pct,Maximum relative humidity,Q2 reference,8.562973423898708,217632,998,TRUE,1000,793,0.1622399102066584
LI,Liver,heat_humidity,rmax_10pct,Maximum relative humidity per 10 pct,Maximum relative humidity,Q2 reference,8.562973423898708,217632,998,TRUE,1000,810,0.1633629701485395
LI,Liver,heat_humidity,rmax_10pct,Maximum relative humidity per 10 pct,Maximum relative humidity,Q2 reference,8.562973423898708,217632,998,TRUE,1000,824,0.16449781741334568
LI,Liver,heat_humidity,rmax_10pct,Maximum relative humidity per 10 pct,Maximum relative humidity,Q2 reference,8.562973423898708,217632,998,TRUE,1000,835,0.1656322895575555
LI,Liver,heat_humidity,rmax_10pct,Maximum relative humidity per 10 pct,Maximum relative humidity,Q2 reference,8.562973423898708,217632,998,TRUE,1000,843,0.1667673201350226
LI,Liver,heat_humidity,rmax_10pct,Maximum relative humidity per 10 pct,Maximum relative humidity,Q2 reference,8.562973423898708,217632,998,TRUE,1000,845,0.1679020673101116
LI,Liver,heat_humidity,rmax_10pct,Maximum relative humidity per 10 pct,Maximum relative humidity,Q2 reference,8.562973423898708,217632,998,TRUE,1000,863,0.16903698824455327
LI,Liver,heat_humidity,rmax_10pct,Maximum relative humidity per 10 pct,Maximum relative humidity,Q2 reference,8.562973423898708,217632,998,TRUE,1000,938,0.1701716754923538
LI,Liver,heat_humidity,rmax_10pct,Maximum relative humidity per 10 pct,Maximum relative humidity,Q2 reference,8.562973423898708,217632,998,TRUE,1000,996,0.17131662267735226
LI,Liver,heat_humidity,rmax_10pct,Maximum relative humidity per 10 pct,Maximum relative humidity,Q2 reference,8.562973423898708,217632,998,TRUE,1000,1039,0.1724724790976363
LI,Liver,heat_humidity,rmax_10pct,Maximum relative humidity per 10 pct,Maximum relative humidity,Q2 reference,8.562973423898708,217632,998,TRUE,1000,1089,0.17362863969354847
LI,Liver,heat_humidity,rmax_10pct,Maximum relative humidity per 10 pct,Maximum relative humidity,Q2 reference,8.562973423898708,217632,998,TRUE,1000,1091,0.17478464821103012
LI,Liver,heat_humidity,rmax_10pct,Maximum relative humidity per 10 pct,Maximum relative humidity,Q2 reference,8.562973423898708,217632,998,TRUE,1000,1116,0.17594212847384594
LI,Liver,heat_humidity,rmax_10pct,Maximum relative humidity per 10 pct,Maximum relative humidity,Q2 reference,8.562973423898708,217632,998,TRUE,1000,1123,0.17710094133488052
LI,Liver,heat_humidity,rmax_10pct,Maximum relative humidity per 10 pct,Maximum relative humidity,Q2 reference,8.562973423898708,217632,998,TRUE,1000,1164,0.17825960387714201
LI,Liver,heat_humidity,rmax_10pct,Maximum relative humidity per 10 pct,Maximum relative humidity,Q2 reference,8.562973423898708,217632,998,TRUE,1000,1194,0.1794323497840511
LI,Liver,heat_humidity,rmax_10pct,Maximum relative humidity per 10 pct,Maximum relative humidity,Q2 reference,8.562973423898708,217632,998,TRUE,1000,1210,0.1806043689639465
LI,Liver,heat_humidity,rmax_10pct,Maximum relative humidity per 10 pct,Maximum relative humidity,Q2 reference,8.562973423898708,217632,998,TRUE,1000,1227,0.18177844825749123
LI,Liver,heat_humidity,rmax_10pct,Maximum relative humidity per 10 pct,Maximum relative humidity,Q2 reference,8.562973423898708,217632,998,TRUE,1000,1340,0.18295293147771707
LI,Liver,heat_humidity,rmax_10pct,Maximum relative humidity per 10 pct,Maximum relative humidity,Q2 reference,8.562973423898708,217632,998,TRUE,1000,1462,0.1841288984966336
LI,Liver,heat_humidity,rmax_10pct,Maximum relative humidity per 10 pct,Maximum relative humidity,Q2 reference,8.562973423898708,217632,998,TRUE,1000,1811,0.18530477549355295
LI,Liver,heat_humidity,rmax_10pct,Maximum relative humidity per 10 pct,Maximum relative humidity,Q2 reference,8.562973423898708,217632,998,TRUE,1000,2027,0.18651338213617175
LI,Liver,heat_humidity,rmax_10pct,Maximum relative humidity per 10 pct,Maximum relative humidity,Q2 reference,8.562973423898708,217632,998,TRUE,1000,2030,0.18772139517964503
LI,Liver,heat_humidity,rmax_10pct,Maximum relative humidity per 10 pct,Maximum relative humidity,Q2 reference,8.562973423898708,217632,998,TRUE,1000,2205,0.18892963897725823
LI,Liver,heat_humidity,rmax_10pct,Maximum relative humidity per 10 pct,Maximum relative humidity,Q2 reference,8.562973423898708,217632,998,TRUE,1000,2422,0.19013773279438795
LI,Liver,heat_humidity,rmax_10pct,Maximum relative humidity per 10 pct,Maximum relative humidity,Q2 reference,8.562973423898708,217632,998,TRUE,1000,2490,0.1913474921970415
LI,Liver,heat_humidity,rmax_10pct,Maximum relative humidity per 10 pct,Maximum relative humidity,Q2 reference,8.562973423898708,217632,998,TRUE,1000,2632,0.1926419150003046
LI,Liver,heat_humidity,rmax_10pct,Maximum relative humidity per 10 pct,Maximum relative humidity,Q2 reference,8.562973423898708,217632,998,TRUE,1000,2638,0.19393842812858053
LI,Liver,heat_humidity,rmax_10pct,Maximum relative humidity per 10 pct,Maximum relative humidity,Q2 reference,8.562973423898708,217632,998,TRUE,1000,3312,0.19535373513472498
LI,Liver,heat_humidity,rmax_10pct,Maximum relative humidity per 10 pct,Maximum relative humidity,Q4 reference,8.999915698783933,217632,998,TRUE,1000,1,0.00617425102038871
LI,Liver,heat_humidity,rmax_10pct,Maximum relative humidity per 10 pct,Maximum relative humidity,Q4 reference,8.999915698783933,217632,998,TRUE,1000,2,0.008836179081208151
LI,Liver,heat_humidity,rmax_10pct,Maximum relative humidity per 10 pct,Maximum relative humidity,Q4 reference,8.999915698783933,217632,998,TRUE,1000,3,0.011514484759095223
LI,Liver,heat_humidity,rmax_10pct,Maximum relative humidity per 10 pct,Maximum relative humidity,Q4 reference,8.999915698783933,217632,998,TRUE,1000,4,0.013310290000427383
LI,Liver,heat_humidity,rmax_10pct,Maximum relative humidity per 10 pct,Maximum relative humidity,Q4 reference,8.999915698783933,217632,998,TRUE,1000,5,0.014207581066691177
LI,Liver,heat_humidity,rmax_10pct,Maximum relative humidity per 10 pct,Maximum relative humidity,Q4 reference,8.999915698783933,217632,998,TRUE,1000,6,0.017792953158510594
LI,Liver,heat_humidity,rmax_10pct,Maximum relative humidity per 10 pct,Maximum relative humidity,Q4 reference,8.999915698783933,217632,998,TRUE,1000,7,0.020499516259939288
LI,Liver,heat_humidity,rmax_10pct,Maximum relative humidity per 10 pct,Maximum relative humidity,Q4 reference,8.999915698783933,217632,998,TRUE,1000,8,0.0214027873720688
LI,Liver,heat_humidity,rmax_10pct,Maximum relative humidity per 10 pct,Maximum relative humidity,Q4 reference,8.999915698783933,217632,998,TRUE,1000,10,0.02321051860897283
LI,Liver,heat_humidity,rmax_10pct,Maximum relative humidity per 10 pct,Maximum relative humidity,Q4 reference,8.999915698783933,217632,998,TRUE,1000,13,0.025922742680087207
LI,Liver,heat_humidity,rmax_10pct,Maximum relative humidity per 10 pct,Maximum relative humidity,Q4 reference,8.999915698783933,217632,998,TRUE,1000,14,0.026833374555471634
LI,Liver,heat_humidity,rmax_10pct,Maximum relative humidity per 10 pct,Maximum relative humidity,Q4 reference,8.999915698783933,217632,998,TRUE,1000,15,0.028652603179993408
LI,Liver,heat_humidity,rmax_10pct,Maximum relative humidity per 10 pct,Maximum relative humidity,Q4 reference,8.999915698783933,217632,998,TRUE,1000,17,0.029568580156787982
LI,Liver,heat_humidity,rmax_10pct,Maximum relative humidity per 10 pct,Maximum relative humidity,Q4 reference,8.999915698783933,217632,998,TRUE,1000,18,0.03048742228934076
LI,Liver,heat_humidity,rmax_10pct,Maximum relative humidity per 10 pct,Maximum relative humidity,Q4 reference,8.999915698783933,217632,998,TRUE,1000,20,0.03140564651529343
LI,Liver,heat_humidity,rmax_10pct,Maximum relative humidity per 10 pct,Maximum relative humidity,Q4 reference,8.999915698783933,217632,998,TRUE,1000,21,0.03324690606185621
LI,Liver,heat_humidity,rmax_10pct,Maximum relative humidity per 10 pct,Maximum relative humidity,Q4 reference,8.999915698783933,217632,998,TRUE,1000,22,0.03509474969927384
LI,Liver,heat_humidity,rmax_10pct,Maximum relative humidity per 10 pct,Maximum relative humidity,Q4 reference,8.999915698783933,217632,998,TRUE,1000,23,0.03602258837273642
LI,Liver,heat_humidity,rmax_10pct,Maximum relative humidity per 10 pct,Maximum relative humidity,Q4 reference,8.999915698783933,217632,998,TRUE,1000,24,0.03695245244536194
LI,Liver,heat_humidity,rmax_10pct,Maximum relative humidity per 10 pct,Maximum relative humidity,Q4 reference,8.999915698783933,217632,998,TRUE,1000,28,0.037883600410934415
LI,Liver,heat_humidity,rmax_10pct,Maximum relative humidity per 10 pct,Maximum relative humidity,Q4 reference,8.999915698783933,217632,998,TRUE,1000,29,0.039746594129742796
LI,Liver,heat_humidity,rmax_10pct,Maximum relative humidity per 10 pct,Maximum relative humidity,Q4 reference,8.999915698783933,217632,998,TRUE,1000,30,0.04067978808987449
LI,Liver,heat_humidity,rmax_10pct,Maximum relative humidity per 10 pct,Maximum relative humidity,Q4 reference,8.999915698783933,217632,998,TRUE,1000,31,0.04254953114059645
LI,Liver,heat_humidity,rmax_10pct,Maximum relative humidity per 10 pct,Maximum relative humidity,Q4 reference,8.999915698783933,217632,998,TRUE,1000,32,0.04348535287249666
LI,Liver,heat_humidity,rmax_10pct,Maximum relative humidity per 10 pct,Maximum relative humidity,Q4 reference,8.999915698783933,217632,998,TRUE,1000,35,0.044420871159297604
LI,Liver,heat_humidity,rmax_10pct,Maximum relative humidity per 10 pct,Maximum relative humidity,Q4 reference,8.999915698783933,217632,998,TRUE,1000,36,0.04535614743226657
LI,Liver,heat_humidity,rmax_10pct,Maximum relative humidity per 10 pct,Maximum relative humidity,Q4 reference,8.999915698783933,217632,998,TRUE,1000,37,0.04629127109213638
LI,Liver,heat_humidity,rmax_10pct,Maximum relative humidity per 10 pct,Maximum relative humidity,Q4 reference,8.999915698783933,217632,998,TRUE,1000,39,0.0472277099872096
LI,Liver,heat_humidity,rmax_10pct,Maximum relative humidity per 10 pct,Maximum relative humidity,Q4 reference,8.999915698783933,217632,998,TRUE,1000,40,0.0481648918707398
LI,Liver,heat_humidity,rmax_10pct,Maximum relative humidity per 10 pct,Maximum relative humidity,Q4 reference,8.999915698783933,217632,998,TRUE,1000,41,0.04910214019698378
LI,Liver,heat_humidity,rmax_10pct,Maximum relative humidity per 10 pct,Maximum relative humidity,Q4 reference,8.999915698783933,217632,998,TRUE,1000,42,0.05004061775771429
LI,Liver,heat_humidity,rmax_10pct,Maximum relative humidity per 10 pct,Maximum relative humidity,Q4 reference,8.999915698783933,217632,998,TRUE,1000,45,0.05097911645537678
LI,Liver,heat_humidity,rmax_10pct,Maximum relative humidity per 10 pct,Maximum relative humidity,Q4 reference,8.999915698783933,217632,998,TRUE,1000,47,0.05192041383879209
LI,Liver,heat_humidity,rmax_10pct,Maximum relative humidity per 10 pct,Maximum relative humidity,Q4 reference,8.999915698783933,217632,998,TRUE,1000,48,0.05286131829243901
LI,Liver,heat_humidity,rmax_10pct,Maximum relative humidity per 10 pct,Maximum relative humidity,Q4 reference,8.999915698783933,217632,998,TRUE,1000,49,0.05568638667888837
LI,Liver,heat_humidity,rmax_10pct,Maximum relative humidity per 10 pct,Maximum relative humidity,Q4 reference,8.999915698783933,217632,998,TRUE,1000,52,0.056629991471723096
LI,Liver,heat_humidity,rmax_10pct,Maximum relative humidity per 10 pct,Maximum relative humidity,Q4 reference,8.999915698783933,217632,998,TRUE,1000,53,0.057573481581423835
LI,Liver,heat_humidity,rmax_10pct,Maximum relative humidity per 10 pct,Maximum relative humidity,Q4 reference,8.999915698783933,217632,998,TRUE,1000,55,0.058517989103249346
LI,Liver,heat_humidity,rmax_10pct,Maximum relative humidity per 10 pct,Maximum relative humidity,Q4 reference,8.999915698783933,217632,998,TRUE,1000,60,0.059462681965981035
LI,Liver,heat_humidity,rmax_10pct,Maximum relative humidity per 10 pct,Maximum relative humidity,Q4 reference,8.999915698783933,217632,998,TRUE,1000,62,0.06040668212902223
LI,Liver,heat_humidity,rmax_10pct,Maximum relative humidity per 10 pct,Maximum relative humidity,Q4 reference,8.999915698783933,217632,998,TRUE,1000,63,0.06229592240911974
LI,Liver,heat_humidity,rmax_10pct,Maximum relative humidity per 10 pct,Maximum relative humidity,Q4 reference,8.999915698783933,217632,998,TRUE,1000,73,0.0641912313570896
LI,Liver,heat_humidity,rmax_10pct,Maximum relative humidity per 10 pct,Maximum relative humidity,Q4 reference,8.999915698783933,217632,998,TRUE,1000,74,0.06514183098874948
LI,Liver,heat_humidity,rmax_10pct,Maximum relative humidity per 10 pct,Maximum relative humidity,Q4 reference,8.999915698783933,217632,998,TRUE,1000,75,0.06609215488149933
LI,Liver,heat_humidity,rmax_10pct,Maximum relative humidity per 10 pct,Maximum relative humidity,Q4 reference,8.999915698783933,217632,998,TRUE,1000,77,0.06704409972343317
LI,Liver,heat_humidity,rmax_10pct,Maximum relative humidity per 10 pct,Maximum relative humidity,Q4 reference,8.999915698783933,217632,998,TRUE,1000,78,0.06799701850451068
LI,Liver,heat_humidity,rmax_10pct,Maximum relative humidity per 10 pct,Maximum relative humidity,Q4 reference,8.999915698783933,217632,998,TRUE,1000,80,0.06894992554874046
LI,Liver,heat_humidity,rmax_10pct,Maximum relative humidity per 10 pct,Maximum relative humidity,Q4 reference,8.999915698783933,217632,998,TRUE,1000,81,0.07085432823313353
LI,Liver,heat_humidity,rmax_10pct,Maximum relative humidity per 10 pct,Maximum relative humidity,Q4 reference,8.999915698783933,217632,998,TRUE,1000,84,0.07180644496098942
LI,Liver,heat_humidity,rmax_10pct,Maximum relative humidity per 10 pct,Maximum relative humidity,Q4 reference,8.999915698783933,217632,998,TRUE,1000,87,0.07466460917718976
LI,Liver,heat_humidity,rmax_10pct,Maximum relative humidity per 10 pct,Maximum relative humidity,Q4 reference,8.999915698783933,217632,998,TRUE,1000,88,0.07561822270639917
LI,Liver,heat_humidity,rmax_10pct,Maximum relative humidity per 10 pct,Maximum relative humidity,Q4 reference,8.999915698783933,217632,998,TRUE,1000,90,0.07657189499671424
LI,Liver,heat_humidity,rmax_10pct,Maximum relative humidity per 10 pct,Maximum relative humidity,Q4 reference,8.999915698783933,217632,998,TRUE,1000,94,0.0784805561120906
LI,Liver,heat_humidity,rmax_10pct,Maximum relative humidity per 10 pct,Maximum relative humidity,Q4 reference,8.999915698783933,217632,998,TRUE,1000,96,0.07943653655544358
LI,Liver,heat_humidity,rmax_10pct,Maximum relative humidity per 10 pct,Maximum relative humidity,Q4 reference,8.999915698783933,217632,998,TRUE,1000,106,0.08039686864223383
LI,Liver,heat_humidity,rmax_10pct,Maximum relative humidity per 10 pct,Maximum relative humidity,Q4 reference,8.999915698783933,217632,998,TRUE,1000,112,0.0823181720442725
LI,Liver,heat_humidity,rmax_10pct,Maximum relative humidity per 10 pct,Maximum relative humidity,Q4 reference,8.999915698783933,217632,998,TRUE,1000,115,0.0832801524452711
LI,Liver,heat_humidity,rmax_10pct,Maximum relative humidity per 10 pct,Maximum relative humidity,Q4 reference,8.999915698783933,217632,998,TRUE,1000,120,0.08424191513306911
LI,Liver,heat_humidity,rmax_10pct,Maximum relative humidity per 10 pct,Maximum relative humidity,Q4 reference,8.999915698783933,217632,998,TRUE,1000,125,0.08520695001856748
LI,Liver,heat_humidity,rmax_10pct,Maximum relative humidity per 10 pct,Maximum relative humidity,Q4 reference,8.999915698783933,217632,998,TRUE,1000,127,0.0861723836393451
LI,Liver,heat_humidity,rmax_10pct,Maximum relative humidity per 10 pct,Maximum relative humidity,Q4 reference,8.999915698783933,217632,998,TRUE,1000,128,0.0871379200126211
LI,Liver,heat_humidity,rmax_10pct,Maximum relative humidity per 10 pct,Maximum relative humidity,Q4 reference,8.999915698783933,217632,998,TRUE,1000,133,0.08810587463627761
LI,Liver,heat_humidity,rmax_10pct,Maximum relative humidity per 10 pct,Maximum relative humidity,Q4 reference,8.999915698783933,217632,998,TRUE,1000,154,0.089079690542233525
LI,Liver,heat_humidity,rmax_10pct,Maximum relative humidity per 10 pct,Maximum relative humidity,Q4 reference,8.999915698783933,217632,998,TRUE,1000,156,0.09005344191051057
LI,Liver,heat_humidity,rmax_10pct,Maximum relative humidity per 10 pct,Maximum relative humidity,Q4 reference,8.999915698783933,217632,998,TRUE,1000,159,0.09102766264773376
LI,Liver,heat_humidity,rmax_10pct,Maximum relative humidity per 10 pct,Maximum relative humidity,Q4 reference,8.999915698783933,217632,998,TRUE,1000,160,0.09200278181640564
LI,Liver,heat_humidity,rmax_10pct,Maximum relative humidity per 10 pct,Maximum relative humidity,Q4 reference,8.999915698783933,217632,998,TRUE,1000,161,0.09395163643652471
LI,Liver,heat_humidity,rmax_10pct,Maximum relative humidity per 10 pct,Maximum relative humidity,Q4 reference,8.999915698783933,217632,998,TRUE,1000,162,0.09492785812245574
LI,Liver,heat_humidity,rmax_10pct,Maximum relative humidity per 10 pct,Maximum relative humidity,Q4 reference,8.999915698783933,217632,998,TRUE,1000,164,0.09688033870371793
LI,Liver,heat_humidity,rmax_10pct,Maximum relative humidity per 10 pct,Maximum relative humidity,Q4 reference,8.999915698783933,217632,998,TRUE,1000,165,0.09785913710779481
LI,Liver,heat_humidity,rmax_10pct,Maximum relative humidity per 10 pct,Maximum relative humidity,Q4 reference,8.999915698783933,217632,998,TRUE,1000,167,0.09883964863074657
LI,Liver,heat_humidity,rmax_10pct,Maximum relative humidity per 10 pct,Maximum relative humidity,Q4 reference,8.999915698783933,217632,998,TRUE,1000,172,0.099820004752051
LI,Liver,heat_humidity,rmax_10pct,Maximum relative humidity per 10 pct,Maximum relative humidity,Q4 reference,8.999915698783933,217632,998,TRUE,1000,175,0.10080085857810805
LI,Liver,heat_humidity,rmax_10pct,Maximum relative humidity per 10 pct,Maximum relative humidity,Q4 reference,8.999915698783933,217632,998,TRUE,1000,176,0.10178221301531898
LI,Liver,heat_humidity,rmax_10pct,Maximum relative humidity per 10 pct,Maximum relative humidity,Q4 reference,8.999915698783933,217632,998,TRUE,1000,177,0.10276485750626319
LI,Liver,heat_humidity,rmax_10pct,Maximum relative humidity per 10 pct,Maximum relative humidity,Q4 reference,8.999915698783933,217632,998,TRUE,1000,181,0.10473542528737945
LI,Liver,heat_humidity,rmax_10pct,Maximum relative humidity per 10 pct,Maximum relative humidity,Q4 reference,8.999915698783933,217632,998,TRUE,1000,183,0.10572477788857171
LI,Liver,heat_humidity,rmax_10pct,Maximum relative humidity per 10 pct,Maximum relative humidity,Q4 reference,8.999915698783933,217632,998,TRUE,1000,189,0.10671744903916935
LI,Liver,heat_humidity,rmax_10pct,Maximum relative humidity per 10 pct,Maximum relative humidity,Q4 reference,8.999915698783933,217632,998,TRUE,1000,199,0.10771313045487196
LI,Liver,heat_humidity,rmax_10pct,Maximum relative humidity per 10 pct,Maximum relative humidity,Q4 reference,8.999915698783933,217632,998,TRUE,1000,205,0.10870987155713407
LI,Liver,heat_humidity,rmax_10pct,Maximum relative humidity per 10 pct,Maximum relative humidity,Q4 reference,8.999915698783933,217632,998,TRUE,1000,207,0.10970641515893154
LI,Liver,heat_humidity,rmax_10pct,Maximum relative humidity per 10 pct,Maximum relative humidity,Q4 reference,8.999915698783933,217632,998,TRUE,1000,210,0.1116999587098163
LI,Liver,heat_humidity,rmax_10pct,Maximum relative humidity per 10 pct,Maximum relative humidity,Q4 reference,8.999915698783933,217632,998,TRUE,1000,217,0.11269764581555575
LI,Liver,heat_humidity,rmax_10pct,Maximum relative humidity per 10 pct,Maximum relative humidity,Q4 reference,8.999915698783933,217632,998,TRUE,1000,220,0.1136955555802116
LI,Liver,heat_humidity,rmax_10pct,Maximum relative humidity per 10 pct,Maximum relative humidity,Q4 reference,8.999915698783933,217632,998,TRUE,1000,227,0.11469370160930614
LI,Liver,heat_humidity,rmax_10pct,Maximum relative humidity per 10 pct,Maximum relative humidity,Q4 reference,8.999915698783933,217632,998,TRUE,1000,235,0.11569180257626299
LI,Liver,heat_humidity,rmax_10pct,Maximum relative humidity per 10 pct,Maximum relative humidity,Q4 reference,8.999915698783933,217632,998,TRUE,1000,238,0.1166900713028215
LI,Liver,heat_humidity,rmax_10pct,Maximum relative humidity per 10 pct,Maximum relative humidity,Q4 reference,8.999915698783933,217632,998,TRUE,1000,239,0.11768852646900052
LI,Liver,heat_humidity,rmax_10pct,Maximum relative humidity per 10 pct,Maximum relative humidity,Q4 reference,8.999915698783933,217632,998,TRUE,1000,240,0.11868645480959217
LI,Liver,heat_humidity,rmax_10pct,Maximum relative humidity per 10 pct,Maximum relative humidity,Q4 reference,8.999915698783933,217632,998,TRUE,1000,243,0.11968556033236888
LI,Liver,heat_humidity,rmax_10pct,Maximum relative humidity per 10 pct,Maximum relative humidity,Q4 reference,8.999915698783933,217632,998,TRUE,1000,248,0.12068636890649043
LI,Liver,heat_humidity,rmax_10pct,Maximum relative humidity per 10 pct,Maximum relative humidity,Q4 reference,8.999915698783933,217632,998,TRUE,1000,264,0.12169043493642229
LI,Liver,heat_humidity,rmax_10pct,Maximum relative humidity per 10 pct,Maximum relative humidity,Q4 reference,8.999915698783933,217632,998,TRUE,1000,277,0.12270059589518811
LI,Liver,heat_humidity,rmax_10pct,Maximum relative humidity per 10 pct,Maximum relative humidity,Q4 reference,8.999915698783933,217632,998,TRUE,1000,283,0.12371076109058554
LI,Liver,heat_humidity,rmax_10pct,Maximum relative humidity per 10 pct,Maximum relative humidity,Q4 reference,8.999915698783933,217632,998,TRUE,1000,286,0.12472318973520502
LI,Liver,heat_humidity,rmax_10pct,Maximum relative humidity per 10 pct,Maximum relative humidity,Q4 reference,8.999915698783933,217632,998,TRUE,1000,287,0.1267492053006225
LI,Liver,heat_humidity,rmax_10pct,Maximum relative humidity per 10 pct,Maximum relative humidity,Q4 reference,8.999915698783933,217632,998,TRUE,1000,289,0.1277647084727206
LI,Liver,heat_humidity,rmax_10pct,Maximum relative humidity per 10 pct,Maximum relative humidity,Q4 reference,8.999915698783933,217632,998,TRUE,1000,293,0.12981554936358142
LI,Liver,heat_humidity,rmax_10pct,Maximum relative humidity per 10 pct,Maximum relative humidity,Q4 reference,8.999915698783933,217632,998,TRUE,1000,319,0.13084228589092983
LI,Liver,heat_humidity,rmax_10pct,Maximum relative humidity per 10 pct,Maximum relative humidity,Q4 reference,8.999915698783933,217632,998,TRUE,1000,324,0.13186998333198163
LI,Liver,heat_humidity,rmax_10pct,Maximum relative humidity per 10 pct,Maximum relative humidity,Q4 reference,8.999915698783933,217632,998,TRUE,1000,348,0.13290272821961158
LI,Liver,heat_humidity,rmax_10pct,Maximum relative humidity per 10 pct,Maximum relative humidity,Q4 reference,8.999915698783933,217632,998,TRUE,1000,361,0.1339355502308046
LI,Liver,heat_humidity,rmax_10pct,Maximum relative humidity per 10 pct,Maximum relative humidity,Q4 reference,8.999915698783933,217632,998,TRUE,1000,386,0.1349693638889483
LI,Liver,heat_humidity,rmax_10pct,Maximum relative humidity per 10 pct,Maximum relative humidity,Q4 reference,8.999915698783933,217632,998,TRUE,1000,393,0.13600380923569977
LI,Liver,heat_humidity,rmax_10pct,Maximum relative humidity per 10 pct,Maximum relative humidity,Q4 reference,8.999915698783933,217632,998,TRUE,1000,399,0.13703836137989112
LI,Liver,heat_humidity,rmax_10pct,Maximum relative humidity per 10 pct,Maximum relative humidity,Q4 reference,8.999915698783933,217632,998,TRUE,1000,421,0.13807427080604495
LI,Liver,heat_humidity,rmax_10pct,Maximum relative humidity per 10 pct,Maximum relative humidity,Q4 reference,8.999915698783933,217632,998,TRUE,1000,449,0.13911642296185922
LI,Liver,heat_humidity,rmax_10pct,Maximum relative humidity per 10 pct,Maximum relative humidity,Q4 reference,8.999915698783933,217632,998,TRUE,1000,452,0.1401583565936032
LI,Liver,heat_humidity,rmax_10pct,Maximum relative humidity per 10 pct,Maximum relative humidity,Q4 reference,8.999915698783933,217632,998,TRUE,1000,454,0.1412014279784759
LI,Liver,heat_humidity,rmax_10pct,Maximum relative humidity per 10 pct,Maximum relative humidity,Q4 reference,8.999915698783933,217632,998,TRUE,1000,531,0.14224954604369766
LI,Liver,heat_humidity,rmax_10pct,Maximum relative humidity per 10 pct,Maximum relative humidity,Q4 reference,8.999915698783933,217632,998,TRUE,1000,534,0.1432986519960031
LI,Liver,heat_humidity,rmax_10pct,Maximum relative humidity per 10 pct,Maximum relative humidity,Q4 reference,8.999915698783933,217632,998,TRUE,1000,537,0.1443473568824274
LI,Liver,heat_humidity,rmax_10pct,Maximum relative humidity per 10 pct,Maximum relative humidity,Q4 reference,8.999915698783933,217632,998,TRUE,1000,539,0.14539664099090344
LI,Liver,heat_humidity,rmax_10pct,Maximum relative humidity per 10 pct,Maximum relative humidity,Q4 reference,8.999915698783933,217632,998,TRUE,1000,591,0.14645777713206365
LI,Liver,heat_humidity,rmax_10pct,Maximum relative humidity per 10 pct,Maximum relative humidity,Q4 reference,8.999915698783933,217632,998,TRUE,1000,595,0.1475195739513271
LI,Liver,heat_humidity,rmax_10pct,Maximum relative humidity per 10 pct,Maximum relative humidity,Q4 reference,8.999915698783933,217632,998,TRUE,1000,614,0.14858751100400436
LI,Liver,heat_humidity,rmax_10pct,Maximum relative humidity per 10 pct,Maximum relative humidity,Q4 reference,8.999915698783933,217632,998,TRUE,1000,622,0.14965619135573882
LI,Liver,heat_humidity,rmax_10pct,Maximum relative humidity per 10 pct,Maximum relative humidity,Q4 reference,8.999915698783933,217632,998,TRUE,1000,634,0.15072528744885239
LI,Liver,heat_humidity,rmax_10pct,Maximum relative humidity per 10 pct,Maximum relative humidity,Q4 reference,8.999915698783933,217632,998,TRUE,1000,709,0.15181312804870695
LI,Liver,heat_humidity,rmax_10pct,Maximum relative humidity per 10 pct,Maximum relative humidity,Q4 reference,8.999915698783933,217632,998,TRUE,1000,719,0.1529019256116173
LI,Liver,heat_humidity,rmax_10pct,Maximum relative humidity per 10 pct,Maximum relative humidity,Q4 reference,8.999915698783933,217632,998,TRUE,1000,722,0.15399224950889512
LI,Liver,heat_humidity,rmax_10pct,Maximum relative humidity per 10 pct,Maximum relative humidity,Q4 reference,8.999915698783933,217632,998,TRUE,1000,756,0.15508313103191163
LI,Liver,heat_humidity,rmax_10pct,Maximum relative humidity per 10 pct,Maximum relative humidity,Q4 reference,8.999915698783933,217632,998,TRUE,1000,761,0.15617393473947705
LI,Liver,heat_humidity,rmax_10pct,Maximum relative humidity per 10 pct,Maximum relative humidity,Q4 reference,8.999915698783933,217632,998,TRUE,1000,793,0.15726501531441084
LI,Liver,heat_humidity,rmax_10pct,Maximum relative humidity per 10 pct,Maximum relative humidity,Q4 reference,8.999915698783933,217632,998,TRUE,1000,810,0.15835698368505113
LI,Liver,heat_humidity,rmax_10pct,Maximum relative humidity per 10 pct,Maximum relative humidity,Q4 reference,8.999915698783933,217632,998,TRUE,1000,824,0.1594604628516958
LI,Liver,heat_humidity,rmax_10pct,Maximum relative humidity per 10 pct,Maximum relative humidity,Q4 reference,8.999915698783933,217632,998,TRUE,1000,835,0.16056362737304908
LI,Liver,heat_humidity,rmax_10pct,Maximum relative humidity per 10 pct,Maximum relative humidity,Q4 reference,8.999915698783933,217632,998,TRUE,1000,843,0.16166738512262724
LI,Liver,heat_humidity,rmax_10pct,Maximum relative humidity per 10 pct,Maximum relative humidity,Q4 reference,8.999915698783933,217632,998,TRUE,1000,845,0.16277091754829653
LI,Liver,heat_humidity,rmax_10pct,Maximum relative humidity per 10 pct,Maximum relative humidity,Q4 reference,8.999915698783933,217632,998,TRUE,1000,863,0.16387466929971284
LI,Liver,heat_humidity,rmax_10pct,Maximum relative humidity per 10 pct,Maximum relative humidity,Q4 reference,8.999915698783933,217632,998,TRUE,1000,938,0.16497824418792761
LI,Liver,heat_humidity,rmax_10pct,Maximum relative humidity per 10 pct,Maximum relative humidity,Q4 reference,8.999915698783933,217632,998,TRUE,1000,996,0.16609184885117723
LI,Liver,heat_humidity,rmax_10pct,Maximum relative humidity per 10 pct,Maximum relative humidity,Q4 reference,8.999915698783933,217632,998,TRUE,1000,1039,0.16721611631316236
LI,Liver,heat_humidity,rmax_10pct,Maximum relative humidity per 10 pct,Maximum relative humidity,Q4 reference,8.999915698783933,217632,998,TRUE,1000,1089,0.16834073218141343
LI,Liver,heat_humidity,rmax_10pct,Maximum relative humidity per 10 pct,Maximum relative humidity,Q4 reference,8.999915698783933,217632,998,TRUE,1000,1091,0.16946525273665092
LI,Liver,heat_humidity,rmax_10pct,Maximum relative humidity per 10 pct,Maximum relative humidity,Q4 reference,8.999915698783933,217632,998,TRUE,1000,1116,0.17059125773856676
LI,Liver,heat_humidity,rmax_10pct,Maximum relative humidity per 10 pct,Maximum relative humidity,Q4 reference,8.999915698783933,217632,998,TRUE,1000,1123,0.17171861209263195
LI,Liver,heat_humidity,rmax_10pct,Maximum relative humidity per 10 pct,Maximum relative humidity,Q4 reference,8.999915698783933,217632,998,TRUE,1000,1164,0.17284587329710133
LI,Liver,heat_humidity,rmax_10pct,Maximum relative humidity per 10 pct,Maximum relative humidity,Q4 reference,8.999915698783933,217632,998,TRUE,1000,1194,0.1739868903236752
LI,Liver,heat_humidity,rmax_10pct,Maximum relative humidity per 10 pct,Maximum relative humidity,Q4 reference,8.999915698783933,217632,998,TRUE,1000,1210,0.17512725477729785
LI,Liver,heat_humidity,rmax_10pct,Maximum relative humidity per 10 pct,Maximum relative humidity,Q4 reference,8.999915698783933,217632,998,TRUE,1000,1227,0.17626967840350127
LI,Liver,heat_humidity,rmax_10pct,Maximum relative humidity per 10 pct,Maximum relative humidity,Q4 reference,8.999915698783933,217632,998,TRUE,1000,1340,0.17741254992309008
LI,Liver,heat_humidity,rmax_10pct,Maximum relative humidity per 10 pct,Maximum relative humidity,Q4 reference,8.999915698783933,217632,998,TRUE,1000,1462,0.17855692035688253
LI,Liver,heat_humidity,rmax_10pct,Maximum relative humidity per 10 pct,Maximum relative humidity,Q4 reference,8.999915698783933,217632,998,TRUE,1000,1811,0.1797012583504507
LI,Liver,heat_humidity,rmax_10pct,Maximum relative humidity per 10 pct,Maximum relative humidity,Q4 reference,8.999915698783933,217632,998,TRUE,1000,2027,0.1808775056972992
LI,Liver,heat_humidity,rmax_10pct,Maximum relative humidity per 10 pct,Maximum relative humidity,Q4 reference,8.999915698783933,217632,998,TRUE,1000,2030,0.1820532337458809
LI,Liver,heat_humidity,rmax_10pct,Maximum relative humidity per 10 pct,Maximum relative humidity,Q4 reference,8.999915698783933,217632,998,TRUE,1000,2205,0.18322924488154213
LI,Liver,heat_humidity,rmax_10pct,Maximum relative humidity per 10 pct,Maximum relative humidity,Q4 reference,8.999915698783933,217632,998,TRUE,1000,2422,0.18440516862253753
LI,Liver,heat_humidity,rmax_10pct,Maximum relative humidity per 10 pct,Maximum relative humidity,Q4 reference,8.999915698783933,217632,998,TRUE,1000,2490,0.18558277238938747
LI,Liver,heat_humidity,rmax_10pct,Maximum relative humidity per 10 pct,Maximum relative humidity,Q4 reference,8.999915698783933,217632,998,TRUE,1000,2632,0.18684285444403737
LI,Liver,heat_humidity,rmax_10pct,Maximum relative humidity per 10 pct,Maximum relative humidity,Q4 reference,8.999915698783933,217632,998,TRUE,1000,2638,0.18810503910380094
LI,Liver,heat_humidity,rmax_10pct,Maximum relative humidity per 10 pct,Maximum relative humidity,Q4 reference,8.999915698783933,217632,998,TRUE,1000,3312,0.1894829497973931
