time_days,event,cumulative_incidence,quartile,organ,pollutant,ps_n,full_n,min_value,max_value,quartile_label,years_since_listing
0,Death/delisted too sick,0,Q1,Heart,Ozone,73497,73497,24.05848757425944,36.38929348332541,Q1 (24.1-36.4 ppb),0
0,Transplant,0,Q1,Heart,Ozone,73497,73497,24.05848757425944,36.38929348332541,Q1 (24.1-36.4 ppb),0
30.4375,Death/delisted too sick,0.03238281700364535,Q1,Heart,Ozone,73497,73497,24.05848757425944,36.38929348332541,Q1 (24.1-36.4 ppb),0.08333333333333333
30.4375,Transplant,0.23933431218492954,Q1,Heart,Ozone,73497,73497,24.05848757425944,36.38929348332541,Q1 (24.1-36.4 ppb),0.08333333333333333
60.875,Death/delisted too sick,0.04937569050007738,Q1,Heart,Ozone,73497,73497,24.05848757425944,36.38929348332541,Q1 (24.1-36.4 ppb),0.16666666666666666
60.875,Transplant,0.332235147532731,Q1,Heart,Ozone,73497,73497,24.05848757425944,36.38929348332541,Q1 (24.1-36.4 ppb),0.16666666666666666
91.3125,Death/delisted too sick,0.06053539199474354,Q1,Heart,Ozone,73497,73497,24.05848757425944,36.38929348332541,Q1 (24.1-36.4 ppb),0.25
91.3125,Transplant,0.39429663575100277,Q1,Heart,Ozone,73497,73497,24.05848757425944,36.38929348332541,Q1 (24.1-36.4 ppb),0.25
121.75,Death/delisted too sick,0.06889289674727755,Q1,Heart,Ozone,73497,73497,24.05848757425944,36.38929348332541,Q1 (24.1-36.4 ppb),0.3333333333333333
121.75,Transplant,0.4409929944705966,Q1,Heart,Ozone,73497,73497,24.05848757425944,36.38929348332541,Q1 (24.1-36.4 ppb),0.3333333333333333
152.1875,Death/delisted too sick,0.07493147246087839,Q1,Heart,Ozone,73497,73497,24.05848757425944,36.38929348332541,Q1 (24.1-36.4 ppb),0.4166666666666667
152.1875,Transplant,0.48101912209420994,Q1,Heart,Ozone,73497,73497,24.05848757425944,36.38929348332541,Q1 (24.1-36.4 ppb),0.4166666666666667
182.625,Death/delisted too sick,0.08068920142899848,Q1,Heart,Ozone,73497,73497,24.05848757425944,36.38929348332541,Q1 (24.1-36.4 ppb),0.5
182.625,Transplant,0.5110523451404897,Q1,Heart,Ozone,73497,73497,24.05848757425944,36.38929348332541,Q1 (24.1-36.4 ppb),0.5
213.0625,Death/delisted too sick,0.0852468043519036,Q1,Heart,Ozone,73497,73497,24.05848757425944,36.38929348332541,Q1 (24.1-36.4 ppb),0.5833333333333334
213.0625,Transplant,0.5350442061627847,Q1,Heart,Ozone,73497,73497,24.05848757425944,36.38929348332541,Q1 (24.1-36.4 ppb),0.5833333333333334
243.5,Death/delisted too sick,0.08845333619388221,Q1,Heart,Ozone,73497,73497,24.05848757425944,36.38929348332541,Q1 (24.1-36.4 ppb),0.6666666666666666
243.5,Transplant,0.5548379291038723,Q1,Heart,Ozone,73497,73497,24.05848757425944,36.38929348332541,Q1 (24.1-36.4 ppb),0.6666666666666666
273.9375,Death/delisted too sick,0.09216494975212347,Q1,Heart,Ozone,73497,73497,24.05848757425944,36.38929348332541,Q1 (24.1-36.4 ppb),0.75
273.9375,Transplant,0.5703977441848899,Q1,Heart,Ozone,73497,73497,24.05848757425944,36.38929348332541,Q1 (24.1-36.4 ppb),0.75
304.375,Death/delisted too sick,0.09534223474916147,Q1,Heart,Ozone,73497,73497,24.05848757425944,36.38929348332541,Q1 (24.1-36.4 ppb),0.8333333333333334
304.375,Transplant,0.5863812582987371,Q1,Heart,Ozone,73497,73497,24.05848757425944,36.38929348332541,Q1 (24.1-36.4 ppb),0.8333333333333334
334.8125,Death/delisted too sick,0.09815274366551568,Q1,Heart,Ozone,73497,73497,24.05848757425944,36.38929348332541,Q1 (24.1-36.4 ppb),0.9166666666666666
334.8125,Transplant,0.598398167929149,Q1,Heart,Ozone,73497,73497,24.05848757425944,36.38929348332541,Q1 (24.1-36.4 ppb),0.9166666666666666
365.25,Death/delisted too sick,0.10033746944204258,Q1,Heart,Ozone,73497,73497,24.05848757425944,36.38929348332541,Q1 (24.1-36.4 ppb),1
365.25,Transplant,0.6103334944802299,Q1,Heart,Ozone,73497,73497,24.05848757425944,36.38929348332541,Q1 (24.1-36.4 ppb),1
395.6875,Death/delisted too sick,0.1016504060503399,Q1,Heart,Ozone,73497,73497,24.05848757425944,36.38929348332541,Q1 (24.1-36.4 ppb),1.0833333333333333
395.6875,Transplant,0.6213042461417878,Q1,Heart,Ozone,73497,73497,24.05848757425944,36.38929348332541,Q1 (24.1-36.4 ppb),1.0833333333333333
426.125,Death/delisted too sick,0.10437468714997715,Q1,Heart,Ozone,73497,73497,24.05848757425944,36.38929348332541,Q1 (24.1-36.4 ppb),1.1666666666666667
426.125,Transplant,0.631317076542913,Q1,Heart,Ozone,73497,73497,24.05848757425944,36.38929348332541,Q1 (24.1-36.4 ppb),1.1666666666666667
456.5625,Death/delisted too sick,0.10646022565040751,Q1,Heart,Ozone,73497,73497,24.05848757425944,36.38929348332541,Q1 (24.1-36.4 ppb),1.25
456.5625,Transplant,0.6399986330723997,Q1,Heart,Ozone,73497,73497,24.05848757425944,36.38929348332541,Q1 (24.1-36.4 ppb),1.25
487,Death/delisted too sick,0.10862757429023438,Q1,Heart,Ozone,73497,73497,24.05848757425944,36.38929348332541,Q1 (24.1-36.4 ppb),1.3333333333333333
487,Transplant,0.6484312403621987,Q1,Heart,Ozone,73497,73497,24.05848757425944,36.38929348332541,Q1 (24.1-36.4 ppb),1.3333333333333333
517.4375,Death/delisted too sick,0.10984872578181455,Q1,Heart,Ozone,73497,73497,24.05848757425944,36.38929348332541,Q1 (24.1-36.4 ppb),1.4166666666666667
517.4375,Transplant,0.6569430645955278,Q1,Heart,Ozone,73497,73497,24.05848757425944,36.38929348332541,Q1 (24.1-36.4 ppb),1.4166666666666667
547.875,Death/delisted too sick,0.11168026373586443,Q1,Heart,Ozone,73497,73497,24.05848757425944,36.38929348332541,Q1 (24.1-36.4 ppb),1.5
547.875,Transplant,0.6648795218311164,Q1,Heart,Ozone,73497,73497,24.05848757425944,36.38929348332541,Q1 (24.1-36.4 ppb),1.5
578.3125,Death/delisted too sick,0.11282331361827502,Q1,Heart,Ozone,73497,73497,24.05848757425944,36.38929348332541,Q1 (24.1-36.4 ppb),1.5833333333333333
578.3125,Transplant,0.67316329633355,Q1,Heart,Ozone,73497,73497,24.05848757425944,36.38929348332541,Q1 (24.1-36.4 ppb),1.5833333333333333
608.75,Death/delisted too sick,0.11481115784795183,Q1,Heart,Ozone,73497,73497,24.05848757425944,36.38929348332541,Q1 (24.1-36.4 ppb),1.6666666666666667
608.75,Transplant,0.6794715576939869,Q1,Heart,Ozone,73497,73497,24.05848757425944,36.38929348332541,Q1 (24.1-36.4 ppb),1.6666666666666667
639.1875,Death/delisted too sick,0.11606896895336048,Q1,Heart,Ozone,73497,73497,24.05848757425944,36.38929348332541,Q1 (24.1-36.4 ppb),1.75
639.1875,Transplant,0.6858506895261463,Q1,Heart,Ozone,73497,73497,24.05848757425944,36.38929348332541,Q1 (24.1-36.4 ppb),1.75
669.625,Death/delisted too sick,0.11754882323086116,Q1,Heart,Ozone,73497,73497,24.05848757425944,36.38929348332541,Q1 (24.1-36.4 ppb),1.8333333333333333
669.625,Transplant,0.6913547481508369,Q1,Heart,Ozone,73497,73497,24.05848757425944,36.38929348332541,Q1 (24.1-36.4 ppb),1.8333333333333333
700.0625,Death/delisted too sick,0.11834719157752678,Q1,Heart,Ozone,73497,73497,24.05848757425944,36.38929348332541,Q1 (24.1-36.4 ppb),1.9166666666666667
700.0625,Transplant,0.6971506843481732,Q1,Heart,Ozone,73497,73497,24.05848757425944,36.38929348332541,Q1 (24.1-36.4 ppb),1.9166666666666667
730.5,Death/delisted too sick,0.12038906142345868,Q1,Heart,Ozone,73497,73497,24.05848757425944,36.38929348332541,Q1 (24.1-36.4 ppb),2
730.5,Transplant,0.7018407630373507,Q1,Heart,Ozone,73497,73497,24.05848757425944,36.38929348332541,Q1 (24.1-36.4 ppb),2
760.9375,Death/delisted too sick,0.12174922664394709,Q1,Heart,Ozone,73497,73497,24.05848757425944,36.38929348332541,Q1 (24.1-36.4 ppb),2.0833333333333335
760.9375,Transplant,0.7057519150909132,Q1,Heart,Ozone,73497,73497,24.05848757425944,36.38929348332541,Q1 (24.1-36.4 ppb),2.0833333333333335
791.375,Death/delisted too sick,0.12301901394770919,Q1,Heart,Ozone,73497,73497,24.05848757425944,36.38929348332541,Q1 (24.1-36.4 ppb),2.1666666666666665
791.375,Transplant,0.7104305822395014,Q1,Heart,Ozone,73497,73497,24.05848757425944,36.38929348332541,Q1 (24.1-36.4 ppb),2.1666666666666665
821.8125,Death/delisted too sick,0.1240696281890019,Q1,Heart,Ozone,73497,73497,24.05848757425944,36.38929348332541,Q1 (24.1-36.4 ppb),2.25
821.8125,Transplant,0.7140304536124372,Q1,Heart,Ozone,73497,73497,24.05848757425944,36.38929348332541,Q1 (24.1-36.4 ppb),2.25
852.25,Death/delisted too sick,0.1262555489763369,Q1,Heart,Ozone,73497,73497,24.05848757425944,36.38929348332541,Q1 (24.1-36.4 ppb),2.3333333333333335
852.25,Transplant,0.7184604160747396,Q1,Heart,Ozone,73497,73497,24.05848757425944,36.38929348332541,Q1 (24.1-36.4 ppb),2.3333333333333335
882.6875,Death/delisted too sick,0.12751509802544894,Q1,Heart,Ozone,73497,73497,24.05848757425944,36.38929348332541,Q1 (24.1-36.4 ppb),2.4166666666666665
882.6875,Transplant,0.7213797376155814,Q1,Heart,Ozone,73497,73497,24.05848757425944,36.38929348332541,Q1 (24.1-36.4 ppb),2.4166666666666665
913.125,Death/delisted too sick,0.12886089581348864,Q1,Heart,Ozone,73497,73497,24.05848757425944,36.38929348332541,Q1 (24.1-36.4 ppb),2.5
913.125,Transplant,0.7254482827016075,Q1,Heart,Ozone,73497,73497,24.05848757425944,36.38929348332541,Q1 (24.1-36.4 ppb),2.5
943.5625,Death/delisted too sick,0.13030589856418312,Q1,Heart,Ozone,73497,73497,24.05848757425944,36.38929348332541,Q1 (24.1-36.4 ppb),2.5833333333333335
943.5625,Transplant,0.7284199653391247,Q1,Heart,Ozone,73497,73497,24.05848757425944,36.38929348332541,Q1 (24.1-36.4 ppb),2.5833333333333335
974,Death/delisted too sick,0.13187118138007342,Q1,Heart,Ozone,73497,73497,24.05848757425944,36.38929348332541,Q1 (24.1-36.4 ppb),2.6666666666666665
974,Transplant,0.7321127802595212,Q1,Heart,Ozone,73497,73497,24.05848757425944,36.38929348332541,Q1 (24.1-36.4 ppb),2.6666666666666665
1004.4375,Death/delisted too sick,0.13294301265077402,Q1,Heart,Ozone,73497,73497,24.05848757425944,36.38929348332541,Q1 (24.1-36.4 ppb),2.75
1004.4375,Transplant,0.7336301361100948,Q1,Heart,Ozone,73497,73497,24.05848757425944,36.38929348332541,Q1 (24.1-36.4 ppb),2.75
1034.875,Death/delisted too sick,0.1337502401630268,Q1,Heart,Ozone,73497,73497,24.05848757425944,36.38929348332541,Q1 (24.1-36.4 ppb),2.8333333333333335
1034.875,Transplant,0.7354433313461641,Q1,Heart,Ozone,73497,73497,24.05848757425944,36.38929348332541,Q1 (24.1-36.4 ppb),2.8333333333333335
1065.3125,Death/delisted too sick,0.13514778203727873,Q1,Heart,Ozone,73497,73497,24.05848757425944,36.38929348332541,Q1 (24.1-36.4 ppb),2.9166666666666665
1065.3125,Transplant,0.7377645709063885,Q1,Heart,Ozone,73497,73497,24.05848757425944,36.38929348332541,Q1 (24.1-36.4 ppb),2.9166666666666665
1095.75,Death/delisted too sick,0.1361295548006086,Q1,Heart,Ozone,73497,73497,24.05848757425944,36.38929348332541,Q1 (24.1-36.4 ppb),3
1095.75,Transplant,0.7397494553928522,Q1,Heart,Ozone,73497,73497,24.05848757425944,36.38929348332541,Q1 (24.1-36.4 ppb),3
1126.1875,Death/delisted too sick,0.13723975834704777,Q1,Heart,Ozone,73497,73497,24.05848757425944,36.38929348332541,Q1 (24.1-36.4 ppb),3.0833333333333335
1126.1875,Transplant,0.7423655987161104,Q1,Heart,Ozone,73497,73497,24.05848757425944,36.38929348332541,Q1 (24.1-36.4 ppb),3.0833333333333335
1156.625,Death/delisted too sick,0.1377913825270088,Q1,Heart,Ozone,73497,73497,24.05848757425944,36.38929348332541,Q1 (24.1-36.4 ppb),3.1666666666666665
1156.625,Transplant,0.743607231496088,Q1,Heart,Ozone,73497,73497,24.05848757425944,36.38929348332541,Q1 (24.1-36.4 ppb),3.1666666666666665
1187.0625,Death/delisted too sick,0.13877865123340888,Q1,Heart,Ozone,73497,73497,24.05848757425944,36.38929348332541,Q1 (24.1-36.4 ppb),3.25
1187.0625,Transplant,0.7454465617202913,Q1,Heart,Ozone,73497,73497,24.05848757425944,36.38929348332541,Q1 (24.1-36.4 ppb),3.25
1217.5,Death/delisted too sick,0.13981804519394667,Q1,Heart,Ozone,73497,73497,24.05848757425944,36.38929348332541,Q1 (24.1-36.4 ppb),3.3333333333333335
1217.5,Transplant,0.7470033769051215,Q1,Heart,Ozone,73497,73497,24.05848757425944,36.38929348332541,Q1 (24.1-36.4 ppb),3.3333333333333335
1247.9375,Death/delisted too sick,0.14013017641880265,Q1,Heart,Ozone,73497,73497,24.05848757425944,36.38929348332541,Q1 (24.1-36.4 ppb),3.4166666666666665
1247.9375,Transplant,0.7501421169090591,Q1,Heart,Ozone,73497,73497,24.05848757425944,36.38929348332541,Q1 (24.1-36.4 ppb),3.4166666666666665
1278.375,Death/delisted too sick,0.1407196722371447,Q1,Heart,Ozone,73497,73497,24.05848757425944,36.38929348332541,Q1 (24.1-36.4 ppb),3.5
1278.375,Transplant,0.7527078947159906,Q1,Heart,Ozone,73497,73497,24.05848757425944,36.38929348332541,Q1 (24.1-36.4 ppb),3.5
1308.8125,Death/delisted too sick,0.14133400862675025,Q1,Heart,Ozone,73497,73497,24.05848757425944,36.38929348332541,Q1 (24.1-36.4 ppb),3.5833333333333335
1308.8125,Transplant,0.7552051685003796,Q1,Heart,Ozone,73497,73497,24.05848757425944,36.38929348332541,Q1 (24.1-36.4 ppb),3.5833333333333335
1339.25,Death/delisted too sick,0.14242616112278078,Q1,Heart,Ozone,73497,73497,24.05848757425944,36.38929348332541,Q1 (24.1-36.4 ppb),3.6666666666666665
1339.25,Transplant,0.7568426847876619,Q1,Heart,Ozone,73497,73497,24.05848757425944,36.38929348332541,Q1 (24.1-36.4 ppb),3.6666666666666665
1369.6875,Death/delisted too sick,0.14282070703210648,Q1,Heart,Ozone,73497,73497,24.05848757425944,36.38929348332541,Q1 (24.1-36.4 ppb),3.75
1369.6875,Transplant,0.7585023600285417,Q1,Heart,Ozone,73497,73497,24.05848757425944,36.38929348332541,Q1 (24.1-36.4 ppb),3.75
1400.125,Death/delisted too sick,0.1433772688882265,Q1,Heart,Ozone,73497,73497,24.05848757425944,36.38929348332541,Q1 (24.1-36.4 ppb),3.8333333333333335
1400.125,Transplant,0.7590034857585738,Q1,Heart,Ozone,73497,73497,24.05848757425944,36.38929348332541,Q1 (24.1-36.4 ppb),3.8333333333333335
1430.5625,Death/delisted too sick,0.14436572243029017,Q1,Heart,Ozone,73497,73497,24.05848757425944,36.38929348332541,Q1 (24.1-36.4 ppb),3.9166666666666665
1430.5625,Transplant,0.760925528437406,Q1,Heart,Ozone,73497,73497,24.05848757425944,36.38929348332541,Q1 (24.1-36.4 ppb),3.9166666666666665
1461,Death/delisted too sick,0.14623496208325928,Q1,Heart,Ozone,73497,73497,24.05848757425944,36.38929348332541,Q1 (24.1-36.4 ppb),4
1461,Transplant,0.7618513983855283,Q1,Heart,Ozone,73497,73497,24.05848757425944,36.38929348332541,Q1 (24.1-36.4 ppb),4
1491.4375,Death/delisted too sick,0.1469301395617623,Q1,Heart,Ozone,73497,73497,24.05848757425944,36.38929348332541,Q1 (24.1-36.4 ppb),4.083333333333333
1491.4375,Transplant,0.7634392201180923,Q1,Heart,Ozone,73497,73497,24.05848757425944,36.38929348332541,Q1 (24.1-36.4 ppb),4.083333333333333
1521.875,Death/delisted too sick,0.14728866531165608,Q1,Heart,Ozone,73497,73497,24.05848757425944,36.38929348332541,Q1 (24.1-36.4 ppb),4.166666666666667
1521.875,Transplant,0.763967553328487,Q1,Heart,Ozone,73497,73497,24.05848757425944,36.38929348332541,Q1 (24.1-36.4 ppb),4.166666666666667
1552.3125,Death/delisted too sick,0.1476925688951088,Q1,Heart,Ozone,73497,73497,24.05848757425944,36.38929348332541,Q1 (24.1-36.4 ppb),4.25
1552.3125,Transplant,0.7665605582359036,Q1,Heart,Ozone,73497,73497,24.05848757425944,36.38929348332541,Q1 (24.1-36.4 ppb),4.25
1582.75,Death/delisted too sick,0.14801441869637777,Q1,Heart,Ozone,73497,73497,24.05848757425944,36.38929348332541,Q1 (24.1-36.4 ppb),4.333333333333333
1582.75,Transplant,0.7682932592662016,Q1,Heart,Ozone,73497,73497,24.05848757425944,36.38929348332541,Q1 (24.1-36.4 ppb),4.333333333333333
1613.1875,Death/delisted too sick,0.14861496673134977,Q1,Heart,Ozone,73497,73497,24.05848757425944,36.38929348332541,Q1 (24.1-36.4 ppb),4.416666666666667
1613.1875,Transplant,0.7704351702608029,Q1,Heart,Ozone,73497,73497,24.05848757425944,36.38929348332541,Q1 (24.1-36.4 ppb),4.416666666666667
1643.625,Death/delisted too sick,0.14953750048737807,Q1,Heart,Ozone,73497,73497,24.05848757425944,36.38929348332541,Q1 (24.1-36.4 ppb),4.5
1643.625,Transplant,0.7718030475569374,Q1,Heart,Ozone,73497,73497,24.05848757425944,36.38929348332541,Q1 (24.1-36.4 ppb),4.5
1674.0625,Death/delisted too sick,0.15003271663644363,Q1,Heart,Ozone,73497,73497,24.05848757425944,36.38929348332541,Q1 (24.1-36.4 ppb),4.583333333333333
1674.0625,Transplant,0.7730037893027358,Q1,Heart,Ozone,73497,73497,24.05848757425944,36.38929348332541,Q1 (24.1-36.4 ppb),4.583333333333333
1704.5,Death/delisted too sick,0.15061994724331812,Q1,Heart,Ozone,73497,73497,24.05848757425944,36.38929348332541,Q1 (24.1-36.4 ppb),4.666666666666667
1704.5,Transplant,0.7737403846789171,Q1,Heart,Ozone,73497,73497,24.05848757425944,36.38929348332541,Q1 (24.1-36.4 ppb),4.666666666666667
1734.9375,Death/delisted too sick,0.15180551362925002,Q1,Heart,Ozone,73497,73497,24.05848757425944,36.38929348332541,Q1 (24.1-36.4 ppb),4.75
1734.9375,Transplant,0.7753099569747102,Q1,Heart,Ozone,73497,73497,24.05848757425944,36.38929348332541,Q1 (24.1-36.4 ppb),4.75
1765.375,Death/delisted too sick,0.15263726437974484,Q1,Heart,Ozone,73497,73497,24.05848757425944,36.38929348332541,Q1 (24.1-36.4 ppb),4.833333333333333
1765.375,Transplant,0.7770234575727719,Q1,Heart,Ozone,73497,73497,24.05848757425944,36.38929348332541,Q1 (24.1-36.4 ppb),4.833333333333333
1795.8125,Death/delisted too sick,0.15317273900322564,Q1,Heart,Ozone,73497,73497,24.05848757425944,36.38929348332541,Q1 (24.1-36.4 ppb),4.916666666666667
1795.8125,Transplant,0.7785178799243457,Q1,Heart,Ozone,73497,73497,24.05848757425944,36.38929348332541,Q1 (24.1-36.4 ppb),4.916666666666667
1826.25,Death/delisted too sick,0.15362336826711054,Q1,Heart,Ozone,73497,73497,24.05848757425944,36.38929348332541,Q1 (24.1-36.4 ppb),5
1826.25,Transplant,0.7793452285407085,Q1,Heart,Ozone,73497,73497,24.05848757425944,36.38929348332541,Q1 (24.1-36.4 ppb),5
0,Death/delisted too sick,0,Q2,Heart,Ozone,73497,73497,36.38929348332541,38.088097799391974,Q2 (36.4-38.1 ppb),0
0,Transplant,0,Q2,Heart,Ozone,73497,73497,36.38929348332541,38.088097799391974,Q2 (36.4-38.1 ppb),0
30.4375,Death/delisted too sick,0.03328252328917252,Q2,Heart,Ozone,73497,73497,36.38929348332541,38.088097799391974,Q2 (36.4-38.1 ppb),0.08333333333333333
30.4375,Transplant,0.23835774831947693,Q2,Heart,Ozone,73497,73497,36.38929348332541,38.088097799391974,Q2 (36.4-38.1 ppb),0.08333333333333333
60.875,Death/delisted too sick,0.05111411333879702,Q2,Heart,Ozone,73497,73497,36.38929348332541,38.088097799391974,Q2 (36.4-38.1 ppb),0.16666666666666666
60.875,Transplant,0.3367960623334032,Q2,Heart,Ozone,73497,73497,36.38929348332541,38.088097799391974,Q2 (36.4-38.1 ppb),0.16666666666666666
91.3125,Death/delisted too sick,0.062215753846690584,Q2,Heart,Ozone,73497,73497,36.38929348332541,38.088097799391974,Q2 (36.4-38.1 ppb),0.25
91.3125,Transplant,0.402952011972457,Q2,Heart,Ozone,73497,73497,36.38929348332541,38.088097799391974,Q2 (36.4-38.1 ppb),0.25
121.75,Death/delisted too sick,0.06936420367781913,Q2,Heart,Ozone,73497,73497,36.38929348332541,38.088097799391974,Q2 (36.4-38.1 ppb),0.3333333333333333
121.75,Transplant,0.449794463047891,Q2,Heart,Ozone,73497,73497,36.38929348332541,38.088097799391974,Q2 (36.4-38.1 ppb),0.3333333333333333
152.1875,Death/delisted too sick,0.07722606307666056,Q2,Heart,Ozone,73497,73497,36.38929348332541,38.088097799391974,Q2 (36.4-38.1 ppb),0.4166666666666667
152.1875,Transplant,0.483634082785742,Q2,Heart,Ozone,73497,73497,36.38929348332541,38.088097799391974,Q2 (36.4-38.1 ppb),0.4166666666666667
182.625,Death/delisted too sick,0.0834575585858469,Q2,Heart,Ozone,73497,73497,36.38929348332541,38.088097799391974,Q2 (36.4-38.1 ppb),0.5
182.625,Transplant,0.5099307858681748,Q2,Heart,Ozone,73497,73497,36.38929348332541,38.088097799391974,Q2 (36.4-38.1 ppb),0.5
213.0625,Death/delisted too sick,0.0879777077498237,Q2,Heart,Ozone,73497,73497,36.38929348332541,38.088097799391974,Q2 (36.4-38.1 ppb),0.5833333333333334
213.0625,Transplant,0.5352925670890812,Q2,Heart,Ozone,73497,73497,36.38929348332541,38.088097799391974,Q2 (36.4-38.1 ppb),0.5833333333333334
243.5,Death/delisted too sick,0.09115726497183149,Q2,Heart,Ozone,73497,73497,36.38929348332541,38.088097799391974,Q2 (36.4-38.1 ppb),0.6666666666666666
243.5,Transplant,0.5539937729399044,Q2,Heart,Ozone,73497,73497,36.38929348332541,38.088097799391974,Q2 (36.4-38.1 ppb),0.6666666666666666
273.9375,Death/delisted too sick,0.09435849982047559,Q2,Heart,Ozone,73497,73497,36.38929348332541,38.088097799391974,Q2 (36.4-38.1 ppb),0.75
273.9375,Transplant,0.5725854911390481,Q2,Heart,Ozone,73497,73497,36.38929348332541,38.088097799391974,Q2 (36.4-38.1 ppb),0.75
304.375,Death/delisted too sick,0.09729958413378825,Q2,Heart,Ozone,73497,73497,36.38929348332541,38.088097799391974,Q2 (36.4-38.1 ppb),0.8333333333333334
304.375,Transplant,0.5904607455092891,Q2,Heart,Ozone,73497,73497,36.38929348332541,38.088097799391974,Q2 (36.4-38.1 ppb),0.8333333333333334
334.8125,Death/delisted too sick,0.09913666660453117,Q2,Heart,Ozone,73497,73497,36.38929348332541,38.088097799391974,Q2 (36.4-38.1 ppb),0.9166666666666666
334.8125,Transplant,0.6038811838622307,Q2,Heart,Ozone,73497,73497,36.38929348332541,38.088097799391974,Q2 (36.4-38.1 ppb),0.9166666666666666
365.25,Death/delisted too sick,0.10122974369601802,Q2,Heart,Ozone,73497,73497,36.38929348332541,38.088097799391974,Q2 (36.4-38.1 ppb),1
365.25,Transplant,0.6161902054108532,Q2,Heart,Ozone,73497,73497,36.38929348332541,38.088097799391974,Q2 (36.4-38.1 ppb),1
395.6875,Death/delisted too sick,0.10369528126991692,Q2,Heart,Ozone,73497,73497,36.38929348332541,38.088097799391974,Q2 (36.4-38.1 ppb),1.0833333333333333
395.6875,Transplant,0.6254313441304795,Q2,Heart,Ozone,73497,73497,36.38929348332541,38.088097799391974,Q2 (36.4-38.1 ppb),1.0833333333333333
426.125,Death/delisted too sick,0.10563928352631248,Q2,Heart,Ozone,73497,73497,36.38929348332541,38.088097799391974,Q2 (36.4-38.1 ppb),1.1666666666666667
426.125,Transplant,0.6344688013905828,Q2,Heart,Ozone,73497,73497,36.38929348332541,38.088097799391974,Q2 (36.4-38.1 ppb),1.1666666666666667
456.5625,Death/delisted too sick,0.10778594520233924,Q2,Heart,Ozone,73497,73497,36.38929348332541,38.088097799391974,Q2 (36.4-38.1 ppb),1.25
456.5625,Transplant,0.6426876304590853,Q2,Heart,Ozone,73497,73497,36.38929348332541,38.088097799391974,Q2 (36.4-38.1 ppb),1.25
487,Death/delisted too sick,0.10916475365816876,Q2,Heart,Ozone,73497,73497,36.38929348332541,38.088097799391974,Q2 (36.4-38.1 ppb),1.3333333333333333
487,Transplant,0.6508833169525162,Q2,Heart,Ozone,73497,73497,36.38929348332541,38.088097799391974,Q2 (36.4-38.1 ppb),1.3333333333333333
517.4375,Death/delisted too sick,0.11129897845112477,Q2,Heart,Ozone,73497,73497,36.38929348332541,38.088097799391974,Q2 (36.4-38.1 ppb),1.4166666666666667
517.4375,Transplant,0.6586885576343066,Q2,Heart,Ozone,73497,73497,36.38929348332541,38.088097799391974,Q2 (36.4-38.1 ppb),1.4166666666666667
547.875,Death/delisted too sick,0.1135527452768142,Q2,Heart,Ozone,73497,73497,36.38929348332541,38.088097799391974,Q2 (36.4-38.1 ppb),1.5
547.875,Transplant,0.6657827151445074,Q2,Heart,Ozone,73497,73497,36.38929348332541,38.088097799391974,Q2 (36.4-38.1 ppb),1.5
578.3125,Death/delisted too sick,0.11502795240735253,Q2,Heart,Ozone,73497,73497,36.38929348332541,38.088097799391974,Q2 (36.4-38.1 ppb),1.5833333333333333
578.3125,Transplant,0.6704876169647479,Q2,Heart,Ozone,73497,73497,36.38929348332541,38.088097799391974,Q2 (36.4-38.1 ppb),1.5833333333333333
608.75,Death/delisted too sick,0.11685228892959926,Q2,Heart,Ozone,73497,73497,36.38929348332541,38.088097799391974,Q2 (36.4-38.1 ppb),1.6666666666666667
608.75,Transplant,0.677568109538339,Q2,Heart,Ozone,73497,73497,36.38929348332541,38.088097799391974,Q2 (36.4-38.1 ppb),1.6666666666666667
639.1875,Death/delisted too sick,0.11885756062271718,Q2,Heart,Ozone,73497,73497,36.38929348332541,38.088097799391974,Q2 (36.4-38.1 ppb),1.75
639.1875,Transplant,0.6826845747771655,Q2,Heart,Ozone,73497,73497,36.38929348332541,38.088097799391974,Q2 (36.4-38.1 ppb),1.75
669.625,Death/delisted too sick,0.12088826938892691,Q2,Heart,Ozone,73497,73497,36.38929348332541,38.088097799391974,Q2 (36.4-38.1 ppb),1.8333333333333333
669.625,Transplant,0.6889981725930837,Q2,Heart,Ozone,73497,73497,36.38929348332541,38.088097799391974,Q2 (36.4-38.1 ppb),1.8333333333333333
700.0625,Death/delisted too sick,0.12225210248551958,Q2,Heart,Ozone,73497,73497,36.38929348332541,38.088097799391974,Q2 (36.4-38.1 ppb),1.9166666666666667
700.0625,Transplant,0.6938337027816143,Q2,Heart,Ozone,73497,73497,36.38929348332541,38.088097799391974,Q2 (36.4-38.1 ppb),1.9166666666666667
730.5,Death/delisted too sick,0.12314840076358079,Q2,Heart,Ozone,73497,73497,36.38929348332541,38.088097799391974,Q2 (36.4-38.1 ppb),2
730.5,Transplant,0.6980692989504954,Q2,Heart,Ozone,73497,73497,36.38929348332541,38.088097799391974,Q2 (36.4-38.1 ppb),2
760.9375,Death/delisted too sick,0.12424539276330228,Q2,Heart,Ozone,73497,73497,36.38929348332541,38.088097799391974,Q2 (36.4-38.1 ppb),2.0833333333333335
760.9375,Transplant,0.7020986563142124,Q2,Heart,Ozone,73497,73497,36.38929348332541,38.088097799391974,Q2 (36.4-38.1 ppb),2.0833333333333335
791.375,Death/delisted too sick,0.1251952601574006,Q2,Heart,Ozone,73497,73497,36.38929348332541,38.088097799391974,Q2 (36.4-38.1 ppb),2.1666666666666665
791.375,Transplant,0.7077958572578344,Q2,Heart,Ozone,73497,73497,36.38929348332541,38.088097799391974,Q2 (36.4-38.1 ppb),2.1666666666666665
821.8125,Death/delisted too sick,0.1269596004689317,Q2,Heart,Ozone,73497,73497,36.38929348332541,38.088097799391974,Q2 (36.4-38.1 ppb),2.25
821.8125,Transplant,0.7125350658222873,Q2,Heart,Ozone,73497,73497,36.38929348332541,38.088097799391974,Q2 (36.4-38.1 ppb),2.25
852.25,Death/delisted too sick,0.12885081548816746,Q2,Heart,Ozone,73497,73497,36.38929348332541,38.088097799391974,Q2 (36.4-38.1 ppb),2.3333333333333335
852.25,Transplant,0.718158913583132,Q2,Heart,Ozone,73497,73497,36.38929348332541,38.088097799391974,Q2 (36.4-38.1 ppb),2.3333333333333335
882.6875,Death/delisted too sick,0.12982017737849513,Q2,Heart,Ozone,73497,73497,36.38929348332541,38.088097799391974,Q2 (36.4-38.1 ppb),2.4166666666666665
882.6875,Transplant,0.7209699318665358,Q2,Heart,Ozone,73497,73497,36.38929348332541,38.088097799391974,Q2 (36.4-38.1 ppb),2.4166666666666665
913.125,Death/delisted too sick,0.1308032597540584,Q2,Heart,Ozone,73497,73497,36.38929348332541,38.088097799391974,Q2 (36.4-38.1 ppb),2.5
913.125,Transplant,0.7239087098738964,Q2,Heart,Ozone,73497,73497,36.38929348332541,38.088097799391974,Q2 (36.4-38.1 ppb),2.5
943.5625,Death/delisted too sick,0.13143765606319405,Q2,Heart,Ozone,73497,73497,36.38929348332541,38.088097799391974,Q2 (36.4-38.1 ppb),2.5833333333333335
943.5625,Transplant,0.7273356313009908,Q2,Heart,Ozone,73497,73497,36.38929348332541,38.088097799391974,Q2 (36.4-38.1 ppb),2.5833333333333335
974,Death/delisted too sick,0.13227846790134357,Q2,Heart,Ozone,73497,73497,36.38929348332541,38.088097799391974,Q2 (36.4-38.1 ppb),2.6666666666666665
974,Transplant,0.7296383463116098,Q2,Heart,Ozone,73497,73497,36.38929348332541,38.088097799391974,Q2 (36.4-38.1 ppb),2.6666666666666665
1004.4375,Death/delisted too sick,0.13326291392595765,Q2,Heart,Ozone,73497,73497,36.38929348332541,38.088097799391974,Q2 (36.4-38.1 ppb),2.75
1004.4375,Transplant,0.7326539707632045,Q2,Heart,Ozone,73497,73497,36.38929348332541,38.088097799391974,Q2 (36.4-38.1 ppb),2.75
1034.875,Death/delisted too sick,0.13444518440381822,Q2,Heart,Ozone,73497,73497,36.38929348332541,38.088097799391974,Q2 (36.4-38.1 ppb),2.8333333333333335
1034.875,Transplant,0.7353937556740018,Q2,Heart,Ozone,73497,73497,36.38929348332541,38.088097799391974,Q2 (36.4-38.1 ppb),2.8333333333333335
1065.3125,Death/delisted too sick,0.13539689362192509,Q2,Heart,Ozone,73497,73497,36.38929348332541,38.088097799391974,Q2 (36.4-38.1 ppb),2.9166666666666665
1065.3125,Transplant,0.7388345051891995,Q2,Heart,Ozone,73497,73497,36.38929348332541,38.088097799391974,Q2 (36.4-38.1 ppb),2.9166666666666665
1095.75,Death/delisted too sick,0.13589090009668114,Q2,Heart,Ozone,73497,73497,36.38929348332541,38.088097799391974,Q2 (36.4-38.1 ppb),3
1095.75,Transplant,0.7416174924015292,Q2,Heart,Ozone,73497,73497,36.38929348332541,38.088097799391974,Q2 (36.4-38.1 ppb),3
1126.1875,Death/delisted too sick,0.1372641288286144,Q2,Heart,Ozone,73497,73497,36.38929348332541,38.088097799391974,Q2 (36.4-38.1 ppb),3.0833333333333335
1126.1875,Transplant,0.7447913116010025,Q2,Heart,Ozone,73497,73497,36.38929348332541,38.088097799391974,Q2 (36.4-38.1 ppb),3.0833333333333335
1156.625,Death/delisted too sick,0.13825420181187204,Q2,Heart,Ozone,73497,73497,36.38929348332541,38.088097799391974,Q2 (36.4-38.1 ppb),3.1666666666666665
1156.625,Transplant,0.7477070606276112,Q2,Heart,Ozone,73497,73497,36.38929348332541,38.088097799391974,Q2 (36.4-38.1 ppb),3.1666666666666665
1187.0625,Death/delisted too sick,0.13975419545750703,Q2,Heart,Ozone,73497,73497,36.38929348332541,38.088097799391974,Q2 (36.4-38.1 ppb),3.25
1187.0625,Transplant,0.7490541641947208,Q2,Heart,Ozone,73497,73497,36.38929348332541,38.088097799391974,Q2 (36.4-38.1 ppb),3.25
1217.5,Death/delisted too sick,0.14113658503621382,Q2,Heart,Ozone,73497,73497,36.38929348332541,38.088097799391974,Q2 (36.4-38.1 ppb),3.3333333333333335
1217.5,Transplant,0.7517053066835934,Q2,Heart,Ozone,73497,73497,36.38929348332541,38.088097799391974,Q2 (36.4-38.1 ppb),3.3333333333333335
1247.9375,Death/delisted too sick,0.14296024721621206,Q2,Heart,Ozone,73497,73497,36.38929348332541,38.088097799391974,Q2 (36.4-38.1 ppb),3.4166666666666665
1247.9375,Transplant,0.7535098406077476,Q2,Heart,Ozone,73497,73497,36.38929348332541,38.088097799391974,Q2 (36.4-38.1 ppb),3.4166666666666665
1278.375,Death/delisted too sick,0.1441319386811043,Q2,Heart,Ozone,73497,73497,36.38929348332541,38.088097799391974,Q2 (36.4-38.1 ppb),3.5
1278.375,Transplant,0.7552895262836891,Q2,Heart,Ozone,73497,73497,36.38929348332541,38.088097799391974,Q2 (36.4-38.1 ppb),3.5
1308.8125,Death/delisted too sick,0.14573483047092564,Q2,Heart,Ozone,73497,73497,36.38929348332541,38.088097799391974,Q2 (36.4-38.1 ppb),3.5833333333333335
1308.8125,Transplant,0.7566708029336555,Q2,Heart,Ozone,73497,73497,36.38929348332541,38.088097799391974,Q2 (36.4-38.1 ppb),3.5833333333333335
1339.25,Death/delisted too sick,0.1465994920825223,Q2,Heart,Ozone,73497,73497,36.38929348332541,38.088097799391974,Q2 (36.4-38.1 ppb),3.6666666666666665
1339.25,Transplant,0.7578145903432311,Q2,Heart,Ozone,73497,73497,36.38929348332541,38.088097799391974,Q2 (36.4-38.1 ppb),3.6666666666666665
1369.6875,Death/delisted too sick,0.14758103602894235,Q2,Heart,Ozone,73497,73497,36.38929348332541,38.088097799391974,Q2 (36.4-38.1 ppb),3.75
1369.6875,Transplant,0.7596606924229952,Q2,Heart,Ozone,73497,73497,36.38929348332541,38.088097799391974,Q2 (36.4-38.1 ppb),3.75
1400.125,Death/delisted too sick,0.1478840115480686,Q2,Heart,Ozone,73497,73497,36.38929348332541,38.088097799391974,Q2 (36.4-38.1 ppb),3.8333333333333335
1400.125,Transplant,0.7608389917255716,Q2,Heart,Ozone,73497,73497,36.38929348332541,38.088097799391974,Q2 (36.4-38.1 ppb),3.8333333333333335
1430.5625,Death/delisted too sick,0.14928270413158964,Q2,Heart,Ozone,73497,73497,36.38929348332541,38.088097799391974,Q2 (36.4-38.1 ppb),3.9166666666666665
1430.5625,Transplant,0.761859572813396,Q2,Heart,Ozone,73497,73497,36.38929348332541,38.088097799391974,Q2 (36.4-38.1 ppb),3.9166666666666665
1461,Death/delisted too sick,0.15016752427749644,Q2,Heart,Ozone,73497,73497,36.38929348332541,38.088097799391974,Q2 (36.4-38.1 ppb),4
1461,Transplant,0.7635383062714459,Q2,Heart,Ozone,73497,73497,36.38929348332541,38.088097799391974,Q2 (36.4-38.1 ppb),4
1491.4375,Death/delisted too sick,0.15065096472788275,Q2,Heart,Ozone,73497,73497,36.38929348332541,38.088097799391974,Q2 (36.4-38.1 ppb),4.083333333333333
1491.4375,Transplant,0.764558913170998,Q2,Heart,Ozone,73497,73497,36.38929348332541,38.088097799391974,Q2 (36.4-38.1 ppb),4.083333333333333
1521.875,Death/delisted too sick,0.1514445388206599,Q2,Heart,Ozone,73497,73497,36.38929348332541,38.088097799391974,Q2 (36.4-38.1 ppb),4.166666666666667
1521.875,Transplant,0.7654386651608343,Q2,Heart,Ozone,73497,73497,36.38929348332541,38.088097799391974,Q2 (36.4-38.1 ppb),4.166666666666667
1552.3125,Death/delisted too sick,0.15206858649560595,Q2,Heart,Ozone,73497,73497,36.38929348332541,38.088097799391974,Q2 (36.4-38.1 ppb),4.25
1552.3125,Transplant,0.7665184211616259,Q2,Heart,Ozone,73497,73497,36.38929348332541,38.088097799391974,Q2 (36.4-38.1 ppb),4.25
1582.75,Death/delisted too sick,0.15307717537269072,Q2,Heart,Ozone,73497,73497,36.38929348332541,38.088097799391974,Q2 (36.4-38.1 ppb),4.333333333333333
1582.75,Transplant,0.7680665307090498,Q2,Heart,Ozone,73497,73497,36.38929348332541,38.088097799391974,Q2 (36.4-38.1 ppb),4.333333333333333
1613.1875,Death/delisted too sick,0.15307717537269072,Q2,Heart,Ozone,73497,73497,36.38929348332541,38.088097799391974,Q2 (36.4-38.1 ppb),4.416666666666667
1613.1875,Transplant,0.7705124618558065,Q2,Heart,Ozone,73497,73497,36.38929348332541,38.088097799391974,Q2 (36.4-38.1 ppb),4.416666666666667
1643.625,Death/delisted too sick,0.15384648353775934,Q2,Heart,Ozone,73497,73497,36.38929348332541,38.088097799391974,Q2 (36.4-38.1 ppb),4.5
1643.625,Transplant,0.7721955575970592,Q2,Heart,Ozone,73497,73497,36.38929348332541,38.088097799391974,Q2 (36.4-38.1 ppb),4.5
1674.0625,Death/delisted too sick,0.155102473698851,Q2,Heart,Ozone,73497,73497,36.38929348332541,38.088097799391974,Q2 (36.4-38.1 ppb),4.583333333333333
1674.0625,Transplant,0.7736258745943101,Q2,Heart,Ozone,73497,73497,36.38929348332541,38.088097799391974,Q2 (36.4-38.1 ppb),4.583333333333333
1704.5,Death/delisted too sick,0.15548719200037814,Q2,Heart,Ozone,73497,73497,36.38929348332541,38.088097799391974,Q2 (36.4-38.1 ppb),4.666666666666667
1704.5,Transplant,0.7742378697148183,Q2,Heart,Ozone,73497,73497,36.38929348332541,38.088097799391974,Q2 (36.4-38.1 ppb),4.666666666666667
1734.9375,Death/delisted too sick,0.15611051924109495,Q2,Heart,Ozone,73497,73497,36.38929348332541,38.088097799391974,Q2 (36.4-38.1 ppb),4.75
1734.9375,Transplant,0.7751178716335109,Q2,Heart,Ozone,73497,73497,36.38929348332541,38.088097799391974,Q2 (36.4-38.1 ppb),4.75
1765.375,Death/delisted too sick,0.15723985398691231,Q2,Heart,Ozone,73497,73497,36.38929348332541,38.088097799391974,Q2 (36.4-38.1 ppb),4.833333333333333
1765.375,Transplant,0.775949444540377,Q2,Heart,Ozone,73497,73497,36.38929348332541,38.088097799391974,Q2 (36.4-38.1 ppb),4.833333333333333
1795.8125,Death/delisted too sick,0.157683588822293,Q2,Heart,Ozone,73497,73497,36.38929348332541,38.088097799391974,Q2 (36.4-38.1 ppb),4.916666666666667
1795.8125,Transplant,0.7775426679172067,Q2,Heart,Ozone,73497,73497,36.38929348332541,38.088097799391974,Q2 (36.4-38.1 ppb),4.916666666666667
1826.25,Death/delisted too sick,0.15801017352345967,Q2,Heart,Ozone,73497,73497,36.38929348332541,38.088097799391974,Q2 (36.4-38.1 ppb),5
1826.25,Transplant,0.7791547304625263,Q2,Heart,Ozone,73497,73497,36.38929348332541,38.088097799391974,Q2 (36.4-38.1 ppb),5
0,Death/delisted too sick,0,Q3,Heart,Ozone,73497,73497,38.088097799391974,40.248315239070216,Q3 (38.1-40.2 ppb),0
0,Transplant,0,Q3,Heart,Ozone,73497,73497,38.088097799391974,40.248315239070216,Q3 (38.1-40.2 ppb),0
30.4375,Death/delisted too sick,0.03616137723718906,Q3,Heart,Ozone,73497,73497,38.088097799391974,40.248315239070216,Q3 (38.1-40.2 ppb),0.08333333333333333
30.4375,Transplant,0.26113132879430845,Q3,Heart,Ozone,73497,73497,38.088097799391974,40.248315239070216,Q3 (38.1-40.2 ppb),0.08333333333333333
60.875,Death/delisted too sick,0.05596767913632482,Q3,Heart,Ozone,73497,73497,38.088097799391974,40.248315239070216,Q3 (38.1-40.2 ppb),0.16666666666666666
60.875,Transplant,0.3636711052295829,Q3,Heart,Ozone,73497,73497,38.088097799391974,40.248315239070216,Q3 (38.1-40.2 ppb),0.16666666666666666
91.3125,Death/delisted too sick,0.06683306192396854,Q3,Heart,Ozone,73497,73497,38.088097799391974,40.248315239070216,Q3 (38.1-40.2 ppb),0.25
91.3125,Transplant,0.42485092307896427,Q3,Heart,Ozone,73497,73497,38.088097799391974,40.248315239070216,Q3 (38.1-40.2 ppb),0.25
121.75,Death/delisted too sick,0.07567420377868263,Q3,Heart,Ozone,73497,73497,38.088097799391974,40.248315239070216,Q3 (38.1-40.2 ppb),0.3333333333333333
121.75,Transplant,0.4672866601974441,Q3,Heart,Ozone,73497,73497,38.088097799391974,40.248315239070216,Q3 (38.1-40.2 ppb),0.3333333333333333
152.1875,Death/delisted too sick,0.08195577595077494,Q3,Heart,Ozone,73497,73497,38.088097799391974,40.248315239070216,Q3 (38.1-40.2 ppb),0.4166666666666667
152.1875,Transplant,0.501506843808934,Q3,Heart,Ozone,73497,73497,38.088097799391974,40.248315239070216,Q3 (38.1-40.2 ppb),0.4166666666666667
182.625,Death/delisted too sick,0.08750872922363166,Q3,Heart,Ozone,73497,73497,38.088097799391974,40.248315239070216,Q3 (38.1-40.2 ppb),0.5
182.625,Transplant,0.5303384865931469,Q3,Heart,Ozone,73497,73497,38.088097799391974,40.248315239070216,Q3 (38.1-40.2 ppb),0.5
213.0625,Death/delisted too sick,0.09123814767404763,Q3,Heart,Ozone,73497,73497,38.088097799391974,40.248315239070216,Q3 (38.1-40.2 ppb),0.5833333333333334
213.0625,Transplant,0.5551756089909637,Q3,Heart,Ozone,73497,73497,38.088097799391974,40.248315239070216,Q3 (38.1-40.2 ppb),0.5833333333333334
243.5,Death/delisted too sick,0.09504017905631029,Q3,Heart,Ozone,73497,73497,38.088097799391974,40.248315239070216,Q3 (38.1-40.2 ppb),0.6666666666666666
243.5,Transplant,0.5751598094840462,Q3,Heart,Ozone,73497,73497,38.088097799391974,40.248315239070216,Q3 (38.1-40.2 ppb),0.6666666666666666
273.9375,Death/delisted too sick,0.09920240566520652,Q3,Heart,Ozone,73497,73497,38.088097799391974,40.248315239070216,Q3 (38.1-40.2 ppb),0.75
273.9375,Transplant,0.5927049262190682,Q3,Heart,Ozone,73497,73497,38.088097799391974,40.248315239070216,Q3 (38.1-40.2 ppb),0.75
304.375,Death/delisted too sick,0.10302860669785131,Q3,Heart,Ozone,73497,73497,38.088097799391974,40.248315239070216,Q3 (38.1-40.2 ppb),0.8333333333333334
304.375,Transplant,0.6072022047539135,Q3,Heart,Ozone,73497,73497,38.088097799391974,40.248315239070216,Q3 (38.1-40.2 ppb),0.8333333333333334
334.8125,Death/delisted too sick,0.10585929161683362,Q3,Heart,Ozone,73497,73497,38.088097799391974,40.248315239070216,Q3 (38.1-40.2 ppb),0.9166666666666666
334.8125,Transplant,0.6215113294004848,Q3,Heart,Ozone,73497,73497,38.088097799391974,40.248315239070216,Q3 (38.1-40.2 ppb),0.9166666666666666
365.25,Death/delisted too sick,0.11021301061831794,Q3,Heart,Ozone,73497,73497,38.088097799391974,40.248315239070216,Q3 (38.1-40.2 ppb),1
365.25,Transplant,0.6341213599002403,Q3,Heart,Ozone,73497,73497,38.088097799391974,40.248315239070216,Q3 (38.1-40.2 ppb),1
395.6875,Death/delisted too sick,0.11311438128557719,Q3,Heart,Ozone,73497,73497,38.088097799391974,40.248315239070216,Q3 (38.1-40.2 ppb),1.0833333333333333
395.6875,Transplant,0.6432937618861271,Q3,Heart,Ozone,73497,73497,38.088097799391974,40.248315239070216,Q3 (38.1-40.2 ppb),1.0833333333333333
426.125,Death/delisted too sick,0.11537663705610907,Q3,Heart,Ozone,73497,73497,38.088097799391974,40.248315239070216,Q3 (38.1-40.2 ppb),1.1666666666666667
426.125,Transplant,0.6538021464909266,Q3,Heart,Ozone,73497,73497,38.088097799391974,40.248315239070216,Q3 (38.1-40.2 ppb),1.1666666666666667
456.5625,Death/delisted too sick,0.11689348180005335,Q3,Heart,Ozone,73497,73497,38.088097799391974,40.248315239070216,Q3 (38.1-40.2 ppb),1.25
456.5625,Transplant,0.6618720304702886,Q3,Heart,Ozone,73497,73497,38.088097799391974,40.248315239070216,Q3 (38.1-40.2 ppb),1.25
487,Death/delisted too sick,0.11837175291389422,Q3,Heart,Ozone,73497,73497,38.088097799391974,40.248315239070216,Q3 (38.1-40.2 ppb),1.3333333333333333
487,Transplant,0.6707032142798138,Q3,Heart,Ozone,73497,73497,38.088097799391974,40.248315239070216,Q3 (38.1-40.2 ppb),1.3333333333333333
517.4375,Death/delisted too sick,0.12020558568551996,Q3,Heart,Ozone,73497,73497,38.088097799391974,40.248315239070216,Q3 (38.1-40.2 ppb),1.4166666666666667
517.4375,Transplant,0.6781643436145329,Q3,Heart,Ozone,73497,73497,38.088097799391974,40.248315239070216,Q3 (38.1-40.2 ppb),1.4166666666666667
547.875,Death/delisted too sick,0.12165722929464011,Q3,Heart,Ozone,73497,73497,38.088097799391974,40.248315239070216,Q3 (38.1-40.2 ppb),1.5
547.875,Transplant,0.685240463751732,Q3,Heart,Ozone,73497,73497,38.088097799391974,40.248315239070216,Q3 (38.1-40.2 ppb),1.5
578.3125,Death/delisted too sick,0.12329389957604268,Q3,Heart,Ozone,73497,73497,38.088097799391974,40.248315239070216,Q3 (38.1-40.2 ppb),1.5833333333333333
578.3125,Transplant,0.6910202077938156,Q3,Heart,Ozone,73497,73497,38.088097799391974,40.248315239070216,Q3 (38.1-40.2 ppb),1.5833333333333333
608.75,Death/delisted too sick,0.12483701574181269,Q3,Heart,Ozone,73497,73497,38.088097799391974,40.248315239070216,Q3 (38.1-40.2 ppb),1.6666666666666667
608.75,Transplant,0.695818136242391,Q3,Heart,Ozone,73497,73497,38.088097799391974,40.248315239070216,Q3 (38.1-40.2 ppb),1.6666666666666667
639.1875,Death/delisted too sick,0.12633708782937045,Q3,Heart,Ozone,73497,73497,38.088097799391974,40.248315239070216,Q3 (38.1-40.2 ppb),1.75
639.1875,Transplant,0.7010363019080119,Q3,Heart,Ozone,73497,73497,38.088097799391974,40.248315239070216,Q3 (38.1-40.2 ppb),1.75
669.625,Death/delisted too sick,0.1272897320679255,Q3,Heart,Ozone,73497,73497,38.088097799391974,40.248315239070216,Q3 (38.1-40.2 ppb),1.8333333333333333
669.625,Transplant,0.7060454730856883,Q3,Heart,Ozone,73497,73497,38.088097799391974,40.248315239070216,Q3 (38.1-40.2 ppb),1.8333333333333333
700.0625,Death/delisted too sick,0.1292680577104618,Q3,Heart,Ozone,73497,73497,38.088097799391974,40.248315239070216,Q3 (38.1-40.2 ppb),1.9166666666666667
700.0625,Transplant,0.7108623243701269,Q3,Heart,Ozone,73497,73497,38.088097799391974,40.248315239070216,Q3 (38.1-40.2 ppb),1.9166666666666667
730.5,Death/delisted too sick,0.13041207987100706,Q3,Heart,Ozone,73497,73497,38.088097799391974,40.248315239070216,Q3 (38.1-40.2 ppb),2
730.5,Transplant,0.7151618524580718,Q3,Heart,Ozone,73497,73497,38.088097799391974,40.248315239070216,Q3 (38.1-40.2 ppb),2
760.9375,Death/delisted too sick,0.13207953829884247,Q3,Heart,Ozone,73497,73497,38.088097799391974,40.248315239070216,Q3 (38.1-40.2 ppb),2.0833333333333335
760.9375,Transplant,0.7206243851457592,Q3,Heart,Ozone,73497,73497,38.088097799391974,40.248315239070216,Q3 (38.1-40.2 ppb),2.0833333333333335
791.375,Death/delisted too sick,0.13308226694433917,Q3,Heart,Ozone,73497,73497,38.088097799391974,40.248315239070216,Q3 (38.1-40.2 ppb),2.1666666666666665
791.375,Transplant,0.7245276716010819,Q3,Heart,Ozone,73497,73497,38.088097799391974,40.248315239070216,Q3 (38.1-40.2 ppb),2.1666666666666665
821.8125,Death/delisted too sick,0.13504821042185286,Q3,Heart,Ozone,73497,73497,38.088097799391974,40.248315239070216,Q3 (38.1-40.2 ppb),2.25
821.8125,Transplant,0.7286232311061234,Q3,Heart,Ozone,73497,73497,38.088097799391974,40.248315239070216,Q3 (38.1-40.2 ppb),2.25
852.25,Death/delisted too sick,0.13617884004972433,Q3,Heart,Ozone,73497,73497,38.088097799391974,40.248315239070216,Q3 (38.1-40.2 ppb),2.3333333333333335
852.25,Transplant,0.731769856141715,Q3,Heart,Ozone,73497,73497,38.088097799391974,40.248315239070216,Q3 (38.1-40.2 ppb),2.3333333333333335
882.6875,Death/delisted too sick,0.13763444965203667,Q3,Heart,Ozone,73497,73497,38.088097799391974,40.248315239070216,Q3 (38.1-40.2 ppb),2.4166666666666665
882.6875,Transplant,0.7355522270550855,Q3,Heart,Ozone,73497,73497,38.088097799391974,40.248315239070216,Q3 (38.1-40.2 ppb),2.4166666666666665
913.125,Death/delisted too sick,0.13892916473523134,Q3,Heart,Ozone,73497,73497,38.088097799391974,40.248315239070216,Q3 (38.1-40.2 ppb),2.5
913.125,Transplant,0.7376102487612051,Q3,Heart,Ozone,73497,73497,38.088097799391974,40.248315239070216,Q3 (38.1-40.2 ppb),2.5
943.5625,Death/delisted too sick,0.1399008430343629,Q3,Heart,Ozone,73497,73497,38.088097799391974,40.248315239070216,Q3 (38.1-40.2 ppb),2.5833333333333335
943.5625,Transplant,0.7399928161562231,Q3,Heart,Ozone,73497,73497,38.088097799391974,40.248315239070216,Q3 (38.1-40.2 ppb),2.5833333333333335
974,Death/delisted too sick,0.1413303711206455,Q3,Heart,Ozone,73497,73497,38.088097799391974,40.248315239070216,Q3 (38.1-40.2 ppb),2.6666666666666665
974,Transplant,0.7418700779761589,Q3,Heart,Ozone,73497,73497,38.088097799391974,40.248315239070216,Q3 (38.1-40.2 ppb),2.6666666666666665
1004.4375,Death/delisted too sick,0.1416986598269359,Q3,Heart,Ozone,73497,73497,38.088097799391974,40.248315239070216,Q3 (38.1-40.2 ppb),2.75
1004.4375,Transplant,0.7446742545617379,Q3,Heart,Ozone,73497,73497,38.088097799391974,40.248315239070216,Q3 (38.1-40.2 ppb),2.75
1034.875,Death/delisted too sick,0.14324149676930165,Q3,Heart,Ozone,73497,73497,38.088097799391974,40.248315239070216,Q3 (38.1-40.2 ppb),2.8333333333333335
1034.875,Transplant,0.7468482665235936,Q3,Heart,Ozone,73497,73497,38.088097799391974,40.248315239070216,Q3 (38.1-40.2 ppb),2.8333333333333335
1065.3125,Death/delisted too sick,0.1443661152831785,Q3,Heart,Ozone,73497,73497,38.088097799391974,40.248315239070216,Q3 (38.1-40.2 ppb),2.9166666666666665
1065.3125,Transplant,0.7487653501925016,Q3,Heart,Ozone,73497,73497,38.088097799391974,40.248315239070216,Q3 (38.1-40.2 ppb),2.9166666666666665
1095.75,Death/delisted too sick,0.1451304754921977,Q3,Heart,Ozone,73497,73497,38.088097799391974,40.248315239070216,Q3 (38.1-40.2 ppb),3
1095.75,Transplant,0.7508070568578513,Q3,Heart,Ozone,73497,73497,38.088097799391974,40.248315239070216,Q3 (38.1-40.2 ppb),3
1126.1875,Death/delisted too sick,0.14605311370179988,Q3,Heart,Ozone,73497,73497,38.088097799391974,40.248315239070216,Q3 (38.1-40.2 ppb),3.0833333333333335
1126.1875,Transplant,0.7531140497033689,Q3,Heart,Ozone,73497,73497,38.088097799391974,40.248315239070216,Q3 (38.1-40.2 ppb),3.0833333333333335
1156.625,Death/delisted too sick,0.14681478153870386,Q3,Heart,Ozone,73497,73497,38.088097799391974,40.248315239070216,Q3 (38.1-40.2 ppb),3.1666666666666665
1156.625,Transplant,0.756060358285675,Q3,Heart,Ozone,73497,73497,38.088097799391974,40.248315239070216,Q3 (38.1-40.2 ppb),3.1666666666666665
1187.0625,Death/delisted too sick,0.14760750148938592,Q3,Heart,Ozone,73497,73497,38.088097799391974,40.248315239070216,Q3 (38.1-40.2 ppb),3.25
1187.0625,Transplant,0.7578726117824002,Q3,Heart,Ozone,73497,73497,38.088097799391974,40.248315239070216,Q3 (38.1-40.2 ppb),3.25
1217.5,Death/delisted too sick,0.14857619545904405,Q3,Heart,Ozone,73497,73497,38.088097799391974,40.248315239070216,Q3 (38.1-40.2 ppb),3.3333333333333335
1217.5,Transplant,0.7598690321997524,Q3,Heart,Ozone,73497,73497,38.088097799391974,40.248315239070216,Q3 (38.1-40.2 ppb),3.3333333333333335
1247.9375,Death/delisted too sick,0.1492799481427966,Q3,Heart,Ozone,73497,73497,38.088097799391974,40.248315239070216,Q3 (38.1-40.2 ppb),3.4166666666666665
1247.9375,Transplant,0.7621605898214664,Q3,Heart,Ozone,73497,73497,38.088097799391974,40.248315239070216,Q3 (38.1-40.2 ppb),3.4166666666666665
1278.375,Death/delisted too sick,0.1501450117346351,Q3,Heart,Ozone,73497,73497,38.088097799391974,40.248315239070216,Q3 (38.1-40.2 ppb),3.5
1278.375,Transplant,0.7634532403062617,Q3,Heart,Ozone,73497,73497,38.088097799391974,40.248315239070216,Q3 (38.1-40.2 ppb),3.5
1308.8125,Death/delisted too sick,0.15077520627279153,Q3,Heart,Ozone,73497,73497,38.088097799391974,40.248315239070216,Q3 (38.1-40.2 ppb),3.5833333333333335
1308.8125,Transplant,0.7648577816646954,Q3,Heart,Ozone,73497,73497,38.088097799391974,40.248315239070216,Q3 (38.1-40.2 ppb),3.5833333333333335
1339.25,Death/delisted too sick,0.1515257803015244,Q3,Heart,Ozone,73497,73497,38.088097799391974,40.248315239070216,Q3 (38.1-40.2 ppb),3.6666666666666665
1339.25,Transplant,0.7669176924108744,Q3,Heart,Ozone,73497,73497,38.088097799391974,40.248315239070216,Q3 (38.1-40.2 ppb),3.6666666666666665
1369.6875,Death/delisted too sick,0.15223880473085163,Q3,Heart,Ozone,73497,73497,38.088097799391974,40.248315239070216,Q3 (38.1-40.2 ppb),3.75
1369.6875,Transplant,0.7688520874331594,Q3,Heart,Ozone,73497,73497,38.088097799391974,40.248315239070216,Q3 (38.1-40.2 ppb),3.75
1400.125,Death/delisted too sick,0.15259277416908607,Q3,Heart,Ozone,73497,73497,38.088097799391974,40.248315239070216,Q3 (38.1-40.2 ppb),3.8333333333333335
1400.125,Transplant,0.7715470430615077,Q3,Heart,Ozone,73497,73497,38.088097799391974,40.248315239070216,Q3 (38.1-40.2 ppb),3.8333333333333335
1430.5625,Death/delisted too sick,0.15380327164715468,Q3,Heart,Ozone,73497,73497,38.088097799391974,40.248315239070216,Q3 (38.1-40.2 ppb),3.9166666666666665
1430.5625,Transplant,0.7727327980102888,Q3,Heart,Ozone,73497,73497,38.088097799391974,40.248315239070216,Q3 (38.1-40.2 ppb),3.9166666666666665
1461,Death/delisted too sick,0.15437534294507543,Q3,Heart,Ozone,73497,73497,38.088097799391974,40.248315239070216,Q3 (38.1-40.2 ppb),4
1461,Transplant,0.773649410535644,Q3,Heart,Ozone,73497,73497,38.088097799391974,40.248315239070216,Q3 (38.1-40.2 ppb),4
1491.4375,Death/delisted too sick,0.15494859095217597,Q3,Heart,Ozone,73497,73497,38.088097799391974,40.248315239070216,Q3 (38.1-40.2 ppb),4.083333333333333
1491.4375,Transplant,0.7748208663895249,Q3,Heart,Ozone,73497,73497,38.088097799391974,40.248315239070216,Q3 (38.1-40.2 ppb),4.083333333333333
1521.875,Death/delisted too sick,0.1556634100245779,Q3,Heart,Ozone,73497,73497,38.088097799391974,40.248315239070216,Q3 (38.1-40.2 ppb),4.166666666666667
1521.875,Transplant,0.7767277456368844,Q3,Heart,Ozone,73497,73497,38.088097799391974,40.248315239070216,Q3 (38.1-40.2 ppb),4.166666666666667
1552.3125,Death/delisted too sick,0.15610871765112894,Q3,Heart,Ozone,73497,73497,38.088097799391974,40.248315239070216,Q3 (38.1-40.2 ppb),4.25
1552.3125,Transplant,0.7777981921670479,Q3,Heart,Ozone,73497,73497,38.088097799391974,40.248315239070216,Q3 (38.1-40.2 ppb),4.25
1582.75,Death/delisted too sick,0.15691803382949254,Q3,Heart,Ozone,73497,73497,38.088097799391974,40.248315239070216,Q3 (38.1-40.2 ppb),4.333333333333333
1582.75,Transplant,0.7783941476470694,Q3,Heart,Ozone,73497,73497,38.088097799391974,40.248315239070216,Q3 (38.1-40.2 ppb),4.333333333333333
1613.1875,Death/delisted too sick,0.15724707505877122,Q3,Heart,Ozone,73497,73497,38.088097799391974,40.248315239070216,Q3 (38.1-40.2 ppb),4.416666666666667
1613.1875,Transplant,0.7794748347558804,Q3,Heart,Ozone,73497,73497,38.088097799391974,40.248315239070216,Q3 (38.1-40.2 ppb),4.416666666666667
1643.625,Death/delisted too sick,0.15771073312852935,Q3,Heart,Ozone,73497,73497,38.088097799391974,40.248315239070216,Q3 (38.1-40.2 ppb),4.5
1643.625,Transplant,0.7809934512301248,Q3,Heart,Ozone,73497,73497,38.088097799391974,40.248315239070216,Q3 (38.1-40.2 ppb),4.5
1674.0625,Death/delisted too sick,0.15860209112513415,Q3,Heart,Ozone,73497,73497,38.088097799391974,40.248315239070216,Q3 (38.1-40.2 ppb),4.583333333333333
1674.0625,Transplant,0.7816514147212468,Q3,Heart,Ozone,73497,73497,38.088097799391974,40.248315239070216,Q3 (38.1-40.2 ppb),4.583333333333333
1704.5,Death/delisted too sick,0.1594607519098218,Q3,Heart,Ozone,73497,73497,38.088097799391974,40.248315239070216,Q3 (38.1-40.2 ppb),4.666666666666667
1704.5,Transplant,0.7826993255264786,Q3,Heart,Ozone,73497,73497,38.088097799391974,40.248315239070216,Q3 (38.1-40.2 ppb),4.666666666666667
1734.9375,Death/delisted too sick,0.16043957146647506,Q3,Heart,Ozone,73497,73497,38.088097799391974,40.248315239070216,Q3 (38.1-40.2 ppb),4.75
1734.9375,Transplant,0.7836047112072388,Q3,Heart,Ozone,73497,73497,38.088097799391974,40.248315239070216,Q3 (38.1-40.2 ppb),4.75
1765.375,Death/delisted too sick,0.16043957146647506,Q3,Heart,Ozone,73497,73497,38.088097799391974,40.248315239070216,Q3 (38.1-40.2 ppb),4.833333333333333
1765.375,Transplant,0.7846630371563349,Q3,Heart,Ozone,73497,73497,38.088097799391974,40.248315239070216,Q3 (38.1-40.2 ppb),4.833333333333333
1795.8125,Death/delisted too sick,0.16070938267973187,Q3,Heart,Ozone,73497,73497,38.088097799391974,40.248315239070216,Q3 (38.1-40.2 ppb),4.916666666666667
1795.8125,Transplant,0.7858105989690122,Q3,Heart,Ozone,73497,73497,38.088097799391974,40.248315239070216,Q3 (38.1-40.2 ppb),4.916666666666667
1826.25,Death/delisted too sick,0.1614995246354516,Q3,Heart,Ozone,73497,73497,38.088097799391974,40.248315239070216,Q3 (38.1-40.2 ppb),5
1826.25,Transplant,0.7865155851923272,Q3,Heart,Ozone,73497,73497,38.088097799391974,40.248315239070216,Q3 (38.1-40.2 ppb),5
0,Death/delisted too sick,0,Q4,Heart,Ozone,73497,73497,40.24856433151949,57.35702352997261,Q4 (40.2-57.4 ppb),0
0,Transplant,0,Q4,Heart,Ozone,73497,73497,40.24856433151949,57.35702352997261,Q4 (40.2-57.4 ppb),0
30.4375,Death/delisted too sick,0.03617511813437042,Q4,Heart,Ozone,73497,73497,40.24856433151949,57.35702352997261,Q4 (40.2-57.4 ppb),0.08333333333333333
30.4375,Transplant,0.27448023723570836,Q4,Heart,Ozone,73497,73497,40.24856433151949,57.35702352997261,Q4 (40.2-57.4 ppb),0.08333333333333333
60.875,Death/delisted too sick,0.05440303787358329,Q4,Heart,Ozone,73497,73497,40.24856433151949,57.35702352997261,Q4 (40.2-57.4 ppb),0.16666666666666666
60.875,Transplant,0.38608783241412836,Q4,Heart,Ozone,73497,73497,40.24856433151949,57.35702352997261,Q4 (40.2-57.4 ppb),0.16666666666666666
91.3125,Death/delisted too sick,0.06387967999882925,Q4,Heart,Ozone,73497,73497,40.24856433151949,57.35702352997261,Q4 (40.2-57.4 ppb),0.25
91.3125,Transplant,0.4498708258622688,Q4,Heart,Ozone,73497,73497,40.24856433151949,57.35702352997261,Q4 (40.2-57.4 ppb),0.25
121.75,Death/delisted too sick,0.07129786311370577,Q4,Heart,Ozone,73497,73497,40.24856433151949,57.35702352997261,Q4 (40.2-57.4 ppb),0.3333333333333333
121.75,Transplant,0.4964742934650629,Q4,Heart,Ozone,73497,73497,40.24856433151949,57.35702352997261,Q4 (40.2-57.4 ppb),0.3333333333333333
152.1875,Death/delisted too sick,0.07627141063554362,Q4,Heart,Ozone,73497,73497,40.24856433151949,57.35702352997261,Q4 (40.2-57.4 ppb),0.4166666666666667
152.1875,Transplant,0.5310867017178856,Q4,Heart,Ozone,73497,73497,40.24856433151949,57.35702352997261,Q4 (40.2-57.4 ppb),0.4166666666666667
182.625,Death/delisted too sick,0.07977188839640864,Q4,Heart,Ozone,73497,73497,40.24856433151949,57.35702352997261,Q4 (40.2-57.4 ppb),0.5
182.625,Transplant,0.5611332754454629,Q4,Heart,Ozone,73497,73497,40.24856433151949,57.35702352997261,Q4 (40.2-57.4 ppb),0.5
213.0625,Death/delisted too sick,0.08313611988142398,Q4,Heart,Ozone,73497,73497,40.24856433151949,57.35702352997261,Q4 (40.2-57.4 ppb),0.5833333333333334
213.0625,Transplant,0.5847123290977778,Q4,Heart,Ozone,73497,73497,40.24856433151949,57.35702352997261,Q4 (40.2-57.4 ppb),0.5833333333333334
243.5,Death/delisted too sick,0.08713406733148042,Q4,Heart,Ozone,73497,73497,40.24856433151949,57.35702352997261,Q4 (40.2-57.4 ppb),0.6666666666666666
243.5,Transplant,0.6051038640007506,Q4,Heart,Ozone,73497,73497,40.24856433151949,57.35702352997261,Q4 (40.2-57.4 ppb),0.6666666666666666
273.9375,Death/delisted too sick,0.08962578736224557,Q4,Heart,Ozone,73497,73497,40.24856433151949,57.35702352997261,Q4 (40.2-57.4 ppb),0.75
273.9375,Transplant,0.6222697370570818,Q4,Heart,Ozone,73497,73497,40.24856433151949,57.35702352997261,Q4 (40.2-57.4 ppb),0.75
304.375,Death/delisted too sick,0.0919597474687294,Q4,Heart,Ozone,73497,73497,40.24856433151949,57.35702352997261,Q4 (40.2-57.4 ppb),0.8333333333333334
304.375,Transplant,0.6357952576382465,Q4,Heart,Ozone,73497,73497,40.24856433151949,57.35702352997261,Q4 (40.2-57.4 ppb),0.8333333333333334
334.8125,Death/delisted too sick,0.09398132896477902,Q4,Heart,Ozone,73497,73497,40.24856433151949,57.35702352997261,Q4 (40.2-57.4 ppb),0.9166666666666666
334.8125,Transplant,0.647928322826729,Q4,Heart,Ozone,73497,73497,40.24856433151949,57.35702352997261,Q4 (40.2-57.4 ppb),0.9166666666666666
365.25,Death/delisted too sick,0.09607889873771856,Q4,Heart,Ozone,73497,73497,40.24856433151949,57.35702352997261,Q4 (40.2-57.4 ppb),1
365.25,Transplant,0.657345688292777,Q4,Heart,Ozone,73497,73497,40.24856433151949,57.35702352997261,Q4 (40.2-57.4 ppb),1
395.6875,Death/delisted too sick,0.0978330960107598,Q4,Heart,Ozone,73497,73497,40.24856433151949,57.35702352997261,Q4 (40.2-57.4 ppb),1.0833333333333333
395.6875,Transplant,0.666529170025588,Q4,Heart,Ozone,73497,73497,40.24856433151949,57.35702352997261,Q4 (40.2-57.4 ppb),1.0833333333333333
426.125,Death/delisted too sick,0.09956195760645029,Q4,Heart,Ozone,73497,73497,40.24856433151949,57.35702352997261,Q4 (40.2-57.4 ppb),1.1666666666666667
426.125,Transplant,0.6755980544238566,Q4,Heart,Ozone,73497,73497,40.24856433151949,57.35702352997261,Q4 (40.2-57.4 ppb),1.1666666666666667
456.5625,Death/delisted too sick,0.1018802940953005,Q4,Heart,Ozone,73497,73497,40.24856433151949,57.35702352997261,Q4 (40.2-57.4 ppb),1.25
456.5625,Transplant,0.684808788284668,Q4,Heart,Ozone,73497,73497,40.24856433151949,57.35702352997261,Q4 (40.2-57.4 ppb),1.25
487,Death/delisted too sick,0.10441922629498816,Q4,Heart,Ozone,73497,73497,40.24856433151949,57.35702352997261,Q4 (40.2-57.4 ppb),1.3333333333333333
487,Transplant,0.6927485469414215,Q4,Heart,Ozone,73497,73497,40.24856433151949,57.35702352997261,Q4 (40.2-57.4 ppb),1.3333333333333333
517.4375,Death/delisted too sick,0.10560891142209002,Q4,Heart,Ozone,73497,73497,40.24856433151949,57.35702352997261,Q4 (40.2-57.4 ppb),1.4166666666666667
517.4375,Transplant,0.6997551585028133,Q4,Heart,Ozone,73497,73497,40.24856433151949,57.35702352997261,Q4 (40.2-57.4 ppb),1.4166666666666667
547.875,Death/delisted too sick,0.1069955529173806,Q4,Heart,Ozone,73497,73497,40.24856433151949,57.35702352997261,Q4 (40.2-57.4 ppb),1.5
547.875,Transplant,0.705077206840595,Q4,Heart,Ozone,73497,73497,40.24856433151949,57.35702352997261,Q4 (40.2-57.4 ppb),1.5
578.3125,Death/delisted too sick,0.10848156716877615,Q4,Heart,Ozone,73497,73497,40.24856433151949,57.35702352997261,Q4 (40.2-57.4 ppb),1.5833333333333333
578.3125,Transplant,0.7112707720547468,Q4,Heart,Ozone,73497,73497,40.24856433151949,57.35702352997261,Q4 (40.2-57.4 ppb),1.5833333333333333
608.75,Death/delisted too sick,0.10990470739215552,Q4,Heart,Ozone,73497,73497,40.24856433151949,57.35702352997261,Q4 (40.2-57.4 ppb),1.6666666666666667
608.75,Transplant,0.7172295732489539,Q4,Heart,Ozone,73497,73497,40.24856433151949,57.35702352997261,Q4 (40.2-57.4 ppb),1.6666666666666667
639.1875,Death/delisted too sick,0.11169136109720428,Q4,Heart,Ozone,73497,73497,40.24856433151949,57.35702352997261,Q4 (40.2-57.4 ppb),1.75
639.1875,Transplant,0.7223055074387837,Q4,Heart,Ozone,73497,73497,40.24856433151949,57.35702352997261,Q4 (40.2-57.4 ppb),1.75
669.625,Death/delisted too sick,0.11339771734199204,Q4,Heart,Ozone,73497,73497,40.24856433151949,57.35702352997261,Q4 (40.2-57.4 ppb),1.8333333333333333
669.625,Transplant,0.7270484096244114,Q4,Heart,Ozone,73497,73497,40.24856433151949,57.35702352997261,Q4 (40.2-57.4 ppb),1.8333333333333333
700.0625,Death/delisted too sick,0.11440971016572378,Q4,Heart,Ozone,73497,73497,40.24856433151949,57.35702352997261,Q4 (40.2-57.4 ppb),1.9166666666666667
700.0625,Transplant,0.730053712708649,Q4,Heart,Ozone,73497,73497,40.24856433151949,57.35702352997261,Q4 (40.2-57.4 ppb),1.9166666666666667
730.5,Death/delisted too sick,0.11507982160728399,Q4,Heart,Ozone,73497,73497,40.24856433151949,57.35702352997261,Q4 (40.2-57.4 ppb),2
730.5,Transplant,0.7338534857452226,Q4,Heart,Ozone,73497,73497,40.24856433151949,57.35702352997261,Q4 (40.2-57.4 ppb),2
760.9375,Death/delisted too sick,0.11637419201020038,Q4,Heart,Ozone,73497,73497,40.24856433151949,57.35702352997261,Q4 (40.2-57.4 ppb),2.0833333333333335
760.9375,Transplant,0.737905919009028,Q4,Heart,Ozone,73497,73497,40.24856433151949,57.35702352997261,Q4 (40.2-57.4 ppb),2.0833333333333335
791.375,Death/delisted too sick,0.11780181422377665,Q4,Heart,Ozone,73497,73497,40.24856433151949,57.35702352997261,Q4 (40.2-57.4 ppb),2.1666666666666665
791.375,Transplant,0.7424185593783036,Q4,Heart,Ozone,73497,73497,40.24856433151949,57.35702352997261,Q4 (40.2-57.4 ppb),2.1666666666666665
821.8125,Death/delisted too sick,0.11937258937960146,Q4,Heart,Ozone,73497,73497,40.24856433151949,57.35702352997261,Q4 (40.2-57.4 ppb),2.25
821.8125,Transplant,0.7451652909386844,Q4,Heart,Ozone,73497,73497,40.24856433151949,57.35702352997261,Q4 (40.2-57.4 ppb),2.25
852.25,Death/delisted too sick,0.12006453699419092,Q4,Heart,Ozone,73497,73497,40.24856433151949,57.35702352997261,Q4 (40.2-57.4 ppb),2.3333333333333335
852.25,Transplant,0.7483162534534586,Q4,Heart,Ozone,73497,73497,40.24856433151949,57.35702352997261,Q4 (40.2-57.4 ppb),2.3333333333333335
882.6875,Death/delisted too sick,0.12172349200323108,Q4,Heart,Ozone,73497,73497,40.24856433151949,57.35702352997261,Q4 (40.2-57.4 ppb),2.4166666666666665
882.6875,Transplant,0.7511257972070383,Q4,Heart,Ozone,73497,73497,40.24856433151949,57.35702352997261,Q4 (40.2-57.4 ppb),2.4166666666666665
913.125,Death/delisted too sick,0.12206399465200309,Q4,Heart,Ozone,73497,73497,40.24856433151949,57.35702352997261,Q4 (40.2-57.4 ppb),2.5
913.125,Transplant,0.753690288402446,Q4,Heart,Ozone,73497,73497,40.24856433151949,57.35702352997261,Q4 (40.2-57.4 ppb),2.5
943.5625,Death/delisted too sick,0.12319278865752531,Q4,Heart,Ozone,73497,73497,40.24856433151949,57.35702352997261,Q4 (40.2-57.4 ppb),2.5833333333333335
943.5625,Transplant,0.7573880950338755,Q4,Heart,Ozone,73497,73497,40.24856433151949,57.35702352997261,Q4 (40.2-57.4 ppb),2.5833333333333335
974,Death/delisted too sick,0.12395899600551419,Q4,Heart,Ozone,73497,73497,40.24856433151949,57.35702352997261,Q4 (40.2-57.4 ppb),2.6666666666666665
974,Transplant,0.7602483200182073,Q4,Heart,Ozone,73497,73497,40.24856433151949,57.35702352997261,Q4 (40.2-57.4 ppb),2.6666666666666665
1004.4375,Death/delisted too sick,0.12559557722277803,Q4,Heart,Ozone,73497,73497,40.24856433151949,57.35702352997261,Q4 (40.2-57.4 ppb),2.75
1004.4375,Transplant,0.7620813296180191,Q4,Heart,Ozone,73497,73497,40.24856433151949,57.35702352997261,Q4 (40.2-57.4 ppb),2.75
1034.875,Death/delisted too sick,0.12616116886466686,Q4,Heart,Ozone,73497,73497,40.24856433151949,57.35702352997261,Q4 (40.2-57.4 ppb),2.8333333333333335
1034.875,Transplant,0.7648043754905088,Q4,Heart,Ozone,73497,73497,40.24856433151949,57.35702352997261,Q4 (40.2-57.4 ppb),2.8333333333333335
1065.3125,Death/delisted too sick,0.12668962163356712,Q4,Heart,Ozone,73497,73497,40.24856433151949,57.35702352997261,Q4 (40.2-57.4 ppb),2.9166666666666665
1065.3125,Transplant,0.7674713385274081,Q4,Heart,Ozone,73497,73497,40.24856433151949,57.35702352997261,Q4 (40.2-57.4 ppb),2.9166666666666665
1095.75,Death/delisted too sick,0.12853868711723104,Q4,Heart,Ozone,73497,73497,40.24856433151949,57.35702352997261,Q4 (40.2-57.4 ppb),3
1095.75,Transplant,0.7701926716521991,Q4,Heart,Ozone,73497,73497,40.24856433151949,57.35702352997261,Q4 (40.2-57.4 ppb),3
1126.1875,Death/delisted too sick,0.13005101376141,Q4,Heart,Ozone,73497,73497,40.24856433151949,57.35702352997261,Q4 (40.2-57.4 ppb),3.0833333333333335
1126.1875,Transplant,0.770982382772321,Q4,Heart,Ozone,73497,73497,40.24856433151949,57.35702352997261,Q4 (40.2-57.4 ppb),3.0833333333333335
1156.625,Death/delisted too sick,0.13054481833943557,Q4,Heart,Ozone,73497,73497,40.24856433151949,57.35702352997261,Q4 (40.2-57.4 ppb),3.1666666666666665
1156.625,Transplant,0.7721827800365427,Q4,Heart,Ozone,73497,73497,40.24856433151949,57.35702352997261,Q4 (40.2-57.4 ppb),3.1666666666666665
1187.0625,Death/delisted too sick,0.131227953408847,Q4,Heart,Ozone,73497,73497,40.24856433151949,57.35702352997261,Q4 (40.2-57.4 ppb),3.25
1187.0625,Transplant,0.7733925183232924,Q4,Heart,Ozone,73497,73497,40.24856433151949,57.35702352997261,Q4 (40.2-57.4 ppb),3.25
1217.5,Death/delisted too sick,0.13169158417112345,Q4,Heart,Ozone,73497,73497,40.24856433151949,57.35702352997261,Q4 (40.2-57.4 ppb),3.3333333333333335
1217.5,Transplant,0.7751145292519825,Q4,Heart,Ozone,73497,73497,40.24856433151949,57.35702352997261,Q4 (40.2-57.4 ppb),3.3333333333333335
1247.9375,Death/delisted too sick,0.1325639581352224,Q4,Heart,Ozone,73497,73497,40.24856433151949,57.35702352997261,Q4 (40.2-57.4 ppb),3.4166666666666665
1247.9375,Transplant,0.7763739396507793,Q4,Heart,Ozone,73497,73497,40.24856433151949,57.35702352997261,Q4 (40.2-57.4 ppb),3.4166666666666665
1278.375,Death/delisted too sick,0.13378715996340287,Q4,Heart,Ozone,73497,73497,40.24856433151949,57.35702352997261,Q4 (40.2-57.4 ppb),3.5
1278.375,Transplant,0.7780926887836014,Q4,Heart,Ozone,73497,73497,40.24856433151949,57.35702352997261,Q4 (40.2-57.4 ppb),3.5
1308.8125,Death/delisted too sick,0.13481400991951625,Q4,Heart,Ozone,73497,73497,40.24856433151949,57.35702352997261,Q4 (40.2-57.4 ppb),3.5833333333333335
1308.8125,Transplant,0.7798796025879036,Q4,Heart,Ozone,73497,73497,40.24856433151949,57.35702352997261,Q4 (40.2-57.4 ppb),3.5833333333333335
1339.25,Death/delisted too sick,0.13661697811049545,Q4,Heart,Ozone,73497,73497,40.24856433151949,57.35702352997261,Q4 (40.2-57.4 ppb),3.6666666666666665
1339.25,Transplant,0.7810309069119409,Q4,Heart,Ozone,73497,73497,40.24856433151949,57.35702352997261,Q4 (40.2-57.4 ppb),3.6666666666666665
1369.6875,Death/delisted too sick,0.13765290798428176,Q4,Heart,Ozone,73497,73497,40.24856433151949,57.35702352997261,Q4 (40.2-57.4 ppb),3.75
1369.6875,Transplant,0.7823888924524599,Q4,Heart,Ozone,73497,73497,40.24856433151949,57.35702352997261,Q4 (40.2-57.4 ppb),3.75
1400.125,Death/delisted too sick,0.13836163723529518,Q4,Heart,Ozone,73497,73497,40.24856433151949,57.35702352997261,Q4 (40.2-57.4 ppb),3.8333333333333335
1400.125,Transplant,0.7833549843426222,Q4,Heart,Ozone,73497,73497,40.24856433151949,57.35702352997261,Q4 (40.2-57.4 ppb),3.8333333333333335
1430.5625,Death/delisted too sick,0.13889792215955266,Q4,Heart,Ozone,73497,73497,40.24856433151949,57.35702352997261,Q4 (40.2-57.4 ppb),3.9166666666666665
1430.5625,Transplant,0.7854985455774465,Q4,Heart,Ozone,73497,73497,40.24856433151949,57.35702352997261,Q4 (40.2-57.4 ppb),3.9166666666666665
1461,Death/delisted too sick,0.14029649628640445,Q4,Heart,Ozone,73497,73497,40.24856433151949,57.35702352997261,Q4 (40.2-57.4 ppb),4
1461,Transplant,0.7865010783074662,Q4,Heart,Ozone,73497,73497,40.24856433151949,57.35702352997261,Q4 (40.2-57.4 ppb),4
1491.4375,Death/delisted too sick,0.14094696676498888,Q4,Heart,Ozone,73497,73497,40.24856433151949,57.35702352997261,Q4 (40.2-57.4 ppb),4.083333333333333
1491.4375,Transplant,0.7873926447585963,Q4,Heart,Ozone,73497,73497,40.24856433151949,57.35702352997261,Q4 (40.2-57.4 ppb),4.083333333333333
1521.875,Death/delisted too sick,0.14132535374233907,Q4,Heart,Ozone,73497,73497,40.24856433151949,57.35702352997261,Q4 (40.2-57.4 ppb),4.166666666666667
1521.875,Transplant,0.7883332311033602,Q4,Heart,Ozone,73497,73497,40.24856433151949,57.35702352997261,Q4 (40.2-57.4 ppb),4.166666666666667
1552.3125,Death/delisted too sick,0.14192184098237537,Q4,Heart,Ozone,73497,73497,40.24856433151949,57.35702352997261,Q4 (40.2-57.4 ppb),4.25
1552.3125,Transplant,0.7905030753359694,Q4,Heart,Ozone,73497,73497,40.24856433151949,57.35702352997261,Q4 (40.2-57.4 ppb),4.25
1582.75,Death/delisted too sick,0.14204412774527916,Q4,Heart,Ozone,73497,73497,40.24856433151949,57.35702352997261,Q4 (40.2-57.4 ppb),4.333333333333333
1582.75,Transplant,0.791407775513475,Q4,Heart,Ozone,73497,73497,40.24856433151949,57.35702352997261,Q4 (40.2-57.4 ppb),4.333333333333333
1613.1875,Death/delisted too sick,0.1429890437482239,Q4,Heart,Ozone,73497,73497,40.24856433151949,57.35702352997261,Q4 (40.2-57.4 ppb),4.416666666666667
1613.1875,Transplant,0.7926605129728341,Q4,Heart,Ozone,73497,73497,40.24856433151949,57.35702352997261,Q4 (40.2-57.4 ppb),4.416666666666667
1643.625,Death/delisted too sick,0.14320159986984599,Q4,Heart,Ozone,73497,73497,40.24856433151949,57.35702352997261,Q4 (40.2-57.4 ppb),4.5
1643.625,Transplant,0.7940833026112091,Q4,Heart,Ozone,73497,73497,40.24856433151949,57.35702352997261,Q4 (40.2-57.4 ppb),4.5
1674.0625,Death/delisted too sick,0.14385458446990335,Q4,Heart,Ozone,73497,73497,40.24856433151949,57.35702352997261,Q4 (40.2-57.4 ppb),4.583333333333333
1674.0625,Transplant,0.7946691181636194,Q4,Heart,Ozone,73497,73497,40.24856433151949,57.35702352997261,Q4 (40.2-57.4 ppb),4.583333333333333
1704.5,Death/delisted too sick,0.1447655441485472,Q4,Heart,Ozone,73497,73497,40.24856433151949,57.35702352997261,Q4 (40.2-57.4 ppb),4.666666666666667
1704.5,Transplant,0.795706394148524,Q4,Heart,Ozone,73497,73497,40.24856433151949,57.35702352997261,Q4 (40.2-57.4 ppb),4.666666666666667
1734.9375,Death/delisted too sick,0.14540124513309222,Q4,Heart,Ozone,73497,73497,40.24856433151949,57.35702352997261,Q4 (40.2-57.4 ppb),4.75
1734.9375,Transplant,0.7965208214507284,Q4,Heart,Ozone,73497,73497,40.24856433151949,57.35702352997261,Q4 (40.2-57.4 ppb),4.75
1765.375,Death/delisted too sick,0.1460242929037197,Q4,Heart,Ozone,73497,73497,40.24856433151949,57.35702352997261,Q4 (40.2-57.4 ppb),4.833333333333333
1765.375,Transplant,0.7984054239759065,Q4,Heart,Ozone,73497,73497,40.24856433151949,57.35702352997261,Q4 (40.2-57.4 ppb),4.833333333333333
1795.8125,Death/delisted too sick,0.1467192634583173,Q4,Heart,Ozone,73497,73497,40.24856433151949,57.35702352997261,Q4 (40.2-57.4 ppb),4.916666666666667
1795.8125,Transplant,0.7994252654549685,Q4,Heart,Ozone,73497,73497,40.24856433151949,57.35702352997261,Q4 (40.2-57.4 ppb),4.916666666666667
1826.25,Death/delisted too sick,0.14741103771060127,Q4,Heart,Ozone,73497,73497,40.24856433151949,57.35702352997261,Q4 (40.2-57.4 ppb),5
1826.25,Transplant,0.8017474553185463,Q4,Heart,Ozone,73497,73497,40.24856433151949,57.35702352997261,Q4 (40.2-57.4 ppb),5
0,Death/delisted too sick,0,Q1,Kidney,Ozone,79993,677201,23.024419844150557,36.13757442028571,Q1 (23-36.1 ppb),0
0,Transplant,0,Q1,Kidney,Ozone,79993,677201,23.024419844150557,36.13757442028571,Q1 (23-36.1 ppb),0
30.4375,Death/delisted too sick,0.0033528902669628193,Q1,Kidney,Ozone,79993,677201,23.024419844150557,36.13757442028571,Q1 (23-36.1 ppb),0.08333333333333333
30.4375,Transplant,0.020309355972991515,Q1,Kidney,Ozone,79993,677201,23.024419844150557,36.13757442028571,Q1 (23-36.1 ppb),0.08333333333333333
60.875,Death/delisted too sick,0.00531365146772771,Q1,Kidney,Ozone,79993,677201,23.024419844150557,36.13757442028571,Q1 (23-36.1 ppb),0.16666666666666666
60.875,Transplant,0.033248613442664235,Q1,Kidney,Ozone,79993,677201,23.024419844150557,36.13757442028571,Q1 (23-36.1 ppb),0.16666666666666666
91.3125,Death/delisted too sick,0.007150598155554308,Q1,Kidney,Ozone,79993,677201,23.024419844150557,36.13757442028571,Q1 (23-36.1 ppb),0.25
91.3125,Transplant,0.04651660126190572,Q1,Kidney,Ozone,79993,677201,23.024419844150557,36.13757442028571,Q1 (23-36.1 ppb),0.25
121.75,Death/delisted too sick,0.008692942263689121,Q1,Kidney,Ozone,79993,677201,23.024419844150557,36.13757442028571,Q1 (23-36.1 ppb),0.3333333333333333
121.75,Transplant,0.059532219381404475,Q1,Kidney,Ozone,79993,677201,23.024419844150557,36.13757442028571,Q1 (23-36.1 ppb),0.3333333333333333
152.1875,Death/delisted too sick,0.010300347429690578,Q1,Kidney,Ozone,79993,677201,23.024419844150557,36.13757442028571,Q1 (23-36.1 ppb),0.4166666666666667
152.1875,Transplant,0.07227471285042818,Q1,Kidney,Ozone,79993,677201,23.024419844150557,36.13757442028571,Q1 (23-36.1 ppb),0.4166666666666667
182.625,Death/delisted too sick,0.011809040087525972,Q1,Kidney,Ozone,79993,677201,23.024419844150557,36.13757442028571,Q1 (23-36.1 ppb),0.5
182.625,Transplant,0.08491067202282382,Q1,Kidney,Ozone,79993,677201,23.024419844150557,36.13757442028571,Q1 (23-36.1 ppb),0.5
213.0625,Death/delisted too sick,0.013799247879336278,Q1,Kidney,Ozone,79993,677201,23.024419844150557,36.13757442028571,Q1 (23-36.1 ppb),0.5833333333333334
213.0625,Transplant,0.09639574423788082,Q1,Kidney,Ozone,79993,677201,23.024419844150557,36.13757442028571,Q1 (23-36.1 ppb),0.5833333333333334
243.5,Death/delisted too sick,0.015487801507990232,Q1,Kidney,Ozone,79993,677201,23.024419844150557,36.13757442028571,Q1 (23-36.1 ppb),0.6666666666666666
243.5,Transplant,0.10777364045979378,Q1,Kidney,Ozone,79993,677201,23.024419844150557,36.13757442028571,Q1 (23-36.1 ppb),0.6666666666666666
273.9375,Death/delisted too sick,0.017364301163745783,Q1,Kidney,Ozone,79993,677201,23.024419844150557,36.13757442028571,Q1 (23-36.1 ppb),0.75
273.9375,Transplant,0.11823463822292282,Q1,Kidney,Ozone,79993,677201,23.024419844150557,36.13757442028571,Q1 (23-36.1 ppb),0.75
304.375,Death/delisted too sick,0.01909580553668076,Q1,Kidney,Ozone,79993,677201,23.024419844150557,36.13757442028571,Q1 (23-36.1 ppb),0.8333333333333334
304.375,Transplant,0.12924894461973097,Q1,Kidney,Ozone,79993,677201,23.024419844150557,36.13757442028571,Q1 (23-36.1 ppb),0.8333333333333334
334.8125,Death/delisted too sick,0.020851294085957667,Q1,Kidney,Ozone,79993,677201,23.024419844150557,36.13757442028571,Q1 (23-36.1 ppb),0.9166666666666666
334.8125,Transplant,0.13939750697242556,Q1,Kidney,Ozone,79993,677201,23.024419844150557,36.13757442028571,Q1 (23-36.1 ppb),0.9166666666666666
365.25,Death/delisted too sick,0.022958154953286666,Q1,Kidney,Ozone,79993,677201,23.024419844150557,36.13757442028571,Q1 (23-36.1 ppb),1
365.25,Transplant,0.1499570685230925,Q1,Kidney,Ozone,79993,677201,23.024419844150557,36.13757442028571,Q1 (23-36.1 ppb),1
395.6875,Death/delisted too sick,0.02497548861559041,Q1,Kidney,Ozone,79993,677201,23.024419844150557,36.13757442028571,Q1 (23-36.1 ppb),1.0833333333333333
395.6875,Transplant,0.16037240533211408,Q1,Kidney,Ozone,79993,677201,23.024419844150557,36.13757442028571,Q1 (23-36.1 ppb),1.0833333333333333
426.125,Death/delisted too sick,0.02711495794184342,Q1,Kidney,Ozone,79993,677201,23.024419844150557,36.13757442028571,Q1 (23-36.1 ppb),1.1666666666666667
426.125,Transplant,0.1702580640340554,Q1,Kidney,Ozone,79993,677201,23.024419844150557,36.13757442028571,Q1 (23-36.1 ppb),1.1666666666666667
456.5625,Death/delisted too sick,0.029028806171190153,Q1,Kidney,Ozone,79993,677201,23.024419844150557,36.13757442028571,Q1 (23-36.1 ppb),1.25
456.5625,Transplant,0.17951827136175277,Q1,Kidney,Ozone,79993,677201,23.024419844150557,36.13757442028571,Q1 (23-36.1 ppb),1.25
487,Death/delisted too sick,0.03125072877773583,Q1,Kidney,Ozone,79993,677201,23.024419844150557,36.13757442028571,Q1 (23-36.1 ppb),1.3333333333333333
487,Transplant,0.18882382906163114,Q1,Kidney,Ozone,79993,677201,23.024419844150557,36.13757442028571,Q1 (23-36.1 ppb),1.3333333333333333
517.4375,Death/delisted too sick,0.03345382256742968,Q1,Kidney,Ozone,79993,677201,23.024419844150557,36.13757442028571,Q1 (23-36.1 ppb),1.4166666666666667
517.4375,Transplant,0.19732073978729206,Q1,Kidney,Ozone,79993,677201,23.024419844150557,36.13757442028571,Q1 (23-36.1 ppb),1.4166666666666667
547.875,Death/delisted too sick,0.03531126576306883,Q1,Kidney,Ozone,79993,677201,23.024419844150557,36.13757442028571,Q1 (23-36.1 ppb),1.5
547.875,Transplant,0.20603224022903535,Q1,Kidney,Ozone,79993,677201,23.024419844150557,36.13757442028571,Q1 (23-36.1 ppb),1.5
578.3125,Death/delisted too sick,0.037284170442107696,Q1,Kidney,Ozone,79993,677201,23.024419844150557,36.13757442028571,Q1 (23-36.1 ppb),1.5833333333333333
578.3125,Transplant,0.21461756022996786,Q1,Kidney,Ozone,79993,677201,23.024419844150557,36.13757442028571,Q1 (23-36.1 ppb),1.5833333333333333
608.75,Death/delisted too sick,0.03953202934721651,Q1,Kidney,Ozone,79993,677201,23.024419844150557,36.13757442028571,Q1 (23-36.1 ppb),1.6666666666666667
608.75,Transplant,0.22334935183096144,Q1,Kidney,Ozone,79993,677201,23.024419844150557,36.13757442028571,Q1 (23-36.1 ppb),1.6666666666666667
639.1875,Death/delisted too sick,0.042142623975522334,Q1,Kidney,Ozone,79993,677201,23.024419844150557,36.13757442028571,Q1 (23-36.1 ppb),1.75
639.1875,Transplant,0.23192112460683442,Q1,Kidney,Ozone,79993,677201,23.024419844150557,36.13757442028571,Q1 (23-36.1 ppb),1.75
669.625,Death/delisted too sick,0.044387689232651954,Q1,Kidney,Ozone,79993,677201,23.024419844150557,36.13757442028571,Q1 (23-36.1 ppb),1.8333333333333333
669.625,Transplant,0.24020995631352643,Q1,Kidney,Ozone,79993,677201,23.024419844150557,36.13757442028571,Q1 (23-36.1 ppb),1.8333333333333333
700.0625,Death/delisted too sick,0.04691237052247358,Q1,Kidney,Ozone,79993,677201,23.024419844150557,36.13757442028571,Q1 (23-36.1 ppb),1.9166666666666667
700.0625,Transplant,0.2480071363036625,Q1,Kidney,Ozone,79993,677201,23.024419844150557,36.13757442028571,Q1 (23-36.1 ppb),1.9166666666666667
730.5,Death/delisted too sick,0.04947942773922249,Q1,Kidney,Ozone,79993,677201,23.024419844150557,36.13757442028571,Q1 (23-36.1 ppb),2
730.5,Transplant,0.25558379904348444,Q1,Kidney,Ozone,79993,677201,23.024419844150557,36.13757442028571,Q1 (23-36.1 ppb),2
760.9375,Death/delisted too sick,0.052182599959805405,Q1,Kidney,Ozone,79993,677201,23.024419844150557,36.13757442028571,Q1 (23-36.1 ppb),2.0833333333333335
760.9375,Transplant,0.2642964482203598,Q1,Kidney,Ozone,79993,677201,23.024419844150557,36.13757442028571,Q1 (23-36.1 ppb),2.0833333333333335
791.375,Death/delisted too sick,0.054878271829849286,Q1,Kidney,Ozone,79993,677201,23.024419844150557,36.13757442028571,Q1 (23-36.1 ppb),2.1666666666666665
791.375,Transplant,0.27287174985142293,Q1,Kidney,Ozone,79993,677201,23.024419844150557,36.13757442028571,Q1 (23-36.1 ppb),2.1666666666666665
821.8125,Death/delisted too sick,0.05722145346986373,Q1,Kidney,Ozone,79993,677201,23.024419844150557,36.13757442028571,Q1 (23-36.1 ppb),2.25
821.8125,Transplant,0.28083888368269283,Q1,Kidney,Ozone,79993,677201,23.024419844150557,36.13757442028571,Q1 (23-36.1 ppb),2.25
852.25,Death/delisted too sick,0.059961263338708416,Q1,Kidney,Ozone,79993,677201,23.024419844150557,36.13757442028571,Q1 (23-36.1 ppb),2.3333333333333335
852.25,Transplant,0.2892392411534837,Q1,Kidney,Ozone,79993,677201,23.024419844150557,36.13757442028571,Q1 (23-36.1 ppb),2.3333333333333335
882.6875,Death/delisted too sick,0.06275227975187944,Q1,Kidney,Ozone,79993,677201,23.024419844150557,36.13757442028571,Q1 (23-36.1 ppb),2.4166666666666665
882.6875,Transplant,0.29692782766666087,Q1,Kidney,Ozone,79993,677201,23.024419844150557,36.13757442028571,Q1 (23-36.1 ppb),2.4166666666666665
913.125,Death/delisted too sick,0.06544518726764625,Q1,Kidney,Ozone,79993,677201,23.024419844150557,36.13757442028571,Q1 (23-36.1 ppb),2.5
913.125,Transplant,0.3051635268974837,Q1,Kidney,Ozone,79993,677201,23.024419844150557,36.13757442028571,Q1 (23-36.1 ppb),2.5
943.5625,Death/delisted too sick,0.06810075717575738,Q1,Kidney,Ozone,79993,677201,23.024419844150557,36.13757442028571,Q1 (23-36.1 ppb),2.5833333333333335
943.5625,Transplant,0.3122457943974788,Q1,Kidney,Ozone,79993,677201,23.024419844150557,36.13757442028571,Q1 (23-36.1 ppb),2.5833333333333335
974,Death/delisted too sick,0.07129488215512027,Q1,Kidney,Ozone,79993,677201,23.024419844150557,36.13757442028571,Q1 (23-36.1 ppb),2.6666666666666665
974,Transplant,0.3194368558966808,Q1,Kidney,Ozone,79993,677201,23.024419844150557,36.13757442028571,Q1 (23-36.1 ppb),2.6666666666666665
1004.4375,Death/delisted too sick,0.07434977296304628,Q1,Kidney,Ozone,79993,677201,23.024419844150557,36.13757442028571,Q1 (23-36.1 ppb),2.75
1004.4375,Transplant,0.326517460467465,Q1,Kidney,Ozone,79993,677201,23.024419844150557,36.13757442028571,Q1 (23-36.1 ppb),2.75
1034.875,Death/delisted too sick,0.07724307104226018,Q1,Kidney,Ozone,79993,677201,23.024419844150557,36.13757442028571,Q1 (23-36.1 ppb),2.8333333333333335
1034.875,Transplant,0.3335130087515156,Q1,Kidney,Ozone,79993,677201,23.024419844150557,36.13757442028571,Q1 (23-36.1 ppb),2.8333333333333335
1065.3125,Death/delisted too sick,0.07995770235524248,Q1,Kidney,Ozone,79993,677201,23.024419844150557,36.13757442028571,Q1 (23-36.1 ppb),2.9166666666666665
1065.3125,Transplant,0.34088296785235594,Q1,Kidney,Ozone,79993,677201,23.024419844150557,36.13757442028571,Q1 (23-36.1 ppb),2.9166666666666665
1095.75,Death/delisted too sick,0.08263153563851375,Q1,Kidney,Ozone,79993,677201,23.024419844150557,36.13757442028571,Q1 (23-36.1 ppb),3
1095.75,Transplant,0.34777176100671614,Q1,Kidney,Ozone,79993,677201,23.024419844150557,36.13757442028571,Q1 (23-36.1 ppb),3
1126.1875,Death/delisted too sick,0.08529166609676737,Q1,Kidney,Ozone,79993,677201,23.024419844150557,36.13757442028571,Q1 (23-36.1 ppb),3.0833333333333335
1126.1875,Transplant,0.3553055120748106,Q1,Kidney,Ozone,79993,677201,23.024419844150557,36.13757442028571,Q1 (23-36.1 ppb),3.0833333333333335
1156.625,Death/delisted too sick,0.08803596923081441,Q1,Kidney,Ozone,79993,677201,23.024419844150557,36.13757442028571,Q1 (23-36.1 ppb),3.1666666666666665
1156.625,Transplant,0.3628143801128055,Q1,Kidney,Ozone,79993,677201,23.024419844150557,36.13757442028571,Q1 (23-36.1 ppb),3.1666666666666665
1187.0625,Death/delisted too sick,0.09092870248479104,Q1,Kidney,Ozone,79993,677201,23.024419844150557,36.13757442028571,Q1 (23-36.1 ppb),3.25
1187.0625,Transplant,0.3697062713620438,Q1,Kidney,Ozone,79993,677201,23.024419844150557,36.13757442028571,Q1 (23-36.1 ppb),3.25
1217.5,Death/delisted too sick,0.09410363053300526,Q1,Kidney,Ozone,79993,677201,23.024419844150557,36.13757442028571,Q1 (23-36.1 ppb),3.3333333333333335
1217.5,Transplant,0.3758382154553684,Q1,Kidney,Ozone,79993,677201,23.024419844150557,36.13757442028571,Q1 (23-36.1 ppb),3.3333333333333335
1247.9375,Death/delisted too sick,0.0968906534719377,Q1,Kidney,Ozone,79993,677201,23.024419844150557,36.13757442028571,Q1 (23-36.1 ppb),3.4166666666666665
1247.9375,Transplant,0.38249740957513756,Q1,Kidney,Ozone,79993,677201,23.024419844150557,36.13757442028571,Q1 (23-36.1 ppb),3.4166666666666665
1278.375,Death/delisted too sick,0.09996189086878918,Q1,Kidney,Ozone,79993,677201,23.024419844150557,36.13757442028571,Q1 (23-36.1 ppb),3.5
1278.375,Transplant,0.3886857875729847,Q1,Kidney,Ozone,79993,677201,23.024419844150557,36.13757442028571,Q1 (23-36.1 ppb),3.5
1308.8125,Death/delisted too sick,0.10317672896601461,Q1,Kidney,Ozone,79993,677201,23.024419844150557,36.13757442028571,Q1 (23-36.1 ppb),3.5833333333333335
1308.8125,Transplant,0.3946466337831397,Q1,Kidney,Ozone,79993,677201,23.024419844150557,36.13757442028571,Q1 (23-36.1 ppb),3.5833333333333335
1339.25,Death/delisted too sick,0.10613074804642159,Q1,Kidney,Ozone,79993,677201,23.024419844150557,36.13757442028571,Q1 (23-36.1 ppb),3.6666666666666665
1339.25,Transplant,0.4007992962628671,Q1,Kidney,Ozone,79993,677201,23.024419844150557,36.13757442028571,Q1 (23-36.1 ppb),3.6666666666666665
1369.6875,Death/delisted too sick,0.1089825649048768,Q1,Kidney,Ozone,79993,677201,23.024419844150557,36.13757442028571,Q1 (23-36.1 ppb),3.75
1369.6875,Transplant,0.40691952699173833,Q1,Kidney,Ozone,79993,677201,23.024419844150557,36.13757442028571,Q1 (23-36.1 ppb),3.75
1400.125,Death/delisted too sick,0.11175106256158607,Q1,Kidney,Ozone,79993,677201,23.024419844150557,36.13757442028571,Q1 (23-36.1 ppb),3.8333333333333335
1400.125,Transplant,0.41309293421397797,Q1,Kidney,Ozone,79993,677201,23.024419844150557,36.13757442028571,Q1 (23-36.1 ppb),3.8333333333333335
1430.5625,Death/delisted too sick,0.11437469306612649,Q1,Kidney,Ozone,79993,677201,23.024419844150557,36.13757442028571,Q1 (23-36.1 ppb),3.9166666666666665
1430.5625,Transplant,0.4186609757442023,Q1,Kidney,Ozone,79993,677201,23.024419844150557,36.13757442028571,Q1 (23-36.1 ppb),3.9166666666666665
1461,Death/delisted too sick,0.11722152428301864,Q1,Kidney,Ozone,79993,677201,23.024419844150557,36.13757442028571,Q1 (23-36.1 ppb),4
1461,Transplant,0.424932917690525,Q1,Kidney,Ozone,79993,677201,23.024419844150557,36.13757442028571,Q1 (23-36.1 ppb),4
1491.4375,Death/delisted too sick,0.12008232827110307,Q1,Kidney,Ozone,79993,677201,23.024419844150557,36.13757442028571,Q1 (23-36.1 ppb),4.083333333333333
1491.4375,Transplant,0.43129982193683825,Q1,Kidney,Ozone,79993,677201,23.024419844150557,36.13757442028571,Q1 (23-36.1 ppb),4.083333333333333
1521.875,Death/delisted too sick,0.12281934215556112,Q1,Kidney,Ozone,79993,677201,23.024419844150557,36.13757442028571,Q1 (23-36.1 ppb),4.166666666666667
1521.875,Transplant,0.4372742901617171,Q1,Kidney,Ozone,79993,677201,23.024419844150557,36.13757442028571,Q1 (23-36.1 ppb),4.166666666666667
1552.3125,Death/delisted too sick,0.12569795852313098,Q1,Kidney,Ozone,79993,677201,23.024419844150557,36.13757442028571,Q1 (23-36.1 ppb),4.25
1552.3125,Transplant,0.4436734684493616,Q1,Kidney,Ozone,79993,677201,23.024419844150557,36.13757442028571,Q1 (23-36.1 ppb),4.25
1582.75,Death/delisted too sick,0.12859018926680965,Q1,Kidney,Ozone,79993,677201,23.024419844150557,36.13757442028571,Q1 (23-36.1 ppb),4.333333333333333
1582.75,Transplant,0.4496899564875139,Q1,Kidney,Ozone,79993,677201,23.024419844150557,36.13757442028571,Q1 (23-36.1 ppb),4.333333333333333
1613.1875,Death/delisted too sick,0.13126705823981877,Q1,Kidney,Ozone,79993,677201,23.024419844150557,36.13757442028571,Q1 (23-36.1 ppb),4.416666666666667
1613.1875,Transplant,0.45565507685335865,Q1,Kidney,Ozone,79993,677201,23.024419844150557,36.13757442028571,Q1 (23-36.1 ppb),4.416666666666667
1643.625,Death/delisted too sick,0.13399211270951444,Q1,Kidney,Ozone,79993,677201,23.024419844150557,36.13757442028571,Q1 (23-36.1 ppb),4.5
1643.625,Transplant,0.46118177369865,Q1,Kidney,Ozone,79993,677201,23.024419844150557,36.13757442028571,Q1 (23-36.1 ppb),4.5
1674.0625,Death/delisted too sick,0.13706228844889026,Q1,Kidney,Ozone,79993,677201,23.024419844150557,36.13757442028571,Q1 (23-36.1 ppb),4.583333333333333
1674.0625,Transplant,0.4673949193806129,Q1,Kidney,Ozone,79993,677201,23.024419844150557,36.13757442028571,Q1 (23-36.1 ppb),4.583333333333333
1704.5,Death/delisted too sick,0.1397662115843537,Q1,Kidney,Ozone,79993,677201,23.024419844150557,36.13757442028571,Q1 (23-36.1 ppb),4.666666666666667
1704.5,Transplant,0.4730022349781001,Q1,Kidney,Ozone,79993,677201,23.024419844150557,36.13757442028571,Q1 (23-36.1 ppb),4.666666666666667
1734.9375,Death/delisted too sick,0.142277705247347,Q1,Kidney,Ozone,79993,677201,23.024419844150557,36.13757442028571,Q1 (23-36.1 ppb),4.75
1734.9375,Transplant,0.47916901836275133,Q1,Kidney,Ozone,79993,677201,23.024419844150557,36.13757442028571,Q1 (23-36.1 ppb),4.75
1765.375,Death/delisted too sick,0.14466158064405676,Q1,Kidney,Ozone,79993,677201,23.024419844150557,36.13757442028571,Q1 (23-36.1 ppb),4.833333333333333
1765.375,Transplant,0.48471493669919313,Q1,Kidney,Ozone,79993,677201,23.024419844150557,36.13757442028571,Q1 (23-36.1 ppb),4.833333333333333
1795.8125,Death/delisted too sick,0.14746446796583737,Q1,Kidney,Ozone,79993,677201,23.024419844150557,36.13757442028571,Q1 (23-36.1 ppb),4.916666666666667
1795.8125,Transplant,0.4902170685437075,Q1,Kidney,Ozone,79993,677201,23.024419844150557,36.13757442028571,Q1 (23-36.1 ppb),4.916666666666667
1826.25,Death/delisted too sick,0.15011411525065935,Q1,Kidney,Ozone,79993,677201,23.024419844150557,36.13757442028571,Q1 (23-36.1 ppb),5
1826.25,Transplant,0.4955562599568647,Q1,Kidney,Ozone,79993,677201,23.024419844150557,36.13757442028571,Q1 (23-36.1 ppb),5
0,Death/delisted too sick,0,Q2,Kidney,Ozone,79993,677201,36.137577291775834,38.07726185998798,Q2 (36.1-38.1 ppb),0
0,Transplant,0,Q2,Kidney,Ozone,79993,677201,36.137577291775834,38.07726185998798,Q2 (36.1-38.1 ppb),0
30.4375,Death/delisted too sick,0.003647882044386466,Q2,Kidney,Ozone,79993,677201,36.137577291775834,38.07726185998798,Q2 (36.1-38.1 ppb),0.08333333333333333
30.4375,Transplant,0.02070281743503967,Q2,Kidney,Ozone,79993,677201,36.137577291775834,38.07726185998798,Q2 (36.1-38.1 ppb),0.08333333333333333
60.875,Death/delisted too sick,0.005936279866026574,Q2,Kidney,Ozone,79993,677201,36.137577291775834,38.07726185998798,Q2 (36.1-38.1 ppb),0.16666666666666666
60.875,Transplant,0.035675167322902546,Q2,Kidney,Ozone,79993,677201,36.137577291775834,38.07726185998798,Q2 (36.1-38.1 ppb),0.16666666666666666
91.3125,Death/delisted too sick,0.007585761808488689,Q2,Kidney,Ozone,79993,677201,36.137577291775834,38.07726185998798,Q2 (36.1-38.1 ppb),0.25
91.3125,Transplant,0.051119323956290895,Q2,Kidney,Ozone,79993,677201,36.137577291775834,38.07726185998798,Q2 (36.1-38.1 ppb),0.25
121.75,Death/delisted too sick,0.009171382714453266,Q2,Kidney,Ozone,79993,677201,36.137577291775834,38.07726185998798,Q2 (36.1-38.1 ppb),0.3333333333333333
121.75,Transplant,0.06510862554040758,Q2,Kidney,Ozone,79993,677201,36.137577291775834,38.07726185998798,Q2 (36.1-38.1 ppb),0.3333333333333333
152.1875,Death/delisted too sick,0.010956598740651496,Q2,Kidney,Ozone,79993,677201,36.137577291775834,38.07726185998798,Q2 (36.1-38.1 ppb),0.4166666666666667
152.1875,Transplant,0.07882434436171229,Q2,Kidney,Ozone,79993,677201,36.137577291775834,38.07726185998798,Q2 (36.1-38.1 ppb),0.4166666666666667
182.625,Death/delisted too sick,0.012614220161968177,Q2,Kidney,Ozone,79993,677201,36.137577291775834,38.07726185998798,Q2 (36.1-38.1 ppb),0.5
182.625,Transplant,0.09201005322643067,Q2,Kidney,Ozone,79993,677201,36.137577291775834,38.07726185998798,Q2 (36.1-38.1 ppb),0.5
213.0625,Death/delisted too sick,0.014524839162903024,Q2,Kidney,Ozone,79993,677201,36.137577291775834,38.07726185998798,Q2 (36.1-38.1 ppb),0.5833333333333334
213.0625,Transplant,0.10476750172938773,Q2,Kidney,Ozone,79993,677201,36.137577291775834,38.07726185998798,Q2 (36.1-38.1 ppb),0.5833333333333334
243.5,Death/delisted too sick,0.016178067878979685,Q2,Kidney,Ozone,79993,677201,36.137577291775834,38.07726185998798,Q2 (36.1-38.1 ppb),0.6666666666666666
243.5,Transplant,0.11658065386449791,Q2,Kidney,Ozone,79993,677201,36.137577291775834,38.07726185998798,Q2 (36.1-38.1 ppb),0.6666666666666666
273.9375,Death/delisted too sick,0.01805001813166309,Q2,Kidney,Ozone,79993,677201,36.137577291775834,38.07726185998798,Q2 (36.1-38.1 ppb),0.75
273.9375,Transplant,0.12791436209647625,Q2,Kidney,Ozone,79993,677201,36.137577291775834,38.07726185998798,Q2 (36.1-38.1 ppb),0.75
304.375,Death/delisted too sick,0.0199595646580578,Q2,Kidney,Ozone,79993,677201,36.137577291775834,38.07726185998798,Q2 (36.1-38.1 ppb),0.8333333333333334
304.375,Transplant,0.13882250500261523,Q2,Kidney,Ozone,79993,677201,36.137577291775834,38.07726185998798,Q2 (36.1-38.1 ppb),0.8333333333333334
334.8125,Death/delisted too sick,0.02198516810430432,Q2,Kidney,Ozone,79993,677201,36.137577291775834,38.07726185998798,Q2 (36.1-38.1 ppb),0.9166666666666666
334.8125,Transplant,0.14891783020899654,Q2,Kidney,Ozone,79993,677201,36.137577291775834,38.07726185998798,Q2 (36.1-38.1 ppb),0.9166666666666666
365.25,Death/delisted too sick,0.023943321804212037,Q2,Kidney,Ozone,79993,677201,36.137577291775834,38.07726185998798,Q2 (36.1-38.1 ppb),1
365.25,Transplant,0.15935606319667617,Q2,Kidney,Ozone,79993,677201,36.137577291775834,38.07726185998798,Q2 (36.1-38.1 ppb),1
395.6875,Death/delisted too sick,0.025941511558716893,Q2,Kidney,Ozone,79993,677201,36.137577291775834,38.07726185998798,Q2 (36.1-38.1 ppb),1.0833333333333333
395.6875,Transplant,0.16988889345836833,Q2,Kidney,Ozone,79993,677201,36.137577291775834,38.07726185998798,Q2 (36.1-38.1 ppb),1.0833333333333333
426.125,Death/delisted too sick,0.02808163436569153,Q2,Kidney,Ozone,79993,677201,36.137577291775834,38.07726185998798,Q2 (36.1-38.1 ppb),1.1666666666666667
426.125,Transplant,0.1800859884544904,Q2,Kidney,Ozone,79993,677201,36.137577291775834,38.07726185998798,Q2 (36.1-38.1 ppb),1.1666666666666667
456.5625,Death/delisted too sick,0.03023261176875148,Q2,Kidney,Ozone,79993,677201,36.137577291775834,38.07726185998798,Q2 (36.1-38.1 ppb),1.25
456.5625,Transplant,0.18946717892000867,Q2,Kidney,Ozone,79993,677201,36.137577291775834,38.07726185998798,Q2 (36.1-38.1 ppb),1.25
487,Death/delisted too sick,0.032427963436046564,Q2,Kidney,Ozone,79993,677201,36.137577291775834,38.07726185998798,Q2 (36.1-38.1 ppb),1.3333333333333333
487,Transplant,0.19916979513144684,Q2,Kidney,Ozone,79993,677201,36.137577291775834,38.07726185998798,Q2 (36.1-38.1 ppb),1.3333333333333333
517.4375,Death/delisted too sick,0.034391107121557934,Q2,Kidney,Ozone,79993,677201,36.137577291775834,38.07726185998798,Q2 (36.1-38.1 ppb),1.4166666666666667
517.4375,Transplant,0.20838748501260712,Q2,Kidney,Ozone,79993,677201,36.137577291775834,38.07726185998798,Q2 (36.1-38.1 ppb),1.4166666666666667
547.875,Death/delisted too sick,0.03668329818811152,Q2,Kidney,Ozone,79993,677201,36.137577291775834,38.07726185998798,Q2 (36.1-38.1 ppb),1.5
547.875,Transplant,0.21666456185000038,Q2,Kidney,Ozone,79993,677201,36.137577291775834,38.07726185998798,Q2 (36.1-38.1 ppb),1.5
578.3125,Death/delisted too sick,0.03904490188342102,Q2,Kidney,Ozone,79993,677201,36.137577291775834,38.07726185998798,Q2 (36.1-38.1 ppb),1.5833333333333333
578.3125,Transplant,0.2250852082447041,Q2,Kidney,Ozone,79993,677201,36.137577291775834,38.07726185998798,Q2 (36.1-38.1 ppb),1.5833333333333333
608.75,Death/delisted too sick,0.04175718629872119,Q2,Kidney,Ozone,79993,677201,36.137577291775834,38.07726185998798,Q2 (36.1-38.1 ppb),1.6666666666666667
608.75,Transplant,0.23273107928807132,Q2,Kidney,Ozone,79993,677201,36.137577291775834,38.07726185998798,Q2 (36.1-38.1 ppb),1.6666666666666667
639.1875,Death/delisted too sick,0.04452878391735129,Q2,Kidney,Ozone,79993,677201,36.137577291775834,38.07726185998798,Q2 (36.1-38.1 ppb),1.75
639.1875,Transplant,0.2413411856801875,Q2,Kidney,Ozone,79993,677201,36.137577291775834,38.07726185998798,Q2 (36.1-38.1 ppb),1.75
669.625,Death/delisted too sick,0.04703797728188517,Q2,Kidney,Ozone,79993,677201,36.137577291775834,38.07726185998798,Q2 (36.1-38.1 ppb),1.8333333333333333
669.625,Transplant,0.24899582212912416,Q2,Kidney,Ozone,79993,677201,36.137577291775834,38.07726185998798,Q2 (36.1-38.1 ppb),1.8333333333333333
700.0625,Death/delisted too sick,0.049825499460018095,Q2,Kidney,Ozone,79993,677201,36.137577291775834,38.07726185998798,Q2 (36.1-38.1 ppb),1.9166666666666667
700.0625,Transplant,0.25662909152959107,Q2,Kidney,Ozone,79993,677201,36.137577291775834,38.07726185998798,Q2 (36.1-38.1 ppb),1.9166666666666667
730.5,Death/delisted too sick,0.05254072879058731,Q2,Kidney,Ozone,79993,677201,36.137577291775834,38.07726185998798,Q2 (36.1-38.1 ppb),2
730.5,Transplant,0.26376883508278,Q2,Kidney,Ozone,79993,677201,36.137577291775834,38.07726185998798,Q2 (36.1-38.1 ppb),2
760.9375,Death/delisted too sick,0.05493004587340091,Q2,Kidney,Ozone,79993,677201,36.137577291775834,38.07726185998798,Q2 (36.1-38.1 ppb),2.0833333333333335
760.9375,Transplant,0.2717260002285821,Q2,Kidney,Ozone,79993,677201,36.137577291775834,38.07726185998798,Q2 (36.1-38.1 ppb),2.0833333333333335
791.375,Death/delisted too sick,0.057702695633944444,Q2,Kidney,Ozone,79993,677201,36.137577291775834,38.07726185998798,Q2 (36.1-38.1 ppb),2.1666666666666665
791.375,Transplant,0.27974140759343796,Q2,Kidney,Ozone,79993,677201,36.137577291775834,38.07726185998798,Q2 (36.1-38.1 ppb),2.1666666666666665
821.8125,Death/delisted too sick,0.06027506971266856,Q2,Kidney,Ozone,79993,677201,36.137577291775834,38.07726185998798,Q2 (36.1-38.1 ppb),2.25
821.8125,Transplant,0.2872849855604858,Q2,Kidney,Ozone,79993,677201,36.137577291775834,38.07726185998798,Q2 (36.1-38.1 ppb),2.25
852.25,Death/delisted too sick,0.06306160462519356,Q2,Kidney,Ozone,79993,677201,36.137577291775834,38.07726185998798,Q2 (36.1-38.1 ppb),2.3333333333333335
852.25,Transplant,0.2945733806702236,Q2,Kidney,Ozone,79993,677201,36.137577291775834,38.07726185998798,Q2 (36.1-38.1 ppb),2.3333333333333335
882.6875,Death/delisted too sick,0.06603946538097753,Q2,Kidney,Ozone,79993,677201,36.137577291775834,38.07726185998798,Q2 (36.1-38.1 ppb),2.4166666666666665
882.6875,Transplant,0.30206492803664153,Q2,Kidney,Ozone,79993,677201,36.137577291775834,38.07726185998798,Q2 (36.1-38.1 ppb),2.4166666666666665
913.125,Death/delisted too sick,0.06912091664315105,Q2,Kidney,Ozone,79993,677201,36.137577291775834,38.07726185998798,Q2 (36.1-38.1 ppb),2.5
913.125,Transplant,0.3092472730238947,Q2,Kidney,Ozone,79993,677201,36.137577291775834,38.07726185998798,Q2 (36.1-38.1 ppb),2.5
943.5625,Death/delisted too sick,0.071902821081261,Q2,Kidney,Ozone,79993,677201,36.137577291775834,38.07726185998798,Q2 (36.1-38.1 ppb),2.5833333333333335
943.5625,Transplant,0.31610972082109984,Q2,Kidney,Ozone,79993,677201,36.137577291775834,38.07726185998798,Q2 (36.1-38.1 ppb),2.5833333333333335
974,Death/delisted too sick,0.07475668220961848,Q2,Kidney,Ozone,79993,677201,36.137577291775834,38.07726185998798,Q2 (36.1-38.1 ppb),2.6666666666666665
974,Transplant,0.3234710948890844,Q2,Kidney,Ozone,79993,677201,36.137577291775834,38.07726185998798,Q2 (36.1-38.1 ppb),2.6666666666666665
1004.4375,Death/delisted too sick,0.0770532586086926,Q2,Kidney,Ozone,79993,677201,36.137577291775834,38.07726185998798,Q2 (36.1-38.1 ppb),2.75
1004.4375,Transplant,0.33074269713481524,Q2,Kidney,Ozone,79993,677201,36.137577291775834,38.07726185998798,Q2 (36.1-38.1 ppb),2.75
1034.875,Death/delisted too sick,0.07955219419054269,Q2,Kidney,Ozone,79993,677201,36.137577291775834,38.07726185998798,Q2 (36.1-38.1 ppb),2.8333333333333335
1034.875,Transplant,0.3375498640688008,Q2,Kidney,Ozone,79993,677201,36.137577291775834,38.07726185998798,Q2 (36.1-38.1 ppb),2.8333333333333335
1065.3125,Death/delisted too sick,0.08257709146357144,Q2,Kidney,Ozone,79993,677201,36.137577291775834,38.07726185998798,Q2 (36.1-38.1 ppb),2.9166666666666665
1065.3125,Transplant,0.3443073992989516,Q2,Kidney,Ozone,79993,677201,36.137577291775834,38.07726185998798,Q2 (36.1-38.1 ppb),2.9166666666666665
1095.75,Death/delisted too sick,0.08543242576839669,Q2,Kidney,Ozone,79993,677201,36.137577291775834,38.07726185998798,Q2 (36.1-38.1 ppb),3
1095.75,Transplant,0.3503246593861838,Q2,Kidney,Ozone,79993,677201,36.137577291775834,38.07726185998798,Q2 (36.1-38.1 ppb),3
1126.1875,Death/delisted too sick,0.08841767820290437,Q2,Kidney,Ozone,79993,677201,36.137577291775834,38.07726185998798,Q2 (36.1-38.1 ppb),3.0833333333333335
1126.1875,Transplant,0.35703600541684805,Q2,Kidney,Ozone,79993,677201,36.137577291775834,38.07726185998798,Q2 (36.1-38.1 ppb),3.0833333333333335
1156.625,Death/delisted too sick,0.09122833859073633,Q2,Kidney,Ozone,79993,677201,36.137577291775834,38.07726185998798,Q2 (36.1-38.1 ppb),3.1666666666666665
1156.625,Transplant,0.36435547109532,Q2,Kidney,Ozone,79993,677201,36.137577291775834,38.07726185998798,Q2 (36.1-38.1 ppb),3.1666666666666665
1187.0625,Death/delisted too sick,0.09384619909058214,Q2,Kidney,Ozone,79993,677201,36.137577291775834,38.07726185998798,Q2 (36.1-38.1 ppb),3.25
1187.0625,Transplant,0.3709115200903631,Q2,Kidney,Ozone,79993,677201,36.137577291775834,38.07726185998798,Q2 (36.1-38.1 ppb),3.25
1217.5,Death/delisted too sick,0.0965382750674945,Q2,Kidney,Ozone,79993,677201,36.137577291775834,38.07726185998798,Q2 (36.1-38.1 ppb),3.3333333333333335
1217.5,Transplant,0.3774309687709686,Q2,Kidney,Ozone,79993,677201,36.137577291775834,38.07726185998798,Q2 (36.1-38.1 ppb),3.3333333333333335
1247.9375,Death/delisted too sick,0.09919412470790143,Q2,Kidney,Ozone,79993,677201,36.137577291775834,38.07726185998798,Q2 (36.1-38.1 ppb),3.4166666666666665
1247.9375,Transplant,0.38370928257009645,Q2,Kidney,Ozone,79993,677201,36.137577291775834,38.07726185998798,Q2 (36.1-38.1 ppb),3.4166666666666665
1278.375,Death/delisted too sick,0.1020718592943964,Q2,Kidney,Ozone,79993,677201,36.137577291775834,38.07726185998798,Q2 (36.1-38.1 ppb),3.5
1278.375,Transplant,0.3900635806208199,Q2,Kidney,Ozone,79993,677201,36.137577291775834,38.07726185998798,Q2 (36.1-38.1 ppb),3.5
1308.8125,Death/delisted too sick,0.10488805549352637,Q2,Kidney,Ozone,79993,677201,36.137577291775834,38.07726185998798,Q2 (36.1-38.1 ppb),3.5833333333333335
1308.8125,Transplant,0.3961231787693432,Q2,Kidney,Ozone,79993,677201,36.137577291775834,38.07726185998798,Q2 (36.1-38.1 ppb),3.5833333333333335
1339.25,Death/delisted too sick,0.10786136267090643,Q2,Kidney,Ozone,79993,677201,36.137577291775834,38.07726185998798,Q2 (36.1-38.1 ppb),3.6666666666666665
1339.25,Transplant,0.4024301426367252,Q2,Kidney,Ozone,79993,677201,36.137577291775834,38.07726185998798,Q2 (36.1-38.1 ppb),3.6666666666666665
1369.6875,Death/delisted too sick,0.11066541222892286,Q2,Kidney,Ozone,79993,677201,36.137577291775834,38.07726185998798,Q2 (36.1-38.1 ppb),3.75
1369.6875,Transplant,0.40841166675975454,Q2,Kidney,Ozone,79993,677201,36.137577291775834,38.07726185998798,Q2 (36.1-38.1 ppb),3.75
1400.125,Death/delisted too sick,0.11371917645741432,Q2,Kidney,Ozone,79993,677201,36.137577291775834,38.07726185998798,Q2 (36.1-38.1 ppb),3.8333333333333335
1400.125,Transplant,0.41474781180654974,Q2,Kidney,Ozone,79993,677201,36.137577291775834,38.07726185998798,Q2 (36.1-38.1 ppb),3.8333333333333335
1430.5625,Death/delisted too sick,0.11628309080973259,Q2,Kidney,Ozone,79993,677201,36.137577291775834,38.07726185998798,Q2 (36.1-38.1 ppb),3.9166666666666665
1430.5625,Transplant,0.4204039501327243,Q2,Kidney,Ozone,79993,677201,36.137577291775834,38.07726185998798,Q2 (36.1-38.1 ppb),3.9166666666666665
1461,Death/delisted too sick,0.11927202737398508,Q2,Kidney,Ozone,79993,677201,36.137577291775834,38.07726185998798,Q2 (36.1-38.1 ppb),4
1461,Transplant,0.4266958307738773,Q2,Kidney,Ozone,79993,677201,36.137577291775834,38.07726185998798,Q2 (36.1-38.1 ppb),4
1491.4375,Death/delisted too sick,0.12189847928296316,Q2,Kidney,Ozone,79993,677201,36.137577291775834,38.07726185998798,Q2 (36.1-38.1 ppb),4.083333333333333
1491.4375,Transplant,0.4332797955875986,Q2,Kidney,Ozone,79993,677201,36.137577291775834,38.07726185998798,Q2 (36.1-38.1 ppb),4.083333333333333
1521.875,Death/delisted too sick,0.12433664798316181,Q2,Kidney,Ozone,79993,677201,36.137577291775834,38.07726185998798,Q2 (36.1-38.1 ppb),4.166666666666667
1521.875,Transplant,0.4391775825629374,Q2,Kidney,Ozone,79993,677201,36.137577291775834,38.07726185998798,Q2 (36.1-38.1 ppb),4.166666666666667
1552.3125,Death/delisted too sick,0.1270435450530201,Q2,Kidney,Ozone,79993,677201,36.137577291775834,38.07726185998798,Q2 (36.1-38.1 ppb),4.25
1552.3125,Transplant,0.4456357943826615,Q2,Kidney,Ozone,79993,677201,36.137577291775834,38.07726185998798,Q2 (36.1-38.1 ppb),4.25
1582.75,Death/delisted too sick,0.129882481775295,Q2,Kidney,Ozone,79993,677201,36.137577291775834,38.07726185998798,Q2 (36.1-38.1 ppb),4.333333333333333
1582.75,Transplant,0.4511771737288563,Q2,Kidney,Ozone,79993,677201,36.137577291775834,38.07726185998798,Q2 (36.1-38.1 ppb),4.333333333333333
1613.1875,Death/delisted too sick,0.1325563345339824,Q2,Kidney,Ozone,79993,677201,36.137577291775834,38.07726185998798,Q2 (36.1-38.1 ppb),4.416666666666667
1613.1875,Transplant,0.4566163611523912,Q2,Kidney,Ozone,79993,677201,36.137577291775834,38.07726185998798,Q2 (36.1-38.1 ppb),4.416666666666667
1643.625,Death/delisted too sick,0.13522960140671383,Q2,Kidney,Ozone,79993,677201,36.137577291775834,38.07726185998798,Q2 (36.1-38.1 ppb),4.5
1643.625,Transplant,0.4621669642359315,Q2,Kidney,Ozone,79993,677201,36.137577291775834,38.07726185998798,Q2 (36.1-38.1 ppb),4.5
1674.0625,Death/delisted too sick,0.13776729086805392,Q2,Kidney,Ozone,79993,677201,36.137577291775834,38.07726185998798,Q2 (36.1-38.1 ppb),4.583333333333333
1674.0625,Transplant,0.4676863230091487,Q2,Kidney,Ozone,79993,677201,36.137577291775834,38.07726185998798,Q2 (36.1-38.1 ppb),4.583333333333333
1704.5,Death/delisted too sick,0.14047911020941767,Q2,Kidney,Ozone,79993,677201,36.137577291775834,38.07726185998798,Q2 (36.1-38.1 ppb),4.666666666666667
1704.5,Transplant,0.4734761543366547,Q2,Kidney,Ozone,79993,677201,36.137577291775834,38.07726185998798,Q2 (36.1-38.1 ppb),4.666666666666667
1734.9375,Death/delisted too sick,0.14302912472292684,Q2,Kidney,Ozone,79993,677201,36.137577291775834,38.07726185998798,Q2 (36.1-38.1 ppb),4.75
1734.9375,Transplant,0.47840329437445445,Q2,Kidney,Ozone,79993,677201,36.137577291775834,38.07726185998798,Q2 (36.1-38.1 ppb),4.75
1765.375,Death/delisted too sick,0.1461553850244946,Q2,Kidney,Ozone,79993,677201,36.137577291775834,38.07726185998798,Q2 (36.1-38.1 ppb),4.833333333333333
1765.375,Transplant,0.48354627033870184,Q2,Kidney,Ozone,79993,677201,36.137577291775834,38.07726185998798,Q2 (36.1-38.1 ppb),4.833333333333333
1795.8125,Death/delisted too sick,0.148763914105796,Q2,Kidney,Ozone,79993,677201,36.137577291775834,38.07726185998798,Q2 (36.1-38.1 ppb),4.916666666666667
1795.8125,Transplant,0.4883197850423816,Q2,Kidney,Ozone,79993,677201,36.137577291775834,38.07726185998798,Q2 (36.1-38.1 ppb),4.916666666666667
1826.25,Death/delisted too sick,0.15112752105781407,Q2,Kidney,Ozone,79993,677201,36.137577291775834,38.07726185998798,Q2 (36.1-38.1 ppb),5
1826.25,Transplant,0.49339117682539,Q2,Kidney,Ozone,79993,677201,36.137577291775834,38.07726185998798,Q2 (36.1-38.1 ppb),5
0,Death/delisted too sick,0,Q3,Kidney,Ozone,79993,677201,38.07726185998798,40.59348055895637,Q3 (38.1-40.6 ppb),0
0,Transplant,0,Q3,Kidney,Ozone,79993,677201,38.07726185998798,40.59348055895637,Q3 (38.1-40.6 ppb),0
30.4375,Death/delisted too sick,0.0030917840212958602,Q3,Kidney,Ozone,79993,677201,38.07726185998798,40.59348055895637,Q3 (38.1-40.6 ppb),0.08333333333333333
30.4375,Transplant,0.02146115513621764,Q3,Kidney,Ozone,79993,677201,38.07726185998798,40.59348055895637,Q3 (38.1-40.6 ppb),0.08333333333333333
60.875,Death/delisted too sick,0.0054127023724625,Q3,Kidney,Ozone,79993,677201,38.07726185998798,40.59348055895637,Q3 (38.1-40.6 ppb),0.16666666666666666
60.875,Transplant,0.03686955919008253,Q3,Kidney,Ozone,79993,677201,38.07726185998798,40.59348055895637,Q3 (38.1-40.6 ppb),0.16666666666666666
91.3125,Death/delisted too sick,0.007762846725696496,Q3,Kidney,Ozone,79993,677201,38.07726185998798,40.59348055895637,Q3 (38.1-40.6 ppb),0.25
91.3125,Transplant,0.05217846735459126,Q3,Kidney,Ozone,79993,677201,38.07726185998798,40.59348055895637,Q3 (38.1-40.6 ppb),0.25
121.75,Death/delisted too sick,0.009499899525965484,Q3,Kidney,Ozone,79993,677201,38.07726185998798,40.59348055895637,Q3 (38.1-40.6 ppb),0.3333333333333333
121.75,Transplant,0.06607348338694816,Q3,Kidney,Ozone,79993,677201,38.07726185998798,40.59348055895637,Q3 (38.1-40.6 ppb),0.3333333333333333
152.1875,Death/delisted too sick,0.011307917090057707,Q3,Kidney,Ozone,79993,677201,38.07726185998798,40.59348055895637,Q3 (38.1-40.6 ppb),0.4166666666666667
152.1875,Transplant,0.08004691151415384,Q3,Kidney,Ozone,79993,677201,38.07726185998798,40.59348055895637,Q3 (38.1-40.6 ppb),0.4166666666666667
182.625,Death/delisted too sick,0.013003805386640612,Q3,Kidney,Ozone,79993,677201,38.07726185998798,40.59348055895637,Q3 (38.1-40.6 ppb),0.5
182.625,Transplant,0.0928656892690473,Q3,Kidney,Ozone,79993,677201,38.07726185998798,40.59348055895637,Q3 (38.1-40.6 ppb),0.5
213.0625,Death/delisted too sick,0.014875649066769818,Q3,Kidney,Ozone,79993,677201,38.07726185998798,40.59348055895637,Q3 (38.1-40.6 ppb),0.5833333333333334
213.0625,Transplant,0.10510290649970104,Q3,Kidney,Ozone,79993,677201,38.07726185998798,40.59348055895637,Q3 (38.1-40.6 ppb),0.5833333333333334
243.5,Death/delisted too sick,0.01650103641442495,Q3,Kidney,Ozone,79993,677201,38.07726185998798,40.59348055895637,Q3 (38.1-40.6 ppb),0.6666666666666666
243.5,Transplant,0.11633703550460198,Q3,Kidney,Ozone,79993,677201,38.07726185998798,40.59348055895637,Q3 (38.1-40.6 ppb),0.6666666666666666
273.9375,Death/delisted too sick,0.018555226332886397,Q3,Kidney,Ozone,79993,677201,38.07726185998798,40.59348055895637,Q3 (38.1-40.6 ppb),0.75
273.9375,Transplant,0.1277493686201708,Q3,Kidney,Ozone,79993,677201,38.07726185998798,40.59348055895637,Q3 (38.1-40.6 ppb),0.75
304.375,Death/delisted too sick,0.020480662764551225,Q3,Kidney,Ozone,79993,677201,38.07726185998798,40.59348055895637,Q3 (38.1-40.6 ppb),0.8333333333333334
304.375,Transplant,0.13898844301752045,Q3,Kidney,Ozone,79993,677201,38.07726185998798,40.59348055895637,Q3 (38.1-40.6 ppb),0.8333333333333334
334.8125,Death/delisted too sick,0.02219249723588913,Q3,Kidney,Ozone,79993,677201,38.07726185998798,40.59348055895637,Q3 (38.1-40.6 ppb),0.9166666666666666
334.8125,Transplant,0.14890437892791591,Q3,Kidney,Ozone,79993,677201,38.07726185998798,40.59348055895637,Q3 (38.1-40.6 ppb),0.9166666666666666
365.25,Death/delisted too sick,0.02429294662420489,Q3,Kidney,Ozone,79993,677201,38.07726185998798,40.59348055895637,Q3 (38.1-40.6 ppb),1
365.25,Transplant,0.1587725381671637,Q3,Kidney,Ozone,79993,677201,38.07726185998798,40.59348055895637,Q3 (38.1-40.6 ppb),1
395.6875,Death/delisted too sick,0.02667482262001258,Q3,Kidney,Ozone,79993,677201,38.07726185998798,40.59348055895637,Q3 (38.1-40.6 ppb),1.0833333333333333
395.6875,Transplant,0.16893967969572316,Q3,Kidney,Ozone,79993,677201,38.07726185998798,40.59348055895637,Q3 (38.1-40.6 ppb),1.0833333333333333
426.125,Death/delisted too sick,0.028660499712557238,Q3,Kidney,Ozone,79993,677201,38.07726185998798,40.59348055895637,Q3 (38.1-40.6 ppb),1.1666666666666667
426.125,Transplant,0.17977504157203134,Q3,Kidney,Ozone,79993,677201,38.07726185998798,40.59348055895637,Q3 (38.1-40.6 ppb),1.1666666666666667
456.5625,Death/delisted too sick,0.030837593038215833,Q3,Kidney,Ozone,79993,677201,38.07726185998798,40.59348055895637,Q3 (38.1-40.6 ppb),1.25
456.5625,Transplant,0.18929661118815924,Q3,Kidney,Ozone,79993,677201,38.07726185998798,40.59348055895637,Q3 (38.1-40.6 ppb),1.25
487,Death/delisted too sick,0.033084095480549976,Q3,Kidney,Ozone,79993,677201,38.07726185998798,40.59348055895637,Q3 (38.1-40.6 ppb),1.3333333333333333
487,Transplant,0.19894266659050813,Q3,Kidney,Ozone,79993,677201,38.07726185998798,40.59348055895637,Q3 (38.1-40.6 ppb),1.3333333333333333
517.4375,Death/delisted too sick,0.035489326503688946,Q3,Kidney,Ozone,79993,677201,38.07726185998798,40.59348055895637,Q3 (38.1-40.6 ppb),1.4166666666666667
517.4375,Transplant,0.20854656582518044,Q3,Kidney,Ozone,79993,677201,38.07726185998798,40.59348055895637,Q3 (38.1-40.6 ppb),1.4166666666666667
547.875,Death/delisted too sick,0.03793325873795952,Q3,Kidney,Ozone,79993,677201,38.07726185998798,40.59348055895637,Q3 (38.1-40.6 ppb),1.5
547.875,Transplant,0.21728484127528344,Q3,Kidney,Ozone,79993,677201,38.07726185998798,40.59348055895637,Q3 (38.1-40.6 ppb),1.5
578.3125,Death/delisted too sick,0.04050440286908883,Q3,Kidney,Ozone,79993,677201,38.07726185998798,40.59348055895637,Q3 (38.1-40.6 ppb),1.5833333333333333
578.3125,Transplant,0.2257192556007551,Q3,Kidney,Ozone,79993,677201,38.07726185998798,40.59348055895637,Q3 (38.1-40.6 ppb),1.5833333333333333
608.75,Death/delisted too sick,0.0428018846484386,Q3,Kidney,Ozone,79993,677201,38.07726185998798,40.59348055895637,Q3 (38.1-40.6 ppb),1.6666666666666667
608.75,Transplant,0.23409278645834142,Q3,Kidney,Ozone,79993,677201,38.07726185998798,40.59348055895637,Q3 (38.1-40.6 ppb),1.6666666666666667
639.1875,Death/delisted too sick,0.04520459093382424,Q3,Kidney,Ozone,79993,677201,38.07726185998798,40.59348055895637,Q3 (38.1-40.6 ppb),1.75
639.1875,Transplant,0.2425478617359893,Q3,Kidney,Ozone,79993,677201,38.07726185998798,40.59348055895637,Q3 (38.1-40.6 ppb),1.75
669.625,Death/delisted too sick,0.04777050019573559,Q3,Kidney,Ozone,79993,677201,38.07726185998798,40.59348055895637,Q3 (38.1-40.6 ppb),1.8333333333333333
669.625,Transplant,0.25055270815471165,Q3,Kidney,Ozone,79993,677201,38.07726185998798,40.59348055895637,Q3 (38.1-40.6 ppb),1.8333333333333333
700.0625,Death/delisted too sick,0.0505134992988867,Q3,Kidney,Ozone,79993,677201,38.07726185998798,40.59348055895637,Q3 (38.1-40.6 ppb),1.9166666666666667
700.0625,Transplant,0.25886364535532774,Q3,Kidney,Ozone,79993,677201,38.07726185998798,40.59348055895637,Q3 (38.1-40.6 ppb),1.9166666666666667
730.5,Death/delisted too sick,0.053071729260176184,Q3,Kidney,Ozone,79993,677201,38.07726185998798,40.59348055895637,Q3 (38.1-40.6 ppb),2
730.5,Transplant,0.2660769575544639,Q3,Kidney,Ozone,79993,677201,38.07726185998798,40.59348055895637,Q3 (38.1-40.6 ppb),2
760.9375,Death/delisted too sick,0.05582428179596009,Q3,Kidney,Ozone,79993,677201,38.07726185998798,40.59348055895637,Q3 (38.1-40.6 ppb),2.0833333333333335
760.9375,Transplant,0.2750264835104872,Q3,Kidney,Ozone,79993,677201,38.07726185998798,40.59348055895637,Q3 (38.1-40.6 ppb),2.0833333333333335
791.375,Death/delisted too sick,0.05825102315638682,Q3,Kidney,Ozone,79993,677201,38.07726185998798,40.59348055895637,Q3 (38.1-40.6 ppb),2.1666666666666665
791.375,Transplant,0.283517597861769,Q3,Kidney,Ozone,79993,677201,38.07726185998798,40.59348055895637,Q3 (38.1-40.6 ppb),2.1666666666666665
821.8125,Death/delisted too sick,0.06096273417882756,Q3,Kidney,Ozone,79993,677201,38.07726185998798,40.59348055895637,Q3 (38.1-40.6 ppb),2.25
821.8125,Transplant,0.2913929984121728,Q3,Kidney,Ozone,79993,677201,38.07726185998798,40.59348055895637,Q3 (38.1-40.6 ppb),2.25
852.25,Death/delisted too sick,0.06354087526363193,Q3,Kidney,Ozone,79993,677201,38.07726185998798,40.59348055895637,Q3 (38.1-40.6 ppb),2.3333333333333335
852.25,Transplant,0.2990132683639699,Q3,Kidney,Ozone,79993,677201,38.07726185998798,40.59348055895637,Q3 (38.1-40.6 ppb),2.3333333333333335
882.6875,Death/delisted too sick,0.06646441800098257,Q3,Kidney,Ozone,79993,677201,38.07726185998798,40.59348055895637,Q3 (38.1-40.6 ppb),2.4166666666666665
882.6875,Transplant,0.3069067887333315,Q3,Kidney,Ozone,79993,677201,38.07726185998798,40.59348055895637,Q3 (38.1-40.6 ppb),2.4166666666666665
913.125,Death/delisted too sick,0.06929875339323961,Q3,Kidney,Ozone,79993,677201,38.07726185998798,40.59348055895637,Q3 (38.1-40.6 ppb),2.5
913.125,Transplant,0.3148526049091595,Q3,Kidney,Ozone,79993,677201,38.07726185998798,40.59348055895637,Q3 (38.1-40.6 ppb),2.5
943.5625,Death/delisted too sick,0.07213815318922367,Q3,Kidney,Ozone,79993,677201,38.07726185998798,40.59348055895637,Q3 (38.1-40.6 ppb),2.5833333333333335
943.5625,Transplant,0.3218893049526216,Q3,Kidney,Ozone,79993,677201,38.07726185998798,40.59348055895637,Q3 (38.1-40.6 ppb),2.5833333333333335
974,Death/delisted too sick,0.07515742237089393,Q3,Kidney,Ozone,79993,677201,38.07726185998798,40.59348055895637,Q3 (38.1-40.6 ppb),2.6666666666666665
974,Transplant,0.32896516021958544,Q3,Kidney,Ozone,79993,677201,38.07726185998798,40.59348055895637,Q3 (38.1-40.6 ppb),2.6666666666666665
1004.4375,Death/delisted too sick,0.07791465465712814,Q3,Kidney,Ozone,79993,677201,38.07726185998798,40.59348055895637,Q3 (38.1-40.6 ppb),2.75
1004.4375,Transplant,0.3361527636230501,Q3,Kidney,Ozone,79993,677201,38.07726185998798,40.59348055895637,Q3 (38.1-40.6 ppb),2.75
1034.875,Death/delisted too sick,0.08079145320504132,Q3,Kidney,Ozone,79993,677201,38.07726185998798,40.59348055895637,Q3 (38.1-40.6 ppb),2.8333333333333335
1034.875,Transplant,0.34303508137015076,Q3,Kidney,Ozone,79993,677201,38.07726185998798,40.59348055895637,Q3 (38.1-40.6 ppb),2.8333333333333335
1065.3125,Death/delisted too sick,0.08390149853453338,Q3,Kidney,Ozone,79993,677201,38.07726185998798,40.59348055895637,Q3 (38.1-40.6 ppb),2.9166666666666665
1065.3125,Transplant,0.35000275130246095,Q3,Kidney,Ozone,79993,677201,38.07726185998798,40.59348055895637,Q3 (38.1-40.6 ppb),2.9166666666666665
1095.75,Death/delisted too sick,0.08694016959599314,Q3,Kidney,Ozone,79993,677201,38.07726185998798,40.59348055895637,Q3 (38.1-40.6 ppb),3
1095.75,Transplant,0.3565579988557752,Q3,Kidney,Ozone,79993,677201,38.07726185998798,40.59348055895637,Q3 (38.1-40.6 ppb),3
1126.1875,Death/delisted too sick,0.08981083613118132,Q3,Kidney,Ozone,79993,677201,38.07726185998798,40.59348055895637,Q3 (38.1-40.6 ppb),3.0833333333333335
1126.1875,Transplant,0.3641507079791221,Q3,Kidney,Ozone,79993,677201,38.07726185998798,40.59348055895637,Q3 (38.1-40.6 ppb),3.0833333333333335
1156.625,Death/delisted too sick,0.09240818964929753,Q3,Kidney,Ozone,79993,677201,38.07726185998798,40.59348055895637,Q3 (38.1-40.6 ppb),3.1666666666666665
1156.625,Transplant,0.370786829322078,Q3,Kidney,Ozone,79993,677201,38.07726185998798,40.59348055895637,Q3 (38.1-40.6 ppb),3.1666666666666665
1187.0625,Death/delisted too sick,0.09527795687483169,Q3,Kidney,Ozone,79993,677201,38.07726185998798,40.59348055895637,Q3 (38.1-40.6 ppb),3.25
1187.0625,Transplant,0.37745764064082765,Q3,Kidney,Ozone,79993,677201,38.07726185998798,40.59348055895637,Q3 (38.1-40.6 ppb),3.25
1217.5,Death/delisted too sick,0.09801961652256401,Q3,Kidney,Ozone,79993,677201,38.07726185998798,40.59348055895637,Q3 (38.1-40.6 ppb),3.3333333333333335
1217.5,Transplant,0.38387948882053874,Q3,Kidney,Ozone,79993,677201,38.07726185998798,40.59348055895637,Q3 (38.1-40.6 ppb),3.3333333333333335
1247.9375,Death/delisted too sick,0.10076753090123954,Q3,Kidney,Ozone,79993,677201,38.07726185998798,40.59348055895637,Q3 (38.1-40.6 ppb),3.4166666666666665
1247.9375,Transplant,0.3898088383223224,Q3,Kidney,Ozone,79993,677201,38.07726185998798,40.59348055895637,Q3 (38.1-40.6 ppb),3.4166666666666665
1278.375,Death/delisted too sick,0.10337861702528016,Q3,Kidney,Ozone,79993,677201,38.07726185998798,40.59348055895637,Q3 (38.1-40.6 ppb),3.5
1278.375,Transplant,0.3963040072144063,Q3,Kidney,Ozone,79993,677201,38.07726185998798,40.59348055895637,Q3 (38.1-40.6 ppb),3.5
1308.8125,Death/delisted too sick,0.1058311260717102,Q3,Kidney,Ozone,79993,677201,38.07726185998798,40.59348055895637,Q3 (38.1-40.6 ppb),3.5833333333333335
1308.8125,Transplant,0.4024607464751013,Q3,Kidney,Ozone,79993,677201,38.07726185998798,40.59348055895637,Q3 (38.1-40.6 ppb),3.5833333333333335
1339.25,Death/delisted too sick,0.10902162487712157,Q3,Kidney,Ozone,79993,677201,38.07726185998798,40.59348055895637,Q3 (38.1-40.6 ppb),3.6666666666666665
1339.25,Transplant,0.4091181812294462,Q3,Kidney,Ozone,79993,677201,38.07726185998798,40.59348055895637,Q3 (38.1-40.6 ppb),3.6666666666666665
1369.6875,Death/delisted too sick,0.11180167701253102,Q3,Kidney,Ozone,79993,677201,38.07726185998798,40.59348055895637,Q3 (38.1-40.6 ppb),3.75
1369.6875,Transplant,0.41486387903796523,Q3,Kidney,Ozone,79993,677201,38.07726185998798,40.59348055895637,Q3 (38.1-40.6 ppb),3.75
1400.125,Death/delisted too sick,0.11471630410661841,Q3,Kidney,Ozone,79993,677201,38.07726185998798,40.59348055895637,Q3 (38.1-40.6 ppb),3.8333333333333335
1400.125,Transplant,0.4209638295401971,Q3,Kidney,Ozone,79993,677201,38.07726185998798,40.59348055895637,Q3 (38.1-40.6 ppb),3.8333333333333335
1430.5625,Death/delisted too sick,0.11743809450888866,Q3,Kidney,Ozone,79993,677201,38.07726185998798,40.59348055895637,Q3 (38.1-40.6 ppb),3.9166666666666665
1430.5625,Transplant,0.4267789219262564,Q3,Kidney,Ozone,79993,677201,38.07726185998798,40.59348055895637,Q3 (38.1-40.6 ppb),3.9166666666666665
1461,Death/delisted too sick,0.12010169175113357,Q3,Kidney,Ozone,79993,677201,38.07726185998798,40.59348055895637,Q3 (38.1-40.6 ppb),4
1461,Transplant,0.43317966597126994,Q3,Kidney,Ozone,79993,677201,38.07726185998798,40.59348055895637,Q3 (38.1-40.6 ppb),4
1491.4375,Death/delisted too sick,0.12258209610627244,Q3,Kidney,Ozone,79993,677201,38.07726185998798,40.59348055895637,Q3 (38.1-40.6 ppb),4.083333333333333
1491.4375,Transplant,0.4395772056451728,Q3,Kidney,Ozone,79993,677201,38.07726185998798,40.59348055895637,Q3 (38.1-40.6 ppb),4.083333333333333
1521.875,Death/delisted too sick,0.12552488870266115,Q3,Kidney,Ozone,79993,677201,38.07726185998798,40.59348055895637,Q3 (38.1-40.6 ppb),4.166666666666667
1521.875,Transplant,0.4451461487753035,Q3,Kidney,Ozone,79993,677201,38.07726185998798,40.59348055895637,Q3 (38.1-40.6 ppb),4.166666666666667
1552.3125,Death/delisted too sick,0.1281805270966545,Q3,Kidney,Ozone,79993,677201,38.07726185998798,40.59348055895637,Q3 (38.1-40.6 ppb),4.25
1552.3125,Transplant,0.45121090300918415,Q3,Kidney,Ozone,79993,677201,38.07726185998798,40.59348055895637,Q3 (38.1-40.6 ppb),4.25
1582.75,Death/delisted too sick,0.1310439150249854,Q3,Kidney,Ozone,79993,677201,38.07726185998798,40.59348055895637,Q3 (38.1-40.6 ppb),4.333333333333333
1582.75,Transplant,0.4572212729984422,Q3,Kidney,Ozone,79993,677201,38.07726185998798,40.59348055895637,Q3 (38.1-40.6 ppb),4.333333333333333
1613.1875,Death/delisted too sick,0.13353513272347237,Q3,Kidney,Ozone,79993,677201,38.07726185998798,40.59348055895637,Q3 (38.1-40.6 ppb),4.416666666666667
1613.1875,Transplant,0.46380286364662804,Q3,Kidney,Ozone,79993,677201,38.07726185998798,40.59348055895637,Q3 (38.1-40.6 ppb),4.416666666666667
1643.625,Death/delisted too sick,0.13626350006278193,Q3,Kidney,Ozone,79993,677201,38.07726185998798,40.59348055895637,Q3 (38.1-40.6 ppb),4.5
1643.625,Transplant,0.46959656364822977,Q3,Kidney,Ozone,79993,677201,38.07726185998798,40.59348055895637,Q3 (38.1-40.6 ppb),4.5
1674.0625,Death/delisted too sick,0.1388895690393708,Q3,Kidney,Ozone,79993,677201,38.07726185998798,40.59348055895637,Q3 (38.1-40.6 ppb),4.583333333333333
1674.0625,Transplant,0.4750799726042742,Q3,Kidney,Ozone,79993,677201,38.07726185998798,40.59348055895637,Q3 (38.1-40.6 ppb),4.583333333333333
1704.5,Death/delisted too sick,0.14136592924817215,Q3,Kidney,Ozone,79993,677201,38.07726185998798,40.59348055895637,Q3 (38.1-40.6 ppb),4.666666666666667
1704.5,Transplant,0.4801897911108677,Q3,Kidney,Ozone,79993,677201,38.07726185998798,40.59348055895637,Q3 (38.1-40.6 ppb),4.666666666666667
1734.9375,Death/delisted too sick,0.1437693781734392,Q3,Kidney,Ozone,79993,677201,38.07726185998798,40.59348055895637,Q3 (38.1-40.6 ppb),4.75
1734.9375,Transplant,0.4857209260316259,Q3,Kidney,Ozone,79993,677201,38.07726185998798,40.59348055895637,Q3 (38.1-40.6 ppb),4.75
1765.375,Death/delisted too sick,0.1462997566155236,Q3,Kidney,Ozone,79993,677201,38.07726185998798,40.59348055895637,Q3 (38.1-40.6 ppb),4.833333333333333
1765.375,Transplant,0.49114305465769453,Q3,Kidney,Ozone,79993,677201,38.07726185998798,40.59348055895637,Q3 (38.1-40.6 ppb),4.833333333333333
1795.8125,Death/delisted too sick,0.14871825079279477,Q3,Kidney,Ozone,79993,677201,38.07726185998798,40.59348055895637,Q3 (38.1-40.6 ppb),4.916666666666667
1795.8125,Transplant,0.4965032345566237,Q3,Kidney,Ozone,79993,677201,38.07726185998798,40.59348055895637,Q3 (38.1-40.6 ppb),4.916666666666667
1826.25,Death/delisted too sick,0.15130709332166845,Q3,Kidney,Ozone,79993,677201,38.07726185998798,40.59348055895637,Q3 (38.1-40.6 ppb),5
1826.25,Transplant,0.5020615291507222,Q3,Kidney,Ozone,79993,677201,38.07726185998798,40.59348055895637,Q3 (38.1-40.6 ppb),5
0,Death/delisted too sick,0,Q4,Kidney,Ozone,79993,677201,40.59348055895637,58.0891342163086,Q4 (40.6-58.1 ppb),0
0,Transplant,0,Q4,Kidney,Ozone,79993,677201,40.59348055895637,58.0891342163086,Q4 (40.6-58.1 ppb),0
30.4375,Death/delisted too sick,0.0033629105621492362,Q4,Kidney,Ozone,79993,677201,40.59348055895637,58.0891342163086,Q4 (40.6-58.1 ppb),0.08333333333333333
30.4375,Transplant,0.02064866065780229,Q4,Kidney,Ozone,79993,677201,40.59348055895637,58.0891342163086,Q4 (40.6-58.1 ppb),0.08333333333333333
60.875,Death/delisted too sick,0.0054517226244179305,Q4,Kidney,Ozone,79993,677201,40.59348055895637,58.0891342163086,Q4 (40.6-58.1 ppb),0.16666666666666666
60.875,Transplant,0.035407210913892484,Q4,Kidney,Ozone,79993,677201,40.59348055895637,58.0891342163086,Q4 (40.6-58.1 ppb),0.16666666666666666
91.3125,Death/delisted too sick,0.007633969479750719,Q4,Kidney,Ozone,79993,677201,40.59348055895637,58.0891342163086,Q4 (40.6-58.1 ppb),0.25
91.3125,Transplant,0.05163006720136191,Q4,Kidney,Ozone,79993,677201,40.59348055895637,58.0891342163086,Q4 (40.6-58.1 ppb),0.25
121.75,Death/delisted too sick,0.00945471036927628,Q4,Kidney,Ozone,79993,677201,40.59348055895637,58.0891342163086,Q4 (40.6-58.1 ppb),0.3333333333333333
121.75,Transplant,0.0661582136698092,Q4,Kidney,Ozone,79993,677201,40.59348055895637,58.0891342163086,Q4 (40.6-58.1 ppb),0.3333333333333333
152.1875,Death/delisted too sick,0.0113751170523642,Q4,Kidney,Ozone,79993,677201,40.59348055895637,58.0891342163086,Q4 (40.6-58.1 ppb),0.4166666666666667
152.1875,Transplant,0.08105204670548619,Q4,Kidney,Ozone,79993,677201,40.59348055895637,58.0891342163086,Q4 (40.6-58.1 ppb),0.4166666666666667
182.625,Death/delisted too sick,0.013296337146115804,Q4,Kidney,Ozone,79993,677201,40.59348055895637,58.0891342163086,Q4 (40.6-58.1 ppb),0.5
182.625,Transplant,0.09416661868408588,Q4,Kidney,Ozone,79993,677201,40.59348055895637,58.0891342163086,Q4 (40.6-58.1 ppb),0.5
213.0625,Death/delisted too sick,0.015150984351022722,Q4,Kidney,Ozone,79993,677201,40.59348055895637,58.0891342163086,Q4 (40.6-58.1 ppb),0.5833333333333334
213.0625,Transplant,0.10713212867492959,Q4,Kidney,Ozone,79993,677201,40.59348055895637,58.0891342163086,Q4 (40.6-58.1 ppb),0.5833333333333334
243.5,Death/delisted too sick,0.01688974160382214,Q4,Kidney,Ozone,79993,677201,40.59348055895637,58.0891342163086,Q4 (40.6-58.1 ppb),0.6666666666666666
243.5,Transplant,0.11898129641923107,Q4,Kidney,Ozone,79993,677201,40.59348055895637,58.0891342163086,Q4 (40.6-58.1 ppb),0.6666666666666666
273.9375,Death/delisted too sick,0.018946527923122538,Q4,Kidney,Ozone,79993,677201,40.59348055895637,58.0891342163086,Q4 (40.6-58.1 ppb),0.75
273.9375,Transplant,0.13105652856569647,Q4,Kidney,Ozone,79993,677201,40.59348055895637,58.0891342163086,Q4 (40.6-58.1 ppb),0.75
304.375,Death/delisted too sick,0.020971610312611865,Q4,Kidney,Ozone,79993,677201,40.59348055895637,58.0891342163086,Q4 (40.6-58.1 ppb),0.8333333333333334
304.375,Transplant,0.14206350461083248,Q4,Kidney,Ozone,79993,677201,40.59348055895637,58.0891342163086,Q4 (40.6-58.1 ppb),0.8333333333333334
334.8125,Death/delisted too sick,0.022950548169009762,Q4,Kidney,Ozone,79993,677201,40.59348055895637,58.0891342163086,Q4 (40.6-58.1 ppb),0.9166666666666666
334.8125,Transplant,0.15210787762185762,Q4,Kidney,Ozone,79993,677201,40.59348055895637,58.0891342163086,Q4 (40.6-58.1 ppb),0.9166666666666666
365.25,Death/delisted too sick,0.02499056356776983,Q4,Kidney,Ozone,79993,677201,40.59348055895637,58.0891342163086,Q4 (40.6-58.1 ppb),1
365.25,Transplant,0.1619342138554915,Q4,Kidney,Ozone,79993,677201,40.59348055895637,58.0891342163086,Q4 (40.6-58.1 ppb),1
395.6875,Death/delisted too sick,0.027161734409173917,Q4,Kidney,Ozone,79993,677201,40.59348055895637,58.0891342163086,Q4 (40.6-58.1 ppb),1.0833333333333333
395.6875,Transplant,0.17219797116125685,Q4,Kidney,Ozone,79993,677201,40.59348055895637,58.0891342163086,Q4 (40.6-58.1 ppb),1.0833333333333333
426.125,Death/delisted too sick,0.029288323405819973,Q4,Kidney,Ozone,79993,677201,40.59348055895637,58.0891342163086,Q4 (40.6-58.1 ppb),1.1666666666666667
426.125,Transplant,0.1828437292771842,Q4,Kidney,Ozone,79993,677201,40.59348055895637,58.0891342163086,Q4 (40.6-58.1 ppb),1.1666666666666667
456.5625,Death/delisted too sick,0.031695944911138904,Q4,Kidney,Ozone,79993,677201,40.59348055895637,58.0891342163086,Q4 (40.6-58.1 ppb),1.25
456.5625,Transplant,0.1923726691559127,Q4,Kidney,Ozone,79993,677201,40.59348055895637,58.0891342163086,Q4 (40.6-58.1 ppb),1.25
487,Death/delisted too sick,0.03399784185144477,Q4,Kidney,Ozone,79993,677201,40.59348055895637,58.0891342163086,Q4 (40.6-58.1 ppb),1.3333333333333333
487,Transplant,0.20169545029959052,Q4,Kidney,Ozone,79993,677201,40.59348055895637,58.0891342163086,Q4 (40.6-58.1 ppb),1.3333333333333333
517.4375,Death/delisted too sick,0.03663250214967231,Q4,Kidney,Ozone,79993,677201,40.59348055895637,58.0891342163086,Q4 (40.6-58.1 ppb),1.4166666666666667
517.4375,Transplant,0.21064988683198746,Q4,Kidney,Ozone,79993,677201,40.59348055895637,58.0891342163086,Q4 (40.6-58.1 ppb),1.4166666666666667
547.875,Death/delisted too sick,0.03886384473700052,Q4,Kidney,Ozone,79993,677201,40.59348055895637,58.0891342163086,Q4 (40.6-58.1 ppb),1.5
547.875,Transplant,0.21924138256174405,Q4,Kidney,Ozone,79993,677201,40.59348055895637,58.0891342163086,Q4 (40.6-58.1 ppb),1.5
578.3125,Death/delisted too sick,0.04118388713436658,Q4,Kidney,Ozone,79993,677201,40.59348055895637,58.0891342163086,Q4 (40.6-58.1 ppb),1.5833333333333333
578.3125,Transplant,0.22777604715341104,Q4,Kidney,Ozone,79993,677201,40.59348055895637,58.0891342163086,Q4 (40.6-58.1 ppb),1.5833333333333333
608.75,Death/delisted too sick,0.04342123880781396,Q4,Kidney,Ozone,79993,677201,40.59348055895637,58.0891342163086,Q4 (40.6-58.1 ppb),1.6666666666666667
608.75,Transplant,0.23570186639560367,Q4,Kidney,Ozone,79993,677201,40.59348055895637,58.0891342163086,Q4 (40.6-58.1 ppb),1.6666666666666667
639.1875,Death/delisted too sick,0.04595061074584805,Q4,Kidney,Ozone,79993,677201,40.59348055895637,58.0891342163086,Q4 (40.6-58.1 ppb),1.75
639.1875,Transplant,0.2434970037592371,Q4,Kidney,Ozone,79993,677201,40.59348055895637,58.0891342163086,Q4 (40.6-58.1 ppb),1.75
669.625,Death/delisted too sick,0.04807650705078948,Q4,Kidney,Ozone,79993,677201,40.59348055895637,58.0891342163086,Q4 (40.6-58.1 ppb),1.8333333333333333
669.625,Transplant,0.25015214516709855,Q4,Kidney,Ozone,79993,677201,40.59348055895637,58.0891342163086,Q4 (40.6-58.1 ppb),1.8333333333333333
700.0625,Death/delisted too sick,0.05072514346632332,Q4,Kidney,Ozone,79993,677201,40.59348055895637,58.0891342163086,Q4 (40.6-58.1 ppb),1.9166666666666667
700.0625,Transplant,0.25800817260263453,Q4,Kidney,Ozone,79993,677201,40.59348055895637,58.0891342163086,Q4 (40.6-58.1 ppb),1.9166666666666667
730.5,Death/delisted too sick,0.05360295794476236,Q4,Kidney,Ozone,79993,677201,40.59348055895637,58.0891342163086,Q4 (40.6-58.1 ppb),2
730.5,Transplant,0.26509564348387693,Q4,Kidney,Ozone,79993,677201,40.59348055895637,58.0891342163086,Q4 (40.6-58.1 ppb),2
760.9375,Death/delisted too sick,0.05601499544911588,Q4,Kidney,Ozone,79993,677201,40.59348055895637,58.0891342163086,Q4 (40.6-58.1 ppb),2.0833333333333335
760.9375,Transplant,0.27383218362592043,Q4,Kidney,Ozone,79993,677201,40.59348055895637,58.0891342163086,Q4 (40.6-58.1 ppb),2.0833333333333335
791.375,Death/delisted too sick,0.05848258800847102,Q4,Kidney,Ozone,79993,677201,40.59348055895637,58.0891342163086,Q4 (40.6-58.1 ppb),2.1666666666666665
791.375,Transplant,0.2823483085867967,Q4,Kidney,Ozone,79993,677201,40.59348055895637,58.0891342163086,Q4 (40.6-58.1 ppb),2.1666666666666665
821.8125,Death/delisted too sick,0.06089327392381997,Q4,Kidney,Ozone,79993,677201,40.59348055895637,58.0891342163086,Q4 (40.6-58.1 ppb),2.25
821.8125,Transplant,0.29065271440260554,Q4,Kidney,Ozone,79993,677201,40.59348055895637,58.0891342163086,Q4 (40.6-58.1 ppb),2.25
852.25,Death/delisted too sick,0.06378816823231184,Q4,Kidney,Ozone,79993,677201,40.59348055895637,58.0891342163086,Q4 (40.6-58.1 ppb),2.3333333333333335
852.25,Transplant,0.29823511380255235,Q4,Kidney,Ozone,79993,677201,40.59348055895637,58.0891342163086,Q4 (40.6-58.1 ppb),2.3333333333333335
882.6875,Death/delisted too sick,0.06644645045307626,Q4,Kidney,Ozone,79993,677201,40.59348055895637,58.0891342163086,Q4 (40.6-58.1 ppb),2.4166666666666665
882.6875,Transplant,0.3053420687883658,Q4,Kidney,Ozone,79993,677201,40.59348055895637,58.0891342163086,Q4 (40.6-58.1 ppb),2.4166666666666665
913.125,Death/delisted too sick,0.06926564324383713,Q4,Kidney,Ozone,79993,677201,40.59348055895637,58.0891342163086,Q4 (40.6-58.1 ppb),2.5
913.125,Transplant,0.3130165059860196,Q4,Kidney,Ozone,79993,677201,40.59348055895637,58.0891342163086,Q4 (40.6-58.1 ppb),2.5
943.5625,Death/delisted too sick,0.0719262698789261,Q4,Kidney,Ozone,79993,677201,40.59348055895637,58.0891342163086,Q4 (40.6-58.1 ppb),2.5833333333333335
943.5625,Transplant,0.3195026586082258,Q4,Kidney,Ozone,79993,677201,40.59348055895637,58.0891342163086,Q4 (40.6-58.1 ppb),2.5833333333333335
974,Death/delisted too sick,0.07441291463504639,Q4,Kidney,Ozone,79993,677201,40.59348055895637,58.0891342163086,Q4 (40.6-58.1 ppb),2.6666666666666665
974,Transplant,0.3265775534413922,Q4,Kidney,Ozone,79993,677201,40.59348055895637,58.0891342163086,Q4 (40.6-58.1 ppb),2.6666666666666665
1004.4375,Death/delisted too sick,0.07714244098037575,Q4,Kidney,Ozone,79993,677201,40.59348055895637,58.0891342163086,Q4 (40.6-58.1 ppb),2.75
1004.4375,Transplant,0.3331775069116993,Q4,Kidney,Ozone,79993,677201,40.59348055895637,58.0891342163086,Q4 (40.6-58.1 ppb),2.75
1034.875,Death/delisted too sick,0.07993948841810929,Q4,Kidney,Ozone,79993,677201,40.59348055895637,58.0891342163086,Q4 (40.6-58.1 ppb),2.8333333333333335
1034.875,Transplant,0.3394758242443451,Q4,Kidney,Ozone,79993,677201,40.59348055895637,58.0891342163086,Q4 (40.6-58.1 ppb),2.8333333333333335
1065.3125,Death/delisted too sick,0.08290513529360871,Q4,Kidney,Ozone,79993,677201,40.59348055895637,58.0891342163086,Q4 (40.6-58.1 ppb),2.9166666666666665
1065.3125,Transplant,0.3460859094531739,Q4,Kidney,Ozone,79993,677201,40.59348055895637,58.0891342163086,Q4 (40.6-58.1 ppb),2.9166666666666665
1095.75,Death/delisted too sick,0.08586267054648133,Q4,Kidney,Ozone,79993,677201,40.59348055895637,58.0891342163086,Q4 (40.6-58.1 ppb),3
1095.75,Transplant,0.3519275236029666,Q4,Kidney,Ozone,79993,677201,40.59348055895637,58.0891342163086,Q4 (40.6-58.1 ppb),3
1126.1875,Death/delisted too sick,0.08821860808200209,Q4,Kidney,Ozone,79993,677201,40.59348055895637,58.0891342163086,Q4 (40.6-58.1 ppb),3.0833333333333335
1126.1875,Transplant,0.3588998017049988,Q4,Kidney,Ozone,79993,677201,40.59348055895637,58.0891342163086,Q4 (40.6-58.1 ppb),3.0833333333333335
1156.625,Death/delisted too sick,0.09102052522679419,Q4,Kidney,Ozone,79993,677201,40.59348055895637,58.0891342163086,Q4 (40.6-58.1 ppb),3.1666666666666665
1156.625,Transplant,0.36553875841433403,Q4,Kidney,Ozone,79993,677201,40.59348055895637,58.0891342163086,Q4 (40.6-58.1 ppb),3.1666666666666665
1187.0625,Death/delisted too sick,0.09395107673734315,Q4,Kidney,Ozone,79993,677201,40.59348055895637,58.0891342163086,Q4 (40.6-58.1 ppb),3.25
1187.0625,Transplant,0.3725561669136207,Q4,Kidney,Ozone,79993,677201,40.59348055895637,58.0891342163086,Q4 (40.6-58.1 ppb),3.25
1217.5,Death/delisted too sick,0.09697061120959641,Q4,Kidney,Ozone,79993,677201,40.59348055895637,58.0891342163086,Q4 (40.6-58.1 ppb),3.3333333333333335
1217.5,Transplant,0.37878323657148744,Q4,Kidney,Ozone,79993,677201,40.59348055895637,58.0891342163086,Q4 (40.6-58.1 ppb),3.3333333333333335
1247.9375,Death/delisted too sick,0.09992428778690925,Q4,Kidney,Ozone,79993,677201,40.59348055895637,58.0891342163086,Q4 (40.6-58.1 ppb),3.4166666666666665
1247.9375,Transplant,0.3846959201122436,Q4,Kidney,Ozone,79993,677201,40.59348055895637,58.0891342163086,Q4 (40.6-58.1 ppb),3.4166666666666665
1278.375,Death/delisted too sick,0.10275181411413016,Q4,Kidney,Ozone,79993,677201,40.59348055895637,58.0891342163086,Q4 (40.6-58.1 ppb),3.5
1278.375,Transplant,0.39158771667262704,Q4,Kidney,Ozone,79993,677201,40.59348055895637,58.0891342163086,Q4 (40.6-58.1 ppb),3.5
1308.8125,Death/delisted too sick,0.10546721557477992,Q4,Kidney,Ozone,79993,677201,40.59348055895637,58.0891342163086,Q4 (40.6-58.1 ppb),3.5833333333333335
1308.8125,Transplant,0.3977389037808677,Q4,Kidney,Ozone,79993,677201,40.59348055895637,58.0891342163086,Q4 (40.6-58.1 ppb),3.5833333333333335
1339.25,Death/delisted too sick,0.10859481322204184,Q4,Kidney,Ozone,79993,677201,40.59348055895637,58.0891342163086,Q4 (40.6-58.1 ppb),3.6666666666666665
1339.25,Transplant,0.40420310743318527,Q4,Kidney,Ozone,79993,677201,40.59348055895637,58.0891342163086,Q4 (40.6-58.1 ppb),3.6666666666666665
1369.6875,Death/delisted too sick,0.1111730998656272,Q4,Kidney,Ozone,79993,677201,40.59348055895637,58.0891342163086,Q4 (40.6-58.1 ppb),3.75
1369.6875,Transplant,0.4099169744747283,Q4,Kidney,Ozone,79993,677201,40.59348055895637,58.0891342163086,Q4 (40.6-58.1 ppb),3.75
1400.125,Death/delisted too sick,0.11363820557967223,Q4,Kidney,Ozone,79993,677201,40.59348055895637,58.0891342163086,Q4 (40.6-58.1 ppb),3.8333333333333335
1400.125,Transplant,0.4156864406645241,Q4,Kidney,Ozone,79993,677201,40.59348055895637,58.0891342163086,Q4 (40.6-58.1 ppb),3.8333333333333335
1430.5625,Death/delisted too sick,0.116590112393255,Q4,Kidney,Ozone,79993,677201,40.59348055895637,58.0891342163086,Q4 (40.6-58.1 ppb),3.9166666666666665
1430.5625,Transplant,0.4211316787540056,Q4,Kidney,Ozone,79993,677201,40.59348055895637,58.0891342163086,Q4 (40.6-58.1 ppb),3.9166666666666665
1461,Death/delisted too sick,0.11947277006446491,Q4,Kidney,Ozone,79993,677201,40.59348055895637,58.0891342163086,Q4 (40.6-58.1 ppb),4
1461,Transplant,0.42728365883168956,Q4,Kidney,Ozone,79993,677201,40.59348055895637,58.0891342163086,Q4 (40.6-58.1 ppb),4
1491.4375,Death/delisted too sick,0.12193257153268208,Q4,Kidney,Ozone,79993,677201,40.59348055895637,58.0891342163086,Q4 (40.6-58.1 ppb),4.083333333333333
1491.4375,Transplant,0.4333994854936193,Q4,Kidney,Ozone,79993,677201,40.59348055895637,58.0891342163086,Q4 (40.6-58.1 ppb),4.083333333333333
1521.875,Death/delisted too sick,0.12473188762052319,Q4,Kidney,Ozone,79993,677201,40.59348055895637,58.0891342163086,Q4 (40.6-58.1 ppb),4.166666666666667
1521.875,Transplant,0.4389197020790358,Q4,Kidney,Ozone,79993,677201,40.59348055895637,58.0891342163086,Q4 (40.6-58.1 ppb),4.166666666666667
1552.3125,Death/delisted too sick,0.12727340979286556,Q4,Kidney,Ozone,79993,677201,40.59348055895637,58.0891342163086,Q4 (40.6-58.1 ppb),4.25
1552.3125,Transplant,0.44454474588175935,Q4,Kidney,Ozone,79993,677201,40.59348055895637,58.0891342163086,Q4 (40.6-58.1 ppb),4.25
1582.75,Death/delisted too sick,0.12994649033517441,Q4,Kidney,Ozone,79993,677201,40.59348055895637,58.0891342163086,Q4 (40.6-58.1 ppb),4.333333333333333
1582.75,Transplant,0.44953796282578934,Q4,Kidney,Ozone,79993,677201,40.59348055895637,58.0891342163086,Q4 (40.6-58.1 ppb),4.333333333333333
1613.1875,Death/delisted too sick,0.13249483454905742,Q4,Kidney,Ozone,79993,677201,40.59348055895637,58.0891342163086,Q4 (40.6-58.1 ppb),4.416666666666667
1613.1875,Transplant,0.45465819660798223,Q4,Kidney,Ozone,79993,677201,40.59348055895637,58.0891342163086,Q4 (40.6-58.1 ppb),4.416666666666667
1643.625,Death/delisted too sick,0.13486703572572917,Q4,Kidney,Ozone,79993,677201,40.59348055895637,58.0891342163086,Q4 (40.6-58.1 ppb),4.5
1643.625,Transplant,0.45982523781948886,Q4,Kidney,Ozone,79993,677201,40.59348055895637,58.0891342163086,Q4 (40.6-58.1 ppb),4.5
1674.0625,Death/delisted too sick,0.13749243421605384,Q4,Kidney,Ozone,79993,677201,40.59348055895637,58.0891342163086,Q4 (40.6-58.1 ppb),4.583333333333333
1674.0625,Transplant,0.4652782426982829,Q4,Kidney,Ozone,79993,677201,40.59348055895637,58.0891342163086,Q4 (40.6-58.1 ppb),4.583333333333333
1704.5,Death/delisted too sick,0.13981506371183636,Q4,Kidney,Ozone,79993,677201,40.59348055895637,58.0891342163086,Q4 (40.6-58.1 ppb),4.666666666666667
1704.5,Transplant,0.47042747257388173,Q4,Kidney,Ozone,79993,677201,40.59348055895637,58.0891342163086,Q4 (40.6-58.1 ppb),4.666666666666667
1734.9375,Death/delisted too sick,0.14248726619921215,Q4,Kidney,Ozone,79993,677201,40.59348055895637,58.0891342163086,Q4 (40.6-58.1 ppb),4.75
1734.9375,Transplant,0.4749861003124786,Q4,Kidney,Ozone,79993,677201,40.59348055895637,58.0891342163086,Q4 (40.6-58.1 ppb),4.75
1765.375,Death/delisted too sick,0.14497420783770956,Q4,Kidney,Ozone,79993,677201,40.59348055895637,58.0891342163086,Q4 (40.6-58.1 ppb),4.833333333333333
1765.375,Transplant,0.479964302716169,Q4,Kidney,Ozone,79993,677201,40.59348055895637,58.0891342163086,Q4 (40.6-58.1 ppb),4.833333333333333
1795.8125,Death/delisted too sick,0.14744863643052306,Q4,Kidney,Ozone,79993,677201,40.59348055895637,58.0891342163086,Q4 (40.6-58.1 ppb),4.916666666666667
1795.8125,Transplant,0.4846551290833952,Q4,Kidney,Ozone,79993,677201,40.59348055895637,58.0891342163086,Q4 (40.6-58.1 ppb),4.916666666666667
1826.25,Death/delisted too sick,0.1498395766610109,Q4,Kidney,Ozone,79993,677201,40.59348055895637,58.0891342163086,Q4 (40.6-58.1 ppb),5
1826.25,Transplant,0.4893962023101776,Q4,Kidney,Ozone,79993,677201,40.59348055895637,58.0891342163086,Q4 (40.6-58.1 ppb),5
0,Death/delisted too sick,0,Q1,Liver,Ozone,79995,217244,23.024419844150557,36.40123929341634,Q1 (23-36.4 ppb),0
0,Transplant,0,Q1,Liver,Ozone,79995,217244,23.024419844150557,36.40123929341634,Q1 (23-36.4 ppb),0
30.4375,Death/delisted too sick,0.0427638887954771,Q1,Liver,Ozone,79995,217244,23.024419844150557,36.40123929341634,Q1 (23-36.4 ppb),0.08333333333333333
30.4375,Transplant,0.21805950359120688,Q1,Liver,Ozone,79995,217244,23.024419844150557,36.40123929341634,Q1 (23-36.4 ppb),0.08333333333333333
60.875,Death/delisted too sick,0.05978185481895247,Q1,Liver,Ozone,79995,217244,23.024419844150557,36.40123929341634,Q1 (23-36.4 ppb),0.16666666666666666
60.875,Transplant,0.2806139271097411,Q1,Liver,Ozone,79995,217244,23.024419844150557,36.40123929341634,Q1 (23-36.4 ppb),0.16666666666666666
91.3125,Death/delisted too sick,0.07292951542315183,Q1,Liver,Ozone,79995,217244,23.024419844150557,36.40123929341634,Q1 (23-36.4 ppb),0.25
91.3125,Transplant,0.32561248543478316,Q1,Liver,Ozone,79995,217244,23.024419844150557,36.40123929341634,Q1 (23-36.4 ppb),0.25
121.75,Death/delisted too sick,0.08374475594640093,Q1,Liver,Ozone,79995,217244,23.024419844150557,36.40123929341634,Q1 (23-36.4 ppb),0.3333333333333333
121.75,Transplant,0.3615508713378417,Q1,Liver,Ozone,79995,217244,23.024419844150557,36.40123929341634,Q1 (23-36.4 ppb),0.3333333333333333
152.1875,Death/delisted too sick,0.09303388795120714,Q1,Liver,Ozone,79995,217244,23.024419844150557,36.40123929341634,Q1 (23-36.4 ppb),0.4166666666666667
152.1875,Transplant,0.3896047448480109,Q1,Liver,Ozone,79995,217244,23.024419844150557,36.40123929341634,Q1 (23-36.4 ppb),0.4166666666666667
182.625,Death/delisted too sick,0.1028076435342691,Q1,Liver,Ozone,79995,217244,23.024419844150557,36.40123929341634,Q1 (23-36.4 ppb),0.5
182.625,Transplant,0.4114621682421593,Q1,Liver,Ozone,79995,217244,23.024419844150557,36.40123929341634,Q1 (23-36.4 ppb),0.5
213.0625,Death/delisted too sick,0.11033299978056728,Q1,Liver,Ozone,79995,217244,23.024419844150557,36.40123929341634,Q1 (23-36.4 ppb),0.5833333333333334
213.0625,Transplant,0.43939564838776213,Q1,Liver,Ozone,79995,217244,23.024419844150557,36.40123929341634,Q1 (23-36.4 ppb),0.5833333333333334
243.5,Death/delisted too sick,0.11711182543611041,Q1,Liver,Ozone,79995,217244,23.024419844150557,36.40123929341634,Q1 (23-36.4 ppb),0.6666666666666666
243.5,Transplant,0.4626451278493165,Q1,Liver,Ozone,79995,217244,23.024419844150557,36.40123929341634,Q1 (23-36.4 ppb),0.6666666666666666
273.9375,Death/delisted too sick,0.12369544575602273,Q1,Liver,Ozone,79995,217244,23.024419844150557,36.40123929341634,Q1 (23-36.4 ppb),0.75
273.9375,Transplant,0.4819602229988017,Q1,Liver,Ozone,79995,217244,23.024419844150557,36.40123929341634,Q1 (23-36.4 ppb),0.75
304.375,Death/delisted too sick,0.13039418370954234,Q1,Liver,Ozone,79995,217244,23.024419844150557,36.40123929341634,Q1 (23-36.4 ppb),0.8333333333333334
304.375,Transplant,0.4985330669877551,Q1,Liver,Ozone,79995,217244,23.024419844150557,36.40123929341634,Q1 (23-36.4 ppb),0.8333333333333334
334.8125,Death/delisted too sick,0.13606557119625537,Q1,Liver,Ozone,79995,217244,23.024419844150557,36.40123929341634,Q1 (23-36.4 ppb),0.9166666666666666
334.8125,Transplant,0.5132969012270205,Q1,Liver,Ozone,79995,217244,23.024419844150557,36.40123929341634,Q1 (23-36.4 ppb),0.9166666666666666
365.25,Death/delisted too sick,0.1403943618224171,Q1,Liver,Ozone,79995,217244,23.024419844150557,36.40123929341634,Q1 (23-36.4 ppb),1
365.25,Transplant,0.5274078891168114,Q1,Liver,Ozone,79995,217244,23.024419844150557,36.40123929341634,Q1 (23-36.4 ppb),1
395.6875,Death/delisted too sick,0.14486909586287977,Q1,Liver,Ozone,79995,217244,23.024419844150557,36.40123929341634,Q1 (23-36.4 ppb),1.0833333333333333
395.6875,Transplant,0.5408438456911112,Q1,Liver,Ozone,79995,217244,23.024419844150557,36.40123929341634,Q1 (23-36.4 ppb),1.0833333333333333
426.125,Death/delisted too sick,0.1488851349889153,Q1,Liver,Ozone,79995,217244,23.024419844150557,36.40123929341634,Q1 (23-36.4 ppb),1.1666666666666667
426.125,Transplant,0.5513551914631953,Q1,Liver,Ozone,79995,217244,23.024419844150557,36.40123929341634,Q1 (23-36.4 ppb),1.1666666666666667
456.5625,Death/delisted too sick,0.15247574724274232,Q1,Liver,Ozone,79995,217244,23.024419844150557,36.40123929341634,Q1 (23-36.4 ppb),1.25
456.5625,Transplant,0.5612936552844472,Q1,Liver,Ozone,79995,217244,23.024419844150557,36.40123929341634,Q1 (23-36.4 ppb),1.25
487,Death/delisted too sick,0.156577796720825,Q1,Liver,Ozone,79995,217244,23.024419844150557,36.40123929341634,Q1 (23-36.4 ppb),1.3333333333333333
487,Transplant,0.5726187582109503,Q1,Liver,Ozone,79995,217244,23.024419844150557,36.40123929341634,Q1 (23-36.4 ppb),1.3333333333333333
517.4375,Death/delisted too sick,0.16051651696584338,Q1,Liver,Ozone,79995,217244,23.024419844150557,36.40123929341634,Q1 (23-36.4 ppb),1.4166666666666667
517.4375,Transplant,0.5803456227107634,Q1,Liver,Ozone,79995,217244,23.024419844150557,36.40123929341634,Q1 (23-36.4 ppb),1.4166666666666667
547.875,Death/delisted too sick,0.16316323564499544,Q1,Liver,Ozone,79995,217244,23.024419844150557,36.40123929341634,Q1 (23-36.4 ppb),1.5
547.875,Transplant,0.5880096828575796,Q1,Liver,Ozone,79995,217244,23.024419844150557,36.40123929341634,Q1 (23-36.4 ppb),1.5
578.3125,Death/delisted too sick,0.1660288781905827,Q1,Liver,Ozone,79995,217244,23.024419844150557,36.40123929341634,Q1 (23-36.4 ppb),1.5833333333333333
578.3125,Transplant,0.5947907079097005,Q1,Liver,Ozone,79995,217244,23.024419844150557,36.40123929341634,Q1 (23-36.4 ppb),1.5833333333333333
608.75,Death/delisted too sick,0.16850157769802765,Q1,Liver,Ozone,79995,217244,23.024419844150557,36.40123929341634,Q1 (23-36.4 ppb),1.6666666666666667
608.75,Transplant,0.6007519790646707,Q1,Liver,Ozone,79995,217244,23.024419844150557,36.40123929341634,Q1 (23-36.4 ppb),1.6666666666666667
639.1875,Death/delisted too sick,0.17161650938835923,Q1,Liver,Ozone,79995,217244,23.024419844150557,36.40123929341634,Q1 (23-36.4 ppb),1.75
639.1875,Transplant,0.6067319445144053,Q1,Liver,Ozone,79995,217244,23.024419844150557,36.40123929341634,Q1 (23-36.4 ppb),1.75
669.625,Death/delisted too sick,0.1737846909412434,Q1,Liver,Ozone,79995,217244,23.024419844150557,36.40123929341634,Q1 (23-36.4 ppb),1.8333333333333333
669.625,Transplant,0.6122460840820249,Q1,Liver,Ozone,79995,217244,23.024419844150557,36.40123929341634,Q1 (23-36.4 ppb),1.8333333333333333
700.0625,Death/delisted too sick,0.17639611601514124,Q1,Liver,Ozone,79995,217244,23.024419844150557,36.40123929341634,Q1 (23-36.4 ppb),1.9166666666666667
700.0625,Transplant,0.6164285310984003,Q1,Liver,Ozone,79995,217244,23.024419844150557,36.40123929341634,Q1 (23-36.4 ppb),1.9166666666666667
730.5,Death/delisted too sick,0.17838003097343483,Q1,Liver,Ozone,79995,217244,23.024419844150557,36.40123929341634,Q1 (23-36.4 ppb),2
730.5,Transplant,0.6196831273356724,Q1,Liver,Ozone,79995,217244,23.024419844150557,36.40123929341634,Q1 (23-36.4 ppb),2
760.9375,Death/delisted too sick,0.1804961121149536,Q1,Liver,Ozone,79995,217244,23.024419844150557,36.40123929341634,Q1 (23-36.4 ppb),2.0833333333333335
760.9375,Transplant,0.6233431470993266,Q1,Liver,Ozone,79995,217244,23.024419844150557,36.40123929341634,Q1 (23-36.4 ppb),2.0833333333333335
791.375,Death/delisted too sick,0.1828472967746847,Q1,Liver,Ozone,79995,217244,23.024419844150557,36.40123929341634,Q1 (23-36.4 ppb),2.1666666666666665
791.375,Transplant,0.6267433197532255,Q1,Liver,Ozone,79995,217244,23.024419844150557,36.40123929341634,Q1 (23-36.4 ppb),2.1666666666666665
821.8125,Death/delisted too sick,0.18523313427789942,Q1,Liver,Ozone,79995,217244,23.024419844150557,36.40123929341634,Q1 (23-36.4 ppb),2.25
821.8125,Transplant,0.629688061571673,Q1,Liver,Ozone,79995,217244,23.024419844150557,36.40123929341634,Q1 (23-36.4 ppb),2.25
852.25,Death/delisted too sick,0.1874783541887541,Q1,Liver,Ozone,79995,217244,23.024419844150557,36.40123929341634,Q1 (23-36.4 ppb),2.3333333333333335
852.25,Transplant,0.6320911221731392,Q1,Liver,Ozone,79995,217244,23.024419844150557,36.40123929341634,Q1 (23-36.4 ppb),2.3333333333333335
882.6875,Death/delisted too sick,0.18937954179367966,Q1,Liver,Ozone,79995,217244,23.024419844150557,36.40123929341634,Q1 (23-36.4 ppb),2.4166666666666665
882.6875,Transplant,0.6346730593939708,Q1,Liver,Ozone,79995,217244,23.024419844150557,36.40123929341634,Q1 (23-36.4 ppb),2.4166666666666665
913.125,Death/delisted too sick,0.19105623989681914,Q1,Liver,Ozone,79995,217244,23.024419844150557,36.40123929341634,Q1 (23-36.4 ppb),2.5
913.125,Transplant,0.6367142625879749,Q1,Liver,Ozone,79995,217244,23.024419844150557,36.40123929341634,Q1 (23-36.4 ppb),2.5
943.5625,Death/delisted too sick,0.19350877341050052,Q1,Liver,Ozone,79995,217244,23.024419844150557,36.40123929341634,Q1 (23-36.4 ppb),2.5833333333333335
943.5625,Transplant,0.6388954526454579,Q1,Liver,Ozone,79995,217244,23.024419844150557,36.40123929341634,Q1 (23-36.4 ppb),2.5833333333333335
974,Death/delisted too sick,0.19516321294978453,Q1,Liver,Ozone,79995,217244,23.024419844150557,36.40123929341634,Q1 (23-36.4 ppb),2.6666666666666665
974,Transplant,0.6408999124654927,Q1,Liver,Ozone,79995,217244,23.024419844150557,36.40123929341634,Q1 (23-36.4 ppb),2.6666666666666665
1004.4375,Death/delisted too sick,0.19677245257850806,Q1,Liver,Ozone,79995,217244,23.024419844150557,36.40123929341634,Q1 (23-36.4 ppb),2.75
1004.4375,Transplant,0.6432625181040618,Q1,Liver,Ozone,79995,217244,23.024419844150557,36.40123929341634,Q1 (23-36.4 ppb),2.75
1034.875,Death/delisted too sick,0.1986407500046941,Q1,Liver,Ozone,79995,217244,23.024419844150557,36.40123929341634,Q1 (23-36.4 ppb),2.8333333333333335
1034.875,Transplant,0.645276180418123,Q1,Liver,Ozone,79995,217244,23.024419844150557,36.40123929341634,Q1 (23-36.4 ppb),2.8333333333333335
1065.3125,Death/delisted too sick,0.20072885415259592,Q1,Liver,Ozone,79995,217244,23.024419844150557,36.40123929341634,Q1 (23-36.4 ppb),2.9166666666666665
1065.3125,Transplant,0.6467325305970887,Q1,Liver,Ozone,79995,217244,23.024419844150557,36.40123929341634,Q1 (23-36.4 ppb),2.9166666666666665
1095.75,Death/delisted too sick,0.20242568275623565,Q1,Liver,Ozone,79995,217244,23.024419844150557,36.40123929341634,Q1 (23-36.4 ppb),3
1095.75,Transplant,0.6483678315797559,Q1,Liver,Ozone,79995,217244,23.024419844150557,36.40123929341634,Q1 (23-36.4 ppb),3
1126.1875,Death/delisted too sick,0.20397169046877703,Q1,Liver,Ozone,79995,217244,23.024419844150557,36.40123929341634,Q1 (23-36.4 ppb),3.0833333333333335
1126.1875,Transplant,0.6498235464146795,Q1,Liver,Ozone,79995,217244,23.024419844150557,36.40123929341634,Q1 (23-36.4 ppb),3.0833333333333335
1156.625,Death/delisted too sick,0.20543092863196924,Q1,Liver,Ozone,79995,217244,23.024419844150557,36.40123929341634,Q1 (23-36.4 ppb),3.1666666666666665
1156.625,Transplant,0.6515503700856926,Q1,Liver,Ozone,79995,217244,23.024419844150557,36.40123929341634,Q1 (23-36.4 ppb),3.1666666666666665
1187.0625,Death/delisted too sick,0.2068334396597524,Q1,Liver,Ozone,79995,217244,23.024419844150557,36.40123929341634,Q1 (23-36.4 ppb),3.25
1187.0625,Transplant,0.6528033330465102,Q1,Liver,Ozone,79995,217244,23.024419844150557,36.40123929341634,Q1 (23-36.4 ppb),3.25
1217.5,Death/delisted too sick,0.20798629883488626,Q1,Liver,Ozone,79995,217244,23.024419844150557,36.40123929341634,Q1 (23-36.4 ppb),3.3333333333333335
1217.5,Transplant,0.6544128505519774,Q1,Liver,Ozone,79995,217244,23.024419844150557,36.40123929341634,Q1 (23-36.4 ppb),3.3333333333333335
1247.9375,Death/delisted too sick,0.2089017846008654,Q1,Liver,Ozone,79995,217244,23.024419844150557,36.40123929341634,Q1 (23-36.4 ppb),3.4166666666666665
1247.9375,Transplant,0.6558824546179249,Q1,Liver,Ozone,79995,217244,23.024419844150557,36.40123929341634,Q1 (23-36.4 ppb),3.4166666666666665
1278.375,Death/delisted too sick,0.20983548380888184,Q1,Liver,Ozone,79995,217244,23.024419844150557,36.40123929341634,Q1 (23-36.4 ppb),3.5
1278.375,Transplant,0.657345501805389,Q1,Liver,Ozone,79995,217244,23.024419844150557,36.40123929341634,Q1 (23-36.4 ppb),3.5
1308.8125,Death/delisted too sick,0.2112237205672406,Q1,Liver,Ozone,79995,217244,23.024419844150557,36.40123929341634,Q1 (23-36.4 ppb),3.5833333333333335
1308.8125,Transplant,0.6592710790057855,Q1,Liver,Ozone,79995,217244,23.024419844150557,36.40123929341634,Q1 (23-36.4 ppb),3.5833333333333335
1339.25,Death/delisted too sick,0.21222656462240955,Q1,Liver,Ozone,79995,217244,23.024419844150557,36.40123929341634,Q1 (23-36.4 ppb),3.6666666666666665
1339.25,Transplant,0.660527377736137,Q1,Liver,Ozone,79995,217244,23.024419844150557,36.40123929341634,Q1 (23-36.4 ppb),3.6666666666666665
1369.6875,Death/delisted too sick,0.21327237601411236,Q1,Liver,Ozone,79995,217244,23.024419844150557,36.40123929341634,Q1 (23-36.4 ppb),3.75
1369.6875,Transplant,0.6623907191591943,Q1,Liver,Ozone,79995,217244,23.024419844150557,36.40123929341634,Q1 (23-36.4 ppb),3.75
1400.125,Death/delisted too sick,0.21426150242314165,Q1,Liver,Ozone,79995,217244,23.024419844150557,36.40123929341634,Q1 (23-36.4 ppb),3.8333333333333335
1400.125,Transplant,0.6632724485985372,Q1,Liver,Ozone,79995,217244,23.024419844150557,36.40123929341634,Q1 (23-36.4 ppb),3.8333333333333335
1430.5625,Death/delisted too sick,0.21535019959999363,Q1,Liver,Ozone,79995,217244,23.024419844150557,36.40123929341634,Q1 (23-36.4 ppb),3.9166666666666665
1430.5625,Transplant,0.6641511730902384,Q1,Liver,Ozone,79995,217244,23.024419844150557,36.40123929341634,Q1 (23-36.4 ppb),3.9166666666666665
1461,Death/delisted too sick,0.2167239117177926,Q1,Liver,Ozone,79995,217244,23.024419844150557,36.40123929341634,Q1 (23-36.4 ppb),4
1461,Transplant,0.6651095235530409,Q1,Liver,Ozone,79995,217244,23.024419844150557,36.40123929341634,Q1 (23-36.4 ppb),4
1491.4375,Death/delisted too sick,0.21767828400810052,Q1,Liver,Ozone,79995,217244,23.024419844150557,36.40123929341634,Q1 (23-36.4 ppb),4.083333333333333
1491.4375,Transplant,0.666187034908345,Q1,Liver,Ozone,79995,217244,23.024419844150557,36.40123929341634,Q1 (23-36.4 ppb),4.083333333333333
1521.875,Death/delisted too sick,0.21858070986706385,Q1,Liver,Ozone,79995,217244,23.024419844150557,36.40123929341634,Q1 (23-36.4 ppb),4.166666666666667
1521.875,Transplant,0.6675570723441508,Q1,Liver,Ozone,79995,217244,23.024419844150557,36.40123929341634,Q1 (23-36.4 ppb),4.166666666666667
1552.3125,Death/delisted too sick,0.21989647564140163,Q1,Liver,Ozone,79995,217244,23.024419844150557,36.40123929341634,Q1 (23-36.4 ppb),4.25
1552.3125,Transplant,0.6684962113059133,Q1,Liver,Ozone,79995,217244,23.024419844150557,36.40123929341634,Q1 (23-36.4 ppb),4.25
1582.75,Death/delisted too sick,0.2208726845694307,Q1,Liver,Ozone,79995,217244,23.024419844150557,36.40123929341634,Q1 (23-36.4 ppb),4.333333333333333
1582.75,Transplant,0.6695240432377385,Q1,Liver,Ozone,79995,217244,23.024419844150557,36.40123929341634,Q1 (23-36.4 ppb),4.333333333333333
1613.1875,Death/delisted too sick,0.2219278110893808,Q1,Liver,Ozone,79995,217244,23.024419844150557,36.40123929341634,Q1 (23-36.4 ppb),4.416666666666667
1613.1875,Transplant,0.6703872026027924,Q1,Liver,Ozone,79995,217244,23.024419844150557,36.40123929341634,Q1 (23-36.4 ppb),4.416666666666667
1643.625,Death/delisted too sick,0.2233340236341354,Q1,Liver,Ozone,79995,217244,23.024419844150557,36.40123929341634,Q1 (23-36.4 ppb),4.5
1643.625,Transplant,0.6710704410209879,Q1,Liver,Ozone,79995,217244,23.024419844150557,36.40123929341634,Q1 (23-36.4 ppb),4.5
1674.0625,Death/delisted too sick,0.2238938624680129,Q1,Liver,Ozone,79995,217244,23.024419844150557,36.40123929341634,Q1 (23-36.4 ppb),4.583333333333333
1674.0625,Transplant,0.6719233672577857,Q1,Liver,Ozone,79995,217244,23.024419844150557,36.40123929341634,Q1 (23-36.4 ppb),4.583333333333333
1704.5,Death/delisted too sick,0.22475886520637567,Q1,Liver,Ozone,79995,217244,23.024419844150557,36.40123929341634,Q1 (23-36.4 ppb),4.666666666666667
1704.5,Transplant,0.6724622449677055,Q1,Liver,Ozone,79995,217244,23.024419844150557,36.40123929341634,Q1 (23-36.4 ppb),4.666666666666667
1734.9375,Death/delisted too sick,0.22552803004404282,Q1,Liver,Ozone,79995,217244,23.024419844150557,36.40123929341634,Q1 (23-36.4 ppb),4.75
1734.9375,Transplant,0.6732753939946776,Q1,Liver,Ozone,79995,217244,23.024419844150557,36.40123929341634,Q1 (23-36.4 ppb),4.75
1765.375,Death/delisted too sick,0.22620704332447505,Q1,Liver,Ozone,79995,217244,23.024419844150557,36.40123929341634,Q1 (23-36.4 ppb),4.833333333333333
1765.375,Transplant,0.6739995019063566,Q1,Liver,Ozone,79995,217244,23.024419844150557,36.40123929341634,Q1 (23-36.4 ppb),4.833333333333333
1795.8125,Death/delisted too sick,0.22702734131061983,Q1,Liver,Ozone,79995,217244,23.024419844150557,36.40123929341634,Q1 (23-36.4 ppb),4.916666666666667
1795.8125,Transplant,0.6748589203584661,Q1,Liver,Ozone,79995,217244,23.024419844150557,36.40123929341634,Q1 (23-36.4 ppb),4.916666666666667
1826.25,Death/delisted too sick,0.2283057906874793,Q1,Liver,Ozone,79995,217244,23.024419844150557,36.40123929341634,Q1 (23-36.4 ppb),5
1826.25,Transplant,0.6755774839853631,Q1,Liver,Ozone,79995,217244,23.024419844150557,36.40123929341634,Q1 (23-36.4 ppb),5
0,Death/delisted too sick,0,Q2,Liver,Ozone,79995,217244,36.40123929341634,38.19688093871401,Q2 (36.4-38.2 ppb),0
0,Transplant,0,Q2,Liver,Ozone,79995,217244,36.40123929341634,38.19688093871401,Q2 (36.4-38.2 ppb),0
30.4375,Death/delisted too sick,0.0441578785075041,Q2,Liver,Ozone,79995,217244,36.40123929341634,38.19688093871401,Q2 (36.4-38.2 ppb),0.08333333333333333
30.4375,Transplant,0.22674944851431483,Q2,Liver,Ozone,79995,217244,36.40123929341634,38.19688093871401,Q2 (36.4-38.2 ppb),0.08333333333333333
60.875,Death/delisted too sick,0.06067898124156691,Q2,Liver,Ozone,79995,217244,36.40123929341634,38.19688093871401,Q2 (36.4-38.2 ppb),0.16666666666666666
60.875,Transplant,0.2921660840886374,Q2,Liver,Ozone,79995,217244,36.40123929341634,38.19688093871401,Q2 (36.4-38.2 ppb),0.16666666666666666
91.3125,Death/delisted too sick,0.07395715538287767,Q2,Liver,Ozone,79995,217244,36.40123929341634,38.19688093871401,Q2 (36.4-38.2 ppb),0.25
91.3125,Transplant,0.3380619901654117,Q2,Liver,Ozone,79995,217244,36.40123929341634,38.19688093871401,Q2 (36.4-38.2 ppb),0.25
121.75,Death/delisted too sick,0.0848053223541016,Q2,Liver,Ozone,79995,217244,36.40123929341634,38.19688093871401,Q2 (36.4-38.2 ppb),0.3333333333333333
121.75,Transplant,0.3726456752105313,Q2,Liver,Ozone,79995,217244,36.40123929341634,38.19688093871401,Q2 (36.4-38.2 ppb),0.3333333333333333
152.1875,Death/delisted too sick,0.09454084892121144,Q2,Liver,Ozone,79995,217244,36.40123929341634,38.19688093871401,Q2 (36.4-38.2 ppb),0.4166666666666667
152.1875,Transplant,0.4007204911319555,Q2,Liver,Ozone,79995,217244,36.40123929341634,38.19688093871401,Q2 (36.4-38.2 ppb),0.4166666666666667
182.625,Death/delisted too sick,0.10328622558213008,Q2,Liver,Ozone,79995,217244,36.40123929341634,38.19688093871401,Q2 (36.4-38.2 ppb),0.5
182.625,Transplant,0.4246428402746942,Q2,Liver,Ozone,79995,217244,36.40123929341634,38.19688093871401,Q2 (36.4-38.2 ppb),0.5
213.0625,Death/delisted too sick,0.11213491218729432,Q2,Liver,Ozone,79995,217244,36.40123929341634,38.19688093871401,Q2 (36.4-38.2 ppb),0.5833333333333334
213.0625,Transplant,0.45203289701530636,Q2,Liver,Ozone,79995,217244,36.40123929341634,38.19688093871401,Q2 (36.4-38.2 ppb),0.5833333333333334
243.5,Death/delisted too sick,0.11898762855158085,Q2,Liver,Ozone,79995,217244,36.40123929341634,38.19688093871401,Q2 (36.4-38.2 ppb),0.6666666666666666
243.5,Transplant,0.47611899918661893,Q2,Liver,Ozone,79995,217244,36.40123929341634,38.19688093871401,Q2 (36.4-38.2 ppb),0.6666666666666666
273.9375,Death/delisted too sick,0.12528166700623988,Q2,Liver,Ozone,79995,217244,36.40123929341634,38.19688093871401,Q2 (36.4-38.2 ppb),0.75
273.9375,Transplant,0.4937804485870974,Q2,Liver,Ozone,79995,217244,36.40123929341634,38.19688093871401,Q2 (36.4-38.2 ppb),0.75
304.375,Death/delisted too sick,0.131422282735287,Q2,Liver,Ozone,79995,217244,36.40123929341634,38.19688093871401,Q2 (36.4-38.2 ppb),0.8333333333333334
304.375,Transplant,0.5110686364990018,Q2,Liver,Ozone,79995,217244,36.40123929341634,38.19688093871401,Q2 (36.4-38.2 ppb),0.8333333333333334
334.8125,Death/delisted too sick,0.13693782102611846,Q2,Liver,Ozone,79995,217244,36.40123929341634,38.19688093871401,Q2 (36.4-38.2 ppb),0.9166666666666666
334.8125,Transplant,0.5240909845889642,Q2,Liver,Ozone,79995,217244,36.40123929341634,38.19688093871401,Q2 (36.4-38.2 ppb),0.9166666666666666
365.25,Death/delisted too sick,0.14144778995287485,Q2,Liver,Ozone,79995,217244,36.40123929341634,38.19688093871401,Q2 (36.4-38.2 ppb),1
365.25,Transplant,0.536681397549087,Q2,Liver,Ozone,79995,217244,36.40123929341634,38.19688093871401,Q2 (36.4-38.2 ppb),1
395.6875,Death/delisted too sick,0.14607527130662895,Q2,Liver,Ozone,79995,217244,36.40123929341634,38.19688093871401,Q2 (36.4-38.2 ppb),1.0833333333333333
395.6875,Transplant,0.5471555839360108,Q2,Liver,Ozone,79995,217244,36.40123929341634,38.19688093871401,Q2 (36.4-38.2 ppb),1.0833333333333333
426.125,Death/delisted too sick,0.15059499383707092,Q2,Liver,Ozone,79995,217244,36.40123929341634,38.19688093871401,Q2 (36.4-38.2 ppb),1.1666666666666667
426.125,Transplant,0.5581280977536542,Q2,Liver,Ozone,79995,217244,36.40123929341634,38.19688093871401,Q2 (36.4-38.2 ppb),1.1666666666666667
456.5625,Death/delisted too sick,0.15368810637800148,Q2,Liver,Ozone,79995,217244,36.40123929341634,38.19688093871401,Q2 (36.4-38.2 ppb),1.25
456.5625,Transplant,0.5668505379652897,Q2,Liver,Ozone,79995,217244,36.40123929341634,38.19688093871401,Q2 (36.4-38.2 ppb),1.25
487,Death/delisted too sick,0.15843258968089927,Q2,Liver,Ozone,79995,217244,36.40123929341634,38.19688093871401,Q2 (36.4-38.2 ppb),1.3333333333333333
487,Transplant,0.5755066547569999,Q2,Liver,Ozone,79995,217244,36.40123929341634,38.19688093871401,Q2 (36.4-38.2 ppb),1.3333333333333333
517.4375,Death/delisted too sick,0.16149185016485493,Q2,Liver,Ozone,79995,217244,36.40123929341634,38.19688093871401,Q2 (36.4-38.2 ppb),1.4166666666666667
517.4375,Transplant,0.5831596650423048,Q2,Liver,Ozone,79995,217244,36.40123929341634,38.19688093871401,Q2 (36.4-38.2 ppb),1.4166666666666667
547.875,Death/delisted too sick,0.16462190817394842,Q2,Liver,Ozone,79995,217244,36.40123929341634,38.19688093871401,Q2 (36.4-38.2 ppb),1.5
547.875,Transplant,0.5899700804659835,Q2,Liver,Ozone,79995,217244,36.40123929341634,38.19688093871401,Q2 (36.4-38.2 ppb),1.5
578.3125,Death/delisted too sick,0.16827916279747246,Q2,Liver,Ozone,79995,217244,36.40123929341634,38.19688093871401,Q2 (36.4-38.2 ppb),1.5833333333333333
578.3125,Transplant,0.5956573453663563,Q2,Liver,Ozone,79995,217244,36.40123929341634,38.19688093871401,Q2 (36.4-38.2 ppb),1.5833333333333333
608.75,Death/delisted too sick,0.170955352723367,Q2,Liver,Ozone,79995,217244,36.40123929341634,38.19688093871401,Q2 (36.4-38.2 ppb),1.6666666666666667
608.75,Transplant,0.6013750411829416,Q2,Liver,Ozone,79995,217244,36.40123929341634,38.19688093871401,Q2 (36.4-38.2 ppb),1.6666666666666667
639.1875,Death/delisted too sick,0.17304109497395997,Q2,Liver,Ozone,79995,217244,36.40123929341634,38.19688093871401,Q2 (36.4-38.2 ppb),1.75
639.1875,Transplant,0.6059285650621474,Q2,Liver,Ozone,79995,217244,36.40123929341634,38.19688093871401,Q2 (36.4-38.2 ppb),1.75
669.625,Death/delisted too sick,0.1754990809929956,Q2,Liver,Ozone,79995,217244,36.40123929341634,38.19688093871401,Q2 (36.4-38.2 ppb),1.8333333333333333
669.625,Transplant,0.6100646391614509,Q2,Liver,Ozone,79995,217244,36.40123929341634,38.19688093871401,Q2 (36.4-38.2 ppb),1.8333333333333333
700.0625,Death/delisted too sick,0.17765274725305888,Q2,Liver,Ozone,79995,217244,36.40123929341634,38.19688093871401,Q2 (36.4-38.2 ppb),1.9166666666666667
700.0625,Transplant,0.6134842310873161,Q2,Liver,Ozone,79995,217244,36.40123929341634,38.19688093871401,Q2 (36.4-38.2 ppb),1.9166666666666667
730.5,Death/delisted too sick,0.1797666699617455,Q2,Liver,Ozone,79995,217244,36.40123929341634,38.19688093871401,Q2 (36.4-38.2 ppb),2
730.5,Transplant,0.6165980418484845,Q2,Liver,Ozone,79995,217244,36.40123929341634,38.19688093871401,Q2 (36.4-38.2 ppb),2
760.9375,Death/delisted too sick,0.18155762107004542,Q2,Liver,Ozone,79995,217244,36.40123929341634,38.19688093871401,Q2 (36.4-38.2 ppb),2.0833333333333335
760.9375,Transplant,0.619780414827972,Q2,Liver,Ozone,79995,217244,36.40123929341634,38.19688093871401,Q2 (36.4-38.2 ppb),2.0833333333333335
791.375,Death/delisted too sick,0.18378071731619333,Q2,Liver,Ozone,79995,217244,36.40123929341634,38.19688093871401,Q2 (36.4-38.2 ppb),2.1666666666666665
791.375,Transplant,0.6226263370218563,Q2,Liver,Ozone,79995,217244,36.40123929341634,38.19688093871401,Q2 (36.4-38.2 ppb),2.1666666666666665
821.8125,Death/delisted too sick,0.18602864911590167,Q2,Liver,Ozone,79995,217244,36.40123929341634,38.19688093871401,Q2 (36.4-38.2 ppb),2.25
821.8125,Transplant,0.6252514817949731,Q2,Liver,Ozone,79995,217244,36.40123929341634,38.19688093871401,Q2 (36.4-38.2 ppb),2.25
852.25,Death/delisted too sick,0.18795796626939784,Q2,Liver,Ozone,79995,217244,36.40123929341634,38.19688093871401,Q2 (36.4-38.2 ppb),2.3333333333333335
852.25,Transplant,0.6279321911373312,Q2,Liver,Ozone,79995,217244,36.40123929341634,38.19688093871401,Q2 (36.4-38.2 ppb),2.3333333333333335
882.6875,Death/delisted too sick,0.18973043115576235,Q2,Liver,Ozone,79995,217244,36.40123929341634,38.19688093871401,Q2 (36.4-38.2 ppb),2.4166666666666665
882.6875,Transplant,0.6300268096048737,Q2,Liver,Ozone,79995,217244,36.40123929341634,38.19688093871401,Q2 (36.4-38.2 ppb),2.4166666666666665
913.125,Death/delisted too sick,0.19275407685034215,Q2,Liver,Ozone,79995,217244,36.40123929341634,38.19688093871401,Q2 (36.4-38.2 ppb),2.5
913.125,Transplant,0.6321763469978919,Q2,Liver,Ozone,79995,217244,36.40123929341634,38.19688093871401,Q2 (36.4-38.2 ppb),2.5
943.5625,Death/delisted too sick,0.19414778482376555,Q2,Liver,Ozone,79995,217244,36.40123929341634,38.19688093871401,Q2 (36.4-38.2 ppb),2.5833333333333335
943.5625,Transplant,0.633890952248125,Q2,Liver,Ozone,79995,217244,36.40123929341634,38.19688093871401,Q2 (36.4-38.2 ppb),2.5833333333333335
974,Death/delisted too sick,0.1961821646118268,Q2,Liver,Ozone,79995,217244,36.40123929341634,38.19688093871401,Q2 (36.4-38.2 ppb),2.6666666666666665
974,Transplant,0.6363990896463243,Q2,Liver,Ozone,79995,217244,36.40123929341634,38.19688093871401,Q2 (36.4-38.2 ppb),2.6666666666666665
1004.4375,Death/delisted too sick,0.1979032765246062,Q2,Liver,Ozone,79995,217244,36.40123929341634,38.19688093871401,Q2 (36.4-38.2 ppb),2.75
1004.4375,Transplant,0.6382700218821773,Q2,Liver,Ozone,79995,217244,36.40123929341634,38.19688093871401,Q2 (36.4-38.2 ppb),2.75
1034.875,Death/delisted too sick,0.1990550908431528,Q2,Liver,Ozone,79995,217244,36.40123929341634,38.19688093871401,Q2 (36.4-38.2 ppb),2.8333333333333335
1034.875,Transplant,0.6397290828833117,Q2,Liver,Ozone,79995,217244,36.40123929341634,38.19688093871401,Q2 (36.4-38.2 ppb),2.8333333333333335
1065.3125,Death/delisted too sick,0.20032131588845303,Q2,Liver,Ozone,79995,217244,36.40123929341634,38.19688093871401,Q2 (36.4-38.2 ppb),2.9166666666666665
1065.3125,Transplant,0.6421448475665191,Q2,Liver,Ozone,79995,217244,36.40123929341634,38.19688093871401,Q2 (36.4-38.2 ppb),2.9166666666666665
1095.75,Death/delisted too sick,0.20262368597323047,Q2,Liver,Ozone,79995,217244,36.40123929341634,38.19688093871401,Q2 (36.4-38.2 ppb),3
1095.75,Transplant,0.6434243955672626,Q2,Liver,Ozone,79995,217244,36.40123929341634,38.19688093871401,Q2 (36.4-38.2 ppb),3
1126.1875,Death/delisted too sick,0.20403227113006228,Q2,Liver,Ozone,79995,217244,36.40123929341634,38.19688093871401,Q2 (36.4-38.2 ppb),3.0833333333333335
1126.1875,Transplant,0.6455414298049806,Q2,Liver,Ozone,79995,217244,36.40123929341634,38.19688093871401,Q2 (36.4-38.2 ppb),3.0833333333333335
1156.625,Death/delisted too sick,0.20537089974507067,Q2,Liver,Ozone,79995,217244,36.40123929341634,38.19688093871401,Q2 (36.4-38.2 ppb),3.1666666666666665
1156.625,Transplant,0.6471265929536083,Q2,Liver,Ozone,79995,217244,36.40123929341634,38.19688093871401,Q2 (36.4-38.2 ppb),3.1666666666666665
1187.0625,Death/delisted too sick,0.2065821846152571,Q2,Liver,Ozone,79995,217244,36.40123929341634,38.19688093871401,Q2 (36.4-38.2 ppb),3.25
1187.0625,Transplant,0.6491907531771381,Q2,Liver,Ozone,79995,217244,36.40123929341634,38.19688093871401,Q2 (36.4-38.2 ppb),3.25
1217.5,Death/delisted too sick,0.20825025815846926,Q2,Liver,Ozone,79995,217244,36.40123929341634,38.19688093871401,Q2 (36.4-38.2 ppb),3.3333333333333335
1217.5,Transplant,0.6504381665407448,Q2,Liver,Ozone,79995,217244,36.40123929341634,38.19688093871401,Q2 (36.4-38.2 ppb),3.3333333333333335
1247.9375,Death/delisted too sick,0.20967368831781932,Q2,Liver,Ozone,79995,217244,36.40123929341634,38.19688093871401,Q2 (36.4-38.2 ppb),3.4166666666666665
1247.9375,Transplant,0.6519687898868282,Q2,Liver,Ozone,79995,217244,36.40123929341634,38.19688093871401,Q2 (36.4-38.2 ppb),3.4166666666666665
1278.375,Death/delisted too sick,0.2111998444405008,Q2,Liver,Ozone,79995,217244,36.40123929341634,38.19688093871401,Q2 (36.4-38.2 ppb),3.5
1278.375,Transplant,0.653251545967944,Q2,Liver,Ozone,79995,217244,36.40123929341634,38.19688093871401,Q2 (36.4-38.2 ppb),3.5
1308.8125,Death/delisted too sick,0.21292766242551417,Q2,Liver,Ozone,79995,217244,36.40123929341634,38.19688093871401,Q2 (36.4-38.2 ppb),3.5833333333333335
1308.8125,Transplant,0.6547160535450467,Q2,Liver,Ozone,79995,217244,36.40123929341634,38.19688093871401,Q2 (36.4-38.2 ppb),3.5833333333333335
1339.25,Death/delisted too sick,0.21404823615378726,Q2,Liver,Ozone,79995,217244,36.40123929341634,38.19688093871401,Q2 (36.4-38.2 ppb),3.6666666666666665
1339.25,Transplant,0.6561796511435269,Q2,Liver,Ozone,79995,217244,36.40123929341634,38.19688093871401,Q2 (36.4-38.2 ppb),3.6666666666666665
1369.6875,Death/delisted too sick,0.21496703505736112,Q2,Liver,Ozone,79995,217244,36.40123929341634,38.19688093871401,Q2 (36.4-38.2 ppb),3.75
1369.6875,Transplant,0.6575346645584822,Q2,Liver,Ozone,79995,217244,36.40123929341634,38.19688093871401,Q2 (36.4-38.2 ppb),3.75
1400.125,Death/delisted too sick,0.21636770095029748,Q2,Liver,Ozone,79995,217244,36.40123929341634,38.19688093871401,Q2 (36.4-38.2 ppb),3.8333333333333335
1400.125,Transplant,0.6585659805715793,Q2,Liver,Ozone,79995,217244,36.40123929341634,38.19688093871401,Q2 (36.4-38.2 ppb),3.8333333333333335
1430.5625,Death/delisted too sick,0.21753291748785486,Q2,Liver,Ozone,79995,217244,36.40123929341634,38.19688093871401,Q2 (36.4-38.2 ppb),3.9166666666666665
1430.5625,Transplant,0.659766883038768,Q2,Liver,Ozone,79995,217244,36.40123929341634,38.19688093871401,Q2 (36.4-38.2 ppb),3.9166666666666665
1461,Death/delisted too sick,0.2188599747287173,Q2,Liver,Ozone,79995,217244,36.40123929341634,38.19688093871401,Q2 (36.4-38.2 ppb),4
1461,Transplant,0.6607819157956165,Q2,Liver,Ozone,79995,217244,36.40123929341634,38.19688093871401,Q2 (36.4-38.2 ppb),4
1491.4375,Death/delisted too sick,0.21987446985289175,Q2,Liver,Ozone,79995,217244,36.40123929341634,38.19688093871401,Q2 (36.4-38.2 ppb),4.083333333333333
1491.4375,Transplant,0.6615580191981184,Q2,Liver,Ozone,79995,217244,36.40123929341634,38.19688093871401,Q2 (36.4-38.2 ppb),4.083333333333333
1521.875,Death/delisted too sick,0.22063472020240418,Q2,Liver,Ozone,79995,217244,36.40123929341634,38.19688093871401,Q2 (36.4-38.2 ppb),4.166666666666667
1521.875,Transplant,0.662626061339356,Q2,Liver,Ozone,79995,217244,36.40123929341634,38.19688093871401,Q2 (36.4-38.2 ppb),4.166666666666667
1552.3125,Death/delisted too sick,0.22160517233588292,Q2,Liver,Ozone,79995,217244,36.40123929341634,38.19688093871401,Q2 (36.4-38.2 ppb),4.25
1552.3125,Transplant,0.6632868737394185,Q2,Liver,Ozone,79995,217244,36.40123929341634,38.19688093871401,Q2 (36.4-38.2 ppb),4.25
1582.75,Death/delisted too sick,0.22280789518627556,Q2,Liver,Ozone,79995,217244,36.40123929341634,38.19688093871401,Q2 (36.4-38.2 ppb),4.333333333333333
1582.75,Transplant,0.6642315679908236,Q2,Liver,Ozone,79995,217244,36.40123929341634,38.19688093871401,Q2 (36.4-38.2 ppb),4.333333333333333
1613.1875,Death/delisted too sick,0.22393837240937017,Q2,Liver,Ozone,79995,217244,36.40123929341634,38.19688093871401,Q2 (36.4-38.2 ppb),4.416666666666667
1613.1875,Transplant,0.6646349797266177,Q2,Liver,Ozone,79995,217244,36.40123929341634,38.19688093871401,Q2 (36.4-38.2 ppb),4.416666666666667
1643.625,Death/delisted too sick,0.22467804792076834,Q2,Liver,Ozone,79995,217244,36.40123929341634,38.19688093871401,Q2 (36.4-38.2 ppb),4.5
1643.625,Transplant,0.66606352805304,Q2,Liver,Ozone,79995,217244,36.40123929341634,38.19688093871401,Q2 (36.4-38.2 ppb),4.5
1674.0625,Death/delisted too sick,0.22554256498580993,Q2,Liver,Ozone,79995,217244,36.40123929341634,38.19688093871401,Q2 (36.4-38.2 ppb),4.583333333333333
1674.0625,Transplant,0.6671902344052353,Q2,Liver,Ozone,79995,217244,36.40123929341634,38.19688093871401,Q2 (36.4-38.2 ppb),4.583333333333333
1704.5,Death/delisted too sick,0.22623151202851194,Q2,Liver,Ozone,79995,217244,36.40123929341634,38.19688093871401,Q2 (36.4-38.2 ppb),4.666666666666667
1704.5,Transplant,0.6684133417814029,Q2,Liver,Ozone,79995,217244,36.40123929341634,38.19688093871401,Q2 (36.4-38.2 ppb),4.666666666666667
1734.9375,Death/delisted too sick,0.22720204677663638,Q2,Liver,Ozone,79995,217244,36.40123929341634,38.19688093871401,Q2 (36.4-38.2 ppb),4.75
1734.9375,Transplant,0.6694422999371726,Q2,Liver,Ozone,79995,217244,36.40123929341634,38.19688093871401,Q2 (36.4-38.2 ppb),4.75
1765.375,Death/delisted too sick,0.22839884111857559,Q2,Liver,Ozone,79995,217244,36.40123929341634,38.19688093871401,Q2 (36.4-38.2 ppb),4.833333333333333
1765.375,Transplant,0.6699807392920216,Q2,Liver,Ozone,79995,217244,36.40123929341634,38.19688093871401,Q2 (36.4-38.2 ppb),4.833333333333333
1795.8125,Death/delisted too sick,0.2295974765424532,Q2,Liver,Ozone,79995,217244,36.40123929341634,38.19688093871401,Q2 (36.4-38.2 ppb),4.916666666666667
1795.8125,Transplant,0.6706314754138385,Q2,Liver,Ozone,79995,217244,36.40123929341634,38.19688093871401,Q2 (36.4-38.2 ppb),4.916666666666667
1826.25,Death/delisted too sick,0.2305840985200304,Q2,Liver,Ozone,79995,217244,36.40123929341634,38.19688093871401,Q2 (36.4-38.2 ppb),5
1826.25,Transplant,0.6710114444855183,Q2,Liver,Ozone,79995,217244,36.40123929341634,38.19688093871401,Q2 (36.4-38.2 ppb),5
0,Death/delisted too sick,0,Q3,Liver,Ozone,79995,217244,38.19690281305557,40.71031404796401,Q3 (38.2-40.7 ppb),0
0,Transplant,0,Q3,Liver,Ozone,79995,217244,38.19690281305557,40.71031404796401,Q3 (38.2-40.7 ppb),0
30.4375,Death/delisted too sick,0.042891119023739994,Q3,Liver,Ozone,79995,217244,38.19690281305557,40.71031404796401,Q3 (38.2-40.7 ppb),0.08333333333333333
30.4375,Transplant,0.23193322199441566,Q3,Liver,Ozone,79995,217244,38.19690281305557,40.71031404796401,Q3 (38.2-40.7 ppb),0.08333333333333333
60.875,Death/delisted too sick,0.05844404849341738,Q3,Liver,Ozone,79995,217244,38.19690281305557,40.71031404796401,Q3 (38.2-40.7 ppb),0.16666666666666666
60.875,Transplant,0.30105111771621185,Q3,Liver,Ozone,79995,217244,38.19690281305557,40.71031404796401,Q3 (38.2-40.7 ppb),0.16666666666666666
91.3125,Death/delisted too sick,0.07087779526809516,Q3,Liver,Ozone,79995,217244,38.19690281305557,40.71031404796401,Q3 (38.2-40.7 ppb),0.25
91.3125,Transplant,0.34951507317886255,Q3,Liver,Ozone,79995,217244,38.19690281305557,40.71031404796401,Q3 (38.2-40.7 ppb),0.25
121.75,Death/delisted too sick,0.08022810397521964,Q3,Liver,Ozone,79995,217244,38.19690281305557,40.71031404796401,Q3 (38.2-40.7 ppb),0.3333333333333333
121.75,Transplant,0.38571845135746724,Q3,Liver,Ozone,79995,217244,38.19690281305557,40.71031404796401,Q3 (38.2-40.7 ppb),0.3333333333333333
152.1875,Death/delisted too sick,0.08867535457113099,Q3,Liver,Ozone,79995,217244,38.19690281305557,40.71031404796401,Q3 (38.2-40.7 ppb),0.4166666666666667
152.1875,Transplant,0.4148873690347172,Q3,Liver,Ozone,79995,217244,38.19690281305557,40.71031404796401,Q3 (38.2-40.7 ppb),0.4166666666666667
182.625,Death/delisted too sick,0.09753115046439993,Q3,Liver,Ozone,79995,217244,38.19690281305557,40.71031404796401,Q3 (38.2-40.7 ppb),0.5
182.625,Transplant,0.43820436598354107,Q3,Liver,Ozone,79995,217244,38.19690281305557,40.71031404796401,Q3 (38.2-40.7 ppb),0.5
213.0625,Death/delisted too sick,0.10389013987743038,Q3,Liver,Ozone,79995,217244,38.19690281305557,40.71031404796401,Q3 (38.2-40.7 ppb),0.5833333333333334
213.0625,Transplant,0.46633231244077195,Q3,Liver,Ozone,79995,217244,38.19690281305557,40.71031404796401,Q3 (38.2-40.7 ppb),0.5833333333333334
243.5,Death/delisted too sick,0.11009686234131125,Q3,Liver,Ozone,79995,217244,38.19690281305557,40.71031404796401,Q3 (38.2-40.7 ppb),0.6666666666666666
243.5,Transplant,0.48870658199828,Q3,Liver,Ozone,79995,217244,38.19690281305557,40.71031404796401,Q3 (38.2-40.7 ppb),0.6666666666666666
273.9375,Death/delisted too sick,0.11641216217764816,Q3,Liver,Ozone,79995,217244,38.19690281305557,40.71031404796401,Q3 (38.2-40.7 ppb),0.75
273.9375,Transplant,0.5069684496881157,Q3,Liver,Ozone,79995,217244,38.19690281305557,40.71031404796401,Q3 (38.2-40.7 ppb),0.75
304.375,Death/delisted too sick,0.1220912524159301,Q3,Liver,Ozone,79995,217244,38.19690281305557,40.71031404796401,Q3 (38.2-40.7 ppb),0.8333333333333334
304.375,Transplant,0.5237274301159549,Q3,Liver,Ozone,79995,217244,38.19690281305557,40.71031404796401,Q3 (38.2-40.7 ppb),0.8333333333333334
334.8125,Death/delisted too sick,0.12683870304183306,Q3,Liver,Ozone,79995,217244,38.19690281305557,40.71031404796401,Q3 (38.2-40.7 ppb),0.9166666666666666
334.8125,Transplant,0.5364943846967116,Q3,Liver,Ozone,79995,217244,38.19690281305557,40.71031404796401,Q3 (38.2-40.7 ppb),0.9166666666666666
365.25,Death/delisted too sick,0.13126736956632815,Q3,Liver,Ozone,79995,217244,38.19690281305557,40.71031404796401,Q3 (38.2-40.7 ppb),1
365.25,Transplant,0.5478186967506363,Q3,Liver,Ozone,79995,217244,38.19690281305557,40.71031404796401,Q3 (38.2-40.7 ppb),1
395.6875,Death/delisted too sick,0.1356890940499196,Q3,Liver,Ozone,79995,217244,38.19690281305557,40.71031404796401,Q3 (38.2-40.7 ppb),1.0833333333333333
395.6875,Transplant,0.5579702559112522,Q3,Liver,Ozone,79995,217244,38.19690281305557,40.71031404796401,Q3 (38.2-40.7 ppb),1.0833333333333333
426.125,Death/delisted too sick,0.140033440451034,Q3,Liver,Ozone,79995,217244,38.19690281305557,40.71031404796401,Q3 (38.2-40.7 ppb),1.1666666666666667
426.125,Transplant,0.5675017988334063,Q3,Liver,Ozone,79995,217244,38.19690281305557,40.71031404796401,Q3 (38.2-40.7 ppb),1.1666666666666667
456.5625,Death/delisted too sick,0.14435934972842862,Q3,Liver,Ozone,79995,217244,38.19690281305557,40.71031404796401,Q3 (38.2-40.7 ppb),1.25
456.5625,Transplant,0.5750581854088241,Q3,Liver,Ozone,79995,217244,38.19690281305557,40.71031404796401,Q3 (38.2-40.7 ppb),1.25
487,Death/delisted too sick,0.1477119422401844,Q3,Liver,Ozone,79995,217244,38.19690281305557,40.71031404796401,Q3 (38.2-40.7 ppb),1.3333333333333333
487,Transplant,0.5822801049072833,Q3,Liver,Ozone,79995,217244,38.19690281305557,40.71031404796401,Q3 (38.2-40.7 ppb),1.3333333333333333
517.4375,Death/delisted too sick,0.15081966190412222,Q3,Liver,Ozone,79995,217244,38.19690281305557,40.71031404796401,Q3 (38.2-40.7 ppb),1.4166666666666667
517.4375,Transplant,0.5894741885301558,Q3,Liver,Ozone,79995,217244,38.19690281305557,40.71031404796401,Q3 (38.2-40.7 ppb),1.4166666666666667
547.875,Death/delisted too sick,0.15413787109047902,Q3,Liver,Ozone,79995,217244,38.19690281305557,40.71031404796401,Q3 (38.2-40.7 ppb),1.5
547.875,Transplant,0.5953278289387769,Q3,Liver,Ozone,79995,217244,38.19690281305557,40.71031404796401,Q3 (38.2-40.7 ppb),1.5
578.3125,Death/delisted too sick,0.15777709416605895,Q3,Liver,Ozone,79995,217244,38.19690281305557,40.71031404796401,Q3 (38.2-40.7 ppb),1.5833333333333333
578.3125,Transplant,0.6007710301075712,Q3,Liver,Ozone,79995,217244,38.19690281305557,40.71031404796401,Q3 (38.2-40.7 ppb),1.5833333333333333
608.75,Death/delisted too sick,0.16024469080324558,Q3,Liver,Ozone,79995,217244,38.19690281305557,40.71031404796401,Q3 (38.2-40.7 ppb),1.6666666666666667
608.75,Transplant,0.6061691685922486,Q3,Liver,Ozone,79995,217244,38.19690281305557,40.71031404796401,Q3 (38.2-40.7 ppb),1.6666666666666667
639.1875,Death/delisted too sick,0.16259884778239753,Q3,Liver,Ozone,79995,217244,38.19690281305557,40.71031404796401,Q3 (38.2-40.7 ppb),1.75
639.1875,Transplant,0.6110125782034722,Q3,Liver,Ozone,79995,217244,38.19690281305557,40.71031404796401,Q3 (38.2-40.7 ppb),1.75
669.625,Death/delisted too sick,0.1648213549168307,Q3,Liver,Ozone,79995,217244,38.19690281305557,40.71031404796401,Q3 (38.2-40.7 ppb),1.8333333333333333
669.625,Transplant,0.6150882963153217,Q3,Liver,Ozone,79995,217244,38.19690281305557,40.71031404796401,Q3 (38.2-40.7 ppb),1.8333333333333333
700.0625,Death/delisted too sick,0.16728275800356263,Q3,Liver,Ozone,79995,217244,38.19690281305557,40.71031404796401,Q3 (38.2-40.7 ppb),1.9166666666666667
700.0625,Transplant,0.6195844972275681,Q3,Liver,Ozone,79995,217244,38.19690281305557,40.71031404796401,Q3 (38.2-40.7 ppb),1.9166666666666667
730.5,Death/delisted too sick,0.1695283248773837,Q3,Liver,Ozone,79995,217244,38.19690281305557,40.71031404796401,Q3 (38.2-40.7 ppb),2
730.5,Transplant,0.6230797833221053,Q3,Liver,Ozone,79995,217244,38.19690281305557,40.71031404796401,Q3 (38.2-40.7 ppb),2
760.9375,Death/delisted too sick,0.17134028360787779,Q3,Liver,Ozone,79995,217244,38.19690281305557,40.71031404796401,Q3 (38.2-40.7 ppb),2.0833333333333335
760.9375,Transplant,0.6261375655069942,Q3,Liver,Ozone,79995,217244,38.19690281305557,40.71031404796401,Q3 (38.2-40.7 ppb),2.0833333333333335
791.375,Death/delisted too sick,0.17342863553939816,Q3,Liver,Ozone,79995,217244,38.19690281305557,40.71031404796401,Q3 (38.2-40.7 ppb),2.1666666666666665
791.375,Transplant,0.6295523630186539,Q3,Liver,Ozone,79995,217244,38.19690281305557,40.71031404796401,Q3 (38.2-40.7 ppb),2.1666666666666665
821.8125,Death/delisted too sick,0.17552099985221947,Q3,Liver,Ozone,79995,217244,38.19690281305557,40.71031404796401,Q3 (38.2-40.7 ppb),2.25
821.8125,Transplant,0.632782517855368,Q3,Liver,Ozone,79995,217244,38.19690281305557,40.71031404796401,Q3 (38.2-40.7 ppb),2.25
852.25,Death/delisted too sick,0.17764718095478182,Q3,Liver,Ozone,79995,217244,38.19690281305557,40.71031404796401,Q3 (38.2-40.7 ppb),2.3333333333333335
852.25,Transplant,0.6356432005037915,Q3,Liver,Ozone,79995,217244,38.19690281305557,40.71031404796401,Q3 (38.2-40.7 ppb),2.3333333333333335
882.6875,Death/delisted too sick,0.17998632685374907,Q3,Liver,Ozone,79995,217244,38.19690281305557,40.71031404796401,Q3 (38.2-40.7 ppb),2.4166666666666665
882.6875,Transplant,0.6382417202117225,Q3,Liver,Ozone,79995,217244,38.19690281305557,40.71031404796401,Q3 (38.2-40.7 ppb),2.4166666666666665
913.125,Death/delisted too sick,0.18141453274403077,Q3,Liver,Ozone,79995,217244,38.19690281305557,40.71031404796401,Q3 (38.2-40.7 ppb),2.5
913.125,Transplant,0.6403993027914959,Q3,Liver,Ozone,79995,217244,38.19690281305557,40.71031404796401,Q3 (38.2-40.7 ppb),2.5
943.5625,Death/delisted too sick,0.18334334144032766,Q3,Liver,Ozone,79995,217244,38.19690281305557,40.71031404796401,Q3 (38.2-40.7 ppb),2.5833333333333335
943.5625,Transplant,0.6430413608950752,Q3,Liver,Ozone,79995,217244,38.19690281305557,40.71031404796401,Q3 (38.2-40.7 ppb),2.5833333333333335
974,Death/delisted too sick,0.1851447544147282,Q3,Liver,Ozone,79995,217244,38.19690281305557,40.71031404796401,Q3 (38.2-40.7 ppb),2.6666666666666665
974,Transplant,0.6450198560221145,Q3,Liver,Ozone,79995,217244,38.19690281305557,40.71031404796401,Q3 (38.2-40.7 ppb),2.6666666666666665
1004.4375,Death/delisted too sick,0.18675481084188802,Q3,Liver,Ozone,79995,217244,38.19690281305557,40.71031404796401,Q3 (38.2-40.7 ppb),2.75
1004.4375,Transplant,0.6472339272748384,Q3,Liver,Ozone,79995,217244,38.19690281305557,40.71031404796401,Q3 (38.2-40.7 ppb),2.75
1034.875,Death/delisted too sick,0.18869273236825318,Q3,Liver,Ozone,79995,217244,38.19690281305557,40.71031404796401,Q3 (38.2-40.7 ppb),2.8333333333333335
1034.875,Transplant,0.6491450026228127,Q3,Liver,Ozone,79995,217244,38.19690281305557,40.71031404796401,Q3 (38.2-40.7 ppb),2.8333333333333335
1065.3125,Death/delisted too sick,0.1905078148777462,Q3,Liver,Ozone,79995,217244,38.19690281305557,40.71031404796401,Q3 (38.2-40.7 ppb),2.9166666666666665
1065.3125,Transplant,0.650855146127231,Q3,Liver,Ozone,79995,217244,38.19690281305557,40.71031404796401,Q3 (38.2-40.7 ppb),2.9166666666666665
1095.75,Death/delisted too sick,0.19212233294087258,Q3,Liver,Ozone,79995,217244,38.19690281305557,40.71031404796401,Q3 (38.2-40.7 ppb),3
1095.75,Transplant,0.6523210593831649,Q3,Liver,Ozone,79995,217244,38.19690281305557,40.71031404796401,Q3 (38.2-40.7 ppb),3
1126.1875,Death/delisted too sick,0.19351650925236696,Q3,Liver,Ozone,79995,217244,38.19690281305557,40.71031404796401,Q3 (38.2-40.7 ppb),3.0833333333333335
1126.1875,Transplant,0.6539129508728118,Q3,Liver,Ozone,79995,217244,38.19690281305557,40.71031404796401,Q3 (38.2-40.7 ppb),3.0833333333333335
1156.625,Death/delisted too sick,0.19508398300810834,Q3,Liver,Ozone,79995,217244,38.19690281305557,40.71031404796401,Q3 (38.2-40.7 ppb),3.1666666666666665
1156.625,Transplant,0.6555246213802193,Q3,Liver,Ozone,79995,217244,38.19690281305557,40.71031404796401,Q3 (38.2-40.7 ppb),3.1666666666666665
1187.0625,Death/delisted too sick,0.1961092205622453,Q3,Liver,Ozone,79995,217244,38.19690281305557,40.71031404796401,Q3 (38.2-40.7 ppb),3.25
1187.0625,Transplant,0.6570843428353311,Q3,Liver,Ozone,79995,217244,38.19690281305557,40.71031404796401,Q3 (38.2-40.7 ppb),3.25
1217.5,Death/delisted too sick,0.19701352028755634,Q3,Liver,Ozone,79995,217244,38.19690281305557,40.71031404796401,Q3 (38.2-40.7 ppb),3.3333333333333335
1217.5,Transplant,0.6586469094626819,Q3,Liver,Ozone,79995,217244,38.19690281305557,40.71031404796401,Q3 (38.2-40.7 ppb),3.3333333333333335
1247.9375,Death/delisted too sick,0.19903800011097977,Q3,Liver,Ozone,79995,217244,38.19690281305557,40.71031404796401,Q3 (38.2-40.7 ppb),3.4166666666666665
1247.9375,Transplant,0.6595589307718303,Q3,Liver,Ozone,79995,217244,38.19690281305557,40.71031404796401,Q3 (38.2-40.7 ppb),3.4166666666666665
1278.375,Death/delisted too sick,0.19977327120137867,Q3,Liver,Ozone,79995,217244,38.19690281305557,40.71031404796401,Q3 (38.2-40.7 ppb),3.5
1278.375,Transplant,0.661259002872408,Q3,Liver,Ozone,79995,217244,38.19690281305557,40.71031404796401,Q3 (38.2-40.7 ppb),3.5
1308.8125,Death/delisted too sick,0.20107486705645955,Q3,Liver,Ozone,79995,217244,38.19690281305557,40.71031404796401,Q3 (38.2-40.7 ppb),3.5833333333333335
1308.8125,Transplant,0.6622022511124922,Q3,Liver,Ozone,79995,217244,38.19690281305557,40.71031404796401,Q3 (38.2-40.7 ppb),3.5833333333333335
1339.25,Death/delisted too sick,0.20248192155366557,Q3,Liver,Ozone,79995,217244,38.19690281305557,40.71031404796401,Q3 (38.2-40.7 ppb),3.6666666666666665
1339.25,Transplant,0.6635906598899081,Q3,Liver,Ozone,79995,217244,38.19690281305557,40.71031404796401,Q3 (38.2-40.7 ppb),3.6666666666666665
1369.6875,Death/delisted too sick,0.20368607174765968,Q3,Liver,Ozone,79995,217244,38.19690281305557,40.71031404796401,Q3 (38.2-40.7 ppb),3.75
1369.6875,Transplant,0.6652484561665073,Q3,Liver,Ozone,79995,217244,38.19690281305557,40.71031404796401,Q3 (38.2-40.7 ppb),3.75
1400.125,Death/delisted too sick,0.20493162260505907,Q3,Liver,Ozone,79995,217244,38.19690281305557,40.71031404796401,Q3 (38.2-40.7 ppb),3.8333333333333335
1400.125,Transplant,0.6668310197442985,Q3,Liver,Ozone,79995,217244,38.19690281305557,40.71031404796401,Q3 (38.2-40.7 ppb),3.8333333333333335
1430.5625,Death/delisted too sick,0.20598053169848052,Q3,Liver,Ozone,79995,217244,38.19690281305557,40.71031404796401,Q3 (38.2-40.7 ppb),3.9166666666666665
1430.5625,Transplant,0.6681770645588291,Q3,Liver,Ozone,79995,217244,38.19690281305557,40.71031404796401,Q3 (38.2-40.7 ppb),3.9166666666666665
1461,Death/delisted too sick,0.20697847851836845,Q3,Liver,Ozone,79995,217244,38.19690281305557,40.71031404796401,Q3 (38.2-40.7 ppb),4
1461,Transplant,0.6691046592867148,Q3,Liver,Ozone,79995,217244,38.19690281305557,40.71031404796401,Q3 (38.2-40.7 ppb),4
1491.4375,Death/delisted too sick,0.2082788815948059,Q3,Liver,Ozone,79995,217244,38.19690281305557,40.71031404796401,Q3 (38.2-40.7 ppb),4.083333333333333
1491.4375,Transplant,0.6698010847178958,Q3,Liver,Ozone,79995,217244,38.19690281305557,40.71031404796401,Q3 (38.2-40.7 ppb),4.083333333333333
1521.875,Death/delisted too sick,0.2093340009571681,Q3,Liver,Ozone,79995,217244,38.19690281305557,40.71031404796401,Q3 (38.2-40.7 ppb),4.166666666666667
1521.875,Transplant,0.670455324205821,Q3,Liver,Ozone,79995,217244,38.19690281305557,40.71031404796401,Q3 (38.2-40.7 ppb),4.166666666666667
1552.3125,Death/delisted too sick,0.20993406225841063,Q3,Liver,Ozone,79995,217244,38.19690281305557,40.71031404796401,Q3 (38.2-40.7 ppb),4.25
1552.3125,Transplant,0.6714619622600259,Q3,Liver,Ozone,79995,217244,38.19690281305557,40.71031404796401,Q3 (38.2-40.7 ppb),4.25
1582.75,Death/delisted too sick,0.21091159991281833,Q3,Liver,Ozone,79995,217244,38.19690281305557,40.71031404796401,Q3 (38.2-40.7 ppb),4.333333333333333
1582.75,Transplant,0.6724262416456213,Q3,Liver,Ozone,79995,217244,38.19690281305557,40.71031404796401,Q3 (38.2-40.7 ppb),4.333333333333333
1613.1875,Death/delisted too sick,0.21206998744233987,Q3,Liver,Ozone,79995,217244,38.19690281305557,40.71031404796401,Q3 (38.2-40.7 ppb),4.416666666666667
1613.1875,Transplant,0.6733382474870541,Q3,Liver,Ozone,79995,217244,38.19690281305557,40.71031404796401,Q3 (38.2-40.7 ppb),4.416666666666667
1643.625,Death/delisted too sick,0.2137125028695401,Q3,Liver,Ozone,79995,217244,38.19690281305557,40.71031404796401,Q3 (38.2-40.7 ppb),4.5
1643.625,Transplant,0.6745102759037246,Q3,Liver,Ozone,79995,217244,38.19690281305557,40.71031404796401,Q3 (38.2-40.7 ppb),4.5
1674.0625,Death/delisted too sick,0.21435804518899837,Q3,Liver,Ozone,79995,217244,38.19690281305557,40.71031404796401,Q3 (38.2-40.7 ppb),4.583333333333333
1674.0625,Transplant,0.6754978437314755,Q3,Liver,Ozone,79995,217244,38.19690281305557,40.71031404796401,Q3 (38.2-40.7 ppb),4.583333333333333
1704.5,Death/delisted too sick,0.21534257326815293,Q3,Liver,Ozone,79995,217244,38.19690281305557,40.71031404796401,Q3 (38.2-40.7 ppb),4.666666666666667
1704.5,Transplant,0.6766129036776454,Q3,Liver,Ozone,79995,217244,38.19690281305557,40.71031404796401,Q3 (38.2-40.7 ppb),4.666666666666667
1734.9375,Death/delisted too sick,0.2163391155527923,Q3,Liver,Ozone,79995,217244,38.19690281305557,40.71031404796401,Q3 (38.2-40.7 ppb),4.75
1734.9375,Transplant,0.6776007639081914,Q3,Liver,Ozone,79995,217244,38.19690281305557,40.71031404796401,Q3 (38.2-40.7 ppb),4.75
1765.375,Death/delisted too sick,0.2175051810694641,Q3,Liver,Ozone,79995,217244,38.19690281305557,40.71031404796401,Q3 (38.2-40.7 ppb),4.833333333333333
1765.375,Transplant,0.6784346837112498,Q3,Liver,Ozone,79995,217244,38.19690281305557,40.71031404796401,Q3 (38.2-40.7 ppb),4.833333333333333
1795.8125,Death/delisted too sick,0.21828919841371172,Q3,Liver,Ozone,79995,217244,38.19690281305557,40.71031404796401,Q3 (38.2-40.7 ppb),4.916666666666667
1795.8125,Transplant,0.679005802281012,Q3,Liver,Ozone,79995,217244,38.19690281305557,40.71031404796401,Q3 (38.2-40.7 ppb),4.916666666666667
1826.25,Death/delisted too sick,0.21963305972906144,Q3,Liver,Ozone,79995,217244,38.19690281305557,40.71031404796401,Q3 (38.2-40.7 ppb),5
1826.25,Transplant,0.6798144114897161,Q3,Liver,Ozone,79995,217244,38.19690281305557,40.71031404796401,Q3 (38.2-40.7 ppb),5
0,Death/delisted too sick,0,Q4,Liver,Ozone,79995,217244,40.710460019490085,58.0891342163086,Q4 (40.7-58.1 ppb),0
0,Transplant,0,Q4,Liver,Ozone,79995,217244,40.710460019490085,58.0891342163086,Q4 (40.7-58.1 ppb),0
30.4375,Death/delisted too sick,0.042454789287637344,Q4,Liver,Ozone,79995,217244,40.710460019490085,58.0891342163086,Q4 (40.7-58.1 ppb),0.08333333333333333
30.4375,Transplant,0.23221379497502467,Q4,Liver,Ozone,79995,217244,40.710460019490085,58.0891342163086,Q4 (40.7-58.1 ppb),0.08333333333333333
60.875,Death/delisted too sick,0.057878859489331635,Q4,Liver,Ozone,79995,217244,40.710460019490085,58.0891342163086,Q4 (40.7-58.1 ppb),0.16666666666666666
60.875,Transplant,0.30160262200836974,Q4,Liver,Ozone,79995,217244,40.710460019490085,58.0891342163086,Q4 (40.7-58.1 ppb),0.16666666666666666
91.3125,Death/delisted too sick,0.07015820141797065,Q4,Liver,Ozone,79995,217244,40.710460019490085,58.0891342163086,Q4 (40.7-58.1 ppb),0.25
91.3125,Transplant,0.34834277587795787,Q4,Liver,Ozone,79995,217244,40.710460019490085,58.0891342163086,Q4 (40.7-58.1 ppb),0.25
121.75,Death/delisted too sick,0.08126812073385845,Q4,Liver,Ozone,79995,217244,40.710460019490085,58.0891342163086,Q4 (40.7-58.1 ppb),0.3333333333333333
121.75,Transplant,0.38636574583374417,Q4,Liver,Ozone,79995,217244,40.710460019490085,58.0891342163086,Q4 (40.7-58.1 ppb),0.3333333333333333
152.1875,Death/delisted too sick,0.09008216170557191,Q4,Liver,Ozone,79995,217244,40.710460019490085,58.0891342163086,Q4 (40.7-58.1 ppb),0.4166666666666667
152.1875,Transplant,0.4157036279620105,Q4,Liver,Ozone,79995,217244,40.710460019490085,58.0891342163086,Q4 (40.7-58.1 ppb),0.4166666666666667
182.625,Death/delisted too sick,0.09805491440916242,Q4,Liver,Ozone,79995,217244,40.710460019490085,58.0891342163086,Q4 (40.7-58.1 ppb),0.5
182.625,Transplant,0.43903680066770373,Q4,Liver,Ozone,79995,217244,40.710460019490085,58.0891342163086,Q4 (40.7-58.1 ppb),0.5
213.0625,Death/delisted too sick,0.10573837175951539,Q4,Liver,Ozone,79995,217244,40.710460019490085,58.0891342163086,Q4 (40.7-58.1 ppb),0.5833333333333334
213.0625,Transplant,0.4650761408502485,Q4,Liver,Ozone,79995,217244,40.710460019490085,58.0891342163086,Q4 (40.7-58.1 ppb),0.5833333333333334
243.5,Death/delisted too sick,0.11202027650182171,Q4,Liver,Ozone,79995,217244,40.710460019490085,58.0891342163086,Q4 (40.7-58.1 ppb),0.6666666666666666
243.5,Transplant,0.48674247876582255,Q4,Liver,Ozone,79995,217244,40.710460019490085,58.0891342163086,Q4 (40.7-58.1 ppb),0.6666666666666666
273.9375,Death/delisted too sick,0.11719065439753253,Q4,Liver,Ozone,79995,217244,40.710460019490085,58.0891342163086,Q4 (40.7-58.1 ppb),0.75
273.9375,Transplant,0.5035405122339793,Q4,Liver,Ozone,79995,217244,40.710460019490085,58.0891342163086,Q4 (40.7-58.1 ppb),0.75
304.375,Death/delisted too sick,0.1222584249317207,Q4,Liver,Ozone,79995,217244,40.710460019490085,58.0891342163086,Q4 (40.7-58.1 ppb),0.8333333333333334
304.375,Transplant,0.5189309711227703,Q4,Liver,Ozone,79995,217244,40.710460019490085,58.0891342163086,Q4 (40.7-58.1 ppb),0.8333333333333334
334.8125,Death/delisted too sick,0.1266237619340568,Q4,Liver,Ozone,79995,217244,40.710460019490085,58.0891342163086,Q4 (40.7-58.1 ppb),0.9166666666666666
334.8125,Transplant,0.5325671653898795,Q4,Liver,Ozone,79995,217244,40.710460019490085,58.0891342163086,Q4 (40.7-58.1 ppb),0.9166666666666666
365.25,Death/delisted too sick,0.1315532886105762,Q4,Liver,Ozone,79995,217244,40.710460019490085,58.0891342163086,Q4 (40.7-58.1 ppb),1
365.25,Transplant,0.5446519687302894,Q4,Liver,Ozone,79995,217244,40.710460019490085,58.0891342163086,Q4 (40.7-58.1 ppb),1
395.6875,Death/delisted too sick,0.13535411039930081,Q4,Liver,Ozone,79995,217244,40.710460019490085,58.0891342163086,Q4 (40.7-58.1 ppb),1.0833333333333333
395.6875,Transplant,0.5541305232704923,Q4,Liver,Ozone,79995,217244,40.710460019490085,58.0891342163086,Q4 (40.7-58.1 ppb),1.0833333333333333
426.125,Death/delisted too sick,0.13920372956052662,Q4,Liver,Ozone,79995,217244,40.710460019490085,58.0891342163086,Q4 (40.7-58.1 ppb),1.1666666666666667
426.125,Transplant,0.5633415888560837,Q4,Liver,Ozone,79995,217244,40.710460019490085,58.0891342163086,Q4 (40.7-58.1 ppb),1.1666666666666667
456.5625,Death/delisted too sick,0.1434920151309117,Q4,Liver,Ozone,79995,217244,40.710460019490085,58.0891342163086,Q4 (40.7-58.1 ppb),1.25
456.5625,Transplant,0.5716045866190511,Q4,Liver,Ozone,79995,217244,40.710460019490085,58.0891342163086,Q4 (40.7-58.1 ppb),1.25
487,Death/delisted too sick,0.14703907882255185,Q4,Liver,Ozone,79995,217244,40.710460019490085,58.0891342163086,Q4 (40.7-58.1 ppb),1.3333333333333333
487,Transplant,0.5787678605540317,Q4,Liver,Ozone,79995,217244,40.710460019490085,58.0891342163086,Q4 (40.7-58.1 ppb),1.3333333333333333
517.4375,Death/delisted too sick,0.1505564550934286,Q4,Liver,Ozone,79995,217244,40.710460019490085,58.0891342163086,Q4 (40.7-58.1 ppb),1.4166666666666667
517.4375,Transplant,0.5853964852844488,Q4,Liver,Ozone,79995,217244,40.710460019490085,58.0891342163086,Q4 (40.7-58.1 ppb),1.4166666666666667
547.875,Death/delisted too sick,0.1535128957236675,Q4,Liver,Ozone,79995,217244,40.710460019490085,58.0891342163086,Q4 (40.7-58.1 ppb),1.5
547.875,Transplant,0.5911903704533987,Q4,Liver,Ozone,79995,217244,40.710460019490085,58.0891342163086,Q4 (40.7-58.1 ppb),1.5
578.3125,Death/delisted too sick,0.15637324124529092,Q4,Liver,Ozone,79995,217244,40.710460019490085,58.0891342163086,Q4 (40.7-58.1 ppb),1.5833333333333333
578.3125,Transplant,0.5970787653103484,Q4,Liver,Ozone,79995,217244,40.710460019490085,58.0891342163086,Q4 (40.7-58.1 ppb),1.5833333333333333
608.75,Death/delisted too sick,0.15905514057047482,Q4,Liver,Ozone,79995,217244,40.710460019490085,58.0891342163086,Q4 (40.7-58.1 ppb),1.6666666666666667
608.75,Transplant,0.6024483842754825,Q4,Liver,Ozone,79995,217244,40.710460019490085,58.0891342163086,Q4 (40.7-58.1 ppb),1.6666666666666667
639.1875,Death/delisted too sick,0.16185739752416475,Q4,Liver,Ozone,79995,217244,40.710460019490085,58.0891342163086,Q4 (40.7-58.1 ppb),1.75
639.1875,Transplant,0.6072368441255336,Q4,Liver,Ozone,79995,217244,40.710460019490085,58.0891342163086,Q4 (40.7-58.1 ppb),1.75
669.625,Death/delisted too sick,0.1639150183269394,Q4,Liver,Ozone,79995,217244,40.710460019490085,58.0891342163086,Q4 (40.7-58.1 ppb),1.8333333333333333
669.625,Transplant,0.611680914770666,Q4,Liver,Ozone,79995,217244,40.710460019490085,58.0891342163086,Q4 (40.7-58.1 ppb),1.8333333333333333
700.0625,Death/delisted too sick,0.16633979856177217,Q4,Liver,Ozone,79995,217244,40.710460019490085,58.0891342163086,Q4 (40.7-58.1 ppb),1.9166666666666667
700.0625,Transplant,0.6155897765397094,Q4,Liver,Ozone,79995,217244,40.710460019490085,58.0891342163086,Q4 (40.7-58.1 ppb),1.9166666666666667
730.5,Death/delisted too sick,0.16851095879189001,Q4,Liver,Ozone,79995,217244,40.710460019490085,58.0891342163086,Q4 (40.7-58.1 ppb),2
730.5,Transplant,0.6189027588818081,Q4,Liver,Ozone,79995,217244,40.710460019490085,58.0891342163086,Q4 (40.7-58.1 ppb),2
760.9375,Death/delisted too sick,0.17041041775580737,Q4,Liver,Ozone,79995,217244,40.710460019490085,58.0891342163086,Q4 (40.7-58.1 ppb),2.0833333333333335
760.9375,Transplant,0.6224068339006558,Q4,Liver,Ozone,79995,217244,40.710460019490085,58.0891342163086,Q4 (40.7-58.1 ppb),2.0833333333333335
791.375,Death/delisted too sick,0.1721196745870692,Q4,Liver,Ozone,79995,217244,40.710460019490085,58.0891342163086,Q4 (40.7-58.1 ppb),2.1666666666666665
791.375,Transplant,0.624923353465544,Q4,Liver,Ozone,79995,217244,40.710460019490085,58.0891342163086,Q4 (40.7-58.1 ppb),2.1666666666666665
821.8125,Death/delisted too sick,0.1747708630732348,Q4,Liver,Ozone,79995,217244,40.710460019490085,58.0891342163086,Q4 (40.7-58.1 ppb),2.25
821.8125,Transplant,0.6283164815457916,Q4,Liver,Ozone,79995,217244,40.710460019490085,58.0891342163086,Q4 (40.7-58.1 ppb),2.25
852.25,Death/delisted too sick,0.1770732326422155,Q4,Liver,Ozone,79995,217244,40.710460019490085,58.0891342163086,Q4 (40.7-58.1 ppb),2.3333333333333335
852.25,Transplant,0.6312966637083836,Q4,Liver,Ozone,79995,217244,40.710460019490085,58.0891342163086,Q4 (40.7-58.1 ppb),2.3333333333333335
882.6875,Death/delisted too sick,0.17891303819234256,Q4,Liver,Ozone,79995,217244,40.710460019490085,58.0891342163086,Q4 (40.7-58.1 ppb),2.4166666666666665
882.6875,Transplant,0.6338097361902324,Q4,Liver,Ozone,79995,217244,40.710460019490085,58.0891342163086,Q4 (40.7-58.1 ppb),2.4166666666666665
913.125,Death/delisted too sick,0.18111323943522176,Q4,Liver,Ozone,79995,217244,40.710460019490085,58.0891342163086,Q4 (40.7-58.1 ppb),2.5
913.125,Transplant,0.6359479818769267,Q4,Liver,Ozone,79995,217244,40.710460019490085,58.0891342163086,Q4 (40.7-58.1 ppb),2.5
943.5625,Death/delisted too sick,0.18280937098417777,Q4,Liver,Ozone,79995,217244,40.710460019490085,58.0891342163086,Q4 (40.7-58.1 ppb),2.5833333333333335
943.5625,Transplant,0.6379934343145446,Q4,Liver,Ozone,79995,217244,40.710460019490085,58.0891342163086,Q4 (40.7-58.1 ppb),2.5833333333333335
974,Death/delisted too sick,0.18468831224293733,Q4,Liver,Ozone,79995,217244,40.710460019490085,58.0891342163086,Q4 (40.7-58.1 ppb),2.6666666666666665
974,Transplant,0.6398912931331372,Q4,Liver,Ozone,79995,217244,40.710460019490085,58.0891342163086,Q4 (40.7-58.1 ppb),2.6666666666666665
1004.4375,Death/delisted too sick,0.18614952563086723,Q4,Liver,Ozone,79995,217244,40.710460019490085,58.0891342163086,Q4 (40.7-58.1 ppb),2.75
1004.4375,Transplant,0.6423318806144351,Q4,Liver,Ozone,79995,217244,40.710460019490085,58.0891342163086,Q4 (40.7-58.1 ppb),2.75
1034.875,Death/delisted too sick,0.18772164744977116,Q4,Liver,Ozone,79995,217244,40.710460019490085,58.0891342163086,Q4 (40.7-58.1 ppb),2.8333333333333335
1034.875,Transplant,0.6445142494859946,Q4,Liver,Ozone,79995,217244,40.710460019490085,58.0891342163086,Q4 (40.7-58.1 ppb),2.8333333333333335
1065.3125,Death/delisted too sick,0.18954112675727383,Q4,Liver,Ozone,79995,217244,40.710460019490085,58.0891342163086,Q4 (40.7-58.1 ppb),2.9166666666666665
1065.3125,Transplant,0.6462635000034287,Q4,Liver,Ozone,79995,217244,40.710460019490085,58.0891342163086,Q4 (40.7-58.1 ppb),2.9166666666666665
1095.75,Death/delisted too sick,0.19107601771448895,Q4,Liver,Ozone,79995,217244,40.710460019490085,58.0891342163086,Q4 (40.7-58.1 ppb),3
1095.75,Transplant,0.6481411652665144,Q4,Liver,Ozone,79995,217244,40.710460019490085,58.0891342163086,Q4 (40.7-58.1 ppb),3
1126.1875,Death/delisted too sick,0.19307253797056553,Q4,Liver,Ozone,79995,217244,40.710460019490085,58.0891342163086,Q4 (40.7-58.1 ppb),3.0833333333333335
1126.1875,Transplant,0.6498606055390286,Q4,Liver,Ozone,79995,217244,40.710460019490085,58.0891342163086,Q4 (40.7-58.1 ppb),3.0833333333333335
1156.625,Death/delisted too sick,0.19455747682780267,Q4,Liver,Ozone,79995,217244,40.710460019490085,58.0891342163086,Q4 (40.7-58.1 ppb),3.1666666666666665
1156.625,Transplant,0.6512993393938369,Q4,Liver,Ozone,79995,217244,40.710460019490085,58.0891342163086,Q4 (40.7-58.1 ppb),3.1666666666666665
1187.0625,Death/delisted too sick,0.19591248399135208,Q4,Liver,Ozone,79995,217244,40.710460019490085,58.0891342163086,Q4 (40.7-58.1 ppb),3.25
1187.0625,Transplant,0.653137132686573,Q4,Liver,Ozone,79995,217244,40.710460019490085,58.0891342163086,Q4 (40.7-58.1 ppb),3.25
1217.5,Death/delisted too sick,0.19704662903483466,Q4,Liver,Ozone,79995,217244,40.710460019490085,58.0891342163086,Q4 (40.7-58.1 ppb),3.3333333333333335
1217.5,Transplant,0.6549021407686583,Q4,Liver,Ozone,79995,217244,40.710460019490085,58.0891342163086,Q4 (40.7-58.1 ppb),3.3333333333333335
1247.9375,Death/delisted too sick,0.19875519144763504,Q4,Liver,Ozone,79995,217244,40.710460019490085,58.0891342163086,Q4 (40.7-58.1 ppb),3.4166666666666665
1247.9375,Transplant,0.6565461973873296,Q4,Liver,Ozone,79995,217244,40.710460019490085,58.0891342163086,Q4 (40.7-58.1 ppb),3.4166666666666665
1278.375,Death/delisted too sick,0.19991936223805312,Q4,Liver,Ozone,79995,217244,40.710460019490085,58.0891342163086,Q4 (40.7-58.1 ppb),3.5
1278.375,Transplant,0.6579840086588828,Q4,Liver,Ozone,79995,217244,40.710460019490085,58.0891342163086,Q4 (40.7-58.1 ppb),3.5
1308.8125,Death/delisted too sick,0.2012780969698941,Q4,Liver,Ozone,79995,217244,40.710460019490085,58.0891342163086,Q4 (40.7-58.1 ppb),3.5833333333333335
1308.8125,Transplant,0.658893750604272,Q4,Liver,Ozone,79995,217244,40.710460019490085,58.0891342163086,Q4 (40.7-58.1 ppb),3.5833333333333335
1339.25,Death/delisted too sick,0.2029937510406045,Q4,Liver,Ozone,79995,217244,40.710460019490085,58.0891342163086,Q4 (40.7-58.1 ppb),3.6666666666666665
1339.25,Transplant,0.6602479618400423,Q4,Liver,Ozone,79995,217244,40.710460019490085,58.0891342163086,Q4 (40.7-58.1 ppb),3.6666666666666665
1369.6875,Death/delisted too sick,0.20443966035136157,Q4,Liver,Ozone,79995,217244,40.710460019490085,58.0891342163086,Q4 (40.7-58.1 ppb),3.75
1369.6875,Transplant,0.6617049328283124,Q4,Liver,Ozone,79995,217244,40.710460019490085,58.0891342163086,Q4 (40.7-58.1 ppb),3.75
1400.125,Death/delisted too sick,0.2059532477559782,Q4,Liver,Ozone,79995,217244,40.710460019490085,58.0891342163086,Q4 (40.7-58.1 ppb),3.8333333333333335
1400.125,Transplant,0.6632742429612998,Q4,Liver,Ozone,79995,217244,40.710460019490085,58.0891342163086,Q4 (40.7-58.1 ppb),3.8333333333333335
1430.5625,Death/delisted too sick,0.2072517088216663,Q4,Liver,Ozone,79995,217244,40.710460019490085,58.0891342163086,Q4 (40.7-58.1 ppb),3.9166666666666665
1430.5625,Transplant,0.6642824576597226,Q4,Liver,Ozone,79995,217244,40.710460019490085,58.0891342163086,Q4 (40.7-58.1 ppb),3.9166666666666665
1461,Death/delisted too sick,0.20847255240132875,Q4,Liver,Ozone,79995,217244,40.710460019490085,58.0891342163086,Q4 (40.7-58.1 ppb),4
1461,Transplant,0.6656181332627298,Q4,Liver,Ozone,79995,217244,40.710460019490085,58.0891342163086,Q4 (40.7-58.1 ppb),4
1491.4375,Death/delisted too sick,0.20954192267594024,Q4,Liver,Ozone,79995,217244,40.710460019490085,58.0891342163086,Q4 (40.7-58.1 ppb),4.083333333333333
1491.4375,Transplant,0.6668783314268943,Q4,Liver,Ozone,79995,217244,40.710460019490085,58.0891342163086,Q4 (40.7-58.1 ppb),4.083333333333333
1521.875,Death/delisted too sick,0.2108681595545208,Q4,Liver,Ozone,79995,217244,40.710460019490085,58.0891342163086,Q4 (40.7-58.1 ppb),4.166666666666667
1521.875,Transplant,0.6679829306351265,Q4,Liver,Ozone,79995,217244,40.710460019490085,58.0891342163086,Q4 (40.7-58.1 ppb),4.166666666666667
1552.3125,Death/delisted too sick,0.21159538477845174,Q4,Liver,Ozone,79995,217244,40.710460019490085,58.0891342163086,Q4 (40.7-58.1 ppb),4.25
1552.3125,Transplant,0.6690933576705534,Q4,Liver,Ozone,79995,217244,40.710460019490085,58.0891342163086,Q4 (40.7-58.1 ppb),4.25
1582.75,Death/delisted too sick,0.21257527185271693,Q4,Liver,Ozone,79995,217244,40.710460019490085,58.0891342163086,Q4 (40.7-58.1 ppb),4.333333333333333
1582.75,Transplant,0.6695841393122051,Q4,Liver,Ozone,79995,217244,40.710460019490085,58.0891342163086,Q4 (40.7-58.1 ppb),4.333333333333333
1613.1875,Death/delisted too sick,0.21385583358393323,Q4,Liver,Ozone,79995,217244,40.710460019490085,58.0891342163086,Q4 (40.7-58.1 ppb),4.416666666666667
1613.1875,Transplant,0.6709306222721227,Q4,Liver,Ozone,79995,217244,40.710460019490085,58.0891342163086,Q4 (40.7-58.1 ppb),4.416666666666667
1643.625,Death/delisted too sick,0.21489380527575672,Q4,Liver,Ozone,79995,217244,40.710460019490085,58.0891342163086,Q4 (40.7-58.1 ppb),4.5
1643.625,Transplant,0.6716632959464303,Q4,Liver,Ozone,79995,217244,40.710460019490085,58.0891342163086,Q4 (40.7-58.1 ppb),4.5
1674.0625,Death/delisted too sick,0.2157809467453162,Q4,Liver,Ozone,79995,217244,40.710460019490085,58.0891342163086,Q4 (40.7-58.1 ppb),4.583333333333333
1674.0625,Transplant,0.6727825193174138,Q4,Liver,Ozone,79995,217244,40.710460019490085,58.0891342163086,Q4 (40.7-58.1 ppb),4.583333333333333
1704.5,Death/delisted too sick,0.21680055794677702,Q4,Liver,Ozone,79995,217244,40.710460019490085,58.0891342163086,Q4 (40.7-58.1 ppb),4.666666666666667
1704.5,Transplant,0.673610707012358,Q4,Liver,Ozone,79995,217244,40.710460019490085,58.0891342163086,Q4 (40.7-58.1 ppb),4.666666666666667
1734.9375,Death/delisted too sick,0.21788999933504513,Q4,Liver,Ozone,79995,217244,40.710460019490085,58.0891342163086,Q4 (40.7-58.1 ppb),4.75
1734.9375,Transplant,0.6745879017862123,Q4,Liver,Ozone,79995,217244,40.710460019490085,58.0891342163086,Q4 (40.7-58.1 ppb),4.75
1765.375,Death/delisted too sick,0.21883733975952505,Q4,Liver,Ozone,79995,217244,40.710460019490085,58.0891342163086,Q4 (40.7-58.1 ppb),4.833333333333333
1765.375,Transplant,0.6750886940500643,Q4,Liver,Ozone,79995,217244,40.710460019490085,58.0891342163086,Q4 (40.7-58.1 ppb),4.833333333333333
1795.8125,Death/delisted too sick,0.2199141148328901,Q4,Liver,Ozone,79995,217244,40.710460019490085,58.0891342163086,Q4 (40.7-58.1 ppb),4.916666666666667
1795.8125,Transplant,0.6762455681103914,Q4,Liver,Ozone,79995,217244,40.710460019490085,58.0891342163086,Q4 (40.7-58.1 ppb),4.916666666666667
1826.25,Death/delisted too sick,0.22099335929909897,Q4,Liver,Ozone,79995,217244,40.710460019490085,58.0891342163086,Q4 (40.7-58.1 ppb),5
1826.25,Transplant,0.6771611292622222,Q4,Liver,Ozone,79995,217244,40.710460019490085,58.0891342163086,Q4 (40.7-58.1 ppb),5
0,Death/delisted too sick,0,Q1,Lung,Ozone,46614,46614,22.862168815400857,36.58701753068245,Q1 (22.9-36.6 ppb),0
0,Transplant,0,Q1,Lung,Ozone,46614,46614,22.862168815400857,36.58701753068245,Q1 (22.9-36.6 ppb),0
30.4375,Death/delisted too sick,0.04311074720057771,Q1,Lung,Ozone,46614,46614,22.862168815400857,36.58701753068245,Q1 (22.9-36.6 ppb),0.08333333333333333
30.4375,Transplant,0.2830222296684251,Q1,Lung,Ozone,46614,46614,22.862168815400857,36.58701753068245,Q1 (22.9-36.6 ppb),0.08333333333333333
60.875,Death/delisted too sick,0.0573745458933232,Q1,Lung,Ozone,46614,46614,22.862168815400857,36.58701753068245,Q1 (22.9-36.6 ppb),0.16666666666666666
60.875,Transplant,0.41300078378297506,Q1,Lung,Ozone,46614,46614,22.862168815400857,36.58701753068245,Q1 (22.9-36.6 ppb),0.16666666666666666
91.3125,Death/delisted too sick,0.06642801409147689,Q1,Lung,Ozone,46614,46614,22.862168815400857,36.58701753068245,Q1 (22.9-36.6 ppb),0.25
91.3125,Transplant,0.49231203737419627,Q1,Lung,Ozone,46614,46614,22.862168815400857,36.58701753068245,Q1 (22.9-36.6 ppb),0.25
121.75,Death/delisted too sick,0.07507063663979095,Q1,Lung,Ozone,46614,46614,22.862168815400857,36.58701753068245,Q1 (22.9-36.6 ppb),0.3333333333333333
121.75,Transplant,0.5433389039414732,Q1,Lung,Ozone,46614,46614,22.862168815400857,36.58701753068245,Q1 (22.9-36.6 ppb),0.3333333333333333
152.1875,Death/delisted too sick,0.08169676341959743,Q1,Lung,Ozone,46614,46614,22.862168815400857,36.58701753068245,Q1 (22.9-36.6 ppb),0.4166666666666667
152.1875,Transplant,0.5806598608764235,Q1,Lung,Ozone,46614,46614,22.862168815400857,36.58701753068245,Q1 (22.9-36.6 ppb),0.4166666666666667
182.625,Death/delisted too sick,0.08672316383529015,Q1,Lung,Ozone,46614,46614,22.862168815400857,36.58701753068245,Q1 (22.9-36.6 ppb),0.5
182.625,Transplant,0.6109587637043794,Q1,Lung,Ozone,46614,46614,22.862168815400857,36.58701753068245,Q1 (22.9-36.6 ppb),0.5
213.0625,Death/delisted too sick,0.09099433264388386,Q1,Lung,Ozone,46614,46614,22.862168815400857,36.58701753068245,Q1 (22.9-36.6 ppb),0.5833333333333334
213.0625,Transplant,0.635057803510948,Q1,Lung,Ozone,46614,46614,22.862168815400857,36.58701753068245,Q1 (22.9-36.6 ppb),0.5833333333333334
243.5,Death/delisted too sick,0.09449405412503356,Q1,Lung,Ozone,46614,46614,22.862168815400857,36.58701753068245,Q1 (22.9-36.6 ppb),0.6666666666666666
243.5,Transplant,0.6559111978164273,Q1,Lung,Ozone,46614,46614,22.862168815400857,36.58701753068245,Q1 (22.9-36.6 ppb),0.6666666666666666
273.9375,Death/delisted too sick,0.09801979318870217,Q1,Lung,Ozone,46614,46614,22.862168815400857,36.58701753068245,Q1 (22.9-36.6 ppb),0.75
273.9375,Transplant,0.6730720732335549,Q1,Lung,Ozone,46614,46614,22.862168815400857,36.58701753068245,Q1 (22.9-36.6 ppb),0.75
304.375,Death/delisted too sick,0.10170567523471043,Q1,Lung,Ozone,46614,46614,22.862168815400857,36.58701753068245,Q1 (22.9-36.6 ppb),0.8333333333333334
304.375,Transplant,0.6884132884692928,Q1,Lung,Ozone,46614,46614,22.862168815400857,36.58701753068245,Q1 (22.9-36.6 ppb),0.8333333333333334
334.8125,Death/delisted too sick,0.10440228678608532,Q1,Lung,Ozone,46614,46614,22.862168815400857,36.58701753068245,Q1 (22.9-36.6 ppb),0.9166666666666666
334.8125,Transplant,0.703782942963004,Q1,Lung,Ozone,46614,46614,22.862168815400857,36.58701753068245,Q1 (22.9-36.6 ppb),0.9166666666666666
365.25,Death/delisted too sick,0.10703440720837684,Q1,Lung,Ozone,46614,46614,22.862168815400857,36.58701753068245,Q1 (22.9-36.6 ppb),1
365.25,Transplant,0.7138194811940168,Q1,Lung,Ozone,46614,46614,22.862168815400857,36.58701753068245,Q1 (22.9-36.6 ppb),1
395.6875,Death/delisted too sick,0.10962775708701078,Q1,Lung,Ozone,46614,46614,22.862168815400857,36.58701753068245,Q1 (22.9-36.6 ppb),1.0833333333333333
395.6875,Transplant,0.7250129643718145,Q1,Lung,Ozone,46614,46614,22.862168815400857,36.58701753068245,Q1 (22.9-36.6 ppb),1.0833333333333333
426.125,Death/delisted too sick,0.11222000016441006,Q1,Lung,Ozone,46614,46614,22.862168815400857,36.58701753068245,Q1 (22.9-36.6 ppb),1.1666666666666667
426.125,Transplant,0.7350090437919943,Q1,Lung,Ozone,46614,46614,22.862168815400857,36.58701753068245,Q1 (22.9-36.6 ppb),1.1666666666666667
456.5625,Death/delisted too sick,0.1138574216190537,Q1,Lung,Ozone,46614,46614,22.862168815400857,36.58701753068245,Q1 (22.9-36.6 ppb),1.25
456.5625,Transplant,0.7423634251060885,Q1,Lung,Ozone,46614,46614,22.862168815400857,36.58701753068245,Q1 (22.9-36.6 ppb),1.25
487,Death/delisted too sick,0.115370459031886,Q1,Lung,Ozone,46614,46614,22.862168815400857,36.58701753068245,Q1 (22.9-36.6 ppb),1.3333333333333333
487,Transplant,0.749488747379882,Q1,Lung,Ozone,46614,46614,22.862168815400857,36.58701753068245,Q1 (22.9-36.6 ppb),1.3333333333333333
517.4375,Death/delisted too sick,0.11786306747895103,Q1,Lung,Ozone,46614,46614,22.862168815400857,36.58701753068245,Q1 (22.9-36.6 ppb),1.4166666666666667
517.4375,Transplant,0.7548440647941631,Q1,Lung,Ozone,46614,46614,22.862168815400857,36.58701753068245,Q1 (22.9-36.6 ppb),1.4166666666666667
547.875,Death/delisted too sick,0.11900236188422253,Q1,Lung,Ozone,46614,46614,22.862168815400857,36.58701753068245,Q1 (22.9-36.6 ppb),1.5
547.875,Transplant,0.7600930548061273,Q1,Lung,Ozone,46614,46614,22.862168815400857,36.58701753068245,Q1 (22.9-36.6 ppb),1.5
578.3125,Death/delisted too sick,0.11990488380913082,Q1,Lung,Ozone,46614,46614,22.862168815400857,36.58701753068245,Q1 (22.9-36.6 ppb),1.5833333333333333
578.3125,Transplant,0.766885558685904,Q1,Lung,Ozone,46614,46614,22.862168815400857,36.58701753068245,Q1 (22.9-36.6 ppb),1.5833333333333333
608.75,Death/delisted too sick,0.12085611132784711,Q1,Lung,Ozone,46614,46614,22.862168815400857,36.58701753068245,Q1 (22.9-36.6 ppb),1.6666666666666667
608.75,Transplant,0.7716970296402742,Q1,Lung,Ozone,46614,46614,22.862168815400857,36.58701753068245,Q1 (22.9-36.6 ppb),1.6666666666666667
639.1875,Death/delisted too sick,0.12184544838939253,Q1,Lung,Ozone,46614,46614,22.862168815400857,36.58701753068245,Q1 (22.9-36.6 ppb),1.75
639.1875,Transplant,0.7761799440136093,Q1,Lung,Ozone,46614,46614,22.862168815400857,36.58701753068245,Q1 (22.9-36.6 ppb),1.75
669.625,Death/delisted too sick,0.12262414057215797,Q1,Lung,Ozone,46614,46614,22.862168815400857,36.58701753068245,Q1 (22.9-36.6 ppb),1.8333333333333333
669.625,Transplant,0.7816891962485253,Q1,Lung,Ozone,46614,46614,22.862168815400857,36.58701753068245,Q1 (22.9-36.6 ppb),1.8333333333333333
700.0625,Death/delisted too sick,0.12352337960023099,Q1,Lung,Ozone,46614,46614,22.862168815400857,36.58701753068245,Q1 (22.9-36.6 ppb),1.9166666666666667
700.0625,Transplant,0.7837981934201875,Q1,Lung,Ozone,46614,46614,22.862168815400857,36.58701753068245,Q1 (22.9-36.6 ppb),1.9166666666666667
730.5,Death/delisted too sick,0.12495926791497933,Q1,Lung,Ozone,46614,46614,22.862168815400857,36.58701753068245,Q1 (22.9-36.6 ppb),2
730.5,Transplant,0.7867161179444292,Q1,Lung,Ozone,46614,46614,22.862168815400857,36.58701753068245,Q1 (22.9-36.6 ppb),2
760.9375,Death/delisted too sick,0.12597068671210665,Q1,Lung,Ozone,46614,46614,22.862168815400857,36.58701753068245,Q1 (22.9-36.6 ppb),2.0833333333333335
760.9375,Transplant,0.7894178295406435,Q1,Lung,Ozone,46614,46614,22.862168815400857,36.58701753068245,Q1 (22.9-36.6 ppb),2.0833333333333335
791.375,Death/delisted too sick,0.12638096535536422,Q1,Lung,Ozone,46614,46614,22.862168815400857,36.58701753068245,Q1 (22.9-36.6 ppb),2.1666666666666665
791.375,Transplant,0.7918266432483416,Q1,Lung,Ozone,46614,46614,22.862168815400857,36.58701753068245,Q1 (22.9-36.6 ppb),2.1666666666666665
821.8125,Death/delisted too sick,0.12700877000713062,Q1,Lung,Ozone,46614,46614,22.862168815400857,36.58701753068245,Q1 (22.9-36.6 ppb),2.25
821.8125,Transplant,0.7953865305351179,Q1,Lung,Ozone,46614,46614,22.862168815400857,36.58701753068245,Q1 (22.9-36.6 ppb),2.25
852.25,Death/delisted too sick,0.12753427016111882,Q1,Lung,Ozone,46614,46614,22.862168815400857,36.58701753068245,Q1 (22.9-36.6 ppb),2.3333333333333335
852.25,Transplant,0.7971313759378824,Q1,Lung,Ozone,46614,46614,22.862168815400857,36.58701753068245,Q1 (22.9-36.6 ppb),2.3333333333333335
882.6875,Death/delisted too sick,0.12787871904691053,Q1,Lung,Ozone,46614,46614,22.862168815400857,36.58701753068245,Q1 (22.9-36.6 ppb),2.4166666666666665
882.6875,Transplant,0.8006226567251798,Q1,Lung,Ozone,46614,46614,22.862168815400857,36.58701753068245,Q1 (22.9-36.6 ppb),2.4166666666666665
913.125,Death/delisted too sick,0.1290965401677471,Q1,Lung,Ozone,46614,46614,22.862168815400857,36.58701753068245,Q1 (22.9-36.6 ppb),2.5
913.125,Transplant,0.8025142761675054,Q1,Lung,Ozone,46614,46614,22.862168815400857,36.58701753068245,Q1 (22.9-36.6 ppb),2.5
943.5625,Death/delisted too sick,0.12986038704262545,Q1,Lung,Ozone,46614,46614,22.862168815400857,36.58701753068245,Q1 (22.9-36.6 ppb),2.5833333333333335
943.5625,Transplant,0.8048413094702015,Q1,Lung,Ozone,46614,46614,22.862168815400857,36.58701753068245,Q1 (22.9-36.6 ppb),2.5833333333333335
974,Death/delisted too sick,0.13021830958473038,Q1,Lung,Ozone,46614,46614,22.862168815400857,36.58701753068245,Q1 (22.9-36.6 ppb),2.6666666666666665
974,Transplant,0.8086753519493048,Q1,Lung,Ozone,46614,46614,22.862168815400857,36.58701753068245,Q1 (22.9-36.6 ppb),2.6666666666666665
1004.4375,Death/delisted too sick,0.1306455372683534,Q1,Lung,Ozone,46614,46614,22.862168815400857,36.58701753068245,Q1 (22.9-36.6 ppb),2.75
1004.4375,Transplant,0.8115770337486204,Q1,Lung,Ozone,46614,46614,22.862168815400857,36.58701753068245,Q1 (22.9-36.6 ppb),2.75
1034.875,Death/delisted too sick,0.1308272401201816,Q1,Lung,Ozone,46614,46614,22.862168815400857,36.58701753068245,Q1 (22.9-36.6 ppb),2.8333333333333335
1034.875,Transplant,0.8125633245877368,Q1,Lung,Ozone,46614,46614,22.862168815400857,36.58701753068245,Q1 (22.9-36.6 ppb),2.8333333333333335
1065.3125,Death/delisted too sick,0.13107720877389853,Q1,Lung,Ozone,46614,46614,22.862168815400857,36.58701753068245,Q1 (22.9-36.6 ppb),2.9166666666666665
1065.3125,Transplant,0.8144267546299633,Q1,Lung,Ozone,46614,46614,22.862168815400857,36.58701753068245,Q1 (22.9-36.6 ppb),2.9166666666666665
1095.75,Death/delisted too sick,0.13137454984155095,Q1,Lung,Ozone,46614,46614,22.862168815400857,36.58701753068245,Q1 (22.9-36.6 ppb),3
1095.75,Transplant,0.8161668555429574,Q1,Lung,Ozone,46614,46614,22.862168815400857,36.58701753068245,Q1 (22.9-36.6 ppb),3
1126.1875,Death/delisted too sick,0.13379884498222128,Q1,Lung,Ozone,46614,46614,22.862168815400857,36.58701753068245,Q1 (22.9-36.6 ppb),3.0833333333333335
1126.1875,Transplant,0.8180384511381853,Q1,Lung,Ozone,46614,46614,22.862168815400857,36.58701753068245,Q1 (22.9-36.6 ppb),3.0833333333333335
1156.625,Death/delisted too sick,0.13379884498222128,Q1,Lung,Ozone,46614,46614,22.862168815400857,36.58701753068245,Q1 (22.9-36.6 ppb),3.1666666666666665
1156.625,Transplant,0.8196344879958919,Q1,Lung,Ozone,46614,46614,22.862168815400857,36.58701753068245,Q1 (22.9-36.6 ppb),3.1666666666666665
1187.0625,Death/delisted too sick,0.13407191502645502,Q1,Lung,Ozone,46614,46614,22.862168815400857,36.58701753068245,Q1 (22.9-36.6 ppb),3.25
1187.0625,Transplant,0.8205232094740307,Q1,Lung,Ozone,46614,46614,22.862168815400857,36.58701753068245,Q1 (22.9-36.6 ppb),3.25
1217.5,Death/delisted too sick,0.13471910665950101,Q1,Lung,Ozone,46614,46614,22.862168815400857,36.58701753068245,Q1 (22.9-36.6 ppb),3.3333333333333335
1217.5,Transplant,0.8225087068264328,Q1,Lung,Ozone,46614,46614,22.862168815400857,36.58701753068245,Q1 (22.9-36.6 ppb),3.3333333333333335
1247.9375,Death/delisted too sick,0.13510259168459807,Q1,Lung,Ozone,46614,46614,22.862168815400857,36.58701753068245,Q1 (22.9-36.6 ppb),3.4166666666666665
1247.9375,Transplant,0.8237418323531667,Q1,Lung,Ozone,46614,46614,22.862168815400857,36.58701753068245,Q1 (22.9-36.6 ppb),3.4166666666666665
1278.375,Death/delisted too sick,0.13527660574226025,Q1,Lung,Ozone,46614,46614,22.862168815400857,36.58701753068245,Q1 (22.9-36.6 ppb),3.5
1278.375,Transplant,0.824620829460469,Q1,Lung,Ozone,46614,46614,22.862168815400857,36.58701753068245,Q1 (22.9-36.6 ppb),3.5
1308.8125,Death/delisted too sick,0.13609806379352826,Q1,Lung,Ozone,46614,46614,22.862168815400857,36.58701753068245,Q1 (22.9-36.6 ppb),3.5833333333333335
1308.8125,Transplant,0.8265585393057943,Q1,Lung,Ozone,46614,46614,22.862168815400857,36.58701753068245,Q1 (22.9-36.6 ppb),3.5833333333333335
1339.25,Death/delisted too sick,0.1361849493820488,Q1,Lung,Ozone,46614,46614,22.862168815400857,36.58701753068245,Q1 (22.9-36.6 ppb),3.6666666666666665
1339.25,Transplant,0.8274281846812616,Q1,Lung,Ozone,46614,46614,22.862168815400857,36.58701753068245,Q1 (22.9-36.6 ppb),3.6666666666666665
1369.6875,Death/delisted too sick,0.1361849493820488,Q1,Lung,Ozone,46614,46614,22.862168815400857,36.58701753068245,Q1 (22.9-36.6 ppb),3.75
1369.6875,Transplant,0.8279606130071446,Q1,Lung,Ozone,46614,46614,22.862168815400857,36.58701753068245,Q1 (22.9-36.6 ppb),3.75
1400.125,Death/delisted too sick,0.13623202594139405,Q1,Lung,Ozone,46614,46614,22.862168815400857,36.58701753068245,Q1 (22.9-36.6 ppb),3.8333333333333335
1400.125,Transplant,0.8285100973656794,Q1,Lung,Ozone,46614,46614,22.862168815400857,36.58701753068245,Q1 (22.9-36.6 ppb),3.8333333333333335
1430.5625,Death/delisted too sick,0.13672919532253286,Q1,Lung,Ozone,46614,46614,22.862168815400857,36.58701753068245,Q1 (22.9-36.6 ppb),3.9166666666666665
1430.5625,Transplant,0.8303231173101072,Q1,Lung,Ozone,46614,46614,22.862168815400857,36.58701753068245,Q1 (22.9-36.6 ppb),3.9166666666666665
1461,Death/delisted too sick,0.1373306932409589,Q1,Lung,Ozone,46614,46614,22.862168815400857,36.58701753068245,Q1 (22.9-36.6 ppb),4
1461,Transplant,0.8312054999573214,Q1,Lung,Ozone,46614,46614,22.862168815400857,36.58701753068245,Q1 (22.9-36.6 ppb),4
1491.4375,Death/delisted too sick,0.13749858325533315,Q1,Lung,Ozone,46614,46614,22.862168815400857,36.58701753068245,Q1 (22.9-36.6 ppb),4.083333333333333
1491.4375,Transplant,0.8316406548411653,Q1,Lung,Ozone,46614,46614,22.862168815400857,36.58701753068245,Q1 (22.9-36.6 ppb),4.083333333333333
1521.875,Death/delisted too sick,0.13768448195562774,Q1,Lung,Ozone,46614,46614,22.862168815400857,36.58701753068245,Q1 (22.9-36.6 ppb),4.166666666666667
1521.875,Transplant,0.8320356999354273,Q1,Lung,Ozone,46614,46614,22.862168815400857,36.58701753068245,Q1 (22.9-36.6 ppb),4.166666666666667
1552.3125,Death/delisted too sick,0.13781773415014154,Q1,Lung,Ozone,46614,46614,22.862168815400857,36.58701753068245,Q1 (22.9-36.6 ppb),4.25
1552.3125,Transplant,0.8324569989127818,Q1,Lung,Ozone,46614,46614,22.862168815400857,36.58701753068245,Q1 (22.9-36.6 ppb),4.25
1582.75,Death/delisted too sick,0.13781773415014154,Q1,Lung,Ozone,46614,46614,22.862168815400857,36.58701753068245,Q1 (22.9-36.6 ppb),4.333333333333333
1582.75,Transplant,0.8338381317528816,Q1,Lung,Ozone,46614,46614,22.862168815400857,36.58701753068245,Q1 (22.9-36.6 ppb),4.333333333333333
1613.1875,Death/delisted too sick,0.13791548956347363,Q1,Lung,Ozone,46614,46614,22.862168815400857,36.58701753068245,Q1 (22.9-36.6 ppb),4.416666666666667
1613.1875,Transplant,0.8345812078249746,Q1,Lung,Ozone,46614,46614,22.862168815400857,36.58701753068245,Q1 (22.9-36.6 ppb),4.416666666666667
1643.625,Death/delisted too sick,0.13802541582966482,Q1,Lung,Ozone,46614,46614,22.862168815400857,36.58701753068245,Q1 (22.9-36.6 ppb),4.5
1643.625,Transplant,0.835034076030891,Q1,Lung,Ozone,46614,46614,22.862168815400857,36.58701753068245,Q1 (22.9-36.6 ppb),4.5
1674.0625,Death/delisted too sick,0.13845688658197394,Q1,Lung,Ozone,46614,46614,22.862168815400857,36.58701753068245,Q1 (22.9-36.6 ppb),4.583333333333333
1674.0625,Transplant,0.8354678047232654,Q1,Lung,Ozone,46614,46614,22.862168815400857,36.58701753068245,Q1 (22.9-36.6 ppb),4.583333333333333
1704.5,Death/delisted too sick,0.1394870997749506,Q1,Lung,Ozone,46614,46614,22.862168815400857,36.58701753068245,Q1 (22.9-36.6 ppb),4.666666666666667
1704.5,Transplant,0.835896913033743,Q1,Lung,Ozone,46614,46614,22.862168815400857,36.58701753068245,Q1 (22.9-36.6 ppb),4.666666666666667
1734.9375,Death/delisted too sick,0.1394870997749506,Q1,Lung,Ozone,46614,46614,22.862168815400857,36.58701753068245,Q1 (22.9-36.6 ppb),4.75
1734.9375,Transplant,0.8362830573599669,Q1,Lung,Ozone,46614,46614,22.862168815400857,36.58701753068245,Q1 (22.9-36.6 ppb),4.75
1765.375,Death/delisted too sick,0.13962560452951803,Q1,Lung,Ozone,46614,46614,22.862168815400857,36.58701753068245,Q1 (22.9-36.6 ppb),4.833333333333333
1765.375,Transplant,0.8379486889293589,Q1,Lung,Ozone,46614,46614,22.862168815400857,36.58701753068245,Q1 (22.9-36.6 ppb),4.833333333333333
1795.8125,Death/delisted too sick,0.1397780774964474,Q1,Lung,Ozone,46614,46614,22.862168815400857,36.58701753068245,Q1 (22.9-36.6 ppb),4.916666666666667
1795.8125,Transplant,0.8380051898190584,Q1,Lung,Ozone,46614,46614,22.862168815400857,36.58701753068245,Q1 (22.9-36.6 ppb),4.916666666666667
1826.25,Death/delisted too sick,0.14007710072802723,Q1,Lung,Ozone,46614,46614,22.862168815400857,36.58701753068245,Q1 (22.9-36.6 ppb),5
1826.25,Transplant,0.8383329268235633,Q1,Lung,Ozone,46614,46614,22.862168815400857,36.58701753068245,Q1 (22.9-36.6 ppb),5
0,Death/delisted too sick,0,Q2,Lung,Ozone,46614,46614,36.58758995027255,38.19450109498994,Q2 (36.6-38.2 ppb),0
0,Transplant,0,Q2,Lung,Ozone,46614,46614,36.58758995027255,38.19450109498994,Q2 (36.6-38.2 ppb),0
30.4375,Death/delisted too sick,0.03759659136670774,Q2,Lung,Ozone,46614,46614,36.58758995027255,38.19450109498994,Q2 (36.6-38.2 ppb),0.08333333333333333
30.4375,Transplant,0.3170911386595213,Q2,Lung,Ozone,46614,46614,36.58758995027255,38.19450109498994,Q2 (36.6-38.2 ppb),0.08333333333333333
60.875,Death/delisted too sick,0.05296067199787662,Q2,Lung,Ozone,46614,46614,36.58758995027255,38.19450109498994,Q2 (36.6-38.2 ppb),0.16666666666666666
60.875,Transplant,0.44358508826265797,Q2,Lung,Ozone,46614,46614,36.58758995027255,38.19450109498994,Q2 (36.6-38.2 ppb),0.16666666666666666
91.3125,Death/delisted too sick,0.06347395059882423,Q2,Lung,Ozone,46614,46614,36.58758995027255,38.19450109498994,Q2 (36.6-38.2 ppb),0.25
91.3125,Transplant,0.5182046824253044,Q2,Lung,Ozone,46614,46614,36.58758995027255,38.19450109498994,Q2 (36.6-38.2 ppb),0.25
121.75,Death/delisted too sick,0.0718878396990026,Q2,Lung,Ozone,46614,46614,36.58758995027255,38.19450109498994,Q2 (36.6-38.2 ppb),0.3333333333333333
121.75,Transplant,0.5696659626890721,Q2,Lung,Ozone,46614,46614,36.58758995027255,38.19450109498994,Q2 (36.6-38.2 ppb),0.3333333333333333
152.1875,Death/delisted too sick,0.07718990436744416,Q2,Lung,Ozone,46614,46614,36.58758995027255,38.19450109498994,Q2 (36.6-38.2 ppb),0.4166666666666667
152.1875,Transplant,0.6100116585625892,Q2,Lung,Ozone,46614,46614,36.58758995027255,38.19450109498994,Q2 (36.6-38.2 ppb),0.4166666666666667
182.625,Death/delisted too sick,0.08183731685010845,Q2,Lung,Ozone,46614,46614,36.58758995027255,38.19450109498994,Q2 (36.6-38.2 ppb),0.5
182.625,Transplant,0.6419242566873089,Q2,Lung,Ozone,46614,46614,36.58758995027255,38.19450109498994,Q2 (36.6-38.2 ppb),0.5
213.0625,Death/delisted too sick,0.086785532998846407,Q2,Lung,Ozone,46614,46614,36.58758995027255,38.19450109498994,Q2 (36.6-38.2 ppb),0.5833333333333334
213.0625,Transplant,0.6680992506286703,Q2,Lung,Ozone,46614,46614,36.58758995027255,38.19450109498994,Q2 (36.6-38.2 ppb),0.5833333333333334
243.5,Death/delisted too sick,0.09020047155641252,Q2,Lung,Ozone,46614,46614,36.58758995027255,38.19450109498994,Q2 (36.6-38.2 ppb),0.6666666666666666
243.5,Transplant,0.6874093055549495,Q2,Lung,Ozone,46614,46614,36.58758995027255,38.19450109498994,Q2 (36.6-38.2 ppb),0.6666666666666666
273.9375,Death/delisted too sick,0.09459115545023564,Q2,Lung,Ozone,46614,46614,36.58758995027255,38.19450109498994,Q2 (36.6-38.2 ppb),0.75
273.9375,Transplant,0.7036337367045385,Q2,Lung,Ozone,46614,46614,36.58758995027255,38.19450109498994,Q2 (36.6-38.2 ppb),0.75
304.375,Death/delisted too sick,0.09788604067466017,Q2,Lung,Ozone,46614,46614,36.58758995027255,38.19450109498994,Q2 (36.6-38.2 ppb),0.8333333333333334
304.375,Transplant,0.7213460728439579,Q2,Lung,Ozone,46614,46614,36.58758995027255,38.19450109498994,Q2 (36.6-38.2 ppb),0.8333333333333334
334.8125,Death/delisted too sick,0.10154584938035265,Q2,Lung,Ozone,46614,46614,36.58758995027255,38.19450109498994,Q2 (36.6-38.2 ppb),0.9166666666666666
334.8125,Transplant,0.7313540750977217,Q2,Lung,Ozone,46614,46614,36.58758995027255,38.19450109498994,Q2 (36.6-38.2 ppb),0.9166666666666666
365.25,Death/delisted too sick,0.10347528392358994,Q2,Lung,Ozone,46614,46614,36.58758995027255,38.19450109498994,Q2 (36.6-38.2 ppb),1
365.25,Transplant,0.7408611705173728,Q2,Lung,Ozone,46614,46614,36.58758995027255,38.19450109498994,Q2 (36.6-38.2 ppb),1
395.6875,Death/delisted too sick,0.10631597607300108,Q2,Lung,Ozone,46614,46614,36.58758995027255,38.19450109498994,Q2 (36.6-38.2 ppb),1.0833333333333333
395.6875,Transplant,0.7500034923933825,Q2,Lung,Ozone,46614,46614,36.58758995027255,38.19450109498994,Q2 (36.6-38.2 ppb),1.0833333333333333
426.125,Death/delisted too sick,0.10799609746404851,Q2,Lung,Ozone,46614,46614,36.58758995027255,38.19450109498994,Q2 (36.6-38.2 ppb),1.1666666666666667
426.125,Transplant,0.7570871533036823,Q2,Lung,Ozone,46614,46614,36.58758995027255,38.19450109498994,Q2 (36.6-38.2 ppb),1.1666666666666667
456.5625,Death/delisted too sick,0.11055850016784584,Q2,Lung,Ozone,46614,46614,36.58758995027255,38.19450109498994,Q2 (36.6-38.2 ppb),1.25
456.5625,Transplant,0.7633629661790782,Q2,Lung,Ozone,46614,46614,36.58758995027255,38.19450109498994,Q2 (36.6-38.2 ppb),1.25
487,Death/delisted too sick,0.11162759838398999,Q2,Lung,Ozone,46614,46614,36.58758995027255,38.19450109498994,Q2 (36.6-38.2 ppb),1.3333333333333333
487,Transplant,0.7681341482367307,Q2,Lung,Ozone,46614,46614,36.58758995027255,38.19450109498994,Q2 (36.6-38.2 ppb),1.3333333333333333
517.4375,Death/delisted too sick,0.11314031318416531,Q2,Lung,Ozone,46614,46614,36.58758995027255,38.19450109498994,Q2 (36.6-38.2 ppb),1.4166666666666667
517.4375,Transplant,0.7738909318262409,Q2,Lung,Ozone,46614,46614,36.58758995027255,38.19450109498994,Q2 (36.6-38.2 ppb),1.4166666666666667
547.875,Death/delisted too sick,0.11378234305810915,Q2,Lung,Ozone,46614,46614,36.58758995027255,38.19450109498994,Q2 (36.6-38.2 ppb),1.5
547.875,Transplant,0.7807142811556954,Q2,Lung,Ozone,46614,46614,36.58758995027255,38.19450109498994,Q2 (36.6-38.2 ppb),1.5
578.3125,Death/delisted too sick,0.1155660230098442,Q2,Lung,Ozone,46614,46614,36.58758995027255,38.19450109498994,Q2 (36.6-38.2 ppb),1.5833333333333333
578.3125,Transplant,0.7848886197511423,Q2,Lung,Ozone,46614,46614,36.58758995027255,38.19450109498994,Q2 (36.6-38.2 ppb),1.5833333333333333
608.75,Death/delisted too sick,0.11690960578996132,Q2,Lung,Ozone,46614,46614,36.58758995027255,38.19450109498994,Q2 (36.6-38.2 ppb),1.6666666666666667
608.75,Transplant,0.7888572161704753,Q2,Lung,Ozone,46614,46614,36.58758995027255,38.19450109498994,Q2 (36.6-38.2 ppb),1.6666666666666667
639.1875,Death/delisted too sick,0.11919031915710272,Q2,Lung,Ozone,46614,46614,36.58758995027255,38.19450109498994,Q2 (36.6-38.2 ppb),1.75
639.1875,Transplant,0.7923253977516864,Q2,Lung,Ozone,46614,46614,36.58758995027255,38.19450109498994,Q2 (36.6-38.2 ppb),1.75
669.625,Death/delisted too sick,0.12019935137959403,Q2,Lung,Ozone,46614,46614,36.58758995027255,38.19450109498994,Q2 (36.6-38.2 ppb),1.8333333333333333
669.625,Transplant,0.7975141681272555,Q2,Lung,Ozone,46614,46614,36.58758995027255,38.19450109498994,Q2 (36.6-38.2 ppb),1.8333333333333333
700.0625,Death/delisted too sick,0.12109613701467754,Q2,Lung,Ozone,46614,46614,36.58758995027255,38.19450109498994,Q2 (36.6-38.2 ppb),1.9166666666666667
700.0625,Transplant,0.8013074148782431,Q2,Lung,Ozone,46614,46614,36.58758995027255,38.19450109498994,Q2 (36.6-38.2 ppb),1.9166666666666667
730.5,Death/delisted too sick,0.12163969758843435,Q2,Lung,Ozone,46614,46614,36.58758995027255,38.19450109498994,Q2 (36.6-38.2 ppb),2
730.5,Transplant,0.8036061212888146,Q2,Lung,Ozone,46614,46614,36.58758995027255,38.19450109498994,Q2 (36.6-38.2 ppb),2
760.9375,Death/delisted too sick,0.12251610719081277,Q2,Lung,Ozone,46614,46614,36.58758995027255,38.19450109498994,Q2 (36.6-38.2 ppb),2.0833333333333335
760.9375,Transplant,0.8063250606115612,Q2,Lung,Ozone,46614,46614,36.58758995027255,38.19450109498994,Q2 (36.6-38.2 ppb),2.0833333333333335
791.375,Death/delisted too sick,0.12385936456143459,Q2,Lung,Ozone,46614,46614,36.58758995027255,38.19450109498994,Q2 (36.6-38.2 ppb),2.1666666666666665
791.375,Transplant,0.8081904871269683,Q2,Lung,Ozone,46614,46614,36.58758995027255,38.19450109498994,Q2 (36.6-38.2 ppb),2.1666666666666665
821.8125,Death/delisted too sick,0.12462861749735756,Q2,Lung,Ozone,46614,46614,36.58758995027255,38.19450109498994,Q2 (36.6-38.2 ppb),2.25
821.8125,Transplant,0.8107212238840757,Q2,Lung,Ozone,46614,46614,36.58758995027255,38.19450109498994,Q2 (36.6-38.2 ppb),2.25
852.25,Death/delisted too sick,0.12502726238042308,Q2,Lung,Ozone,46614,46614,36.58758995027255,38.19450109498994,Q2 (36.6-38.2 ppb),2.3333333333333335
852.25,Transplant,0.8122915423523884,Q2,Lung,Ozone,46614,46614,36.58758995027255,38.19450109498994,Q2 (36.6-38.2 ppb),2.3333333333333335
882.6875,Death/delisted too sick,0.12546845249830238,Q2,Lung,Ozone,46614,46614,36.58758995027255,38.19450109498994,Q2 (36.6-38.2 ppb),2.4166666666666665
882.6875,Transplant,0.8155221220163786,Q2,Lung,Ozone,46614,46614,36.58758995027255,38.19450109498994,Q2 (36.6-38.2 ppb),2.4166666666666665
913.125,Death/delisted too sick,0.1258322789977186,Q2,Lung,Ozone,46614,46614,36.58758995027255,38.19450109498994,Q2 (36.6-38.2 ppb),2.5
913.125,Transplant,0.8174061699300346,Q2,Lung,Ozone,46614,46614,36.58758995027255,38.19450109498994,Q2 (36.6-38.2 ppb),2.5
943.5625,Death/delisted too sick,0.12683665337335778,Q2,Lung,Ozone,46614,46614,36.58758995027255,38.19450109498994,Q2 (36.6-38.2 ppb),2.5833333333333335
943.5625,Transplant,0.8192312100347491,Q2,Lung,Ozone,46614,46614,36.58758995027255,38.19450109498994,Q2 (36.6-38.2 ppb),2.5833333333333335
974,Death/delisted too sick,0.12824481595450637,Q2,Lung,Ozone,46614,46614,36.58758995027255,38.19450109498994,Q2 (36.6-38.2 ppb),2.6666666666666665
974,Transplant,0.8210520983642308,Q2,Lung,Ozone,46614,46614,36.58758995027255,38.19450109498994,Q2 (36.6-38.2 ppb),2.6666666666666665
1004.4375,Death/delisted too sick,0.12895506573897708,Q2,Lung,Ozone,46614,46614,36.58758995027255,38.19450109498994,Q2 (36.6-38.2 ppb),2.75
1004.4375,Transplant,0.8224212956990389,Q2,Lung,Ozone,46614,46614,36.58758995027255,38.19450109498994,Q2 (36.6-38.2 ppb),2.75
1034.875,Death/delisted too sick,0.12936682689061288,Q2,Lung,Ozone,46614,46614,36.58758995027255,38.19450109498994,Q2 (36.6-38.2 ppb),2.8333333333333335
1034.875,Transplant,0.8234472931471016,Q2,Lung,Ozone,46614,46614,36.58758995027255,38.19450109498994,Q2 (36.6-38.2 ppb),2.8333333333333335
1065.3125,Death/delisted too sick,0.1297217515814457,Q2,Lung,Ozone,46614,46614,36.58758995027255,38.19450109498994,Q2 (36.6-38.2 ppb),2.9166666666666665
1065.3125,Transplant,0.8242906239226709,Q2,Lung,Ozone,46614,46614,36.58758995027255,38.19450109498994,Q2 (36.6-38.2 ppb),2.9166666666666665
1095.75,Death/delisted too sick,0.1310421073024706,Q2,Lung,Ozone,46614,46614,36.58758995027255,38.19450109498994,Q2 (36.6-38.2 ppb),3
1095.75,Transplant,0.8248851218684607,Q2,Lung,Ozone,46614,46614,36.58758995027255,38.19450109498994,Q2 (36.6-38.2 ppb),3
1126.1875,Death/delisted too sick,0.13138715848431776,Q2,Lung,Ozone,46614,46614,36.58758995027255,38.19450109498994,Q2 (36.6-38.2 ppb),3.0833333333333335
1126.1875,Transplant,0.8258469583135398,Q2,Lung,Ozone,46614,46614,36.58758995027255,38.19450109498994,Q2 (36.6-38.2 ppb),3.0833333333333335
1156.625,Death/delisted too sick,0.13166652941210358,Q2,Lung,Ozone,46614,46614,36.58758995027255,38.19450109498994,Q2 (36.6-38.2 ppb),3.1666666666666665
1156.625,Transplant,0.8263438932282567,Q2,Lung,Ozone,46614,46614,36.58758995027255,38.19450109498994,Q2 (36.6-38.2 ppb),3.1666666666666665
1187.0625,Death/delisted too sick,0.13175670272758747,Q2,Lung,Ozone,46614,46614,36.58758995027255,38.19450109498994,Q2 (36.6-38.2 ppb),3.25
1187.0625,Transplant,0.8269614113629409,Q2,Lung,Ozone,46614,46614,36.58758995027255,38.19450109498994,Q2 (36.6-38.2 ppb),3.25
1217.5,Death/delisted too sick,0.13243844370369087,Q2,Lung,Ozone,46614,46614,36.58758995027255,38.19450109498994,Q2 (36.6-38.2 ppb),3.3333333333333335
1217.5,Transplant,0.8273476737675494,Q2,Lung,Ozone,46614,46614,36.58758995027255,38.19450109498994,Q2 (36.6-38.2 ppb),3.3333333333333335
1247.9375,Death/delisted too sick,0.1326402553240465,Q2,Lung,Ozone,46614,46614,36.58758995027255,38.19450109498994,Q2 (36.6-38.2 ppb),3.4166666666666665
1247.9375,Transplant,0.8277187692136195,Q2,Lung,Ozone,46614,46614,36.58758995027255,38.19450109498994,Q2 (36.6-38.2 ppb),3.4166666666666665
1278.375,Death/delisted too sick,0.13319580800361078,Q2,Lung,Ozone,46614,46614,36.58758995027255,38.19450109498994,Q2 (36.6-38.2 ppb),3.5
1278.375,Transplant,0.8287510308752836,Q2,Lung,Ozone,46614,46614,36.58758995027255,38.19450109498994,Q2 (36.6-38.2 ppb),3.5
1308.8125,Death/delisted too sick,0.13413948071953555,Q2,Lung,Ozone,46614,46614,36.58758995027255,38.19450109498994,Q2 (36.6-38.2 ppb),3.5833333333333335
1308.8125,Transplant,0.8288459162933435,Q2,Lung,Ozone,46614,46614,36.58758995027255,38.19450109498994,Q2 (36.6-38.2 ppb),3.5833333333333335
1339.25,Death/delisted too sick,0.1348088686219151,Q2,Lung,Ozone,46614,46614,36.58758995027255,38.19450109498994,Q2 (36.6-38.2 ppb),3.6666666666666665
1339.25,Transplant,0.8293908438196063,Q2,Lung,Ozone,46614,46614,36.58758995027255,38.19450109498994,Q2 (36.6-38.2 ppb),3.6666666666666665
1369.6875,Death/delisted too sick,0.13506935003035236,Q2,Lung,Ozone,46614,46614,36.58758995027255,38.19450109498994,Q2 (36.6-38.2 ppb),3.75
1369.6875,Transplant,0.8305975949900171,Q2,Lung,Ozone,46614,46614,36.58758995027255,38.19450109498994,Q2 (36.6-38.2 ppb),3.75
1400.125,Death/delisted too sick,0.13506935003035236,Q2,Lung,Ozone,46614,46614,36.58758995027255,38.19450109498994,Q2 (36.6-38.2 ppb),3.8333333333333335
1400.125,Transplant,0.8313021203658367,Q2,Lung,Ozone,46614,46614,36.58758995027255,38.19450109498994,Q2 (36.6-38.2 ppb),3.8333333333333335
1430.5625,Death/delisted too sick,0.13529135610549495,Q2,Lung,Ozone,46614,46614,36.58758995027255,38.19450109498994,Q2 (36.6-38.2 ppb),3.9166666666666665
1430.5625,Transplant,0.831974691742027,Q2,Lung,Ozone,46614,46614,36.58758995027255,38.19450109498994,Q2 (36.6-38.2 ppb),3.9166666666666665
1461,Death/delisted too sick,0.13567270144173563,Q2,Lung,Ozone,46614,46614,36.58758995027255,38.19450109498994,Q2 (36.6-38.2 ppb),4
1461,Transplant,0.8325895045244334,Q2,Lung,Ozone,46614,46614,36.58758995027255,38.19450109498994,Q2 (36.6-38.2 ppb),4
1491.4375,Death/delisted too sick,0.13577077968546314,Q2,Lung,Ozone,46614,46614,36.58758995027255,38.19450109498994,Q2 (36.6-38.2 ppb),4.083333333333333
1491.4375,Transplant,0.8325895045244334,Q2,Lung,Ozone,46614,46614,36.58758995027255,38.19450109498994,Q2 (36.6-38.2 ppb),4.083333333333333
1521.875,Death/delisted too sick,0.13577077968546314,Q2,Lung,Ozone,46614,46614,36.58758995027255,38.19450109498994,Q2 (36.6-38.2 ppb),4.166666666666667
1521.875,Transplant,0.8333606272315391,Q2,Lung,Ozone,46614,46614,36.58758995027255,38.19450109498994,Q2 (36.6-38.2 ppb),4.166666666666667
1552.3125,Death/delisted too sick,0.13742353673074587,Q2,Lung,Ozone,46614,46614,36.58758995027255,38.19450109498994,Q2 (36.6-38.2 ppb),4.25
1552.3125,Transplant,0.8339997896607804,Q2,Lung,Ozone,46614,46614,36.58758995027255,38.19450109498994,Q2 (36.6-38.2 ppb),4.25
1582.75,Death/delisted too sick,0.13766251131014712,Q2,Lung,Ozone,46614,46614,36.58758995027255,38.19450109498994,Q2 (36.6-38.2 ppb),4.333333333333333
1582.75,Transplant,0.8342196979437377,Q2,Lung,Ozone,46614,46614,36.58758995027255,38.19450109498994,Q2 (36.6-38.2 ppb),4.333333333333333
1613.1875,Death/delisted too sick,0.13791309596143025,Q2,Lung,Ozone,46614,46614,36.58758995027255,38.19450109498994,Q2 (36.6-38.2 ppb),4.416666666666667
1613.1875,Transplant,0.8345562004362754,Q2,Lung,Ozone,46614,46614,36.58758995027255,38.19450109498994,Q2 (36.6-38.2 ppb),4.416666666666667
1643.625,Death/delisted too sick,0.1380899179155244,Q2,Lung,Ozone,46614,46614,36.58758995027255,38.19450109498994,Q2 (36.6-38.2 ppb),4.5
1643.625,Transplant,0.8346681361938718,Q2,Lung,Ozone,46614,46614,36.58758995027255,38.19450109498994,Q2 (36.6-38.2 ppb),4.5
1674.0625,Death/delisted too sick,0.13871108543526184,Q2,Lung,Ozone,46614,46614,36.58758995027255,38.19450109498994,Q2 (36.6-38.2 ppb),4.583333333333333
1674.0625,Transplant,0.8346681361938718,Q2,Lung,Ozone,46614,46614,36.58758995027255,38.19450109498994,Q2 (36.6-38.2 ppb),4.583333333333333
1704.5,Death/delisted too sick,0.13936397210847748,Q2,Lung,Ozone,46614,46614,36.58758995027255,38.19450109498994,Q2 (36.6-38.2 ppb),4.666666666666667
1704.5,Transplant,0.8351020019817427,Q2,Lung,Ozone,46614,46614,36.58758995027255,38.19450109498994,Q2 (36.6-38.2 ppb),4.666666666666667
1734.9375,Death/delisted too sick,0.13936397210847748,Q2,Lung,Ozone,46614,46614,36.58758995027255,38.19450109498994,Q2 (36.6-38.2 ppb),4.75
1734.9375,Transplant,0.8368650144075993,Q2,Lung,Ozone,46614,46614,36.58758995027255,38.19450109498994,Q2 (36.6-38.2 ppb),4.75
1765.375,Death/delisted too sick,0.13964173309409098,Q2,Lung,Ozone,46614,46614,36.58758995027255,38.19450109498994,Q2 (36.6-38.2 ppb),4.833333333333333
1765.375,Transplant,0.8371166684168944,Q2,Lung,Ozone,46614,46614,36.58758995027255,38.19450109498994,Q2 (36.6-38.2 ppb),4.833333333333333
1795.8125,Death/delisted too sick,0.13964173309409098,Q2,Lung,Ozone,46614,46614,36.58758995027255,38.19450109498994,Q2 (36.6-38.2 ppb),4.916666666666667
1795.8125,Transplant,0.8374447613854233,Q2,Lung,Ozone,46614,46614,36.58758995027255,38.19450109498994,Q2 (36.6-38.2 ppb),4.916666666666667
1826.25,Death/delisted too sick,0.13964173309409098,Q2,Lung,Ozone,46614,46614,36.58758995027255,38.19450109498994,Q2 (36.6-38.2 ppb),5
1826.25,Transplant,0.8377865836711132,Q2,Lung,Ozone,46614,46614,36.58758995027255,38.19450109498994,Q2 (36.6-38.2 ppb),5
0,Death/delisted too sick,0,Q3,Lung,Ozone,46614,46614,38.19462723876492,40.37601461589617,Q3 (38.2-40.4 ppb),0
0,Transplant,0,Q3,Lung,Ozone,46614,46614,38.19462723876492,40.37601461589617,Q3 (38.2-40.4 ppb),0
30.4375,Death/delisted too sick,0.04285951843450787,Q3,Lung,Ozone,46614,46614,38.19462723876492,40.37601461589617,Q3 (38.2-40.4 ppb),0.08333333333333333
30.4375,Transplant,0.3162854079198065,Q3,Lung,Ozone,46614,46614,38.19462723876492,40.37601461589617,Q3 (38.2-40.4 ppb),0.08333333333333333
60.875,Death/delisted too sick,0.06062593673799877,Q3,Lung,Ozone,46614,46614,38.19462723876492,40.37601461589617,Q3 (38.2-40.4 ppb),0.16666666666666666
60.875,Transplant,0.43626938436866347,Q3,Lung,Ozone,46614,46614,38.19462723876492,40.37601461589617,Q3 (38.2-40.4 ppb),0.16666666666666666
91.3125,Death/delisted too sick,0.07052179116077763,Q3,Lung,Ozone,46614,46614,38.19462723876492,40.37601461589617,Q3 (38.2-40.4 ppb),0.25
91.3125,Transplant,0.513220333510588,Q3,Lung,Ozone,46614,46614,38.19462723876492,40.37601461589617,Q3 (38.2-40.4 ppb),0.25
121.75,Death/delisted too sick,0.07983660814873415,Q3,Lung,Ozone,46614,46614,38.19462723876492,40.37601461589617,Q3 (38.2-40.4 ppb),0.3333333333333333
121.75,Transplant,0.5642080645653288,Q3,Lung,Ozone,46614,46614,38.19462723876492,40.37601461589617,Q3 (38.2-40.4 ppb),0.3333333333333333
152.1875,Death/delisted too sick,0.08642956048277553,Q3,Lung,Ozone,46614,46614,38.19462723876492,40.37601461589617,Q3 (38.2-40.4 ppb),0.4166666666666667
152.1875,Transplant,0.6013663492755542,Q3,Lung,Ozone,46614,46614,38.19462723876492,40.37601461589617,Q3 (38.2-40.4 ppb),0.4166666666666667
182.625,Death/delisted too sick,0.09125823209180349,Q3,Lung,Ozone,46614,46614,38.19462723876492,40.37601461589617,Q3 (38.2-40.4 ppb),0.5
182.625,Transplant,0.6326835636022887,Q3,Lung,Ozone,46614,46614,38.19462723876492,40.37601461589617,Q3 (38.2-40.4 ppb),0.5
213.0625,Death/delisted too sick,0.09603063627567744,Q3,Lung,Ozone,46614,46614,38.19462723876492,40.37601461589617,Q3 (38.2-40.4 ppb),0.5833333333333334
213.0625,Transplant,0.6580374962967812,Q3,Lung,Ozone,46614,46614,38.19462723876492,40.37601461589617,Q3 (38.2-40.4 ppb),0.5833333333333334
243.5,Death/delisted too sick,0.09917013347777266,Q3,Lung,Ozone,46614,46614,38.19462723876492,40.37601461589617,Q3 (38.2-40.4 ppb),0.6666666666666666
243.5,Transplant,0.6780301741436867,Q3,Lung,Ozone,46614,46614,38.19462723876492,40.37601461589617,Q3 (38.2-40.4 ppb),0.6666666666666666
273.9375,Death/delisted too sick,0.10150760713955288,Q3,Lung,Ozone,46614,46614,38.19462723876492,40.37601461589617,Q3 (38.2-40.4 ppb),0.75
273.9375,Transplant,0.6947300687615732,Q3,Lung,Ozone,46614,46614,38.19462723876492,40.37601461589617,Q3 (38.2-40.4 ppb),0.75
304.375,Death/delisted too sick,0.10484441695244244,Q3,Lung,Ozone,46614,46614,38.19462723876492,40.37601461589617,Q3 (38.2-40.4 ppb),0.8333333333333334
304.375,Transplant,0.708854060364624,Q3,Lung,Ozone,46614,46614,38.19462723876492,40.37601461589617,Q3 (38.2-40.4 ppb),0.8333333333333334
334.8125,Death/delisted too sick,0.10755761150518084,Q3,Lung,Ozone,46614,46614,38.19462723876492,40.37601461589617,Q3 (38.2-40.4 ppb),0.9166666666666666
334.8125,Transplant,0.7195739969383809,Q3,Lung,Ozone,46614,46614,38.19462723876492,40.37601461589617,Q3 (38.2-40.4 ppb),0.9166666666666666
365.25,Death/delisted too sick,0.10978804581663876,Q3,Lung,Ozone,46614,46614,38.19462723876492,40.37601461589617,Q3 (38.2-40.4 ppb),1
365.25,Transplant,0.7304305714270213,Q3,Lung,Ozone,46614,46614,38.19462723876492,40.37601461589617,Q3 (38.2-40.4 ppb),1
395.6875,Death/delisted too sick,0.1111541870378483,Q3,Lung,Ozone,46614,46614,38.19462723876492,40.37601461589617,Q3 (38.2-40.4 ppb),1.0833333333333333
395.6875,Transplant,0.7405593126209771,Q3,Lung,Ozone,46614,46614,38.19462723876492,40.37601461589617,Q3 (38.2-40.4 ppb),1.0833333333333333
426.125,Death/delisted too sick,0.11352532972218556,Q3,Lung,Ozone,46614,46614,38.19462723876492,40.37601461589617,Q3 (38.2-40.4 ppb),1.1666666666666667
426.125,Transplant,0.7475182287704284,Q3,Lung,Ozone,46614,46614,38.19462723876492,40.37601461589617,Q3 (38.2-40.4 ppb),1.1666666666666667
456.5625,Death/delisted too sick,0.11486630113398522,Q3,Lung,Ozone,46614,46614,38.19462723876492,40.37601461589617,Q3 (38.2-40.4 ppb),1.25
456.5625,Transplant,0.7563118596891117,Q3,Lung,Ozone,46614,46614,38.19462723876492,40.37601461589617,Q3 (38.2-40.4 ppb),1.25
487,Death/delisted too sick,0.11588172315978654,Q3,Lung,Ozone,46614,46614,38.19462723876492,40.37601461589617,Q3 (38.2-40.4 ppb),1.3333333333333333
487,Transplant,0.7649749286668436,Q3,Lung,Ozone,46614,46614,38.19462723876492,40.37601461589617,Q3 (38.2-40.4 ppb),1.3333333333333333
517.4375,Death/delisted too sick,0.11681206656831003,Q3,Lung,Ozone,46614,46614,38.19462723876492,40.37601461589617,Q3 (38.2-40.4 ppb),1.4166666666666667
517.4375,Transplant,0.7705431326890281,Q3,Lung,Ozone,46614,46614,38.19462723876492,40.37601461589617,Q3 (38.2-40.4 ppb),1.4166666666666667
547.875,Death/delisted too sick,0.11747359949436238,Q3,Lung,Ozone,46614,46614,38.19462723876492,40.37601461589617,Q3 (38.2-40.4 ppb),1.5
547.875,Transplant,0.7767110459419149,Q3,Lung,Ozone,46614,46614,38.19462723876492,40.37601461589617,Q3 (38.2-40.4 ppb),1.5
578.3125,Death/delisted too sick,0.11830074034769256,Q3,Lung,Ozone,46614,46614,38.19462723876492,40.37601461589617,Q3 (38.2-40.4 ppb),1.5833333333333333
578.3125,Transplant,0.7823189234999803,Q3,Lung,Ozone,46614,46614,38.19462723876492,40.37601461589617,Q3 (38.2-40.4 ppb),1.5833333333333333
608.75,Death/delisted too sick,0.11933300768546193,Q3,Lung,Ozone,46614,46614,38.19462723876492,40.37601461589617,Q3 (38.2-40.4 ppb),1.6666666666666667
608.75,Transplant,0.7858148695343501,Q3,Lung,Ozone,46614,46614,38.19462723876492,40.37601461589617,Q3 (38.2-40.4 ppb),1.6666666666666667
639.1875,Death/delisted too sick,0.1207236312772321,Q3,Lung,Ozone,46614,46614,38.19462723876492,40.37601461589617,Q3 (38.2-40.4 ppb),1.75
639.1875,Transplant,0.7911147721903972,Q3,Lung,Ozone,46614,46614,38.19462723876492,40.37601461589617,Q3 (38.2-40.4 ppb),1.75
669.625,Death/delisted too sick,0.12191822830523392,Q3,Lung,Ozone,46614,46614,38.19462723876492,40.37601461589617,Q3 (38.2-40.4 ppb),1.8333333333333333
669.625,Transplant,0.7947324787774719,Q3,Lung,Ozone,46614,46614,38.19462723876492,40.37601461589617,Q3 (38.2-40.4 ppb),1.8333333333333333
700.0625,Death/delisted too sick,0.12235716796046005,Q3,Lung,Ozone,46614,46614,38.19462723876492,40.37601461589617,Q3 (38.2-40.4 ppb),1.9166666666666667
700.0625,Transplant,0.7991586014456508,Q3,Lung,Ozone,46614,46614,38.19462723876492,40.37601461589617,Q3 (38.2-40.4 ppb),1.9166666666666667
730.5,Death/delisted too sick,0.12370366716647256,Q3,Lung,Ozone,46614,46614,38.19462723876492,40.37601461589617,Q3 (38.2-40.4 ppb),2
730.5,Transplant,0.803511348151451,Q3,Lung,Ozone,46614,46614,38.19462723876492,40.37601461589617,Q3 (38.2-40.4 ppb),2
760.9375,Death/delisted too sick,0.1244475081774417,Q3,Lung,Ozone,46614,46614,38.19462723876492,40.37601461589617,Q3 (38.2-40.4 ppb),2.0833333333333335
760.9375,Transplant,0.8069141944707718,Q3,Lung,Ozone,46614,46614,38.19462723876492,40.37601461589617,Q3 (38.2-40.4 ppb),2.0833333333333335
791.375,Death/delisted too sick,0.12467890924474637,Q3,Lung,Ozone,46614,46614,38.19462723876492,40.37601461589617,Q3 (38.2-40.4 ppb),2.1666666666666665
791.375,Transplant,0.8097779762859988,Q3,Lung,Ozone,46614,46614,38.19462723876492,40.37601461589617,Q3 (38.2-40.4 ppb),2.1666666666666665
821.8125,Death/delisted too sick,0.12531163224240005,Q3,Lung,Ozone,46614,46614,38.19462723876492,40.37601461589617,Q3 (38.2-40.4 ppb),2.25
821.8125,Transplant,0.8117222228943002,Q3,Lung,Ozone,46614,46614,38.19462723876492,40.37601461589617,Q3 (38.2-40.4 ppb),2.25
852.25,Death/delisted too sick,0.1257520949722249,Q3,Lung,Ozone,46614,46614,38.19462723876492,40.37601461589617,Q3 (38.2-40.4 ppb),2.3333333333333335
852.25,Transplant,0.8131655080059305,Q3,Lung,Ozone,46614,46614,38.19462723876492,40.37601461589617,Q3 (38.2-40.4 ppb),2.3333333333333335
882.6875,Death/delisted too sick,0.12721562998862262,Q3,Lung,Ozone,46614,46614,38.19462723876492,40.37601461589617,Q3 (38.2-40.4 ppb),2.4166666666666665
882.6875,Transplant,0.8156195179327693,Q3,Lung,Ozone,46614,46614,38.19462723876492,40.37601461589617,Q3 (38.2-40.4 ppb),2.4166666666666665
913.125,Death/delisted too sick,0.12742723799562866,Q3,Lung,Ozone,46614,46614,38.19462723876492,40.37601461589617,Q3 (38.2-40.4 ppb),2.5
913.125,Transplant,0.8167770908565399,Q3,Lung,Ozone,46614,46614,38.19462723876492,40.37601461589617,Q3 (38.2-40.4 ppb),2.5
943.5625,Death/delisted too sick,0.1284278152803844,Q3,Lung,Ozone,46614,46614,38.19462723876492,40.37601461589617,Q3 (38.2-40.4 ppb),2.5833333333333335
943.5625,Transplant,0.8182899295161288,Q3,Lung,Ozone,46614,46614,38.19462723876492,40.37601461589617,Q3 (38.2-40.4 ppb),2.5833333333333335
974,Death/delisted too sick,0.12909901234644466,Q3,Lung,Ozone,46614,46614,38.19462723876492,40.37601461589617,Q3 (38.2-40.4 ppb),2.6666666666666665
974,Transplant,0.8208957784465459,Q3,Lung,Ozone,46614,46614,38.19462723876492,40.37601461589617,Q3 (38.2-40.4 ppb),2.6666666666666665
1004.4375,Death/delisted too sick,0.13032558361177424,Q3,Lung,Ozone,46614,46614,38.19462723876492,40.37601461589617,Q3 (38.2-40.4 ppb),2.75
1004.4375,Transplant,0.8226732539461598,Q3,Lung,Ozone,46614,46614,38.19462723876492,40.37601461589617,Q3 (38.2-40.4 ppb),2.75
1034.875,Death/delisted too sick,0.13091441425508826,Q3,Lung,Ozone,46614,46614,38.19462723876492,40.37601461589617,Q3 (38.2-40.4 ppb),2.8333333333333335
1034.875,Transplant,0.8238131152709068,Q3,Lung,Ozone,46614,46614,38.19462723876492,40.37601461589617,Q3 (38.2-40.4 ppb),2.8333333333333335
1065.3125,Death/delisted too sick,0.13132335714426105,Q3,Lung,Ozone,46614,46614,38.19462723876492,40.37601461589617,Q3 (38.2-40.4 ppb),2.9166666666666665
1065.3125,Transplant,0.8257508206694794,Q3,Lung,Ozone,46614,46614,38.19462723876492,40.37601461589617,Q3 (38.2-40.4 ppb),2.9166666666666665
1095.75,Death/delisted too sick,0.13191913863004118,Q3,Lung,Ozone,46614,46614,38.19462723876492,40.37601461589617,Q3 (38.2-40.4 ppb),3
1095.75,Transplant,0.8278495886361449,Q3,Lung,Ozone,46614,46614,38.19462723876492,40.37601461589617,Q3 (38.2-40.4 ppb),3
1126.1875,Death/delisted too sick,0.13219654959441252,Q3,Lung,Ozone,46614,46614,38.19462723876492,40.37601461589617,Q3 (38.2-40.4 ppb),3.0833333333333335
1126.1875,Transplant,0.8284811300043281,Q3,Lung,Ozone,46614,46614,38.19462723876492,40.37601461589617,Q3 (38.2-40.4 ppb),3.0833333333333335
1156.625,Death/delisted too sick,0.13239062537174276,Q3,Lung,Ozone,46614,46614,38.19462723876492,40.37601461589617,Q3 (38.2-40.4 ppb),3.1666666666666665
1156.625,Transplant,0.8289991858588086,Q3,Lung,Ozone,46614,46614,38.19462723876492,40.37601461589617,Q3 (38.2-40.4 ppb),3.1666666666666665
1187.0625,Death/delisted too sick,0.13321673225450376,Q3,Lung,Ozone,46614,46614,38.19462723876492,40.37601461589617,Q3 (38.2-40.4 ppb),3.25
1187.0625,Transplant,0.8299109829360731,Q3,Lung,Ozone,46614,46614,38.19462723876492,40.37601461589617,Q3 (38.2-40.4 ppb),3.25
1217.5,Death/delisted too sick,0.13390110642296296,Q3,Lung,Ozone,46614,46614,38.19462723876492,40.37601461589617,Q3 (38.2-40.4 ppb),3.3333333333333335
1217.5,Transplant,0.8315075894497161,Q3,Lung,Ozone,46614,46614,38.19462723876492,40.37601461589617,Q3 (38.2-40.4 ppb),3.3333333333333335
1247.9375,Death/delisted too sick,0.13435448647413323,Q3,Lung,Ozone,46614,46614,38.19462723876492,40.37601461589617,Q3 (38.2-40.4 ppb),3.4166666666666665
1247.9375,Transplant,0.8317616338115313,Q3,Lung,Ozone,46614,46614,38.19462723876492,40.37601461589617,Q3 (38.2-40.4 ppb),3.4166666666666665
1278.375,Death/delisted too sick,0.13518972637791069,Q3,Lung,Ozone,46614,46614,38.19462723876492,40.37601461589617,Q3 (38.2-40.4 ppb),3.5
1278.375,Transplant,0.8322018617463444,Q3,Lung,Ozone,46614,46614,38.19462723876492,40.37601461589617,Q3 (38.2-40.4 ppb),3.5
1308.8125,Death/delisted too sick,0.13555790154359088,Q3,Lung,Ozone,46614,46614,38.19462723876492,40.37601461589617,Q3 (38.2-40.4 ppb),3.5833333333333335
1308.8125,Transplant,0.8329858031638209,Q3,Lung,Ozone,46614,46614,38.19462723876492,40.37601461589617,Q3 (38.2-40.4 ppb),3.5833333333333335
1339.25,Death/delisted too sick,0.13609523107519794,Q3,Lung,Ozone,46614,46614,38.19462723876492,40.37601461589617,Q3 (38.2-40.4 ppb),3.6666666666666665
1339.25,Transplant,0.8337399604343675,Q3,Lung,Ozone,46614,46614,38.19462723876492,40.37601461589617,Q3 (38.2-40.4 ppb),3.6666666666666665
1369.6875,Death/delisted too sick,0.13643806115569834,Q3,Lung,Ozone,46614,46614,38.19462723876492,40.37601461589617,Q3 (38.2-40.4 ppb),3.75
1369.6875,Transplant,0.8347122638647598,Q3,Lung,Ozone,46614,46614,38.19462723876492,40.37601461589617,Q3 (38.2-40.4 ppb),3.75
1400.125,Death/delisted too sick,0.13643806115569834,Q3,Lung,Ozone,46614,46614,38.19462723876492,40.37601461589617,Q3 (38.2-40.4 ppb),3.8333333333333335
1400.125,Transplant,0.8354540473170976,Q3,Lung,Ozone,46614,46614,38.19462723876492,40.37601461589617,Q3 (38.2-40.4 ppb),3.8333333333333335
1430.5625,Death/delisted too sick,0.13643806115569834,Q3,Lung,Ozone,46614,46614,38.19462723876492,40.37601461589617,Q3 (38.2-40.4 ppb),3.9166666666666665
1430.5625,Transplant,0.83605425608463535,Q3,Lung,Ozone,46614,46614,38.19462723876492,40.37601461589617,Q3 (38.2-40.4 ppb),3.9166666666666665
1461,Death/delisted too sick,0.13700766446513304,Q3,Lung,Ozone,46614,46614,38.19462723876492,40.37601461589617,Q3 (38.2-40.4 ppb),4
1461,Transplant,0.8362686275265534,Q3,Lung,Ozone,46614,46614,38.19462723876492,40.37601461589617,Q3 (38.2-40.4 ppb),4
1491.4375,Death/delisted too sick,0.13711965984472485,Q3,Lung,Ozone,46614,46614,38.19462723876492,40.37601461589617,Q3 (38.2-40.4 ppb),4.083333333333333
1491.4375,Transplant,0.8362686275265534,Q3,Lung,Ozone,46614,46614,38.19462723876492,40.37601461589617,Q3 (38.2-40.4 ppb),4.083333333333333
1521.875,Death/delisted too sick,0.13727023155378162,Q3,Lung,Ozone,46614,46614,38.19462723876492,40.37601461589617,Q3 (38.2-40.4 ppb),4.166666666666667
1521.875,Transplant,0.8369373503689412,Q3,Lung,Ozone,46614,46614,38.19462723876492,40.37601461589617,Q3 (38.2-40.4 ppb),4.166666666666667
1552.3125,Death/delisted too sick,0.13727023155378162,Q3,Lung,Ozone,46614,46614,38.19462723876492,40.37601461589617,Q3 (38.2-40.4 ppb),4.25
1552.3125,Transplant,0.8377570490675806,Q3,Lung,Ozone,46614,46614,38.19462723876492,40.37601461589617,Q3 (38.2-40.4 ppb),4.25
1582.75,Death/delisted too sick,0.1378218125366724,Q3,Lung,Ozone,46614,46614,38.19462723876492,40.37601461589617,Q3 (38.2-40.4 ppb),4.333333333333333
1582.75,Transplant,0.8382268262258133,Q3,Lung,Ozone,46614,46614,38.19462723876492,40.37601461589617,Q3 (38.2-40.4 ppb),4.333333333333333
1613.1875,Death/delisted too sick,0.1379597355382551,Q3,Lung,Ozone,46614,46614,38.19462723876492,40.37601461589617,Q3 (38.2-40.4 ppb),4.416666666666667
1613.1875,Transplant,0.8391031338099814,Q3,Lung,Ozone,46614,46614,38.19462723876492,40.37601461589617,Q3 (38.2-40.4 ppb),4.416666666666667
1643.625,Death/delisted too sick,0.1382884632376742,Q3,Lung,Ozone,46614,46614,38.19462723876492,40.37601461589617,Q3 (38.2-40.4 ppb),4.5
1643.625,Transplant,0.8393965802361857,Q3,Lung,Ozone,46614,46614,38.19462723876492,40.37601461589617,Q3 (38.2-40.4 ppb),4.5
1674.0625,Death/delisted too sick,0.1382884632376742,Q3,Lung,Ozone,46614,46614,38.19462723876492,40.37601461589617,Q3 (38.2-40.4 ppb),4.583333333333333
1674.0625,Transplant,0.8395219671787914,Q3,Lung,Ozone,46614,46614,38.19462723876492,40.37601461589617,Q3 (38.2-40.4 ppb),4.583333333333333
1704.5,Death/delisted too sick,0.13854534126800883,Q3,Lung,Ozone,46614,46614,38.19462723876492,40.37601461589617,Q3 (38.2-40.4 ppb),4.666666666666667
1704.5,Transplant,0.8405551073035005,Q3,Lung,Ozone,46614,46614,38.19462723876492,40.37601461589617,Q3 (38.2-40.4 ppb),4.666666666666667
1734.9375,Death/delisted too sick,0.13872909503660688,Q3,Lung,Ozone,46614,46614,38.19462723876492,40.37601461589617,Q3 (38.2-40.4 ppb),4.75
1734.9375,Transplant,0.8408160378150816,Q3,Lung,Ozone,46614,46614,38.19462723876492,40.37601461589617,Q3 (38.2-40.4 ppb),4.75
1765.375,Death/delisted too sick,0.13872909503660688,Q3,Lung,Ozone,46614,46614,38.19462723876492,40.37601461589617,Q3 (38.2-40.4 ppb),4.833333333333333
1765.375,Transplant,0.8420768106231828,Q3,Lung,Ozone,46614,46614,38.19462723876492,40.37601461589617,Q3 (38.2-40.4 ppb),4.833333333333333
1795.8125,Death/delisted too sick,0.13872909503660688,Q3,Lung,Ozone,46614,46614,38.19462723876492,40.37601461589617,Q3 (38.2-40.4 ppb),4.916666666666667
1795.8125,Transplant,0.8420768106231828,Q3,Lung,Ozone,46614,46614,38.19462723876492,40.37601461589617,Q3 (38.2-40.4 ppb),4.916666666666667
1826.25,Death/delisted too sick,0.13885234986285783,Q3,Lung,Ozone,46614,46614,38.19462723876492,40.37601461589617,Q3 (38.2-40.4 ppb),5
1826.25,Transplant,0.8421975499566254,Q3,Lung,Ozone,46614,46614,38.19462723876492,40.37601461589617,Q3 (38.2-40.4 ppb),5
0,Death/delisted too sick,0,Q4,Lung,Ozone,46614,46614,40.376057004849514,57.41553692878047,Q4 (40.4-57.4 ppb),0
0,Transplant,0,Q4,Lung,Ozone,46614,46614,40.376057004849514,57.41553692878047,Q4 (40.4-57.4 ppb),0
30.4375,Death/delisted too sick,0.0371309373659047,Q4,Lung,Ozone,46614,46614,40.376057004849514,57.41553692878047,Q4 (40.4-57.4 ppb),0.08333333333333333
30.4375,Transplant,0.34632826556710283,Q4,Lung,Ozone,46614,46614,40.376057004849514,57.41553692878047,Q4 (40.4-57.4 ppb),0.08333333333333333
60.875,Death/delisted too sick,0.05266034792440099,Q4,Lung,Ozone,46614,46614,40.376057004849514,57.41553692878047,Q4 (40.4-57.4 ppb),0.16666666666666666
60.875,Transplant,0.47121658460860616,Q4,Lung,Ozone,46614,46614,40.376057004849514,57.41553692878047,Q4 (40.4-57.4 ppb),0.16666666666666666
91.3125,Death/delisted too sick,0.062459018580396916,Q4,Lung,Ozone,46614,46614,40.376057004849514,57.41553692878047,Q4 (40.4-57.4 ppb),0.25
91.3125,Transplant,0.5491918097466588,Q4,Lung,Ozone,46614,46614,40.376057004849514,57.41553692878047,Q4 (40.4-57.4 ppb),0.25
121.75,Death/delisted too sick,0.06781498224854263,Q4,Lung,Ozone,46614,46614,40.376057004849514,57.41553692878047,Q4 (40.4-57.4 ppb),0.3333333333333333
121.75,Transplant,0.5986412316625025,Q4,Lung,Ozone,46614,46614,40.376057004849514,57.41553692878047,Q4 (40.4-57.4 ppb),0.3333333333333333
152.1875,Death/delisted too sick,0.07350298540807726,Q4,Lung,Ozone,46614,46614,40.376057004849514,57.41553692878047,Q4 (40.4-57.4 ppb),0.4166666666666667
152.1875,Transplant,0.6385802516332156,Q4,Lung,Ozone,46614,46614,40.376057004849514,57.41553692878047,Q4 (40.4-57.4 ppb),0.4166666666666667
182.625,Death/delisted too sick,0.07635081426156656,Q4,Lung,Ozone,46614,46614,40.376057004849514,57.41553692878047,Q4 (40.4-57.4 ppb),0.5
182.625,Transplant,0.6649013056754003,Q4,Lung,Ozone,46614,46614,40.376057004849514,57.41553692878047,Q4 (40.4-57.4 ppb),0.5
213.0625,Death/delisted too sick,0.08102481594955885,Q4,Lung,Ozone,46614,46614,40.376057004849514,57.41553692878047,Q4 (40.4-57.4 ppb),0.5833333333333334
213.0625,Transplant,0.6898638133522494,Q4,Lung,Ozone,46614,46614,40.376057004849514,57.41553692878047,Q4 (40.4-57.4 ppb),0.5833333333333334
243.5,Death/delisted too sick,0.08502191510792903,Q4,Lung,Ozone,46614,46614,40.376057004849514,57.41553692878047,Q4 (40.4-57.4 ppb),0.6666666666666666
243.5,Transplant,0.70896199564473406,Q4,Lung,Ozone,46614,46614,40.376057004849514,57.41553692878047,Q4 (40.4-57.4 ppb),0.6666666666666666
273.9375,Death/delisted too sick,0.08909826731196496,Q4,Lung,Ozone,46614,46614,40.376057004849514,57.41553692878047,Q4 (40.4-57.4 ppb),0.75
273.9375,Transplant,0.723950594612957,Q4,Lung,Ozone,46614,46614,40.376057004849514,57.41553692878047,Q4 (40.4-57.4 ppb),0.75
304.375,Death/delisted too sick,0.09110765524362989,Q4,Lung,Ozone,46614,46614,40.376057004849514,57.41553692878047,Q4 (40.4-57.4 ppb),0.8333333333333334
304.375,Transplant,0.738561561465125,Q4,Lung,Ozone,46614,46614,40.376057004849514,57.41553692878047,Q4 (40.4-57.4 ppb),0.8333333333333334
334.8125,Death/delisted too sick,0.09401286208725466,Q4,Lung,Ozone,46614,46614,40.376057004849514,57.41553692878047,Q4 (40.4-57.4 ppb),0.9166666666666666
334.8125,Transplant,0.7500414368870988,Q4,Lung,Ozone,46614,46614,40.376057004849514,57.41553692878047,Q4 (40.4-57.4 ppb),0.9166666666666666
365.25,Death/delisted too sick,0.09524172340176051,Q4,Lung,Ozone,46614,46614,40.376057004849514,57.41553692878047,Q4 (40.4-57.4 ppb),1
365.25,Transplant,0.7583248383769142,Q4,Lung,Ozone,46614,46614,40.376057004849514,57.41553692878047,Q4 (40.4-57.4 ppb),1
395.6875,Death/delisted too sick,0.09730708457196292,Q4,Lung,Ozone,46614,46614,40.376057004849514,57.41553692878047,Q4 (40.4-57.4 ppb),1.0833333333333333
395.6875,Transplant,0.7649040112711574,Q4,Lung,Ozone,46614,46614,40.376057004849514,57.41553692878047,Q4 (40.4-57.4 ppb),1.0833333333333333
426.125,Death/delisted too sick,0.09864697216873819,Q4,Lung,Ozone,46614,46614,40.376057004849514,57.41553692878047,Q4 (40.4-57.4 ppb),1.1666666666666667
426.125,Transplant,0.7737282208551524,Q4,Lung,Ozone,46614,46614,40.376057004849514,57.41553692878047,Q4 (40.4-57.4 ppb),1.1666666666666667
456.5625,Death/delisted too sick,0.10000723588020884,Q4,Lung,Ozone,46614,46614,40.376057004849514,57.41553692878047,Q4 (40.4-57.4 ppb),1.25
456.5625,Transplant,0.7796179001817312,Q4,Lung,Ozone,46614,46614,40.376057004849514,57.41553692878047,Q4 (40.4-57.4 ppb),1.25
487,Death/delisted too sick,0.10155096142784714,Q4,Lung,Ozone,46614,46614,40.376057004849514,57.41553692878047,Q4 (40.4-57.4 ppb),1.3333333333333333
487,Transplant,0.7854441927467259,Q4,Lung,Ozone,46614,46614,40.376057004849514,57.41553692878047,Q4 (40.4-57.4 ppb),1.3333333333333333
517.4375,Death/delisted too sick,0.10303000304359984,Q4,Lung,Ozone,46614,46614,40.376057004849514,57.41553692878047,Q4 (40.4-57.4 ppb),1.4166666666666667
517.4375,Transplant,0.7899788240601575,Q4,Lung,Ozone,46614,46614,40.376057004849514,57.41553692878047,Q4 (40.4-57.4 ppb),1.4166666666666667
547.875,Death/delisted too sick,0.10395282246650432,Q4,Lung,Ozone,46614,46614,40.376057004849514,57.41553692878047,Q4 (40.4-57.4 ppb),1.5
547.875,Transplant,0.7948170892377517,Q4,Lung,Ozone,46614,46614,40.376057004849514,57.41553692878047,Q4 (40.4-57.4 ppb),1.5
578.3125,Death/delisted too sick,0.10541807401260829,Q4,Lung,Ozone,46614,46614,40.376057004849514,57.41553692878047,Q4 (40.4-57.4 ppb),1.5833333333333333
578.3125,Transplant,0.7993994548737947,Q4,Lung,Ozone,46614,46614,40.376057004849514,57.41553692878047,Q4 (40.4-57.4 ppb),1.5833333333333333
608.75,Death/delisted too sick,0.10688925409403167,Q4,Lung,Ozone,46614,46614,40.376057004849514,57.41553692878047,Q4 (40.4-57.4 ppb),1.6666666666666667
608.75,Transplant,0.8024449225705256,Q4,Lung,Ozone,46614,46614,40.376057004849514,57.41553692878047,Q4 (40.4-57.4 ppb),1.6666666666666667
639.1875,Death/delisted too sick,0.10767310444801564,Q4,Lung,Ozone,46614,46614,40.376057004849514,57.41553692878047,Q4 (40.4-57.4 ppb),1.75
639.1875,Transplant,0.8072783828127205,Q4,Lung,Ozone,46614,46614,40.376057004849514,57.41553692878047,Q4 (40.4-57.4 ppb),1.75
669.625,Death/delisted too sick,0.10813922934535403,Q4,Lung,Ozone,46614,46614,40.376057004849514,57.41553692878047,Q4 (40.4-57.4 ppb),1.8333333333333333
669.625,Transplant,0.8093318718176777,Q4,Lung,Ozone,46614,46614,40.376057004849514,57.41553692878047,Q4 (40.4-57.4 ppb),1.8333333333333333
700.0625,Death/delisted too sick,0.10929872024052364,Q4,Lung,Ozone,46614,46614,40.376057004849514,57.41553692878047,Q4 (40.4-57.4 ppb),1.9166666666666667
700.0625,Transplant,0.8125303059383082,Q4,Lung,Ozone,46614,46614,40.376057004849514,57.41553692878047,Q4 (40.4-57.4 ppb),1.9166666666666667
730.5,Death/delisted too sick,0.11079552326798145,Q4,Lung,Ozone,46614,46614,40.376057004849514,57.41553692878047,Q4 (40.4-57.4 ppb),2
730.5,Transplant,0.8160742702988766,Q4,Lung,Ozone,46614,46614,40.376057004849514,57.41553692878047,Q4 (40.4-57.4 ppb),2
760.9375,Death/delisted too sick,0.11252323865158258,Q4,Lung,Ozone,46614,46614,40.376057004849514,57.41553692878047,Q4 (40.4-57.4 ppb),2.0833333333333335
760.9375,Transplant,0.8184895660032385,Q4,Lung,Ozone,46614,46614,40.376057004849514,57.41553692878047,Q4 (40.4-57.4 ppb),2.0833333333333335
791.375,Death/delisted too sick,0.11336246353707563,Q4,Lung,Ozone,46614,46614,40.376057004849514,57.41553692878047,Q4 (40.4-57.4 ppb),2.1666666666666665
791.375,Transplant,0.8207493031548652,Q4,Lung,Ozone,46614,46614,40.376057004849514,57.41553692878047,Q4 (40.4-57.4 ppb),2.1666666666666665
821.8125,Death/delisted too sick,0.11448283468126288,Q4,Lung,Ozone,46614,46614,40.376057004849514,57.41553692878047,Q4 (40.4-57.4 ppb),2.25
821.8125,Transplant,0.8229482536497713,Q4,Lung,Ozone,46614,46614,40.376057004849514,57.41553692878047,Q4 (40.4-57.4 ppb),2.25
852.25,Death/delisted too sick,0.11525469545306494,Q4,Lung,Ozone,46614,46614,40.376057004849514,57.41553692878047,Q4 (40.4-57.4 ppb),2.3333333333333335
852.25,Transplant,0.8257064727116115,Q4,Lung,Ozone,46614,46614,40.376057004849514,57.41553692878047,Q4 (40.4-57.4 ppb),2.3333333333333335
882.6875,Death/delisted too sick,0.1160991014501989,Q4,Lung,Ozone,46614,46614,40.376057004849514,57.41553692878047,Q4 (40.4-57.4 ppb),2.4166666666666665
882.6875,Transplant,0.8278994306934108,Q4,Lung,Ozone,46614,46614,40.376057004849514,57.41553692878047,Q4 (40.4-57.4 ppb),2.4166666666666665
913.125,Death/delisted too sick,0.11654097727728943,Q4,Lung,Ozone,46614,46614,40.376057004849514,57.41553692878047,Q4 (40.4-57.4 ppb),2.5
913.125,Transplant,0.8296003774359222,Q4,Lung,Ozone,46614,46614,40.376057004849514,57.41553692878047,Q4 (40.4-57.4 ppb),2.5
943.5625,Death/delisted too sick,0.11709990080859842,Q4,Lung,Ozone,46614,46614,40.376057004849514,57.41553692878047,Q4 (40.4-57.4 ppb),2.5833333333333335
943.5625,Transplant,0.8309921487764692,Q4,Lung,Ozone,46614,46614,40.376057004849514,57.41553692878047,Q4 (40.4-57.4 ppb),2.5833333333333335
974,Death/delisted too sick,0.11769000733235327,Q4,Lung,Ozone,46614,46614,40.376057004849514,57.41553692878047,Q4 (40.4-57.4 ppb),2.6666666666666665
974,Transplant,0.8318460545824318,Q4,Lung,Ozone,46614,46614,40.376057004849514,57.41553692878047,Q4 (40.4-57.4 ppb),2.6666666666666665
1004.4375,Death/delisted too sick,0.11820854779157612,Q4,Lung,Ozone,46614,46614,40.376057004849514,57.41553692878047,Q4 (40.4-57.4 ppb),2.75
1004.4375,Transplant,0.8338653908356559,Q4,Lung,Ozone,46614,46614,40.376057004849514,57.41553692878047,Q4 (40.4-57.4 ppb),2.75
1034.875,Death/delisted too sick,0.11966323331244551,Q4,Lung,Ozone,46614,46614,40.376057004849514,57.41553692878047,Q4 (40.4-57.4 ppb),2.8333333333333335
1034.875,Transplant,0.8348758497678,Q4,Lung,Ozone,46614,46614,40.376057004849514,57.41553692878047,Q4 (40.4-57.4 ppb),2.8333333333333335
1065.3125,Death/delisted too sick,0.12022794735196277,Q4,Lung,Ozone,46614,46614,40.376057004849514,57.41553692878047,Q4 (40.4-57.4 ppb),2.9166666666666665
1065.3125,Transplant,0.8356709717469779,Q4,Lung,Ozone,46614,46614,40.376057004849514,57.41553692878047,Q4 (40.4-57.4 ppb),2.9166666666666665
1095.75,Death/delisted too sick,0.12081094637719558,Q4,Lung,Ozone,46614,46614,40.376057004849514,57.41553692878047,Q4 (40.4-57.4 ppb),3
1095.75,Transplant,0.8371315652208079,Q4,Lung,Ozone,46614,46614,40.376057004849514,57.41553692878047,Q4 (40.4-57.4 ppb),3
1126.1875,Death/delisted too sick,0.12096407242541578,Q4,Lung,Ozone,46614,46614,40.376057004849514,57.41553692878047,Q4 (40.4-57.4 ppb),3.0833333333333335
1126.1875,Transplant,0.8387232885854154,Q4,Lung,Ozone,46614,46614,40.376057004849514,57.41553692878047,Q4 (40.4-57.4 ppb),3.0833333333333335
1156.625,Death/delisted too sick,0.121729608681478,Q4,Lung,Ozone,46614,46614,40.376057004849514,57.41553692878047,Q4 (40.4-57.4 ppb),3.1666666666666665
1156.625,Transplant,0.83984975510641,Q4,Lung,Ozone,46614,46614,40.376057004849514,57.41553692878047,Q4 (40.4-57.4 ppb),3.1666666666666665
1187.0625,Death/delisted too sick,0.12234303032047472,Q4,Lung,Ozone,46614,46614,40.376057004849514,57.41553692878047,Q4 (40.4-57.4 ppb),3.25
1187.0625,Transplant,0.8403347374257336,Q4,Lung,Ozone,46614,46614,40.376057004849514,57.41553692878047,Q4 (40.4-57.4 ppb),3.25
1217.5,Death/delisted too sick,0.12264382392119343,Q4,Lung,Ozone,46614,46614,40.376057004849514,57.41553692878047,Q4 (40.4-57.4 ppb),3.3333333333333335
1217.5,Transplant,0.8413953742827732,Q4,Lung,Ozone,46614,46614,40.376057004849514,57.41553692878047,Q4 (40.4-57.4 ppb),3.3333333333333335
1247.9375,Death/delisted too sick,0.1230082829353693,Q4,Lung,Ozone,46614,46614,40.376057004849514,57.41553692878047,Q4 (40.4-57.4 ppb),3.4166666666666665
1247.9375,Transplant,0.8423923641173774,Q4,Lung,Ozone,46614,46614,40.376057004849514,57.41553692878047,Q4 (40.4-57.4 ppb),3.4166666666666665
1278.375,Death/delisted too sick,0.12346619835985971,Q4,Lung,Ozone,46614,46614,40.376057004849514,57.41553692878047,Q4 (40.4-57.4 ppb),3.5
1278.375,Transplant,0.8435534712387899,Q4,Lung,Ozone,46614,46614,40.376057004849514,57.41553692878047,Q4 (40.4-57.4 ppb),3.5
1308.8125,Death/delisted too sick,0.12346619835985971,Q4,Lung,Ozone,46614,46614,40.376057004849514,57.41553692878047,Q4 (40.4-57.4 ppb),3.5833333333333335
1308.8125,Transplant,0.8445792390916388,Q4,Lung,Ozone,46614,46614,40.376057004849514,57.41553692878047,Q4 (40.4-57.4 ppb),3.5833333333333335
1339.25,Death/delisted too sick,0.12376456705566564,Q4,Lung,Ozone,46614,46614,40.376057004849514,57.41553692878047,Q4 (40.4-57.4 ppb),3.6666666666666665
1339.25,Transplant,0.8459353600460716,Q4,Lung,Ozone,46614,46614,40.376057004849514,57.41553692878047,Q4 (40.4-57.4 ppb),3.6666666666666665
1369.6875,Death/delisted too sick,0.12418939477645954,Q4,Lung,Ozone,46614,46614,40.376057004849514,57.41553692878047,Q4 (40.4-57.4 ppb),3.75
1369.6875,Transplant,0.8468078519869568,Q4,Lung,Ozone,46614,46614,40.376057004849514,57.41553692878047,Q4 (40.4-57.4 ppb),3.75
1400.125,Death/delisted too sick,0.12466338394721062,Q4,Lung,Ozone,46614,46614,40.376057004849514,57.41553692878047,Q4 (40.4-57.4 ppb),3.8333333333333335
1400.125,Transplant,0.8473974013623159,Q4,Lung,Ozone,46614,46614,40.376057004849514,57.41553692878047,Q4 (40.4-57.4 ppb),3.8333333333333335
1430.5625,Death/delisted too sick,0.12485065898632088,Q4,Lung,Ozone,46614,46614,40.376057004849514,57.41553692878047,Q4 (40.4-57.4 ppb),3.9166666666666665
1430.5625,Transplant,0.8480400877892509,Q4,Lung,Ozone,46614,46614,40.376057004849514,57.41553692878047,Q4 (40.4-57.4 ppb),3.9166666666666665
1461,Death/delisted too sick,0.1249506817970392,Q4,Lung,Ozone,46614,46614,40.376057004849514,57.41553692878047,Q4 (40.4-57.4 ppb),4
1461,Transplant,0.8485987488008543,Q4,Lung,Ozone,46614,46614,40.376057004849514,57.41553692878047,Q4 (40.4-57.4 ppb),4
1491.4375,Death/delisted too sick,0.12594362978725485,Q4,Lung,Ozone,46614,46614,40.376057004849514,57.41553692878047,Q4 (40.4-57.4 ppb),4.083333333333333
1491.4375,Transplant,0.849703271635628,Q4,Lung,Ozone,46614,46614,40.376057004849514,57.41553692878047,Q4 (40.4-57.4 ppb),4.083333333333333
1521.875,Death/delisted too sick,0.12617995046854358,Q4,Lung,Ozone,46614,46614,40.376057004849514,57.41553692878047,Q4 (40.4-57.4 ppb),4.166666666666667
1521.875,Transplant,0.8498830579441818,Q4,Lung,Ozone,46614,46614,40.376057004849514,57.41553692878047,Q4 (40.4-57.4 ppb),4.166666666666667
1552.3125,Death/delisted too sick,0.1264010190287986,Q4,Lung,Ozone,46614,46614,40.376057004849514,57.41553692878047,Q4 (40.4-57.4 ppb),4.25
1552.3125,Transplant,0.8503759081488765,Q4,Lung,Ozone,46614,46614,40.376057004849514,57.41553692878047,Q4 (40.4-57.4 ppb),4.25
1582.75,Death/delisted too sick,0.12659991616016153,Q4,Lung,Ozone,46614,46614,40.376057004849514,57.41553692878047,Q4 (40.4-57.4 ppb),4.333333333333333
1582.75,Transplant,0.8505439212529536,Q4,Lung,Ozone,46614,46614,40.376057004849514,57.41553692878047,Q4 (40.4-57.4 ppb),4.333333333333333
1613.1875,Death/delisted too sick,0.12671176500758932,Q4,Lung,Ozone,46614,46614,40.376057004849514,57.41553692878047,Q4 (40.4-57.4 ppb),4.416666666666667
1613.1875,Transplant,0.8514927936374742,Q4,Lung,Ozone,46614,46614,40.376057004849514,57.41553692878047,Q4 (40.4-57.4 ppb),4.416666666666667
1643.625,Death/delisted too sick,0.1269368858811532,Q4,Lung,Ozone,46614,46614,40.376057004849514,57.41553692878047,Q4 (40.4-57.4 ppb),4.5
1643.625,Transplant,0.8526013652221484,Q4,Lung,Ozone,46614,46614,40.376057004849514,57.41553692878047,Q4 (40.4-57.4 ppb),4.5
1674.0625,Death/delisted too sick,0.1269368858811532,Q4,Lung,Ozone,46614,46614,40.376057004849514,57.41553692878047,Q4 (40.4-57.4 ppb),4.583333333333333
1674.0625,Transplant,0.8530852422010741,Q4,Lung,Ozone,46614,46614,40.376057004849514,57.41553692878047,Q4 (40.4-57.4 ppb),4.583333333333333
1704.5,Death/delisted too sick,0.1271870788119476,Q4,Lung,Ozone,46614,46614,40.376057004849514,57.41553692878047,Q4 (40.4-57.4 ppb),4.666666666666667
1704.5,Transplant,0.8530852422010741,Q4,Lung,Ozone,46614,46614,40.376057004849514,57.41553692878047,Q4 (40.4-57.4 ppb),4.666666666666667
1734.9375,Death/delisted too sick,0.12728886627243047,Q4,Lung,Ozone,46614,46614,40.376057004849514,57.41553692878047,Q4 (40.4-57.4 ppb),4.75
1734.9375,Transplant,0.8538681120331288,Q4,Lung,Ozone,46614,46614,40.376057004849514,57.41553692878047,Q4 (40.4-57.4 ppb),4.75
1765.375,Death/delisted too sick,0.12728886627243047,Q4,Lung,Ozone,46614,46614,40.376057004849514,57.41553692878047,Q4 (40.4-57.4 ppb),4.833333333333333
1765.375,Transplant,0.8551199138668559,Q4,Lung,Ozone,46614,46614,40.376057004849514,57.41553692878047,Q4 (40.4-57.4 ppb),4.833333333333333
1795.8125,Death/delisted too sick,0.12728886627243047,Q4,Lung,Ozone,46614,46614,40.376057004849514,57.41553692878047,Q4 (40.4-57.4 ppb),4.916666666666667
1795.8125,Transplant,0.8558352901919303,Q4,Lung,Ozone,46614,46614,40.376057004849514,57.41553692878047,Q4 (40.4-57.4 ppb),4.916666666666667
1826.25,Death/delisted too sick,0.1274551647746947,Q4,Lung,Ozone,46614,46614,40.376057004849514,57.41553692878047,Q4 (40.4-57.4 ppb),5
1826.25,Transplant,0.8561289009280919,Q4,Lung,Ozone,46614,46614,40.376057004849514,57.41553692878047,Q4 (40.4-57.4 ppb),5
