time_days,event,cumulative_incidence,quartile,organ,pollutant,ps_n,full_n,min_value,max_value,quartile_label,years_since_listing
0,Death/delisted too sick,0,Q1,Heart,PM2.5,73497,73497,2.8250881745723935,7.007795178528987,Q1 (2.8-7 ug/m3),0
0,Transplant,0,Q1,Heart,PM2.5,73497,73497,2.8250881745723935,7.007795178528987,Q1 (2.8-7 ug/m3),0
30.4375,Death/delisted too sick,0.03323876471494732,Q1,Heart,PM2.5,73497,73497,2.8250881745723935,7.007795178528987,Q1 (2.8-7 ug/m3),0.08333333333333333
30.4375,Transplant,0.241298610396385,Q1,Heart,PM2.5,73497,73497,2.8250881745723935,7.007795178528987,Q1 (2.8-7 ug/m3),0.08333333333333333
60.875,Death/delisted too sick,0.050014382003962264,Q1,Heart,PM2.5,73497,73497,2.8250881745723935,7.007795178528987,Q1 (2.8-7 ug/m3),0.16666666666666666
60.875,Transplant,0.3395855095111324,Q1,Heart,PM2.5,73497,73497,2.8250881745723935,7.007795178528987,Q1 (2.8-7 ug/m3),0.16666666666666666
91.3125,Death/delisted too sick,0.059843771335447646,Q1,Heart,PM2.5,73497,73497,2.8250881745723935,7.007795178528987,Q1 (2.8-7 ug/m3),0.25
91.3125,Transplant,0.4027897232003671,Q1,Heart,PM2.5,73497,73497,2.8250881745723935,7.007795178528987,Q1 (2.8-7 ug/m3),0.25
121.75,Death/delisted too sick,0.06650836510808117,Q1,Heart,PM2.5,73497,73497,2.8250881745723935,7.007795178528987,Q1 (2.8-7 ug/m3),0.3333333333333333
121.75,Transplant,0.4526146470590057,Q1,Heart,PM2.5,73497,73497,2.8250881745723935,7.007795178528987,Q1 (2.8-7 ug/m3),0.3333333333333333
152.1875,Death/delisted too sick,0.07287337780565539,Q1,Heart,PM2.5,73497,73497,2.8250881745723935,7.007795178528987,Q1 (2.8-7 ug/m3),0.4166666666666667
152.1875,Transplant,0.488475948408474,Q1,Heart,PM2.5,73497,73497,2.8250881745723935,7.007795178528987,Q1 (2.8-7 ug/m3),0.4166666666666667
182.625,Death/delisted too sick,0.07759934392172928,Q1,Heart,PM2.5,73497,73497,2.8250881745723935,7.007795178528987,Q1 (2.8-7 ug/m3),0.5
182.625,Transplant,0.5163425887214956,Q1,Heart,PM2.5,73497,73497,2.8250881745723935,7.007795178528987,Q1 (2.8-7 ug/m3),0.5
213.0625,Death/delisted too sick,0.08070328053585275,Q1,Heart,PM2.5,73497,73497,2.8250881745723935,7.007795178528987,Q1 (2.8-7 ug/m3),0.5833333333333334
213.0625,Transplant,0.540033414288902,Q1,Heart,PM2.5,73497,73497,2.8250881745723935,7.007795178528987,Q1 (2.8-7 ug/m3),0.5833333333333334
243.5,Death/delisted too sick,0.08425693989723175,Q1,Heart,PM2.5,73497,73497,2.8250881745723935,7.007795178528987,Q1 (2.8-7 ug/m3),0.6666666666666666
243.5,Transplant,0.559641426508998,Q1,Heart,PM2.5,73497,73497,2.8250881745723935,7.007795178528987,Q1 (2.8-7 ug/m3),0.6666666666666666
273.9375,Death/delisted too sick,0.08669316136807165,Q1,Heart,PM2.5,73497,73497,2.8250881745723935,7.007795178528987,Q1 (2.8-7 ug/m3),0.75
273.9375,Transplant,0.5794606246108858,Q1,Heart,PM2.5,73497,73497,2.8250881745723935,7.007795178528987,Q1 (2.8-7 ug/m3),0.75
304.375,Death/delisted too sick,0.08986704278832575,Q1,Heart,PM2.5,73497,73497,2.8250881745723935,7.007795178528987,Q1 (2.8-7 ug/m3),0.8333333333333334
304.375,Transplant,0.5957380666073567,Q1,Heart,PM2.5,73497,73497,2.8250881745723935,7.007795178528987,Q1 (2.8-7 ug/m3),0.8333333333333334
334.8125,Death/delisted too sick,0.09332020900741358,Q1,Heart,PM2.5,73497,73497,2.8250881745723935,7.007795178528987,Q1 (2.8-7 ug/m3),0.9166666666666666
334.8125,Transplant,0.610087596720717,Q1,Heart,PM2.5,73497,73497,2.8250881745723935,7.007795178528987,Q1 (2.8-7 ug/m3),0.9166666666666666
365.25,Death/delisted too sick,0.09571098288025678,Q1,Heart,PM2.5,73497,73497,2.8250881745723935,7.007795178528987,Q1 (2.8-7 ug/m3),1
365.25,Transplant,0.6210318112368857,Q1,Heart,PM2.5,73497,73497,2.8250881745723935,7.007795178528987,Q1 (2.8-7 ug/m3),1
395.6875,Death/delisted too sick,0.09774567011186389,Q1,Heart,PM2.5,73497,73497,2.8250881745723935,7.007795178528987,Q1 (2.8-7 ug/m3),1.0833333333333333
395.6875,Transplant,0.6320029424064962,Q1,Heart,PM2.5,73497,73497,2.8250881745723935,7.007795178528987,Q1 (2.8-7 ug/m3),1.0833333333333333
426.125,Death/delisted too sick,0.09978448558437415,Q1,Heart,PM2.5,73497,73497,2.8250881745723935,7.007795178528987,Q1 (2.8-7 ug/m3),1.1666666666666667
426.125,Transplant,0.6413947950645265,Q1,Heart,PM2.5,73497,73497,2.8250881745723935,7.007795178528987,Q1 (2.8-7 ug/m3),1.1666666666666667
456.5625,Death/delisted too sick,0.10173180293744069,Q1,Heart,PM2.5,73497,73497,2.8250881745723935,7.007795178528987,Q1 (2.8-7 ug/m3),1.25
456.5625,Transplant,0.6506149928898434,Q1,Heart,PM2.5,73497,73497,2.8250881745723935,7.007795178528987,Q1 (2.8-7 ug/m3),1.25
487,Death/delisted too sick,0.10371897785775257,Q1,Heart,PM2.5,73497,73497,2.8250881745723935,7.007795178528987,Q1 (2.8-7 ug/m3),1.3333333333333333
487,Transplant,0.6605885280712307,Q1,Heart,PM2.5,73497,73497,2.8250881745723935,7.007795178528987,Q1 (2.8-7 ug/m3),1.3333333333333333
517.4375,Death/delisted too sick,0.10706285674241504,Q1,Heart,PM2.5,73497,73497,2.8250881745723935,7.007795178528987,Q1 (2.8-7 ug/m3),1.4166666666666667
517.4375,Transplant,0.6686617775990111,Q1,Heart,PM2.5,73497,73497,2.8250881745723935,7.007795178528987,Q1 (2.8-7 ug/m3),1.4166666666666667
547.875,Death/delisted too sick,0.10821098188467312,Q1,Heart,PM2.5,73497,73497,2.8250881745723935,7.007795178528987,Q1 (2.8-7 ug/m3),1.5
547.875,Transplant,0.6780313439286597,Q1,Heart,PM2.5,73497,73497,2.8250881745723935,7.007795178528987,Q1 (2.8-7 ug/m3),1.5
578.3125,Death/delisted too sick,0.11032738505386706,Q1,Heart,PM2.5,73497,73497,2.8250881745723935,7.007795178528987,Q1 (2.8-7 ug/m3),1.5833333333333333
578.3125,Transplant,0.6855756859632096,Q1,Heart,PM2.5,73497,73497,2.8250881745723935,7.007795178528987,Q1 (2.8-7 ug/m3),1.5833333333333333
608.75,Death/delisted too sick,0.11205438922947525,Q1,Heart,PM2.5,73497,73497,2.8250881745723935,7.007795178528987,Q1 (2.8-7 ug/m3),1.6666666666666667
608.75,Transplant,0.6923965130753432,Q1,Heart,PM2.5,73497,73497,2.8250881745723935,7.007795178528987,Q1 (2.8-7 ug/m3),1.6666666666666667
639.1875,Death/delisted too sick,0.11400809868713774,Q1,Heart,PM2.5,73497,73497,2.8250881745723935,7.007795178528987,Q1 (2.8-7 ug/m3),1.75
639.1875,Transplant,0.6979321955882786,Q1,Heart,PM2.5,73497,73497,2.8250881745723935,7.007795178528987,Q1 (2.8-7 ug/m3),1.75
669.625,Death/delisted too sick,0.1147642284691803,Q1,Heart,PM2.5,73497,73497,2.8250881745723935,7.007795178528987,Q1 (2.8-7 ug/m3),1.8333333333333333
669.625,Transplant,0.7036410362294974,Q1,Heart,PM2.5,73497,73497,2.8250881745723935,7.007795178528987,Q1 (2.8-7 ug/m3),1.8333333333333333
700.0625,Death/delisted too sick,0.11553026198590154,Q1,Heart,PM2.5,73497,73497,2.8250881745723935,7.007795178528987,Q1 (2.8-7 ug/m3),1.9166666666666667
700.0625,Transplant,0.7097892169413834,Q1,Heart,PM2.5,73497,73497,2.8250881745723935,7.007795178528987,Q1 (2.8-7 ug/m3),1.9166666666666667
730.5,Death/delisted too sick,0.11688020691965086,Q1,Heart,PM2.5,73497,73497,2.8250881745723935,7.007795178528987,Q1 (2.8-7 ug/m3),2
730.5,Transplant,0.7133072792347644,Q1,Heart,PM2.5,73497,73497,2.8250881745723935,7.007795178528987,Q1 (2.8-7 ug/m3),2
760.9375,Death/delisted too sick,0.11888248118221836,Q1,Heart,PM2.5,73497,73497,2.8250881745723935,7.007795178528987,Q1 (2.8-7 ug/m3),2.0833333333333335
760.9375,Transplant,0.7183134941531152,Q1,Heart,PM2.5,73497,73497,2.8250881745723935,7.007795178528987,Q1 (2.8-7 ug/m3),2.0833333333333335
791.375,Death/delisted too sick,0.11966623832425313,Q1,Heart,PM2.5,73497,73497,2.8250881745723935,7.007795178528987,Q1 (2.8-7 ug/m3),2.1666666666666665
791.375,Transplant,0.7229301234935978,Q1,Heart,PM2.5,73497,73497,2.8250881745723935,7.007795178528987,Q1 (2.8-7 ug/m3),2.1666666666666665
821.8125,Death/delisted too sick,0.12186921946882533,Q1,Heart,PM2.5,73497,73497,2.8250881745723935,7.007795178528987,Q1 (2.8-7 ug/m3),2.25
821.8125,Transplant,0.727266916061062,Q1,Heart,PM2.5,73497,73497,2.8250881745723935,7.007795178528987,Q1 (2.8-7 ug/m3),2.25
852.25,Death/delisted too sick,0.12367571200607366,Q1,Heart,PM2.5,73497,73497,2.8250881745723935,7.007795178528987,Q1 (2.8-7 ug/m3),2.3333333333333335
852.25,Transplant,0.7306672591262734,Q1,Heart,PM2.5,73497,73497,2.8250881745723935,7.007795178528987,Q1 (2.8-7 ug/m3),2.3333333333333335
882.6875,Death/delisted too sick,0.12454850129251395,Q1,Heart,PM2.5,73497,73497,2.8250881745723935,7.007795178528987,Q1 (2.8-7 ug/m3),2.4166666666666665
882.6875,Transplant,0.7350461470223746,Q1,Heart,PM2.5,73497,73497,2.8250881745723935,7.007795178528987,Q1 (2.8-7 ug/m3),2.4166666666666665
913.125,Death/delisted too sick,0.12498137706200121,Q1,Heart,PM2.5,73497,73497,2.8250881745723935,7.007795178528987,Q1 (2.8-7 ug/m3),2.5
913.125,Transplant,0.7366659466542077,Q1,Heart,PM2.5,73497,73497,2.8250881745723935,7.007795178528987,Q1 (2.8-7 ug/m3),2.5
943.5625,Death/delisted too sick,0.12636867622274423,Q1,Heart,PM2.5,73497,73497,2.8250881745723935,7.007795178528987,Q1 (2.8-7 ug/m3),2.5833333333333335
943.5625,Transplant,0.7413340884884576,Q1,Heart,PM2.5,73497,73497,2.8250881745723935,7.007795178528987,Q1 (2.8-7 ug/m3),2.5833333333333335
974,Death/delisted too sick,0.12769633502937627,Q1,Heart,PM2.5,73497,73497,2.8250881745723935,7.007795178528987,Q1 (2.8-7 ug/m3),2.6666666666666665
974,Transplant,0.7447160327417205,Q1,Heart,PM2.5,73497,73497,2.8250881745723935,7.007795178528987,Q1 (2.8-7 ug/m3),2.6666666666666665
1004.4375,Death/delisted too sick,0.12821722089677473,Q1,Heart,PM2.5,73497,73497,2.8250881745723935,7.007795178528987,Q1 (2.8-7 ug/m3),2.75
1004.4375,Transplant,0.7485837526673553,Q1,Heart,PM2.5,73497,73497,2.8250881745723935,7.007795178528987,Q1 (2.8-7 ug/m3),2.75
1034.875,Death/delisted too sick,0.12920175560718328,Q1,Heart,PM2.5,73497,73497,2.8250881745723935,7.007795178528987,Q1 (2.8-7 ug/m3),2.8333333333333335
1034.875,Transplant,0.7502749234690955,Q1,Heart,PM2.5,73497,73497,2.8250881745723935,7.007795178528987,Q1 (2.8-7 ug/m3),2.8333333333333335
1065.3125,Death/delisted too sick,0.13082451165104772,Q1,Heart,PM2.5,73497,73497,2.8250881745723935,7.007795178528987,Q1 (2.8-7 ug/m3),2.9166666666666665
1065.3125,Transplant,0.7529900468946266,Q1,Heart,PM2.5,73497,73497,2.8250881745723935,7.007795178528987,Q1 (2.8-7 ug/m3),2.9166666666666665
1095.75,Death/delisted too sick,0.13207924935007964,Q1,Heart,PM2.5,73497,73497,2.8250881745723935,7.007795178528987,Q1 (2.8-7 ug/m3),3
1095.75,Transplant,0.7561149710254775,Q1,Heart,PM2.5,73497,73497,2.8250881745723935,7.007795178528987,Q1 (2.8-7 ug/m3),3
1126.1875,Death/delisted too sick,0.13267954341366817,Q1,Heart,PM2.5,73497,73497,2.8250881745723935,7.007795178528987,Q1 (2.8-7 ug/m3),3.0833333333333335
1126.1875,Transplant,0.758300105709105,Q1,Heart,PM2.5,73497,73497,2.8250881745723935,7.007795178528987,Q1 (2.8-7 ug/m3),3.0833333333333335
1156.625,Death/delisted too sick,0.1333525716423232,Q1,Heart,PM2.5,73497,73497,2.8250881745723935,7.007795178528987,Q1 (2.8-7 ug/m3),3.1666666666666665
1156.625,Transplant,0.7603782519407417,Q1,Heart,PM2.5,73497,73497,2.8250881745723935,7.007795178528987,Q1 (2.8-7 ug/m3),3.1666666666666665
1187.0625,Death/delisted too sick,0.13491972605900363,Q1,Heart,PM2.5,73497,73497,2.8250881745723935,7.007795178528987,Q1 (2.8-7 ug/m3),3.25
1187.0625,Transplant,0.7621250876374467,Q1,Heart,PM2.5,73497,73497,2.8250881745723935,7.007795178528987,Q1 (2.8-7 ug/m3),3.25
1217.5,Death/delisted too sick,0.13582059400683497,Q1,Heart,PM2.5,73497,73497,2.8250881745723935,7.007795178528987,Q1 (2.8-7 ug/m3),3.3333333333333335
1217.5,Transplant,0.7646754535105529,Q1,Heart,PM2.5,73497,73497,2.8250881745723935,7.007795178528987,Q1 (2.8-7 ug/m3),3.3333333333333335
1247.9375,Death/delisted too sick,0.1371536989032059,Q1,Heart,PM2.5,73497,73497,2.8250881745723935,7.007795178528987,Q1 (2.8-7 ug/m3),3.4166666666666665
1247.9375,Transplant,0.7664750967665735,Q1,Heart,PM2.5,73497,73497,2.8250881745723935,7.007795178528987,Q1 (2.8-7 ug/m3),3.4166666666666665
1278.375,Death/delisted too sick,0.13844443678956198,Q1,Heart,PM2.5,73497,73497,2.8250881745723935,7.007795178528987,Q1 (2.8-7 ug/m3),3.5
1278.375,Transplant,0.7684776942484837,Q1,Heart,PM2.5,73497,73497,2.8250881745723935,7.007795178528987,Q1 (2.8-7 ug/m3),3.5
1308.8125,Death/delisted too sick,0.13903346435011196,Q1,Heart,PM2.5,73497,73497,2.8250881745723935,7.007795178528987,Q1 (2.8-7 ug/m3),3.5833333333333335
1308.8125,Transplant,0.7703978875716583,Q1,Heart,PM2.5,73497,73497,2.8250881745723935,7.007795178528987,Q1 (2.8-7 ug/m3),3.5833333333333335
1339.25,Death/delisted too sick,0.13925546917096257,Q1,Heart,PM2.5,73497,73497,2.8250881745723935,7.007795178528987,Q1 (2.8-7 ug/m3),3.6666666666666665
1339.25,Transplant,0.7731329063806777,Q1,Heart,PM2.5,73497,73497,2.8250881745723935,7.007795178528987,Q1 (2.8-7 ug/m3),3.6666666666666665
1369.6875,Death/delisted too sick,0.1402662458450346,Q1,Heart,PM2.5,73497,73497,2.8250881745723935,7.007795178528987,Q1 (2.8-7 ug/m3),3.75
1369.6875,Transplant,0.7757520695592184,Q1,Heart,PM2.5,73497,73497,2.8250881745723935,7.007795178528987,Q1 (2.8-7 ug/m3),3.75
1400.125,Death/delisted too sick,0.14141851283674456,Q1,Heart,PM2.5,73497,73497,2.8250881745723935,7.007795178528987,Q1 (2.8-7 ug/m3),3.8333333333333335
1400.125,Transplant,0.7772281751478299,Q1,Heart,PM2.5,73497,73497,2.8250881745723935,7.007795178528987,Q1 (2.8-7 ug/m3),3.8333333333333335
1430.5625,Death/delisted too sick,0.14245362123510105,Q1,Heart,PM2.5,73497,73497,2.8250881745723935,7.007795178528987,Q1 (2.8-7 ug/m3),3.9166666666666665
1430.5625,Transplant,0.777884783187561,Q1,Heart,PM2.5,73497,73497,2.8250881745723935,7.007795178528987,Q1 (2.8-7 ug/m3),3.9166666666666665
1461,Death/delisted too sick,0.14273030929591815,Q1,Heart,PM2.5,73497,73497,2.8250881745723935,7.007795178528987,Q1 (2.8-7 ug/m3),4
1461,Transplant,0.7792438971986281,Q1,Heart,PM2.5,73497,73497,2.8250881745723935,7.007795178528987,Q1 (2.8-7 ug/m3),4
1491.4375,Death/delisted too sick,0.14332108437744484,Q1,Heart,PM2.5,73497,73497,2.8250881745723935,7.007795178528987,Q1 (2.8-7 ug/m3),4.083333333333333
1491.4375,Transplant,0.7819771348242817,Q1,Heart,PM2.5,73497,73497,2.8250881745723935,7.007795178528987,Q1 (2.8-7 ug/m3),4.083333333333333
1521.875,Death/delisted too sick,0.1436006879059754,Q1,Heart,PM2.5,73497,73497,2.8250881745723935,7.007795178528987,Q1 (2.8-7 ug/m3),4.166666666666667
1521.875,Transplant,0.7825013895773086,Q1,Heart,PM2.5,73497,73497,2.8250881745723935,7.007795178528987,Q1 (2.8-7 ug/m3),4.166666666666667
1552.3125,Death/delisted too sick,0.14384759626651383,Q1,Heart,PM2.5,73497,73497,2.8250881745723935,7.007795178528987,Q1 (2.8-7 ug/m3),4.25
1552.3125,Transplant,0.7836520372177541,Q1,Heart,PM2.5,73497,73497,2.8250881745723935,7.007795178528987,Q1 (2.8-7 ug/m3),4.25
1582.75,Death/delisted too sick,0.14416220474976357,Q1,Heart,PM2.5,73497,73497,2.8250881745723935,7.007795178528987,Q1 (2.8-7 ug/m3),4.333333333333333
1582.75,Transplant,0.7859195214702542,Q1,Heart,PM2.5,73497,73497,2.8250881745723935,7.007795178528987,Q1 (2.8-7 ug/m3),4.333333333333333
1613.1875,Death/delisted too sick,0.14514515468450262,Q1,Heart,PM2.5,73497,73497,2.8250881745723935,7.007795178528987,Q1 (2.8-7 ug/m3),4.416666666666667
1613.1875,Transplant,0.7876821020456907,Q1,Heart,PM2.5,73497,73497,2.8250881745723935,7.007795178528987,Q1 (2.8-7 ug/m3),4.416666666666667
1643.625,Death/delisted too sick,0.1461079683244049,Q1,Heart,PM2.5,73497,73497,2.8250881745723935,7.007795178528987,Q1 (2.8-7 ug/m3),4.5
1643.625,Transplant,0.7890637495123309,Q1,Heart,PM2.5,73497,73497,2.8250881745723935,7.007795178528987,Q1 (2.8-7 ug/m3),4.5
1674.0625,Death/delisted too sick,0.14704695047660996,Q1,Heart,PM2.5,73497,73497,2.8250881745723935,7.007795178528987,Q1 (2.8-7 ug/m3),4.583333333333333
1674.0625,Transplant,0.7912282765054186,Q1,Heart,PM2.5,73497,73497,2.8250881745723935,7.007795178528987,Q1 (2.8-7 ug/m3),4.583333333333333
1704.5,Death/delisted too sick,0.14711111360198806,Q1,Heart,PM2.5,73497,73497,2.8250881745723935,7.007795178528987,Q1 (2.8-7 ug/m3),4.666666666666667
1704.5,Transplant,0.7923486631992603,Q1,Heart,PM2.5,73497,73497,2.8250881745723935,7.007795178528987,Q1 (2.8-7 ug/m3),4.666666666666667
1734.9375,Death/delisted too sick,0.1474200161226635,Q1,Heart,PM2.5,73497,73497,2.8250881745723935,7.007795178528987,Q1 (2.8-7 ug/m3),4.75
1734.9375,Transplant,0.7934205853038103,Q1,Heart,PM2.5,73497,73497,2.8250881745723935,7.007795178528987,Q1 (2.8-7 ug/m3),4.75
1765.375,Death/delisted too sick,0.14760993283892967,Q1,Heart,PM2.5,73497,73497,2.8250881745723935,7.007795178528987,Q1 (2.8-7 ug/m3),4.833333333333333
1765.375,Transplant,0.7938460741936321,Q1,Heart,PM2.5,73497,73497,2.8250881745723935,7.007795178528987,Q1 (2.8-7 ug/m3),4.833333333333333
1795.8125,Death/delisted too sick,0.14856642482607457,Q1,Heart,PM2.5,73497,73497,2.8250881745723935,7.007795178528987,Q1 (2.8-7 ug/m3),4.916666666666667
1795.8125,Transplant,0.7952162230728956,Q1,Heart,PM2.5,73497,73497,2.8250881745723935,7.007795178528987,Q1 (2.8-7 ug/m3),4.916666666666667
1826.25,Death/delisted too sick,0.14924554140415022,Q1,Heart,PM2.5,73497,73497,2.8250881745723935,7.007795178528987,Q1 (2.8-7 ug/m3),5
1826.25,Transplant,0.79700639987694,Q1,Heart,PM2.5,73497,73497,2.8250881745723935,7.007795178528987,Q1 (2.8-7 ug/m3),5
0,Death/delisted too sick,0,Q2,Heart,PM2.5,73497,73497,7.007795178528987,8.162267424007158,Q2 (7-8.2 ug/m3),0
0,Transplant,0,Q2,Heart,PM2.5,73497,73497,7.007795178528987,8.162267424007158,Q2 (7-8.2 ug/m3),0
30.4375,Death/delisted too sick,0.03641335627807508,Q2,Heart,PM2.5,73497,73497,7.007795178528987,8.162267424007158,Q2 (7-8.2 ug/m3),0.08333333333333333
30.4375,Transplant,0.24013145205928485,Q2,Heart,PM2.5,73497,73497,7.007795178528987,8.162267424007158,Q2 (7-8.2 ug/m3),0.08333333333333333
60.875,Death/delisted too sick,0.05551149082490886,Q2,Heart,PM2.5,73497,73497,7.007795178528987,8.162267424007158,Q2 (7-8.2 ug/m3),0.16666666666666666
60.875,Transplant,0.33399742439032315,Q2,Heart,PM2.5,73497,73497,7.007795178528987,8.162267424007158,Q2 (7-8.2 ug/m3),0.16666666666666666
91.3125,Death/delisted too sick,0.06612066922540022,Q2,Heart,PM2.5,73497,73497,7.007795178528987,8.162267424007158,Q2 (7-8.2 ug/m3),0.25
91.3125,Transplant,0.4001622526336268,Q2,Heart,PM2.5,73497,73497,7.007795178528987,8.162267424007158,Q2 (7-8.2 ug/m3),0.25
121.75,Death/delisted too sick,0.07312581832464564,Q2,Heart,PM2.5,73497,73497,7.007795178528987,8.162267424007158,Q2 (7-8.2 ug/m3),0.3333333333333333
121.75,Transplant,0.446046578010798,Q2,Heart,PM2.5,73497,73497,7.007795178528987,8.162267424007158,Q2 (7-8.2 ug/m3),0.3333333333333333
152.1875,Death/delisted too sick,0.08033381793802478,Q2,Heart,PM2.5,73497,73497,7.007795178528987,8.162267424007158,Q2 (7-8.2 ug/m3),0.4166666666666667
152.1875,Transplant,0.4791535035165706,Q2,Heart,PM2.5,73497,73497,7.007795178528987,8.162267424007158,Q2 (7-8.2 ug/m3),0.4166666666666667
182.625,Death/delisted too sick,0.08450113113351802,Q2,Heart,PM2.5,73497,73497,7.007795178528987,8.162267424007158,Q2 (7-8.2 ug/m3),0.5
182.625,Transplant,0.5095011490906101,Q2,Heart,PM2.5,73497,73497,7.007795178528987,8.162267424007158,Q2 (7-8.2 ug/m3),0.5
213.0625,Death/delisted too sick,0.08809793017321467,Q2,Heart,PM2.5,73497,73497,7.007795178528987,8.162267424007158,Q2 (7-8.2 ug/m3),0.5833333333333334
213.0625,Transplant,0.5348878681757416,Q2,Heart,PM2.5,73497,73497,7.007795178528987,8.162267424007158,Q2 (7-8.2 ug/m3),0.5833333333333334
243.5,Death/delisted too sick,0.09210241321154831,Q2,Heart,PM2.5,73497,73497,7.007795178528987,8.162267424007158,Q2 (7-8.2 ug/m3),0.6666666666666666
243.5,Transplant,0.5563054435290085,Q2,Heart,PM2.5,73497,73497,7.007795178528987,8.162267424007158,Q2 (7-8.2 ug/m3),0.6666666666666666
273.9375,Death/delisted too sick,0.09669444269607978,Q2,Heart,PM2.5,73497,73497,7.007795178528987,8.162267424007158,Q2 (7-8.2 ug/m3),0.75
273.9375,Transplant,0.572022869711811,Q2,Heart,PM2.5,73497,73497,7.007795178528987,8.162267424007158,Q2 (7-8.2 ug/m3),0.75
304.375,Death/delisted too sick,0.10069228752661501,Q2,Heart,PM2.5,73497,73497,7.007795178528987,8.162267424007158,Q2 (7-8.2 ug/m3),0.8333333333333334
304.375,Transplant,0.5890640041216112,Q2,Heart,PM2.5,73497,73497,7.007795178528987,8.162267424007158,Q2 (7-8.2 ug/m3),0.8333333333333334
334.8125,Death/delisted too sick,0.10323130818256625,Q2,Heart,PM2.5,73497,73497,7.007795178528987,8.162267424007158,Q2 (7-8.2 ug/m3),0.9166666666666666
334.8125,Transplant,0.6034890321004265,Q2,Heart,PM2.5,73497,73497,7.007795178528987,8.162267424007158,Q2 (7-8.2 ug/m3),0.9166666666666666
365.25,Death/delisted too sick,0.10588553449374964,Q2,Heart,PM2.5,73497,73497,7.007795178528987,8.162267424007158,Q2 (7-8.2 ug/m3),1
365.25,Transplant,0.6139001530054582,Q2,Heart,PM2.5,73497,73497,7.007795178528987,8.162267424007158,Q2 (7-8.2 ug/m3),1
395.6875,Death/delisted too sick,0.1085269166200829,Q2,Heart,PM2.5,73497,73497,7.007795178528987,8.162267424007158,Q2 (7-8.2 ug/m3),1.0833333333333333
395.6875,Transplant,0.6224167787489194,Q2,Heart,PM2.5,73497,73497,7.007795178528987,8.162267424007158,Q2 (7-8.2 ug/m3),1.0833333333333333
426.125,Death/delisted too sick,0.11148300937792527,Q2,Heart,PM2.5,73497,73497,7.007795178528987,8.162267424007158,Q2 (7-8.2 ug/m3),1.1666666666666667
426.125,Transplant,0.6327316575711792,Q2,Heart,PM2.5,73497,73497,7.007795178528987,8.162267424007158,Q2 (7-8.2 ug/m3),1.1666666666666667
456.5625,Death/delisted too sick,0.11358210212737203,Q2,Heart,PM2.5,73497,73497,7.007795178528987,8.162267424007158,Q2 (7-8.2 ug/m3),1.25
456.5625,Transplant,0.6412541443375956,Q2,Heart,PM2.5,73497,73497,7.007795178528987,8.162267424007158,Q2 (7-8.2 ug/m3),1.25
487,Death/delisted too sick,0.11615363486276345,Q2,Heart,PM2.5,73497,73497,7.007795178528987,8.162267424007158,Q2 (7-8.2 ug/m3),1.3333333333333333
487,Transplant,0.6510064543752687,Q2,Heart,PM2.5,73497,73497,7.007795178528987,8.162267424007158,Q2 (7-8.2 ug/m3),1.3333333333333333
517.4375,Death/delisted too sick,0.11802467298173942,Q2,Heart,PM2.5,73497,73497,7.007795178528987,8.162267424007158,Q2 (7-8.2 ug/m3),1.4166666666666667
517.4375,Transplant,0.6581647236119312,Q2,Heart,PM2.5,73497,73497,7.007795178528987,8.162267424007158,Q2 (7-8.2 ug/m3),1.4166666666666667
547.875,Death/delisted too sick,0.11957870739929927,Q2,Heart,PM2.5,73497,73497,7.007795178528987,8.162267424007158,Q2 (7-8.2 ug/m3),1.5
547.875,Transplant,0.6668925435683222,Q2,Heart,PM2.5,73497,73497,7.007795178528987,8.162267424007158,Q2 (7-8.2 ug/m3),1.5
578.3125,Death/delisted too sick,0.12065786784866227,Q2,Heart,PM2.5,73497,73497,7.007795178528987,8.162267424007158,Q2 (7-8.2 ug/m3),1.5833333333333333
578.3125,Transplant,0.6733698594825676,Q2,Heart,PM2.5,73497,73497,7.007795178528987,8.162267424007158,Q2 (7-8.2 ug/m3),1.5833333333333333
608.75,Death/delisted too sick,0.1231069912062199,Q2,Heart,PM2.5,73497,73497,7.007795178528987,8.162267424007158,Q2 (7-8.2 ug/m3),1.6666666666666667
608.75,Transplant,0.6794174984521867,Q2,Heart,PM2.5,73497,73497,7.007795178528987,8.162267424007158,Q2 (7-8.2 ug/m3),1.6666666666666667
639.1875,Death/delisted too sick,0.12474216632577446,Q2,Heart,PM2.5,73497,73497,7.007795178528987,8.162267424007158,Q2 (7-8.2 ug/m3),1.75
639.1875,Transplant,0.685222983468936,Q2,Heart,PM2.5,73497,73497,7.007795178528987,8.162267424007158,Q2 (7-8.2 ug/m3),1.75
669.625,Death/delisted too sick,0.1265347329232395,Q2,Heart,PM2.5,73497,73497,7.007795178528987,8.162267424007158,Q2 (7-8.2 ug/m3),1.8333333333333333
669.625,Transplant,0.691895576649993,Q2,Heart,PM2.5,73497,73497,7.007795178528987,8.162267424007158,Q2 (7-8.2 ug/m3),1.8333333333333333
700.0625,Death/delisted too sick,0.12787788115613868,Q2,Heart,PM2.5,73497,73497,7.007795178528987,8.162267424007158,Q2 (7-8.2 ug/m3),1.9166666666666667
700.0625,Transplant,0.6967994409675156,Q2,Heart,PM2.5,73497,73497,7.007795178528987,8.162267424007158,Q2 (7-8.2 ug/m3),1.9166666666666667
730.5,Death/delisted too sick,0.1295650339327458,Q2,Heart,PM2.5,73497,73497,7.007795178528987,8.162267424007158,Q2 (7-8.2 ug/m3),2
730.5,Transplant,0.7023741048598879,Q2,Heart,PM2.5,73497,73497,7.007795178528987,8.162267424007158,Q2 (7-8.2 ug/m3),2
760.9375,Death/delisted too sick,0.12992356390410667,Q2,Heart,PM2.5,73497,73497,7.007795178528987,8.162267424007158,Q2 (7-8.2 ug/m3),2.0833333333333335
760.9375,Transplant,0.7062269224265689,Q2,Heart,PM2.5,73497,73497,7.007795178528987,8.162267424007158,Q2 (7-8.2 ug/m3),2.0833333333333335
791.375,Death/delisted too sick,0.13186414436531918,Q2,Heart,PM2.5,73497,73497,7.007795178528987,8.162267424007158,Q2 (7-8.2 ug/m3),2.1666666666666665
791.375,Transplant,0.7096644867921622,Q2,Heart,PM2.5,73497,73497,7.007795178528987,8.162267424007158,Q2 (7-8.2 ug/m3),2.1666666666666665
821.8125,Death/delisted too sick,0.13335119101770343,Q2,Heart,PM2.5,73497,73497,7.007795178528987,8.162267424007158,Q2 (7-8.2 ug/m3),2.25
821.8125,Transplant,0.7136104400599976,Q2,Heart,PM2.5,73497,73497,7.007795178528987,8.162267424007158,Q2 (7-8.2 ug/m3),2.25
852.25,Death/delisted too sick,0.1348965447048908,Q2,Heart,PM2.5,73497,73497,7.007795178528987,8.162267424007158,Q2 (7-8.2 ug/m3),2.3333333333333335
852.25,Transplant,0.7182361203459352,Q2,Heart,PM2.5,73497,73497,7.007795178528987,8.162267424007158,Q2 (7-8.2 ug/m3),2.3333333333333335
882.6875,Death/delisted too sick,0.13594209618723455,Q2,Heart,PM2.5,73497,73497,7.007795178528987,8.162267424007158,Q2 (7-8.2 ug/m3),2.4166666666666665
882.6875,Transplant,0.7216569347948507,Q2,Heart,PM2.5,73497,73497,7.007795178528987,8.162267424007158,Q2 (7-8.2 ug/m3),2.4166666666666665
913.125,Death/delisted too sick,0.13714807621346084,Q2,Heart,PM2.5,73497,73497,7.007795178528987,8.162267424007158,Q2 (7-8.2 ug/m3),2.5
913.125,Transplant,0.7249861359639669,Q2,Heart,PM2.5,73497,73497,7.007795178528987,8.162267424007158,Q2 (7-8.2 ug/m3),2.5
943.5625,Death/delisted too sick,0.1390750619304118,Q2,Heart,PM2.5,73497,73497,7.007795178528987,8.162267424007158,Q2 (7-8.2 ug/m3),2.5833333333333335
943.5625,Transplant,0.7272166370036832,Q2,Heart,PM2.5,73497,73497,7.007795178528987,8.162267424007158,Q2 (7-8.2 ug/m3),2.5833333333333335
974,Death/delisted too sick,0.1399852151136532,Q2,Heart,PM2.5,73497,73497,7.007795178528987,8.162267424007158,Q2 (7-8.2 ug/m3),2.6666666666666665
974,Transplant,0.7308490768530673,Q2,Heart,PM2.5,73497,73497,7.007795178528987,8.162267424007158,Q2 (7-8.2 ug/m3),2.6666666666666665
1004.4375,Death/delisted too sick,0.1406276088634369,Q2,Heart,PM2.5,73497,73497,7.007795178528987,8.162267424007158,Q2 (7-8.2 ug/m3),2.75
1004.4375,Transplant,0.73200670930903,Q2,Heart,PM2.5,73497,73497,7.007795178528987,8.162267424007158,Q2 (7-8.2 ug/m3),2.75
1034.875,Death/delisted too sick,0.14174252205612725,Q2,Heart,PM2.5,73497,73497,7.007795178528987,8.162267424007158,Q2 (7-8.2 ug/m3),2.8333333333333335
1034.875,Transplant,0.7366749282203072,Q2,Heart,PM2.5,73497,73497,7.007795178528987,8.162267424007158,Q2 (7-8.2 ug/m3),2.8333333333333335
1065.3125,Death/delisted too sick,0.14248639989329973,Q2,Heart,PM2.5,73497,73497,7.007795178528987,8.162267424007158,Q2 (7-8.2 ug/m3),2.9166666666666665
1065.3125,Transplant,0.7398395571427728,Q2,Heart,PM2.5,73497,73497,7.007795178528987,8.162267424007158,Q2 (7-8.2 ug/m3),2.9166666666666665
1095.75,Death/delisted too sick,0.14267383217005883,Q2,Heart,PM2.5,73497,73497,7.007795178528987,8.162267424007158,Q2 (7-8.2 ug/m3),3
1095.75,Transplant,0.7420218940597001,Q2,Heart,PM2.5,73497,73497,7.007795178528987,8.162267424007158,Q2 (7-8.2 ug/m3),3
1126.1875,Death/delisted too sick,0.14356711517509443,Q2,Heart,PM2.5,73497,73497,7.007795178528987,8.162267424007158,Q2 (7-8.2 ug/m3),3.0833333333333335
1126.1875,Transplant,0.7445829672573986,Q2,Heart,PM2.5,73497,73497,7.007795178528987,8.162267424007158,Q2 (7-8.2 ug/m3),3.0833333333333335
1156.625,Death/delisted too sick,0.14405725069443284,Q2,Heart,PM2.5,73497,73497,7.007795178528987,8.162267424007158,Q2 (7-8.2 ug/m3),3.1666666666666665
1156.625,Transplant,0.7461520708523747,Q2,Heart,PM2.5,73497,73497,7.007795178528987,8.162267424007158,Q2 (7-8.2 ug/m3),3.1666666666666665
1187.0625,Death/delisted too sick,0.14523656936799484,Q2,Heart,PM2.5,73497,73497,7.007795178528987,8.162267424007158,Q2 (7-8.2 ug/m3),3.25
1187.0625,Transplant,0.7479267719971066,Q2,Heart,PM2.5,73497,73497,7.007795178528987,8.162267424007158,Q2 (7-8.2 ug/m3),3.25
1217.5,Death/delisted too sick,0.14607177860105292,Q2,Heart,PM2.5,73497,73497,7.007795178528987,8.162267424007158,Q2 (7-8.2 ug/m3),3.3333333333333335
1217.5,Transplant,0.7504144947148655,Q2,Heart,PM2.5,73497,73497,7.007795178528987,8.162267424007158,Q2 (7-8.2 ug/m3),3.3333333333333335
1247.9375,Death/delisted too sick,0.1463461858795548,Q2,Heart,PM2.5,73497,73497,7.007795178528987,8.162267424007158,Q2 (7-8.2 ug/m3),3.4166666666666665
1247.9375,Transplant,0.7535141708841631,Q2,Heart,PM2.5,73497,73497,7.007795178528987,8.162267424007158,Q2 (7-8.2 ug/m3),3.4166666666666665
1278.375,Death/delisted too sick,0.14675229466556247,Q2,Heart,PM2.5,73497,73497,7.007795178528987,8.162267424007158,Q2 (7-8.2 ug/m3),3.5
1278.375,Transplant,0.7550537513168574,Q2,Heart,PM2.5,73497,73497,7.007795178528987,8.162267424007158,Q2 (7-8.2 ug/m3),3.5
1308.8125,Death/delisted too sick,0.1481082539642242,Q2,Heart,PM2.5,73497,73497,7.007795178528987,8.162267424007158,Q2 (7-8.2 ug/m3),3.5833333333333335
1308.8125,Transplant,0.7565068467499945,Q2,Heart,PM2.5,73497,73497,7.007795178528987,8.162267424007158,Q2 (7-8.2 ug/m3),3.5833333333333335
1339.25,Death/delisted too sick,0.14971914953478577,Q2,Heart,PM2.5,73497,73497,7.007795178528987,8.162267424007158,Q2 (7-8.2 ug/m3),3.6666666666666665
1339.25,Transplant,0.7582257693412381,Q2,Heart,PM2.5,73497,73497,7.007795178528987,8.162267424007158,Q2 (7-8.2 ug/m3),3.6666666666666665
1369.6875,Death/delisted too sick,0.15002039962116973,Q2,Heart,PM2.5,73497,73497,7.007795178528987,8.162267424007158,Q2 (7-8.2 ug/m3),3.75
1369.6875,Transplant,0.7610694384016982,Q2,Heart,PM2.5,73497,73497,7.007795178528987,8.162267424007158,Q2 (7-8.2 ug/m3),3.75
1400.125,Death/delisted too sick,0.15014503830585757,Q2,Heart,PM2.5,73497,73497,7.007795178528987,8.162267424007158,Q2 (7-8.2 ug/m3),3.8333333333333335
1400.125,Transplant,0.7625958946956878,Q2,Heart,PM2.5,73497,73497,7.007795178528987,8.162267424007158,Q2 (7-8.2 ug/m3),3.8333333333333335
1430.5625,Death/delisted too sick,0.15122745015903158,Q2,Heart,PM2.5,73497,73497,7.007795178528987,8.162267424007158,Q2 (7-8.2 ug/m3),3.9166666666666665
1430.5625,Transplant,0.7647423910074241,Q2,Heart,PM2.5,73497,73497,7.007795178528987,8.162267424007158,Q2 (7-8.2 ug/m3),3.9166666666666665
1461,Death/delisted too sick,0.15255049583055105,Q2,Heart,PM2.5,73497,73497,7.007795178528987,8.162267424007158,Q2 (7-8.2 ug/m3),4
1461,Transplant,0.7673979418135504,Q2,Heart,PM2.5,73497,73497,7.007795178528987,8.162267424007158,Q2 (7-8.2 ug/m3),4
1491.4375,Death/delisted too sick,0.1530413078743319,Q2,Heart,PM2.5,73497,73497,7.007795178528987,8.162267424007158,Q2 (7-8.2 ug/m3),4.083333333333333
1491.4375,Transplant,0.7683701205440732,Q2,Heart,PM2.5,73497,73497,7.007795178528987,8.162267424007158,Q2 (7-8.2 ug/m3),4.083333333333333
1521.875,Death/delisted too sick,0.1530413078743319,Q2,Heart,PM2.5,73497,73497,7.007795178528987,8.162267424007158,Q2 (7-8.2 ug/m3),4.166666666666667
1521.875,Transplant,0.7695980305043207,Q2,Heart,PM2.5,73497,73497,7.007795178528987,8.162267424007158,Q2 (7-8.2 ug/m3),4.166666666666667
1552.3125,Death/delisted too sick,0.15328508427762588,Q2,Heart,PM2.5,73497,73497,7.007795178528987,8.162267424007158,Q2 (7-8.2 ug/m3),4.25
1552.3125,Transplant,0.7710245729648352,Q2,Heart,PM2.5,73497,73497,7.007795178528987,8.162267424007158,Q2 (7-8.2 ug/m3),4.25
1582.75,Death/delisted too sick,0.153464609696725,Q2,Heart,PM2.5,73497,73497,7.007795178528987,8.162267424007158,Q2 (7-8.2 ug/m3),4.333333333333333
1582.75,Transplant,0.7711823852795482,Q2,Heart,PM2.5,73497,73497,7.007795178528987,8.162267424007158,Q2 (7-8.2 ug/m3),4.333333333333333
1613.1875,Death/delisted too sick,0.1546074098631616,Q2,Heart,PM2.5,73497,73497,7.007795178528987,8.162267424007158,Q2 (7-8.2 ug/m3),4.416666666666667
1613.1875,Transplant,0.773022375835713,Q2,Heart,PM2.5,73497,73497,7.007795178528987,8.162267424007158,Q2 (7-8.2 ug/m3),4.416666666666667
1643.625,Death/delisted too sick,0.1552613777672811,Q2,Heart,PM2.5,73497,73497,7.007795178528987,8.162267424007158,Q2 (7-8.2 ug/m3),4.5
1643.625,Transplant,0.775152843993141,Q2,Heart,PM2.5,73497,73497,7.007795178528987,8.162267424007158,Q2 (7-8.2 ug/m3),4.5
1674.0625,Death/delisted too sick,0.15569145779592963,Q2,Heart,PM2.5,73497,73497,7.007795178528987,8.162267424007158,Q2 (7-8.2 ug/m3),4.583333333333333
1674.0625,Transplant,0.7767649667812009,Q2,Heart,PM2.5,73497,73497,7.007795178528987,8.162267424007158,Q2 (7-8.2 ug/m3),4.583333333333333
1704.5,Death/delisted too sick,0.1562594513534253,Q2,Heart,PM2.5,73497,73497,7.007795178528987,8.162267424007158,Q2 (7-8.2 ug/m3),4.666666666666667
1704.5,Transplant,0.7777164988545834,Q2,Heart,PM2.5,73497,73497,7.007795178528987,8.162267424007158,Q2 (7-8.2 ug/m3),4.666666666666667
1734.9375,Death/delisted too sick,0.1584748139309135,Q2,Heart,PM2.5,73497,73497,7.007795178528987,8.162267424007158,Q2 (7-8.2 ug/m3),4.75
1734.9375,Transplant,0.7789153243088511,Q2,Heart,PM2.5,73497,73497,7.007795178528987,8.162267424007158,Q2 (7-8.2 ug/m3),4.75
1765.375,Death/delisted too sick,0.15942041558281655,Q2,Heart,PM2.5,73497,73497,7.007795178528987,8.162267424007158,Q2 (7-8.2 ug/m3),4.833333333333333
1765.375,Transplant,0.7802322011413676,Q2,Heart,PM2.5,73497,73497,7.007795178528987,8.162267424007158,Q2 (7-8.2 ug/m3),4.833333333333333
1795.8125,Death/delisted too sick,0.15987946909093534,Q2,Heart,PM2.5,73497,73497,7.007795178528987,8.162267424007158,Q2 (7-8.2 ug/m3),4.916666666666667
1795.8125,Transplant,0.782034924432109,Q2,Heart,PM2.5,73497,73497,7.007795178528987,8.162267424007158,Q2 (7-8.2 ug/m3),4.916666666666667
1826.25,Death/delisted too sick,0.16034974866564738,Q2,Heart,PM2.5,73497,73497,7.007795178528987,8.162267424007158,Q2 (7-8.2 ug/m3),5
1826.25,Transplant,0.783555761769098,Q2,Heart,PM2.5,73497,73497,7.007795178528987,8.162267424007158,Q2 (7-8.2 ug/m3),5
0,Death/delisted too sick,0,Q3,Heart,PM2.5,73497,73497,8.162267424007158,9.70957664331776,Q3 (8.2-9.7 ug/m3),0
0,Transplant,0,Q3,Heart,PM2.5,73497,73497,8.162267424007158,9.70957664331776,Q3 (8.2-9.7 ug/m3),0
30.4375,Death/delisted too sick,0.0332438160896287,Q3,Heart,PM2.5,73497,73497,8.162267424007158,9.70957664331776,Q3 (8.2-9.7 ug/m3),0.08333333333333333
30.4375,Transplant,0.2493499361829666,Q3,Heart,PM2.5,73497,73497,8.162267424007158,9.70957664331776,Q3 (8.2-9.7 ug/m3),0.08333333333333333
60.875,Death/delisted too sick,0.05053269481950447,Q3,Heart,PM2.5,73497,73497,8.162267424007158,9.70957664331776,Q3 (8.2-9.7 ug/m3),0.16666666666666666
60.875,Transplant,0.3486830298355411,Q3,Heart,PM2.5,73497,73497,8.162267424007158,9.70957664331776,Q3 (8.2-9.7 ug/m3),0.16666666666666666
91.3125,Death/delisted too sick,0.06320073036436201,Q3,Heart,PM2.5,73497,73497,8.162267424007158,9.70957664331776,Q3 (8.2-9.7 ug/m3),0.25
91.3125,Transplant,0.4126466829345536,Q3,Heart,PM2.5,73497,73497,8.162267424007158,9.70957664331776,Q3 (8.2-9.7 ug/m3),0.25
121.75,Death/delisted too sick,0.07039084310936318,Q3,Heart,PM2.5,73497,73497,8.162267424007158,9.70957664331776,Q3 (8.2-9.7 ug/m3),0.3333333333333333
121.75,Transplant,0.4570603646835363,Q3,Heart,PM2.5,73497,73497,8.162267424007158,9.70957664331776,Q3 (8.2-9.7 ug/m3),0.3333333333333333
152.1875,Death/delisted too sick,0.07691496664585012,Q3,Heart,PM2.5,73497,73497,8.162267424007158,9.70957664331776,Q3 (8.2-9.7 ug/m3),0.4166666666666667
152.1875,Transplant,0.4934742111541497,Q3,Heart,PM2.5,73497,73497,8.162267424007158,9.70957664331776,Q3 (8.2-9.7 ug/m3),0.4166666666666667
182.625,Death/delisted too sick,0.08225001978108872,Q3,Heart,PM2.5,73497,73497,8.162267424007158,9.70957664331776,Q3 (8.2-9.7 ug/m3),0.5
182.625,Transplant,0.523645539247479,Q3,Heart,PM2.5,73497,73497,8.162267424007158,9.70957664331776,Q3 (8.2-9.7 ug/m3),0.5
213.0625,Death/delisted too sick,0.08589744352913244,Q3,Heart,PM2.5,73497,73497,8.162267424007158,9.70957664331776,Q3 (8.2-9.7 ug/m3),0.5833333333333334
213.0625,Transplant,0.5473727475809047,Q3,Heart,PM2.5,73497,73497,8.162267424007158,9.70957664331776,Q3 (8.2-9.7 ug/m3),0.5833333333333334
243.5,Death/delisted too sick,0.08965748316836597,Q3,Heart,PM2.5,73497,73497,8.162267424007158,9.70957664331776,Q3 (8.2-9.7 ug/m3),0.6666666666666666
243.5,Transplant,0.5676044600539204,Q3,Heart,PM2.5,73497,73497,8.162267424007158,9.70957664331776,Q3 (8.2-9.7 ug/m3),0.6666666666666666
273.9375,Death/delisted too sick,0.09300801504014837,Q3,Heart,PM2.5,73497,73497,8.162267424007158,9.70957664331776,Q3 (8.2-9.7 ug/m3),0.75
273.9375,Transplant,0.5851581814752732,Q3,Heart,PM2.5,73497,73497,8.162267424007158,9.70957664331776,Q3 (8.2-9.7 ug/m3),0.75
304.375,Death/delisted too sick,0.09670549210301627,Q3,Heart,PM2.5,73497,73497,8.162267424007158,9.70957664331776,Q3 (8.2-9.7 ug/m3),0.8333333333333334
304.375,Transplant,0.6010669554225831,Q3,Heart,PM2.5,73497,73497,8.162267424007158,9.70957664331776,Q3 (8.2-9.7 ug/m3),0.8333333333333334
334.8125,Death/delisted too sick,0.09896670546882139,Q3,Heart,PM2.5,73497,73497,8.162267424007158,9.70957664331776,Q3 (8.2-9.7 ug/m3),0.9166666666666666
334.8125,Transplant,0.613692850570036,Q3,Heart,PM2.5,73497,73497,8.162267424007158,9.70957664331776,Q3 (8.2-9.7 ug/m3),0.9166666666666666
365.25,Death/delisted too sick,0.10211001758492413,Q3,Heart,PM2.5,73497,73497,8.162267424007158,9.70957664331776,Q3 (8.2-9.7 ug/m3),1
365.25,Transplant,0.6263799425263459,Q3,Heart,PM2.5,73497,73497,8.162267424007158,9.70957664331776,Q3 (8.2-9.7 ug/m3),1
395.6875,Death/delisted too sick,0.10515942930994789,Q3,Heart,PM2.5,73497,73497,8.162267424007158,9.70957664331776,Q3 (8.2-9.7 ug/m3),1.0833333333333333
395.6875,Transplant,0.6367557887242487,Q3,Heart,PM2.5,73497,73497,8.162267424007158,9.70957664331776,Q3 (8.2-9.7 ug/m3),1.0833333333333333
426.125,Death/delisted too sick,0.10751461918565468,Q3,Heart,PM2.5,73497,73497,8.162267424007158,9.70957664331776,Q3 (8.2-9.7 ug/m3),1.1666666666666667
426.125,Transplant,0.6476330670440716,Q3,Heart,PM2.5,73497,73497,8.162267424007158,9.70957664331776,Q3 (8.2-9.7 ug/m3),1.1666666666666667
456.5625,Death/delisted too sick,0.10990567610852918,Q3,Heart,PM2.5,73497,73497,8.162267424007158,9.70957664331776,Q3 (8.2-9.7 ug/m3),1.25
456.5625,Transplant,0.657609029688069,Q3,Heart,PM2.5,73497,73497,8.162267424007158,9.70957664331776,Q3 (8.2-9.7 ug/m3),1.25
487,Death/delisted too sick,0.11141821459511922,Q3,Heart,PM2.5,73497,73497,8.162267424007158,9.70957664331776,Q3 (8.2-9.7 ug/m3),1.3333333333333333
487,Transplant,0.6652616242918108,Q3,Heart,PM2.5,73497,73497,8.162267424007158,9.70957664331776,Q3 (8.2-9.7 ug/m3),1.3333333333333333
517.4375,Death/delisted too sick,0.11323431507364616,Q3,Heart,PM2.5,73497,73497,8.162267424007158,9.70957664331776,Q3 (8.2-9.7 ug/m3),1.4166666666666667
517.4375,Transplant,0.6713920442158045,Q3,Heart,PM2.5,73497,73497,8.162267424007158,9.70957664331776,Q3 (8.2-9.7 ug/m3),1.4166666666666667
547.875,Death/delisted too sick,0.11490458058011091,Q3,Heart,PM2.5,73497,73497,8.162267424007158,9.70957664331776,Q3 (8.2-9.7 ug/m3),1.5
547.875,Transplant,0.6784513778521394,Q3,Heart,PM2.5,73497,73497,8.162267424007158,9.70957664331776,Q3 (8.2-9.7 ug/m3),1.5
578.3125,Death/delisted too sick,0.11597135686550226,Q3,Heart,PM2.5,73497,73497,8.162267424007158,9.70957664331776,Q3 (8.2-9.7 ug/m3),1.5833333333333333
578.3125,Transplant,0.6847000427468476,Q3,Heart,PM2.5,73497,73497,8.162267424007158,9.70957664331776,Q3 (8.2-9.7 ug/m3),1.5833333333333333
608.75,Death/delisted too sick,0.11803242679359867,Q3,Heart,PM2.5,73497,73497,8.162267424007158,9.70957664331776,Q3 (8.2-9.7 ug/m3),1.6666666666666667
608.75,Transplant,0.69118532437383,Q3,Heart,PM2.5,73497,73497,8.162267424007158,9.70957664331776,Q3 (8.2-9.7 ug/m3),1.6666666666666667
639.1875,Death/delisted too sick,0.12019410406911007,Q3,Heart,PM2.5,73497,73497,8.162267424007158,9.70957664331776,Q3 (8.2-9.7 ug/m3),1.75
639.1875,Transplant,0.6960305900600408,Q3,Heart,PM2.5,73497,73497,8.162267424007158,9.70957664331776,Q3 (8.2-9.7 ug/m3),1.75
669.625,Death/delisted too sick,0.12206628664596123,Q3,Heart,PM2.5,73497,73497,8.162267424007158,9.70957664331776,Q3 (8.2-9.7 ug/m3),1.8333333333333333
669.625,Transplant,0.7010333073508657,Q3,Heart,PM2.5,73497,73497,8.162267424007158,9.70957664331776,Q3 (8.2-9.7 ug/m3),1.8333333333333333
700.0625,Death/delisted too sick,0.12342213481707255,Q3,Heart,PM2.5,73497,73497,8.162267424007158,9.70957664331776,Q3 (8.2-9.7 ug/m3),1.9166666666666667
700.0625,Transplant,0.7058511345833792,Q3,Heart,PM2.5,73497,73497,8.162267424007158,9.70957664331776,Q3 (8.2-9.7 ug/m3),1.9166666666666667
730.5,Death/delisted too sick,0.1243861500963242,Q3,Heart,PM2.5,73497,73497,8.162267424007158,9.70957664331776,Q3 (8.2-9.7 ug/m3),2
730.5,Transplant,0.710535162839662,Q3,Heart,PM2.5,73497,73497,8.162267424007158,9.70957664331776,Q3 (8.2-9.7 ug/m3),2
760.9375,Death/delisted too sick,0.12575381521341794,Q3,Heart,PM2.5,73497,73497,8.162267424007158,9.70957664331776,Q3 (8.2-9.7 ug/m3),2.0833333333333335
760.9375,Transplant,0.7150611119051277,Q3,Heart,PM2.5,73497,73497,8.162267424007158,9.70957664331776,Q3 (8.2-9.7 ug/m3),2.0833333333333335
791.375,Death/delisted too sick,0.1273045866544467,Q3,Heart,PM2.5,73497,73497,8.162267424007158,9.70957664331776,Q3 (8.2-9.7 ug/m3),2.1666666666666665
791.375,Transplant,0.719385618644043,Q3,Heart,PM2.5,73497,73497,8.162267424007158,9.70957664331776,Q3 (8.2-9.7 ug/m3),2.1666666666666665
821.8125,Death/delisted too sick,0.12882804697960892,Q3,Heart,PM2.5,73497,73497,8.162267424007158,9.70957664331776,Q3 (8.2-9.7 ug/m3),2.25
821.8125,Transplant,0.7228707635529941,Q3,Heart,PM2.5,73497,73497,8.162267424007158,9.70957664331776,Q3 (8.2-9.7 ug/m3),2.25
852.25,Death/delisted too sick,0.13046969867215255,Q3,Heart,PM2.5,73497,73497,8.162267424007158,9.70957664331776,Q3 (8.2-9.7 ug/m3),2.3333333333333335
852.25,Transplant,0.7265633538166384,Q3,Heart,PM2.5,73497,73497,8.162267424007158,9.70957664331776,Q3 (8.2-9.7 ug/m3),2.3333333333333335
882.6875,Death/delisted too sick,0.1313518398427704,Q3,Heart,PM2.5,73497,73497,8.162267424007158,9.70957664331776,Q3 (8.2-9.7 ug/m3),2.4166666666666665
882.6875,Transplant,0.7292559289968112,Q3,Heart,PM2.5,73497,73497,8.162267424007158,9.70957664331776,Q3 (8.2-9.7 ug/m3),2.4166666666666665
913.125,Death/delisted too sick,0.13305470143605627,Q3,Heart,PM2.5,73497,73497,8.162267424007158,9.70957664331776,Q3 (8.2-9.7 ug/m3),2.5
913.125,Transplant,0.7331528469758392,Q3,Heart,PM2.5,73497,73497,8.162267424007158,9.70957664331776,Q3 (8.2-9.7 ug/m3),2.5
943.5625,Death/delisted too sick,0.13362460012711447,Q3,Heart,PM2.5,73497,73497,8.162267424007158,9.70957664331776,Q3 (8.2-9.7 ug/m3),2.5833333333333335
943.5625,Transplant,0.7369915984857972,Q3,Heart,PM2.5,73497,73497,8.162267424007158,9.70957664331776,Q3 (8.2-9.7 ug/m3),2.5833333333333335
974,Death/delisted too sick,0.1346192723821098,Q3,Heart,PM2.5,73497,73497,8.162267424007158,9.70957664331776,Q3 (8.2-9.7 ug/m3),2.6666666666666665
974,Transplant,0.7396745885404022,Q3,Heart,PM2.5,73497,73497,8.162267424007158,9.70957664331776,Q3 (8.2-9.7 ug/m3),2.6666666666666665
1004.4375,Death/delisted too sick,0.13548866025734174,Q3,Heart,PM2.5,73497,73497,8.162267424007158,9.70957664331776,Q3 (8.2-9.7 ug/m3),2.75
1004.4375,Transplant,0.7427761363656946,Q3,Heart,PM2.5,73497,73497,8.162267424007158,9.70957664331776,Q3 (8.2-9.7 ug/m3),2.75
1034.875,Death/delisted too sick,0.13678074715753472,Q3,Heart,PM2.5,73497,73497,8.162267424007158,9.70957664331776,Q3 (8.2-9.7 ug/m3),2.8333333333333335
1034.875,Transplant,0.7447758750921939,Q3,Heart,PM2.5,73497,73497,8.162267424007158,9.70957664331776,Q3 (8.2-9.7 ug/m3),2.8333333333333335
1065.3125,Death/delisted too sick,0.1376751768741678,Q3,Heart,PM2.5,73497,73497,8.162267424007158,9.70957664331776,Q3 (8.2-9.7 ug/m3),2.9166666666666665
1065.3125,Transplant,0.7476742633720314,Q3,Heart,PM2.5,73497,73497,8.162267424007158,9.70957664331776,Q3 (8.2-9.7 ug/m3),2.9166666666666665
1095.75,Death/delisted too sick,0.13824537272685497,Q3,Heart,PM2.5,73497,73497,8.162267424007158,9.70957664331776,Q3 (8.2-9.7 ug/m3),3
1095.75,Transplant,0.7496129786969781,Q3,Heart,PM2.5,73497,73497,8.162267424007158,9.70957664331776,Q3 (8.2-9.7 ug/m3),3
1126.1875,Death/delisted too sick,0.13928285046695077,Q3,Heart,PM2.5,73497,73497,8.162267424007158,9.70957664331776,Q3 (8.2-9.7 ug/m3),3.0833333333333335
1126.1875,Transplant,0.7520816796441933,Q3,Heart,PM2.5,73497,73497,8.162267424007158,9.70957664331776,Q3 (8.2-9.7 ug/m3),3.0833333333333335
1156.625,Death/delisted too sick,0.14014091946783616,Q3,Heart,PM2.5,73497,73497,8.162267424007158,9.70957664331776,Q3 (8.2-9.7 ug/m3),3.1666666666666665
1156.625,Transplant,0.7536236015606024,Q3,Heart,PM2.5,73497,73497,8.162267424007158,9.70957664331776,Q3 (8.2-9.7 ug/m3),3.1666666666666665
1187.0625,Death/delisted too sick,0.1411543592190785,Q3,Heart,PM2.5,73497,73497,8.162267424007158,9.70957664331776,Q3 (8.2-9.7 ug/m3),3.25
1187.0625,Transplant,0.7551402123094618,Q3,Heart,PM2.5,73497,73497,8.162267424007158,9.70957664331776,Q3 (8.2-9.7 ug/m3),3.25
1217.5,Death/delisted too sick,0.14182023547033057,Q3,Heart,PM2.5,73497,73497,8.162267424007158,9.70957664331776,Q3 (8.2-9.7 ug/m3),3.3333333333333335
1217.5,Transplant,0.7560760582251276,Q3,Heart,PM2.5,73497,73497,8.162267424007158,9.70957664331776,Q3 (8.2-9.7 ug/m3),3.3333333333333335
1247.9375,Death/delisted too sick,0.14298829264104046,Q3,Heart,PM2.5,73497,73497,8.162267424007158,9.70957664331776,Q3 (8.2-9.7 ug/m3),3.4166666666666665
1247.9375,Transplant,0.7586229009729737,Q3,Heart,PM2.5,73497,73497,8.162267424007158,9.70957664331776,Q3 (8.2-9.7 ug/m3),3.4166666666666665
1278.375,Death/delisted too sick,0.14411626822139548,Q3,Heart,PM2.5,73497,73497,8.162267424007158,9.70957664331776,Q3 (8.2-9.7 ug/m3),3.5
1278.375,Transplant,0.7591089963536248,Q3,Heart,PM2.5,73497,73497,8.162267424007158,9.70957664331776,Q3 (8.2-9.7 ug/m3),3.5
1308.8125,Death/delisted too sick,0.1448351043122059,Q3,Heart,PM2.5,73497,73497,8.162267424007158,9.70957664331776,Q3 (8.2-9.7 ug/m3),3.5833333333333335
1308.8125,Transplant,0.7605990719400193,Q3,Heart,PM2.5,73497,73497,8.162267424007158,9.70957664331776,Q3 (8.2-9.7 ug/m3),3.5833333333333335
1339.25,Death/delisted too sick,0.14588999325059201,Q3,Heart,PM2.5,73497,73497,8.162267424007158,9.70957664331776,Q3 (8.2-9.7 ug/m3),3.6666666666666665
1339.25,Transplant,0.7616290187647234,Q3,Heart,PM2.5,73497,73497,8.162267424007158,9.70957664331776,Q3 (8.2-9.7 ug/m3),3.6666666666666665
1369.6875,Death/delisted too sick,0.1461665126606775,Q3,Heart,PM2.5,73497,73497,8.162267424007158,9.70957664331776,Q3 (8.2-9.7 ug/m3),3.75
1369.6875,Transplant,0.7635578142613523,Q3,Heart,PM2.5,73497,73497,8.162267424007158,9.70957664331776,Q3 (8.2-9.7 ug/m3),3.75
1400.125,Death/delisted too sick,0.14656588388357522,Q3,Heart,PM2.5,73497,73497,8.162267424007158,9.70957664331776,Q3 (8.2-9.7 ug/m3),3.8333333333333335
1400.125,Transplant,0.7647018402733974,Q3,Heart,PM2.5,73497,73497,8.162267424007158,9.70957664331776,Q3 (8.2-9.7 ug/m3),3.8333333333333335
1430.5625,Death/delisted too sick,0.1480882012193317,Q3,Heart,PM2.5,73497,73497,8.162267424007158,9.70957664331776,Q3 (8.2-9.7 ug/m3),3.9166666666666665
1430.5625,Transplant,0.765661829859233,Q3,Heart,PM2.5,73497,73497,8.162267424007158,9.70957664331776,Q3 (8.2-9.7 ug/m3),3.9166666666666665
1461,Death/delisted too sick,0.14903712974158645,Q3,Heart,PM2.5,73497,73497,8.162267424007158,9.70957664331776,Q3 (8.2-9.7 ug/m3),4
1461,Transplant,0.7669404782669254,Q3,Heart,PM2.5,73497,73497,8.162267424007158,9.70957664331776,Q3 (8.2-9.7 ug/m3),4
1491.4375,Death/delisted too sick,0.1495821002991613,Q3,Heart,PM2.5,73497,73497,8.162267424007158,9.70957664331776,Q3 (8.2-9.7 ug/m3),4.083333333333333
1491.4375,Transplant,0.7675619207557528,Q3,Heart,PM2.5,73497,73497,8.162267424007158,9.70957664331776,Q3 (8.2-9.7 ug/m3),4.083333333333333
1521.875,Death/delisted too sick,0.14991782178020452,Q3,Heart,PM2.5,73497,73497,8.162267424007158,9.70957664331776,Q3 (8.2-9.7 ug/m3),4.166666666666667
1521.875,Transplant,0.7690042182669473,Q3,Heart,PM2.5,73497,73497,8.162267424007158,9.70957664331776,Q3 (8.2-9.7 ug/m3),4.166666666666667
1552.3125,Death/delisted too sick,0.1502264880498787,Q3,Heart,PM2.5,73497,73497,8.162267424007158,9.70957664331776,Q3 (8.2-9.7 ug/m3),4.25
1552.3125,Transplant,0.7709882101544119,Q3,Heart,PM2.5,73497,73497,8.162267424007158,9.70957664331776,Q3 (8.2-9.7 ug/m3),4.25
1582.75,Death/delisted too sick,0.15062536950840028,Q3,Heart,PM2.5,73497,73497,8.162267424007158,9.70957664331776,Q3 (8.2-9.7 ug/m3),4.333333333333333
1582.75,Transplant,0.7734472920588108,Q3,Heart,PM2.5,73497,73497,8.162267424007158,9.70957664331776,Q3 (8.2-9.7 ug/m3),4.333333333333333
1613.1875,Death/delisted too sick,0.15094775304598915,Q3,Heart,PM2.5,73497,73497,8.162267424007158,9.70957664331776,Q3 (8.2-9.7 ug/m3),4.416666666666667
1613.1875,Transplant,0.7746767266722425,Q3,Heart,PM2.5,73497,73497,8.162267424007158,9.70957664331776,Q3 (8.2-9.7 ug/m3),4.416666666666667
1643.625,Death/delisted too sick,0.15150080885081268,Q3,Heart,PM2.5,73497,73497,8.162267424007158,9.70957664331776,Q3 (8.2-9.7 ug/m3),4.5
1643.625,Transplant,0.7777760555017593,Q3,Heart,PM2.5,73497,73497,8.162267424007158,9.70957664331776,Q3 (8.2-9.7 ug/m3),4.5
1674.0625,Death/delisted too sick,0.15200260118082845,Q3,Heart,PM2.5,73497,73497,8.162267424007158,9.70957664331776,Q3 (8.2-9.7 ug/m3),4.583333333333333
1674.0625,Transplant,0.7786804677359787,Q3,Heart,PM2.5,73497,73497,8.162267424007158,9.70957664331776,Q3 (8.2-9.7 ug/m3),4.583333333333333
1704.5,Death/delisted too sick,0.15274683232337327,Q3,Heart,PM2.5,73497,73497,8.162267424007158,9.70957664331776,Q3 (8.2-9.7 ug/m3),4.666666666666667
1704.5,Transplant,0.7803945266186765,Q3,Heart,PM2.5,73497,73497,8.162267424007158,9.70957664331776,Q3 (8.2-9.7 ug/m3),4.666666666666667
1734.9375,Death/delisted too sick,0.15346331439894467,Q3,Heart,PM2.5,73497,73497,8.162267424007158,9.70957664331776,Q3 (8.2-9.7 ug/m3),4.75
1734.9375,Transplant,0.781373245650435,Q3,Heart,PM2.5,73497,73497,8.162267424007158,9.70957664331776,Q3 (8.2-9.7 ug/m3),4.75
1765.375,Death/delisted too sick,0.15364671590672188,Q3,Heart,PM2.5,73497,73497,8.162267424007158,9.70957664331776,Q3 (8.2-9.7 ug/m3),4.833333333333333
1765.375,Transplant,0.7828719311835983,Q3,Heart,PM2.5,73497,73497,8.162267424007158,9.70957664331776,Q3 (8.2-9.7 ug/m3),4.833333333333333
1795.8125,Death/delisted too sick,0.1538495677276764,Q3,Heart,PM2.5,73497,73497,8.162267424007158,9.70957664331776,Q3 (8.2-9.7 ug/m3),4.916666666666667
1795.8125,Transplant,0.7838891271235707,Q3,Heart,PM2.5,73497,73497,8.162267424007158,9.70957664331776,Q3 (8.2-9.7 ug/m3),4.916666666666667
1826.25,Death/delisted too sick,0.15430715430018838,Q3,Heart,PM2.5,73497,73497,8.162267424007158,9.70957664331776,Q3 (8.2-9.7 ug/m3),5
1826.25,Transplant,0.7851007596997511,Q3,Heart,PM2.5,73497,73497,8.162267424007158,9.70957664331776,Q3 (8.2-9.7 ug/m3),5
0,Death/delisted too sick,0,Q4,Heart,PM2.5,73497,73497,9.709673126538597,30.00512942783934,Q4 (9.7-30 ug/m3),0
0,Transplant,0,Q4,Heart,PM2.5,73497,73497,9.709673126538597,30.00512942783934,Q4 (9.7-30 ug/m3),0
30.4375,Death/delisted too sick,0.03800077174834827,Q4,Heart,PM2.5,73497,73497,9.709673126538597,30.00512942783934,Q4 (9.7-30 ug/m3),0.08333333333333333
30.4375,Transplant,0.2745704011412788,Q4,Heart,PM2.5,73497,73497,9.709673126538597,30.00512942783934,Q4 (9.7-30 ug/m3),0.08333333333333333
60.875,Death/delisted too sick,0.059380604615526064,Q4,Heart,PM2.5,73497,73497,9.709673126538597,30.00512942783934,Q4 (9.7-30 ug/m3),0.16666666666666666
60.875,Transplant,0.3793567794956015,Q4,Heart,PM2.5,73497,73497,9.709673126538597,30.00512942783934,Q4 (9.7-30 ug/m3),0.16666666666666666
91.3125,Death/delisted too sick,0.06840047602773064,Q4,Heart,PM2.5,73497,73497,9.709673126538597,30.00512942783934,Q4 (9.7-30 ug/m3),0.25
91.3125,Transplant,0.4499830159261147,Q4,Heart,PM2.5,73497,73497,9.709673126538597,30.00512942783934,Q4 (9.7-30 ug/m3),0.25
121.75,Death/delisted too sick,0.07525122171665831,Q4,Heart,PM2.5,73497,73497,9.709673126538597,30.00512942783934,Q4 (9.7-30 ug/m3),0.3333333333333333
121.75,Transplant,0.489846936512342,Q4,Heart,PM2.5,73497,73497,9.709673126538597,30.00512942783934,Q4 (9.7-30 ug/m3),0.3333333333333333
152.1875,Death/delisted too sick,0.07938936383647485,Q4,Heart,PM2.5,73497,73497,9.709673126538597,30.00512942783934,Q4 (9.7-30 ug/m3),0.4166666666666667
152.1875,Transplant,0.522515234828872,Q4,Heart,PM2.5,73497,73497,9.709673126538597,30.00512942783934,Q4 (9.7-30 ug/m3),0.4166666666666667
182.625,Death/delisted too sick,0.08419981830351786,Q4,Heart,PM2.5,73497,73497,9.709673126538597,30.00512942783934,Q4 (9.7-30 ug/m3),0.5
182.625,Transplant,0.5527117457966572,Q4,Heart,PM2.5,73497,73497,9.709673126538597,30.00512942783934,Q4 (9.7-30 ug/m3),0.5
213.0625,Death/delisted too sick,0.08798899426669671,Q4,Heart,PM2.5,73497,73497,9.709673126538597,30.00512942783934,Q4 (9.7-30 ug/m3),0.5833333333333334
213.0625,Transplant,0.5754433005233754,Q4,Heart,PM2.5,73497,73497,9.709673126538597,30.00512942783934,Q4 (9.7-30 ug/m3),0.5833333333333334
243.5,Death/delisted too sick,0.09180115106990809,Q4,Heart,PM2.5,73497,73497,9.709673126538597,30.00512942783934,Q4 (9.7-30 ug/m3),0.6666666666666666
243.5,Transplant,0.5949387364706099,Q4,Heart,PM2.5,73497,73497,9.709673126538597,30.00512942783934,Q4 (9.7-30 ug/m3),0.6666666666666666
273.9375,Death/delisted too sick,0.09458916109667706,Q4,Heart,PM2.5,73497,73497,9.709673126538597,30.00512942783934,Q4 (9.7-30 ug/m3),0.75
273.9375,Transplant,0.6125747096946094,Q4,Heart,PM2.5,73497,73497,9.709673126538597,30.00512942783934,Q4 (9.7-30 ug/m3),0.75
304.375,Death/delisted too sick,0.09719209408539843,Q4,Heart,PM2.5,73497,73497,9.709673126538597,30.00512942783934,Q4 (9.7-30 ug/m3),0.8333333333333334
304.375,Transplant,0.6257449591020148,Q4,Heart,PM2.5,73497,73497,9.709673126538597,30.00512942783934,Q4 (9.7-30 ug/m3),0.8333333333333334
334.8125,Death/delisted too sick,0.09959866730614701,Q4,Heart,PM2.5,73497,73497,9.709673126538597,30.00512942783934,Q4 (9.7-30 ug/m3),0.9166666666666666
334.8125,Transplant,0.6376422982061406,Q4,Heart,PM2.5,73497,73497,9.709673126538597,30.00512942783934,Q4 (9.7-30 ug/m3),0.9166666666666666
365.25,Death/delisted too sick,0.10152905413256127,Q4,Heart,PM2.5,73497,73497,9.709673126538597,30.00512942783934,Q4 (9.7-30 ug/m3),1
365.25,Transplant,0.6501557174539649,Q4,Heart,PM2.5,73497,73497,9.709673126538597,30.00512942783934,Q4 (9.7-30 ug/m3),1
395.6875,Death/delisted too sick,0.10422996704007446,Q4,Heart,PM2.5,73497,73497,9.709673126538597,30.00512942783934,Q4 (9.7-30 ug/m3),1.0833333333333333
395.6875,Transplant,0.6595431085808064,Q4,Heart,PM2.5,73497,73497,9.709673126538597,30.00512942783934,Q4 (9.7-30 ug/m3),1.0833333333333333
426.125,Death/delisted too sick,0.10691773240978808,Q4,Heart,PM2.5,73497,73497,9.709673126538597,30.00512942783934,Q4 (9.7-30 ug/m3),1.1666666666666667
426.125,Transplant,0.6687649548800756,Q4,Heart,PM2.5,73497,73497,9.709673126538597,30.00512942783934,Q4 (9.7-30 ug/m3),1.1666666666666667
456.5625,Death/delisted too sick,0.10920657885286152,Q4,Heart,PM2.5,73497,73497,9.709673126538597,30.00512942783934,Q4 (9.7-30 ug/m3),1.25
456.5625,Transplant,0.6766939549513068,Q4,Heart,PM2.5,73497,73497,9.709673126538597,30.00512942783934,Q4 (9.7-30 ug/m3),1.25
487,Death/delisted too sick,0.11083531875612214,Q4,Heart,PM2.5,73497,73497,9.709673126538597,30.00512942783934,Q4 (9.7-30 ug/m3),1.3333333333333333
487,Transplant,0.6845111022401471,Q4,Heart,PM2.5,73497,73497,9.709673126538597,30.00512942783934,Q4 (9.7-30 ug/m3),1.3333333333333333
517.4375,Death/delisted too sick,0.11227860483417706,Q4,Heart,PM2.5,73497,73497,9.709673126538597,30.00512942783934,Q4 (9.7-30 ug/m3),1.4166666666666667
517.4375,Transplant,0.6928385850899553,Q4,Heart,PM2.5,73497,73497,9.709673126538597,30.00512942783934,Q4 (9.7-30 ug/m3),1.4166666666666667
547.875,Death/delisted too sick,0.11457837722809108,Q4,Heart,PM2.5,73497,73497,9.709673126538597,30.00512942783934,Q4 (9.7-30 ug/m3),1.5
547.875,Transplant,0.6979886157337348,Q4,Heart,PM2.5,73497,73497,9.709673126538597,30.00512942783934,Q4 (9.7-30 ug/m3),1.5
578.3125,Death/delisted too sick,0.11650881073557638,Q4,Heart,PM2.5,73497,73497,9.709673126538597,30.00512942783934,Q4 (9.7-30 ug/m3),1.5833333333333333
578.3125,Transplant,0.7032766430173664,Q4,Heart,PM2.5,73497,73497,9.709673126538597,30.00512942783934,Q4 (9.7-30 ug/m3),1.5833333333333333
608.75,Death/delisted too sick,0.1185191660122679,Q4,Heart,PM2.5,73497,73497,9.709673126538597,30.00512942783934,Q4 (9.7-30 ug/m3),1.6666666666666667
608.75,Transplant,0.7083302636282099,Q4,Heart,PM2.5,73497,73497,9.709673126538597,30.00512942783934,Q4 (9.7-30 ug/m3),1.6666666666666667
639.1875,Death/delisted too sick,0.11963766072639115,Q4,Heart,PM2.5,73497,73497,9.709673126538597,30.00512942783934,Q4 (9.7-30 ug/m3),1.75
639.1875,Transplant,0.7121262553722245,Q4,Heart,PM2.5,73497,73497,9.709673126538597,30.00512942783934,Q4 (9.7-30 ug/m3),1.75
669.625,Death/delisted too sick,0.12149870691720556,Q4,Heart,PM2.5,73497,73497,9.709673126538597,30.00512942783934,Q4 (9.7-30 ug/m3),1.8333333333333333
669.625,Transplant,0.7164731442785826,Q4,Heart,PM2.5,73497,73497,9.709673126538597,30.00512942783934,Q4 (9.7-30 ug/m3),1.8333333333333333
700.0625,Death/delisted too sick,0.12343497917942216,Q4,Heart,PM2.5,73497,73497,9.709673126538597,30.00512942783934,Q4 (9.7-30 ug/m3),1.9166666666666667
700.0625,Transplant,0.7196521443232945,Q4,Heart,PM2.5,73497,73497,9.709673126538597,30.00512942783934,Q4 (9.7-30 ug/m3),1.9166666666666667
730.5,Death/delisted too sick,0.12512033260040784,Q4,Heart,PM2.5,73497,73497,9.709673126538597,30.00512942783934,Q4 (9.7-30 ug/m3),2
730.5,Transplant,0.7240552153852143,Q4,Heart,PM2.5,73497,73497,9.709673126538597,30.00512942783934,Q4 (9.7-30 ug/m3),2
760.9375,Death/delisted too sick,0.12689857551234757,Q4,Heart,PM2.5,73497,73497,9.709673126538597,30.00512942783934,Q4 (9.7-30 ug/m3),2.0833333333333335
760.9375,Transplant,0.72970458350695,Q4,Heart,PM2.5,73497,73497,9.709673126538597,30.00512942783934,Q4 (9.7-30 ug/m3),2.0833333333333335
791.375,Death/delisted too sick,0.12858933486800445,Q4,Heart,PM2.5,73497,73497,9.709673126538597,30.00512942783934,Q4 (9.7-30 ug/m3),2.1666666666666665
791.375,Transplant,0.7350575205541127,Q4,Heart,PM2.5,73497,73497,9.709673126538597,30.00512942783934,Q4 (9.7-30 ug/m3),2.1666666666666665
821.8125,Death/delisted too sick,0.12967212929706448,Q4,Heart,PM2.5,73497,73497,9.709673126538597,30.00512942783934,Q4 (9.7-30 ug/m3),2.25
821.8125,Transplant,0.7381489117368076,Q4,Heart,PM2.5,73497,73497,9.709673126538597,30.00512942783934,Q4 (9.7-30 ug/m3),2.25
852.25,Death/delisted too sick,0.13072990221102762,Q4,Heart,PM2.5,73497,73497,9.709673126538597,30.00512942783934,Q4 (9.7-30 ug/m3),2.3333333333333335
852.25,Transplant,0.7418560479459427,Q4,Heart,PM2.5,73497,73497,9.709673126538597,30.00512942783934,Q4 (9.7-30 ug/m3),2.3333333333333335
882.6875,Death/delisted too sick,0.13147386299535585,Q4,Heart,PM2.5,73497,73497,9.709673126538597,30.00512942783934,Q4 (9.7-30 ug/m3),2.4166666666666665
882.6875,Transplant,0.7444235925080247,Q4,Heart,PM2.5,73497,73497,9.709673126538597,30.00512942783934,Q4 (9.7-30 ug/m3),2.4166666666666665
913.125,Death/delisted too sick,0.13225007086880966,Q4,Heart,PM2.5,73497,73497,9.709673126538597,30.00512942783934,Q4 (9.7-30 ug/m3),2.5
913.125,Transplant,0.7460508235805614,Q4,Heart,PM2.5,73497,73497,9.709673126538597,30.00512942783934,Q4 (9.7-30 ug/m3),2.5
943.5625,Death/delisted too sick,0.13334681422152797,Q4,Heart,PM2.5,73497,73497,9.709673126538597,30.00512942783934,Q4 (9.7-30 ug/m3),2.5833333333333335
943.5625,Transplant,0.7488667004410464,Q4,Heart,PM2.5,73497,73497,9.709673126538597,30.00512942783934,Q4 (9.7-30 ug/m3),2.5833333333333335
974,Death/delisted too sick,0.13452606257542116,Q4,Heart,PM2.5,73497,73497,9.709673126538597,30.00512942783934,Q4 (9.7-30 ug/m3),2.6666666666666665
974,Transplant,0.7515533296779948,Q4,Heart,PM2.5,73497,73497,9.709673126538597,30.00512942783934,Q4 (9.7-30 ug/m3),2.6666666666666665
1004.4375,Death/delisted too sick,0.13553464330722606,Q4,Heart,PM2.5,73497,73497,9.709673126538597,30.00512942783934,Q4 (9.7-30 ug/m3),2.75
1004.4375,Transplant,0.7530418816124518,Q4,Heart,PM2.5,73497,73497,9.709673126538597,30.00512942783934,Q4 (9.7-30 ug/m3),2.75
1034.875,Death/delisted too sick,0.1360169473542975,Q4,Heart,PM2.5,73497,73497,9.709673126538597,30.00512942783934,Q4 (9.7-30 ug/m3),2.8333333333333335
1034.875,Transplant,0.7553830736338105,Q4,Heart,PM2.5,73497,73497,9.709673126538597,30.00512942783934,Q4 (9.7-30 ug/m3),2.8333333333333335
1065.3125,Death/delisted too sick,0.13682609356190892,Q4,Heart,PM2.5,73497,73497,9.709673126538597,30.00512942783934,Q4 (9.7-30 ug/m3),2.9166666666666665
1065.3125,Transplant,0.7572838856626114,Q4,Heart,PM2.5,73497,73497,9.709673126538597,30.00512942783934,Q4 (9.7-30 ug/m3),2.9166666666666665
1095.75,Death/delisted too sick,0.1378367153850557,Q4,Heart,PM2.5,73497,73497,9.709673126538597,30.00512942783934,Q4 (9.7-30 ug/m3),3
1095.75,Transplant,0.7608972341784743,Q4,Heart,PM2.5,73497,73497,9.709673126538597,30.00512942783934,Q4 (9.7-30 ug/m3),3
1126.1875,Death/delisted too sick,0.13933801659496392,Q4,Heart,PM2.5,73497,73497,9.709673126538597,30.00512942783934,Q4 (9.7-30 ug/m3),3.0833333333333335
1126.1875,Transplant,0.7629770996241555,Q4,Heart,PM2.5,73497,73497,9.709673126538597,30.00512942783934,Q4 (9.7-30 ug/m3),3.0833333333333335
1156.625,Death/delisted too sick,0.14052345250423257,Q4,Heart,PM2.5,73497,73497,9.709673126538597,30.00512942783934,Q4 (9.7-30 ug/m3),3.1666666666666665
1156.625,Transplant,0.7645012453327398,Q4,Heart,PM2.5,73497,73497,9.709673126538597,30.00512942783934,Q4 (9.7-30 ug/m3),3.1666666666666665
1187.0625,Death/delisted too sick,0.1413494099163244,Q4,Heart,PM2.5,73497,73497,9.709673126538597,30.00512942783934,Q4 (9.7-30 ug/m3),3.25
1187.0625,Transplant,0.7660016517471167,Q4,Heart,PM2.5,73497,73497,9.709673126538597,30.00512942783934,Q4 (9.7-30 ug/m3),3.25
1217.5,Death/delisted too sick,0.14193641472877846,Q4,Heart,PM2.5,73497,73497,9.709673126538597,30.00512942783934,Q4 (9.7-30 ug/m3),3.3333333333333335
1217.5,Transplant,0.7680197230262982,Q4,Heart,PM2.5,73497,73497,9.709673126538597,30.00512942783934,Q4 (9.7-30 ug/m3),3.3333333333333335
1247.9375,Death/delisted too sick,0.14277404622333903,Q4,Heart,PM2.5,73497,73497,9.709673126538597,30.00512942783934,Q4 (9.7-30 ug/m3),3.4166666666666665
1247.9375,Transplant,0.769533908600121,Q4,Heart,PM2.5,73497,73497,9.709673126538597,30.00512942783934,Q4 (9.7-30 ug/m3),3.4166666666666665
1278.375,Death/delisted too sick,0.14372176021563385,Q4,Heart,PM2.5,73497,73497,9.709673126538597,30.00512942783934,Q4 (9.7-30 ug/m3),3.5
1278.375,Transplant,0.7706504702295511,Q4,Heart,PM2.5,73497,73497,9.709673126538597,30.00512942783934,Q4 (9.7-30 ug/m3),3.5
1308.8125,Death/delisted too sick,0.14431425547847315,Q4,Heart,PM2.5,73497,73497,9.709673126538597,30.00512942783934,Q4 (9.7-30 ug/m3),3.5833333333333335
1308.8125,Transplant,0.7728955345066516,Q4,Heart,PM2.5,73497,73497,9.709673126538597,30.00512942783934,Q4 (9.7-30 ug/m3),3.5833333333333335
1339.25,Death/delisted too sick,0.14532298397236895,Q4,Heart,PM2.5,73497,73497,9.709673126538597,30.00512942783934,Q4 (9.7-30 ug/m3),3.6666666666666665
1339.25,Transplant,0.7739186349627195,Q4,Heart,PM2.5,73497,73497,9.709673126538597,30.00512942783934,Q4 (9.7-30 ug/m3),3.6666666666666665
1369.6875,Death/delisted too sick,0.14586610808838504,Q4,Heart,PM2.5,73497,73497,9.709673126538597,30.00512942783934,Q4 (9.7-30 ug/m3),3.75
1369.6875,Transplant,0.775407073485611,Q4,Heart,PM2.5,73497,73497,9.709673126538597,30.00512942783934,Q4 (9.7-30 ug/m3),3.75
1400.125,Death/delisted too sick,0.1467065932649155,Q4,Heart,PM2.5,73497,73497,9.709673126538597,30.00512942783934,Q4 (9.7-30 ug/m3),3.8333333333333335
1400.125,Transplant,0.7768271265958562,Q4,Heart,PM2.5,73497,73497,9.709673126538597,30.00512942783934,Q4 (9.7-30 ug/m3),3.8333333333333335
1430.5625,Death/delisted too sick,0.14727991457126727,Q4,Heart,PM2.5,73497,73497,9.709673126538597,30.00512942783934,Q4 (9.7-30 ug/m3),3.9166666666666665
1430.5625,Transplant,0.7782408804973987,Q4,Heart,PM2.5,73497,73497,9.709673126538597,30.00512942783934,Q4 (9.7-30 ug/m3),3.9166666666666665
1461,Death/delisted too sick,0.1482747212012968,Q4,Heart,PM2.5,73497,73497,9.709673126538597,30.00512942783934,Q4 (9.7-30 ug/m3),4
1461,Transplant,0.7793214916716616,Q4,Heart,PM2.5,73497,73497,9.709673126538597,30.00512942783934,Q4 (9.7-30 ug/m3),4
1491.4375,Death/delisted too sick,0.14908775839390054,Q4,Heart,PM2.5,73497,73497,9.709673126538597,30.00512942783934,Q4 (9.7-30 ug/m3),4.083333333333333
1491.4375,Transplant,0.780289021345782,Q4,Heart,PM2.5,73497,73497,9.709673126538597,30.00512942783934,Q4 (9.7-30 ug/m3),4.083333333333333
1521.875,Death/delisted too sick,0.1502321954908609,Q4,Heart,PM2.5,73497,73497,9.709673126538597,30.00512942783934,Q4 (9.7-30 ug/m3),4.166666666666667
1521.875,Transplant,0.7809887231318329,Q4,Heart,PM2.5,73497,73497,9.709673126538597,30.00512942783934,Q4 (9.7-30 ug/m3),4.166666666666667
1552.3125,Death/delisted too sick,0.15077756238039283,Q4,Heart,PM2.5,73497,73497,9.709673126538597,30.00512942783934,Q4 (9.7-30 ug/m3),4.25
1552.3125,Transplant,0.7827707351878945,Q4,Heart,PM2.5,73497,73497,9.709673126538597,30.00512942783934,Q4 (9.7-30 ug/m3),4.25
1582.75,Death/delisted too sick,0.15164215181353422,Q4,Heart,PM2.5,73497,73497,9.709673126538597,30.00512942783934,Q4 (9.7-30 ug/m3),4.333333333333333
1582.75,Transplant,0.7834539301438985,Q4,Heart,PM2.5,73497,73497,9.709673126538597,30.00512942783934,Q4 (9.7-30 ug/m3),4.333333333333333
1613.1875,Death/delisted too sick,0.15190259583456944,Q4,Heart,PM2.5,73497,73497,9.709673126538597,30.00512942783934,Q4 (9.7-30 ug/m3),4.416666666666667
1613.1875,Transplant,0.7845966139502337,Q4,Heart,PM2.5,73497,73497,9.709673126538597,30.00512942783934,Q4 (9.7-30 ug/m3),4.416666666666667
1643.625,Death/delisted too sick,0.15204831199805874,Q4,Heart,PM2.5,73497,73497,9.709673126538597,30.00512942783934,Q4 (9.7-30 ug/m3),4.5
1643.625,Transplant,0.7854605194387819,Q4,Heart,PM2.5,73497,73497,9.709673126538597,30.00512942783934,Q4 (9.7-30 ug/m3),4.5
1674.0625,Death/delisted too sick,0.15308142598815563,Q4,Heart,PM2.5,73497,73497,9.709673126538597,30.00512942783934,Q4 (9.7-30 ug/m3),4.583333333333333
1674.0625,Transplant,0.7858407754793905,Q4,Heart,PM2.5,73497,73497,9.709673126538597,30.00512942783934,Q4 (9.7-30 ug/m3),4.583333333333333
1704.5,Death/delisted too sick,0.15388406022796275,Q4,Heart,PM2.5,73497,73497,9.709673126538597,30.00512942783934,Q4 (9.7-30 ug/m3),4.666666666666667
1704.5,Transplant,0.7861206117562684,Q4,Heart,PM2.5,73497,73497,9.709673126538597,30.00512942783934,Q4 (9.7-30 ug/m3),4.666666666666667
1734.9375,Death/delisted too sick,0.1542992422212535,Q4,Heart,PM2.5,73497,73497,9.709673126538597,30.00512942783934,Q4 (9.7-30 ug/m3),4.75
1734.9375,Transplant,0.7864013171269658,Q4,Heart,PM2.5,73497,73497,9.709673126538597,30.00512942783934,Q4 (9.7-30 ug/m3),4.75
1765.375,Death/delisted too sick,0.15515090804315387,Q4,Heart,PM2.5,73497,73497,9.709673126538597,30.00512942783934,Q4 (9.7-30 ug/m3),4.833333333333333
1765.375,Transplant,0.7872774727467101,Q4,Heart,PM2.5,73497,73497,9.709673126538597,30.00512942783934,Q4 (9.7-30 ug/m3),4.833333333333333
1795.8125,Death/delisted too sick,0.1553715303971727,Q4,Heart,PM2.5,73497,73497,9.709673126538597,30.00512942783934,Q4 (9.7-30 ug/m3),4.916666666666667
1795.8125,Transplant,0.788306987232721,Q4,Heart,PM2.5,73497,73497,9.709673126538597,30.00512942783934,Q4 (9.7-30 ug/m3),4.916666666666667
1826.25,Death/delisted too sick,0.15608511427837998,Q4,Heart,PM2.5,73497,73497,9.709673126538597,30.00512942783934,Q4 (9.7-30 ug/m3),5
1826.25,Transplant,0.788923005619729,Q4,Heart,PM2.5,73497,73497,9.709673126538597,30.00512942783934,Q4 (9.7-30 ug/m3),5
0,Death/delisted too sick,0,Q1,Kidney,PM2.5,79994,677201,2.744432108248679,7.23297257301135,Q1 (2.7-7.2 ug/m3),0
0,Transplant,0,Q1,Kidney,PM2.5,79994,677201,2.744432108248679,7.23297257301135,Q1 (2.7-7.2 ug/m3),0
30.4375,Death/delisted too sick,0.0026645525677802717,Q1,Kidney,PM2.5,79994,677201,2.744432108248679,7.23297257301135,Q1 (2.7-7.2 ug/m3),0.08333333333333333
30.4375,Transplant,0.018252005421837456,Q1,Kidney,PM2.5,79994,677201,2.744432108248679,7.23297257301135,Q1 (2.7-7.2 ug/m3),0.08333333333333333
60.875,Death/delisted too sick,0.004625759912575836,Q1,Kidney,PM2.5,79994,677201,2.744432108248679,7.23297257301135,Q1 (2.7-7.2 ug/m3),0.16666666666666666
60.875,Transplant,0.03160053994940356,Q1,Kidney,PM2.5,79994,677201,2.744432108248679,7.23297257301135,Q1 (2.7-7.2 ug/m3),0.16666666666666666
91.3125,Death/delisted too sick,0.0064719974749326906,Q1,Kidney,PM2.5,79994,677201,2.744432108248679,7.23297257301135,Q1 (2.7-7.2 ug/m3),0.25
91.3125,Transplant,0.04550189158431682,Q1,Kidney,PM2.5,79994,677201,2.744432108248679,7.23297257301135,Q1 (2.7-7.2 ug/m3),0.25
121.75,Death/delisted too sick,0.007851619411781762,Q1,Kidney,PM2.5,79994,677201,2.744432108248679,7.23297257301135,Q1 (2.7-7.2 ug/m3),0.3333333333333333
121.75,Transplant,0.05884671338955164,Q1,Kidney,PM2.5,79994,677201,2.744432108248679,7.23297257301135,Q1 (2.7-7.2 ug/m3),0.3333333333333333
152.1875,Death/delisted too sick,0.009576815664815967,Q1,Kidney,PM2.5,79994,677201,2.744432108248679,7.23297257301135,Q1 (2.7-7.2 ug/m3),0.4166666666666667
152.1875,Transplant,0.07260856563548115,Q1,Kidney,PM2.5,79994,677201,2.744432108248679,7.23297257301135,Q1 (2.7-7.2 ug/m3),0.4166666666666667
182.625,Death/delisted too sick,0.010975617852255728,Q1,Kidney,PM2.5,79994,677201,2.744432108248679,7.23297257301135,Q1 (2.7-7.2 ug/m3),0.5
182.625,Transplant,0.08498495322137418,Q1,Kidney,PM2.5,79994,677201,2.744432108248679,7.23297257301135,Q1 (2.7-7.2 ug/m3),0.5
213.0625,Death/delisted too sick,0.012480466257898015,Q1,Kidney,PM2.5,79994,677201,2.744432108248679,7.23297257301135,Q1 (2.7-7.2 ug/m3),0.5833333333333334
213.0625,Transplant,0.0982301405264103,Q1,Kidney,PM2.5,79994,677201,2.744432108248679,7.23297257301135,Q1 (2.7-7.2 ug/m3),0.5833333333333334
243.5,Death/delisted too sick,0.01408993285101755,Q1,Kidney,PM2.5,79994,677201,2.744432108248679,7.23297257301135,Q1 (2.7-7.2 ug/m3),0.6666666666666666
243.5,Transplant,0.10970587729124544,Q1,Kidney,PM2.5,79994,677201,2.744432108248679,7.23297257301135,Q1 (2.7-7.2 ug/m3),0.6666666666666666
273.9375,Death/delisted too sick,0.01584855665940564,Q1,Kidney,PM2.5,79994,677201,2.744432108248679,7.23297257301135,Q1 (2.7-7.2 ug/m3),0.75
273.9375,Transplant,0.12122021320253129,Q1,Kidney,PM2.5,79994,677201,2.744432108248679,7.23297257301135,Q1 (2.7-7.2 ug/m3),0.75
304.375,Death/delisted too sick,0.017655569545459476,Q1,Kidney,PM2.5,79994,677201,2.744432108248679,7.23297257301135,Q1 (2.7-7.2 ug/m3),0.8333333333333334
304.375,Transplant,0.13277983022445622,Q1,Kidney,PM2.5,79994,677201,2.744432108248679,7.23297257301135,Q1 (2.7-7.2 ug/m3),0.8333333333333334
334.8125,Death/delisted too sick,0.01955290172235293,Q1,Kidney,PM2.5,79994,677201,2.744432108248679,7.23297257301135,Q1 (2.7-7.2 ug/m3),0.9166666666666666
334.8125,Transplant,0.1441337388435654,Q1,Kidney,PM2.5,79994,677201,2.744432108248679,7.23297257301135,Q1 (2.7-7.2 ug/m3),0.9166666666666666
365.25,Death/delisted too sick,0.021473817022147543,Q1,Kidney,PM2.5,79994,677201,2.744432108248679,7.23297257301135,Q1 (2.7-7.2 ug/m3),1
365.25,Transplant,0.15448552986053504,Q1,Kidney,PM2.5,79994,677201,2.744432108248679,7.23297257301135,Q1 (2.7-7.2 ug/m3),1
395.6875,Death/delisted too sick,0.023314352828781224,Q1,Kidney,PM2.5,79994,677201,2.744432108248679,7.23297257301135,Q1 (2.7-7.2 ug/m3),1.0833333333333333
395.6875,Transplant,0.16624554600080269,Q1,Kidney,PM2.5,79994,677201,2.744432108248679,7.23297257301135,Q1 (2.7-7.2 ug/m3),1.0833333333333333
426.125,Death/delisted too sick,0.02553730473944587,Q1,Kidney,PM2.5,79994,677201,2.744432108248679,7.23297257301135,Q1 (2.7-7.2 ug/m3),1.1666666666666667
426.125,Transplant,0.17700261213934693,Q1,Kidney,PM2.5,79994,677201,2.744432108248679,7.23297257301135,Q1 (2.7-7.2 ug/m3),1.1666666666666667
456.5625,Death/delisted too sick,0.027583415853614866,Q1,Kidney,PM2.5,79994,677201,2.744432108248679,7.23297257301135,Q1 (2.7-7.2 ug/m3),1.25
456.5625,Transplant,0.18755111832186233,Q1,Kidney,PM2.5,79994,677201,2.744432108248679,7.23297257301135,Q1 (2.7-7.2 ug/m3),1.25
487,Death/delisted too sick,0.029493050886282287,Q1,Kidney,PM2.5,79994,677201,2.744432108248679,7.23297257301135,Q1 (2.7-7.2 ug/m3),1.3333333333333333
487,Transplant,0.19696592927514392,Q1,Kidney,PM2.5,79994,677201,2.744432108248679,7.23297257301135,Q1 (2.7-7.2 ug/m3),1.3333333333333333
517.4375,Death/delisted too sick,0.0316695771696348,Q1,Kidney,PM2.5,79994,677201,2.744432108248679,7.23297257301135,Q1 (2.7-7.2 ug/m3),1.4166666666666667
517.4375,Transplant,0.2071962365882924,Q1,Kidney,PM2.5,79994,677201,2.744432108248679,7.23297257301135,Q1 (2.7-7.2 ug/m3),1.4166666666666667
547.875,Death/delisted too sick,0.03348070418696687,Q1,Kidney,PM2.5,79994,677201,2.744432108248679,7.23297257301135,Q1 (2.7-7.2 ug/m3),1.5
547.875,Transplant,0.2172502998743768,Q1,Kidney,PM2.5,79994,677201,2.744432108248679,7.23297257301135,Q1 (2.7-7.2 ug/m3),1.5
578.3125,Death/delisted too sick,0.035747441843417715,Q1,Kidney,PM2.5,79994,677201,2.744432108248679,7.23297257301135,Q1 (2.7-7.2 ug/m3),1.5833333333333333
578.3125,Transplant,0.22579531293196825,Q1,Kidney,PM2.5,79994,677201,2.744432108248679,7.23297257301135,Q1 (2.7-7.2 ug/m3),1.5833333333333333
608.75,Death/delisted too sick,0.0380584426021828,Q1,Kidney,PM2.5,79994,677201,2.744432108248679,7.23297257301135,Q1 (2.7-7.2 ug/m3),1.6666666666666667
608.75,Transplant,0.2341759860193355,Q1,Kidney,PM2.5,79994,677201,2.744432108248679,7.23297257301135,Q1 (2.7-7.2 ug/m3),1.6666666666666667
639.1875,Death/delisted too sick,0.04036014355271668,Q1,Kidney,PM2.5,79994,677201,2.744432108248679,7.23297257301135,Q1 (2.7-7.2 ug/m3),1.75
639.1875,Transplant,0.24319664937743518,Q1,Kidney,PM2.5,79994,677201,2.744432108248679,7.23297257301135,Q1 (2.7-7.2 ug/m3),1.75
669.625,Death/delisted too sick,0.042923942066556864,Q1,Kidney,PM2.5,79994,677201,2.744432108248679,7.23297257301135,Q1 (2.7-7.2 ug/m3),1.8333333333333333
669.625,Transplant,0.25110724113667865,Q1,Kidney,PM2.5,79994,677201,2.744432108248679,7.23297257301135,Q1 (2.7-7.2 ug/m3),1.8333333333333333
700.0625,Death/delisted too sick,0.04520657631427416,Q1,Kidney,PM2.5,79994,677201,2.744432108248679,7.23297257301135,Q1 (2.7-7.2 ug/m3),1.9166666666666667
700.0625,Transplant,0.25953985100203225,Q1,Kidney,PM2.5,79994,677201,2.744432108248679,7.23297257301135,Q1 (2.7-7.2 ug/m3),1.9166666666666667
730.5,Death/delisted too sick,0.04732087421851972,Q1,Kidney,PM2.5,79994,677201,2.744432108248679,7.23297257301135,Q1 (2.7-7.2 ug/m3),2
730.5,Transplant,0.2668273789132292,Q1,Kidney,PM2.5,79994,677201,2.744432108248679,7.23297257301135,Q1 (2.7-7.2 ug/m3),2
760.9375,Death/delisted too sick,0.04944168944637969,Q1,Kidney,PM2.5,79994,677201,2.744432108248679,7.23297257301135,Q1 (2.7-7.2 ug/m3),2.0833333333333335
760.9375,Transplant,0.2753012566834107,Q1,Kidney,PM2.5,79994,677201,2.744432108248679,7.23297257301135,Q1 (2.7-7.2 ug/m3),2.0833333333333335
791.375,Death/delisted too sick,0.05184287612036974,Q1,Kidney,PM2.5,79994,677201,2.744432108248679,7.23297257301135,Q1 (2.7-7.2 ug/m3),2.1666666666666665
791.375,Transplant,0.2840456086522121,Q1,Kidney,PM2.5,79994,677201,2.744432108248679,7.23297257301135,Q1 (2.7-7.2 ug/m3),2.1666666666666665
821.8125,Death/delisted too sick,0.054438175662430845,Q1,Kidney,PM2.5,79994,677201,2.744432108248679,7.23297257301135,Q1 (2.7-7.2 ug/m3),2.25
821.8125,Transplant,0.29288864509701545,Q1,Kidney,PM2.5,79994,677201,2.744432108248679,7.23297257301135,Q1 (2.7-7.2 ug/m3),2.25
852.25,Death/delisted too sick,0.05696379463292357,Q1,Kidney,PM2.5,79994,677201,2.744432108248679,7.23297257301135,Q1 (2.7-7.2 ug/m3),2.3333333333333335
852.25,Transplant,0.30127755572131065,Q1,Kidney,PM2.5,79994,677201,2.744432108248679,7.23297257301135,Q1 (2.7-7.2 ug/m3),2.3333333333333335
882.6875,Death/delisted too sick,0.05970298032580936,Q1,Kidney,PM2.5,79994,677201,2.744432108248679,7.23297257301135,Q1 (2.7-7.2 ug/m3),2.4166666666666665
882.6875,Transplant,0.3092583013481318,Q1,Kidney,PM2.5,79994,677201,2.744432108248679,7.23297257301135,Q1 (2.7-7.2 ug/m3),2.4166666666666665
913.125,Death/delisted too sick,0.06246142806136974,Q1,Kidney,PM2.5,79994,677201,2.744432108248679,7.23297257301135,Q1 (2.7-7.2 ug/m3),2.5
913.125,Transplant,0.3170333098872172,Q1,Kidney,PM2.5,79994,677201,2.744432108248679,7.23297257301135,Q1 (2.7-7.2 ug/m3),2.5
943.5625,Death/delisted too sick,0.0651230728755776,Q1,Kidney,PM2.5,79994,677201,2.744432108248679,7.23297257301135,Q1 (2.7-7.2 ug/m3),2.5833333333333335
943.5625,Transplant,0.32414274421471906,Q1,Kidney,PM2.5,79994,677201,2.744432108248679,7.23297257301135,Q1 (2.7-7.2 ug/m3),2.5833333333333335
974,Death/delisted too sick,0.06771375493276804,Q1,Kidney,PM2.5,79994,677201,2.744432108248679,7.23297257301135,Q1 (2.7-7.2 ug/m3),2.6666666666666665
974,Transplant,0.33152259175772797,Q1,Kidney,PM2.5,79994,677201,2.744432108248679,7.23297257301135,Q1 (2.7-7.2 ug/m3),2.6666666666666665
1004.4375,Death/delisted too sick,0.0702223777779386,Q1,Kidney,PM2.5,79994,677201,2.744432108248679,7.23297257301135,Q1 (2.7-7.2 ug/m3),2.75
1004.4375,Transplant,0.33864624033096224,Q1,Kidney,PM2.5,79994,677201,2.744432108248679,7.23297257301135,Q1 (2.7-7.2 ug/m3),2.75
1034.875,Death/delisted too sick,0.07256413296418966,Q1,Kidney,PM2.5,79994,677201,2.744432108248679,7.23297257301135,Q1 (2.7-7.2 ug/m3),2.8333333333333335
1034.875,Transplant,0.3462415920856566,Q1,Kidney,PM2.5,79994,677201,2.744432108248679,7.23297257301135,Q1 (2.7-7.2 ug/m3),2.8333333333333335
1065.3125,Death/delisted too sick,0.07529836901803252,Q1,Kidney,PM2.5,79994,677201,2.744432108248679,7.23297257301135,Q1 (2.7-7.2 ug/m3),2.9166666666666665
1065.3125,Transplant,0.3538276976109222,Q1,Kidney,PM2.5,79994,677201,2.744432108248679,7.23297257301135,Q1 (2.7-7.2 ug/m3),2.9166666666666665
1095.75,Death/delisted too sick,0.07815532010139038,Q1,Kidney,PM2.5,79994,677201,2.744432108248679,7.23297257301135,Q1 (2.7-7.2 ug/m3),3
1095.75,Transplant,0.36121431265955367,Q1,Kidney,PM2.5,79994,677201,2.744432108248679,7.23297257301135,Q1 (2.7-7.2 ug/m3),3
1126.1875,Death/delisted too sick,0.08047072109079789,Q1,Kidney,PM2.5,79994,677201,2.744432108248679,7.23297257301135,Q1 (2.7-7.2 ug/m3),3.0833333333333335
1126.1875,Transplant,0.37015030261517523,Q1,Kidney,PM2.5,79994,677201,2.744432108248679,7.23297257301135,Q1 (2.7-7.2 ug/m3),3.0833333333333335
1156.625,Death/delisted too sick,0.08326451122728737,Q1,Kidney,PM2.5,79994,677201,2.744432108248679,7.23297257301135,Q1 (2.7-7.2 ug/m3),3.1666666666666665
1156.625,Transplant,0.37815367134367556,Q1,Kidney,PM2.5,79994,677201,2.744432108248679,7.23297257301135,Q1 (2.7-7.2 ug/m3),3.1666666666666665
1187.0625,Death/delisted too sick,0.08616787973818826,Q1,Kidney,PM2.5,79994,677201,2.744432108248679,7.23297257301135,Q1 (2.7-7.2 ug/m3),3.25
1187.0625,Transplant,0.3860948799309045,Q1,Kidney,PM2.5,79994,677201,2.744432108248679,7.23297257301135,Q1 (2.7-7.2 ug/m3),3.25
1217.5,Death/delisted too sick,0.08899334297903048,Q1,Kidney,PM2.5,79994,677201,2.744432108248679,7.23297257301135,Q1 (2.7-7.2 ug/m3),3.3333333333333335
1217.5,Transplant,0.3933823887380499,Q1,Kidney,PM2.5,79994,677201,2.744432108248679,7.23297257301135,Q1 (2.7-7.2 ug/m3),3.3333333333333335
1247.9375,Death/delisted too sick,0.09166095055693849,Q1,Kidney,PM2.5,79994,677201,2.744432108248679,7.23297257301135,Q1 (2.7-7.2 ug/m3),3.4166666666666665
1247.9375,Transplant,0.40038916835833466,Q1,Kidney,PM2.5,79994,677201,2.744432108248679,7.23297257301135,Q1 (2.7-7.2 ug/m3),3.4166666666666665
1278.375,Death/delisted too sick,0.0943891816993583,Q1,Kidney,PM2.5,79994,677201,2.744432108248679,7.23297257301135,Q1 (2.7-7.2 ug/m3),3.5
1278.375,Transplant,0.40790557532388716,Q1,Kidney,PM2.5,79994,677201,2.744432108248679,7.23297257301135,Q1 (2.7-7.2 ug/m3),3.5
1308.8125,Death/delisted too sick,0.09743141583034133,Q1,Kidney,PM2.5,79994,677201,2.744432108248679,7.23297257301135,Q1 (2.7-7.2 ug/m3),3.5833333333333335
1308.8125,Transplant,0.4150897281636404,Q1,Kidney,PM2.5,79994,677201,2.744432108248679,7.23297257301135,Q1 (2.7-7.2 ug/m3),3.5833333333333335
1339.25,Death/delisted too sick,0.10044424109561263,Q1,Kidney,PM2.5,79994,677201,2.744432108248679,7.23297257301135,Q1 (2.7-7.2 ug/m3),3.6666666666666665
1339.25,Transplant,0.4220550458942153,Q1,Kidney,PM2.5,79994,677201,2.744432108248679,7.23297257301135,Q1 (2.7-7.2 ug/m3),3.6666666666666665
1369.6875,Death/delisted too sick,0.10316062588526734,Q1,Kidney,PM2.5,79994,677201,2.744432108248679,7.23297257301135,Q1 (2.7-7.2 ug/m3),3.75
1369.6875,Transplant,0.4294713370406059,Q1,Kidney,PM2.5,79994,677201,2.744432108248679,7.23297257301135,Q1 (2.7-7.2 ug/m3),3.75
1400.125,Death/delisted too sick,0.10622069607181714,Q1,Kidney,PM2.5,79994,677201,2.744432108248679,7.23297257301135,Q1 (2.7-7.2 ug/m3),3.8333333333333335
1400.125,Transplant,0.4362002491036185,Q1,Kidney,PM2.5,79994,677201,2.744432108248679,7.23297257301135,Q1 (2.7-7.2 ug/m3),3.8333333333333335
1430.5625,Death/delisted too sick,0.10895198336566586,Q1,Kidney,PM2.5,79994,677201,2.744432108248679,7.23297257301135,Q1 (2.7-7.2 ug/m3),3.9166666666666665
1430.5625,Transplant,0.44287534456117733,Q1,Kidney,PM2.5,79994,677201,2.744432108248679,7.23297257301135,Q1 (2.7-7.2 ug/m3),3.9166666666666665
1461,Death/delisted too sick,0.11157102477474524,Q1,Kidney,PM2.5,79994,677201,2.744432108248679,7.23297257301135,Q1 (2.7-7.2 ug/m3),4
1461,Transplant,0.45021821536012324,Q1,Kidney,PM2.5,79994,677201,2.744432108248679,7.23297257301135,Q1 (2.7-7.2 ug/m3),4
1491.4375,Death/delisted too sick,0.11424584041280096,Q1,Kidney,PM2.5,79994,677201,2.744432108248679,7.23297257301135,Q1 (2.7-7.2 ug/m3),4.083333333333333
1491.4375,Transplant,0.45779907513258017,Q1,Kidney,PM2.5,79994,677201,2.744432108248679,7.23297257301135,Q1 (2.7-7.2 ug/m3),4.083333333333333
1521.875,Death/delisted too sick,0.1171366955110857,Q1,Kidney,PM2.5,79994,677201,2.744432108248679,7.23297257301135,Q1 (2.7-7.2 ug/m3),4.166666666666667
1521.875,Transplant,0.4646826624844552,Q1,Kidney,PM2.5,79994,677201,2.744432108248679,7.23297257301135,Q1 (2.7-7.2 ug/m3),4.166666666666667
1552.3125,Death/delisted too sick,0.12001982363232433,Q1,Kidney,PM2.5,79994,677201,2.744432108248679,7.23297257301135,Q1 (2.7-7.2 ug/m3),4.25
1552.3125,Transplant,0.47224472942366774,Q1,Kidney,PM2.5,79994,677201,2.744432108248679,7.23297257301135,Q1 (2.7-7.2 ug/m3),4.25
1582.75,Death/delisted too sick,0.12240508319367738,Q1,Kidney,PM2.5,79994,677201,2.744432108248679,7.23297257301135,Q1 (2.7-7.2 ug/m3),4.333333333333333
1582.75,Transplant,0.47883497188252994,Q1,Kidney,PM2.5,79994,677201,2.744432108248679,7.23297257301135,Q1 (2.7-7.2 ug/m3),4.333333333333333
1613.1875,Death/delisted too sick,0.12491571232470397,Q1,Kidney,PM2.5,79994,677201,2.744432108248679,7.23297257301135,Q1 (2.7-7.2 ug/m3),4.416666666666667
1613.1875,Transplant,0.4854264762407197,Q1,Kidney,PM2.5,79994,677201,2.744432108248679,7.23297257301135,Q1 (2.7-7.2 ug/m3),4.416666666666667
1643.625,Death/delisted too sick,0.12763583574637669,Q1,Kidney,PM2.5,79994,677201,2.744432108248679,7.23297257301135,Q1 (2.7-7.2 ug/m3),4.5
1643.625,Transplant,0.49174231687487446,Q1,Kidney,PM2.5,79994,677201,2.744432108248679,7.23297257301135,Q1 (2.7-7.2 ug/m3),4.5
1674.0625,Death/delisted too sick,0.12991195451270365,Q1,Kidney,PM2.5,79994,677201,2.744432108248679,7.23297257301135,Q1 (2.7-7.2 ug/m3),4.583333333333333
1674.0625,Transplant,0.4980362402417493,Q1,Kidney,PM2.5,79994,677201,2.744432108248679,7.23297257301135,Q1 (2.7-7.2 ug/m3),4.583333333333333
1704.5,Death/delisted too sick,0.13234578056246366,Q1,Kidney,PM2.5,79994,677201,2.744432108248679,7.23297257301135,Q1 (2.7-7.2 ug/m3),4.666666666666667
1704.5,Transplant,0.5043757538781107,Q1,Kidney,PM2.5,79994,677201,2.744432108248679,7.23297257301135,Q1 (2.7-7.2 ug/m3),4.666666666666667
1734.9375,Death/delisted too sick,0.13503059148681654,Q1,Kidney,PM2.5,79994,677201,2.744432108248679,7.23297257301135,Q1 (2.7-7.2 ug/m3),4.75
1734.9375,Transplant,0.510016628252587,Q1,Kidney,PM2.5,79994,677201,2.744432108248679,7.23297257301135,Q1 (2.7-7.2 ug/m3),4.75
1765.375,Death/delisted too sick,0.13730245736525737,Q1,Kidney,PM2.5,79994,677201,2.744432108248679,7.23297257301135,Q1 (2.7-7.2 ug/m3),4.833333333333333
1765.375,Transplant,0.5161970213780259,Q1,Kidney,PM2.5,79994,677201,2.744432108248679,7.23297257301135,Q1 (2.7-7.2 ug/m3),4.833333333333333
1795.8125,Death/delisted too sick,0.13988348379248655,Q1,Kidney,PM2.5,79994,677201,2.744432108248679,7.23297257301135,Q1 (2.7-7.2 ug/m3),4.916666666666667
1795.8125,Transplant,0.521663007621434,Q1,Kidney,PM2.5,79994,677201,2.744432108248679,7.23297257301135,Q1 (2.7-7.2 ug/m3),4.916666666666667
1826.25,Death/delisted too sick,0.14302482781829332,Q1,Kidney,PM2.5,79994,677201,2.744432108248679,7.23297257301135,Q1 (2.7-7.2 ug/m3),5
1826.25,Transplant,0.5273264753259432,Q1,Kidney,PM2.5,79994,677201,2.744432108248679,7.23297257301135,Q1 (2.7-7.2 ug/m3),5
0,Death/delisted too sick,0,Q2,Kidney,PM2.5,79994,677201,7.23297257301135,8.547339428505397,Q2 (7.2-8.5 ug/m3),0
0,Transplant,0,Q2,Kidney,PM2.5,79994,677201,7.23297257301135,8.547339428505397,Q2 (7.2-8.5 ug/m3),0
30.4375,Death/delisted too sick,0.0028371401441805956,Q2,Kidney,PM2.5,79994,677201,7.23297257301135,8.547339428505397,Q2 (7.2-8.5 ug/m3),0.08333333333333333
30.4375,Transplant,0.01958097409346303,Q2,Kidney,PM2.5,79994,677201,7.23297257301135,8.547339428505397,Q2 (7.2-8.5 ug/m3),0.08333333333333333
60.875,Death/delisted too sick,0.004881627423472249,Q2,Kidney,PM2.5,79994,677201,7.23297257301135,8.547339428505397,Q2 (7.2-8.5 ug/m3),0.16666666666666666
60.875,Transplant,0.033937813162352136,Q2,Kidney,PM2.5,79994,677201,7.23297257301135,8.547339428505397,Q2 (7.2-8.5 ug/m3),0.16666666666666666
91.3125,Death/delisted too sick,0.006522511366285449,Q2,Kidney,PM2.5,79994,677201,7.23297257301135,8.547339428505397,Q2 (7.2-8.5 ug/m3),0.25
91.3125,Transplant,0.049060896145912025,Q2,Kidney,PM2.5,79994,677201,7.23297257301135,8.547339428505397,Q2 (7.2-8.5 ug/m3),0.25
121.75,Death/delisted too sick,0.008070136146747769,Q2,Kidney,PM2.5,79994,677201,7.23297257301135,8.547339428505397,Q2 (7.2-8.5 ug/m3),0.3333333333333333
121.75,Transplant,0.06293720097167906,Q2,Kidney,PM2.5,79994,677201,7.23297257301135,8.547339428505397,Q2 (7.2-8.5 ug/m3),0.3333333333333333
152.1875,Death/delisted too sick,0.00970298677519001,Q2,Kidney,PM2.5,79994,677201,7.23297257301135,8.547339428505397,Q2 (7.2-8.5 ug/m3),0.4166666666666667
152.1875,Transplant,0.07636662558321872,Q2,Kidney,PM2.5,79994,677201,7.23297257301135,8.547339428505397,Q2 (7.2-8.5 ug/m3),0.4166666666666667
182.625,Death/delisted too sick,0.011294027188191143,Q2,Kidney,PM2.5,79994,677201,7.23297257301135,8.547339428505397,Q2 (7.2-8.5 ug/m3),0.5
182.625,Transplant,0.08921242168765765,Q2,Kidney,PM2.5,79994,677201,7.23297257301135,8.547339428505397,Q2 (7.2-8.5 ug/m3),0.5
213.0625,Death/delisted too sick,0.013187737670608036,Q2,Kidney,PM2.5,79994,677201,7.23297257301135,8.547339428505397,Q2 (7.2-8.5 ug/m3),0.5833333333333334
213.0625,Transplant,0.10193080628211007,Q2,Kidney,PM2.5,79994,677201,7.23297257301135,8.547339428505397,Q2 (7.2-8.5 ug/m3),0.5833333333333334
243.5,Death/delisted too sick,0.014777110048421938,Q2,Kidney,PM2.5,79994,677201,7.23297257301135,8.547339428505397,Q2 (7.2-8.5 ug/m3),0.6666666666666666
243.5,Transplant,0.11365197422970545,Q2,Kidney,PM2.5,79994,677201,7.23297257301135,8.547339428505397,Q2 (7.2-8.5 ug/m3),0.6666666666666666
273.9375,Death/delisted too sick,0.016947203731370448,Q2,Kidney,PM2.5,79994,677201,7.23297257301135,8.547339428505397,Q2 (7.2-8.5 ug/m3),0.75
273.9375,Transplant,0.12510738254429718,Q2,Kidney,PM2.5,79994,677201,7.23297257301135,8.547339428505397,Q2 (7.2-8.5 ug/m3),0.75
304.375,Death/delisted too sick,0.018759861744514526,Q2,Kidney,PM2.5,79994,677201,7.23297257301135,8.547339428505397,Q2 (7.2-8.5 ug/m3),0.8333333333333334
304.375,Transplant,0.13578457931645646,Q2,Kidney,PM2.5,79994,677201,7.23297257301135,8.547339428505397,Q2 (7.2-8.5 ug/m3),0.8333333333333334
334.8125,Death/delisted too sick,0.020635692288920954,Q2,Kidney,PM2.5,79994,677201,7.23297257301135,8.547339428505397,Q2 (7.2-8.5 ug/m3),0.9166666666666666
334.8125,Transplant,0.14633917414611125,Q2,Kidney,PM2.5,79994,677201,7.23297257301135,8.547339428505397,Q2 (7.2-8.5 ug/m3),0.9166666666666666
365.25,Death/delisted too sick,0.022893381112378392,Q2,Kidney,PM2.5,79994,677201,7.23297257301135,8.547339428505397,Q2 (7.2-8.5 ug/m3),1
365.25,Transplant,0.1574725528949137,Q2,Kidney,PM2.5,79994,677201,7.23297257301135,8.547339428505397,Q2 (7.2-8.5 ug/m3),1
395.6875,Death/delisted too sick,0.024989530328576884,Q2,Kidney,PM2.5,79994,677201,7.23297257301135,8.547339428505397,Q2 (7.2-8.5 ug/m3),1.0833333333333333
395.6875,Transplant,0.16793765475296618,Q2,Kidney,PM2.5,79994,677201,7.23297257301135,8.547339428505397,Q2 (7.2-8.5 ug/m3),1.0833333333333333
426.125,Death/delisted too sick,0.027252978838713016,Q2,Kidney,PM2.5,79994,677201,7.23297257301135,8.547339428505397,Q2 (7.2-8.5 ug/m3),1.1666666666666667
426.125,Transplant,0.17887655124736587,Q2,Kidney,PM2.5,79994,677201,7.23297257301135,8.547339428505397,Q2 (7.2-8.5 ug/m3),1.1666666666666667
456.5625,Death/delisted too sick,0.02920439318905452,Q2,Kidney,PM2.5,79994,677201,7.23297257301135,8.547339428505397,Q2 (7.2-8.5 ug/m3),1.25
456.5625,Transplant,0.18853516383707578,Q2,Kidney,PM2.5,79994,677201,7.23297257301135,8.547339428505397,Q2 (7.2-8.5 ug/m3),1.25
487,Death/delisted too sick,0.03143048554582084,Q2,Kidney,PM2.5,79994,677201,7.23297257301135,8.547339428505397,Q2 (7.2-8.5 ug/m3),1.3333333333333333
487,Transplant,0.19810297304120203,Q2,Kidney,PM2.5,79994,677201,7.23297257301135,8.547339428505397,Q2 (7.2-8.5 ug/m3),1.3333333333333333
517.4375,Death/delisted too sick,0.03374721912689522,Q2,Kidney,PM2.5,79994,677201,7.23297257301135,8.547339428505397,Q2 (7.2-8.5 ug/m3),1.4166666666666667
517.4375,Transplant,0.2072167934896956,Q2,Kidney,PM2.5,79994,677201,7.23297257301135,8.547339428505397,Q2 (7.2-8.5 ug/m3),1.4166666666666667
547.875,Death/delisted too sick,0.035850512122406794,Q2,Kidney,PM2.5,79994,677201,7.23297257301135,8.547339428505397,Q2 (7.2-8.5 ug/m3),1.5
547.875,Transplant,0.21609266408282787,Q2,Kidney,PM2.5,79994,677201,7.23297257301135,8.547339428505397,Q2 (7.2-8.5 ug/m3),1.5
578.3125,Death/delisted too sick,0.03813081854710471,Q2,Kidney,PM2.5,79994,677201,7.23297257301135,8.547339428505397,Q2 (7.2-8.5 ug/m3),1.5833333333333333
578.3125,Transplant,0.22477884858650576,Q2,Kidney,PM2.5,79994,677201,7.23297257301135,8.547339428505397,Q2 (7.2-8.5 ug/m3),1.5833333333333333
608.75,Death/delisted too sick,0.04040081062887326,Q2,Kidney,PM2.5,79994,677201,7.23297257301135,8.547339428505397,Q2 (7.2-8.5 ug/m3),1.6666666666666667
608.75,Transplant,0.23378381368050638,Q2,Kidney,PM2.5,79994,677201,7.23297257301135,8.547339428505397,Q2 (7.2-8.5 ug/m3),1.6666666666666667
639.1875,Death/delisted too sick,0.0428928112109191,Q2,Kidney,PM2.5,79994,677201,7.23297257301135,8.547339428505397,Q2 (7.2-8.5 ug/m3),1.75
639.1875,Transplant,0.2427944915359264,Q2,Kidney,PM2.5,79994,677201,7.23297257301135,8.547339428505397,Q2 (7.2-8.5 ug/m3),1.75
669.625,Death/delisted too sick,0.04524120691995243,Q2,Kidney,PM2.5,79994,677201,7.23297257301135,8.547339428505397,Q2 (7.2-8.5 ug/m3),1.8333333333333333
669.625,Transplant,0.2503909408537724,Q2,Kidney,PM2.5,79994,677201,7.23297257301135,8.547339428505397,Q2 (7.2-8.5 ug/m3),1.8333333333333333
700.0625,Death/delisted too sick,0.0477872839495494,Q2,Kidney,PM2.5,79994,677201,7.23297257301135,8.547339428505397,Q2 (7.2-8.5 ug/m3),1.9166666666666667
700.0625,Transplant,0.2585223478640015,Q2,Kidney,PM2.5,79994,677201,7.23297257301135,8.547339428505397,Q2 (7.2-8.5 ug/m3),1.9166666666666667
730.5,Death/delisted too sick,0.05029790026342195,Q2,Kidney,PM2.5,79994,677201,7.23297257301135,8.547339428505397,Q2 (7.2-8.5 ug/m3),2
730.5,Transplant,0.2664242668205166,Q2,Kidney,PM2.5,79994,677201,7.23297257301135,8.547339428505397,Q2 (7.2-8.5 ug/m3),2
760.9375,Death/delisted too sick,0.05302613188537142,Q2,Kidney,PM2.5,79994,677201,7.23297257301135,8.547339428505397,Q2 (7.2-8.5 ug/m3),2.0833333333333335
760.9375,Transplant,0.27498053504032816,Q2,Kidney,PM2.5,79994,677201,7.23297257301135,8.547339428505397,Q2 (7.2-8.5 ug/m3),2.0833333333333335
791.375,Death/delisted too sick,0.055583754406625094,Q2,Kidney,PM2.5,79994,677201,7.23297257301135,8.547339428505397,Q2 (7.2-8.5 ug/m3),2.1666666666666665
791.375,Transplant,0.2841083847761309,Q2,Kidney,PM2.5,79994,677201,7.23297257301135,8.547339428505397,Q2 (7.2-8.5 ug/m3),2.1666666666666665
821.8125,Death/delisted too sick,0.05796289105821792,Q2,Kidney,PM2.5,79994,677201,7.23297257301135,8.547339428505397,Q2 (7.2-8.5 ug/m3),2.25
821.8125,Transplant,0.29222463708745217,Q2,Kidney,PM2.5,79994,677201,7.23297257301135,8.547339428505397,Q2 (7.2-8.5 ug/m3),2.25
852.25,Death/delisted too sick,0.06064717542168596,Q2,Kidney,PM2.5,79994,677201,7.23297257301135,8.547339428505397,Q2 (7.2-8.5 ug/m3),2.3333333333333335
852.25,Transplant,0.30070997772848806,Q2,Kidney,PM2.5,79994,677201,7.23297257301135,8.547339428505397,Q2 (7.2-8.5 ug/m3),2.3333333333333335
882.6875,Death/delisted too sick,0.06347539453874512,Q2,Kidney,PM2.5,79994,677201,7.23297257301135,8.547339428505397,Q2 (7.2-8.5 ug/m3),2.4166666666666665
882.6875,Transplant,0.3086962196683437,Q2,Kidney,PM2.5,79994,677201,7.23297257301135,8.547339428505397,Q2 (7.2-8.5 ug/m3),2.4166666666666665
913.125,Death/delisted too sick,0.06619288729205926,Q2,Kidney,PM2.5,79994,677201,7.23297257301135,8.547339428505397,Q2 (7.2-8.5 ug/m3),2.5
913.125,Transplant,0.3166900587670627,Q2,Kidney,PM2.5,79994,677201,7.23297257301135,8.547339428505397,Q2 (7.2-8.5 ug/m3),2.5
943.5625,Death/delisted too sick,0.06944575788470624,Q2,Kidney,PM2.5,79994,677201,7.23297257301135,8.547339428505397,Q2 (7.2-8.5 ug/m3),2.5833333333333335
943.5625,Transplant,0.3235858165262115,Q2,Kidney,PM2.5,79994,677201,7.23297257301135,8.547339428505397,Q2 (7.2-8.5 ug/m3),2.5833333333333335
974,Death/delisted too sick,0.07221231332480661,Q2,Kidney,PM2.5,79994,677201,7.23297257301135,8.547339428505397,Q2 (7.2-8.5 ug/m3),2.6666666666666665
974,Transplant,0.3310685410521506,Q2,Kidney,PM2.5,79994,677201,7.23297257301135,8.547339428505397,Q2 (7.2-8.5 ug/m3),2.6666666666666665
1004.4375,Death/delisted too sick,0.07487822588669023,Q2,Kidney,PM2.5,79994,677201,7.23297257301135,8.547339428505397,Q2 (7.2-8.5 ug/m3),2.75
1004.4375,Transplant,0.33814118436760554,Q2,Kidney,PM2.5,79994,677201,7.23297257301135,8.547339428505397,Q2 (7.2-8.5 ug/m3),2.75
1034.875,Death/delisted too sick,0.07756661468632314,Q2,Kidney,PM2.5,79994,677201,7.23297257301135,8.547339428505397,Q2 (7.2-8.5 ug/m3),2.8333333333333335
1034.875,Transplant,0.34483659883380724,Q2,Kidney,PM2.5,79994,677201,7.23297257301135,8.547339428505397,Q2 (7.2-8.5 ug/m3),2.8333333333333335
1065.3125,Death/delisted too sick,0.08062864450774193,Q2,Kidney,PM2.5,79994,677201,7.23297257301135,8.547339428505397,Q2 (7.2-8.5 ug/m3),2.9166666666666665
1065.3125,Transplant,0.35199766126673426,Q2,Kidney,PM2.5,79994,677201,7.23297257301135,8.547339428505397,Q2 (7.2-8.5 ug/m3),2.9166666666666665
1095.75,Death/delisted too sick,0.0831836111518129,Q2,Kidney,PM2.5,79994,677201,7.23297257301135,8.547339428505397,Q2 (7.2-8.5 ug/m3),3
1095.75,Transplant,0.3588724868954363,Q2,Kidney,PM2.5,79994,677201,7.23297257301135,8.547339428505397,Q2 (7.2-8.5 ug/m3),3
1126.1875,Death/delisted too sick,0.08600151517849079,Q2,Kidney,PM2.5,79994,677201,7.23297257301135,8.547339428505397,Q2 (7.2-8.5 ug/m3),3.0833333333333335
1126.1875,Transplant,0.3668177275837216,Q2,Kidney,PM2.5,79994,677201,7.23297257301135,8.547339428505397,Q2 (7.2-8.5 ug/m3),3.0833333333333335
1156.625,Death/delisted too sick,0.08869016969618036,Q2,Kidney,PM2.5,79994,677201,7.23297257301135,8.547339428505397,Q2 (7.2-8.5 ug/m3),3.1666666666666665
1156.625,Transplant,0.3743054475596588,Q2,Kidney,PM2.5,79994,677201,7.23297257301135,8.547339428505397,Q2 (7.2-8.5 ug/m3),3.1666666666666665
1187.0625,Death/delisted too sick,0.09146034091430033,Q2,Kidney,PM2.5,79994,677201,7.23297257301135,8.547339428505397,Q2 (7.2-8.5 ug/m3),3.25
1187.0625,Transplant,0.38147458279170127,Q2,Kidney,PM2.5,79994,677201,7.23297257301135,8.547339428505397,Q2 (7.2-8.5 ug/m3),3.25
1217.5,Death/delisted too sick,0.09455501563941822,Q2,Kidney,PM2.5,79994,677201,7.23297257301135,8.547339428505397,Q2 (7.2-8.5 ug/m3),3.3333333333333335
1217.5,Transplant,0.3883797684714353,Q2,Kidney,PM2.5,79994,677201,7.23297257301135,8.547339428505397,Q2 (7.2-8.5 ug/m3),3.3333333333333335
1247.9375,Death/delisted too sick,0.09750864713913741,Q2,Kidney,PM2.5,79994,677201,7.23297257301135,8.547339428505397,Q2 (7.2-8.5 ug/m3),3.4166666666666665
1247.9375,Transplant,0.39475156636956255,Q2,Kidney,PM2.5,79994,677201,7.23297257301135,8.547339428505397,Q2 (7.2-8.5 ug/m3),3.4166666666666665
1278.375,Death/delisted too sick,0.10039806040610348,Q2,Kidney,PM2.5,79994,677201,7.23297257301135,8.547339428505397,Q2 (7.2-8.5 ug/m3),3.5
1278.375,Transplant,0.40163624234071665,Q2,Kidney,PM2.5,79994,677201,7.23297257301135,8.547339428505397,Q2 (7.2-8.5 ug/m3),3.5
1308.8125,Death/delisted too sick,0.1033240000363573,Q2,Kidney,PM2.5,79994,677201,7.23297257301135,8.547339428505397,Q2 (7.2-8.5 ug/m3),3.5833333333333335
1308.8125,Transplant,0.4083544779854883,Q2,Kidney,PM2.5,79994,677201,7.23297257301135,8.547339428505397,Q2 (7.2-8.5 ug/m3),3.5833333333333335
1339.25,Death/delisted too sick,0.10665616636849959,Q2,Kidney,PM2.5,79994,677201,7.23297257301135,8.547339428505397,Q2 (7.2-8.5 ug/m3),3.6666666666666665
1339.25,Transplant,0.41510305598241193,Q2,Kidney,PM2.5,79994,677201,7.23297257301135,8.547339428505397,Q2 (7.2-8.5 ug/m3),3.6666666666666665
1369.6875,Death/delisted too sick,0.10930862598188994,Q2,Kidney,PM2.5,79994,677201,7.23297257301135,8.547339428505397,Q2 (7.2-8.5 ug/m3),3.75
1369.6875,Transplant,0.42120479356902385,Q2,Kidney,PM2.5,79994,677201,7.23297257301135,8.547339428505397,Q2 (7.2-8.5 ug/m3),3.75
1400.125,Death/delisted too sick,0.11208477425800875,Q2,Kidney,PM2.5,79994,677201,7.23297257301135,8.547339428505397,Q2 (7.2-8.5 ug/m3),3.8333333333333335
1400.125,Transplant,0.42745770796523763,Q2,Kidney,PM2.5,79994,677201,7.23297257301135,8.547339428505397,Q2 (7.2-8.5 ug/m3),3.8333333333333335
1430.5625,Death/delisted too sick,0.1148051121528025,Q2,Kidney,PM2.5,79994,677201,7.23297257301135,8.547339428505397,Q2 (7.2-8.5 ug/m3),3.9166666666666665
1430.5625,Transplant,0.4330796343605103,Q2,Kidney,PM2.5,79994,677201,7.23297257301135,8.547339428505397,Q2 (7.2-8.5 ug/m3),3.9166666666666665
1461,Death/delisted too sick,0.11755404065602487,Q2,Kidney,PM2.5,79994,677201,7.23297257301135,8.547339428505397,Q2 (7.2-8.5 ug/m3),4
1461,Transplant,0.4392465123622375,Q2,Kidney,PM2.5,79994,677201,7.23297257301135,8.547339428505397,Q2 (7.2-8.5 ug/m3),4
1491.4375,Death/delisted too sick,0.12027546616151313,Q2,Kidney,PM2.5,79994,677201,7.23297257301135,8.547339428505397,Q2 (7.2-8.5 ug/m3),4.083333333333333
1491.4375,Transplant,0.4454341937008668,Q2,Kidney,PM2.5,79994,677201,7.23297257301135,8.547339428505397,Q2 (7.2-8.5 ug/m3),4.083333333333333
1521.875,Death/delisted too sick,0.12309754212196436,Q2,Kidney,PM2.5,79994,677201,7.23297257301135,8.547339428505397,Q2 (7.2-8.5 ug/m3),4.166666666666667
1521.875,Transplant,0.45150072110144207,Q2,Kidney,PM2.5,79994,677201,7.23297257301135,8.547339428505397,Q2 (7.2-8.5 ug/m3),4.166666666666667
1552.3125,Death/delisted too sick,0.12581911206800303,Q2,Kidney,PM2.5,79994,677201,7.23297257301135,8.547339428505397,Q2 (7.2-8.5 ug/m3),4.25
1552.3125,Transplant,0.45777283451552087,Q2,Kidney,PM2.5,79994,677201,7.23297257301135,8.547339428505397,Q2 (7.2-8.5 ug/m3),4.25
1582.75,Death/delisted too sick,0.12847383155007874,Q2,Kidney,PM2.5,79994,677201,7.23297257301135,8.547339428505397,Q2 (7.2-8.5 ug/m3),4.333333333333333
1582.75,Transplant,0.46408461567679066,Q2,Kidney,PM2.5,79994,677201,7.23297257301135,8.547339428505397,Q2 (7.2-8.5 ug/m3),4.333333333333333
1613.1875,Death/delisted too sick,0.13101797030141776,Q2,Kidney,PM2.5,79994,677201,7.23297257301135,8.547339428505397,Q2 (7.2-8.5 ug/m3),4.416666666666667
1613.1875,Transplant,0.47039309953593833,Q2,Kidney,PM2.5,79994,677201,7.23297257301135,8.547339428505397,Q2 (7.2-8.5 ug/m3),4.416666666666667
1643.625,Death/delisted too sick,0.1335566565899941,Q2,Kidney,PM2.5,79994,677201,7.23297257301135,8.547339428505397,Q2 (7.2-8.5 ug/m3),4.5
1643.625,Transplant,0.4764644668765027,Q2,Kidney,PM2.5,79994,677201,7.23297257301135,8.547339428505397,Q2 (7.2-8.5 ug/m3),4.5
1674.0625,Death/delisted too sick,0.1359779147315409,Q2,Kidney,PM2.5,79994,677201,7.23297257301135,8.547339428505397,Q2 (7.2-8.5 ug/m3),4.583333333333333
1674.0625,Transplant,0.48284362352078813,Q2,Kidney,PM2.5,79994,677201,7.23297257301135,8.547339428505397,Q2 (7.2-8.5 ug/m3),4.583333333333333
1704.5,Death/delisted too sick,0.13854857017281325,Q2,Kidney,PM2.5,79994,677201,7.23297257301135,8.547339428505397,Q2 (7.2-8.5 ug/m3),4.666666666666667
1704.5,Transplant,0.4883032331139272,Q2,Kidney,PM2.5,79994,677201,7.23297257301135,8.547339428505397,Q2 (7.2-8.5 ug/m3),4.666666666666667
1734.9375,Death/delisted too sick,0.140856935365531,Q2,Kidney,PM2.5,79994,677201,7.23297257301135,8.547339428505397,Q2 (7.2-8.5 ug/m3),4.75
1734.9375,Transplant,0.49386733210033373,Q2,Kidney,PM2.5,79994,677201,7.23297257301135,8.547339428505397,Q2 (7.2-8.5 ug/m3),4.75
1765.375,Death/delisted too sick,0.14323318590958373,Q2,Kidney,PM2.5,79994,677201,7.23297257301135,8.547339428505397,Q2 (7.2-8.5 ug/m3),4.833333333333333
1765.375,Transplant,0.49936012935483465,Q2,Kidney,PM2.5,79994,677201,7.23297257301135,8.547339428505397,Q2 (7.2-8.5 ug/m3),4.833333333333333
1795.8125,Death/delisted too sick,0.146067333121847,Q2,Kidney,PM2.5,79994,677201,7.23297257301135,8.547339428505397,Q2 (7.2-8.5 ug/m3),4.916666666666667
1795.8125,Transplant,0.5046685863498983,Q2,Kidney,PM2.5,79994,677201,7.23297257301135,8.547339428505397,Q2 (7.2-8.5 ug/m3),4.916666666666667
1826.25,Death/delisted too sick,0.14841301838934925,Q2,Kidney,PM2.5,79994,677201,7.23297257301135,8.547339428505397,Q2 (7.2-8.5 ug/m3),5
1826.25,Transplant,0.5097283288424664,Q2,Kidney,PM2.5,79994,677201,7.23297257301135,8.547339428505397,Q2 (7.2-8.5 ug/m3),5
0,Death/delisted too sick,0,Q3,Kidney,PM2.5,79994,677201,8.547339428505397,10.189393538668531,Q3 (8.5-10.2 ug/m3),0
0,Transplant,0,Q3,Kidney,PM2.5,79994,677201,8.547339428505397,10.189393538668531,Q3 (8.5-10.2 ug/m3),0
30.4375,Death/delisted too sick,0.003636152889822589,Q3,Kidney,PM2.5,79994,677201,8.547339428505397,10.189393538668531,Q3 (8.5-10.2 ug/m3),0.08333333333333333
30.4375,Transplant,0.021578891639934598,Q3,Kidney,PM2.5,79994,677201,8.547339428505397,10.189393538668531,Q3 (8.5-10.2 ug/m3),0.08333333333333333
60.875,Death/delisted too sick,0.005828143465597723,Q3,Kidney,PM2.5,79994,677201,8.547339428505397,10.189393538668531,Q3 (8.5-10.2 ug/m3),0.16666666666666666
60.875,Transplant,0.036423054532357224,Q3,Kidney,PM2.5,79994,677201,8.547339428505397,10.189393538668531,Q3 (8.5-10.2 ug/m3),0.16666666666666666
91.3125,Death/delisted too sick,0.0077684154440300366,Q3,Kidney,PM2.5,79994,677201,8.547339428505397,10.189393538668531,Q3 (8.5-10.2 ug/m3),0.25
91.3125,Transplant,0.05257694757853853,Q3,Kidney,PM2.5,79994,677201,8.547339428505397,10.189393538668531,Q3 (8.5-10.2 ug/m3),0.25
121.75,Death/delisted too sick,0.009662142642785258,Q3,Kidney,PM2.5,79994,677201,8.547339428505397,10.189393538668531,Q3 (8.5-10.2 ug/m3),0.3333333333333333
121.75,Transplant,0.06672004597763867,Q3,Kidney,PM2.5,79994,677201,8.547339428505397,10.189393538668531,Q3 (8.5-10.2 ug/m3),0.3333333333333333
152.1875,Death/delisted too sick,0.011488548160836729,Q3,Kidney,PM2.5,79994,677201,8.547339428505397,10.189393538668531,Q3 (8.5-10.2 ug/m3),0.4166666666666667
152.1875,Transplant,0.08027714837039085,Q3,Kidney,PM2.5,79994,677201,8.547339428505397,10.189393538668531,Q3 (8.5-10.2 ug/m3),0.4166666666666667
182.625,Death/delisted too sick,0.01318184233451578,Q3,Kidney,PM2.5,79994,677201,8.547339428505397,10.189393538668531,Q3 (8.5-10.2 ug/m3),0.5
182.625,Transplant,0.09344664699512469,Q3,Kidney,PM2.5,79994,677201,8.547339428505397,10.189393538668531,Q3 (8.5-10.2 ug/m3),0.5
213.0625,Death/delisted too sick,0.015256123542687535,Q3,Kidney,PM2.5,79994,677201,8.547339428505397,10.189393538668531,Q3 (8.5-10.2 ug/m3),0.5833333333333334
213.0625,Transplant,0.10542925913954325,Q3,Kidney,PM2.5,79994,677201,8.547339428505397,10.189393538668531,Q3 (8.5-10.2 ug/m3),0.5833333333333334
243.5,Death/delisted too sick,0.016893404831768155,Q3,Kidney,PM2.5,79994,677201,8.547339428505397,10.189393538668531,Q3 (8.5-10.2 ug/m3),0.6666666666666666
243.5,Transplant,0.11727833541599485,Q3,Kidney,PM2.5,79994,677201,8.547339428505397,10.189393538668531,Q3 (8.5-10.2 ug/m3),0.6666666666666666
273.9375,Death/delisted too sick,0.01891066942384302,Q3,Kidney,PM2.5,79994,677201,8.547339428505397,10.189393538668531,Q3 (8.5-10.2 ug/m3),0.75
273.9375,Transplant,0.1281523686392533,Q3,Kidney,PM2.5,79994,677201,8.547339428505397,10.189393538668531,Q3 (8.5-10.2 ug/m3),0.75
304.375,Death/delisted too sick,0.02082662431422063,Q3,Kidney,PM2.5,79994,677201,8.547339428505397,10.189393538668531,Q3 (8.5-10.2 ug/m3),0.8333333333333334
304.375,Transplant,0.13878976208151936,Q3,Kidney,PM2.5,79994,677201,8.547339428505397,10.189393538668531,Q3 (8.5-10.2 ug/m3),0.8333333333333334
334.8125,Death/delisted too sick,0.022827733078504553,Q3,Kidney,PM2.5,79994,677201,8.547339428505397,10.189393538668531,Q3 (8.5-10.2 ug/m3),0.9166666666666666
334.8125,Transplant,0.1483500037319854,Q3,Kidney,PM2.5,79994,677201,8.547339428505397,10.189393538668531,Q3 (8.5-10.2 ug/m3),0.9166666666666666
365.25,Death/delisted too sick,0.024954956261298726,Q3,Kidney,PM2.5,79994,677201,8.547339428505397,10.189393538668531,Q3 (8.5-10.2 ug/m3),1
365.25,Transplant,0.15876881071919446,Q3,Kidney,PM2.5,79994,677201,8.547339428505397,10.189393538668531,Q3 (8.5-10.2 ug/m3),1
395.6875,Death/delisted too sick,0.027088199041020243,Q3,Kidney,PM2.5,79994,677201,8.547339428505397,10.189393538668531,Q3 (8.5-10.2 ug/m3),1.0833333333333333
395.6875,Transplant,0.16921485266396497,Q3,Kidney,PM2.5,79994,677201,8.547339428505397,10.189393538668531,Q3 (8.5-10.2 ug/m3),1.0833333333333333
426.125,Death/delisted too sick,0.02907164588460884,Q3,Kidney,PM2.5,79994,677201,8.547339428505397,10.189393538668531,Q3 (8.5-10.2 ug/m3),1.1666666666666667
426.125,Transplant,0.17933121559597293,Q3,Kidney,PM2.5,79994,677201,8.547339428505397,10.189393538668531,Q3 (8.5-10.2 ug/m3),1.1666666666666667
456.5625,Death/delisted too sick,0.030952138183983985,Q3,Kidney,PM2.5,79994,677201,8.547339428505397,10.189393538668531,Q3 (8.5-10.2 ug/m3),1.25
456.5625,Transplant,0.1888695145761505,Q3,Kidney,PM2.5,79994,677201,8.547339428505397,10.189393538668531,Q3 (8.5-10.2 ug/m3),1.25
487,Death/delisted too sick,0.03282862474393561,Q3,Kidney,PM2.5,79994,677201,8.547339428505397,10.189393538668531,Q3 (8.5-10.2 ug/m3),1.3333333333333333
487,Transplant,0.1979895570209417,Q3,Kidney,PM2.5,79994,677201,8.547339428505397,10.189393538668531,Q3 (8.5-10.2 ug/m3),1.3333333333333333
517.4375,Death/delisted too sick,0.035184809024877785,Q3,Kidney,PM2.5,79994,677201,8.547339428505397,10.189393538668531,Q3 (8.5-10.2 ug/m3),1.4166666666666667
517.4375,Transplant,0.20671032665117373,Q3,Kidney,PM2.5,79994,677201,8.547339428505397,10.189393538668531,Q3 (8.5-10.2 ug/m3),1.4166666666666667
547.875,Death/delisted too sick,0.03727719120337173,Q3,Kidney,PM2.5,79994,677201,8.547339428505397,10.189393538668531,Q3 (8.5-10.2 ug/m3),1.5
547.875,Transplant,0.2152954794827217,Q3,Kidney,PM2.5,79994,677201,8.547339428505397,10.189393538668531,Q3 (8.5-10.2 ug/m3),1.5
578.3125,Death/delisted too sick,0.03952392973092913,Q3,Kidney,PM2.5,79994,677201,8.547339428505397,10.189393538668531,Q3 (8.5-10.2 ug/m3),1.5833333333333333
578.3125,Transplant,0.22351264462509562,Q3,Kidney,PM2.5,79994,677201,8.547339428505397,10.189393538668531,Q3 (8.5-10.2 ug/m3),1.5833333333333333
608.75,Death/delisted too sick,0.04191655626801812,Q3,Kidney,PM2.5,79994,677201,8.547339428505397,10.189393538668531,Q3 (8.5-10.2 ug/m3),1.6666666666666667
608.75,Transplant,0.2324763626552528,Q3,Kidney,PM2.5,79994,677201,8.547339428505397,10.189393538668531,Q3 (8.5-10.2 ug/m3),1.6666666666666667
639.1875,Death/delisted too sick,0.0444151542086805,Q3,Kidney,PM2.5,79994,677201,8.547339428505397,10.189393538668531,Q3 (8.5-10.2 ug/m3),1.75
639.1875,Transplant,0.2403811488407728,Q3,Kidney,PM2.5,79994,677201,8.547339428505397,10.189393538668531,Q3 (8.5-10.2 ug/m3),1.75
669.625,Death/delisted too sick,0.046652737676202385,Q3,Kidney,PM2.5,79994,677201,8.547339428505397,10.189393538668531,Q3 (8.5-10.2 ug/m3),1.8333333333333333
669.625,Transplant,0.24855367837089112,Q3,Kidney,PM2.5,79994,677201,8.547339428505397,10.189393538668531,Q3 (8.5-10.2 ug/m3),1.8333333333333333
700.0625,Death/delisted too sick,0.04921782722232225,Q3,Kidney,PM2.5,79994,677201,8.547339428505397,10.189393538668531,Q3 (8.5-10.2 ug/m3),1.9166666666666667
700.0625,Transplant,0.25666497012212325,Q3,Kidney,PM2.5,79994,677201,8.547339428505397,10.189393538668531,Q3 (8.5-10.2 ug/m3),1.9166666666666667
730.5,Death/delisted too sick,0.052249171568311326,Q3,Kidney,PM2.5,79994,677201,8.547339428505397,10.189393538668531,Q3 (8.5-10.2 ug/m3),2
730.5,Transplant,0.26439711319702247,Q3,Kidney,PM2.5,79994,677201,8.547339428505397,10.189393538668531,Q3 (8.5-10.2 ug/m3),2
760.9375,Death/delisted too sick,0.054845699474244565,Q3,Kidney,PM2.5,79994,677201,8.547339428505397,10.189393538668531,Q3 (8.5-10.2 ug/m3),2.0833333333333335
760.9375,Transplant,0.2729254842193093,Q3,Kidney,PM2.5,79994,677201,8.547339428505397,10.189393538668531,Q3 (8.5-10.2 ug/m3),2.0833333333333335
791.375,Death/delisted too sick,0.0577042299844468,Q3,Kidney,PM2.5,79994,677201,8.547339428505397,10.189393538668531,Q3 (8.5-10.2 ug/m3),2.1666666666666665
791.375,Transplant,0.28207712728529943,Q3,Kidney,PM2.5,79994,677201,8.547339428505397,10.189393538668531,Q3 (8.5-10.2 ug/m3),2.1666666666666665
821.8125,Death/delisted too sick,0.06061047499761797,Q3,Kidney,PM2.5,79994,677201,8.547339428505397,10.189393538668531,Q3 (8.5-10.2 ug/m3),2.25
821.8125,Transplant,0.28992264557832526,Q3,Kidney,PM2.5,79994,677201,8.547339428505397,10.189393538668531,Q3 (8.5-10.2 ug/m3),2.25
852.25,Death/delisted too sick,0.06333560469065222,Q3,Kidney,PM2.5,79994,677201,8.547339428505397,10.189393538668531,Q3 (8.5-10.2 ug/m3),2.3333333333333335
852.25,Transplant,0.2971036572306454,Q3,Kidney,PM2.5,79994,677201,8.547339428505397,10.189393538668531,Q3 (8.5-10.2 ug/m3),2.3333333333333335
882.6875,Death/delisted too sick,0.06633970252727014,Q3,Kidney,PM2.5,79994,677201,8.547339428505397,10.189393538668531,Q3 (8.5-10.2 ug/m3),2.4166666666666665
882.6875,Transplant,0.304476422109852,Q3,Kidney,PM2.5,79994,677201,8.547339428505397,10.189393538668531,Q3 (8.5-10.2 ug/m3),2.4166666666666665
913.125,Death/delisted too sick,0.06930208501551285,Q3,Kidney,PM2.5,79994,677201,8.547339428505397,10.189393538668531,Q3 (8.5-10.2 ug/m3),2.5
913.125,Transplant,0.3121846924241882,Q3,Kidney,PM2.5,79994,677201,8.547339428505397,10.189393538668531,Q3 (8.5-10.2 ug/m3),2.5
943.5625,Death/delisted too sick,0.07188326251595778,Q3,Kidney,PM2.5,79994,677201,8.547339428505397,10.189393538668531,Q3 (8.5-10.2 ug/m3),2.5833333333333335
943.5625,Transplant,0.31902311640970715,Q3,Kidney,PM2.5,79994,677201,8.547339428505397,10.189393538668531,Q3 (8.5-10.2 ug/m3),2.5833333333333335
974,Death/delisted too sick,0.07493912168964699,Q3,Kidney,PM2.5,79994,677201,8.547339428505397,10.189393538668531,Q3 (8.5-10.2 ug/m3),2.6666666666666665
974,Transplant,0.3264038546327844,Q3,Kidney,PM2.5,79994,677201,8.547339428505397,10.189393538668531,Q3 (8.5-10.2 ug/m3),2.6666666666666665
1004.4375,Death/delisted too sick,0.07768111385211815,Q3,Kidney,PM2.5,79994,677201,8.547339428505397,10.189393538668531,Q3 (8.5-10.2 ug/m3),2.75
1004.4375,Transplant,0.333587265252556,Q3,Kidney,PM2.5,79994,677201,8.547339428505397,10.189393538668531,Q3 (8.5-10.2 ug/m3),2.75
1034.875,Death/delisted too sick,0.08085850920799141,Q3,Kidney,PM2.5,79994,677201,8.547339428505397,10.189393538668531,Q3 (8.5-10.2 ug/m3),2.8333333333333335
1034.875,Transplant,0.3405028515500957,Q3,Kidney,PM2.5,79994,677201,8.547339428505397,10.189393538668531,Q3 (8.5-10.2 ug/m3),2.8333333333333335
1065.3125,Death/delisted too sick,0.08362112616207362,Q3,Kidney,PM2.5,79994,677201,8.547339428505397,10.189393538668531,Q3 (8.5-10.2 ug/m3),2.9166666666666665
1065.3125,Transplant,0.3472795542293152,Q3,Kidney,PM2.5,79994,677201,8.547339428505397,10.189393538668531,Q3 (8.5-10.2 ug/m3),2.9166666666666665
1095.75,Death/delisted too sick,0.08660316972460093,Q3,Kidney,PM2.5,79994,677201,8.547339428505397,10.189393538668531,Q3 (8.5-10.2 ug/m3),3
1095.75,Transplant,0.35356999284358226,Q3,Kidney,PM2.5,79994,677201,8.547339428505397,10.189393538668531,Q3 (8.5-10.2 ug/m3),3
1126.1875,Death/delisted too sick,0.08969878977860923,Q3,Kidney,PM2.5,79994,677201,8.547339428505397,10.189393538668531,Q3 (8.5-10.2 ug/m3),3.0833333333333335
1126.1875,Transplant,0.3607827203269122,Q3,Kidney,PM2.5,79994,677201,8.547339428505397,10.189393538668531,Q3 (8.5-10.2 ug/m3),3.0833333333333335
1156.625,Death/delisted too sick,0.09263777207787814,Q3,Kidney,PM2.5,79994,677201,8.547339428505397,10.189393538668531,Q3 (8.5-10.2 ug/m3),3.1666666666666665
1156.625,Transplant,0.3674699398289099,Q3,Kidney,PM2.5,79994,677201,8.547339428505397,10.189393538668531,Q3 (8.5-10.2 ug/m3),3.1666666666666665
1187.0625,Death/delisted too sick,0.09570618000337283,Q3,Kidney,PM2.5,79994,677201,8.547339428505397,10.189393538668531,Q3 (8.5-10.2 ug/m3),3.25
1187.0625,Transplant,0.3738026756553687,Q3,Kidney,PM2.5,79994,677201,8.547339428505397,10.189393538668531,Q3 (8.5-10.2 ug/m3),3.25
1217.5,Death/delisted too sick,0.09841509280201916,Q3,Kidney,PM2.5,79994,677201,8.547339428505397,10.189393538668531,Q3 (8.5-10.2 ug/m3),3.3333333333333335
1217.5,Transplant,0.37979290403822524,Q3,Kidney,PM2.5,79994,677201,8.547339428505397,10.189393538668531,Q3 (8.5-10.2 ug/m3),3.3333333333333335
1247.9375,Death/delisted too sick,0.10149388470925803,Q3,Kidney,PM2.5,79994,677201,8.547339428505397,10.189393538668531,Q3 (8.5-10.2 ug/m3),3.4166666666666665
1247.9375,Transplant,0.38596923974995295,Q3,Kidney,PM2.5,79994,677201,8.547339428505397,10.189393538668531,Q3 (8.5-10.2 ug/m3),3.4166666666666665
1278.375,Death/delisted too sick,0.1042645705415755,Q3,Kidney,PM2.5,79994,677201,8.547339428505397,10.189393538668531,Q3 (8.5-10.2 ug/m3),3.5
1278.375,Transplant,0.3919248337020153,Q3,Kidney,PM2.5,79994,677201,8.547339428505397,10.189393538668531,Q3 (8.5-10.2 ug/m3),3.5
1308.8125,Death/delisted too sick,0.10701543679930232,Q3,Kidney,PM2.5,79994,677201,8.547339428505397,10.189393538668531,Q3 (8.5-10.2 ug/m3),3.5833333333333335
1308.8125,Transplant,0.3972983621758889,Q3,Kidney,PM2.5,79994,677201,8.547339428505397,10.189393538668531,Q3 (8.5-10.2 ug/m3),3.5833333333333335
1339.25,Death/delisted too sick,0.10999178940673403,Q3,Kidney,PM2.5,79994,677201,8.547339428505397,10.189393538668531,Q3 (8.5-10.2 ug/m3),3.6666666666666665
1339.25,Transplant,0.4036104608809454,Q3,Kidney,PM2.5,79994,677201,8.547339428505397,10.189393538668531,Q3 (8.5-10.2 ug/m3),3.6666666666666665
1369.6875,Death/delisted too sick,0.11254955396231194,Q3,Kidney,PM2.5,79994,677201,8.547339428505397,10.189393538668531,Q3 (8.5-10.2 ug/m3),3.75
1369.6875,Transplant,0.40904196307951585,Q3,Kidney,PM2.5,79994,677201,8.547339428505397,10.189393538668531,Q3 (8.5-10.2 ug/m3),3.75
1400.125,Death/delisted too sick,0.11578315956220252,Q3,Kidney,PM2.5,79994,677201,8.547339428505397,10.189393538668531,Q3 (8.5-10.2 ug/m3),3.8333333333333335
1400.125,Transplant,0.4149198801719881,Q3,Kidney,PM2.5,79994,677201,8.547339428505397,10.189393538668531,Q3 (8.5-10.2 ug/m3),3.8333333333333335
1430.5625,Death/delisted too sick,0.11833702490860566,Q3,Kidney,PM2.5,79994,677201,8.547339428505397,10.189393538668531,Q3 (8.5-10.2 ug/m3),3.9166666666666665
1430.5625,Transplant,0.4204453189245919,Q3,Kidney,PM2.5,79994,677201,8.547339428505397,10.189393538668531,Q3 (8.5-10.2 ug/m3),3.9166666666666665
1461,Death/delisted too sick,0.12135455060404646,Q3,Kidney,PM2.5,79994,677201,8.547339428505397,10.189393538668531,Q3 (8.5-10.2 ug/m3),4
1461,Transplant,0.42667952015390853,Q3,Kidney,PM2.5,79994,677201,8.547339428505397,10.189393538668531,Q3 (8.5-10.2 ug/m3),4
1491.4375,Death/delisted too sick,0.12399496958467197,Q3,Kidney,PM2.5,79994,677201,8.547339428505397,10.189393538668531,Q3 (8.5-10.2 ug/m3),4.083333333333333
1491.4375,Transplant,0.43304204351168124,Q3,Kidney,PM2.5,79994,677201,8.547339428505397,10.189393538668531,Q3 (8.5-10.2 ug/m3),4.083333333333333
1521.875,Death/delisted too sick,0.12688687409288574,Q3,Kidney,PM2.5,79994,677201,8.547339428505397,10.189393538668531,Q3 (8.5-10.2 ug/m3),4.166666666666667
1521.875,Transplant,0.43863509835694375,Q3,Kidney,PM2.5,79994,677201,8.547339428505397,10.189393538668531,Q3 (8.5-10.2 ug/m3),4.166666666666667
1552.3125,Death/delisted too sick,0.12980959438187822,Q3,Kidney,PM2.5,79994,677201,8.547339428505397,10.189393538668531,Q3 (8.5-10.2 ug/m3),4.25
1552.3125,Transplant,0.44422847665893955,Q3,Kidney,PM2.5,79994,677201,8.547339428505397,10.189393538668531,Q3 (8.5-10.2 ug/m3),4.25
1582.75,Death/delisted too sick,0.13248536475704498,Q3,Kidney,PM2.5,79994,677201,8.547339428505397,10.189393538668531,Q3 (8.5-10.2 ug/m3),4.333333333333333
1582.75,Transplant,0.4494786787280624,Q3,Kidney,PM2.5,79994,677201,8.547339428505397,10.189393538668531,Q3 (8.5-10.2 ug/m3),4.333333333333333
1613.1875,Death/delisted too sick,0.1352458875903917,Q3,Kidney,PM2.5,79994,677201,8.547339428505397,10.189393538668531,Q3 (8.5-10.2 ug/m3),4.416666666666667
1613.1875,Transplant,0.4550270571826972,Q3,Kidney,PM2.5,79994,677201,8.547339428505397,10.189393538668531,Q3 (8.5-10.2 ug/m3),4.416666666666667
1643.625,Death/delisted too sick,0.13782246369813347,Q3,Kidney,PM2.5,79994,677201,8.547339428505397,10.189393538668531,Q3 (8.5-10.2 ug/m3),4.5
1643.625,Transplant,0.4601558860443872,Q3,Kidney,PM2.5,79994,677201,8.547339428505397,10.189393538668531,Q3 (8.5-10.2 ug/m3),4.5
1674.0625,Death/delisted too sick,0.14071319787405104,Q3,Kidney,PM2.5,79994,677201,8.547339428505397,10.189393538668531,Q3 (8.5-10.2 ug/m3),4.583333333333333
1674.0625,Transplant,0.4658775742701052,Q3,Kidney,PM2.5,79994,677201,8.547339428505397,10.189393538668531,Q3 (8.5-10.2 ug/m3),4.583333333333333
1704.5,Death/delisted too sick,0.14335318423915885,Q3,Kidney,PM2.5,79994,677201,8.547339428505397,10.189393538668531,Q3 (8.5-10.2 ug/m3),4.666666666666667
1704.5,Transplant,0.47078587920643433,Q3,Kidney,PM2.5,79994,677201,8.547339428505397,10.189393538668531,Q3 (8.5-10.2 ug/m3),4.666666666666667
1734.9375,Death/delisted too sick,0.14607550945288836,Q3,Kidney,PM2.5,79994,677201,8.547339428505397,10.189393538668531,Q3 (8.5-10.2 ug/m3),4.75
1734.9375,Transplant,0.4763276745627913,Q3,Kidney,PM2.5,79994,677201,8.547339428505397,10.189393538668531,Q3 (8.5-10.2 ug/m3),4.75
1765.375,Death/delisted too sick,0.14865972632389998,Q3,Kidney,PM2.5,79994,677201,8.547339428505397,10.189393538668531,Q3 (8.5-10.2 ug/m3),4.833333333333333
1765.375,Transplant,0.48185394011731963,Q3,Kidney,PM2.5,79994,677201,8.547339428505397,10.189393538668531,Q3 (8.5-10.2 ug/m3),4.833333333333333
1795.8125,Death/delisted too sick,0.15100910256568473,Q3,Kidney,PM2.5,79994,677201,8.547339428505397,10.189393538668531,Q3 (8.5-10.2 ug/m3),4.916666666666667
1795.8125,Transplant,0.48669741667121885,Q3,Kidney,PM2.5,79994,677201,8.547339428505397,10.189393538668531,Q3 (8.5-10.2 ug/m3),4.916666666666667
1826.25,Death/delisted too sick,0.1534571181940013,Q3,Kidney,PM2.5,79994,677201,8.547339428505397,10.189393538668531,Q3 (8.5-10.2 ug/m3),5
1826.25,Transplant,0.4922328691321681,Q3,Kidney,PM2.5,79994,677201,8.547339428505397,10.189393538668531,Q3 (8.5-10.2 ug/m3),5
0,Death/delisted too sick,0,Q4,Kidney,PM2.5,79994,677201,10.189393538668531,41.53357354526488,Q4 (10.2-41.5 ug/m3),0
0,Transplant,0,Q4,Kidney,PM2.5,79994,677201,10.189393538668531,41.53357354526488,Q4 (10.2-41.5 ug/m3),0
30.4375,Death/delisted too sick,0.00394538655574354,Q4,Kidney,PM2.5,79994,677201,10.189393538668531,41.53357354526488,Q4 (10.2-41.5 ug/m3),0.08333333333333333
30.4375,Transplant,0.02292692843035307,Q4,Kidney,PM2.5,79994,677201,10.189393538668531,41.53357354526488,Q4 (10.2-41.5 ug/m3),0.08333333333333333
60.875,Death/delisted too sick,0.006524089671868867,Q4,Kidney,PM2.5,79994,677201,10.189393538668531,41.53357354526488,Q4 (10.2-41.5 ug/m3),0.16666666666666666
60.875,Transplant,0.037490497086584584,Q4,Kidney,PM2.5,79994,677201,10.189393538668531,41.53357354526488,Q4 (10.2-41.5 ug/m3),0.16666666666666666
91.3125,Death/delisted too sick,0.008468389883605862,Q4,Kidney,PM2.5,79994,677201,10.189393538668531,41.53357354526488,Q4 (10.2-41.5 ug/m3),0.25
91.3125,Transplant,0.05164043705362014,Q4,Kidney,PM2.5,79994,677201,10.189393538668531,41.53357354526488,Q4 (10.2-41.5 ug/m3),0.25
121.75,Death/delisted too sick,0.010263929042172822,Q4,Kidney,PM2.5,79994,677201,10.189393538668531,41.53357354526488,Q4 (10.2-41.5 ug/m3),0.3333333333333333
121.75,Transplant,0.06434442510717284,Q4,Kidney,PM2.5,79994,677201,10.189393538668531,41.53357354526488,Q4 (10.2-41.5 ug/m3),0.3333333333333333
152.1875,Death/delisted too sick,0.012123009029082686,Q4,Kidney,PM2.5,79994,677201,10.189393538668531,41.53357354526488,Q4 (10.2-41.5 ug/m3),0.4166666666666667
152.1875,Transplant,0.0779382459503462,Q4,Kidney,PM2.5,79994,677201,10.189393538668531,41.53357354526488,Q4 (10.2-41.5 ug/m3),0.4166666666666667
182.625,Death/delisted too sick,0.013672548992115563,Q4,Kidney,PM2.5,79994,677201,10.189393538668531,41.53357354526488,Q4 (10.2-41.5 ug/m3),0.5
182.625,Transplant,0.08986178953941247,Q4,Kidney,PM2.5,79994,677201,10.189393538668531,41.53357354526488,Q4 (10.2-41.5 ug/m3),0.5
213.0625,Death/delisted too sick,0.015366816295538089,Q4,Kidney,PM2.5,79994,677201,10.189393538668531,41.53357354526488,Q4 (10.2-41.5 ug/m3),0.5833333333333334
213.0625,Transplant,0.10128055730173934,Q4,Kidney,PM2.5,79994,677201,10.189393538668531,41.53357354526488,Q4 (10.2-41.5 ug/m3),0.5833333333333334
243.5,Death/delisted too sick,0.017089026574873056,Q4,Kidney,PM2.5,79994,677201,10.189393538668531,41.53357354526488,Q4 (10.2-41.5 ug/m3),0.6666666666666666
243.5,Transplant,0.11208045600667987,Q4,Kidney,PM2.5,79994,677201,10.189393538668531,41.53357354526488,Q4 (10.2-41.5 ug/m3),0.6666666666666666
273.9375,Death/delisted too sick,0.01888941500567937,Q4,Kidney,PM2.5,79994,677201,10.189393538668531,41.53357354526488,Q4 (10.2-41.5 ug/m3),0.75
273.9375,Transplant,0.12315391061445359,Q4,Kidney,PM2.5,79994,677201,10.189393538668531,41.53357354526488,Q4 (10.2-41.5 ug/m3),0.75
304.375,Death/delisted too sick,0.02075399412138767,Q4,Kidney,PM2.5,79994,677201,10.189393538668531,41.53357354526488,Q4 (10.2-41.5 ug/m3),0.8333333333333334
304.375,Transplant,0.13234331767225818,Q4,Kidney,PM2.5,79994,677201,10.189393538668531,41.53357354526488,Q4 (10.2-41.5 ug/m3),0.8333333333333334
334.8125,Death/delisted too sick,0.022943606404329263,Q4,Kidney,PM2.5,79994,677201,10.189393538668531,41.53357354526488,Q4 (10.2-41.5 ug/m3),0.9166666666666666
334.8125,Transplant,0.14064925176348037,Q4,Kidney,PM2.5,79994,677201,10.189393538668531,41.53357354526488,Q4 (10.2-41.5 ug/m3),0.9166666666666666
365.25,Death/delisted too sick,0.025103992428252654,Q4,Kidney,PM2.5,79994,677201,10.189393538668531,41.53357354526488,Q4 (10.2-41.5 ug/m3),1
365.25,Transplant,0.14907534713711162,Q4,Kidney,PM2.5,79994,677201,10.189393538668531,41.53357354526488,Q4 (10.2-41.5 ug/m3),1
395.6875,Death/delisted too sick,0.027010883240276794,Q4,Kidney,PM2.5,79994,677201,10.189393538668531,41.53357354526488,Q4 (10.2-41.5 ug/m3),1.0833333333333333
395.6875,Transplant,0.15748232340709253,Q4,Kidney,PM2.5,79994,677201,10.189393538668531,41.53357354526488,Q4 (10.2-41.5 ug/m3),1.0833333333333333
426.125,Death/delisted too sick,0.029153289280595716,Q4,Kidney,PM2.5,79994,677201,10.189393538668531,41.53357354526488,Q4 (10.2-41.5 ug/m3),1.1666666666666667
426.125,Transplant,0.16700840047041657,Q4,Kidney,PM2.5,79994,677201,10.189393538668531,41.53357354526488,Q4 (10.2-41.5 ug/m3),1.1666666666666667
456.5625,Death/delisted too sick,0.03143808064117644,Q4,Kidney,PM2.5,79994,677201,10.189393538668531,41.53357354526488,Q4 (10.2-41.5 ug/m3),1.25
456.5625,Transplant,0.1751853178927352,Q4,Kidney,PM2.5,79994,677201,10.189393538668531,41.53357354526488,Q4 (10.2-41.5 ug/m3),1.25
487,Death/delisted too sick,0.03381111397799517,Q4,Kidney,PM2.5,79994,677201,10.189393538668531,41.53357354526488,Q4 (10.2-41.5 ug/m3),1.3333333333333333
487,Transplant,0.18345656014204748,Q4,Kidney,PM2.5,79994,677201,10.189393538668531,41.53357354526488,Q4 (10.2-41.5 ug/m3),1.3333333333333333
517.4375,Death/delisted too sick,0.036025273516359764,Q4,Kidney,PM2.5,79994,677201,10.189393538668531,41.53357354526488,Q4 (10.2-41.5 ug/m3),1.4166666666666667
517.4375,Transplant,0.1918863224840571,Q4,Kidney,PM2.5,79994,677201,10.189393538668531,41.53357354526488,Q4 (10.2-41.5 ug/m3),1.4166666666666667
547.875,Death/delisted too sick,0.038498653322969846,Q4,Kidney,PM2.5,79994,677201,10.189393538668531,41.53357354526488,Q4 (10.2-41.5 ug/m3),1.5
547.875,Transplant,0.19951737794051913,Q4,Kidney,PM2.5,79994,677201,10.189393538668531,41.53357354526488,Q4 (10.2-41.5 ug/m3),1.5
578.3125,Death/delisted too sick,0.04066447160246713,Q4,Kidney,PM2.5,79994,677201,10.189393538668531,41.53357354526488,Q4 (10.2-41.5 ug/m3),1.5833333333333333
578.3125,Transplant,0.20778194365677113,Q4,Kidney,PM2.5,79994,677201,10.189393538668531,41.53357354526488,Q4 (10.2-41.5 ug/m3),1.5833333333333333
608.75,Death/delisted too sick,0.04284807509698504,Q4,Kidney,PM2.5,79994,677201,10.189393538668531,41.53357354526488,Q4 (10.2-41.5 ug/m3),1.6666666666666667
608.75,Transplant,0.21490886085663907,Q4,Kidney,PM2.5,79994,677201,10.189393538668531,41.53357354526488,Q4 (10.2-41.5 ug/m3),1.6666666666666667
639.1875,Death/delisted too sick,0.04527625885183073,Q4,Kidney,PM2.5,79994,677201,10.189393538668531,41.53357354526488,Q4 (10.2-41.5 ug/m3),1.75
639.1875,Transplant,0.22221487339002224,Q4,Kidney,PM2.5,79994,677201,10.189393538668531,41.53357354526488,Q4 (10.2-41.5 ug/m3),1.75
669.625,Death/delisted too sick,0.04771192592202875,Q4,Kidney,PM2.5,79994,677201,10.189393538668531,41.53357354526488,Q4 (10.2-41.5 ug/m3),1.8333333333333333
669.625,Transplant,0.22872727674366056,Q4,Kidney,PM2.5,79994,677201,10.189393538668531,41.53357354526488,Q4 (10.2-41.5 ug/m3),1.8333333333333333
700.0625,Death/delisted too sick,0.0506177118390355,Q4,Kidney,PM2.5,79994,677201,10.189393538668531,41.53357354526488,Q4 (10.2-41.5 ug/m3),1.9166666666666667
700.0625,Transplant,0.23620182866871808,Q4,Kidney,PM2.5,79994,677201,10.189393538668531,41.53357354526488,Q4 (10.2-41.5 ug/m3),1.9166666666666667
730.5,Death/delisted too sick,0.05325076622763654,Q4,Kidney,PM2.5,79994,677201,10.189393538668531,41.53357354526488,Q4 (10.2-41.5 ug/m3),2
730.5,Transplant,0.2428748003123446,Q4,Kidney,PM2.5,79994,677201,10.189393538668531,41.53357354526488,Q4 (10.2-41.5 ug/m3),2
760.9375,Death/delisted too sick,0.05558577780399575,Q4,Kidney,PM2.5,79994,677201,10.189393538668531,41.53357354526488,Q4 (10.2-41.5 ug/m3),2.0833333333333335
760.9375,Transplant,0.2506711754806522,Q4,Kidney,PM2.5,79994,677201,10.189393538668531,41.53357354526488,Q4 (10.2-41.5 ug/m3),2.0833333333333335
791.375,Death/delisted too sick,0.05793992150128037,Q4,Kidney,PM2.5,79994,677201,10.189393538668531,41.53357354526488,Q4 (10.2-41.5 ug/m3),2.1666666666666665
791.375,Transplant,0.2582968881871872,Q4,Kidney,PM2.5,79994,677201,10.189393538668531,41.53357354526488,Q4 (10.2-41.5 ug/m3),2.1666666666666665
821.8125,Death/delisted too sick,0.06063304586021904,Q4,Kidney,PM2.5,79994,677201,10.189393538668531,41.53357354526488,Q4 (10.2-41.5 ug/m3),2.25
821.8125,Transplant,0.26537632918675597,Q4,Kidney,PM2.5,79994,677201,10.189393538668531,41.53357354526488,Q4 (10.2-41.5 ug/m3),2.25
852.25,Death/delisted too sick,0.06323671352841014,Q4,Kidney,PM2.5,79994,677201,10.189393538668531,41.53357354526488,Q4 (10.2-41.5 ug/m3),2.3333333333333335
852.25,Transplant,0.27283428581617014,Q4,Kidney,PM2.5,79994,677201,10.189393538668531,41.53357354526488,Q4 (10.2-41.5 ug/m3),2.3333333333333335
882.6875,Death/delisted too sick,0.0658655470957892,Q4,Kidney,PM2.5,79994,677201,10.189393538668531,41.53357354526488,Q4 (10.2-41.5 ug/m3),2.4166666666666665
882.6875,Transplant,0.2793610128491779,Q4,Kidney,PM2.5,79994,677201,10.189393538668531,41.53357354526488,Q4 (10.2-41.5 ug/m3),2.4166666666666665
913.125,Death/delisted too sick,0.0684245732228999,Q4,Kidney,PM2.5,79994,677201,10.189393538668531,41.53357354526488,Q4 (10.2-41.5 ug/m3),2.5
913.125,Transplant,0.2859345041705276,Q4,Kidney,PM2.5,79994,677201,10.189393538668531,41.53357354526488,Q4 (10.2-41.5 ug/m3),2.5
943.5625,Death/delisted too sick,0.0710245032513379,Q4,Kidney,PM2.5,79994,677201,10.189393538668531,41.53357354526488,Q4 (10.2-41.5 ug/m3),2.5833333333333335
943.5625,Transplant,0.2912976690598121,Q4,Kidney,PM2.5,79994,677201,10.189393538668531,41.53357354526488,Q4 (10.2-41.5 ug/m3),2.5833333333333335
974,Death/delisted too sick,0.07417100179215852,Q4,Kidney,PM2.5,79994,677201,10.189393538668531,41.53357354526488,Q4 (10.2-41.5 ug/m3),2.6666666666666665
974,Transplant,0.2978050505438058,Q4,Kidney,PM2.5,79994,677201,10.189393538668531,41.53357354526488,Q4 (10.2-41.5 ug/m3),2.6666666666666665
1004.4375,Death/delisted too sick,0.07681962288921884,Q4,Kidney,PM2.5,79994,677201,10.189393538668531,41.53357354526488,Q4 (10.2-41.5 ug/m3),2.75
1004.4375,Transplant,0.304563044330659,Q4,Kidney,PM2.5,79994,677201,10.189393538668531,41.53357354526488,Q4 (10.2-41.5 ug/m3),2.75
1034.875,Death/delisted too sick,0.07929301064548919,Q4,Kidney,PM2.5,79994,677201,10.189393538668531,41.53357354526488,Q4 (10.2-41.5 ug/m3),2.8333333333333335
1034.875,Transplant,0.31037050452755044,Q4,Kidney,PM2.5,79994,677201,10.189393538668531,41.53357354526488,Q4 (10.2-41.5 ug/m3),2.8333333333333335
1065.3125,Death/delisted too sick,0.0819869396708505,Q4,Kidney,PM2.5,79994,677201,10.189393538668531,41.53357354526488,Q4 (10.2-41.5 ug/m3),2.9166666666666665
1065.3125,Transplant,0.31626415591219387,Q4,Kidney,PM2.5,79994,677201,10.189393538668531,41.53357354526488,Q4 (10.2-41.5 ug/m3),2.9166666666666665
1095.75,Death/delisted too sick,0.08511085965385552,Q4,Kidney,PM2.5,79994,677201,10.189393538668531,41.53357354526488,Q4 (10.2-41.5 ug/m3),3
1095.75,Transplant,0.3214601042559519,Q4,Kidney,PM2.5,79994,677201,10.189393538668531,41.53357354526488,Q4 (10.2-41.5 ug/m3),3
1126.1875,Death/delisted too sick,0.08781107692322564,Q4,Kidney,PM2.5,79994,677201,10.189393538668531,41.53357354526488,Q4 (10.2-41.5 ug/m3),3.0833333333333335
1126.1875,Transplant,0.32810564619831234,Q4,Kidney,PM2.5,79994,677201,10.189393538668531,41.53357354526488,Q4 (10.2-41.5 ug/m3),3.0833333333333335
1156.625,Death/delisted too sick,0.09052661633155253,Q4,Kidney,PM2.5,79994,677201,10.189393538668531,41.53357354526488,Q4 (10.2-41.5 ug/m3),3.1666666666666665
1156.625,Transplant,0.3340118296107324,Q4,Kidney,PM2.5,79994,677201,10.189393538668531,41.53357354526488,Q4 (10.2-41.5 ug/m3),3.1666666666666665
1187.0625,Death/delisted too sick,0.0932243017802089,Q4,Kidney,PM2.5,79994,677201,10.189393538668531,41.53357354526488,Q4 (10.2-41.5 ug/m3),3.25
1187.0625,Transplant,0.340060296895468,Q4,Kidney,PM2.5,79994,677201,10.189393538668531,41.53357354526488,Q4 (10.2-41.5 ug/m3),3.25
1217.5,Death/delisted too sick,0.09611091463907498,Q4,Kidney,PM2.5,79994,677201,10.189393538668531,41.53357354526488,Q4 (10.2-41.5 ug/m3),3.3333333333333335
1217.5,Transplant,0.3453610113472234,Q4,Kidney,PM2.5,79994,677201,10.189393538668531,41.53357354526488,Q4 (10.2-41.5 ug/m3),3.3333333333333335
1247.9375,Death/delisted too sick,0.09865032675492677,Q4,Kidney,PM2.5,79994,677201,10.189393538668531,41.53357354526488,Q4 (10.2-41.5 ug/m3),3.4166666666666665
1247.9375,Transplant,0.35092560698302083,Q4,Kidney,PM2.5,79994,677201,10.189393538668531,41.53357354526488,Q4 (10.2-41.5 ug/m3),3.4166666666666665
1278.375,Death/delisted too sick,0.10151376345698657,Q4,Kidney,PM2.5,79994,677201,10.189393538668531,41.53357354526488,Q4 (10.2-41.5 ug/m3),3.5
1278.375,Transplant,0.3566242591883961,Q4,Kidney,PM2.5,79994,677201,10.189393538668531,41.53357354526488,Q4 (10.2-41.5 ug/m3),3.5
1308.8125,Death/delisted too sick,0.10447931748110033,Q4,Kidney,PM2.5,79994,677201,10.189393538668531,41.53357354526488,Q4 (10.2-41.5 ug/m3),3.5833333333333335
1308.8125,Transplant,0.36170544062535,Q4,Kidney,PM2.5,79994,677201,10.189393538668531,41.53357354526488,Q4 (10.2-41.5 ug/m3),3.5833333333333335
1339.25,Death/delisted too sick,0.10742923816931431,Q4,Kidney,PM2.5,79994,677201,10.189393538668531,41.53357354526488,Q4 (10.2-41.5 ug/m3),3.6666666666666665
1339.25,Transplant,0.36656463046307114,Q4,Kidney,PM2.5,79994,677201,10.189393538668531,41.53357354526488,Q4 (10.2-41.5 ug/m3),3.6666666666666665
1369.6875,Death/delisted too sick,0.11004105107434237,Q4,Kidney,PM2.5,79994,677201,10.189393538668531,41.53357354526488,Q4 (10.2-41.5 ug/m3),3.75
1369.6875,Transplant,0.3712197633947134,Q4,Kidney,PM2.5,79994,677201,10.189393538668531,41.53357354526488,Q4 (10.2-41.5 ug/m3),3.75
1400.125,Death/delisted too sick,0.1126006574207619,Q4,Kidney,PM2.5,79994,677201,10.189393538668531,41.53357354526488,Q4 (10.2-41.5 ug/m3),3.8333333333333335
1400.125,Transplant,0.37638671649660754,Q4,Kidney,PM2.5,79994,677201,10.189393538668531,41.53357354526488,Q4 (10.2-41.5 ug/m3),3.8333333333333335
1430.5625,Death/delisted too sick,0.11539379596903296,Q4,Kidney,PM2.5,79994,677201,10.189393538668531,41.53357354526488,Q4 (10.2-41.5 ug/m3),3.9166666666666665
1430.5625,Transplant,0.38219874451939567,Q4,Kidney,PM2.5,79994,677201,10.189393538668531,41.53357354526488,Q4 (10.2-41.5 ug/m3),3.9166666666666665
1461,Death/delisted too sick,0.11826456678939738,Q4,Kidney,PM2.5,79994,677201,10.189393538668531,41.53357354526488,Q4 (10.2-41.5 ug/m3),4
1461,Transplant,0.3879532957055626,Q4,Kidney,PM2.5,79994,677201,10.189393538668531,41.53357354526488,Q4 (10.2-41.5 ug/m3),4
1491.4375,Death/delisted too sick,0.12106792597571042,Q4,Kidney,PM2.5,79994,677201,10.189393538668531,41.53357354526488,Q4 (10.2-41.5 ug/m3),4.083333333333333
1491.4375,Transplant,0.39394705409466507,Q4,Kidney,PM2.5,79994,677201,10.189393538668531,41.53357354526488,Q4 (10.2-41.5 ug/m3),4.083333333333333
1521.875,Death/delisted too sick,0.12372838531002349,Q4,Kidney,PM2.5,79994,677201,10.189393538668531,41.53357354526488,Q4 (10.2-41.5 ug/m3),4.166666666666667
1521.875,Transplant,0.3988379411654956,Q4,Kidney,PM2.5,79994,677201,10.189393538668531,41.53357354526488,Q4 (10.2-41.5 ug/m3),4.166666666666667
1552.3125,Death/delisted too sick,0.12631163102316573,Q4,Kidney,PM2.5,79994,677201,10.189393538668531,41.53357354526488,Q4 (10.2-41.5 ug/m3),4.25
1552.3125,Transplant,0.4039665297111174,Q4,Kidney,PM2.5,79994,677201,10.189393538668531,41.53357354526488,Q4 (10.2-41.5 ug/m3),4.25
1582.75,Death/delisted too sick,0.1291036452352854,Q4,Kidney,PM2.5,79994,677201,10.189393538668531,41.53357354526488,Q4 (10.2-41.5 ug/m3),4.333333333333333
1582.75,Transplant,0.4086384109822806,Q4,Kidney,PM2.5,79994,677201,10.189393538668531,41.53357354526488,Q4 (10.2-41.5 ug/m3),4.333333333333333
1613.1875,Death/delisted too sick,0.13184418634529546,Q4,Kidney,PM2.5,79994,677201,10.189393538668531,41.53357354526488,Q4 (10.2-41.5 ug/m3),4.416666666666667
1613.1875,Transplant,0.413513151341141,Q4,Kidney,PM2.5,79994,677201,10.189393538668531,41.53357354526488,Q4 (10.2-41.5 ug/m3),4.416666666666667
1643.625,Death/delisted too sick,0.13468745021232637,Q4,Kidney,PM2.5,79994,677201,10.189393538668531,41.53357354526488,Q4 (10.2-41.5 ug/m3),4.5
1643.625,Transplant,0.4177858309258181,Q4,Kidney,PM2.5,79994,677201,10.189393538668531,41.53357354526488,Q4 (10.2-41.5 ug/m3),4.5
1674.0625,Death/delisted too sick,0.13725506632904103,Q4,Kidney,PM2.5,79994,677201,10.189393538668531,41.53357354526488,Q4 (10.2-41.5 ug/m3),4.583333333333333
1674.0625,Transplant,0.4238182299030256,Q4,Kidney,PM2.5,79994,677201,10.189393538668531,41.53357354526488,Q4 (10.2-41.5 ug/m3),4.583333333333333
1704.5,Death/delisted too sick,0.13970656714464516,Q4,Kidney,PM2.5,79994,677201,10.189393538668531,41.53357354526488,Q4 (10.2-41.5 ug/m3),4.666666666666667
1704.5,Transplant,0.42916157434943786,Q4,Kidney,PM2.5,79994,677201,10.189393538668531,41.53357354526488,Q4 (10.2-41.5 ug/m3),4.666666666666667
1734.9375,Death/delisted too sick,0.14216933830130363,Q4,Kidney,PM2.5,79994,677201,10.189393538668531,41.53357354526488,Q4 (10.2-41.5 ug/m3),4.75
1734.9375,Transplant,0.4337897538765114,Q4,Kidney,PM2.5,79994,677201,10.189393538668531,41.53357354526488,Q4 (10.2-41.5 ug/m3),4.75
1765.375,Death/delisted too sick,0.1450594911825607,Q4,Kidney,PM2.5,79994,677201,10.189393538668531,41.53357354526488,Q4 (10.2-41.5 ug/m3),4.833333333333333
1765.375,Transplant,0.43819767885433725,Q4,Kidney,PM2.5,79994,677201,10.189393538668531,41.53357354526488,Q4 (10.2-41.5 ug/m3),4.833333333333333
1795.8125,Death/delisted too sick,0.14767130071951046,Q4,Kidney,PM2.5,79994,677201,10.189393538668531,41.53357354526488,Q4 (10.2-41.5 ug/m3),4.916666666666667
1795.8125,Transplant,0.4426626972900408,Q4,Kidney,PM2.5,79994,677201,10.189393538668531,41.53357354526488,Q4 (10.2-41.5 ug/m3),4.916666666666667
1826.25,Death/delisted too sick,0.150065127273186,Q4,Kidney,PM2.5,79994,677201,10.189393538668531,41.53357354526488,Q4 (10.2-41.5 ug/m3),5
1826.25,Transplant,0.44780232393500335,Q4,Kidney,PM2.5,79994,677201,10.189393538668531,41.53357354526488,Q4 (10.2-41.5 ug/m3),5
0,Death/delisted too sick,0,Q1,Liver,PM2.5,79992,217244,2.4471264037170584,7.03757112979889,Q1 (2.4-7 ug/m3),0
0,Transplant,0,Q1,Liver,PM2.5,79992,217244,2.4471264037170584,7.03757112979889,Q1 (2.4-7 ug/m3),0
30.4375,Death/delisted too sick,0.03947963603120594,Q1,Liver,PM2.5,79992,217244,2.4471264037170584,7.03757112979889,Q1 (2.4-7 ug/m3),0.08333333333333333
30.4375,Transplant,0.21230411268486649,Q1,Liver,PM2.5,79992,217244,2.4471264037170584,7.03757112979889,Q1 (2.4-7 ug/m3),0.08333333333333333
60.875,Death/delisted too sick,0.055034127219175916,Q1,Liver,PM2.5,79992,217244,2.4471264037170584,7.03757112979889,Q1 (2.4-7 ug/m3),0.16666666666666666
60.875,Transplant,0.2708449110749885,Q1,Liver,PM2.5,79992,217244,2.4471264037170584,7.03757112979889,Q1 (2.4-7 ug/m3),0.16666666666666666
91.3125,Death/delisted too sick,0.06894100661561932,Q1,Liver,PM2.5,79992,217244,2.4471264037170584,7.03757112979889,Q1 (2.4-7 ug/m3),0.25
91.3125,Transplant,0.3119642515187623,Q1,Liver,PM2.5,79992,217244,2.4471264037170584,7.03757112979889,Q1 (2.4-7 ug/m3),0.25
121.75,Death/delisted too sick,0.08066884666720824,Q1,Liver,PM2.5,79992,217244,2.4471264037170584,7.03757112979889,Q1 (2.4-7 ug/m3),0.3333333333333333
121.75,Transplant,0.34638151465941464,Q1,Liver,PM2.5,79992,217244,2.4471264037170584,7.03757112979889,Q1 (2.4-7 ug/m3),0.3333333333333333
152.1875,Death/delisted too sick,0.09063890071159361,Q1,Liver,PM2.5,79992,217244,2.4471264037170584,7.03757112979889,Q1 (2.4-7 ug/m3),0.4166666666666667
152.1875,Transplant,0.3734177078003694,Q1,Liver,PM2.5,79992,217244,2.4471264037170584,7.03757112979889,Q1 (2.4-7 ug/m3),0.4166666666666667
182.625,Death/delisted too sick,0.0994575026442073,Q1,Liver,PM2.5,79992,217244,2.4471264037170584,7.03757112979889,Q1 (2.4-7 ug/m3),0.5
182.625,Transplant,0.39566384838640045,Q1,Liver,PM2.5,79992,217244,2.4471264037170584,7.03757112979889,Q1 (2.4-7 ug/m3),0.5
213.0625,Death/delisted too sick,0.10791295398545268,Q1,Liver,PM2.5,79992,217244,2.4471264037170584,7.03757112979889,Q1 (2.4-7 ug/m3),0.5833333333333334
213.0625,Transplant,0.42397805936851424,Q1,Liver,PM2.5,79992,217244,2.4471264037170584,7.03757112979889,Q1 (2.4-7 ug/m3),0.5833333333333334
243.5,Death/delisted too sick,0.11381794636739843,Q1,Liver,PM2.5,79992,217244,2.4471264037170584,7.03757112979889,Q1 (2.4-7 ug/m3),0.6666666666666666
243.5,Transplant,0.44593211552999656,Q1,Liver,PM2.5,79992,217244,2.4471264037170584,7.03757112979889,Q1 (2.4-7 ug/m3),0.6666666666666666
273.9375,Death/delisted too sick,0.12028936771636389,Q1,Liver,PM2.5,79992,217244,2.4471264037170584,7.03757112979889,Q1 (2.4-7 ug/m3),0.75
273.9375,Transplant,0.4646923537244245,Q1,Liver,PM2.5,79992,217244,2.4471264037170584,7.03757112979889,Q1 (2.4-7 ug/m3),0.75
304.375,Death/delisted too sick,0.12660255734317744,Q1,Liver,PM2.5,79992,217244,2.4471264037170584,7.03757112979889,Q1 (2.4-7 ug/m3),0.8333333333333334
304.375,Transplant,0.4801167785160363,Q1,Liver,PM2.5,79992,217244,2.4471264037170584,7.03757112979889,Q1 (2.4-7 ug/m3),0.8333333333333334
334.8125,Death/delisted too sick,0.13179370994860956,Q1,Liver,PM2.5,79992,217244,2.4471264037170584,7.03757112979889,Q1 (2.4-7 ug/m3),0.9166666666666666
334.8125,Transplant,0.49480384420228807,Q1,Liver,PM2.5,79992,217244,2.4471264037170584,7.03757112979889,Q1 (2.4-7 ug/m3),0.9166666666666666
365.25,Death/delisted too sick,0.1365572204533659,Q1,Liver,PM2.5,79992,217244,2.4471264037170584,7.03757112979889,Q1 (2.4-7 ug/m3),1
365.25,Transplant,0.5072978981282985,Q1,Liver,PM2.5,79992,217244,2.4471264037170584,7.03757112979889,Q1 (2.4-7 ug/m3),1
395.6875,Death/delisted too sick,0.14173387768455967,Q1,Liver,PM2.5,79992,217244,2.4471264037170584,7.03757112979889,Q1 (2.4-7 ug/m3),1.0833333333333333
395.6875,Transplant,0.5185583009103548,Q1,Liver,PM2.5,79992,217244,2.4471264037170584,7.03757112979889,Q1 (2.4-7 ug/m3),1.0833333333333333
426.125,Death/delisted too sick,0.1462760948644835,Q1,Liver,PM2.5,79992,217244,2.4471264037170584,7.03757112979889,Q1 (2.4-7 ug/m3),1.1666666666666667
426.125,Transplant,0.5291698264526525,Q1,Liver,PM2.5,79992,217244,2.4471264037170584,7.03757112979889,Q1 (2.4-7 ug/m3),1.1666666666666667
456.5625,Death/delisted too sick,0.14914767636110018,Q1,Liver,PM2.5,79992,217244,2.4471264037170584,7.03757112979889,Q1 (2.4-7 ug/m3),1.25
456.5625,Transplant,0.5393065436526324,Q1,Liver,PM2.5,79992,217244,2.4471264037170584,7.03757112979889,Q1 (2.4-7 ug/m3),1.25
487,Death/delisted too sick,0.1531695308874861,Q1,Liver,PM2.5,79992,217244,2.4471264037170584,7.03757112979889,Q1 (2.4-7 ug/m3),1.3333333333333333
487,Transplant,0.5485874735921298,Q1,Liver,PM2.5,79992,217244,2.4471264037170584,7.03757112979889,Q1 (2.4-7 ug/m3),1.3333333333333333
517.4375,Death/delisted too sick,0.15686218115706344,Q1,Liver,PM2.5,79992,217244,2.4471264037170584,7.03757112979889,Q1 (2.4-7 ug/m3),1.4166666666666667
517.4375,Transplant,0.556434785926666,Q1,Liver,PM2.5,79992,217244,2.4471264037170584,7.03757112979889,Q1 (2.4-7 ug/m3),1.4166666666666667
547.875,Death/delisted too sick,0.15963170871445684,Q1,Liver,PM2.5,79992,217244,2.4471264037170584,7.03757112979889,Q1 (2.4-7 ug/m3),1.5
547.875,Transplant,0.5649793441487515,Q1,Liver,PM2.5,79992,217244,2.4471264037170584,7.03757112979889,Q1 (2.4-7 ug/m3),1.5
578.3125,Death/delisted too sick,0.16259510931262608,Q1,Liver,PM2.5,79992,217244,2.4471264037170584,7.03757112979889,Q1 (2.4-7 ug/m3),1.5833333333333333
578.3125,Transplant,0.5717612323376997,Q1,Liver,PM2.5,79992,217244,2.4471264037170584,7.03757112979889,Q1 (2.4-7 ug/m3),1.5833333333333333
608.75,Death/delisted too sick,0.16623587164608464,Q1,Liver,PM2.5,79992,217244,2.4471264037170584,7.03757112979889,Q1 (2.4-7 ug/m3),1.6666666666666667
608.75,Transplant,0.5771054679056193,Q1,Liver,PM2.5,79992,217244,2.4471264037170584,7.03757112979889,Q1 (2.4-7 ug/m3),1.6666666666666667
639.1875,Death/delisted too sick,0.16833037186056768,Q1,Liver,PM2.5,79992,217244,2.4471264037170584,7.03757112979889,Q1 (2.4-7 ug/m3),1.75
639.1875,Transplant,0.5819935872351572,Q1,Liver,PM2.5,79992,217244,2.4471264037170584,7.03757112979889,Q1 (2.4-7 ug/m3),1.75
669.625,Death/delisted too sick,0.17091267501872087,Q1,Liver,PM2.5,79992,217244,2.4471264037170584,7.03757112979889,Q1 (2.4-7 ug/m3),1.8333333333333333
669.625,Transplant,0.5868773456718227,Q1,Liver,PM2.5,79992,217244,2.4471264037170584,7.03757112979889,Q1 (2.4-7 ug/m3),1.8333333333333333
700.0625,Death/delisted too sick,0.1731405977391327,Q1,Liver,PM2.5,79992,217244,2.4471264037170584,7.03757112979889,Q1 (2.4-7 ug/m3),1.9166666666666667
700.0625,Transplant,0.5909919331624924,Q1,Liver,PM2.5,79992,217244,2.4471264037170584,7.03757112979889,Q1 (2.4-7 ug/m3),1.9166666666666667
730.5,Death/delisted too sick,0.1752960509648168,Q1,Liver,PM2.5,79992,217244,2.4471264037170584,7.03757112979889,Q1 (2.4-7 ug/m3),2
730.5,Transplant,0.5950323321525465,Q1,Liver,PM2.5,79992,217244,2.4471264037170584,7.03757112979889,Q1 (2.4-7 ug/m3),2
760.9375,Death/delisted too sick,0.1769708459515003,Q1,Liver,PM2.5,79992,217244,2.4471264037170584,7.03757112979889,Q1 (2.4-7 ug/m3),2.0833333333333335
760.9375,Transplant,0.5984179281732738,Q1,Liver,PM2.5,79992,217244,2.4471264037170584,7.03757112979889,Q1 (2.4-7 ug/m3),2.0833333333333335
791.375,Death/delisted too sick,0.1796690750345467,Q1,Liver,PM2.5,79992,217244,2.4471264037170584,7.03757112979889,Q1 (2.4-7 ug/m3),2.1666666666666665
791.375,Transplant,0.6012011170449744,Q1,Liver,PM2.5,79992,217244,2.4471264037170584,7.03757112979889,Q1 (2.4-7 ug/m3),2.1666666666666665
821.8125,Death/delisted too sick,0.18188714494663596,Q1,Liver,PM2.5,79992,217244,2.4471264037170584,7.03757112979889,Q1 (2.4-7 ug/m3),2.25
821.8125,Transplant,0.604040447315542,Q1,Liver,PM2.5,79992,217244,2.4471264037170584,7.03757112979889,Q1 (2.4-7 ug/m3),2.25
852.25,Death/delisted too sick,0.1845515598816253,Q1,Liver,PM2.5,79992,217244,2.4471264037170584,7.03757112979889,Q1 (2.4-7 ug/m3),2.3333333333333335
852.25,Transplant,0.606789180919387,Q1,Liver,PM2.5,79992,217244,2.4471264037170584,7.03757112979889,Q1 (2.4-7 ug/m3),2.3333333333333335
882.6875,Death/delisted too sick,0.18702749325722792,Q1,Liver,PM2.5,79992,217244,2.4471264037170584,7.03757112979889,Q1 (2.4-7 ug/m3),2.4166666666666665
882.6875,Transplant,0.6099943020079558,Q1,Liver,PM2.5,79992,217244,2.4471264037170584,7.03757112979889,Q1 (2.4-7 ug/m3),2.4166666666666665
913.125,Death/delisted too sick,0.18924193143100349,Q1,Liver,PM2.5,79992,217244,2.4471264037170584,7.03757112979889,Q1 (2.4-7 ug/m3),2.5
913.125,Transplant,0.612019088089841,Q1,Liver,PM2.5,79992,217244,2.4471264037170584,7.03757112979889,Q1 (2.4-7 ug/m3),2.5
943.5625,Death/delisted too sick,0.1915672420517521,Q1,Liver,PM2.5,79992,217244,2.4471264037170584,7.03757112979889,Q1 (2.4-7 ug/m3),2.5833333333333335
943.5625,Transplant,0.6140539308147841,Q1,Liver,PM2.5,79992,217244,2.4471264037170584,7.03757112979889,Q1 (2.4-7 ug/m3),2.5833333333333335
974,Death/delisted too sick,0.19387794016412382,Q1,Liver,PM2.5,79992,217244,2.4471264037170584,7.03757112979889,Q1 (2.4-7 ug/m3),2.6666666666666665
974,Transplant,0.6166663629506961,Q1,Liver,PM2.5,79992,217244,2.4471264037170584,7.03757112979889,Q1 (2.4-7 ug/m3),2.6666666666666665
1004.4375,Death/delisted too sick,0.1959577520726779,Q1,Liver,PM2.5,79992,217244,2.4471264037170584,7.03757112979889,Q1 (2.4-7 ug/m3),2.75
1004.4375,Transplant,0.6185370185516598,Q1,Liver,PM2.5,79992,217244,2.4471264037170584,7.03757112979889,Q1 (2.4-7 ug/m3),2.75
1034.875,Death/delisted too sick,0.19774376320276885,Q1,Liver,PM2.5,79992,217244,2.4471264037170584,7.03757112979889,Q1 (2.4-7 ug/m3),2.8333333333333335
1034.875,Transplant,0.6208784353549496,Q1,Liver,PM2.5,79992,217244,2.4471264037170584,7.03757112979889,Q1 (2.4-7 ug/m3),2.8333333333333335
1065.3125,Death/delisted too sick,0.19944599666394514,Q1,Liver,PM2.5,79992,217244,2.4471264037170584,7.03757112979889,Q1 (2.4-7 ug/m3),2.9166666666666665
1065.3125,Transplant,0.622709955172265,Q1,Liver,PM2.5,79992,217244,2.4471264037170584,7.03757112979889,Q1 (2.4-7 ug/m3),2.9166666666666665
1095.75,Death/delisted too sick,0.20161430467901523,Q1,Liver,PM2.5,79992,217244,2.4471264037170584,7.03757112979889,Q1 (2.4-7 ug/m3),3
1095.75,Transplant,0.6251159948600198,Q1,Liver,PM2.5,79992,217244,2.4471264037170584,7.03757112979889,Q1 (2.4-7 ug/m3),3
1126.1875,Death/delisted too sick,0.20293166656973452,Q1,Liver,PM2.5,79992,217244,2.4471264037170584,7.03757112979889,Q1 (2.4-7 ug/m3),3.0833333333333335
1126.1875,Transplant,0.6268665991937408,Q1,Liver,PM2.5,79992,217244,2.4471264037170584,7.03757112979889,Q1 (2.4-7 ug/m3),3.0833333333333335
1156.625,Death/delisted too sick,0.20474676890885374,Q1,Liver,PM2.5,79992,217244,2.4471264037170584,7.03757112979889,Q1 (2.4-7 ug/m3),3.1666666666666665
1156.625,Transplant,0.6284765448767021,Q1,Liver,PM2.5,79992,217244,2.4471264037170584,7.03757112979889,Q1 (2.4-7 ug/m3),3.1666666666666665
1187.0625,Death/delisted too sick,0.2067656831424579,Q1,Liver,PM2.5,79992,217244,2.4471264037170584,7.03757112979889,Q1 (2.4-7 ug/m3),3.25
1187.0625,Transplant,0.6302104070047861,Q1,Liver,PM2.5,79992,217244,2.4471264037170584,7.03757112979889,Q1 (2.4-7 ug/m3),3.25
1217.5,Death/delisted too sick,0.2080891666074865,Q1,Liver,PM2.5,79992,217244,2.4471264037170584,7.03757112979889,Q1 (2.4-7 ug/m3),3.3333333333333335
1217.5,Transplant,0.6319334466518896,Q1,Liver,PM2.5,79992,217244,2.4471264037170584,7.03757112979889,Q1 (2.4-7 ug/m3),3.3333333333333335
1247.9375,Death/delisted too sick,0.20955257334627445,Q1,Liver,PM2.5,79992,217244,2.4471264037170584,7.03757112979889,Q1 (2.4-7 ug/m3),3.4166666666666665
1247.9375,Transplant,0.6335286636995434,Q1,Liver,PM2.5,79992,217244,2.4471264037170584,7.03757112979889,Q1 (2.4-7 ug/m3),3.4166666666666665
1278.375,Death/delisted too sick,0.2107465916176203,Q1,Liver,PM2.5,79992,217244,2.4471264037170584,7.03757112979889,Q1 (2.4-7 ug/m3),3.5
1278.375,Transplant,0.6351196522266337,Q1,Liver,PM2.5,79992,217244,2.4471264037170584,7.03757112979889,Q1 (2.4-7 ug/m3),3.5
1308.8125,Death/delisted too sick,0.21213352293875667,Q1,Liver,PM2.5,79992,217244,2.4471264037170584,7.03757112979889,Q1 (2.4-7 ug/m3),3.5833333333333335
1308.8125,Transplant,0.6367725293131657,Q1,Liver,PM2.5,79992,217244,2.4471264037170584,7.03757112979889,Q1 (2.4-7 ug/m3),3.5833333333333335
1339.25,Death/delisted too sick,0.2136374595317351,Q1,Liver,PM2.5,79992,217244,2.4471264037170584,7.03757112979889,Q1 (2.4-7 ug/m3),3.6666666666666665
1339.25,Transplant,0.6379836920949353,Q1,Liver,PM2.5,79992,217244,2.4471264037170584,7.03757112979889,Q1 (2.4-7 ug/m3),3.6666666666666665
1369.6875,Death/delisted too sick,0.2146986785516905,Q1,Liver,PM2.5,79992,217244,2.4471264037170584,7.03757112979889,Q1 (2.4-7 ug/m3),3.75
1369.6875,Transplant,0.6395008411761632,Q1,Liver,PM2.5,79992,217244,2.4471264037170584,7.03757112979889,Q1 (2.4-7 ug/m3),3.75
1400.125,Death/delisted too sick,0.21557497779172102,Q1,Liver,PM2.5,79992,217244,2.4471264037170584,7.03757112979889,Q1 (2.4-7 ug/m3),3.8333333333333335
1400.125,Transplant,0.6405169512437732,Q1,Liver,PM2.5,79992,217244,2.4471264037170584,7.03757112979889,Q1 (2.4-7 ug/m3),3.8333333333333335
1430.5625,Death/delisted too sick,0.21713891965808949,Q1,Liver,PM2.5,79992,217244,2.4471264037170584,7.03757112979889,Q1 (2.4-7 ug/m3),3.9166666666666665
1430.5625,Transplant,0.64164713389824235,Q1,Liver,PM2.5,79992,217244,2.4471264037170584,7.03757112979889,Q1 (2.4-7 ug/m3),3.9166666666666665
1461,Death/delisted too sick,0.21804506217605377,Q1,Liver,PM2.5,79992,217244,2.4471264037170584,7.03757112979889,Q1 (2.4-7 ug/m3),4
1461,Transplant,0.6428399576007793,Q1,Liver,PM2.5,79992,217244,2.4471264037170584,7.03757112979889,Q1 (2.4-7 ug/m3),4
1491.4375,Death/delisted too sick,0.2190153510793109,Q1,Liver,PM2.5,79992,217244,2.4471264037170584,7.03757112979889,Q1 (2.4-7 ug/m3),4.083333333333333
1491.4375,Transplant,0.644195151888616,Q1,Liver,PM2.5,79992,217244,2.4471264037170584,7.03757112979889,Q1 (2.4-7 ug/m3),4.083333333333333
1521.875,Death/delisted too sick,0.22069723754901066,Q1,Liver,PM2.5,79992,217244,2.4471264037170584,7.03757112979889,Q1 (2.4-7 ug/m3),4.166666666666667
1521.875,Transplant,0.6458788751926251,Q1,Liver,PM2.5,79992,217244,2.4471264037170584,7.03757112979889,Q1 (2.4-7 ug/m3),4.166666666666667
1552.3125,Death/delisted too sick,0.22189295192741182,Q1,Liver,PM2.5,79992,217244,2.4471264037170584,7.03757112979889,Q1 (2.4-7 ug/m3),4.25
1552.3125,Transplant,0.6479848554429678,Q1,Liver,PM2.5,79992,217244,2.4471264037170584,7.03757112979889,Q1 (2.4-7 ug/m3),4.25
1582.75,Death/delisted too sick,0.22288564535806155,Q1,Liver,PM2.5,79992,217244,2.4471264037170584,7.03757112979889,Q1 (2.4-7 ug/m3),4.333333333333333
1582.75,Transplant,0.6488177789218292,Q1,Liver,PM2.5,79992,217244,2.4471264037170584,7.03757112979889,Q1 (2.4-7 ug/m3),4.333333333333333
1613.1875,Death/delisted too sick,0.2234357987075688,Q1,Liver,PM2.5,79992,217244,2.4471264037170584,7.03757112979889,Q1 (2.4-7 ug/m3),4.416666666666667
1613.1875,Transplant,0.6497889680665285,Q1,Liver,PM2.5,79992,217244,2.4471264037170584,7.03757112979889,Q1 (2.4-7 ug/m3),4.416666666666667
1643.625,Death/delisted too sick,0.2237198152115413,Q1,Liver,PM2.5,79992,217244,2.4471264037170584,7.03757112979889,Q1 (2.4-7 ug/m3),4.5
1643.625,Transplant,0.6505769993565588,Q1,Liver,PM2.5,79992,217244,2.4471264037170584,7.03757112979889,Q1 (2.4-7 ug/m3),4.5
1674.0625,Death/delisted too sick,0.2243179288219154,Q1,Liver,PM2.5,79992,217244,2.4471264037170584,7.03757112979889,Q1 (2.4-7 ug/m3),4.583333333333333
1674.0625,Transplant,0.6515607321547685,Q1,Liver,PM2.5,79992,217244,2.4471264037170584,7.03757112979889,Q1 (2.4-7 ug/m3),4.583333333333333
1704.5,Death/delisted too sick,0.22668195132118468,Q1,Liver,PM2.5,79992,217244,2.4471264037170584,7.03757112979889,Q1 (2.4-7 ug/m3),4.666666666666667
1704.5,Transplant,0.6521010528832221,Q1,Liver,PM2.5,79992,217244,2.4471264037170584,7.03757112979889,Q1 (2.4-7 ug/m3),4.666666666666667
1734.9375,Death/delisted too sick,0.22777339683100878,Q1,Liver,PM2.5,79992,217244,2.4471264037170584,7.03757112979889,Q1 (2.4-7 ug/m3),4.75
1734.9375,Transplant,0.6532886212173321,Q1,Liver,PM2.5,79992,217244,2.4471264037170584,7.03757112979889,Q1 (2.4-7 ug/m3),4.75
1765.375,Death/delisted too sick,0.22847545439950556,Q1,Liver,PM2.5,79992,217244,2.4471264037170584,7.03757112979889,Q1 (2.4-7 ug/m3),4.833333333333333
1765.375,Transplant,0.6547026028953243,Q1,Liver,PM2.5,79992,217244,2.4471264037170584,7.03757112979889,Q1 (2.4-7 ug/m3),4.833333333333333
1795.8125,Death/delisted too sick,0.22945993908683812,Q1,Liver,PM2.5,79992,217244,2.4471264037170584,7.03757112979889,Q1 (2.4-7 ug/m3),4.916666666666667
1795.8125,Transplant,0.6551626977970064,Q1,Liver,PM2.5,79992,217244,2.4471264037170584,7.03757112979889,Q1 (2.4-7 ug/m3),4.916666666666667
1826.25,Death/delisted too sick,0.23122618902936332,Q1,Liver,PM2.5,79992,217244,2.4471264037170584,7.03757112979889,Q1 (2.4-7 ug/m3),5
1826.25,Transplant,0.6561263716218987,Q1,Liver,PM2.5,79992,217244,2.4471264037170584,7.03757112979889,Q1 (2.4-7 ug/m3),5
0,Death/delisted too sick,0,Q2,Liver,PM2.5,79992,217244,7.03760005562913,8.297231679161394,Q2 (7-8.3 ug/m3),0
0,Transplant,0,Q2,Liver,PM2.5,79992,217244,7.03760005562913,8.297231679161394,Q2 (7-8.3 ug/m3),0
30.4375,Death/delisted too sick,0.04205524466150148,Q2,Liver,PM2.5,79992,217244,7.03760005562913,8.297231679161394,Q2 (7-8.3 ug/m3),0.08333333333333333
30.4375,Transplant,0.2203064453513653,Q2,Liver,PM2.5,79992,217244,7.03760005562913,8.297231679161394,Q2 (7-8.3 ug/m3),0.08333333333333333
60.875,Death/delisted too sick,0.05862847096724283,Q2,Liver,PM2.5,79992,217244,7.03760005562913,8.297231679161394,Q2 (7-8.3 ug/m3),0.16666666666666666
60.875,Transplant,0.28642437564976614,Q2,Liver,PM2.5,79992,217244,7.03760005562913,8.297231679161394,Q2 (7-8.3 ug/m3),0.16666666666666666
91.3125,Death/delisted too sick,0.0714147510794542,Q2,Liver,PM2.5,79992,217244,7.03760005562913,8.297231679161394,Q2 (7-8.3 ug/m3),0.25
91.3125,Transplant,0.3323707233269116,Q2,Liver,PM2.5,79992,217244,7.03760005562913,8.297231679161394,Q2 (7-8.3 ug/m3),0.25
121.75,Death/delisted too sick,0.0831079530293661,Q2,Liver,PM2.5,79992,217244,7.03760005562913,8.297231679161394,Q2 (7-8.3 ug/m3),0.3333333333333333
121.75,Transplant,0.3684797748340732,Q2,Liver,PM2.5,79992,217244,7.03760005562913,8.297231679161394,Q2 (7-8.3 ug/m3),0.3333333333333333
152.1875,Death/delisted too sick,0.09164456930341759,Q2,Liver,PM2.5,79992,217244,7.03760005562913,8.297231679161394,Q2 (7-8.3 ug/m3),0.4166666666666667
152.1875,Transplant,0.39829816895319103,Q2,Liver,PM2.5,79992,217244,7.03760005562913,8.297231679161394,Q2 (7-8.3 ug/m3),0.4166666666666667
182.625,Death/delisted too sick,0.10008537526787184,Q2,Liver,PM2.5,79992,217244,7.03760005562913,8.297231679161394,Q2 (7-8.3 ug/m3),0.5
182.625,Transplant,0.42182840179886966,Q2,Liver,PM2.5,79992,217244,7.03760005562913,8.297231679161394,Q2 (7-8.3 ug/m3),0.5
213.0625,Death/delisted too sick,0.10761928879500487,Q2,Liver,PM2.5,79992,217244,7.03760005562913,8.297231679161394,Q2 (7-8.3 ug/m3),0.5833333333333334
213.0625,Transplant,0.44936348799747594,Q2,Liver,PM2.5,79992,217244,7.03760005562913,8.297231679161394,Q2 (7-8.3 ug/m3),0.5833333333333334
243.5,Death/delisted too sick,0.11470192896562663,Q2,Liver,PM2.5,79992,217244,7.03760005562913,8.297231679161394,Q2 (7-8.3 ug/m3),0.6666666666666666
243.5,Transplant,0.47469063608864553,Q2,Liver,PM2.5,79992,217244,7.03760005562913,8.297231679161394,Q2 (7-8.3 ug/m3),0.6666666666666666
273.9375,Death/delisted too sick,0.12130467760525276,Q2,Liver,PM2.5,79992,217244,7.03760005562913,8.297231679161394,Q2 (7-8.3 ug/m3),0.75
273.9375,Transplant,0.49333845341859783,Q2,Liver,PM2.5,79992,217244,7.03760005562913,8.297231679161394,Q2 (7-8.3 ug/m3),0.75
304.375,Death/delisted too sick,0.12718378377836614,Q2,Liver,PM2.5,79992,217244,7.03760005562913,8.297231679161394,Q2 (7-8.3 ug/m3),0.8333333333333334
304.375,Transplant,0.5104875714039673,Q2,Liver,PM2.5,79992,217244,7.03760005562913,8.297231679161394,Q2 (7-8.3 ug/m3),0.8333333333333334
334.8125,Death/delisted too sick,0.13248231785323614,Q2,Liver,PM2.5,79992,217244,7.03760005562913,8.297231679161394,Q2 (7-8.3 ug/m3),0.9166666666666666
334.8125,Transplant,0.5243053913327982,Q2,Liver,PM2.5,79992,217244,7.03760005562913,8.297231679161394,Q2 (7-8.3 ug/m3),0.9166666666666666
365.25,Death/delisted too sick,0.13671901552844815,Q2,Liver,PM2.5,79992,217244,7.03760005562913,8.297231679161394,Q2 (7-8.3 ug/m3),1
365.25,Transplant,0.5357393182958113,Q2,Liver,PM2.5,79992,217244,7.03760005562913,8.297231679161394,Q2 (7-8.3 ug/m3),1
395.6875,Death/delisted too sick,0.14124813087687405,Q2,Liver,PM2.5,79992,217244,7.03760005562913,8.297231679161394,Q2 (7-8.3 ug/m3),1.0833333333333333
395.6875,Transplant,0.5469373974620363,Q2,Liver,PM2.5,79992,217244,7.03760005562913,8.297231679161394,Q2 (7-8.3 ug/m3),1.0833333333333333
426.125,Death/delisted too sick,0.14480617603391177,Q2,Liver,PM2.5,79992,217244,7.03760005562913,8.297231679161394,Q2 (7-8.3 ug/m3),1.1666666666666667
426.125,Transplant,0.5573887213441692,Q2,Liver,PM2.5,79992,217244,7.03760005562913,8.297231679161394,Q2 (7-8.3 ug/m3),1.1666666666666667
456.5625,Death/delisted too sick,0.14839328708344107,Q2,Liver,PM2.5,79992,217244,7.03760005562913,8.297231679161394,Q2 (7-8.3 ug/m3),1.25
456.5625,Transplant,0.5658400028781153,Q2,Liver,PM2.5,79992,217244,7.03760005562913,8.297231679161394,Q2 (7-8.3 ug/m3),1.25
487,Death/delisted too sick,0.15182055663034502,Q2,Liver,PM2.5,79992,217244,7.03760005562913,8.297231679161394,Q2 (7-8.3 ug/m3),1.3333333333333333
487,Transplant,0.5747014585317756,Q2,Liver,PM2.5,79992,217244,7.03760005562913,8.297231679161394,Q2 (7-8.3 ug/m3),1.3333333333333333
517.4375,Death/delisted too sick,0.15588364239661937,Q2,Liver,PM2.5,79992,217244,7.03760005562913,8.297231679161394,Q2 (7-8.3 ug/m3),1.4166666666666667
517.4375,Transplant,0.5824879125962886,Q2,Liver,PM2.5,79992,217244,7.03760005562913,8.297231679161394,Q2 (7-8.3 ug/m3),1.4166666666666667
547.875,Death/delisted too sick,0.15888964155610502,Q2,Liver,PM2.5,79992,217244,7.03760005562913,8.297231679161394,Q2 (7-8.3 ug/m3),1.5
547.875,Transplant,0.5884852525600195,Q2,Liver,PM2.5,79992,217244,7.03760005562913,8.297231679161394,Q2 (7-8.3 ug/m3),1.5
578.3125,Death/delisted too sick,0.1621579890984703,Q2,Liver,PM2.5,79992,217244,7.03760005562913,8.297231679161394,Q2 (7-8.3 ug/m3),1.5833333333333333
578.3125,Transplant,0.5947991164082291,Q2,Liver,PM2.5,79992,217244,7.03760005562913,8.297231679161394,Q2 (7-8.3 ug/m3),1.5833333333333333
608.75,Death/delisted too sick,0.16496456140129978,Q2,Liver,PM2.5,79992,217244,7.03760005562913,8.297231679161394,Q2 (7-8.3 ug/m3),1.6666666666666667
608.75,Transplant,0.6004008174135242,Q2,Liver,PM2.5,79992,217244,7.03760005562913,8.297231679161394,Q2 (7-8.3 ug/m3),1.6666666666666667
639.1875,Death/delisted too sick,0.16763636630377887,Q2,Liver,PM2.5,79992,217244,7.03760005562913,8.297231679161394,Q2 (7-8.3 ug/m3),1.75
639.1875,Transplant,0.6055629884270745,Q2,Liver,PM2.5,79992,217244,7.03760005562913,8.297231679161394,Q2 (7-8.3 ug/m3),1.75
669.625,Death/delisted too sick,0.1698847935356141,Q2,Liver,PM2.5,79992,217244,7.03760005562913,8.297231679161394,Q2 (7-8.3 ug/m3),1.8333333333333333
669.625,Transplant,0.6102476026979454,Q2,Liver,PM2.5,79992,217244,7.03760005562913,8.297231679161394,Q2 (7-8.3 ug/m3),1.8333333333333333
700.0625,Death/delisted too sick,0.1721702850020444,Q2,Liver,PM2.5,79992,217244,7.03760005562913,8.297231679161394,Q2 (7-8.3 ug/m3),1.9166666666666667
700.0625,Transplant,0.6135610862768316,Q2,Liver,PM2.5,79992,217244,7.03760005562913,8.297231679161394,Q2 (7-8.3 ug/m3),1.9166666666666667
730.5,Death/delisted too sick,0.1742480338327167,Q2,Liver,PM2.5,79992,217244,7.03760005562913,8.297231679161394,Q2 (7-8.3 ug/m3),2
730.5,Transplant,0.6170994955130061,Q2,Liver,PM2.5,79992,217244,7.03760005562913,8.297231679161394,Q2 (7-8.3 ug/m3),2
760.9375,Death/delisted too sick,0.1762776582490981,Q2,Liver,PM2.5,79992,217244,7.03760005562913,8.297231679161394,Q2 (7-8.3 ug/m3),2.0833333333333335
760.9375,Transplant,0.6201359973387073,Q2,Liver,PM2.5,79992,217244,7.03760005562913,8.297231679161394,Q2 (7-8.3 ug/m3),2.0833333333333335
791.375,Death/delisted too sick,0.17870039181935413,Q2,Liver,PM2.5,79992,217244,7.03760005562913,8.297231679161394,Q2 (7-8.3 ug/m3),2.1666666666666665
791.375,Transplant,0.623018867690376,Q2,Liver,PM2.5,79992,217244,7.03760005562913,8.297231679161394,Q2 (7-8.3 ug/m3),2.1666666666666665
821.8125,Death/delisted too sick,0.18108778033756345,Q2,Liver,PM2.5,79992,217244,7.03760005562913,8.297231679161394,Q2 (7-8.3 ug/m3),2.25
821.8125,Transplant,0.6258365665397329,Q2,Liver,PM2.5,79992,217244,7.03760005562913,8.297231679161394,Q2 (7-8.3 ug/m3),2.25
852.25,Death/delisted too sick,0.18331220436301393,Q2,Liver,PM2.5,79992,217244,7.03760005562913,8.297231679161394,Q2 (7-8.3 ug/m3),2.3333333333333335
852.25,Transplant,0.6287136098039064,Q2,Liver,PM2.5,79992,217244,7.03760005562913,8.297231679161394,Q2 (7-8.3 ug/m3),2.3333333333333335
882.6875,Death/delisted too sick,0.18542107028149366,Q2,Liver,PM2.5,79992,217244,7.03760005562913,8.297231679161394,Q2 (7-8.3 ug/m3),2.4166666666666665
882.6875,Transplant,0.6308473584946613,Q2,Liver,PM2.5,79992,217244,7.03760005562913,8.297231679161394,Q2 (7-8.3 ug/m3),2.4166666666666665
913.125,Death/delisted too sick,0.18687650235485695,Q2,Liver,PM2.5,79992,217244,7.03760005562913,8.297231679161394,Q2 (7-8.3 ug/m3),2.5
913.125,Transplant,0.6333117638715375,Q2,Liver,PM2.5,79992,217244,7.03760005562913,8.297231679161394,Q2 (7-8.3 ug/m3),2.5
943.5625,Death/delisted too sick,0.1885843411341444,Q2,Liver,PM2.5,79992,217244,7.03760005562913,8.297231679161394,Q2 (7-8.3 ug/m3),2.5833333333333335
943.5625,Transplant,0.6348956064422433,Q2,Liver,PM2.5,79992,217244,7.03760005562913,8.297231679161394,Q2 (7-8.3 ug/m3),2.5833333333333335
974,Death/delisted too sick,0.19074434314453975,Q2,Liver,PM2.5,79992,217244,7.03760005562913,8.297231679161394,Q2 (7-8.3 ug/m3),2.6666666666666665
974,Transplant,0.6367431612746051,Q2,Liver,PM2.5,79992,217244,7.03760005562913,8.297231679161394,Q2 (7-8.3 ug/m3),2.6666666666666665
1004.4375,Death/delisted too sick,0.19209616054452652,Q2,Liver,PM2.5,79992,217244,7.03760005562913,8.297231679161394,Q2 (7-8.3 ug/m3),2.75
1004.4375,Transplant,0.6390707024667934,Q2,Liver,PM2.5,79992,217244,7.03760005562913,8.297231679161394,Q2 (7-8.3 ug/m3),2.75
1034.875,Death/delisted too sick,0.19399466502002266,Q2,Liver,PM2.5,79992,217244,7.03760005562913,8.297231679161394,Q2 (7-8.3 ug/m3),2.8333333333333335
1034.875,Transplant,0.6407565883899191,Q2,Liver,PM2.5,79992,217244,7.03760005562913,8.297231679161394,Q2 (7-8.3 ug/m3),2.8333333333333335
1065.3125,Death/delisted too sick,0.19563630852584682,Q2,Liver,PM2.5,79992,217244,7.03760005562913,8.297231679161394,Q2 (7-8.3 ug/m3),2.9166666666666665
1065.3125,Transplant,0.6427254247302212,Q2,Liver,PM2.5,79992,217244,7.03760005562913,8.297231679161394,Q2 (7-8.3 ug/m3),2.9166666666666665
1095.75,Death/delisted too sick,0.19696857890073016,Q2,Liver,PM2.5,79992,217244,7.03760005562913,8.297231679161394,Q2 (7-8.3 ug/m3),3
1095.75,Transplant,0.6440264273748051,Q2,Liver,PM2.5,79992,217244,7.03760005562913,8.297231679161394,Q2 (7-8.3 ug/m3),3
1126.1875,Death/delisted too sick,0.1979715812131795,Q2,Liver,PM2.5,79992,217244,7.03760005562913,8.297231679161394,Q2 (7-8.3 ug/m3),3.0833333333333335
1126.1875,Transplant,0.6456490974691785,Q2,Liver,PM2.5,79992,217244,7.03760005562913,8.297231679161394,Q2 (7-8.3 ug/m3),3.0833333333333335
1156.625,Death/delisted too sick,0.19899219728215806,Q2,Liver,PM2.5,79992,217244,7.03760005562913,8.297231679161394,Q2 (7-8.3 ug/m3),3.1666666666666665
1156.625,Transplant,0.6467693844841986,Q2,Liver,PM2.5,79992,217244,7.03760005562913,8.297231679161394,Q2 (7-8.3 ug/m3),3.1666666666666665
1187.0625,Death/delisted too sick,0.20012625203115542,Q2,Liver,PM2.5,79992,217244,7.03760005562913,8.297231679161394,Q2 (7-8.3 ug/m3),3.25
1187.0625,Transplant,0.6482142267832499,Q2,Liver,PM2.5,79992,217244,7.03760005562913,8.297231679161394,Q2 (7-8.3 ug/m3),3.25
1217.5,Death/delisted too sick,0.2016608763027453,Q2,Liver,PM2.5,79992,217244,7.03760005562913,8.297231679161394,Q2 (7-8.3 ug/m3),3.3333333333333335
1217.5,Transplant,0.6499621633980818,Q2,Liver,PM2.5,79992,217244,7.03760005562913,8.297231679161394,Q2 (7-8.3 ug/m3),3.3333333333333335
1247.9375,Death/delisted too sick,0.2028137673889912,Q2,Liver,PM2.5,79992,217244,7.03760005562913,8.297231679161394,Q2 (7-8.3 ug/m3),3.4166666666666665
1247.9375,Transplant,0.6512475884057164,Q2,Liver,PM2.5,79992,217244,7.03760005562913,8.297231679161394,Q2 (7-8.3 ug/m3),3.4166666666666665
1278.375,Death/delisted too sick,0.2043269008132265,Q2,Liver,PM2.5,79992,217244,7.03760005562913,8.297231679161394,Q2 (7-8.3 ug/m3),3.5
1278.375,Transplant,0.6529500527441102,Q2,Liver,PM2.5,79992,217244,7.03760005562913,8.297231679161394,Q2 (7-8.3 ug/m3),3.5
1308.8125,Death/delisted too sick,0.20580743101481686,Q2,Liver,PM2.5,79992,217244,7.03760005562913,8.297231679161394,Q2 (7-8.3 ug/m3),3.5833333333333335
1308.8125,Transplant,0.6540226504088326,Q2,Liver,PM2.5,79992,217244,7.03760005562913,8.297231679161394,Q2 (7-8.3 ug/m3),3.5833333333333335
1339.25,Death/delisted too sick,0.20727136435761304,Q2,Liver,PM2.5,79992,217244,7.03760005562913,8.297231679161394,Q2 (7-8.3 ug/m3),3.6666666666666665
1339.25,Transplant,0.6552466813707815,Q2,Liver,PM2.5,79992,217244,7.03760005562913,8.297231679161394,Q2 (7-8.3 ug/m3),3.6666666666666665
1369.6875,Death/delisted too sick,0.2086892117381013,Q2,Liver,PM2.5,79992,217244,7.03760005562913,8.297231679161394,Q2 (7-8.3 ug/m3),3.75
1369.6875,Transplant,0.6561816775802796,Q2,Liver,PM2.5,79992,217244,7.03760005562913,8.297231679161394,Q2 (7-8.3 ug/m3),3.75
1400.125,Death/delisted too sick,0.2099864658020445,Q2,Liver,PM2.5,79992,217244,7.03760005562913,8.297231679161394,Q2 (7-8.3 ug/m3),3.8333333333333335
1400.125,Transplant,0.6572359430446892,Q2,Liver,PM2.5,79992,217244,7.03760005562913,8.297231679161394,Q2 (7-8.3 ug/m3),3.8333333333333335
1430.5625,Death/delisted too sick,0.21155021433732146,Q2,Liver,PM2.5,79992,217244,7.03760005562913,8.297231679161394,Q2 (7-8.3 ug/m3),3.9166666666666665
1430.5625,Transplant,0.6578492630817786,Q2,Liver,PM2.5,79992,217244,7.03760005562913,8.297231679161394,Q2 (7-8.3 ug/m3),3.9166666666666665
1461,Death/delisted too sick,0.21246660056156988,Q2,Liver,PM2.5,79992,217244,7.03760005562913,8.297231679161394,Q2 (7-8.3 ug/m3),4
1461,Transplant,0.658632728004832,Q2,Liver,PM2.5,79992,217244,7.03760005562913,8.297231679161394,Q2 (7-8.3 ug/m3),4
1491.4375,Death/delisted too sick,0.21425724796240717,Q2,Liver,PM2.5,79992,217244,7.03760005562913,8.297231679161394,Q2 (7-8.3 ug/m3),4.083333333333333
1491.4375,Transplant,0.6597072868647134,Q2,Liver,PM2.5,79992,217244,7.03760005562913,8.297231679161394,Q2 (7-8.3 ug/m3),4.083333333333333
1521.875,Death/delisted too sick,0.21520198087341882,Q2,Liver,PM2.5,79992,217244,7.03760005562913,8.297231679161394,Q2 (7-8.3 ug/m3),4.166666666666667
1521.875,Transplant,0.6605222443976627,Q2,Liver,PM2.5,79992,217244,7.03760005562913,8.297231679161394,Q2 (7-8.3 ug/m3),4.166666666666667
1552.3125,Death/delisted too sick,0.21573405216283695,Q2,Liver,PM2.5,79992,217244,7.03760005562913,8.297231679161394,Q2 (7-8.3 ug/m3),4.25
1552.3125,Transplant,0.6613913887614778,Q2,Liver,PM2.5,79992,217244,7.03760005562913,8.297231679161394,Q2 (7-8.3 ug/m3),4.25
1582.75,Death/delisted too sick,0.21671755461117007,Q2,Liver,PM2.5,79992,217244,7.03760005562913,8.297231679161394,Q2 (7-8.3 ug/m3),4.333333333333333
1582.75,Transplant,0.6623809256947883,Q2,Liver,PM2.5,79992,217244,7.03760005562913,8.297231679161394,Q2 (7-8.3 ug/m3),4.333333333333333
1613.1875,Death/delisted too sick,0.21738433874235724,Q2,Liver,PM2.5,79992,217244,7.03760005562913,8.297231679161394,Q2 (7-8.3 ug/m3),4.416666666666667
1613.1875,Transplant,0.6633228210424917,Q2,Liver,PM2.5,79992,217244,7.03760005562913,8.297231679161394,Q2 (7-8.3 ug/m3),4.416666666666667
1643.625,Death/delisted too sick,0.21823679038221705,Q2,Liver,PM2.5,79992,217244,7.03760005562913,8.297231679161394,Q2 (7-8.3 ug/m3),4.5
1643.625,Transplant,0.664499975250616,Q2,Liver,PM2.5,79992,217244,7.03760005562913,8.297231679161394,Q2 (7-8.3 ug/m3),4.5
1674.0625,Death/delisted too sick,0.2188928047686324,Q2,Liver,PM2.5,79992,217244,7.03760005562913,8.297231679161394,Q2 (7-8.3 ug/m3),4.583333333333333
1674.0625,Transplant,0.6651330860851291,Q2,Liver,PM2.5,79992,217244,7.03760005562913,8.297231679161394,Q2 (7-8.3 ug/m3),4.583333333333333
1704.5,Death/delisted too sick,0.21963309520267965,Q2,Liver,PM2.5,79992,217244,7.03760005562913,8.297231679161394,Q2 (7-8.3 ug/m3),4.666666666666667
1704.5,Transplant,0.6657646018841369,Q2,Liver,PM2.5,79992,217244,7.03760005562913,8.297231679161394,Q2 (7-8.3 ug/m3),4.666666666666667
1734.9375,Death/delisted too sick,0.22020411866864703,Q2,Liver,PM2.5,79992,217244,7.03760005562913,8.297231679161394,Q2 (7-8.3 ug/m3),4.75
1734.9375,Transplant,0.6665525450026986,Q2,Liver,PM2.5,79992,217244,7.03760005562913,8.297231679161394,Q2 (7-8.3 ug/m3),4.75
1765.375,Death/delisted too sick,0.2210079382488665,Q2,Liver,PM2.5,79992,217244,7.03760005562913,8.297231679161394,Q2 (7-8.3 ug/m3),4.833333333333333
1765.375,Transplant,0.6673736095668972,Q2,Liver,PM2.5,79992,217244,7.03760005562913,8.297231679161394,Q2 (7-8.3 ug/m3),4.833333333333333
1795.8125,Death/delisted too sick,0.2218426206215241,Q2,Liver,PM2.5,79992,217244,7.03760005562913,8.297231679161394,Q2 (7-8.3 ug/m3),4.916666666666667
1795.8125,Transplant,0.668151711365651,Q2,Liver,PM2.5,79992,217244,7.03760005562913,8.297231679161394,Q2 (7-8.3 ug/m3),4.916666666666667
1826.25,Death/delisted too sick,0.2234600897023444,Q2,Liver,PM2.5,79992,217244,7.03760005562913,8.297231679161394,Q2 (7-8.3 ug/m3),5
1826.25,Transplant,0.6684979894071634,Q2,Liver,PM2.5,79992,217244,7.03760005562913,8.297231679161394,Q2 (7-8.3 ug/m3),5
0,Death/delisted too sick,0,Q3,Liver,PM2.5,79992,217244,8.297231679161394,9.925577521324156,Q3 (8.3-9.9 ug/m3),0
0,Transplant,0,Q3,Liver,PM2.5,79992,217244,8.297231679161394,9.925577521324156,Q3 (8.3-9.9 ug/m3),0
30.4375,Death/delisted too sick,0.04149609506020779,Q3,Liver,PM2.5,79992,217244,8.297231679161394,9.925577521324156,Q3 (8.3-9.9 ug/m3),0.08333333333333333
30.4375,Transplant,0.235858050309888,Q3,Liver,PM2.5,79992,217244,8.297231679161394,9.925577521324156,Q3 (8.3-9.9 ug/m3),0.08333333333333333
60.875,Death/delisted too sick,0.05688526144541164,Q3,Liver,PM2.5,79992,217244,8.297231679161394,9.925577521324156,Q3 (8.3-9.9 ug/m3),0.16666666666666666
60.875,Transplant,0.30517320847226487,Q3,Liver,PM2.5,79992,217244,8.297231679161394,9.925577521324156,Q3 (8.3-9.9 ug/m3),0.16666666666666666
91.3125,Death/delisted too sick,0.06930526687437097,Q3,Liver,PM2.5,79992,217244,8.297231679161394,9.925577521324156,Q3 (8.3-9.9 ug/m3),0.25
91.3125,Transplant,0.3514424714620433,Q3,Liver,PM2.5,79992,217244,8.297231679161394,9.925577521324156,Q3 (8.3-9.9 ug/m3),0.25
121.75,Death/delisted too sick,0.07884074784504241,Q3,Liver,PM2.5,79992,217244,8.297231679161394,9.925577521324156,Q3 (8.3-9.9 ug/m3),0.3333333333333333
121.75,Transplant,0.38849469795035885,Q3,Liver,PM2.5,79992,217244,8.297231679161394,9.925577521324156,Q3 (8.3-9.9 ug/m3),0.3333333333333333
152.1875,Death/delisted too sick,0.08794497836339198,Q3,Liver,PM2.5,79992,217244,8.297231679161394,9.925577521324156,Q3 (8.3-9.9 ug/m3),0.4166666666666667
152.1875,Transplant,0.41727315325845293,Q3,Liver,PM2.5,79992,217244,8.297231679161394,9.925577521324156,Q3 (8.3-9.9 ug/m3),0.4166666666666667
182.625,Death/delisted too sick,0.09702970262755406,Q3,Liver,PM2.5,79992,217244,8.297231679161394,9.925577521324156,Q3 (8.3-9.9 ug/m3),0.5
182.625,Transplant,0.4414859675181479,Q3,Liver,PM2.5,79992,217244,8.297231679161394,9.925577521324156,Q3 (8.3-9.9 ug/m3),0.5
213.0625,Death/delisted too sick,0.10433867061264457,Q3,Liver,PM2.5,79992,217244,8.297231679161394,9.925577521324156,Q3 (8.3-9.9 ug/m3),0.5833333333333334
213.0625,Transplant,0.4685974459520353,Q3,Liver,PM2.5,79992,217244,8.297231679161394,9.925577521324156,Q3 (8.3-9.9 ug/m3),0.5833333333333334
243.5,Death/delisted too sick,0.1105590032789476,Q3,Liver,PM2.5,79992,217244,8.297231679161394,9.925577521324156,Q3 (8.3-9.9 ug/m3),0.6666666666666666
243.5,Transplant,0.4918673468533078,Q3,Liver,PM2.5,79992,217244,8.297231679161394,9.925577521324156,Q3 (8.3-9.9 ug/m3),0.6666666666666666
273.9375,Death/delisted too sick,0.1156331635825399,Q3,Liver,PM2.5,79992,217244,8.297231679161394,9.925577521324156,Q3 (8.3-9.9 ug/m3),0.75
273.9375,Transplant,0.5096851594664062,Q3,Liver,PM2.5,79992,217244,8.297231679161394,9.925577521324156,Q3 (8.3-9.9 ug/m3),0.75
304.375,Death/delisted too sick,0.12131860051009925,Q3,Liver,PM2.5,79992,217244,8.297231679161394,9.925577521324156,Q3 (8.3-9.9 ug/m3),0.8333333333333334
304.375,Transplant,0.5268760738654151,Q3,Liver,PM2.5,79992,217244,8.297231679161394,9.925577521324156,Q3 (8.3-9.9 ug/m3),0.8333333333333334
334.8125,Death/delisted too sick,0.12602365855985392,Q3,Liver,PM2.5,79992,217244,8.297231679161394,9.925577521324156,Q3 (8.3-9.9 ug/m3),0.9166666666666666
334.8125,Transplant,0.54070274621936,Q3,Liver,PM2.5,79992,217244,8.297231679161394,9.925577521324156,Q3 (8.3-9.9 ug/m3),0.9166666666666666
365.25,Death/delisted too sick,0.13032671443665844,Q3,Liver,PM2.5,79992,217244,8.297231679161394,9.925577521324156,Q3 (8.3-9.9 ug/m3),1
365.25,Transplant,0.5539040217641331,Q3,Liver,PM2.5,79992,217244,8.297231679161394,9.925577521324156,Q3 (8.3-9.9 ug/m3),1
395.6875,Death/delisted too sick,0.1343796641754025,Q3,Liver,PM2.5,79992,217244,8.297231679161394,9.925577521324156,Q3 (8.3-9.9 ug/m3),1.0833333333333333
395.6875,Transplant,0.5636299435325448,Q3,Liver,PM2.5,79992,217244,8.297231679161394,9.925577521324156,Q3 (8.3-9.9 ug/m3),1.0833333333333333
426.125,Death/delisted too sick,0.13835499770670054,Q3,Liver,PM2.5,79992,217244,8.297231679161394,9.925577521324156,Q3 (8.3-9.9 ug/m3),1.1666666666666667
426.125,Transplant,0.5740160004038445,Q3,Liver,PM2.5,79992,217244,8.297231679161394,9.925577521324156,Q3 (8.3-9.9 ug/m3),1.1666666666666667
456.5625,Death/delisted too sick,0.14233516774847424,Q3,Liver,PM2.5,79992,217244,8.297231679161394,9.925577521324156,Q3 (8.3-9.9 ug/m3),1.25
456.5625,Transplant,0.5833293256603841,Q3,Liver,PM2.5,79992,217244,8.297231679161394,9.925577521324156,Q3 (8.3-9.9 ug/m3),1.25
487,Death/delisted too sick,0.14582743963699052,Q3,Liver,PM2.5,79992,217244,8.297231679161394,9.925577521324156,Q3 (8.3-9.9 ug/m3),1.3333333333333333
487,Transplant,0.5908317373939813,Q3,Liver,PM2.5,79992,217244,8.297231679161394,9.925577521324156,Q3 (8.3-9.9 ug/m3),1.3333333333333333
517.4375,Death/delisted too sick,0.14886287844288718,Q3,Liver,PM2.5,79992,217244,8.297231679161394,9.925577521324156,Q3 (8.3-9.9 ug/m3),1.4166666666666667
517.4375,Transplant,0.5982768462805513,Q3,Liver,PM2.5,79992,217244,8.297231679161394,9.925577521324156,Q3 (8.3-9.9 ug/m3),1.4166666666666667
547.875,Death/delisted too sick,0.151942930315179,Q3,Liver,PM2.5,79992,217244,8.297231679161394,9.925577521324156,Q3 (8.3-9.9 ug/m3),1.5
547.875,Transplant,0.6050731181207116,Q3,Liver,PM2.5,79992,217244,8.297231679161394,9.925577521324156,Q3 (8.3-9.9 ug/m3),1.5
578.3125,Death/delisted too sick,0.15478331773139445,Q3,Liver,PM2.5,79992,217244,8.297231679161394,9.925577521324156,Q3 (8.3-9.9 ug/m3),1.5833333333333333
578.3125,Transplant,0.6114818983851765,Q3,Liver,PM2.5,79992,217244,8.297231679161394,9.925577521324156,Q3 (8.3-9.9 ug/m3),1.5833333333333333
608.75,Death/delisted too sick,0.15710565104220217,Q3,Liver,PM2.5,79992,217244,8.297231679161394,9.925577521324156,Q3 (8.3-9.9 ug/m3),1.6666666666666667
608.75,Transplant,0.6171257837638898,Q3,Liver,PM2.5,79992,217244,8.297231679161394,9.925577521324156,Q3 (8.3-9.9 ug/m3),1.6666666666666667
639.1875,Death/delisted too sick,0.1596319324141328,Q3,Liver,PM2.5,79992,217244,8.297231679161394,9.925577521324156,Q3 (8.3-9.9 ug/m3),1.75
639.1875,Transplant,0.6220495655060865,Q3,Liver,PM2.5,79992,217244,8.297231679161394,9.925577521324156,Q3 (8.3-9.9 ug/m3),1.75
669.625,Death/delisted too sick,0.16233129752244546,Q3,Liver,PM2.5,79992,217244,8.297231679161394,9.925577521324156,Q3 (8.3-9.9 ug/m3),1.8333333333333333
669.625,Transplant,0.6262409414712944,Q3,Liver,PM2.5,79992,217244,8.297231679161394,9.925577521324156,Q3 (8.3-9.9 ug/m3),1.8333333333333333
700.0625,Death/delisted too sick,0.1643944174239713,Q3,Liver,PM2.5,79992,217244,8.297231679161394,9.925577521324156,Q3 (8.3-9.9 ug/m3),1.9166666666666667
700.0625,Transplant,0.6298626211965106,Q3,Liver,PM2.5,79992,217244,8.297231679161394,9.925577521324156,Q3 (8.3-9.9 ug/m3),1.9166666666666667
730.5,Death/delisted too sick,0.16641202851483763,Q3,Liver,PM2.5,79992,217244,8.297231679161394,9.925577521324156,Q3 (8.3-9.9 ug/m3),2
730.5,Transplant,0.633130432389815,Q3,Liver,PM2.5,79992,217244,8.297231679161394,9.925577521324156,Q3 (8.3-9.9 ug/m3),2
760.9375,Death/delisted too sick,0.1681047754816915,Q3,Liver,PM2.5,79992,217244,8.297231679161394,9.925577521324156,Q3 (8.3-9.9 ug/m3),2.0833333333333335
760.9375,Transplant,0.6361233670042359,Q3,Liver,PM2.5,79992,217244,8.297231679161394,9.925577521324156,Q3 (8.3-9.9 ug/m3),2.0833333333333335
791.375,Death/delisted too sick,0.17010401086124327,Q3,Liver,PM2.5,79992,217244,8.297231679161394,9.925577521324156,Q3 (8.3-9.9 ug/m3),2.1666666666666665
791.375,Transplant,0.638783878156032,Q3,Liver,PM2.5,79992,217244,8.297231679161394,9.925577521324156,Q3 (8.3-9.9 ug/m3),2.1666666666666665
821.8125,Death/delisted too sick,0.17244295696507972,Q3,Liver,PM2.5,79992,217244,8.297231679161394,9.925577521324156,Q3 (8.3-9.9 ug/m3),2.25
821.8125,Transplant,0.6412862769297586,Q3,Liver,PM2.5,79992,217244,8.297231679161394,9.925577521324156,Q3 (8.3-9.9 ug/m3),2.25
852.25,Death/delisted too sick,0.17451674465121475,Q3,Liver,PM2.5,79992,217244,8.297231679161394,9.925577521324156,Q3 (8.3-9.9 ug/m3),2.3333333333333335
852.25,Transplant,0.6440296129274955,Q3,Liver,PM2.5,79992,217244,8.297231679161394,9.925577521324156,Q3 (8.3-9.9 ug/m3),2.3333333333333335
882.6875,Death/delisted too sick,0.17621024953744344,Q3,Liver,PM2.5,79992,217244,8.297231679161394,9.925577521324156,Q3 (8.3-9.9 ug/m3),2.4166666666666665
882.6875,Transplant,0.6460980983559527,Q3,Liver,PM2.5,79992,217244,8.297231679161394,9.925577521324156,Q3 (8.3-9.9 ug/m3),2.4166666666666665
913.125,Death/delisted too sick,0.17834502338709068,Q3,Liver,PM2.5,79992,217244,8.297231679161394,9.925577521324156,Q3 (8.3-9.9 ug/m3),2.5
913.125,Transplant,0.6483710371356493,Q3,Liver,PM2.5,79992,217244,8.297231679161394,9.925577521324156,Q3 (8.3-9.9 ug/m3),2.5
943.5625,Death/delisted too sick,0.1796589051188605,Q3,Liver,PM2.5,79992,217244,8.297231679161394,9.925577521324156,Q3 (8.3-9.9 ug/m3),2.5833333333333335
943.5625,Transplant,0.6503351835986013,Q3,Liver,PM2.5,79992,217244,8.297231679161394,9.925577521324156,Q3 (8.3-9.9 ug/m3),2.5833333333333335
974,Death/delisted too sick,0.18125178305565567,Q3,Liver,PM2.5,79992,217244,8.297231679161394,9.925577521324156,Q3 (8.3-9.9 ug/m3),2.6666666666666665
974,Transplant,0.652908950444021,Q3,Liver,PM2.5,79992,217244,8.297231679161394,9.925577521324156,Q3 (8.3-9.9 ug/m3),2.6666666666666665
1004.4375,Death/delisted too sick,0.18258753900613908,Q3,Liver,PM2.5,79992,217244,8.297231679161394,9.925577521324156,Q3 (8.3-9.9 ug/m3),2.75
1004.4375,Transplant,0.6547667896428435,Q3,Liver,PM2.5,79992,217244,8.297231679161394,9.925577521324156,Q3 (8.3-9.9 ug/m3),2.75
1034.875,Death/delisted too sick,0.18421644478705373,Q3,Liver,PM2.5,79992,217244,8.297231679161394,9.925577521324156,Q3 (8.3-9.9 ug/m3),2.8333333333333335
1034.875,Transplant,0.6564121951077432,Q3,Liver,PM2.5,79992,217244,8.297231679161394,9.925577521324156,Q3 (8.3-9.9 ug/m3),2.8333333333333335
1065.3125,Death/delisted too sick,0.18657113461508143,Q3,Liver,PM2.5,79992,217244,8.297231679161394,9.925577521324156,Q3 (8.3-9.9 ug/m3),2.9166666666666665
1065.3125,Transplant,0.6581896499723795,Q3,Liver,PM2.5,79992,217244,8.297231679161394,9.925577521324156,Q3 (8.3-9.9 ug/m3),2.9166666666666665
1095.75,Death/delisted too sick,0.1884837096759782,Q3,Liver,PM2.5,79992,217244,8.297231679161394,9.925577521324156,Q3 (8.3-9.9 ug/m3),3
1095.75,Transplant,0.6593610859409874,Q3,Liver,PM2.5,79992,217244,8.297231679161394,9.925577521324156,Q3 (8.3-9.9 ug/m3),3
1126.1875,Death/delisted too sick,0.19027071060992215,Q3,Liver,PM2.5,79992,217244,8.297231679161394,9.925577521324156,Q3 (8.3-9.9 ug/m3),3.0833333333333335
1126.1875,Transplant,0.6609598569852863,Q3,Liver,PM2.5,79992,217244,8.297231679161394,9.925577521324156,Q3 (8.3-9.9 ug/m3),3.0833333333333335
1156.625,Death/delisted too sick,0.1922245067146188,Q3,Liver,PM2.5,79992,217244,8.297231679161394,9.925577521324156,Q3 (8.3-9.9 ug/m3),3.1666666666666665
1156.625,Transplant,0.6625876624873788,Q3,Liver,PM2.5,79992,217244,8.297231679161394,9.925577521324156,Q3 (8.3-9.9 ug/m3),3.1666666666666665
1187.0625,Death/delisted too sick,0.19398314652566198,Q3,Liver,PM2.5,79992,217244,8.297231679161394,9.925577521324156,Q3 (8.3-9.9 ug/m3),3.25
1187.0625,Transplant,0.6638369921635665,Q3,Liver,PM2.5,79992,217244,8.297231679161394,9.925577521324156,Q3 (8.3-9.9 ug/m3),3.25
1217.5,Death/delisted too sick,0.19557365619022912,Q3,Liver,PM2.5,79992,217244,8.297231679161394,9.925577521324156,Q3 (8.3-9.9 ug/m3),3.3333333333333335
1217.5,Transplant,0.6653168187110691,Q3,Liver,PM2.5,79992,217244,8.297231679161394,9.925577521324156,Q3 (8.3-9.9 ug/m3),3.3333333333333335
1247.9375,Death/delisted too sick,0.19693318457469677,Q3,Liver,PM2.5,79992,217244,8.297231679161394,9.925577521324156,Q3 (8.3-9.9 ug/m3),3.4166666666666665
1247.9375,Transplant,0.6666053775449469,Q3,Liver,PM2.5,79992,217244,8.297231679161394,9.925577521324156,Q3 (8.3-9.9 ug/m3),3.4166666666666665
1278.375,Death/delisted too sick,0.19818317919954442,Q3,Liver,PM2.5,79992,217244,8.297231679161394,9.925577521324156,Q3 (8.3-9.9 ug/m3),3.5
1278.375,Transplant,0.6680051209077592,Q3,Liver,PM2.5,79992,217244,8.297231679161394,9.925577521324156,Q3 (8.3-9.9 ug/m3),3.5
1308.8125,Death/delisted too sick,0.19913881028745395,Q3,Liver,PM2.5,79992,217244,8.297231679161394,9.925577521324156,Q3 (8.3-9.9 ug/m3),3.5833333333333335
1308.8125,Transplant,0.6693065406423908,Q3,Liver,PM2.5,79992,217244,8.297231679161394,9.925577521324156,Q3 (8.3-9.9 ug/m3),3.5833333333333335
1339.25,Death/delisted too sick,0.20025968579540182,Q3,Liver,PM2.5,79992,217244,8.297231679161394,9.925577521324156,Q3 (8.3-9.9 ug/m3),3.6666666666666665
1339.25,Transplant,0.6706585958657998,Q3,Liver,PM2.5,79992,217244,8.297231679161394,9.925577521324156,Q3 (8.3-9.9 ug/m3),3.6666666666666665
1369.6875,Death/delisted too sick,0.2009013584137144,Q3,Liver,PM2.5,79992,217244,8.297231679161394,9.925577521324156,Q3 (8.3-9.9 ug/m3),3.75
1369.6875,Transplant,0.671993125136145,Q3,Liver,PM2.5,79992,217244,8.297231679161394,9.925577521324156,Q3 (8.3-9.9 ug/m3),3.75
1400.125,Death/delisted too sick,0.20249995703375556,Q3,Liver,PM2.5,79992,217244,8.297231679161394,9.925577521324156,Q3 (8.3-9.9 ug/m3),3.8333333333333335
1400.125,Transplant,0.6729176686389647,Q3,Liver,PM2.5,79992,217244,8.297231679161394,9.925577521324156,Q3 (8.3-9.9 ug/m3),3.8333333333333335
1430.5625,Death/delisted too sick,0.2034871754320482,Q3,Liver,PM2.5,79992,217244,8.297231679161394,9.925577521324156,Q3 (8.3-9.9 ug/m3),3.9166666666666665
1430.5625,Transplant,0.6746424953540464,Q3,Liver,PM2.5,79992,217244,8.297231679161394,9.925577521324156,Q3 (8.3-9.9 ug/m3),3.9166666666666665
1461,Death/delisted too sick,0.20460397972273875,Q3,Liver,PM2.5,79992,217244,8.297231679161394,9.925577521324156,Q3 (8.3-9.9 ug/m3),4
1461,Transplant,0.675903586729335,Q3,Liver,PM2.5,79992,217244,8.297231679161394,9.925577521324156,Q3 (8.3-9.9 ug/m3),4
1491.4375,Death/delisted too sick,0.20572934964639475,Q3,Liver,PM2.5,79992,217244,8.297231679161394,9.925577521324156,Q3 (8.3-9.9 ug/m3),4.083333333333333
1491.4375,Transplant,0.6769588524293665,Q3,Liver,PM2.5,79992,217244,8.297231679161394,9.925577521324156,Q3 (8.3-9.9 ug/m3),4.083333333333333
1521.875,Death/delisted too sick,0.20729884931167022,Q3,Liver,PM2.5,79992,217244,8.297231679161394,9.925577521324156,Q3 (8.3-9.9 ug/m3),4.166666666666667
1521.875,Transplant,0.6777042053947704,Q3,Liver,PM2.5,79992,217244,8.297231679161394,9.925577521324156,Q3 (8.3-9.9 ug/m3),4.166666666666667
1552.3125,Death/delisted too sick,0.20835163364294493,Q3,Liver,PM2.5,79992,217244,8.297231679161394,9.925577521324156,Q3 (8.3-9.9 ug/m3),4.25
1552.3125,Transplant,0.6785553409254196,Q3,Liver,PM2.5,79992,217244,8.297231679161394,9.925577521324156,Q3 (8.3-9.9 ug/m3),4.25
1582.75,Death/delisted too sick,0.20948257749237426,Q3,Liver,PM2.5,79992,217244,8.297231679161394,9.925577521324156,Q3 (8.3-9.9 ug/m3),4.333333333333333
1582.75,Transplant,0.6796205062958562,Q3,Liver,PM2.5,79992,217244,8.297231679161394,9.925577521324156,Q3 (8.3-9.9 ug/m3),4.333333333333333
1613.1875,Death/delisted too sick,0.21034994095558193,Q3,Liver,PM2.5,79992,217244,8.297231679161394,9.925577521324156,Q3 (8.3-9.9 ug/m3),4.416666666666667
1613.1875,Transplant,0.68034171001983,Q3,Liver,PM2.5,79992,217244,8.297231679161394,9.925577521324156,Q3 (8.3-9.9 ug/m3),4.416666666666667
1643.625,Death/delisted too sick,0.21137246614287225,Q3,Liver,PM2.5,79992,217244,8.297231679161394,9.925577521324156,Q3 (8.3-9.9 ug/m3),4.5
1643.625,Transplant,0.6810983016849511,Q3,Liver,PM2.5,79992,217244,8.297231679161394,9.925577521324156,Q3 (8.3-9.9 ug/m3),4.5
1674.0625,Death/delisted too sick,0.21164882786565506,Q3,Liver,PM2.5,79992,217244,8.297231679161394,9.925577521324156,Q3 (8.3-9.9 ug/m3),4.583333333333333
1674.0625,Transplant,0.6819569744654653,Q3,Liver,PM2.5,79992,217244,8.297231679161394,9.925577521324156,Q3 (8.3-9.9 ug/m3),4.583333333333333
1704.5,Death/delisted too sick,0.21257769513006217,Q3,Liver,PM2.5,79992,217244,8.297231679161394,9.925577521324156,Q3 (8.3-9.9 ug/m3),4.666666666666667
1704.5,Transplant,0.6828142072108015,Q3,Liver,PM2.5,79992,217244,8.297231679161394,9.925577521324156,Q3 (8.3-9.9 ug/m3),4.666666666666667
1734.9375,Death/delisted too sick,0.21311582173577834,Q3,Liver,PM2.5,79992,217244,8.297231679161394,9.925577521324156,Q3 (8.3-9.9 ug/m3),4.75
1734.9375,Transplant,0.6836534119955806,Q3,Liver,PM2.5,79992,217244,8.297231679161394,9.925577521324156,Q3 (8.3-9.9 ug/m3),4.75
1765.375,Death/delisted too sick,0.21425335674416135,Q3,Liver,PM2.5,79992,217244,8.297231679161394,9.925577521324156,Q3 (8.3-9.9 ug/m3),4.833333333333333
1765.375,Transplant,0.684377586181689,Q3,Liver,PM2.5,79992,217244,8.297231679161394,9.925577521324156,Q3 (8.3-9.9 ug/m3),4.833333333333333
1795.8125,Death/delisted too sick,0.21535480804546175,Q3,Liver,PM2.5,79992,217244,8.297231679161394,9.925577521324156,Q3 (8.3-9.9 ug/m3),4.916666666666667
1795.8125,Transplant,0.685139885314876,Q3,Liver,PM2.5,79992,217244,8.297231679161394,9.925577521324156,Q3 (8.3-9.9 ug/m3),4.916666666666667
1826.25,Death/delisted too sick,0.21638202690974942,Q3,Liver,PM2.5,79992,217244,8.297231679161394,9.925577521324156,Q3 (8.3-9.9 ug/m3),5
1826.25,Transplant,0.6858872699555117,Q3,Liver,PM2.5,79992,217244,8.297231679161394,9.925577521324156,Q3 (8.3-9.9 ug/m3),5
0,Death/delisted too sick,0,Q4,Liver,PM2.5,79992,217244,9.925577521324156,37.72952562685071,Q4 (9.9-37.7 ug/m3),0
0,Transplant,0,Q4,Liver,PM2.5,79992,217244,9.925577521324156,37.72952562685071,Q4 (9.9-37.7 ug/m3),0
30.4375,Death/delisted too sick,0.04451380876551601,Q4,Liver,PM2.5,79992,217244,9.925577521324156,37.72952562685071,Q4 (9.9-37.7 ug/m3),0.08333333333333333
30.4375,Transplant,0.21947957130557952,Q4,Liver,PM2.5,79992,217244,9.925577521324156,37.72952562685071,Q4 (9.9-37.7 ug/m3),0.08333333333333333
60.875,Death/delisted too sick,0.05993831345150292,Q4,Liver,PM2.5,79992,217244,9.925577521324156,37.72952562685071,Q4 (9.9-37.7 ug/m3),0.16666666666666666
60.875,Transplant,0.28156206627368935,Q4,Liver,PM2.5,79992,217244,9.925577521324156,37.72952562685071,Q4 (9.9-37.7 ug/m3),0.16666666666666666
91.3125,Death/delisted too sick,0.0724666432084234,Q4,Liver,PM2.5,79992,217244,9.925577521324156,37.72952562685071,Q4 (9.9-37.7 ug/m3),0.25
91.3125,Transplant,0.3280866235243102,Q4,Liver,PM2.5,79992,217244,9.925577521324156,37.72952562685071,Q4 (9.9-37.7 ug/m3),0.25
121.75,Death/delisted too sick,0.08306071132826351,Q4,Liver,PM2.5,79992,217244,9.925577521324156,37.72952562685071,Q4 (9.9-37.7 ug/m3),0.3333333333333333
121.75,Transplant,0.360864979478041,Q4,Liver,PM2.5,79992,217244,9.925577521324156,37.72952562685071,Q4 (9.9-37.7 ug/m3),0.3333333333333333
152.1875,Death/delisted too sick,0.09181348116475573,Q4,Liver,PM2.5,79992,217244,9.925577521324156,37.72952562685071,Q4 (9.9-37.7 ug/m3),0.4166666666666667
152.1875,Transplant,0.3898910832420995,Q4,Liver,PM2.5,79992,217244,9.925577521324156,37.72952562685071,Q4 (9.9-37.7 ug/m3),0.4166666666666667
182.625,Death/delisted too sick,0.10101567717676531,Q4,Liver,PM2.5,79992,217244,9.925577521324156,37.72952562685071,Q4 (9.9-37.7 ug/m3),0.5
182.625,Transplant,0.4123914163281409,Q4,Liver,PM2.5,79992,217244,9.925577521324156,37.72952562685071,Q4 (9.9-37.7 ug/m3),0.5
213.0625,Death/delisted too sick,0.10843457313779209,Q4,Liver,PM2.5,79992,217244,9.925577521324156,37.72952562685071,Q4 (9.9-37.7 ug/m3),0.5833333333333334
213.0625,Transplant,0.43785889122134486,Q4,Liver,PM2.5,79992,217244,9.925577521324156,37.72952562685071,Q4 (9.9-37.7 ug/m3),0.5833333333333334
243.5,Death/delisted too sick,0.11504378743845932,Q4,Liver,PM2.5,79992,217244,9.925577521324156,37.72952562685071,Q4 (9.9-37.7 ug/m3),0.6666666666666666
243.5,Transplant,0.45893898477660156,Q4,Liver,PM2.5,79992,217244,9.925577521324156,37.72952562685071,Q4 (9.9-37.7 ug/m3),0.6666666666666666
273.9375,Death/delisted too sick,0.12086716898185879,Q4,Liver,PM2.5,79992,217244,9.925577521324156,37.72952562685071,Q4 (9.9-37.7 ug/m3),0.75
273.9375,Transplant,0.4761892173995182,Q4,Liver,PM2.5,79992,217244,9.925577521324156,37.72952562685071,Q4 (9.9-37.7 ug/m3),0.75
304.375,Death/delisted too sick,0.12676843979751953,Q4,Liver,PM2.5,79992,217244,9.925577521324156,37.72952562685071,Q4 (9.9-37.7 ug/m3),0.8333333333333334
304.375,Transplant,0.49292645383222433,Q4,Liver,PM2.5,79992,217244,9.925577521324156,37.72952562685071,Q4 (9.9-37.7 ug/m3),0.8333333333333334
334.8125,Death/delisted too sick,0.13108774957803834,Q4,Liver,PM2.5,79992,217244,9.925577521324156,37.72952562685071,Q4 (9.9-37.7 ug/m3),0.9166666666666666
334.8125,Transplant,0.507480728592144,Q4,Liver,PM2.5,79992,217244,9.925577521324156,37.72952562685071,Q4 (9.9-37.7 ug/m3),0.9166666666666666
365.25,Death/delisted too sick,0.13624925282409325,Q4,Liver,PM2.5,79992,217244,9.925577521324156,37.72952562685071,Q4 (9.9-37.7 ug/m3),1
365.25,Transplant,0.5201457760097056,Q4,Liver,PM2.5,79992,217244,9.925577521324156,37.72952562685071,Q4 (9.9-37.7 ug/m3),1
395.6875,Death/delisted too sick,0.14095632853327886,Q4,Liver,PM2.5,79992,217244,9.925577521324156,37.72952562685071,Q4 (9.9-37.7 ug/m3),1.0833333333333333
395.6875,Transplant,0.5319024667677407,Q4,Liver,PM2.5,79992,217244,9.925577521324156,37.72952562685071,Q4 (9.9-37.7 ug/m3),1.0833333333333333
426.125,Death/delisted too sick,0.14525836168031256,Q4,Liver,PM2.5,79992,217244,9.925577521324156,37.72952562685071,Q4 (9.9-37.7 ug/m3),1.1666666666666667
426.125,Transplant,0.5414748234812979,Q4,Liver,PM2.5,79992,217244,9.925577521324156,37.72952562685071,Q4 (9.9-37.7 ug/m3),1.1666666666666667
456.5625,Death/delisted too sick,0.149036453476635,Q4,Liver,PM2.5,79992,217244,9.925577521324156,37.72952562685071,Q4 (9.9-37.7 ug/m3),1.25
456.5625,Transplant,0.5500612084225487,Q4,Liver,PM2.5,79992,217244,9.925577521324156,37.72952562685071,Q4 (9.9-37.7 ug/m3),1.25
487,Death/delisted too sick,0.15284596029639433,Q4,Liver,PM2.5,79992,217244,9.925577521324156,37.72952562685071,Q4 (9.9-37.7 ug/m3),1.3333333333333333
487,Transplant,0.5590639194574064,Q4,Liver,PM2.5,79992,217244,9.925577521324156,37.72952562685071,Q4 (9.9-37.7 ug/m3),1.3333333333333333
517.4375,Death/delisted too sick,0.15615176677822362,Q4,Liver,PM2.5,79992,217244,9.925577521324156,37.72952562685071,Q4 (9.9-37.7 ug/m3),1.4166666666666667
517.4375,Transplant,0.5656126659971477,Q4,Liver,PM2.5,79992,217244,9.925577521324156,37.72952562685071,Q4 (9.9-37.7 ug/m3),1.4166666666666667
547.875,Death/delisted too sick,0.15924833660275492,Q4,Liver,PM2.5,79992,217244,9.925577521324156,37.72952562685071,Q4 (9.9-37.7 ug/m3),1.5
547.875,Transplant,0.5719586888249375,Q4,Liver,PM2.5,79992,217244,9.925577521324156,37.72952562685071,Q4 (9.9-37.7 ug/m3),1.5
578.3125,Death/delisted too sick,0.16265716150106987,Q4,Liver,PM2.5,79992,217244,9.925577521324156,37.72952562685071,Q4 (9.9-37.7 ug/m3),1.5833333333333333
578.3125,Transplant,0.5782369353771066,Q4,Liver,PM2.5,79992,217244,9.925577521324156,37.72952562685071,Q4 (9.9-37.7 ug/m3),1.5833333333333333
608.75,Death/delisted too sick,0.16491752404580046,Q4,Liver,PM2.5,79992,217244,9.925577521324156,37.72952562685071,Q4 (9.9-37.7 ug/m3),1.6666666666666667
608.75,Transplant,0.5839271753941356,Q4,Liver,PM2.5,79992,217244,9.925577521324156,37.72952562685071,Q4 (9.9-37.7 ug/m3),1.6666666666666667
639.1875,Death/delisted too sick,0.167991493880702,Q4,Liver,PM2.5,79992,217244,9.925577521324156,37.72952562685071,Q4 (9.9-37.7 ug/m3),1.75
639.1875,Transplant,0.5905494776667652,Q4,Liver,PM2.5,79992,217244,9.925577521324156,37.72952562685071,Q4 (9.9-37.7 ug/m3),1.75
669.625,Death/delisted too sick,0.17030392095035854,Q4,Liver,PM2.5,79992,217244,9.925577521324156,37.72952562685071,Q4 (9.9-37.7 ug/m3),1.8333333333333333
669.625,Transplant,0.5949314483343439,Q4,Liver,PM2.5,79992,217244,9.925577521324156,37.72952562685071,Q4 (9.9-37.7 ug/m3),1.8333333333333333
700.0625,Death/delisted too sick,0.17316592136876707,Q4,Liver,PM2.5,79992,217244,9.925577521324156,37.72952562685071,Q4 (9.9-37.7 ug/m3),1.9166666666666667
700.0625,Transplant,0.5997731527910174,Q4,Liver,PM2.5,79992,217244,9.925577521324156,37.72952562685071,Q4 (9.9-37.7 ug/m3),1.9166666666666667
730.5,Death/delisted too sick,0.17576447394797098,Q4,Liver,PM2.5,79992,217244,9.925577521324156,37.72952562685071,Q4 (9.9-37.7 ug/m3),2
730.5,Transplant,0.6035411404793389,Q4,Liver,PM2.5,79992,217244,9.925577521324156,37.72952562685071,Q4 (9.9-37.7 ug/m3),2
760.9375,Death/delisted too sick,0.17781481700617793,Q4,Liver,PM2.5,79992,217244,9.925577521324156,37.72952562685071,Q4 (9.9-37.7 ug/m3),2.0833333333333335
760.9375,Transplant,0.6072496980043204,Q4,Liver,PM2.5,79992,217244,9.925577521324156,37.72952562685071,Q4 (9.9-37.7 ug/m3),2.0833333333333335
791.375,Death/delisted too sick,0.1794407885556818,Q4,Liver,PM2.5,79992,217244,9.925577521324156,37.72952562685071,Q4 (9.9-37.7 ug/m3),2.1666666666666665
791.375,Transplant,0.6099655583797546,Q4,Liver,PM2.5,79992,217244,9.925577521324156,37.72952562685071,Q4 (9.9-37.7 ug/m3),2.1666666666666665
821.8125,Death/delisted too sick,0.18189033708450517,Q4,Liver,PM2.5,79992,217244,9.925577521324156,37.72952562685071,Q4 (9.9-37.7 ug/m3),2.25
821.8125,Transplant,0.6123022271425907,Q4,Liver,PM2.5,79992,217244,9.925577521324156,37.72952562685071,Q4 (9.9-37.7 ug/m3),2.25
852.25,Death/delisted too sick,0.18382165284559623,Q4,Liver,PM2.5,79992,217244,9.925577521324156,37.72952562685071,Q4 (9.9-37.7 ug/m3),2.3333333333333335
852.25,Transplant,0.6149800064953728,Q4,Liver,PM2.5,79992,217244,9.925577521324156,37.72952562685071,Q4 (9.9-37.7 ug/m3),2.3333333333333335
882.6875,Death/delisted too sick,0.18564936936434132,Q4,Liver,PM2.5,79992,217244,9.925577521324156,37.72952562685071,Q4 (9.9-37.7 ug/m3),2.4166666666666665
882.6875,Transplant,0.6173915781125104,Q4,Liver,PM2.5,79992,217244,9.925577521324156,37.72952562685071,Q4 (9.9-37.7 ug/m3),2.4166666666666665
913.125,Death/delisted too sick,0.18774292096007966,Q4,Liver,PM2.5,79992,217244,9.925577521324156,37.72952562685071,Q4 (9.9-37.7 ug/m3),2.5
913.125,Transplant,0.6196236192360515,Q4,Liver,PM2.5,79992,217244,9.925577521324156,37.72952562685071,Q4 (9.9-37.7 ug/m3),2.5
943.5625,Death/delisted too sick,0.18945067578764277,Q4,Liver,PM2.5,79992,217244,9.925577521324156,37.72952562685071,Q4 (9.9-37.7 ug/m3),2.5833333333333335
943.5625,Transplant,0.6215219516952097,Q4,Liver,PM2.5,79992,217244,9.925577521324156,37.72952562685071,Q4 (9.9-37.7 ug/m3),2.5833333333333335
974,Death/delisted too sick,0.19144918085377768,Q4,Liver,PM2.5,79992,217244,9.925577521324156,37.72952562685071,Q4 (9.9-37.7 ug/m3),2.6666666666666665
974,Transplant,0.623412672898889,Q4,Liver,PM2.5,79992,217244,9.925577521324156,37.72952562685071,Q4 (9.9-37.7 ug/m3),2.6666666666666665
1004.4375,Death/delisted too sick,0.19294670273986927,Q4,Liver,PM2.5,79992,217244,9.925577521324156,37.72952562685071,Q4 (9.9-37.7 ug/m3),2.75
1004.4375,Transplant,0.6257792992976744,Q4,Liver,PM2.5,79992,217244,9.925577521324156,37.72952562685071,Q4 (9.9-37.7 ug/m3),2.75
1034.875,Death/delisted too sick,0.19449198740402165,Q4,Liver,PM2.5,79992,217244,9.925577521324156,37.72952562685071,Q4 (9.9-37.7 ug/m3),2.8333333333333335
1034.875,Transplant,0.6283653236152429,Q4,Liver,PM2.5,79992,217244,9.925577521324156,37.72952562685071,Q4 (9.9-37.7 ug/m3),2.8333333333333335
1065.3125,Death/delisted too sick,0.19558934311459547,Q4,Liver,PM2.5,79992,217244,9.925577521324156,37.72952562685071,Q4 (9.9-37.7 ug/m3),2.9166666666666665
1065.3125,Transplant,0.6303196802263759,Q4,Liver,PM2.5,79992,217244,9.925577521324156,37.72952562685071,Q4 (9.9-37.7 ug/m3),2.9166666666666665
1095.75,Death/delisted too sick,0.19736354544545573,Q4,Liver,PM2.5,79992,217244,9.925577521324156,37.72952562685071,Q4 (9.9-37.7 ug/m3),3
1095.75,Transplant,0.6324211322080078,Q4,Liver,PM2.5,79992,217244,9.925577521324156,37.72952562685071,Q4 (9.9-37.7 ug/m3),3
1126.1875,Death/delisted too sick,0.19958103311588488,Q4,Liver,PM2.5,79992,217244,9.925577521324156,37.72952562685071,Q4 (9.9-37.7 ug/m3),3.0833333333333335
1126.1875,Transplant,0.6343897924474127,Q4,Liver,PM2.5,79992,217244,9.925577521324156,37.72952562685071,Q4 (9.9-37.7 ug/m3),3.0833333333333335
1156.625,Death/delisted too sick,0.20137601572940206,Q4,Liver,PM2.5,79992,217244,9.925577521324156,37.72952562685071,Q4 (9.9-37.7 ug/m3),3.1666666666666665
1156.625,Transplant,0.6362221364371581,Q4,Liver,PM2.5,79992,217244,9.925577521324156,37.72952562685071,Q4 (9.9-37.7 ug/m3),3.1666666666666665
1187.0625,Death/delisted too sick,0.20254950742368216,Q4,Liver,PM2.5,79992,217244,9.925577521324156,37.72952562685071,Q4 (9.9-37.7 ug/m3),3.25
1187.0625,Transplant,0.638135146598378,Q4,Liver,PM2.5,79992,217244,9.925577521324156,37.72952562685071,Q4 (9.9-37.7 ug/m3),3.25
1217.5,Death/delisted too sick,0.20396857839751542,Q4,Liver,PM2.5,79992,217244,9.925577521324156,37.72952562685071,Q4 (9.9-37.7 ug/m3),3.3333333333333335
1217.5,Transplant,0.6402279910844529,Q4,Liver,PM2.5,79992,217244,9.925577521324156,37.72952562685071,Q4 (9.9-37.7 ug/m3),3.3333333333333335
1247.9375,Death/delisted too sick,0.20510412703959158,Q4,Liver,PM2.5,79992,217244,9.925577521324156,37.72952562685071,Q4 (9.9-37.7 ug/m3),3.4166666666666665
1247.9375,Transplant,0.6415056795276127,Q4,Liver,PM2.5,79992,217244,9.925577521324156,37.72952562685071,Q4 (9.9-37.7 ug/m3),3.4166666666666665
1278.375,Death/delisted too sick,0.20572520391467408,Q4,Liver,PM2.5,79992,217244,9.925577521324156,37.72952562685071,Q4 (9.9-37.7 ug/m3),3.5
1278.375,Transplant,0.643284731733024,Q4,Liver,PM2.5,79992,217244,9.925577521324156,37.72952562685071,Q4 (9.9-37.7 ug/m3),3.5
1308.8125,Death/delisted too sick,0.20806857475572765,Q4,Liver,PM2.5,79992,217244,9.925577521324156,37.72952562685071,Q4 (9.9-37.7 ug/m3),3.5833333333333335
1308.8125,Transplant,0.6443881237187477,Q4,Liver,PM2.5,79992,217244,9.925577521324156,37.72952562685071,Q4 (9.9-37.7 ug/m3),3.5833333333333335
1339.25,Death/delisted too sick,0.20920655405638863,Q4,Liver,PM2.5,79992,217244,9.925577521324156,37.72952562685071,Q4 (9.9-37.7 ug/m3),3.6666666666666665
1339.25,Transplant,0.6455305659957807,Q4,Liver,PM2.5,79992,217244,9.925577521324156,37.72952562685071,Q4 (9.9-37.7 ug/m3),3.6666666666666665
1369.6875,Death/delisted too sick,0.21059833307304315,Q4,Liver,PM2.5,79992,217244,9.925577521324156,37.72952562685071,Q4 (9.9-37.7 ug/m3),3.75
1369.6875,Transplant,0.6472148548301659,Q4,Liver,PM2.5,79992,217244,9.925577521324156,37.72952562685071,Q4 (9.9-37.7 ug/m3),3.75
1400.125,Death/delisted too sick,0.21244447979390862,Q4,Liver,PM2.5,79992,217244,9.925577521324156,37.72952562685071,Q4 (9.9-37.7 ug/m3),3.8333333333333335
1400.125,Transplant,0.6487381135448239,Q4,Liver,PM2.5,79992,217244,9.925577521324156,37.72952562685071,Q4 (9.9-37.7 ug/m3),3.8333333333333335
1430.5625,Death/delisted too sick,0.21397767112676191,Q4,Liver,PM2.5,79992,217244,9.925577521324156,37.72952562685071,Q4 (9.9-37.7 ug/m3),3.9166666666666665
1430.5625,Transplant,0.6495564132393938,Q4,Liver,PM2.5,79992,217244,9.925577521324156,37.72952562685071,Q4 (9.9-37.7 ug/m3),3.9166666666666665
1461,Death/delisted too sick,0.2150592185969759,Q4,Liver,PM2.5,79992,217244,9.925577521324156,37.72952562685071,Q4 (9.9-37.7 ug/m3),4
1461,Transplant,0.6506478695077719,Q4,Liver,PM2.5,79992,217244,9.925577521324156,37.72952562685071,Q4 (9.9-37.7 ug/m3),4
1491.4375,Death/delisted too sick,0.21661809828285866,Q4,Liver,PM2.5,79992,217244,9.925577521324156,37.72952562685071,Q4 (9.9-37.7 ug/m3),4.083333333333333
1491.4375,Transplant,0.652383983519292,Q4,Liver,PM2.5,79992,217244,9.925577521324156,37.72952562685071,Q4 (9.9-37.7 ug/m3),4.083333333333333
1521.875,Death/delisted too sick,0.21751430735385424,Q4,Liver,PM2.5,79992,217244,9.925577521324156,37.72952562685071,Q4 (9.9-37.7 ug/m3),4.166666666666667
1521.875,Transplant,0.6532684611565848,Q4,Liver,PM2.5,79992,217244,9.925577521324156,37.72952562685071,Q4 (9.9-37.7 ug/m3),4.166666666666667
1552.3125,Death/delisted too sick,0.21851439400225997,Q4,Liver,PM2.5,79992,217244,9.925577521324156,37.72952562685071,Q4 (9.9-37.7 ug/m3),4.25
1552.3125,Transplant,0.6543889709462123,Q4,Liver,PM2.5,79992,217244,9.925577521324156,37.72952562685071,Q4 (9.9-37.7 ug/m3),4.25
1582.75,Death/delisted too sick,0.21967715465899337,Q4,Liver,PM2.5,79992,217244,9.925577521324156,37.72952562685071,Q4 (9.9-37.7 ug/m3),4.333333333333333
1582.75,Transplant,0.6554079288398338,Q4,Liver,PM2.5,79992,217244,9.925577521324156,37.72952562685071,Q4 (9.9-37.7 ug/m3),4.333333333333333
1613.1875,Death/delisted too sick,0.22060884681282075,Q4,Liver,PM2.5,79992,217244,9.925577521324156,37.72952562685071,Q4 (9.9-37.7 ug/m3),4.416666666666667
1613.1875,Transplant,0.6560491718468844,Q4,Liver,PM2.5,79992,217244,9.925577521324156,37.72952562685071,Q4 (9.9-37.7 ug/m3),4.416666666666667
1643.625,Death/delisted too sick,0.2219357449366142,Q4,Liver,PM2.5,79992,217244,9.925577521324156,37.72952562685071,Q4 (9.9-37.7 ug/m3),4.5
1643.625,Transplant,0.6567074659005014,Q4,Liver,PM2.5,79992,217244,9.925577521324156,37.72952562685071,Q4 (9.9-37.7 ug/m3),4.5
1674.0625,Death/delisted too sick,0.222794243885102,Q4,Liver,PM2.5,79992,217244,9.925577521324156,37.72952562685071,Q4 (9.9-37.7 ug/m3),4.583333333333333
1674.0625,Transplant,0.6578872705238142,Q4,Liver,PM2.5,79992,217244,9.925577521324156,37.72952562685071,Q4 (9.9-37.7 ug/m3),4.583333333333333
1704.5,Death/delisted too sick,0.2240348517509281,Q4,Liver,PM2.5,79992,217244,9.925577521324156,37.72952562685071,Q4 (9.9-37.7 ug/m3),4.666666666666667
1704.5,Transplant,0.6589352148150742,Q4,Liver,PM2.5,79992,217244,9.925577521324156,37.72952562685071,Q4 (9.9-37.7 ug/m3),4.666666666666667
1734.9375,Death/delisted too sick,0.22456075840128342,Q4,Liver,PM2.5,79992,217244,9.925577521324156,37.72952562685071,Q4 (9.9-37.7 ug/m3),4.75
1734.9375,Transplant,0.6599923955413627,Q4,Liver,PM2.5,79992,217244,9.925577521324156,37.72952562685071,Q4 (9.9-37.7 ug/m3),4.75
1765.375,Death/delisted too sick,0.22537230836081948,Q4,Liver,PM2.5,79992,217244,9.925577521324156,37.72952562685071,Q4 (9.9-37.7 ug/m3),4.833333333333333
1765.375,Transplant,0.6605731175841834,Q4,Liver,PM2.5,79992,217244,9.925577521324156,37.72952562685071,Q4 (9.9-37.7 ug/m3),4.833333333333333
1795.8125,Death/delisted too sick,0.22662571094558853,Q4,Liver,PM2.5,79992,217244,9.925577521324156,37.72952562685071,Q4 (9.9-37.7 ug/m3),4.916666666666667
1795.8125,Transplant,0.6614410582398542,Q4,Liver,PM2.5,79992,217244,9.925577521324156,37.72952562685071,Q4 (9.9-37.7 ug/m3),4.916666666666667
1826.25,Death/delisted too sick,0.22757526095232933,Q4,Liver,PM2.5,79992,217244,9.925577521324156,37.72952562685071,Q4 (9.9-37.7 ug/m3),5
1826.25,Transplant,0.662063708339688,Q4,Liver,PM2.5,79992,217244,9.925577521324156,37.72952562685071,Q4 (9.9-37.7 ug/m3),5
0,Death/delisted too sick,0,Q1,Lung,PM2.5,46614,46614,2.8250881745723935,6.970600318081374,Q1 (2.8-7 ug/m3),0
0,Transplant,0,Q1,Lung,PM2.5,46614,46614,2.8250881745723935,6.970600318081374,Q1 (2.8-7 ug/m3),0
30.4375,Death/delisted too sick,0.04189541666706575,Q1,Lung,PM2.5,46614,46614,2.8250881745723935,6.970600318081374,Q1 (2.8-7 ug/m3),0.08333333333333333
30.4375,Transplant,0.30424746835035626,Q1,Lung,PM2.5,46614,46614,2.8250881745723935,6.970600318081374,Q1 (2.8-7 ug/m3),0.08333333333333333
60.875,Death/delisted too sick,0.05963186466160321,Q1,Lung,PM2.5,46614,46614,2.8250881745723935,6.970600318081374,Q1 (2.8-7 ug/m3),0.16666666666666666
60.875,Transplant,0.4304714561754427,Q1,Lung,PM2.5,46614,46614,2.8250881745723935,6.970600318081374,Q1 (2.8-7 ug/m3),0.16666666666666666
91.3125,Death/delisted too sick,0.06618767231141803,Q1,Lung,PM2.5,46614,46614,2.8250881745723935,6.970600318081374,Q1 (2.8-7 ug/m3),0.25
91.3125,Transplant,0.5051585354312788,Q1,Lung,PM2.5,46614,46614,2.8250881745723935,6.970600318081374,Q1 (2.8-7 ug/m3),0.25
121.75,Death/delisted too sick,0.07485565341476262,Q1,Lung,PM2.5,46614,46614,2.8250881745723935,6.970600318081374,Q1 (2.8-7 ug/m3),0.3333333333333333
121.75,Transplant,0.551359832116319,Q1,Lung,PM2.5,46614,46614,2.8250881745723935,6.970600318081374,Q1 (2.8-7 ug/m3),0.3333333333333333
152.1875,Death/delisted too sick,0.08155755812671639,Q1,Lung,PM2.5,46614,46614,2.8250881745723935,6.970600318081374,Q1 (2.8-7 ug/m3),0.4166666666666667
152.1875,Transplant,0.5899664088407428,Q1,Lung,PM2.5,46614,46614,2.8250881745723935,6.970600318081374,Q1 (2.8-7 ug/m3),0.4166666666666667
182.625,Death/delisted too sick,0.08564769090196296,Q1,Lung,PM2.5,46614,46614,2.8250881745723935,6.970600318081374,Q1 (2.8-7 ug/m3),0.5
182.625,Transplant,0.6202929526608708,Q1,Lung,PM2.5,46614,46614,2.8250881745723935,6.970600318081374,Q1 (2.8-7 ug/m3),0.5
213.0625,Death/delisted too sick,0.0919736260270878,Q1,Lung,PM2.5,46614,46614,2.8250881745723935,6.970600318081374,Q1 (2.8-7 ug/m3),0.5833333333333334
213.0625,Transplant,0.647652454886829,Q1,Lung,PM2.5,46614,46614,2.8250881745723935,6.970600318081374,Q1 (2.8-7 ug/m3),0.5833333333333334
243.5,Death/delisted too sick,0.09619279421936382,Q1,Lung,PM2.5,46614,46614,2.8250881745723935,6.970600318081374,Q1 (2.8-7 ug/m3),0.6666666666666666
243.5,Transplant,0.6686329364214548,Q1,Lung,PM2.5,46614,46614,2.8250881745723935,6.970600318081374,Q1 (2.8-7 ug/m3),0.6666666666666666
273.9375,Death/delisted too sick,0.09853812312690315,Q1,Lung,PM2.5,46614,46614,2.8250881745723935,6.970600318081374,Q1 (2.8-7 ug/m3),0.75
273.9375,Transplant,0.6871597037295761,Q1,Lung,PM2.5,46614,46614,2.8250881745723935,6.970600318081374,Q1 (2.8-7 ug/m3),0.75
304.375,Death/delisted too sick,0.09978846377322254,Q1,Lung,PM2.5,46614,46614,2.8250881745723935,6.970600318081374,Q1 (2.8-7 ug/m3),0.8333333333333334
304.375,Transplant,0.7082241064493251,Q1,Lung,PM2.5,46614,46614,2.8250881745723935,6.970600318081374,Q1 (2.8-7 ug/m3),0.8333333333333334
334.8125,Death/delisted too sick,0.10387263198191105,Q1,Lung,PM2.5,46614,46614,2.8250881745723935,6.970600318081374,Q1 (2.8-7 ug/m3),0.9166666666666666
334.8125,Transplant,0.7220539106284533,Q1,Lung,PM2.5,46614,46614,2.8250881745723935,6.970600318081374,Q1 (2.8-7 ug/m3),0.9166666666666666
365.25,Death/delisted too sick,0.10539867661305323,Q1,Lung,PM2.5,46614,46614,2.8250881745723935,6.970600318081374,Q1 (2.8-7 ug/m3),1
365.25,Transplant,0.7344362305437008,Q1,Lung,PM2.5,46614,46614,2.8250881745723935,6.970600318081374,Q1 (2.8-7 ug/m3),1
395.6875,Death/delisted too sick,0.10786070714071118,Q1,Lung,PM2.5,46614,46614,2.8250881745723935,6.970600318081374,Q1 (2.8-7 ug/m3),1.0833333333333333
395.6875,Transplant,0.7448891267040718,Q1,Lung,PM2.5,46614,46614,2.8250881745723935,6.970600318081374,Q1 (2.8-7 ug/m3),1.0833333333333333
426.125,Death/delisted too sick,0.10887108465360087,Q1,Lung,PM2.5,46614,46614,2.8250881745723935,6.970600318081374,Q1 (2.8-7 ug/m3),1.1666666666666667
426.125,Transplant,0.7514385055833411,Q1,Lung,PM2.5,46614,46614,2.8250881745723935,6.970600318081374,Q1 (2.8-7 ug/m3),1.1666666666666667
456.5625,Death/delisted too sick,0.109985024506555,Q1,Lung,PM2.5,46614,46614,2.8250881745723935,6.970600318081374,Q1 (2.8-7 ug/m3),1.25
456.5625,Transplant,0.761560251474004,Q1,Lung,PM2.5,46614,46614,2.8250881745723935,6.970600318081374,Q1 (2.8-7 ug/m3),1.25
487,Death/delisted too sick,0.1107678310977979,Q1,Lung,PM2.5,46614,46614,2.8250881745723935,6.970600318081374,Q1 (2.8-7 ug/m3),1.3333333333333333
487,Transplant,0.7656900700184268,Q1,Lung,PM2.5,46614,46614,2.8250881745723935,6.970600318081374,Q1 (2.8-7 ug/m3),1.3333333333333333
517.4375,Death/delisted too sick,0.11227969882897565,Q1,Lung,PM2.5,46614,46614,2.8250881745723935,6.970600318081374,Q1 (2.8-7 ug/m3),1.4166666666666667
517.4375,Transplant,0.7702582861100868,Q1,Lung,PM2.5,46614,46614,2.8250881745723935,6.970600318081374,Q1 (2.8-7 ug/m3),1.4166666666666667
547.875,Death/delisted too sick,0.11254423353507656,Q1,Lung,PM2.5,46614,46614,2.8250881745723935,6.970600318081374,Q1 (2.8-7 ug/m3),1.5
547.875,Transplant,0.7752755062717245,Q1,Lung,PM2.5,46614,46614,2.8250881745723935,6.970600318081374,Q1 (2.8-7 ug/m3),1.5
578.3125,Death/delisted too sick,0.11435245407884613,Q1,Lung,PM2.5,46614,46614,2.8250881745723935,6.970600318081374,Q1 (2.8-7 ug/m3),1.5833333333333333
578.3125,Transplant,0.7804966199492469,Q1,Lung,PM2.5,46614,46614,2.8250881745723935,6.970600318081374,Q1 (2.8-7 ug/m3),1.5833333333333333
608.75,Death/delisted too sick,0.11481242518696134,Q1,Lung,PM2.5,46614,46614,2.8250881745723935,6.970600318081374,Q1 (2.8-7 ug/m3),1.6666666666666667
608.75,Transplant,0.7834907084298192,Q1,Lung,PM2.5,46614,46614,2.8250881745723935,6.970600318081374,Q1 (2.8-7 ug/m3),1.6666666666666667
639.1875,Death/delisted too sick,0.11633108389924143,Q1,Lung,PM2.5,46614,46614,2.8250881745723935,6.970600318081374,Q1 (2.8-7 ug/m3),1.75
639.1875,Transplant,0.787261106979831,Q1,Lung,PM2.5,46614,46614,2.8250881745723935,6.970600318081374,Q1 (2.8-7 ug/m3),1.75
669.625,Death/delisted too sick,0.11693964813729013,Q1,Lung,PM2.5,46614,46614,2.8250881745723935,6.970600318081374,Q1 (2.8-7 ug/m3),1.8333333333333333
669.625,Transplant,0.7933026405096258,Q1,Lung,PM2.5,46614,46614,2.8250881745723935,6.970600318081374,Q1 (2.8-7 ug/m3),1.8333333333333333
700.0625,Death/delisted too sick,0.11825265205322612,Q1,Lung,PM2.5,46614,46614,2.8250881745723935,6.970600318081374,Q1 (2.8-7 ug/m3),1.9166666666666667
700.0625,Transplant,0.7955059366424295,Q1,Lung,PM2.5,46614,46614,2.8250881745723935,6.970600318081374,Q1 (2.8-7 ug/m3),1.9166666666666667
730.5,Death/delisted too sick,0.11956824717404688,Q1,Lung,PM2.5,46614,46614,2.8250881745723935,6.970600318081374,Q1 (2.8-7 ug/m3),2
730.5,Transplant,0.7988233974147882,Q1,Lung,PM2.5,46614,46614,2.8250881745723935,6.970600318081374,Q1 (2.8-7 ug/m3),2
760.9375,Death/delisted too sick,0.1205985597785514,Q1,Lung,PM2.5,46614,46614,2.8250881745723935,6.970600318081374,Q1 (2.8-7 ug/m3),2.0833333333333335
760.9375,Transplant,0.8013442811095851,Q1,Lung,PM2.5,46614,46614,2.8250881745723935,6.970600318081374,Q1 (2.8-7 ug/m3),2.0833333333333335
791.375,Death/delisted too sick,0.12097003107741881,Q1,Lung,PM2.5,46614,46614,2.8250881745723935,6.970600318081374,Q1 (2.8-7 ug/m3),2.1666666666666665
791.375,Transplant,0.803912737936551,Q1,Lung,PM2.5,46614,46614,2.8250881745723935,6.970600318081374,Q1 (2.8-7 ug/m3),2.1666666666666665
821.8125,Death/delisted too sick,0.1228541367293386,Q1,Lung,PM2.5,46614,46614,2.8250881745723935,6.970600318081374,Q1 (2.8-7 ug/m3),2.25
821.8125,Transplant,0.8067302086236081,Q1,Lung,PM2.5,46614,46614,2.8250881745723935,6.970600318081374,Q1 (2.8-7 ug/m3),2.25
852.25,Death/delisted too sick,0.12362611645593032,Q1,Lung,PM2.5,46614,46614,2.8250881745723935,6.970600318081374,Q1 (2.8-7 ug/m3),2.3333333333333335
852.25,Transplant,0.8080131342850462,Q1,Lung,PM2.5,46614,46614,2.8250881745723935,6.970600318081374,Q1 (2.8-7 ug/m3),2.3333333333333335
882.6875,Death/delisted too sick,0.12382482607488518,Q1,Lung,PM2.5,46614,46614,2.8250881745723935,6.970600318081374,Q1 (2.8-7 ug/m3),2.4166666666666665
882.6875,Transplant,0.8112108794072754,Q1,Lung,PM2.5,46614,46614,2.8250881745723935,6.970600318081374,Q1 (2.8-7 ug/m3),2.4166666666666665
913.125,Death/delisted too sick,0.12413907847194713,Q1,Lung,PM2.5,46614,46614,2.8250881745723935,6.970600318081374,Q1 (2.8-7 ug/m3),2.5
913.125,Transplant,0.8145573026492429,Q1,Lung,PM2.5,46614,46614,2.8250881745723935,6.970600318081374,Q1 (2.8-7 ug/m3),2.5
943.5625,Death/delisted too sick,0.12428968513369386,Q1,Lung,PM2.5,46614,46614,2.8250881745723935,6.970600318081374,Q1 (2.8-7 ug/m3),2.5833333333333335
943.5625,Transplant,0.8164589227558875,Q1,Lung,PM2.5,46614,46614,2.8250881745723935,6.970600318081374,Q1 (2.8-7 ug/m3),2.5833333333333335
974,Death/delisted too sick,0.1253804078606096,Q1,Lung,PM2.5,46614,46614,2.8250881745723935,6.970600318081374,Q1 (2.8-7 ug/m3),2.6666666666666665
974,Transplant,0.8198081743431469,Q1,Lung,PM2.5,46614,46614,2.8250881745723935,6.970600318081374,Q1 (2.8-7 ug/m3),2.6666666666666665
1004.4375,Death/delisted too sick,0.1264580043680845,Q1,Lung,PM2.5,46614,46614,2.8250881745723935,6.970600318081374,Q1 (2.8-7 ug/m3),2.75
1004.4375,Transplant,0.8224498578596119,Q1,Lung,PM2.5,46614,46614,2.8250881745723935,6.970600318081374,Q1 (2.8-7 ug/m3),2.75
1034.875,Death/delisted too sick,0.12655474948889034,Q1,Lung,PM2.5,46614,46614,2.8250881745723935,6.970600318081374,Q1 (2.8-7 ug/m3),2.8333333333333335
1034.875,Transplant,0.823976858676047,Q1,Lung,PM2.5,46614,46614,2.8250881745723935,6.970600318081374,Q1 (2.8-7 ug/m3),2.8333333333333335
1065.3125,Death/delisted too sick,0.12655474948889034,Q1,Lung,PM2.5,46614,46614,2.8250881745723935,6.970600318081374,Q1 (2.8-7 ug/m3),2.9166666666666665
1065.3125,Transplant,0.8247133589882896,Q1,Lung,PM2.5,46614,46614,2.8250881745723935,6.970600318081374,Q1 (2.8-7 ug/m3),2.9166666666666665
1095.75,Death/delisted too sick,0.12655474948889034,Q1,Lung,PM2.5,46614,46614,2.8250881745723935,6.970600318081374,Q1 (2.8-7 ug/m3),3
1095.75,Transplant,0.8259606316353588,Q1,Lung,PM2.5,46614,46614,2.8250881745723935,6.970600318081374,Q1 (2.8-7 ug/m3),3
1126.1875,Death/delisted too sick,0.12779344194297568,Q1,Lung,PM2.5,46614,46614,2.8250881745723935,6.970600318081374,Q1 (2.8-7 ug/m3),3.0833333333333335
1126.1875,Transplant,0.8287727405659004,Q1,Lung,PM2.5,46614,46614,2.8250881745723935,6.970600318081374,Q1 (2.8-7 ug/m3),3.0833333333333335
1156.625,Death/delisted too sick,0.12874489487176224,Q1,Lung,PM2.5,46614,46614,2.8250881745723935,6.970600318081374,Q1 (2.8-7 ug/m3),3.1666666666666665
1156.625,Transplant,0.829558543192288,Q1,Lung,PM2.5,46614,46614,2.8250881745723935,6.970600318081374,Q1 (2.8-7 ug/m3),3.1666666666666665
1187.0625,Death/delisted too sick,0.12917423010153364,Q1,Lung,PM2.5,46614,46614,2.8250881745723935,6.970600318081374,Q1 (2.8-7 ug/m3),3.25
1187.0625,Transplant,0.8303604443810157,Q1,Lung,PM2.5,46614,46614,2.8250881745723935,6.970600318081374,Q1 (2.8-7 ug/m3),3.25
1217.5,Death/delisted too sick,0.1293572533492523,Q1,Lung,PM2.5,46614,46614,2.8250881745723935,6.970600318081374,Q1 (2.8-7 ug/m3),3.3333333333333335
1217.5,Transplant,0.831651877290369,Q1,Lung,PM2.5,46614,46614,2.8250881745723935,6.970600318081374,Q1 (2.8-7 ug/m3),3.3333333333333335
1247.9375,Death/delisted too sick,0.1293572533492523,Q1,Lung,PM2.5,46614,46614,2.8250881745723935,6.970600318081374,Q1 (2.8-7 ug/m3),3.4166666666666665
1247.9375,Transplant,0.832875024250951,Q1,Lung,PM2.5,46614,46614,2.8250881745723935,6.970600318081374,Q1 (2.8-7 ug/m3),3.4166666666666665
1278.375,Death/delisted too sick,0.12955586338078703,Q1,Lung,PM2.5,46614,46614,2.8250881745723935,6.970600318081374,Q1 (2.8-7 ug/m3),3.5
1278.375,Transplant,0.8337632968364448,Q1,Lung,PM2.5,46614,46614,2.8250881745723935,6.970600318081374,Q1 (2.8-7 ug/m3),3.5
1308.8125,Death/delisted too sick,0.12980858394587205,Q1,Lung,PM2.5,46614,46614,2.8250881745723935,6.970600318081374,Q1 (2.8-7 ug/m3),3.5833333333333335
1308.8125,Transplant,0.8353452970398647,Q1,Lung,PM2.5,46614,46614,2.8250881745723935,6.970600318081374,Q1 (2.8-7 ug/m3),3.5833333333333335
1339.25,Death/delisted too sick,0.1309220098529436,Q1,Lung,PM2.5,46614,46614,2.8250881745723935,6.970600318081374,Q1 (2.8-7 ug/m3),3.6666666666666665
1339.25,Transplant,0.836557063043502,Q1,Lung,PM2.5,46614,46614,2.8250881745723935,6.970600318081374,Q1 (2.8-7 ug/m3),3.6666666666666665
1369.6875,Death/delisted too sick,0.1309220098529436,Q1,Lung,PM2.5,46614,46614,2.8250881745723935,6.970600318081374,Q1 (2.8-7 ug/m3),3.75
1369.6875,Transplant,0.8370716364577916,Q1,Lung,PM2.5,46614,46614,2.8250881745723935,6.970600318081374,Q1 (2.8-7 ug/m3),3.75
1400.125,Death/delisted too sick,0.1312886719277303,Q1,Lung,PM2.5,46614,46614,2.8250881745723935,6.970600318081374,Q1 (2.8-7 ug/m3),3.8333333333333335
1400.125,Transplant,0.8380568958751434,Q1,Lung,PM2.5,46614,46614,2.8250881745723935,6.970600318081374,Q1 (2.8-7 ug/m3),3.8333333333333335
1430.5625,Death/delisted too sick,0.13138628301096142,Q1,Lung,PM2.5,46614,46614,2.8250881745723935,6.970600318081374,Q1 (2.8-7 ug/m3),3.9166666666666665
1430.5625,Transplant,0.8387079810274667,Q1,Lung,PM2.5,46614,46614,2.8250881745723935,6.970600318081374,Q1 (2.8-7 ug/m3),3.9166666666666665
1461,Death/delisted too sick,0.13205870511503928,Q1,Lung,PM2.5,46614,46614,2.8250881745723935,6.970600318081374,Q1 (2.8-7 ug/m3),4
1461,Transplant,0.8389077008340324,Q1,Lung,PM2.5,46614,46614,2.8250881745723935,6.970600318081374,Q1 (2.8-7 ug/m3),4
1491.4375,Death/delisted too sick,0.13261677232326835,Q1,Lung,PM2.5,46614,46614,2.8250881745723935,6.970600318081374,Q1 (2.8-7 ug/m3),4.083333333333333
1491.4375,Transplant,0.8389785340864159,Q1,Lung,PM2.5,46614,46614,2.8250881745723935,6.970600318081374,Q1 (2.8-7 ug/m3),4.083333333333333
1521.875,Death/delisted too sick,0.13261677232326835,Q1,Lung,PM2.5,46614,46614,2.8250881745723935,6.970600318081374,Q1 (2.8-7 ug/m3),4.166666666666667
1521.875,Transplant,0.839076165306619,Q1,Lung,PM2.5,46614,46614,2.8250881745723935,6.970600318081374,Q1 (2.8-7 ug/m3),4.166666666666667
1552.3125,Death/delisted too sick,0.13349219766849507,Q1,Lung,PM2.5,46614,46614,2.8250881745723935,6.970600318081374,Q1 (2.8-7 ug/m3),4.25
1552.3125,Transplant,0.8393937710064194,Q1,Lung,PM2.5,46614,46614,2.8250881745723935,6.970600318081374,Q1 (2.8-7 ug/m3),4.25
1582.75,Death/delisted too sick,0.13349219766849507,Q1,Lung,PM2.5,46614,46614,2.8250881745723935,6.970600318081374,Q1 (2.8-7 ug/m3),4.333333333333333
1582.75,Transplant,0.8404549746924894,Q1,Lung,PM2.5,46614,46614,2.8250881745723935,6.970600318081374,Q1 (2.8-7 ug/m3),4.333333333333333
1613.1875,Death/delisted too sick,0.13390595561281038,Q1,Lung,PM2.5,46614,46614,2.8250881745723935,6.970600318081374,Q1 (2.8-7 ug/m3),4.416666666666667
1613.1875,Transplant,0.8406160600520446,Q1,Lung,PM2.5,46614,46614,2.8250881745723935,6.970600318081374,Q1 (2.8-7 ug/m3),4.416666666666667
1643.625,Death/delisted too sick,0.13390595561281038,Q1,Lung,PM2.5,46614,46614,2.8250881745723935,6.970600318081374,Q1 (2.8-7 ug/m3),4.5
1643.625,Transplant,0.8413701375740922,Q1,Lung,PM2.5,46614,46614,2.8250881745723935,6.970600318081374,Q1 (2.8-7 ug/m3),4.5
1674.0625,Death/delisted too sick,0.13399480663693875,Q1,Lung,PM2.5,46614,46614,2.8250881745723935,6.970600318081374,Q1 (2.8-7 ug/m3),4.583333333333333
1674.0625,Transplant,0.8423513009796296,Q1,Lung,PM2.5,46614,46614,2.8250881745723935,6.970600318081374,Q1 (2.8-7 ug/m3),4.583333333333333
1704.5,Death/delisted too sick,0.13515761110227184,Q1,Lung,PM2.5,46614,46614,2.8250881745723935,6.970600318081374,Q1 (2.8-7 ug/m3),4.666666666666667
1704.5,Transplant,0.8432181444877435,Q1,Lung,PM2.5,46614,46614,2.8250881745723935,6.970600318081374,Q1 (2.8-7 ug/m3),4.666666666666667
1734.9375,Death/delisted too sick,0.13515761110227184,Q1,Lung,PM2.5,46614,46614,2.8250881745723935,6.970600318081374,Q1 (2.8-7 ug/m3),4.75
1734.9375,Transplant,0.8435133696386272,Q1,Lung,PM2.5,46614,46614,2.8250881745723935,6.970600318081374,Q1 (2.8-7 ug/m3),4.75
1765.375,Death/delisted too sick,0.13515761110227184,Q1,Lung,PM2.5,46614,46614,2.8250881745723935,6.970600318081374,Q1 (2.8-7 ug/m3),4.833333333333333
1765.375,Transplant,0.8437407720578345,Q1,Lung,PM2.5,46614,46614,2.8250881745723935,6.970600318081374,Q1 (2.8-7 ug/m3),4.833333333333333
1795.8125,Death/delisted too sick,0.13515761110227184,Q1,Lung,PM2.5,46614,46614,2.8250881745723935,6.970600318081374,Q1 (2.8-7 ug/m3),4.916666666666667
1795.8125,Transplant,0.8437407720578345,Q1,Lung,PM2.5,46614,46614,2.8250881745723935,6.970600318081374,Q1 (2.8-7 ug/m3),4.916666666666667
1826.25,Death/delisted too sick,0.1352659972626135,Q1,Lung,PM2.5,46614,46614,2.8250881745723935,6.970600318081374,Q1 (2.8-7 ug/m3),5
1826.25,Transplant,0.8437407720578345,Q1,Lung,PM2.5,46614,46614,2.8250881745723935,6.970600318081374,Q1 (2.8-7 ug/m3),5
0,Death/delisted too sick,0,Q2,Lung,PM2.5,46614,46614,6.970760820434406,8.136853721406725,Q2 (7-8.1 ug/m3),0
0,Transplant,0,Q2,Lung,PM2.5,46614,46614,6.970760820434406,8.136853721406725,Q2 (7-8.1 ug/m3),0
30.4375,Death/delisted too sick,0.04148964396957435,Q2,Lung,PM2.5,46614,46614,6.970760820434406,8.136853721406725,Q2 (7-8.1 ug/m3),0.08333333333333333
30.4375,Transplant,0.32134135690289356,Q2,Lung,PM2.5,46614,46614,6.970760820434406,8.136853721406725,Q2 (7-8.1 ug/m3),0.08333333333333333
60.875,Death/delisted too sick,0.05623557491743046,Q2,Lung,PM2.5,46614,46614,6.970760820434406,8.136853721406725,Q2 (7-8.1 ug/m3),0.16666666666666666
60.875,Transplant,0.4428360154621285,Q2,Lung,PM2.5,46614,46614,6.970760820434406,8.136853721406725,Q2 (7-8.1 ug/m3),0.16666666666666666
91.3125,Death/delisted too sick,0.06437629166714362,Q2,Lung,PM2.5,46614,46614,6.970760820434406,8.136853721406725,Q2 (7-8.1 ug/m3),0.25
91.3125,Transplant,0.5247575970504307,Q2,Lung,PM2.5,46614,46614,6.970760820434406,8.136853721406725,Q2 (7-8.1 ug/m3),0.25
121.75,Death/delisted too sick,0.07355505416606457,Q2,Lung,PM2.5,46614,46614,6.970760820434406,8.136853721406725,Q2 (7-8.1 ug/m3),0.3333333333333333
121.75,Transplant,0.5750847099789559,Q2,Lung,PM2.5,46614,46614,6.970760820434406,8.136853721406725,Q2 (7-8.1 ug/m3),0.3333333333333333
152.1875,Death/delisted too sick,0.07852003001809799,Q2,Lung,PM2.5,46614,46614,6.970760820434406,8.136853721406725,Q2 (7-8.1 ug/m3),0.4166666666666667
152.1875,Transplant,0.6118624639488693,Q2,Lung,PM2.5,46614,46614,6.970760820434406,8.136853721406725,Q2 (7-8.1 ug/m3),0.4166666666666667
182.625,Death/delisted too sick,0.08145037372297563,Q2,Lung,PM2.5,46614,46614,6.970760820434406,8.136853721406725,Q2 (7-8.1 ug/m3),0.5
182.625,Transplant,0.640376530555408,Q2,Lung,PM2.5,46614,46614,6.970760820434406,8.136853721406725,Q2 (7-8.1 ug/m3),0.5
213.0625,Death/delisted too sick,0.08581866059987137,Q2,Lung,PM2.5,46614,46614,6.970760820434406,8.136853721406725,Q2 (7-8.1 ug/m3),0.5833333333333334
213.0625,Transplant,0.6649856309579711,Q2,Lung,PM2.5,46614,46614,6.970760820434406,8.136853721406725,Q2 (7-8.1 ug/m3),0.5833333333333334
243.5,Death/delisted too sick,0.08820551460047979,Q2,Lung,PM2.5,46614,46614,6.970760820434406,8.136853721406725,Q2 (7-8.1 ug/m3),0.6666666666666666
243.5,Transplant,0.685062356579401,Q2,Lung,PM2.5,46614,46614,6.970760820434406,8.136853721406725,Q2 (7-8.1 ug/m3),0.6666666666666666
273.9375,Death/delisted too sick,0.09076840422883489,Q2,Lung,PM2.5,46614,46614,6.970760820434406,8.136853721406725,Q2 (7-8.1 ug/m3),0.75
273.9375,Transplant,0.7017093326470357,Q2,Lung,PM2.5,46614,46614,6.970760820434406,8.136853721406725,Q2 (7-8.1 ug/m3),0.75
304.375,Death/delisted too sick,0.09424338036446014,Q2,Lung,PM2.5,46614,46614,6.970760820434406,8.136853721406725,Q2 (7-8.1 ug/m3),0.8333333333333334
304.375,Transplant,0.7166228143769603,Q2,Lung,PM2.5,46614,46614,6.970760820434406,8.136853721406725,Q2 (7-8.1 ug/m3),0.8333333333333334
334.8125,Death/delisted too sick,0.09685641611046013,Q2,Lung,PM2.5,46614,46614,6.970760820434406,8.136853721406725,Q2 (7-8.1 ug/m3),0.9166666666666666
334.8125,Transplant,0.7285922013872342,Q2,Lung,PM2.5,46614,46614,6.970760820434406,8.136853721406725,Q2 (7-8.1 ug/m3),0.9166666666666666
365.25,Death/delisted too sick,0.0987727680809247,Q2,Lung,PM2.5,46614,46614,6.970760820434406,8.136853721406725,Q2 (7-8.1 ug/m3),1
365.25,Transplant,0.7381220761671288,Q2,Lung,PM2.5,46614,46614,6.970760820434406,8.136853721406725,Q2 (7-8.1 ug/m3),1
395.6875,Death/delisted too sick,0.1015162004751449,Q2,Lung,PM2.5,46614,46614,6.970760820434406,8.136853721406725,Q2 (7-8.1 ug/m3),1.0833333333333333
395.6875,Transplant,0.7478735173208495,Q2,Lung,PM2.5,46614,46614,6.970760820434406,8.136853721406725,Q2 (7-8.1 ug/m3),1.0833333333333333
426.125,Death/delisted too sick,0.10304456783591265,Q2,Lung,PM2.5,46614,46614,6.970760820434406,8.136853721406725,Q2 (7-8.1 ug/m3),1.1666666666666667
426.125,Transplant,0.7550774275807368,Q2,Lung,PM2.5,46614,46614,6.970760820434406,8.136853721406725,Q2 (7-8.1 ug/m3),1.1666666666666667
456.5625,Death/delisted too sick,0.10445467623134273,Q2,Lung,PM2.5,46614,46614,6.970760820434406,8.136853721406725,Q2 (7-8.1 ug/m3),1.25
456.5625,Transplant,0.762201011591742,Q2,Lung,PM2.5,46614,46614,6.970760820434406,8.136853721406725,Q2 (7-8.1 ug/m3),1.25
487,Death/delisted too sick,0.10586820572348445,Q2,Lung,PM2.5,46614,46614,6.970760820434406,8.136853721406725,Q2 (7-8.1 ug/m3),1.3333333333333333
487,Transplant,0.7691707488037415,Q2,Lung,PM2.5,46614,46614,6.970760820434406,8.136853721406725,Q2 (7-8.1 ug/m3),1.3333333333333333
517.4375,Death/delisted too sick,0.10835447781569629,Q2,Lung,PM2.5,46614,46614,6.970760820434406,8.136853721406725,Q2 (7-8.1 ug/m3),1.4166666666666667
517.4375,Transplant,0.7744648899441173,Q2,Lung,PM2.5,46614,46614,6.970760820434406,8.136853721406725,Q2 (7-8.1 ug/m3),1.4166666666666667
547.875,Death/delisted too sick,0.109241526214155,Q2,Lung,PM2.5,46614,46614,6.970760820434406,8.136853721406725,Q2 (7-8.1 ug/m3),1.5
547.875,Transplant,0.7801371030208858,Q2,Lung,PM2.5,46614,46614,6.970760820434406,8.136853721406725,Q2 (7-8.1 ug/m3),1.5
578.3125,Death/delisted too sick,0.10997297774683075,Q2,Lung,PM2.5,46614,46614,6.970760820434406,8.136853721406725,Q2 (7-8.1 ug/m3),1.5833333333333333
578.3125,Transplant,0.7847226163748953,Q2,Lung,PM2.5,46614,46614,6.970760820434406,8.136853721406725,Q2 (7-8.1 ug/m3),1.5833333333333333
608.75,Death/delisted too sick,0.11316168098561406,Q2,Lung,PM2.5,46614,46614,6.970760820434406,8.136853721406725,Q2 (7-8.1 ug/m3),1.6666666666666667
608.75,Transplant,0.7889823674303333,Q2,Lung,PM2.5,46614,46614,6.970760820434406,8.136853721406725,Q2 (7-8.1 ug/m3),1.6666666666666667
639.1875,Death/delisted too sick,0.11545060220594147,Q2,Lung,PM2.5,46614,46614,6.970760820434406,8.136853721406725,Q2 (7-8.1 ug/m3),1.75
639.1875,Transplant,0.793628301565311,Q2,Lung,PM2.5,46614,46614,6.970760820434406,8.136853721406725,Q2 (7-8.1 ug/m3),1.75
669.625,Death/delisted too sick,0.11610750168774295,Q2,Lung,PM2.5,46614,46614,6.970760820434406,8.136853721406725,Q2 (7-8.1 ug/m3),1.8333333333333333
669.625,Transplant,0.7959980443165958,Q2,Lung,PM2.5,46614,46614,6.970760820434406,8.136853721406725,Q2 (7-8.1 ug/m3),1.8333333333333333
700.0625,Death/delisted too sick,0.1183833438061825,Q2,Lung,PM2.5,46614,46614,6.970760820434406,8.136853721406725,Q2 (7-8.1 ug/m3),1.9166666666666667
700.0625,Transplant,0.7993564513017353,Q2,Lung,PM2.5,46614,46614,6.970760820434406,8.136853721406725,Q2 (7-8.1 ug/m3),1.9166666666666667
730.5,Death/delisted too sick,0.12013134327805639,Q2,Lung,PM2.5,46614,46614,6.970760820434406,8.136853721406725,Q2 (7-8.1 ug/m3),2
730.5,Transplant,0.8055252743496062,Q2,Lung,PM2.5,46614,46614,6.970760820434406,8.136853721406725,Q2 (7-8.1 ug/m3),2
760.9375,Death/delisted too sick,0.12045654115288966,Q2,Lung,PM2.5,46614,46614,6.970760820434406,8.136853721406725,Q2 (7-8.1 ug/m3),2.0833333333333335
760.9375,Transplant,0.8096232730489981,Q2,Lung,PM2.5,46614,46614,6.970760820434406,8.136853721406725,Q2 (7-8.1 ug/m3),2.0833333333333335
791.375,Death/delisted too sick,0.12123271059661213,Q2,Lung,PM2.5,46614,46614,6.970760820434406,8.136853721406725,Q2 (7-8.1 ug/m3),2.1666666666666665
791.375,Transplant,0.8118932137768743,Q2,Lung,PM2.5,46614,46614,6.970760820434406,8.136853721406725,Q2 (7-8.1 ug/m3),2.1666666666666665
821.8125,Death/delisted too sick,0.12237711765326595,Q2,Lung,PM2.5,46614,46614,6.970760820434406,8.136853721406725,Q2 (7-8.1 ug/m3),2.25
821.8125,Transplant,0.8139720117022174,Q2,Lung,PM2.5,46614,46614,6.970760820434406,8.136853721406725,Q2 (7-8.1 ug/m3),2.25
852.25,Death/delisted too sick,0.12258958146877165,Q2,Lung,PM2.5,46614,46614,6.970760820434406,8.136853721406725,Q2 (7-8.1 ug/m3),2.3333333333333335
852.25,Transplant,0.8172133330609064,Q2,Lung,PM2.5,46614,46614,6.970760820434406,8.136853721406725,Q2 (7-8.1 ug/m3),2.3333333333333335
882.6875,Death/delisted too sick,0.12272408409609706,Q2,Lung,PM2.5,46614,46614,6.970760820434406,8.136853721406725,Q2 (7-8.1 ug/m3),2.4166666666666665
882.6875,Transplant,0.8189814359600595,Q2,Lung,PM2.5,46614,46614,6.970760820434406,8.136853721406725,Q2 (7-8.1 ug/m3),2.4166666666666665
913.125,Death/delisted too sick,0.12404671694049393,Q2,Lung,PM2.5,46614,46614,6.970760820434406,8.136853721406725,Q2 (7-8.1 ug/m3),2.5
913.125,Transplant,0.8207582752608242,Q2,Lung,PM2.5,46614,46614,6.970760820434406,8.136853721406725,Q2 (7-8.1 ug/m3),2.5
943.5625,Death/delisted too sick,0.12489392035964958,Q2,Lung,PM2.5,46614,46614,6.970760820434406,8.136853721406725,Q2 (7-8.1 ug/m3),2.5833333333333335
943.5625,Transplant,0.8226632465980719,Q2,Lung,PM2.5,46614,46614,6.970760820434406,8.136853721406725,Q2 (7-8.1 ug/m3),2.5833333333333335
974,Death/delisted too sick,0.1252875503245231,Q2,Lung,PM2.5,46614,46614,6.970760820434406,8.136853721406725,Q2 (7-8.1 ug/m3),2.6666666666666665
974,Transplant,0.8257005979581303,Q2,Lung,PM2.5,46614,46614,6.970760820434406,8.136853721406725,Q2 (7-8.1 ug/m3),2.6666666666666665
1004.4375,Death/delisted too sick,0.12590645449221077,Q2,Lung,PM2.5,46614,46614,6.970760820434406,8.136853721406725,Q2 (7-8.1 ug/m3),2.75
1004.4375,Transplant,0.8264104106655545,Q2,Lung,PM2.5,46614,46614,6.970760820434406,8.136853721406725,Q2 (7-8.1 ug/m3),2.75
1034.875,Death/delisted too sick,0.12590645449221077,Q2,Lung,PM2.5,46614,46614,6.970760820434406,8.136853721406725,Q2 (7-8.1 ug/m3),2.8333333333333335
1034.875,Transplant,0.827456955826517,Q2,Lung,PM2.5,46614,46614,6.970760820434406,8.136853721406725,Q2 (7-8.1 ug/m3),2.8333333333333335
1065.3125,Death/delisted too sick,0.12603315230871862,Q2,Lung,PM2.5,46614,46614,6.970760820434406,8.136853721406725,Q2 (7-8.1 ug/m3),2.9166666666666665
1065.3125,Transplant,0.8286087167999747,Q2,Lung,PM2.5,46614,46614,6.970760820434406,8.136853721406725,Q2 (7-8.1 ug/m3),2.9166666666666665
1095.75,Death/delisted too sick,0.12672262046317456,Q2,Lung,PM2.5,46614,46614,6.970760820434406,8.136853721406725,Q2 (7-8.1 ug/m3),3
1095.75,Transplant,0.8303893081910061,Q2,Lung,PM2.5,46614,46614,6.970760820434406,8.136853721406725,Q2 (7-8.1 ug/m3),3
1126.1875,Death/delisted too sick,0.1271399067998802,Q2,Lung,PM2.5,46614,46614,6.970760820434406,8.136853721406725,Q2 (7-8.1 ug/m3),3.0833333333333335
1126.1875,Transplant,0.8307027450378405,Q2,Lung,PM2.5,46614,46614,6.970760820434406,8.136853721406725,Q2 (7-8.1 ug/m3),3.0833333333333335
1156.625,Death/delisted too sick,0.12757135794602964,Q2,Lung,PM2.5,46614,46614,6.970760820434406,8.136853721406725,Q2 (7-8.1 ug/m3),3.1666666666666665
1156.625,Transplant,0.8328410230400083,Q2,Lung,PM2.5,46614,46614,6.970760820434406,8.136853721406725,Q2 (7-8.1 ug/m3),3.1666666666666665
1187.0625,Death/delisted too sick,0.1276581727916245,Q2,Lung,PM2.5,46614,46614,6.970760820434406,8.136853721406725,Q2 (7-8.1 ug/m3),3.25
1187.0625,Transplant,0.8331564686017598,Q2,Lung,PM2.5,46614,46614,6.970760820434406,8.136853721406725,Q2 (7-8.1 ug/m3),3.25
1217.5,Death/delisted too sick,0.12876177270858422,Q2,Lung,PM2.5,46614,46614,6.970760820434406,8.136853721406725,Q2 (7-8.1 ug/m3),3.3333333333333335
1217.5,Transplant,0.8338111686013535,Q2,Lung,PM2.5,46614,46614,6.970760820434406,8.136853721406725,Q2 (7-8.1 ug/m3),3.3333333333333335
1247.9375,Death/delisted too sick,0.12887260010862964,Q2,Lung,PM2.5,46614,46614,6.970760820434406,8.136853721406725,Q2 (7-8.1 ug/m3),3.4166666666666665
1247.9375,Transplant,0.8341189193873211,Q2,Lung,PM2.5,46614,46614,6.970760820434406,8.136853721406725,Q2 (7-8.1 ug/m3),3.4166666666666665
1278.375,Death/delisted too sick,0.12899608891437786,Q2,Lung,PM2.5,46614,46614,6.970760820434406,8.136853721406725,Q2 (7-8.1 ug/m3),3.5
1278.375,Transplant,0.8344344982574682,Q2,Lung,PM2.5,46614,46614,6.970760820434406,8.136853721406725,Q2 (7-8.1 ug/m3),3.5
1308.8125,Death/delisted too sick,0.12969288985141786,Q2,Lung,PM2.5,46614,46614,6.970760820434406,8.136853721406725,Q2 (7-8.1 ug/m3),3.5833333333333335
1308.8125,Transplant,0.8353558710728026,Q2,Lung,PM2.5,46614,46614,6.970760820434406,8.136853721406725,Q2 (7-8.1 ug/m3),3.5833333333333335
1339.25,Death/delisted too sick,0.12993624825165587,Q2,Lung,PM2.5,46614,46614,6.970760820434406,8.136853721406725,Q2 (7-8.1 ug/m3),3.6666666666666665
1339.25,Transplant,0.8358487559163468,Q2,Lung,PM2.5,46614,46614,6.970760820434406,8.136853721406725,Q2 (7-8.1 ug/m3),3.6666666666666665
1369.6875,Death/delisted too sick,0.13024602689124853,Q2,Lung,PM2.5,46614,46614,6.970760820434406,8.136853721406725,Q2 (7-8.1 ug/m3),3.75
1369.6875,Transplant,0.8362244042714462,Q2,Lung,PM2.5,46614,46614,6.970760820434406,8.136853721406725,Q2 (7-8.1 ug/m3),3.75
1400.125,Death/delisted too sick,0.13024602689124853,Q2,Lung,PM2.5,46614,46614,6.970760820434406,8.136853721406725,Q2 (7-8.1 ug/m3),3.8333333333333335
1400.125,Transplant,0.8366707784041313,Q2,Lung,PM2.5,46614,46614,6.970760820434406,8.136853721406725,Q2 (7-8.1 ug/m3),3.8333333333333335
1430.5625,Death/delisted too sick,0.13024602689124853,Q2,Lung,PM2.5,46614,46614,6.970760820434406,8.136853721406725,Q2 (7-8.1 ug/m3),3.9166666666666665
1430.5625,Transplant,0.8381157411654314,Q2,Lung,PM2.5,46614,46614,6.970760820434406,8.136853721406725,Q2 (7-8.1 ug/m3),3.9166666666666665
1461,Death/delisted too sick,0.13024602689124853,Q2,Lung,PM2.5,46614,46614,6.970760820434406,8.136853721406725,Q2 (7-8.1 ug/m3),4
1461,Transplant,0.8394128987637952,Q2,Lung,PM2.5,46614,46614,6.970760820434406,8.136853721406725,Q2 (7-8.1 ug/m3),4
1491.4375,Death/delisted too sick,0.13024602689124853,Q2,Lung,PM2.5,46614,46614,6.970760820434406,8.136853721406725,Q2 (7-8.1 ug/m3),4.083333333333333
1491.4375,Transplant,0.8394128987637952,Q2,Lung,PM2.5,46614,46614,6.970760820434406,8.136853721406725,Q2 (7-8.1 ug/m3),4.083333333333333
1521.875,Death/delisted too sick,0.13024602689124853,Q2,Lung,PM2.5,46614,46614,6.970760820434406,8.136853721406725,Q2 (7-8.1 ug/m3),4.166666666666667
1521.875,Transplant,0.8402545329175033,Q2,Lung,PM2.5,46614,46614,6.970760820434406,8.136853721406725,Q2 (7-8.1 ug/m3),4.166666666666667
1552.3125,Death/delisted too sick,0.13043001062225187,Q2,Lung,PM2.5,46614,46614,6.970760820434406,8.136853721406725,Q2 (7-8.1 ug/m3),4.25
1552.3125,Transplant,0.8403634768805662,Q2,Lung,PM2.5,46614,46614,6.970760820434406,8.136853721406725,Q2 (7-8.1 ug/m3),4.25
1582.75,Death/delisted too sick,0.13054203391357086,Q2,Lung,PM2.5,46614,46614,6.970760820434406,8.136853721406725,Q2 (7-8.1 ug/m3),4.333333333333333
1582.75,Transplant,0.8411859078245012,Q2,Lung,PM2.5,46614,46614,6.970760820434406,8.136853721406725,Q2 (7-8.1 ug/m3),4.333333333333333
1613.1875,Death/delisted too sick,0.13054203391357086,Q2,Lung,PM2.5,46614,46614,6.970760820434406,8.136853721406725,Q2 (7-8.1 ug/m3),4.416666666666667
1613.1875,Transplant,0.8419202907769308,Q2,Lung,PM2.5,46614,46614,6.970760820434406,8.136853721406725,Q2 (7-8.1 ug/m3),4.416666666666667
1643.625,Death/delisted too sick,0.13067725681572193,Q2,Lung,PM2.5,46614,46614,6.970760820434406,8.136853721406725,Q2 (7-8.1 ug/m3),4.5
1643.625,Transplant,0.8430445916743506,Q2,Lung,PM2.5,46614,46614,6.970760820434406,8.136853721406725,Q2 (7-8.1 ug/m3),4.5
1674.0625,Death/delisted too sick,0.131415703350486,Q2,Lung,PM2.5,46614,46614,6.970760820434406,8.136853721406725,Q2 (7-8.1 ug/m3),4.583333333333333
1674.0625,Transplant,0.8441298380491068,Q2,Lung,PM2.5,46614,46614,6.970760820434406,8.136853721406725,Q2 (7-8.1 ug/m3),4.583333333333333
1704.5,Death/delisted too sick,0.13178356966256335,Q2,Lung,PM2.5,46614,46614,6.970760820434406,8.136853721406725,Q2 (7-8.1 ug/m3),4.666666666666667
1704.5,Transplant,0.8441298380491068,Q2,Lung,PM2.5,46614,46614,6.970760820434406,8.136853721406725,Q2 (7-8.1 ug/m3),4.666666666666667
1734.9375,Death/delisted too sick,0.13266565006811085,Q2,Lung,PM2.5,46614,46614,6.970760820434406,8.136853721406725,Q2 (7-8.1 ug/m3),4.75
1734.9375,Transplant,0.8443233413713978,Q2,Lung,PM2.5,46614,46614,6.970760820434406,8.136853721406725,Q2 (7-8.1 ug/m3),4.75
1765.375,Death/delisted too sick,0.13266565006811085,Q2,Lung,PM2.5,46614,46614,6.970760820434406,8.136853721406725,Q2 (7-8.1 ug/m3),4.833333333333333
1765.375,Transplant,0.8444724925915791,Q2,Lung,PM2.5,46614,46614,6.970760820434406,8.136853721406725,Q2 (7-8.1 ug/m3),4.833333333333333
1795.8125,Death/delisted too sick,0.13266565006811085,Q2,Lung,PM2.5,46614,46614,6.970760820434406,8.136853721406725,Q2 (7-8.1 ug/m3),4.916666666666667
1795.8125,Transplant,0.8445962636996472,Q2,Lung,PM2.5,46614,46614,6.970760820434406,8.136853721406725,Q2 (7-8.1 ug/m3),4.916666666666667
1826.25,Death/delisted too sick,0.13266565006811085,Q2,Lung,PM2.5,46614,46614,6.970760820434406,8.136853721406725,Q2 (7-8.1 ug/m3),5
1826.25,Transplant,0.847282084024097,Q2,Lung,PM2.5,46614,46614,6.970760820434406,8.136853721406725,Q2 (7-8.1 ug/m3),5
0,Death/delisted too sick,0,Q3,Lung,PM2.5,46614,46614,8.136976174443783,9.638671137491864,Q3 (8.1-9.6 ug/m3),0
0,Transplant,0,Q3,Lung,PM2.5,46614,46614,8.136976174443783,9.638671137491864,Q3 (8.1-9.6 ug/m3),0
30.4375,Death/delisted too sick,0.04117375773260577,Q3,Lung,PM2.5,46614,46614,8.136976174443783,9.638671137491864,Q3 (8.1-9.6 ug/m3),0.08333333333333333
30.4375,Transplant,0.3299624701681479,Q3,Lung,PM2.5,46614,46614,8.136976174443783,9.638671137491864,Q3 (8.1-9.6 ug/m3),0.08333333333333333
60.875,Death/delisted too sick,0.05670749829274818,Q3,Lung,PM2.5,46614,46614,8.136976174443783,9.638671137491864,Q3 (8.1-9.6 ug/m3),0.16666666666666666
60.875,Transplant,0.4625282626509337,Q3,Lung,PM2.5,46614,46614,8.136976174443783,9.638671137491864,Q3 (8.1-9.6 ug/m3),0.16666666666666666
91.3125,Death/delisted too sick,0.0658624548607772,Q3,Lung,PM2.5,46614,46614,8.136976174443783,9.638671137491864,Q3 (8.1-9.6 ug/m3),0.25
91.3125,Transplant,0.5373505454684063,Q3,Lung,PM2.5,46614,46614,8.136976174443783,9.638671137491864,Q3 (8.1-9.6 ug/m3),0.25
121.75,Death/delisted too sick,0.07249807689306738,Q3,Lung,PM2.5,46614,46614,8.136976174443783,9.638671137491864,Q3 (8.1-9.6 ug/m3),0.3333333333333333
121.75,Transplant,0.5851965973221918,Q3,Lung,PM2.5,46614,46614,8.136976174443783,9.638671137491864,Q3 (8.1-9.6 ug/m3),0.3333333333333333
152.1875,Death/delisted too sick,0.07792782872329208,Q3,Lung,PM2.5,46614,46614,8.136976174443783,9.638671137491864,Q3 (8.1-9.6 ug/m3),0.4166666666666667
152.1875,Transplant,0.6219381281715398,Q3,Lung,PM2.5,46614,46614,8.136976174443783,9.638671137491864,Q3 (8.1-9.6 ug/m3),0.4166666666666667
182.625,Death/delisted too sick,0.08311012136152507,Q3,Lung,PM2.5,46614,46614,8.136976174443783,9.638671137491864,Q3 (8.1-9.6 ug/m3),0.5
182.625,Transplant,0.6516082728130667,Q3,Lung,PM2.5,46614,46614,8.136976174443783,9.638671137491864,Q3 (8.1-9.6 ug/m3),0.5
213.0625,Death/delisted too sick,0.08791101713532992,Q3,Lung,PM2.5,46614,46614,8.136976174443783,9.638671137491864,Q3 (8.1-9.6 ug/m3),0.5833333333333334
213.0625,Transplant,0.6739217125985223,Q3,Lung,PM2.5,46614,46614,8.136976174443783,9.638671137491864,Q3 (8.1-9.6 ug/m3),0.5833333333333334
243.5,Death/delisted too sick,0.09155996853409695,Q3,Lung,PM2.5,46614,46614,8.136976174443783,9.638671137491864,Q3 (8.1-9.6 ug/m3),0.6666666666666666
243.5,Transplant,0.692690161863635,Q3,Lung,PM2.5,46614,46614,8.136976174443783,9.638671137491864,Q3 (8.1-9.6 ug/m3),0.6666666666666666
273.9375,Death/delisted too sick,0.09516078516252836,Q3,Lung,PM2.5,46614,46614,8.136976174443783,9.638671137491864,Q3 (8.1-9.6 ug/m3),0.75
273.9375,Transplant,0.7091489559368989,Q3,Lung,PM2.5,46614,46614,8.136976174443783,9.638671137491864,Q3 (8.1-9.6 ug/m3),0.75
304.375,Death/delisted too sick,0.09768399651146056,Q3,Lung,PM2.5,46614,46614,8.136976174443783,9.638671137491864,Q3 (8.1-9.6 ug/m3),0.8333333333333334
304.375,Transplant,0.7255482273897418,Q3,Lung,PM2.5,46614,46614,8.136976174443783,9.638671137491864,Q3 (8.1-9.6 ug/m3),0.8333333333333334
334.8125,Death/delisted too sick,0.10071061266773923,Q3,Lung,PM2.5,46614,46614,8.136976174443783,9.638671137491864,Q3 (8.1-9.6 ug/m3),0.9166666666666666
334.8125,Transplant,0.736611590265558,Q3,Lung,PM2.5,46614,46614,8.136976174443783,9.638671137491864,Q3 (8.1-9.6 ug/m3),0.9166666666666666
365.25,Death/delisted too sick,0.10304007220578833,Q3,Lung,PM2.5,46614,46614,8.136976174443783,9.638671137491864,Q3 (8.1-9.6 ug/m3),1
365.25,Transplant,0.7453733990564908,Q3,Lung,PM2.5,46614,46614,8.136976174443783,9.638671137491864,Q3 (8.1-9.6 ug/m3),1
395.6875,Death/delisted too sick,0.10442873846244705,Q3,Lung,PM2.5,46614,46614,8.136976174443783,9.638671137491864,Q3 (8.1-9.6 ug/m3),1.0833333333333333
395.6875,Transplant,0.7539595411822115,Q3,Lung,PM2.5,46614,46614,8.136976174443783,9.638671137491864,Q3 (8.1-9.6 ug/m3),1.0833333333333333
426.125,Death/delisted too sick,0.10714709396927487,Q3,Lung,PM2.5,46614,46614,8.136976174443783,9.638671137491864,Q3 (8.1-9.6 ug/m3),1.1666666666666667
426.125,Transplant,0.7621282340778077,Q3,Lung,PM2.5,46614,46614,8.136976174443783,9.638671137491864,Q3 (8.1-9.6 ug/m3),1.1666666666666667
456.5625,Death/delisted too sick,0.10833134754369221,Q3,Lung,PM2.5,46614,46614,8.136976174443783,9.638671137491864,Q3 (8.1-9.6 ug/m3),1.25
456.5625,Transplant,0.7689430369954883,Q3,Lung,PM2.5,46614,46614,8.136976174443783,9.638671137491864,Q3 (8.1-9.6 ug/m3),1.25
487,Death/delisted too sick,0.10961141070999263,Q3,Lung,PM2.5,46614,46614,8.136976174443783,9.638671137491864,Q3 (8.1-9.6 ug/m3),1.3333333333333333
487,Transplant,0.7756736766196,Q3,Lung,PM2.5,46614,46614,8.136976174443783,9.638671137491864,Q3 (8.1-9.6 ug/m3),1.3333333333333333
517.4375,Death/delisted too sick,0.11120927326180784,Q3,Lung,PM2.5,46614,46614,8.136976174443783,9.638671137491864,Q3 (8.1-9.6 ug/m3),1.4166666666666667
517.4375,Transplant,0.7810483584247854,Q3,Lung,PM2.5,46614,46614,8.136976174443783,9.638671137491864,Q3 (8.1-9.6 ug/m3),1.4166666666666667
547.875,Death/delisted too sick,0.11206863075346171,Q3,Lung,PM2.5,46614,46614,8.136976174443783,9.638671137491864,Q3 (8.1-9.6 ug/m3),1.5
547.875,Transplant,0.7863595194218143,Q3,Lung,PM2.5,46614,46614,8.136976174443783,9.638671137491864,Q3 (8.1-9.6 ug/m3),1.5
578.3125,Death/delisted too sick,0.11328358668714142,Q3,Lung,PM2.5,46614,46614,8.136976174443783,9.638671137491864,Q3 (8.1-9.6 ug/m3),1.5833333333333333
578.3125,Transplant,0.791658692383019,Q3,Lung,PM2.5,46614,46614,8.136976174443783,9.638671137491864,Q3 (8.1-9.6 ug/m3),1.5833333333333333
608.75,Death/delisted too sick,0.11402629668797402,Q3,Lung,PM2.5,46614,46614,8.136976174443783,9.638671137491864,Q3 (8.1-9.6 ug/m3),1.6666666666666667
608.75,Transplant,0.7947912441876178,Q3,Lung,PM2.5,46614,46614,8.136976174443783,9.638671137491864,Q3 (8.1-9.6 ug/m3),1.6666666666666667
639.1875,Death/delisted too sick,0.1150311788909048,Q3,Lung,PM2.5,46614,46614,8.136976174443783,9.638671137491864,Q3 (8.1-9.6 ug/m3),1.75
639.1875,Transplant,0.7996979466946726,Q3,Lung,PM2.5,46614,46614,8.136976174443783,9.638671137491864,Q3 (8.1-9.6 ug/m3),1.75
669.625,Death/delisted too sick,0.11610441919762422,Q3,Lung,PM2.5,46614,46614,8.136976174443783,9.638671137491864,Q3 (8.1-9.6 ug/m3),1.8333333333333333
669.625,Transplant,0.8029695999258986,Q3,Lung,PM2.5,46614,46614,8.136976174443783,9.638671137491864,Q3 (8.1-9.6 ug/m3),1.8333333333333333
700.0625,Death/delisted too sick,0.11739823870471151,Q3,Lung,PM2.5,46614,46614,8.136976174443783,9.638671137491864,Q3 (8.1-9.6 ug/m3),1.9166666666666667
700.0625,Transplant,0.8050430109075573,Q3,Lung,PM2.5,46614,46614,8.136976174443783,9.638671137491864,Q3 (8.1-9.6 ug/m3),1.9166666666666667
730.5,Death/delisted too sick,0.11853552857281024,Q3,Lung,PM2.5,46614,46614,8.136976174443783,9.638671137491864,Q3 (8.1-9.6 ug/m3),2
730.5,Transplant,0.8073095896802306,Q3,Lung,PM2.5,46614,46614,8.136976174443783,9.638671137491864,Q3 (8.1-9.6 ug/m3),2
760.9375,Death/delisted too sick,0.11933744090548941,Q3,Lung,PM2.5,46614,46614,8.136976174443783,9.638671137491864,Q3 (8.1-9.6 ug/m3),2.0833333333333335
760.9375,Transplant,0.8093986437172181,Q3,Lung,PM2.5,46614,46614,8.136976174443783,9.638671137491864,Q3 (8.1-9.6 ug/m3),2.0833333333333335
791.375,Death/delisted too sick,0.12045578554908172,Q3,Lung,PM2.5,46614,46614,8.136976174443783,9.638671137491864,Q3 (8.1-9.6 ug/m3),2.1666666666666665
791.375,Transplant,0.8127947572345042,Q3,Lung,PM2.5,46614,46614,8.136976174443783,9.638671137491864,Q3 (8.1-9.6 ug/m3),2.1666666666666665
821.8125,Death/delisted too sick,0.12068677545604813,Q3,Lung,PM2.5,46614,46614,8.136976174443783,9.638671137491864,Q3 (8.1-9.6 ug/m3),2.25
821.8125,Transplant,0.8150392510239516,Q3,Lung,PM2.5,46614,46614,8.136976174443783,9.638671137491864,Q3 (8.1-9.6 ug/m3),2.25
852.25,Death/delisted too sick,0.12112542763194216,Q3,Lung,PM2.5,46614,46614,8.136976174443783,9.638671137491864,Q3 (8.1-9.6 ug/m3),2.3333333333333335
852.25,Transplant,0.8166403873232672,Q3,Lung,PM2.5,46614,46614,8.136976174443783,9.638671137491864,Q3 (8.1-9.6 ug/m3),2.3333333333333335
882.6875,Death/delisted too sick,0.12233538533268501,Q3,Lung,PM2.5,46614,46614,8.136976174443783,9.638671137491864,Q3 (8.1-9.6 ug/m3),2.4166666666666665
882.6875,Transplant,0.8193792467324772,Q3,Lung,PM2.5,46614,46614,8.136976174443783,9.638671137491864,Q3 (8.1-9.6 ug/m3),2.4166666666666665
913.125,Death/delisted too sick,0.12268237558307671,Q3,Lung,PM2.5,46614,46614,8.136976174443783,9.638671137491864,Q3 (8.1-9.6 ug/m3),2.5
913.125,Transplant,0.8206752794672758,Q3,Lung,PM2.5,46614,46614,8.136976174443783,9.638671137491864,Q3 (8.1-9.6 ug/m3),2.5
943.5625,Death/delisted too sick,0.12300303148340584,Q3,Lung,PM2.5,46614,46614,8.136976174443783,9.638671137491864,Q3 (8.1-9.6 ug/m3),2.5833333333333335
943.5625,Transplant,0.8214434856524543,Q3,Lung,PM2.5,46614,46614,8.136976174443783,9.638671137491864,Q3 (8.1-9.6 ug/m3),2.5833333333333335
974,Death/delisted too sick,0.12351507062721548,Q3,Lung,PM2.5,46614,46614,8.136976174443783,9.638671137491864,Q3 (8.1-9.6 ug/m3),2.6666666666666665
974,Transplant,0.8229987476548103,Q3,Lung,PM2.5,46614,46614,8.136976174443783,9.638671137491864,Q3 (8.1-9.6 ug/m3),2.6666666666666665
1004.4375,Death/delisted too sick,0.1256584945221883,Q3,Lung,PM2.5,46614,46614,8.136976174443783,9.638671137491864,Q3 (8.1-9.6 ug/m3),2.75
1004.4375,Transplant,0.8248238517488213,Q3,Lung,PM2.5,46614,46614,8.136976174443783,9.638671137491864,Q3 (8.1-9.6 ug/m3),2.75
1034.875,Death/delisted too sick,0.1265424184889321,Q3,Lung,PM2.5,46614,46614,8.136976174443783,9.638671137491864,Q3 (8.1-9.6 ug/m3),2.8333333333333335
1034.875,Transplant,0.8253741380197219,Q3,Lung,PM2.5,46614,46614,8.136976174443783,9.638671137491864,Q3 (8.1-9.6 ug/m3),2.8333333333333335
1065.3125,Death/delisted too sick,0.12747591725595672,Q3,Lung,PM2.5,46614,46614,8.136976174443783,9.638671137491864,Q3 (8.1-9.6 ug/m3),2.9166666666666665
1065.3125,Transplant,0.8274007040015035,Q3,Lung,PM2.5,46614,46614,8.136976174443783,9.638671137491864,Q3 (8.1-9.6 ug/m3),2.9166666666666665
1095.75,Death/delisted too sick,0.12815274266852753,Q3,Lung,PM2.5,46614,46614,8.136976174443783,9.638671137491864,Q3 (8.1-9.6 ug/m3),3
1095.75,Transplant,0.8285709951312817,Q3,Lung,PM2.5,46614,46614,8.136976174443783,9.638671137491864,Q3 (8.1-9.6 ug/m3),3
1126.1875,Death/delisted too sick,0.12887018070360812,Q3,Lung,PM2.5,46614,46614,8.136976174443783,9.638671137491864,Q3 (8.1-9.6 ug/m3),3.0833333333333335
1126.1875,Transplant,0.8296422373530323,Q3,Lung,PM2.5,46614,46614,8.136976174443783,9.638671137491864,Q3 (8.1-9.6 ug/m3),3.0833333333333335
1156.625,Death/delisted too sick,0.12922846082186937,Q3,Lung,PM2.5,46614,46614,8.136976174443783,9.638671137491864,Q3 (8.1-9.6 ug/m3),3.1666666666666665
1156.625,Transplant,0.8305849833687095,Q3,Lung,PM2.5,46614,46614,8.136976174443783,9.638671137491864,Q3 (8.1-9.6 ug/m3),3.1666666666666665
1187.0625,Death/delisted too sick,0.12941137155992344,Q3,Lung,PM2.5,46614,46614,8.136976174443783,9.638671137491864,Q3 (8.1-9.6 ug/m3),3.25
1187.0625,Transplant,0.8317381546412489,Q3,Lung,PM2.5,46614,46614,8.136976174443783,9.638671137491864,Q3 (8.1-9.6 ug/m3),3.25
1217.5,Death/delisted too sick,0.12996362682851537,Q3,Lung,PM2.5,46614,46614,8.136976174443783,9.638671137491864,Q3 (8.1-9.6 ug/m3),3.3333333333333335
1217.5,Transplant,0.8329296307196331,Q3,Lung,PM2.5,46614,46614,8.136976174443783,9.638671137491864,Q3 (8.1-9.6 ug/m3),3.3333333333333335
1247.9375,Death/delisted too sick,0.130323768318255,Q3,Lung,PM2.5,46614,46614,8.136976174443783,9.638671137491864,Q3 (8.1-9.6 ug/m3),3.4166666666666665
1247.9375,Transplant,0.8342229908632679,Q3,Lung,PM2.5,46614,46614,8.136976174443783,9.638671137491864,Q3 (8.1-9.6 ug/m3),3.4166666666666665
1278.375,Death/delisted too sick,0.13064482630467347,Q3,Lung,PM2.5,46614,46614,8.136976174443783,9.638671137491864,Q3 (8.1-9.6 ug/m3),3.5
1278.375,Transplant,0.834827773941703,Q3,Lung,PM2.5,46614,46614,8.136976174443783,9.638671137491864,Q3 (8.1-9.6 ug/m3),3.5
1308.8125,Death/delisted too sick,0.13140316847190578,Q3,Lung,PM2.5,46614,46614,8.136976174443783,9.638671137491864,Q3 (8.1-9.6 ug/m3),3.5833333333333335
1308.8125,Transplant,0.8356441271722401,Q3,Lung,PM2.5,46614,46614,8.136976174443783,9.638671137491864,Q3 (8.1-9.6 ug/m3),3.5833333333333335
1339.25,Death/delisted too sick,0.1314786169150146,Q3,Lung,PM2.5,46614,46614,8.136976174443783,9.638671137491864,Q3 (8.1-9.6 ug/m3),3.6666666666666665
1339.25,Transplant,0.8367138687466337,Q3,Lung,PM2.5,46614,46614,8.136976174443783,9.638671137491864,Q3 (8.1-9.6 ug/m3),3.6666666666666665
1369.6875,Death/delisted too sick,0.13171658788298907,Q3,Lung,PM2.5,46614,46614,8.136976174443783,9.638671137491864,Q3 (8.1-9.6 ug/m3),3.75
1369.6875,Transplant,0.837458822930081,Q3,Lung,PM2.5,46614,46614,8.136976174443783,9.638671137491864,Q3 (8.1-9.6 ug/m3),3.75
1400.125,Death/delisted too sick,0.13179116304164776,Q3,Lung,PM2.5,46614,46614,8.136976174443783,9.638671137491864,Q3 (8.1-9.6 ug/m3),3.8333333333333335
1400.125,Transplant,0.8379730140400848,Q3,Lung,PM2.5,46614,46614,8.136976174443783,9.638671137491864,Q3 (8.1-9.6 ug/m3),3.8333333333333335
1430.5625,Death/delisted too sick,0.13216167006057003,Q3,Lung,PM2.5,46614,46614,8.136976174443783,9.638671137491864,Q3 (8.1-9.6 ug/m3),3.9166666666666665
1430.5625,Transplant,0.8387085085494631,Q3,Lung,PM2.5,46614,46614,8.136976174443783,9.638671137491864,Q3 (8.1-9.6 ug/m3),3.9166666666666665
1461,Death/delisted too sick,0.13277459928835988,Q3,Lung,PM2.5,46614,46614,8.136976174443783,9.638671137491864,Q3 (8.1-9.6 ug/m3),4
1461,Transplant,0.8391204308928555,Q3,Lung,PM2.5,46614,46614,8.136976174443783,9.638671137491864,Q3 (8.1-9.6 ug/m3),4
1491.4375,Death/delisted too sick,0.13277459928835988,Q3,Lung,PM2.5,46614,46614,8.136976174443783,9.638671137491864,Q3 (8.1-9.6 ug/m3),4.083333333333333
1491.4375,Transplant,0.8395112307017835,Q3,Lung,PM2.5,46614,46614,8.136976174443783,9.638671137491864,Q3 (8.1-9.6 ug/m3),4.083333333333333
1521.875,Death/delisted too sick,0.13301109624526397,Q3,Lung,PM2.5,46614,46614,8.136976174443783,9.638671137491864,Q3 (8.1-9.6 ug/m3),4.166666666666667
1521.875,Transplant,0.8401778055933009,Q3,Lung,PM2.5,46614,46614,8.136976174443783,9.638671137491864,Q3 (8.1-9.6 ug/m3),4.166666666666667
1552.3125,Death/delisted too sick,0.1336573327938626,Q3,Lung,PM2.5,46614,46614,8.136976174443783,9.638671137491864,Q3 (8.1-9.6 ug/m3),4.25
1552.3125,Transplant,0.8407257160072449,Q3,Lung,PM2.5,46614,46614,8.136976174443783,9.638671137491864,Q3 (8.1-9.6 ug/m3),4.25
1582.75,Death/delisted too sick,0.1340865408666438,Q3,Lung,PM2.5,46614,46614,8.136976174443783,9.638671137491864,Q3 (8.1-9.6 ug/m3),4.333333333333333
1582.75,Transplant,0.8413077342825306,Q3,Lung,PM2.5,46614,46614,8.136976174443783,9.638671137491864,Q3 (8.1-9.6 ug/m3),4.333333333333333
1613.1875,Death/delisted too sick,0.1340865408666438,Q3,Lung,PM2.5,46614,46614,8.136976174443783,9.638671137491864,Q3 (8.1-9.6 ug/m3),4.416666666666667
1613.1875,Transplant,0.8418605112598617,Q3,Lung,PM2.5,46614,46614,8.136976174443783,9.638671137491864,Q3 (8.1-9.6 ug/m3),4.416666666666667
1643.625,Death/delisted too sick,0.1345127528570616,Q3,Lung,PM2.5,46614,46614,8.136976174443783,9.638671137491864,Q3 (8.1-9.6 ug/m3),4.5
1643.625,Transplant,0.8418605112598617,Q3,Lung,PM2.5,46614,46614,8.136976174443783,9.638671137491864,Q3 (8.1-9.6 ug/m3),4.5
1674.0625,Death/delisted too sick,0.13463555146217643,Q3,Lung,PM2.5,46614,46614,8.136976174443783,9.638671137491864,Q3 (8.1-9.6 ug/m3),4.583333333333333
1674.0625,Transplant,0.8420050958720976,Q3,Lung,PM2.5,46614,46614,8.136976174443783,9.638671137491864,Q3 (8.1-9.6 ug/m3),4.583333333333333
1704.5,Death/delisted too sick,0.13479537388310883,Q3,Lung,PM2.5,46614,46614,8.136976174443783,9.638671137491864,Q3 (8.1-9.6 ug/m3),4.666666666666667
1704.5,Transplant,0.8429873364118629,Q3,Lung,PM2.5,46614,46614,8.136976174443783,9.638671137491864,Q3 (8.1-9.6 ug/m3),4.666666666666667
1734.9375,Death/delisted too sick,0.13479537388310883,Q3,Lung,PM2.5,46614,46614,8.136976174443783,9.638671137491864,Q3 (8.1-9.6 ug/m3),4.75
1734.9375,Transplant,0.8438718947455621,Q3,Lung,PM2.5,46614,46614,8.136976174443783,9.638671137491864,Q3 (8.1-9.6 ug/m3),4.75
1765.375,Death/delisted too sick,0.13489665279655694,Q3,Lung,PM2.5,46614,46614,8.136976174443783,9.638671137491864,Q3 (8.1-9.6 ug/m3),4.833333333333333
1765.375,Transplant,0.8443033145305527,Q3,Lung,PM2.5,46614,46614,8.136976174443783,9.638671137491864,Q3 (8.1-9.6 ug/m3),4.833333333333333
1795.8125,Death/delisted too sick,0.13489665279655694,Q3,Lung,PM2.5,46614,46614,8.136976174443783,9.638671137491864,Q3 (8.1-9.6 ug/m3),4.916666666666667
1795.8125,Transplant,0.8452028725114956,Q3,Lung,PM2.5,46614,46614,8.136976174443783,9.638671137491864,Q3 (8.1-9.6 ug/m3),4.916666666666667
1826.25,Death/delisted too sick,0.13489665279655694,Q3,Lung,PM2.5,46614,46614,8.136976174443783,9.638671137491864,Q3 (8.1-9.6 ug/m3),5
1826.25,Transplant,0.845368034678707,Q3,Lung,PM2.5,46614,46614,8.136976174443783,9.638671137491864,Q3 (8.1-9.6 ug/m3),5
0,Death/delisted too sick,0,Q4,Lung,PM2.5,46614,46614,9.638855246530069,34.762101420275265,Q4 (9.6-34.8 ug/m3),0
0,Transplant,0,Q4,Lung,PM2.5,46614,46614,9.638855246530069,34.762101420275265,Q4 (9.6-34.8 ug/m3),0
30.4375,Death/delisted too sick,0.039328134862360004,Q4,Lung,PM2.5,46614,46614,9.638855246530069,34.762101420275265,Q4 (9.6-34.8 ug/m3),0.08333333333333333
30.4375,Transplant,0.3015700890983437,Q4,Lung,PM2.5,46614,46614,9.638855246530069,34.762101420275265,Q4 (9.6-34.8 ug/m3),0.08333333333333333
60.875,Death/delisted too sick,0.04927061463356238,Q4,Lung,PM2.5,46614,46614,9.638855246530069,34.762101420275265,Q4 (9.6-34.8 ug/m3),0.16666666666666666
60.875,Transplant,0.4266748037963266,Q4,Lung,PM2.5,46614,46614,9.638855246530069,34.762101420275265,Q4 (9.6-34.8 ug/m3),0.16666666666666666
91.3125,Death/delisted too sick,0.05701493397490684,Q4,Lung,PM2.5,46614,46614,9.638855246530069,34.762101420275265,Q4 (9.6-34.8 ug/m3),0.25
91.3125,Transplant,0.505612835092516,Q4,Lung,PM2.5,46614,46614,9.638855246530069,34.762101420275265,Q4 (9.6-34.8 ug/m3),0.25
121.75,Death/delisted too sick,0.06351195383708058,Q4,Lung,PM2.5,46614,46614,9.638855246530069,34.762101420275265,Q4 (9.6-34.8 ug/m3),0.3333333333333333
121.75,Transplant,0.560546036216063,Q4,Lung,PM2.5,46614,46614,9.638855246530069,34.762101420275265,Q4 (9.6-34.8 ug/m3),0.3333333333333333
152.1875,Death/delisted too sick,0.07011644894761754,Q4,Lung,PM2.5,46614,46614,9.638855246530069,34.762101420275265,Q4 (9.6-34.8 ug/m3),0.4166666666666667
152.1875,Transplant,0.6027450528197171,Q4,Lung,PM2.5,46614,46614,9.638855246530069,34.762101420275265,Q4 (9.6-34.8 ug/m3),0.4166666666666667
182.625,Death/delisted too sick,0.07509440699534639,Q4,Lung,PM2.5,46614,46614,9.638855246530069,34.762101420275265,Q4 (9.6-34.8 ug/m3),0.5
182.625,Transplant,0.6344881497403478,Q4,Lung,PM2.5,46614,46614,9.638855246530069,34.762101420275265,Q4 (9.6-34.8 ug/m3),0.5
213.0625,Death/delisted too sick,0.07936092853153907,Q4,Lung,PM2.5,46614,46614,9.638855246530069,34.762101420275265,Q4 (9.6-34.8 ug/m3),0.5833333333333334
213.0625,Transplant,0.6609172930160911,Q4,Lung,PM2.5,46614,46614,9.638855246530069,34.762101420275265,Q4 (9.6-34.8 ug/m3),0.5833333333333334
243.5,Death/delisted too sick,0.08218338140951592,Q4,Lung,PM2.5,46614,46614,9.638855246530069,34.762101420275265,Q4 (9.6-34.8 ug/m3),0.6666666666666666
243.5,Transplant,0.6807941866073441,Q4,Lung,PM2.5,46614,46614,9.638855246530069,34.762101420275265,Q4 (9.6-34.8 ug/m3),0.6666666666666666
273.9375,Death/delisted too sick,0.0855778426928957,Q4,Lung,PM2.5,46614,46614,9.638855246530069,34.762101420275265,Q4 (9.6-34.8 ug/m3),0.75
273.9375,Transplant,0.6963503606640514,Q4,Lung,PM2.5,46614,46614,9.638855246530069,34.762101420275265,Q4 (9.6-34.8 ug/m3),0.75
304.375,Death/delisted too sick,0.08920771898900244,Q4,Lung,PM2.5,46614,46614,9.638855246530069,34.762101420275265,Q4 (9.6-34.8 ug/m3),0.8333333333333334
304.375,Transplant,0.7106543623381845,Q4,Lung,PM2.5,46614,46614,9.638855246530069,34.762101420275265,Q4 (9.6-34.8 ug/m3),0.8333333333333334
334.8125,Death/delisted too sick,0.09163136805887165,Q4,Lung,PM2.5,46614,46614,9.638855246530069,34.762101420275265,Q4 (9.6-34.8 ug/m3),0.9166666666666666
334.8125,Transplant,0.7233907906371367,Q4,Lung,PM2.5,46614,46614,9.638855246530069,34.762101420275265,Q4 (9.6-34.8 ug/m3),0.9166666666666666
365.25,Death/delisted too sick,0.0936965804317503,Q4,Lung,PM2.5,46614,46614,9.638855246530069,34.762101420275265,Q4 (9.6-34.8 ug/m3),1
365.25,Transplant,0.7329445105347945,Q4,Lung,PM2.5,46614,46614,9.638855246530069,34.762101420275265,Q4 (9.6-34.8 ug/m3),1
395.6875,Death/delisted too sick,0.09699027894462109,Q4,Lung,PM2.5,46614,46614,9.638855246530069,34.762101420275265,Q4 (9.6-34.8 ug/m3),1.0833333333333333
395.6875,Transplant,0.7425891620524281,Q4,Lung,PM2.5,46614,46614,9.638855246530069,34.762101420275265,Q4 (9.6-34.8 ug/m3),1.0833333333333333
426.125,Death/delisted too sick,0.0987647519341553,Q4,Lung,PM2.5,46614,46614,9.638855246530069,34.762101420275265,Q4 (9.6-34.8 ug/m3),1.1666666666666667
426.125,Transplant,0.7500036361089291,Q4,Lung,PM2.5,46614,46614,9.638855246530069,34.762101420275265,Q4 (9.6-34.8 ug/m3),1.1666666666666667
456.5625,Death/delisted too sick,0.10052894227442871,Q4,Lung,PM2.5,46614,46614,9.638855246530069,34.762101420275265,Q4 (9.6-34.8 ug/m3),1.25
456.5625,Transplant,0.7575802658313286,Q4,Lung,PM2.5,46614,46614,9.638855246530069,34.762101420275265,Q4 (9.6-34.8 ug/m3),1.25
487,Death/delisted too sick,0.10253176185543661,Q4,Lung,PM2.5,46614,46614,9.638855246530069,34.762101420275265,Q4 (9.6-34.8 ug/m3),1.3333333333333333
487,Transplant,0.763744378719638,Q4,Lung,PM2.5,46614,46614,9.638855246530069,34.762101420275265,Q4 (9.6-34.8 ug/m3),1.3333333333333333
517.4375,Death/delisted too sick,0.10390152551204544,Q4,Lung,PM2.5,46614,46614,9.638855246530069,34.762101420275265,Q4 (9.6-34.8 ug/m3),1.4166666666666667
517.4375,Transplant,0.7696379852880324,Q4,Lung,PM2.5,46614,46614,9.638855246530069,34.762101420275265,Q4 (9.6-34.8 ug/m3),1.4166666666666667
547.875,Death/delisted too sick,0.1052538507062323,Q4,Lung,PM2.5,46614,46614,9.638855246530069,34.762101420275265,Q4 (9.6-34.8 ug/m3),1.5
547.875,Transplant,0.7749743899149395,Q4,Lung,PM2.5,46614,46614,9.638855246530069,34.762101420275265,Q4 (9.6-34.8 ug/m3),1.5
578.3125,Death/delisted too sick,0.10723854779653093,Q4,Lung,PM2.5,46614,46614,9.638855246530069,34.762101420275265,Q4 (9.6-34.8 ug/m3),1.5833333333333333
578.3125,Transplant,0.7801461998022915,Q4,Lung,PM2.5,46614,46614,9.638855246530069,34.762101420275265,Q4 (9.6-34.8 ug/m3),1.5833333333333333
608.75,Death/delisted too sick,0.10845535121324743,Q4,Lung,PM2.5,46614,46614,9.638855246530069,34.762101420275265,Q4 (9.6-34.8 ug/m3),1.6666666666666667
608.75,Transplant,0.7848200738901007,Q4,Lung,PM2.5,46614,46614,9.638855246530069,34.762101420275265,Q4 (9.6-34.8 ug/m3),1.6666666666666667
639.1875,Death/delisted too sick,0.10969224896475117,Q4,Lung,PM2.5,46614,46614,9.638855246530069,34.762101420275265,Q4 (9.6-34.8 ug/m3),1.75
639.1875,Transplant,0.7900589841185316,Q4,Lung,PM2.5,46614,46614,9.638855246530069,34.762101420275265,Q4 (9.6-34.8 ug/m3),1.75
669.625,Death/delisted too sick,0.1104499632937202,Q4,Lung,PM2.5,46614,46614,9.638855246530069,34.762101420275265,Q4 (9.6-34.8 ug/m3),1.8333333333333333
669.625,Transplant,0.7927963876641038,Q4,Lung,PM2.5,46614,46614,9.638855246530069,34.762101420275265,Q4 (9.6-34.8 ug/m3),1.8333333333333333
700.0625,Death/delisted too sick,0.11121031812996095,Q4,Lung,PM2.5,46614,46614,9.638855246530069,34.762101420275265,Q4 (9.6-34.8 ug/m3),1.9166666666666667
700.0625,Transplant,0.7988328605204676,Q4,Lung,PM2.5,46614,46614,9.638855246530069,34.762101420275265,Q4 (9.6-34.8 ug/m3),1.9166666666666667
730.5,Death/delisted too sick,0.11265790011409593,Q4,Lung,PM2.5,46614,46614,9.638855246530069,34.762101420275265,Q4 (9.6-34.8 ug/m3),2
730.5,Transplant,0.8032649356952073,Q4,Lung,PM2.5,46614,46614,9.638855246530069,34.762101420275265,Q4 (9.6-34.8 ug/m3),2
760.9375,Death/delisted too sick,0.11519354038471376,Q4,Lung,PM2.5,46614,46614,9.638855246530069,34.762101420275265,Q4 (9.6-34.8 ug/m3),2.0833333333333335
760.9375,Transplant,0.8056677229524647,Q4,Lung,PM2.5,46614,46614,9.638855246530069,34.762101420275265,Q4 (9.6-34.8 ug/m3),2.0833333333333335
791.375,Death/delisted too sick,0.11551417705861063,Q4,Lung,PM2.5,46614,46614,9.638855246530069,34.762101420275265,Q4 (9.6-34.8 ug/m3),2.1666666666666665
791.375,Transplant,0.8076990691588911,Q4,Lung,PM2.5,46614,46614,9.638855246530069,34.762101420275265,Q4 (9.6-34.8 ug/m3),2.1666666666666665
821.8125,Death/delisted too sick,0.11583460797980935,Q4,Lung,PM2.5,46614,46614,9.638855246530069,34.762101420275265,Q4 (9.6-34.8 ug/m3),2.25
821.8125,Transplant,0.8100458980109018,Q4,Lung,PM2.5,46614,46614,9.638855246530069,34.762101420275265,Q4 (9.6-34.8 ug/m3),2.25
852.25,Death/delisted too sick,0.1164393292055161,Q4,Lung,PM2.5,46614,46614,9.638855246530069,34.762101420275265,Q4 (9.6-34.8 ug/m3),2.3333333333333335
852.25,Transplant,0.8138291587509693,Q4,Lung,PM2.5,46614,46614,9.638855246530069,34.762101420275265,Q4 (9.6-34.8 ug/m3),2.3333333333333335
882.6875,Death/delisted too sick,0.11717381978464551,Q4,Lung,PM2.5,46614,46614,9.638855246530069,34.762101420275265,Q4 (9.6-34.8 ug/m3),2.4166666666666665
882.6875,Transplant,0.8168385841822894,Q4,Lung,PM2.5,46614,46614,9.638855246530069,34.762101420275265,Q4 (9.6-34.8 ug/m3),2.4166666666666665
913.125,Death/delisted too sick,0.1176250847684813,Q4,Lung,PM2.5,46614,46614,9.638855246530069,34.762101420275265,Q4 (9.6-34.8 ug/m3),2.5
913.125,Transplant,0.8193009321605363,Q4,Lung,PM2.5,46614,46614,9.638855246530069,34.762101420275265,Q4 (9.6-34.8 ug/m3),2.5
943.5625,Death/delisted too sick,0.11835068501175161,Q4,Lung,PM2.5,46614,46614,9.638855246530069,34.762101420275265,Q4 (9.6-34.8 ug/m3),2.5833333333333335
943.5625,Transplant,0.8217892637365974,Q4,Lung,PM2.5,46614,46614,9.638855246530069,34.762101420275265,Q4 (9.6-34.8 ug/m3),2.5833333333333335
974,Death/delisted too sick,0.11884772078340443,Q4,Lung,PM2.5,46614,46614,9.638855246530069,34.762101420275265,Q4 (9.6-34.8 ug/m3),2.6666666666666665
974,Transplant,0.8244162490101671,Q4,Lung,PM2.5,46614,46614,9.638855246530069,34.762101420275265,Q4 (9.6-34.8 ug/m3),2.6666666666666665
1004.4375,Death/delisted too sick,0.11946357044109844,Q4,Lung,PM2.5,46614,46614,9.638855246530069,34.762101420275265,Q4 (9.6-34.8 ug/m3),2.75
1004.4375,Transplant,0.8264534806476426,Q4,Lung,PM2.5,46614,46614,9.638855246530069,34.762101420275265,Q4 (9.6-34.8 ug/m3),2.75
1034.875,Death/delisted too sick,0.12093857811349162,Q4,Lung,PM2.5,46614,46614,9.638855246530069,34.762101420275265,Q4 (9.6-34.8 ug/m3),2.8333333333333335
1034.875,Transplant,0.8280099233013501,Q4,Lung,PM2.5,46614,46614,9.638855246530069,34.762101420275265,Q4 (9.6-34.8 ug/m3),2.8333333333333335
1065.3125,Death/delisted too sick,0.12234749424415105,Q4,Lung,PM2.5,46614,46614,9.638855246530069,34.762101420275265,Q4 (9.6-34.8 ug/m3),2.9166666666666665
1065.3125,Transplant,0.8295240845406819,Q4,Lung,PM2.5,46614,46614,9.638855246530069,34.762101420275265,Q4 (9.6-34.8 ug/m3),2.9166666666666665
1095.75,Death/delisted too sick,0.12285116705693852,Q4,Lung,PM2.5,46614,46614,9.638855246530069,34.762101420275265,Q4 (9.6-34.8 ug/m3),3
1095.75,Transplant,0.8321800821785905,Q4,Lung,PM2.5,46614,46614,9.638855246530069,34.762101420275265,Q4 (9.6-34.8 ug/m3),3
1126.1875,Death/delisted too sick,0.1231616486937624,Q4,Lung,PM2.5,46614,46614,9.638855246530069,34.762101420275265,Q4 (9.6-34.8 ug/m3),3.0833333333333335
1126.1875,Transplant,0.8334094005400562,Q4,Lung,PM2.5,46614,46614,9.638855246530069,34.762101420275265,Q4 (9.6-34.8 ug/m3),3.0833333333333335
1156.625,Death/delisted too sick,0.12358438688144295,Q4,Lung,PM2.5,46614,46614,9.638855246530069,34.762101420275265,Q4 (9.6-34.8 ug/m3),3.1666666666666665
1156.625,Transplant,0.8347906378554646,Q4,Lung,PM2.5,46614,46614,9.638855246530069,34.762101420275265,Q4 (9.6-34.8 ug/m3),3.1666666666666665
1187.0625,Death/delisted too sick,0.12388714373019918,Q4,Lung,PM2.5,46614,46614,9.638855246530069,34.762101420275265,Q4 (9.6-34.8 ug/m3),3.25
1187.0625,Transplant,0.8362719490904822,Q4,Lung,PM2.5,46614,46614,9.638855246530069,34.762101420275265,Q4 (9.6-34.8 ug/m3),3.25
1217.5,Death/delisted too sick,0.1244161926068621,Q4,Lung,PM2.5,46614,46614,9.638855246530069,34.762101420275265,Q4 (9.6-34.8 ug/m3),3.3333333333333335
1217.5,Transplant,0.8373611458839765,Q4,Lung,PM2.5,46614,46614,9.638855246530069,34.762101420275265,Q4 (9.6-34.8 ug/m3),3.3333333333333335
1247.9375,Death/delisted too sick,0.12482736974255798,Q4,Lung,PM2.5,46614,46614,9.638855246530069,34.762101420275265,Q4 (9.6-34.8 ug/m3),3.4166666666666665
1247.9375,Transplant,0.837920914108287,Q4,Lung,PM2.5,46614,46614,9.638855246530069,34.762101420275265,Q4 (9.6-34.8 ug/m3),3.4166666666666665
1278.375,Death/delisted too sick,0.12540273991118406,Q4,Lung,PM2.5,46614,46614,9.638855246530069,34.762101420275265,Q4 (9.6-34.8 ug/m3),3.5
1278.375,Transplant,0.8386560401109007,Q4,Lung,PM2.5,46614,46614,9.638855246530069,34.762101420275265,Q4 (9.6-34.8 ug/m3),3.5
1308.8125,Death/delisted too sick,0.12693030304430894,Q4,Lung,PM2.5,46614,46614,9.638855246530069,34.762101420275265,Q4 (9.6-34.8 ug/m3),3.5833333333333335
1308.8125,Transplant,0.8397391519458275,Q4,Lung,PM2.5,46614,46614,9.638855246530069,34.762101420275265,Q4 (9.6-34.8 ug/m3),3.5833333333333335
1339.25,Death/delisted too sick,0.12723752378273162,Q4,Lung,PM2.5,46614,46614,9.638855246530069,34.762101420275265,Q4 (9.6-34.8 ug/m3),3.6666666666666665
1339.25,Transplant,0.8403651668230109,Q4,Lung,PM2.5,46614,46614,9.638855246530069,34.762101420275265,Q4 (9.6-34.8 ug/m3),3.6666666666666665
1369.6875,Death/delisted too sick,0.12731093834387508,Q4,Lung,PM2.5,46614,46614,9.638855246530069,34.762101420275265,Q4 (9.6-34.8 ug/m3),3.75
1369.6875,Transplant,0.8415779181169296,Q4,Lung,PM2.5,46614,46614,9.638855246530069,34.762101420275265,Q4 (9.6-34.8 ug/m3),3.75
1400.125,Death/delisted too sick,0.12743341363769392,Q4,Lung,PM2.5,46614,46614,9.638855246530069,34.762101420275265,Q4 (9.6-34.8 ug/m3),3.8333333333333335
1400.125,Transplant,0.8429409895034857,Q4,Lung,PM2.5,46614,46614,9.638855246530069,34.762101420275265,Q4 (9.6-34.8 ug/m3),3.8333333333333335
1430.5625,Death/delisted too sick,0.12783774547261112,Q4,Lung,PM2.5,46614,46614,9.638855246530069,34.762101420275265,Q4 (9.6-34.8 ug/m3),3.9166666666666665
1430.5625,Transplant,0.8430767121065437,Q4,Lung,PM2.5,46614,46614,9.638855246530069,34.762101420275265,Q4 (9.6-34.8 ug/m3),3.9166666666666665
1461,Death/delisted too sick,0.12790177304532432,Q4,Lung,PM2.5,46614,46614,9.638855246530069,34.762101420275265,Q4 (9.6-34.8 ug/m3),4
1461,Transplant,0.8430767121065437,Q4,Lung,PM2.5,46614,46614,9.638855246530069,34.762101420275265,Q4 (9.6-34.8 ug/m3),4
1491.4375,Death/delisted too sick,0.12808225804895046,Q4,Lung,PM2.5,46614,46614,9.638855246530069,34.762101420275265,Q4 (9.6-34.8 ug/m3),4.083333333333333
1491.4375,Transplant,0.8436350027798545,Q4,Lung,PM2.5,46614,46614,9.638855246530069,34.762101420275265,Q4 (9.6-34.8 ug/m3),4.083333333333333
1521.875,Death/delisted too sick,0.12840817379964692,Q4,Lung,PM2.5,46614,46614,9.638855246530069,34.762101420275265,Q4 (9.6-34.8 ug/m3),4.166666666666667
1521.875,Transplant,0.844537976161778,Q4,Lung,PM2.5,46614,46614,9.638855246530069,34.762101420275265,Q4 (9.6-34.8 ug/m3),4.166666666666667
1552.3125,Death/delisted too sick,0.12851951047952986,Q4,Lung,PM2.5,46614,46614,9.638855246530069,34.762101420275265,Q4 (9.6-34.8 ug/m3),4.25
1552.3125,Transplant,0.8450483126774208,Q4,Lung,PM2.5,46614,46614,9.638855246530069,34.762101420275265,Q4 (9.6-34.8 ug/m3),4.25
1582.75,Death/delisted too sick,0.12917415527731288,Q4,Lung,PM2.5,46614,46614,9.638855246530069,34.762101420275265,Q4 (9.6-34.8 ug/m3),4.333333333333333
1582.75,Transplant,0.8453252636135484,Q4,Lung,PM2.5,46614,46614,9.638855246530069,34.762101420275265,Q4 (9.6-34.8 ug/m3),4.333333333333333
1613.1875,Death/delisted too sick,0.12982963391859495,Q4,Lung,PM2.5,46614,46614,9.638855246530069,34.762101420275265,Q4 (9.6-34.8 ug/m3),4.416666666666667
1613.1875,Transplant,0.8457200742946352,Q4,Lung,PM2.5,46614,46614,9.638855246530069,34.762101420275265,Q4 (9.6-34.8 ug/m3),4.416666666666667
1643.625,Death/delisted too sick,0.1299667322423574,Q4,Lung,PM2.5,46614,46614,9.638855246530069,34.762101420275265,Q4 (9.6-34.8 ug/m3),4.5
1643.625,Transplant,0.8477773561742987,Q4,Lung,PM2.5,46614,46614,9.638855246530069,34.762101420275265,Q4 (9.6-34.8 ug/m3),4.5
1674.0625,Death/delisted too sick,0.1299667322423574,Q4,Lung,PM2.5,46614,46614,9.638855246530069,34.762101420275265,Q4 (9.6-34.8 ug/m3),4.583333333333333
1674.0625,Transplant,0.8479357907190855,Q4,Lung,PM2.5,46614,46614,9.638855246530069,34.762101420275265,Q4 (9.6-34.8 ug/m3),4.583333333333333
1704.5,Death/delisted too sick,0.13015082359520266,Q4,Lung,PM2.5,46614,46614,9.638855246530069,34.762101420275265,Q4 (9.6-34.8 ug/m3),4.666666666666667
1704.5,Transplant,0.8487330682804717,Q4,Lung,PM2.5,46614,46614,9.638855246530069,34.762101420275265,Q4 (9.6-34.8 ug/m3),4.666666666666667
1734.9375,Death/delisted too sick,0.13024484340302114,Q4,Lung,PM2.5,46614,46614,9.638855246530069,34.762101420275265,Q4 (9.6-34.8 ug/m3),4.75
1734.9375,Transplant,0.8500842399233924,Q4,Lung,PM2.5,46614,46614,9.638855246530069,34.762101420275265,Q4 (9.6-34.8 ug/m3),4.75
1765.375,Death/delisted too sick,0.13036553816924526,Q4,Lung,PM2.5,46614,46614,9.638855246530069,34.762101420275265,Q4 (9.6-34.8 ug/m3),4.833333333333333
1765.375,Transplant,0.8523902717875624,Q4,Lung,PM2.5,46614,46614,9.638855246530069,34.762101420275265,Q4 (9.6-34.8 ug/m3),4.833333333333333
1795.8125,Death/delisted too sick,0.13044333792596638,Q4,Lung,PM2.5,46614,46614,9.638855246530069,34.762101420275265,Q4 (9.6-34.8 ug/m3),4.916666666666667
1795.8125,Transplant,0.8527739876890341,Q4,Lung,PM2.5,46614,46614,9.638855246530069,34.762101420275265,Q4 (9.6-34.8 ug/m3),4.916666666666667
1826.25,Death/delisted too sick,0.1306730080927901,Q4,Lung,PM2.5,46614,46614,9.638855246530069,34.762101420275265,Q4 (9.6-34.8 ug/m3),5
1826.25,Transplant,0.8527739876890341,Q4,Lung,PM2.5,46614,46614,9.638855246530069,34.762101420275265,Q4 (9.6-34.8 ug/m3),5
