time_days,event,cumulative_incidence,quartile,organ,pollutant,ps_n,full_n,min_value,max_value,quartile_label,years_since_listing
0,Death/delisted too sick,0,Q1,Heart,NO2,73497,73497,0.233840116012244,4.84919106960297,Q1 (0.2-4.8 units),0
0,Transplant,0,Q1,Heart,NO2,73497,73497,0.233840116012244,4.84919106960297,Q1 (0.2-4.8 units),0
30.4375,Death/delisted too sick,0.03393057218604653,Q1,Heart,NO2,73497,73497,0.233840116012244,4.84919106960297,Q1 (0.2-4.8 units),0.08333333333333333
30.4375,Transplant,0.255601708652891,Q1,Heart,NO2,73497,73497,0.233840116012244,4.84919106960297,Q1 (0.2-4.8 units),0.08333333333333333
60.875,Death/delisted too sick,0.05521343695333018,Q1,Heart,NO2,73497,73497,0.233840116012244,4.84919106960297,Q1 (0.2-4.8 units),0.16666666666666666
60.875,Transplant,0.35152218185945616,Q1,Heart,NO2,73497,73497,0.233840116012244,4.84919106960297,Q1 (0.2-4.8 units),0.16666666666666666
91.3125,Death/delisted too sick,0.06646134619354757,Q1,Heart,NO2,73497,73497,0.233840116012244,4.84919106960297,Q1 (0.2-4.8 units),0.25
91.3125,Transplant,0.4117412910847842,Q1,Heart,NO2,73497,73497,0.233840116012244,4.84919106960297,Q1 (0.2-4.8 units),0.25
121.75,Death/delisted too sick,0.0750294483884805,Q1,Heart,NO2,73497,73497,0.233840116012244,4.84919106960297,Q1 (0.2-4.8 units),0.3333333333333333
121.75,Transplant,0.45849074918068977,Q1,Heart,NO2,73497,73497,0.233840116012244,4.84919106960297,Q1 (0.2-4.8 units),0.3333333333333333
152.1875,Death/delisted too sick,0.08049150545583994,Q1,Heart,NO2,73497,73497,0.233840116012244,4.84919106960297,Q1 (0.2-4.8 units),0.4166666666666667
152.1875,Transplant,0.49508799186648755,Q1,Heart,NO2,73497,73497,0.233840116012244,4.84919106960297,Q1 (0.2-4.8 units),0.4166666666666667
182.625,Death/delisted too sick,0.08449535670253434,Q1,Heart,NO2,73497,73497,0.233840116012244,4.84919106960297,Q1 (0.2-4.8 units),0.5
182.625,Transplant,0.521246322445173,Q1,Heart,NO2,73497,73497,0.233840116012244,4.84919106960297,Q1 (0.2-4.8 units),0.5
213.0625,Death/delisted too sick,0.08893016560099631,Q1,Heart,NO2,73497,73497,0.233840116012244,4.84919106960297,Q1 (0.2-4.8 units),0.5833333333333334
213.0625,Transplant,0.5455782086158845,Q1,Heart,NO2,73497,73497,0.233840116012244,4.84919106960297,Q1 (0.2-4.8 units),0.5833333333333334
243.5,Death/delisted too sick,0.09219860408392647,Q1,Heart,NO2,73497,73497,0.233840116012244,4.84919106960297,Q1 (0.2-4.8 units),0.6666666666666666
243.5,Transplant,0.5655888283928645,Q1,Heart,NO2,73497,73497,0.233840116012244,4.84919106960297,Q1 (0.2-4.8 units),0.6666666666666666
273.9375,Death/delisted too sick,0.09566109720446701,Q1,Heart,NO2,73497,73497,0.233840116012244,4.84919106960297,Q1 (0.2-4.8 units),0.75
273.9375,Transplant,0.5834827624776693,Q1,Heart,NO2,73497,73497,0.233840116012244,4.84919106960297,Q1 (0.2-4.8 units),0.75
304.375,Death/delisted too sick,0.09865125277670327,Q1,Heart,NO2,73497,73497,0.233840116012244,4.84919106960297,Q1 (0.2-4.8 units),0.8333333333333334
304.375,Transplant,0.6030013382868419,Q1,Heart,NO2,73497,73497,0.233840116012244,4.84919106960297,Q1 (0.2-4.8 units),0.8333333333333334
334.8125,Death/delisted too sick,0.10084989099973604,Q1,Heart,NO2,73497,73497,0.233840116012244,4.84919106960297,Q1 (0.2-4.8 units),0.9166666666666666
334.8125,Transplant,0.618307990287675,Q1,Heart,NO2,73497,73497,0.233840116012244,4.84919106960297,Q1 (0.2-4.8 units),0.9166666666666666
365.25,Death/delisted too sick,0.10330648444705073,Q1,Heart,NO2,73497,73497,0.233840116012244,4.84919106960297,Q1 (0.2-4.8 units),1
365.25,Transplant,0.6296688314189308,Q1,Heart,NO2,73497,73497,0.233840116012244,4.84919106960297,Q1 (0.2-4.8 units),1
395.6875,Death/delisted too sick,0.10579223257962461,Q1,Heart,NO2,73497,73497,0.233840116012244,4.84919106960297,Q1 (0.2-4.8 units),1.0833333333333333
395.6875,Transplant,0.6389875492234434,Q1,Heart,NO2,73497,73497,0.233840116012244,4.84919106960297,Q1 (0.2-4.8 units),1.0833333333333333
426.125,Death/delisted too sick,0.10726898070004162,Q1,Heart,NO2,73497,73497,0.233840116012244,4.84919106960297,Q1 (0.2-4.8 units),1.1666666666666667
426.125,Transplant,0.6489583905419007,Q1,Heart,NO2,73497,73497,0.233840116012244,4.84919106960297,Q1 (0.2-4.8 units),1.1666666666666667
456.5625,Death/delisted too sick,0.10924762571300255,Q1,Heart,NO2,73497,73497,0.233840116012244,4.84919106960297,Q1 (0.2-4.8 units),1.25
456.5625,Transplant,0.6563847636348681,Q1,Heart,NO2,73497,73497,0.233840116012244,4.84919106960297,Q1 (0.2-4.8 units),1.25
487,Death/delisted too sick,0.11061756301645831,Q1,Heart,NO2,73497,73497,0.233840116012244,4.84919106960297,Q1 (0.2-4.8 units),1.3333333333333333
487,Transplant,0.667647207626215,Q1,Heart,NO2,73497,73497,0.233840116012244,4.84919106960297,Q1 (0.2-4.8 units),1.3333333333333333
517.4375,Death/delisted too sick,0.11348830048898376,Q1,Heart,NO2,73497,73497,0.233840116012244,4.84919106960297,Q1 (0.2-4.8 units),1.4166666666666667
517.4375,Transplant,0.6759320380702764,Q1,Heart,NO2,73497,73497,0.233840116012244,4.84919106960297,Q1 (0.2-4.8 units),1.4166666666666667
547.875,Death/delisted too sick,0.11525840302146739,Q1,Heart,NO2,73497,73497,0.233840116012244,4.84919106960297,Q1 (0.2-4.8 units),1.5
547.875,Transplant,0.6841754510600486,Q1,Heart,NO2,73497,73497,0.233840116012244,4.84919106960297,Q1 (0.2-4.8 units),1.5
578.3125,Death/delisted too sick,0.11658187004602767,Q1,Heart,NO2,73497,73497,0.233840116012244,4.84919106960297,Q1 (0.2-4.8 units),1.5833333333333333
578.3125,Transplant,0.6906110445586456,Q1,Heart,NO2,73497,73497,0.233840116012244,4.84919106960297,Q1 (0.2-4.8 units),1.5833333333333333
608.75,Death/delisted too sick,0.11844606334085275,Q1,Heart,NO2,73497,73497,0.233840116012244,4.84919106960297,Q1 (0.2-4.8 units),1.6666666666666667
608.75,Transplant,0.6976074978018512,Q1,Heart,NO2,73497,73497,0.233840116012244,4.84919106960297,Q1 (0.2-4.8 units),1.6666666666666667
639.1875,Death/delisted too sick,0.12008024977446442,Q1,Heart,NO2,73497,73497,0.233840116012244,4.84919106960297,Q1 (0.2-4.8 units),1.75
639.1875,Transplant,0.7024414168914376,Q1,Heart,NO2,73497,73497,0.233840116012244,4.84919106960297,Q1 (0.2-4.8 units),1.75
669.625,Death/delisted too sick,0.1216452734896732,Q1,Heart,NO2,73497,73497,0.233840116012244,4.84919106960297,Q1 (0.2-4.8 units),1.8333333333333333
669.625,Transplant,0.7102597236372826,Q1,Heart,NO2,73497,73497,0.233840116012244,4.84919106960297,Q1 (0.2-4.8 units),1.8333333333333333
700.0625,Death/delisted too sick,0.12418520834047392,Q1,Heart,NO2,73497,73497,0.233840116012244,4.84919106960297,Q1 (0.2-4.8 units),1.9166666666666667
700.0625,Transplant,0.7151469514416416,Q1,Heart,NO2,73497,73497,0.233840116012244,4.84919106960297,Q1 (0.2-4.8 units),1.9166666666666667
730.5,Death/delisted too sick,0.12526746946661538,Q1,Heart,NO2,73497,73497,0.233840116012244,4.84919106960297,Q1 (0.2-4.8 units),2
730.5,Transplant,0.7192681094173358,Q1,Heart,NO2,73497,73497,0.233840116012244,4.84919106960297,Q1 (0.2-4.8 units),2
760.9375,Death/delisted too sick,0.12698986067249077,Q1,Heart,NO2,73497,73497,0.233840116012244,4.84919106960297,Q1 (0.2-4.8 units),2.0833333333333335
760.9375,Transplant,0.7226284662923987,Q1,Heart,NO2,73497,73497,0.233840116012244,4.84919106960297,Q1 (0.2-4.8 units),2.0833333333333335
791.375,Death/delisted too sick,0.12811704620424497,Q1,Heart,NO2,73497,73497,0.233840116012244,4.84919106960297,Q1 (0.2-4.8 units),2.1666666666666665
791.375,Transplant,0.7264795306899633,Q1,Heart,NO2,73497,73497,0.233840116012244,4.84919106960297,Q1 (0.2-4.8 units),2.1666666666666665
821.8125,Death/delisted too sick,0.12921442253753418,Q1,Heart,NO2,73497,73497,0.233840116012244,4.84919106960297,Q1 (0.2-4.8 units),2.25
821.8125,Transplant,0.7297553618137823,Q1,Heart,NO2,73497,73497,0.233840116012244,4.84919106960297,Q1 (0.2-4.8 units),2.25
852.25,Death/delisted too sick,0.1306741300849038,Q1,Heart,NO2,73497,73497,0.233840116012244,4.84919106960297,Q1 (0.2-4.8 units),2.3333333333333335
852.25,Transplant,0.7328386449748187,Q1,Heart,NO2,73497,73497,0.233840116012244,4.84919106960297,Q1 (0.2-4.8 units),2.3333333333333335
882.6875,Death/delisted too sick,0.13165021315093178,Q1,Heart,NO2,73497,73497,0.233840116012244,4.84919106960297,Q1 (0.2-4.8 units),2.4166666666666665
882.6875,Transplant,0.7355038508225962,Q1,Heart,NO2,73497,73497,0.233840116012244,4.84919106960297,Q1 (0.2-4.8 units),2.4166666666666665
913.125,Death/delisted too sick,0.13198667211304302,Q1,Heart,NO2,73497,73497,0.233840116012244,4.84919106960297,Q1 (0.2-4.8 units),2.5
913.125,Transplant,0.7378100080952111,Q1,Heart,NO2,73497,73497,0.233840116012244,4.84919106960297,Q1 (0.2-4.8 units),2.5
943.5625,Death/delisted too sick,0.13288619985174088,Q1,Heart,NO2,73497,73497,0.233840116012244,4.84919106960297,Q1 (0.2-4.8 units),2.5833333333333335
943.5625,Transplant,0.7404234346769828,Q1,Heart,NO2,73497,73497,0.233840116012244,4.84919106960297,Q1 (0.2-4.8 units),2.5833333333333335
974,Death/delisted too sick,0.13419736610078653,Q1,Heart,NO2,73497,73497,0.233840116012244,4.84919106960297,Q1 (0.2-4.8 units),2.6666666666666665
974,Transplant,0.7434275777225094,Q1,Heart,NO2,73497,73497,0.233840116012244,4.84919106960297,Q1 (0.2-4.8 units),2.6666666666666665
1004.4375,Death/delisted too sick,0.13507882000315055,Q1,Heart,NO2,73497,73497,0.233840116012244,4.84919106960297,Q1 (0.2-4.8 units),2.75
1004.4375,Transplant,0.7459529735357289,Q1,Heart,NO2,73497,73497,0.233840116012244,4.84919106960297,Q1 (0.2-4.8 units),2.75
1034.875,Death/delisted too sick,0.13675098301970787,Q1,Heart,NO2,73497,73497,0.233840116012244,4.84919106960297,Q1 (0.2-4.8 units),2.8333333333333335
1034.875,Transplant,0.7474516254648087,Q1,Heart,NO2,73497,73497,0.233840116012244,4.84919106960297,Q1 (0.2-4.8 units),2.8333333333333335
1065.3125,Death/delisted too sick,0.13738856665982316,Q1,Heart,NO2,73497,73497,0.233840116012244,4.84919106960297,Q1 (0.2-4.8 units),2.9166666666666665
1065.3125,Transplant,0.7502568874116277,Q1,Heart,NO2,73497,73497,0.233840116012244,4.84919106960297,Q1 (0.2-4.8 units),2.9166666666666665
1095.75,Death/delisted too sick,0.1385167809248468,Q1,Heart,NO2,73497,73497,0.233840116012244,4.84919106960297,Q1 (0.2-4.8 units),3
1095.75,Transplant,0.7535600194257992,Q1,Heart,NO2,73497,73497,0.233840116012244,4.84919106960297,Q1 (0.2-4.8 units),3
1126.1875,Death/delisted too sick,0.13943712387416948,Q1,Heart,NO2,73497,73497,0.233840116012244,4.84919106960297,Q1 (0.2-4.8 units),3.0833333333333335
1126.1875,Transplant,0.7562807534143925,Q1,Heart,NO2,73497,73497,0.233840116012244,4.84919106960297,Q1 (0.2-4.8 units),3.0833333333333335
1156.625,Death/delisted too sick,0.14078583665812971,Q1,Heart,NO2,73497,73497,0.233840116012244,4.84919106960297,Q1 (0.2-4.8 units),3.1666666666666665
1156.625,Transplant,0.7597945537670613,Q1,Heart,NO2,73497,73497,0.233840116012244,4.84919106960297,Q1 (0.2-4.8 units),3.1666666666666665
1187.0625,Death/delisted too sick,0.14113708998070257,Q1,Heart,NO2,73497,73497,0.233840116012244,4.84919106960297,Q1 (0.2-4.8 units),3.25
1187.0625,Transplant,0.760770439063143,Q1,Heart,NO2,73497,73497,0.233840116012244,4.84919106960297,Q1 (0.2-4.8 units),3.25
1217.5,Death/delisted too sick,0.14166282299721034,Q1,Heart,NO2,73497,73497,0.233840116012244,4.84919106960297,Q1 (0.2-4.8 units),3.3333333333333335
1217.5,Transplant,0.7622240237446047,Q1,Heart,NO2,73497,73497,0.233840116012244,4.84919106960297,Q1 (0.2-4.8 units),3.3333333333333335
1247.9375,Death/delisted too sick,0.14245023470090334,Q1,Heart,NO2,73497,73497,0.233840116012244,4.84919106960297,Q1 (0.2-4.8 units),3.4166666666666665
1247.9375,Transplant,0.7637625982513021,Q1,Heart,NO2,73497,73497,0.233840116012244,4.84919106960297,Q1 (0.2-4.8 units),3.4166666666666665
1278.375,Death/delisted too sick,0.143532982213305,Q1,Heart,NO2,73497,73497,0.233840116012244,4.84919106960297,Q1 (0.2-4.8 units),3.5
1278.375,Transplant,0.7653846781280669,Q1,Heart,NO2,73497,73497,0.233840116012244,4.84919106960297,Q1 (0.2-4.8 units),3.5
1308.8125,Death/delisted too sick,0.14396137038020265,Q1,Heart,NO2,73497,73497,0.233840116012244,4.84919106960297,Q1 (0.2-4.8 units),3.5833333333333335
1308.8125,Transplant,0.7664690320050072,Q1,Heart,NO2,73497,73497,0.233840116012244,4.84919106960297,Q1 (0.2-4.8 units),3.5833333333333335
1339.25,Death/delisted too sick,0.14451138902941618,Q1,Heart,NO2,73497,73497,0.233840116012244,4.84919106960297,Q1 (0.2-4.8 units),3.6666666666666665
1339.25,Transplant,0.7679273847443341,Q1,Heart,NO2,73497,73497,0.233840116012244,4.84919106960297,Q1 (0.2-4.8 units),3.6666666666666665
1369.6875,Death/delisted too sick,0.14515364315021004,Q1,Heart,NO2,73497,73497,0.233840116012244,4.84919106960297,Q1 (0.2-4.8 units),3.75
1369.6875,Transplant,0.7694088588897792,Q1,Heart,NO2,73497,73497,0.233840116012244,4.84919106960297,Q1 (0.2-4.8 units),3.75
1400.125,Death/delisted too sick,0.14547381433321538,Q1,Heart,NO2,73497,73497,0.233840116012244,4.84919106960297,Q1 (0.2-4.8 units),3.8333333333333335
1400.125,Transplant,0.7704508799247486,Q1,Heart,NO2,73497,73497,0.233840116012244,4.84919106960297,Q1 (0.2-4.8 units),3.8333333333333335
1430.5625,Death/delisted too sick,0.14602334605839248,Q1,Heart,NO2,73497,73497,0.233840116012244,4.84919106960297,Q1 (0.2-4.8 units),3.9166666666666665
1430.5625,Transplant,0.771995125722423,Q1,Heart,NO2,73497,73497,0.233840116012244,4.84919106960297,Q1 (0.2-4.8 units),3.9166666666666665
1461,Death/delisted too sick,0.1466209964627974,Q1,Heart,NO2,73497,73497,0.233840116012244,4.84919106960297,Q1 (0.2-4.8 units),4
1461,Transplant,0.7728283196735506,Q1,Heart,NO2,73497,73497,0.233840116012244,4.84919106960297,Q1 (0.2-4.8 units),4
1491.4375,Death/delisted too sick,0.14774694240235067,Q1,Heart,NO2,73497,73497,0.233840116012244,4.84919106960297,Q1 (0.2-4.8 units),4.083333333333333
1491.4375,Transplant,0.7737548874616622,Q1,Heart,NO2,73497,73497,0.233840116012244,4.84919106960297,Q1 (0.2-4.8 units),4.083333333333333
1521.875,Death/delisted too sick,0.1478789299131993,Q1,Heart,NO2,73497,73497,0.233840116012244,4.84919106960297,Q1 (0.2-4.8 units),4.166666666666667
1521.875,Transplant,0.7750246312855754,Q1,Heart,NO2,73497,73497,0.233840116012244,4.84919106960297,Q1 (0.2-4.8 units),4.166666666666667
1552.3125,Death/delisted too sick,0.1505595761964181,Q1,Heart,NO2,73497,73497,0.233840116012244,4.84919106960297,Q1 (0.2-4.8 units),4.25
1552.3125,Transplant,0.7766857577923496,Q1,Heart,NO2,73497,73497,0.233840116012244,4.84919106960297,Q1 (0.2-4.8 units),4.25
1582.75,Death/delisted too sick,0.1509581665890748,Q1,Heart,NO2,73497,73497,0.233840116012244,4.84919106960297,Q1 (0.2-4.8 units),4.333333333333333
1582.75,Transplant,0.7780558374248722,Q1,Heart,NO2,73497,73497,0.233840116012244,4.84919106960297,Q1 (0.2-4.8 units),4.333333333333333
1613.1875,Death/delisted too sick,0.15101163450351138,Q1,Heart,NO2,73497,73497,0.233840116012244,4.84919106960297,Q1 (0.2-4.8 units),4.416666666666667
1613.1875,Transplant,0.7799482505451327,Q1,Heart,NO2,73497,73497,0.233840116012244,4.84919106960297,Q1 (0.2-4.8 units),4.416666666666667
1643.625,Death/delisted too sick,0.15115072751378267,Q1,Heart,NO2,73497,73497,0.233840116012244,4.84919106960297,Q1 (0.2-4.8 units),4.5
1643.625,Transplant,0.7819821690174497,Q1,Heart,NO2,73497,73497,0.233840116012244,4.84919106960297,Q1 (0.2-4.8 units),4.5
1674.0625,Death/delisted too sick,0.15179203357073054,Q1,Heart,NO2,73497,73497,0.233840116012244,4.84919106960297,Q1 (0.2-4.8 units),4.583333333333333
1674.0625,Transplant,0.7827834271348708,Q1,Heart,NO2,73497,73497,0.233840116012244,4.84919106960297,Q1 (0.2-4.8 units),4.583333333333333
1704.5,Death/delisted too sick,0.15214442186726707,Q1,Heart,NO2,73497,73497,0.233840116012244,4.84919106960297,Q1 (0.2-4.8 units),4.666666666666667
1704.5,Transplant,0.7847108062802612,Q1,Heart,NO2,73497,73497,0.233840116012244,4.84919106960297,Q1 (0.2-4.8 units),4.666666666666667
1734.9375,Death/delisted too sick,0.1541328492326145,Q1,Heart,NO2,73497,73497,0.233840116012244,4.84919106960297,Q1 (0.2-4.8 units),4.75
1734.9375,Transplant,0.7851873331471417,Q1,Heart,NO2,73497,73497,0.233840116012244,4.84919106960297,Q1 (0.2-4.8 units),4.75
1765.375,Death/delisted too sick,0.15515424257405558,Q1,Heart,NO2,73497,73497,0.233840116012244,4.84919106960297,Q1 (0.2-4.8 units),4.833333333333333
1765.375,Transplant,0.7866013936540821,Q1,Heart,NO2,73497,73497,0.233840116012244,4.84919106960297,Q1 (0.2-4.8 units),4.833333333333333
1795.8125,Death/delisted too sick,0.15533783480860405,Q1,Heart,NO2,73497,73497,0.233840116012244,4.84919106960297,Q1 (0.2-4.8 units),4.916666666666667
1795.8125,Transplant,0.7873848459911041,Q1,Heart,NO2,73497,73497,0.233840116012244,4.84919106960297,Q1 (0.2-4.8 units),4.916666666666667
1826.25,Death/delisted too sick,0.15596569066037333,Q1,Heart,NO2,73497,73497,0.233840116012244,4.84919106960297,Q1 (0.2-4.8 units),5
1826.25,Transplant,0.7883145894592655,Q1,Heart,NO2,73497,73497,0.233840116012244,4.84919106960297,Q1 (0.2-4.8 units),5
0,Death/delisted too sick,0,Q2,Heart,NO2,73497,73497,4.84935953812813,7.67002331359046,Q2 (4.8-7.7 units),0
0,Transplant,0,Q2,Heart,NO2,73497,73497,4.84935953812813,7.67002331359046,Q2 (4.8-7.7 units),0
30.4375,Death/delisted too sick,0.035046887515959434,Q2,Heart,NO2,73497,73497,4.84935953812813,7.67002331359046,Q2 (4.8-7.7 units),0.08333333333333333
30.4375,Transplant,0.24695062468228748,Q2,Heart,NO2,73497,73497,4.84935953812813,7.67002331359046,Q2 (4.8-7.7 units),0.08333333333333333
60.875,Death/delisted too sick,0.052460615292518505,Q2,Heart,NO2,73497,73497,4.84935953812813,7.67002331359046,Q2 (4.8-7.7 units),0.16666666666666666
60.875,Transplant,0.3485071866793714,Q2,Heart,NO2,73497,73497,4.84935953812813,7.67002331359046,Q2 (4.8-7.7 units),0.16666666666666666
91.3125,Death/delisted too sick,0.06299364219564728,Q2,Heart,NO2,73497,73497,4.84935953812813,7.67002331359046,Q2 (4.8-7.7 units),0.25
91.3125,Transplant,0.41015640981913193,Q2,Heart,NO2,73497,73497,4.84935953812813,7.67002331359046,Q2 (4.8-7.7 units),0.25
121.75,Death/delisted too sick,0.07127585554075778,Q2,Heart,NO2,73497,73497,4.84935953812813,7.67002331359046,Q2 (4.8-7.7 units),0.3333333333333333
121.75,Transplant,0.4552679350473359,Q2,Heart,NO2,73497,73497,4.84935953812813,7.67002331359046,Q2 (4.8-7.7 units),0.3333333333333333
152.1875,Death/delisted too sick,0.07699768781505478,Q2,Heart,NO2,73497,73497,4.84935953812813,7.67002331359046,Q2 (4.8-7.7 units),0.4166666666666667
152.1875,Transplant,0.49136161885674734,Q2,Heart,NO2,73497,73497,4.84935953812813,7.67002331359046,Q2 (4.8-7.7 units),0.4166666666666667
182.625,Death/delisted too sick,0.08200372191806121,Q2,Heart,NO2,73497,73497,4.84935953812813,7.67002331359046,Q2 (4.8-7.7 units),0.5
182.625,Transplant,0.5192651002790196,Q2,Heart,NO2,73497,73497,4.84935953812813,7.67002331359046,Q2 (4.8-7.7 units),0.5
213.0625,Death/delisted too sick,0.08611560277660689,Q2,Heart,NO2,73497,73497,4.84935953812813,7.67002331359046,Q2 (4.8-7.7 units),0.5833333333333334
213.0625,Transplant,0.5445599371629426,Q2,Heart,NO2,73497,73497,4.84935953812813,7.67002331359046,Q2 (4.8-7.7 units),0.5833333333333334
243.5,Death/delisted too sick,0.08983877430147115,Q2,Heart,NO2,73497,73497,4.84935953812813,7.67002331359046,Q2 (4.8-7.7 units),0.6666666666666666
243.5,Transplant,0.5653596510600039,Q2,Heart,NO2,73497,73497,4.84935953812813,7.67002331359046,Q2 (4.8-7.7 units),0.6666666666666666
273.9375,Death/delisted too sick,0.09259357416996362,Q2,Heart,NO2,73497,73497,4.84935953812813,7.67002331359046,Q2 (4.8-7.7 units),0.75
273.9375,Transplant,0.5819731368690427,Q2,Heart,NO2,73497,73497,4.84935953812813,7.67002331359046,Q2 (4.8-7.7 units),0.75
304.375,Death/delisted too sick,0.09633426059111141,Q2,Heart,NO2,73497,73497,4.84935953812813,7.67002331359046,Q2 (4.8-7.7 units),0.8333333333333334
304.375,Transplant,0.5996124098824357,Q2,Heart,NO2,73497,73497,4.84935953812813,7.67002331359046,Q2 (4.8-7.7 units),0.8333333333333334
334.8125,Death/delisted too sick,0.09970930900299602,Q2,Heart,NO2,73497,73497,4.84935953812813,7.67002331359046,Q2 (4.8-7.7 units),0.9166666666666666
334.8125,Transplant,0.6129907680279132,Q2,Heart,NO2,73497,73497,4.84935953812813,7.67002331359046,Q2 (4.8-7.7 units),0.9166666666666666
365.25,Death/delisted too sick,0.10224789025273648,Q2,Heart,NO2,73497,73497,4.84935953812813,7.67002331359046,Q2 (4.8-7.7 units),1
365.25,Transplant,0.6264142331157613,Q2,Heart,NO2,73497,73497,4.84935953812813,7.67002331359046,Q2 (4.8-7.7 units),1
395.6875,Death/delisted too sick,0.10478303328608914,Q2,Heart,NO2,73497,73497,4.84935953812813,7.67002331359046,Q2 (4.8-7.7 units),1.0833333333333333
395.6875,Transplant,0.6350257037521194,Q2,Heart,NO2,73497,73497,4.84935953812813,7.67002331359046,Q2 (4.8-7.7 units),1.0833333333333333
426.125,Death/delisted too sick,0.10696375163060447,Q2,Heart,NO2,73497,73497,4.84935953812813,7.67002331359046,Q2 (4.8-7.7 units),1.1666666666666667
426.125,Transplant,0.6438580381242526,Q2,Heart,NO2,73497,73497,4.84935953812813,7.67002331359046,Q2 (4.8-7.7 units),1.1666666666666667
456.5625,Death/delisted too sick,0.10926702579400699,Q2,Heart,NO2,73497,73497,4.84935953812813,7.67002331359046,Q2 (4.8-7.7 units),1.25
456.5625,Transplant,0.6525098532869859,Q2,Heart,NO2,73497,73497,4.84935953812813,7.67002331359046,Q2 (4.8-7.7 units),1.25
487,Death/delisted too sick,0.11049306957244559,Q2,Heart,NO2,73497,73497,4.84935953812813,7.67002331359046,Q2 (4.8-7.7 units),1.3333333333333333
487,Transplant,0.661642658345134,Q2,Heart,NO2,73497,73497,4.84935953812813,7.67002331359046,Q2 (4.8-7.7 units),1.3333333333333333
517.4375,Death/delisted too sick,0.11239934245736438,Q2,Heart,NO2,73497,73497,4.84935953812813,7.67002331359046,Q2 (4.8-7.7 units),1.4166666666666667
517.4375,Transplant,0.6680589595123527,Q2,Heart,NO2,73497,73497,4.84935953812813,7.67002331359046,Q2 (4.8-7.7 units),1.4166666666666667
547.875,Death/delisted too sick,0.11367919243001594,Q2,Heart,NO2,73497,73497,4.84935953812813,7.67002331359046,Q2 (4.8-7.7 units),1.5
547.875,Transplant,0.6756760351670612,Q2,Heart,NO2,73497,73497,4.84935953812813,7.67002331359046,Q2 (4.8-7.7 units),1.5
578.3125,Death/delisted too sick,0.11488432969610891,Q2,Heart,NO2,73497,73497,4.84935953812813,7.67002331359046,Q2 (4.8-7.7 units),1.5833333333333333
578.3125,Transplant,0.6816169292278386,Q2,Heart,NO2,73497,73497,4.84935953812813,7.67002331359046,Q2 (4.8-7.7 units),1.5833333333333333
608.75,Death/delisted too sick,0.11649102268890717,Q2,Heart,NO2,73497,73497,4.84935953812813,7.67002331359046,Q2 (4.8-7.7 units),1.6666666666666667
608.75,Transplant,0.687489960704539,Q2,Heart,NO2,73497,73497,4.84935953812813,7.67002331359046,Q2 (4.8-7.7 units),1.6666666666666667
639.1875,Death/delisted too sick,0.11756067802044644,Q2,Heart,NO2,73497,73497,4.84935953812813,7.67002331359046,Q2 (4.8-7.7 units),1.75
639.1875,Transplant,0.6936525060128793,Q2,Heart,NO2,73497,73497,4.84935953812813,7.67002331359046,Q2 (4.8-7.7 units),1.75
669.625,Death/delisted too sick,0.119213242264613,Q2,Heart,NO2,73497,73497,4.84935953812813,7.67002331359046,Q2 (4.8-7.7 units),1.8333333333333333
669.625,Transplant,0.6988038799704069,Q2,Heart,NO2,73497,73497,4.84935953812813,7.67002331359046,Q2 (4.8-7.7 units),1.8333333333333333
700.0625,Death/delisted too sick,0.1210731436376862,Q2,Heart,NO2,73497,73497,4.84935953812813,7.67002331359046,Q2 (4.8-7.7 units),1.9166666666666667
700.0625,Transplant,0.7035278957724787,Q2,Heart,NO2,73497,73497,4.84935953812813,7.67002331359046,Q2 (4.8-7.7 units),1.9166666666666667
730.5,Death/delisted too sick,0.12194758136854951,Q2,Heart,NO2,73497,73497,4.84935953812813,7.67002331359046,Q2 (4.8-7.7 units),2
730.5,Transplant,0.7085934815024656,Q2,Heart,NO2,73497,73497,4.84935953812813,7.67002331359046,Q2 (4.8-7.7 units),2
760.9375,Death/delisted too sick,0.1229170688406781,Q2,Heart,NO2,73497,73497,4.84935953812813,7.67002331359046,Q2 (4.8-7.7 units),2.0833333333333335
760.9375,Transplant,0.7127400116775195,Q2,Heart,NO2,73497,73497,4.84935953812813,7.67002331359046,Q2 (4.8-7.7 units),2.0833333333333335
791.375,Death/delisted too sick,0.12399133423127323,Q2,Heart,NO2,73497,73497,4.84935953812813,7.67002331359046,Q2 (4.8-7.7 units),2.1666666666666665
791.375,Transplant,0.7165121371136911,Q2,Heart,NO2,73497,73497,4.84935953812813,7.67002331359046,Q2 (4.8-7.7 units),2.1666666666666665
821.8125,Death/delisted too sick,0.12530634515245279,Q2,Heart,NO2,73497,73497,4.84935953812813,7.67002331359046,Q2 (4.8-7.7 units),2.25
821.8125,Transplant,0.7207541561353742,Q2,Heart,NO2,73497,73497,4.84935953812813,7.67002331359046,Q2 (4.8-7.7 units),2.25
852.25,Death/delisted too sick,0.12695247790184985,Q2,Heart,NO2,73497,73497,4.84935953812813,7.67002331359046,Q2 (4.8-7.7 units),2.3333333333333335
852.25,Transplant,0.7246578263585092,Q2,Heart,NO2,73497,73497,4.84935953812813,7.67002331359046,Q2 (4.8-7.7 units),2.3333333333333335
882.6875,Death/delisted too sick,0.12814153692638455,Q2,Heart,NO2,73497,73497,4.84935953812813,7.67002331359046,Q2 (4.8-7.7 units),2.4166666666666665
882.6875,Transplant,0.72808460631341,Q2,Heart,NO2,73497,73497,4.84935953812813,7.67002331359046,Q2 (4.8-7.7 units),2.4166666666666665
913.125,Death/delisted too sick,0.12987843336727403,Q2,Heart,NO2,73497,73497,4.84935953812813,7.67002331359046,Q2 (4.8-7.7 units),2.5
913.125,Transplant,0.7314907492283165,Q2,Heart,NO2,73497,73497,4.84935953812813,7.67002331359046,Q2 (4.8-7.7 units),2.5
943.5625,Death/delisted too sick,0.13144174074417975,Q2,Heart,NO2,73497,73497,4.84935953812813,7.67002331359046,Q2 (4.8-7.7 units),2.5833333333333335
943.5625,Transplant,0.7338003143606943,Q2,Heart,NO2,73497,73497,4.84935953812813,7.67002331359046,Q2 (4.8-7.7 units),2.5833333333333335
974,Death/delisted too sick,0.13235209136024306,Q2,Heart,NO2,73497,73497,4.84935953812813,7.67002331359046,Q2 (4.8-7.7 units),2.6666666666666665
974,Transplant,0.7369208184058048,Q2,Heart,NO2,73497,73497,4.84935953812813,7.67002331359046,Q2 (4.8-7.7 units),2.6666666666666665
1004.4375,Death/delisted too sick,0.1334121603387958,Q2,Heart,NO2,73497,73497,4.84935953812813,7.67002331359046,Q2 (4.8-7.7 units),2.75
1004.4375,Transplant,0.7390445254699788,Q2,Heart,NO2,73497,73497,4.84935953812813,7.67002331359046,Q2 (4.8-7.7 units),2.75
1034.875,Death/delisted too sick,0.133900669227373,Q2,Heart,NO2,73497,73497,4.84935953812813,7.67002331359046,Q2 (4.8-7.7 units),2.8333333333333335
1034.875,Transplant,0.7429053403548266,Q2,Heart,NO2,73497,73497,4.84935953812813,7.67002331359046,Q2 (4.8-7.7 units),2.8333333333333335
1065.3125,Death/delisted too sick,0.134808691264778,Q2,Heart,NO2,73497,73497,4.84935953812813,7.67002331359046,Q2 (4.8-7.7 units),2.9166666666666665
1065.3125,Transplant,0.7455001557198331,Q2,Heart,NO2,73497,73497,4.84935953812813,7.67002331359046,Q2 (4.8-7.7 units),2.9166666666666665
1095.75,Death/delisted too sick,0.13504419032239398,Q2,Heart,NO2,73497,73497,4.84935953812813,7.67002331359046,Q2 (4.8-7.7 units),3
1095.75,Transplant,0.7477636905688031,Q2,Heart,NO2,73497,73497,4.84935953812813,7.67002331359046,Q2 (4.8-7.7 units),3
1126.1875,Death/delisted too sick,0.1360692017415625,Q2,Heart,NO2,73497,73497,4.84935953812813,7.67002331359046,Q2 (4.8-7.7 units),3.0833333333333335
1126.1875,Transplant,0.7494465447808075,Q2,Heart,NO2,73497,73497,4.84935953812813,7.67002331359046,Q2 (4.8-7.7 units),3.0833333333333335
1156.625,Death/delisted too sick,0.13651426527705524,Q2,Heart,NO2,73497,73497,4.84935953812813,7.67002331359046,Q2 (4.8-7.7 units),3.1666666666666665
1156.625,Transplant,0.7519238483724371,Q2,Heart,NO2,73497,73497,4.84935953812813,7.67002331359046,Q2 (4.8-7.7 units),3.1666666666666665
1187.0625,Death/delisted too sick,0.13835706227532446,Q2,Heart,NO2,73497,73497,4.84935953812813,7.67002331359046,Q2 (4.8-7.7 units),3.25
1187.0625,Transplant,0.7525438348159891,Q2,Heart,NO2,73497,73497,4.84935953812813,7.67002331359046,Q2 (4.8-7.7 units),3.25
1217.5,Death/delisted too sick,0.1389736700794096,Q2,Heart,NO2,73497,73497,4.84935953812813,7.67002331359046,Q2 (4.8-7.7 units),3.3333333333333335
1217.5,Transplant,0.7556660901463862,Q2,Heart,NO2,73497,73497,4.84935953812813,7.67002331359046,Q2 (4.8-7.7 units),3.3333333333333335
1247.9375,Death/delisted too sick,0.13981705653493404,Q2,Heart,NO2,73497,73497,4.84935953812813,7.67002331359046,Q2 (4.8-7.7 units),3.4166666666666665
1247.9375,Transplant,0.758554089432087,Q2,Heart,NO2,73497,73497,4.84935953812813,7.67002331359046,Q2 (4.8-7.7 units),3.4166666666666665
1278.375,Death/delisted too sick,0.14034707959199963,Q2,Heart,NO2,73497,73497,4.84935953812813,7.67002331359046,Q2 (4.8-7.7 units),3.5
1278.375,Transplant,0.760403307817166,Q2,Heart,NO2,73497,73497,4.84935953812813,7.67002331359046,Q2 (4.8-7.7 units),3.5
1308.8125,Death/delisted too sick,0.14166657160299495,Q2,Heart,NO2,73497,73497,4.84935953812813,7.67002331359046,Q2 (4.8-7.7 units),3.5833333333333335
1308.8125,Transplant,0.7615135619540045,Q2,Heart,NO2,73497,73497,4.84935953812813,7.67002331359046,Q2 (4.8-7.7 units),3.5833333333333335
1339.25,Death/delisted too sick,0.14314740581759908,Q2,Heart,NO2,73497,73497,4.84935953812813,7.67002331359046,Q2 (4.8-7.7 units),3.6666666666666665
1339.25,Transplant,0.7631766908533518,Q2,Heart,NO2,73497,73497,4.84935953812813,7.67002331359046,Q2 (4.8-7.7 units),3.6666666666666665
1369.6875,Death/delisted too sick,0.14402454829101902,Q2,Heart,NO2,73497,73497,4.84935953812813,7.67002331359046,Q2 (4.8-7.7 units),3.75
1369.6875,Transplant,0.7649820524883333,Q2,Heart,NO2,73497,73497,4.84935953812813,7.67002331359046,Q2 (4.8-7.7 units),3.75
1400.125,Death/delisted too sick,0.14443100080142862,Q2,Heart,NO2,73497,73497,4.84935953812813,7.67002331359046,Q2 (4.8-7.7 units),3.8333333333333335
1400.125,Transplant,0.7662214286214243,Q2,Heart,NO2,73497,73497,4.84935953812813,7.67002331359046,Q2 (4.8-7.7 units),3.8333333333333335
1430.5625,Death/delisted too sick,0.14548262037777981,Q2,Heart,NO2,73497,73497,4.84935953812813,7.67002331359046,Q2 (4.8-7.7 units),3.9166666666666665
1430.5625,Transplant,0.7675063672343861,Q2,Heart,NO2,73497,73497,4.84935953812813,7.67002331359046,Q2 (4.8-7.7 units),3.9166666666666665
1461,Death/delisted too sick,0.14653718607049482,Q2,Heart,NO2,73497,73497,4.84935953812813,7.67002331359046,Q2 (4.8-7.7 units),4
1461,Transplant,0.7682967293460112,Q2,Heart,NO2,73497,73497,4.84935953812813,7.67002331359046,Q2 (4.8-7.7 units),4
1491.4375,Death/delisted too sick,0.1470623547013097,Q2,Heart,NO2,73497,73497,4.84935953812813,7.67002331359046,Q2 (4.8-7.7 units),4.083333333333333
1491.4375,Transplant,0.7698975889482993,Q2,Heart,NO2,73497,73497,4.84935953812813,7.67002331359046,Q2 (4.8-7.7 units),4.083333333333333
1521.875,Death/delisted too sick,0.14753668070707,Q2,Heart,NO2,73497,73497,4.84935953812813,7.67002331359046,Q2 (4.8-7.7 units),4.166666666666667
1521.875,Transplant,0.7710758156354368,Q2,Heart,NO2,73497,73497,4.84935953812813,7.67002331359046,Q2 (4.8-7.7 units),4.166666666666667
1552.3125,Death/delisted too sick,0.14763102043389542,Q2,Heart,NO2,73497,73497,4.84935953812813,7.67002331359046,Q2 (4.8-7.7 units),4.25
1552.3125,Transplant,0.7727383580344259,Q2,Heart,NO2,73497,73497,4.84935953812813,7.67002331359046,Q2 (4.8-7.7 units),4.25
1582.75,Death/delisted too sick,0.14823981583963577,Q2,Heart,NO2,73497,73497,4.84935953812813,7.67002331359046,Q2 (4.8-7.7 units),4.333333333333333
1582.75,Transplant,0.7737235712884164,Q2,Heart,NO2,73497,73497,4.84935953812813,7.67002331359046,Q2 (4.8-7.7 units),4.333333333333333
1613.1875,Death/delisted too sick,0.14949183780919265,Q2,Heart,NO2,73497,73497,4.84935953812813,7.67002331359046,Q2 (4.8-7.7 units),4.416666666666667
1613.1875,Transplant,0.7746381659911546,Q2,Heart,NO2,73497,73497,4.84935953812813,7.67002331359046,Q2 (4.8-7.7 units),4.416666666666667
1643.625,Death/delisted too sick,0.1505609657345882,Q2,Heart,NO2,73497,73497,4.84935953812813,7.67002331359046,Q2 (4.8-7.7 units),4.5
1643.625,Transplant,0.775982683479809,Q2,Heart,NO2,73497,73497,4.84935953812813,7.67002331359046,Q2 (4.8-7.7 units),4.5
1674.0625,Death/delisted too sick,0.15151805295600043,Q2,Heart,NO2,73497,73497,4.84935953812813,7.67002331359046,Q2 (4.8-7.7 units),4.583333333333333
1674.0625,Transplant,0.7768631275144078,Q2,Heart,NO2,73497,73497,4.84935953812813,7.67002331359046,Q2 (4.8-7.7 units),4.583333333333333
1704.5,Death/delisted too sick,0.152551807581669,Q2,Heart,NO2,73497,73497,4.84935953812813,7.67002331359046,Q2 (4.8-7.7 units),4.666666666666667
1704.5,Transplant,0.7780533646036882,Q2,Heart,NO2,73497,73497,4.84935953812813,7.67002331359046,Q2 (4.8-7.7 units),4.666666666666667
1734.9375,Death/delisted too sick,0.1541437292765254,Q2,Heart,NO2,73497,73497,4.84935953812813,7.67002331359046,Q2 (4.8-7.7 units),4.75
1734.9375,Transplant,0.779200732284659,Q2,Heart,NO2,73497,73497,4.84935953812813,7.67002331359046,Q2 (4.8-7.7 units),4.75
1765.375,Death/delisted too sick,0.154492960970556,Q2,Heart,NO2,73497,73497,4.84935953812813,7.67002331359046,Q2 (4.8-7.7 units),4.833333333333333
1765.375,Transplant,0.779668792400949,Q2,Heart,NO2,73497,73497,4.84935953812813,7.67002331359046,Q2 (4.8-7.7 units),4.833333333333333
1795.8125,Death/delisted too sick,0.15572417765568203,Q2,Heart,NO2,73497,73497,4.84935953812813,7.67002331359046,Q2 (4.8-7.7 units),4.916666666666667
1795.8125,Transplant,0.7803173824218618,Q2,Heart,NO2,73497,73497,4.84935953812813,7.67002331359046,Q2 (4.8-7.7 units),4.916666666666667
1826.25,Death/delisted too sick,0.15609521046667174,Q2,Heart,NO2,73497,73497,4.84935953812813,7.67002331359046,Q2 (4.8-7.7 units),5
1826.25,Transplant,0.7809503905264785,Q2,Heart,NO2,73497,73497,4.84935953812813,7.67002331359046,Q2 (4.8-7.7 units),5
0,Death/delisted too sick,0,Q3,Heart,NO2,73497,73497,7.67032318152199,11.9435171920442,Q3 (7.7-11.9 units),0
0,Transplant,0,Q3,Heart,NO2,73497,73497,7.67032318152199,11.9435171920442,Q3 (7.7-11.9 units),0
30.4375,Death/delisted too sick,0.03459672021380713,Q3,Heart,NO2,73497,73497,7.67032318152199,11.9435171920442,Q3 (7.7-11.9 units),0.08333333333333333
30.4375,Transplant,0.24407775527993927,Q3,Heart,NO2,73497,73497,7.67032318152199,11.9435171920442,Q3 (7.7-11.9 units),0.08333333333333333
60.875,Death/delisted too sick,0.05355789451458538,Q3,Heart,NO2,73497,73497,7.67032318152199,11.9435171920442,Q3 (7.7-11.9 units),0.16666666666666666
60.875,Transplant,0.3455990300484751,Q3,Heart,NO2,73497,73497,7.67032318152199,11.9435171920442,Q3 (7.7-11.9 units),0.16666666666666666
91.3125,Death/delisted too sick,0.06591506411741441,Q3,Heart,NO2,73497,73497,7.67032318152199,11.9435171920442,Q3 (7.7-11.9 units),0.25
91.3125,Transplant,0.4123952768351528,Q3,Heart,NO2,73497,73497,7.67032318152199,11.9435171920442,Q3 (7.7-11.9 units),0.25
121.75,Death/delisted too sick,0.07211661839196207,Q3,Heart,NO2,73497,73497,7.67032318152199,11.9435171920442,Q3 (7.7-11.9 units),0.3333333333333333
121.75,Transplant,0.45630382156328836,Q3,Heart,NO2,73497,73497,7.67032318152199,11.9435171920442,Q3 (7.7-11.9 units),0.3333333333333333
152.1875,Death/delisted too sick,0.07945727832766941,Q3,Heart,NO2,73497,73497,7.67032318152199,11.9435171920442,Q3 (7.7-11.9 units),0.4166666666666667
152.1875,Transplant,0.48878459362004145,Q3,Heart,NO2,73497,73497,7.67032318152199,11.9435171920442,Q3 (7.7-11.9 units),0.4166666666666667
182.625,Death/delisted too sick,0.08442330480302289,Q3,Heart,NO2,73497,73497,7.67032318152199,11.9435171920442,Q3 (7.7-11.9 units),0.5
182.625,Transplant,0.5191407741841311,Q3,Heart,NO2,73497,73497,7.67032318152199,11.9435171920442,Q3 (7.7-11.9 units),0.5
213.0625,Death/delisted too sick,0.08823485831322436,Q3,Heart,NO2,73497,73497,7.67032318152199,11.9435171920442,Q3 (7.7-11.9 units),0.5833333333333334
213.0625,Transplant,0.5445331039870853,Q3,Heart,NO2,73497,73497,7.67032318152199,11.9435171920442,Q3 (7.7-11.9 units),0.5833333333333334
243.5,Death/delisted too sick,0.09164931463512205,Q3,Heart,NO2,73497,73497,7.67032318152199,11.9435171920442,Q3 (7.7-11.9 units),0.6666666666666666
243.5,Transplant,0.5640275210603215,Q3,Heart,NO2,73497,73497,7.67032318152199,11.9435171920442,Q3 (7.7-11.9 units),0.6666666666666666
273.9375,Death/delisted too sick,0.09525885176165824,Q3,Heart,NO2,73497,73497,7.67032318152199,11.9435171920442,Q3 (7.7-11.9 units),0.75
273.9375,Transplant,0.582582441224175,Q3,Heart,NO2,73497,73497,7.67032318152199,11.9435171920442,Q3 (7.7-11.9 units),0.75
304.375,Death/delisted too sick,0.09945684338493944,Q3,Heart,NO2,73497,73497,7.67032318152199,11.9435171920442,Q3 (7.7-11.9 units),0.8333333333333334
304.375,Transplant,0.5990721430660293,Q3,Heart,NO2,73497,73497,7.67032318152199,11.9435171920442,Q3 (7.7-11.9 units),0.8333333333333334
334.8125,Death/delisted too sick,0.10137711624349813,Q3,Heart,NO2,73497,73497,7.67032318152199,11.9435171920442,Q3 (7.7-11.9 units),0.9166666666666666
334.8125,Transplant,0.6121741117798667,Q3,Heart,NO2,73497,73497,7.67032318152199,11.9435171920442,Q3 (7.7-11.9 units),0.9166666666666666
365.25,Death/delisted too sick,0.10394332103074078,Q3,Heart,NO2,73497,73497,7.67032318152199,11.9435171920442,Q3 (7.7-11.9 units),1
365.25,Transplant,0.6244932134431683,Q3,Heart,NO2,73497,73497,7.67032318152199,11.9435171920442,Q3 (7.7-11.9 units),1
395.6875,Death/delisted too sick,0.10707027645127533,Q3,Heart,NO2,73497,73497,7.67032318152199,11.9435171920442,Q3 (7.7-11.9 units),1.0833333333333333
395.6875,Transplant,0.6330302997544598,Q3,Heart,NO2,73497,73497,7.67032318152199,11.9435171920442,Q3 (7.7-11.9 units),1.0833333333333333
426.125,Death/delisted too sick,0.11026371100433917,Q3,Heart,NO2,73497,73497,7.67032318152199,11.9435171920442,Q3 (7.7-11.9 units),1.1666666666666667
426.125,Transplant,0.6427977813248739,Q3,Heart,NO2,73497,73497,7.67032318152199,11.9435171920442,Q3 (7.7-11.9 units),1.1666666666666667
456.5625,Death/delisted too sick,0.11191389606010158,Q3,Heart,NO2,73497,73497,7.67032318152199,11.9435171920442,Q3 (7.7-11.9 units),1.25
456.5625,Transplant,0.6522566318154109,Q3,Heart,NO2,73497,73497,7.67032318152199,11.9435171920442,Q3 (7.7-11.9 units),1.25
487,Death/delisted too sick,0.1141505438754763,Q3,Heart,NO2,73497,73497,7.67032318152199,11.9435171920442,Q3 (7.7-11.9 units),1.3333333333333333
487,Transplant,0.6602012636506188,Q3,Heart,NO2,73497,73497,7.67032318152199,11.9435171920442,Q3 (7.7-11.9 units),1.3333333333333333
517.4375,Death/delisted too sick,0.11610562845012597,Q3,Heart,NO2,73497,73497,7.67032318152199,11.9435171920442,Q3 (7.7-11.9 units),1.4166666666666667
517.4375,Transplant,0.6681353540579491,Q3,Heart,NO2,73497,73497,7.67032318152199,11.9435171920442,Q3 (7.7-11.9 units),1.4166666666666667
547.875,Death/delisted too sick,0.11834516150687309,Q3,Heart,NO2,73497,73497,7.67032318152199,11.9435171920442,Q3 (7.7-11.9 units),1.5
547.875,Transplant,0.6749438515006427,Q3,Heart,NO2,73497,73497,7.67032318152199,11.9435171920442,Q3 (7.7-11.9 units),1.5
578.3125,Death/delisted too sick,0.1190176742966261,Q3,Heart,NO2,73497,73497,7.67032318152199,11.9435171920442,Q3 (7.7-11.9 units),1.5833333333333333
578.3125,Transplant,0.6817751388931165,Q3,Heart,NO2,73497,73497,7.67032318152199,11.9435171920442,Q3 (7.7-11.9 units),1.5833333333333333
608.75,Death/delisted too sick,0.12060451613631305,Q3,Heart,NO2,73497,73497,7.67032318152199,11.9435171920442,Q3 (7.7-11.9 units),1.6666666666666667
608.75,Transplant,0.6877626917690298,Q3,Heart,NO2,73497,73497,7.67032318152199,11.9435171920442,Q3 (7.7-11.9 units),1.6666666666666667
639.1875,Death/delisted too sick,0.12236428934825172,Q3,Heart,NO2,73497,73497,7.67032318152199,11.9435171920442,Q3 (7.7-11.9 units),1.75
639.1875,Transplant,0.6928745339382458,Q3,Heart,NO2,73497,73497,7.67032318152199,11.9435171920442,Q3 (7.7-11.9 units),1.75
669.625,Death/delisted too sick,0.12441006686259456,Q3,Heart,NO2,73497,73497,7.67032318152199,11.9435171920442,Q3 (7.7-11.9 units),1.8333333333333333
669.625,Transplant,0.6969264546169184,Q3,Heart,NO2,73497,73497,7.67032318152199,11.9435171920442,Q3 (7.7-11.9 units),1.8333333333333333
700.0625,Death/delisted too sick,0.1254260769405203,Q3,Heart,NO2,73497,73497,7.67032318152199,11.9435171920442,Q3 (7.7-11.9 units),1.9166666666666667
700.0625,Transplant,0.7015298387390251,Q3,Heart,NO2,73497,73497,7.67032318152199,11.9435171920442,Q3 (7.7-11.9 units),1.9166666666666667
730.5,Death/delisted too sick,0.12656655679853754,Q3,Heart,NO2,73497,73497,7.67032318152199,11.9435171920442,Q3 (7.7-11.9 units),2
730.5,Transplant,0.7056256291755512,Q3,Heart,NO2,73497,73497,7.67032318152199,11.9435171920442,Q3 (7.7-11.9 units),2
760.9375,Death/delisted too sick,0.12768721055800641,Q3,Heart,NO2,73497,73497,7.67032318152199,11.9435171920442,Q3 (7.7-11.9 units),2.0833333333333335
760.9375,Transplant,0.7095974760654102,Q3,Heart,NO2,73497,73497,7.67032318152199,11.9435171920442,Q3 (7.7-11.9 units),2.0833333333333335
791.375,Death/delisted too sick,0.12911343382891252,Q3,Heart,NO2,73497,73497,7.67032318152199,11.9435171920442,Q3 (7.7-11.9 units),2.1666666666666665
791.375,Transplant,0.71444784339669,Q3,Heart,NO2,73497,73497,7.67032318152199,11.9435171920442,Q3 (7.7-11.9 units),2.1666666666666665
821.8125,Death/delisted too sick,0.13025643556101477,Q3,Heart,NO2,73497,73497,7.67032318152199,11.9435171920442,Q3 (7.7-11.9 units),2.25
821.8125,Transplant,0.7187868908242102,Q3,Heart,NO2,73497,73497,7.67032318152199,11.9435171920442,Q3 (7.7-11.9 units),2.25
852.25,Death/delisted too sick,0.13196908286314488,Q3,Heart,NO2,73497,73497,7.67032318152199,11.9435171920442,Q3 (7.7-11.9 units),2.3333333333333335
852.25,Transplant,0.7217590875179336,Q3,Heart,NO2,73497,73497,7.67032318152199,11.9435171920442,Q3 (7.7-11.9 units),2.3333333333333335
882.6875,Death/delisted too sick,0.13300786738764117,Q3,Heart,NO2,73497,73497,7.67032318152199,11.9435171920442,Q3 (7.7-11.9 units),2.4166666666666665
882.6875,Transplant,0.7249647369301412,Q3,Heart,NO2,73497,73497,7.67032318152199,11.9435171920442,Q3 (7.7-11.9 units),2.4166666666666665
913.125,Death/delisted too sick,0.13426281739959278,Q3,Heart,NO2,73497,73497,7.67032318152199,11.9435171920442,Q3 (7.7-11.9 units),2.5
913.125,Transplant,0.7281852416083532,Q3,Heart,NO2,73497,73497,7.67032318152199,11.9435171920442,Q3 (7.7-11.9 units),2.5
943.5625,Death/delisted too sick,0.13526436354902335,Q3,Heart,NO2,73497,73497,7.67032318152199,11.9435171920442,Q3 (7.7-11.9 units),2.5833333333333335
943.5625,Transplant,0.7312589823328709,Q3,Heart,NO2,73497,73497,7.67032318152199,11.9435171920442,Q3 (7.7-11.9 units),2.5833333333333335
974,Death/delisted too sick,0.13619517898317615,Q3,Heart,NO2,73497,73497,7.67032318152199,11.9435171920442,Q3 (7.7-11.9 units),2.6666666666666665
974,Transplant,0.7334718275546124,Q3,Heart,NO2,73497,73497,7.67032318152199,11.9435171920442,Q3 (7.7-11.9 units),2.6666666666666665
1004.4375,Death/delisted too sick,0.13708153807977166,Q3,Heart,NO2,73497,73497,7.67032318152199,11.9435171920442,Q3 (7.7-11.9 units),2.75
1004.4375,Transplant,0.7358460742108791,Q3,Heart,NO2,73497,73497,7.67032318152199,11.9435171920442,Q3 (7.7-11.9 units),2.75
1034.875,Death/delisted too sick,0.13807532986629287,Q3,Heart,NO2,73497,73497,7.67032318152199,11.9435171920442,Q3 (7.7-11.9 units),2.8333333333333335
1034.875,Transplant,0.7376372311958255,Q3,Heart,NO2,73497,73497,7.67032318152199,11.9435171920442,Q3 (7.7-11.9 units),2.8333333333333335
1065.3125,Death/delisted too sick,0.13890260081037883,Q3,Heart,NO2,73497,73497,7.67032318152199,11.9435171920442,Q3 (7.7-11.9 units),2.9166666666666665
1065.3125,Transplant,0.7402348190311787,Q3,Heart,NO2,73497,73497,7.67032318152199,11.9435171920442,Q3 (7.7-11.9 units),2.9166666666666665
1095.75,Death/delisted too sick,0.14042464161905097,Q3,Heart,NO2,73497,73497,7.67032318152199,11.9435171920442,Q3 (7.7-11.9 units),3
1095.75,Transplant,0.7421409173216155,Q3,Heart,NO2,73497,73497,7.67032318152199,11.9435171920442,Q3 (7.7-11.9 units),3
1126.1875,Death/delisted too sick,0.141379391240376,Q3,Heart,NO2,73497,73497,7.67032318152199,11.9435171920442,Q3 (7.7-11.9 units),3.0833333333333335
1126.1875,Transplant,0.7440223817601165,Q3,Heart,NO2,73497,73497,7.67032318152199,11.9435171920442,Q3 (7.7-11.9 units),3.0833333333333335
1156.625,Death/delisted too sick,0.1436434508323044,Q3,Heart,NO2,73497,73497,7.67032318152199,11.9435171920442,Q3 (7.7-11.9 units),3.1666666666666665
1156.625,Transplant,0.7455831560274335,Q3,Heart,NO2,73497,73497,7.67032318152199,11.9435171920442,Q3 (7.7-11.9 units),3.1666666666666665
1187.0625,Death/delisted too sick,0.14449816255431755,Q3,Heart,NO2,73497,73497,7.67032318152199,11.9435171920442,Q3 (7.7-11.9 units),3.25
1187.0625,Transplant,0.7479454098193764,Q3,Heart,NO2,73497,73497,7.67032318152199,11.9435171920442,Q3 (7.7-11.9 units),3.25
1217.5,Death/delisted too sick,0.14531938121205187,Q3,Heart,NO2,73497,73497,7.67032318152199,11.9435171920442,Q3 (7.7-11.9 units),3.3333333333333335
1217.5,Transplant,0.7499431614808632,Q3,Heart,NO2,73497,73497,7.67032318152199,11.9435171920442,Q3 (7.7-11.9 units),3.3333333333333335
1247.9375,Death/delisted too sick,0.1461299505418655,Q3,Heart,NO2,73497,73497,7.67032318152199,11.9435171920442,Q3 (7.7-11.9 units),3.4166666666666665
1247.9375,Transplant,0.7525421273815757,Q3,Heart,NO2,73497,73497,7.67032318152199,11.9435171920442,Q3 (7.7-11.9 units),3.4166666666666665
1278.375,Death/delisted too sick,0.14681650527699386,Q3,Heart,NO2,73497,73497,7.67032318152199,11.9435171920442,Q3 (7.7-11.9 units),3.5
1278.375,Transplant,0.7547020322473333,Q3,Heart,NO2,73497,73497,7.67032318152199,11.9435171920442,Q3 (7.7-11.9 units),3.5
1308.8125,Death/delisted too sick,0.147416586790829,Q3,Heart,NO2,73497,73497,7.67032318152199,11.9435171920442,Q3 (7.7-11.9 units),3.5833333333333335
1308.8125,Transplant,0.7565136434126062,Q3,Heart,NO2,73497,73497,7.67032318152199,11.9435171920442,Q3 (7.7-11.9 units),3.5833333333333335
1339.25,Death/delisted too sick,0.14933598938621911,Q3,Heart,NO2,73497,73497,7.67032318152199,11.9435171920442,Q3 (7.7-11.9 units),3.6666666666666665
1339.25,Transplant,0.7582190404291972,Q3,Heart,NO2,73497,73497,7.67032318152199,11.9435171920442,Q3 (7.7-11.9 units),3.6666666666666665
1369.6875,Death/delisted too sick,0.14981156231967016,Q3,Heart,NO2,73497,73497,7.67032318152199,11.9435171920442,Q3 (7.7-11.9 units),3.75
1369.6875,Transplant,0.76014251986750625,Q3,Heart,NO2,73497,73497,7.67032318152199,11.9435171920442,Q3 (7.7-11.9 units),3.75
1400.125,Death/delisted too sick,0.15016740666060455,Q3,Heart,NO2,73497,73497,7.67032318152199,11.9435171920442,Q3 (7.7-11.9 units),3.8333333333333335
1400.125,Transplant,0.7617791779885836,Q3,Heart,NO2,73497,73497,7.67032318152199,11.9435171920442,Q3 (7.7-11.9 units),3.8333333333333335
1430.5625,Death/delisted too sick,0.15130031600011284,Q3,Heart,NO2,73497,73497,7.67032318152199,11.9435171920442,Q3 (7.7-11.9 units),3.9166666666666665
1430.5625,Transplant,0.7626988419408718,Q3,Heart,NO2,73497,73497,7.67032318152199,11.9435171920442,Q3 (7.7-11.9 units),3.9166666666666665
1461,Death/delisted too sick,0.15200658392618996,Q3,Heart,NO2,73497,73497,7.67032318152199,11.9435171920442,Q3 (7.7-11.9 units),4
1461,Transplant,0.7643591072989561,Q3,Heart,NO2,73497,73497,7.67032318152199,11.9435171920442,Q3 (7.7-11.9 units),4
1491.4375,Death/delisted too sick,0.15229504745122238,Q3,Heart,NO2,73497,73497,7.67032318152199,11.9435171920442,Q3 (7.7-11.9 units),4.083333333333333
1491.4375,Transplant,0.7657425947017388,Q3,Heart,NO2,73497,73497,7.67032318152199,11.9435171920442,Q3 (7.7-11.9 units),4.083333333333333
1521.875,Death/delisted too sick,0.15289764319133994,Q3,Heart,NO2,73497,73497,7.67032318152199,11.9435171920442,Q3 (7.7-11.9 units),4.166666666666667
1521.875,Transplant,0.7666795580661973,Q3,Heart,NO2,73497,73497,7.67032318152199,11.9435171920442,Q3 (7.7-11.9 units),4.166666666666667
1552.3125,Death/delisted too sick,0.1536086417187873,Q3,Heart,NO2,73497,73497,7.67032318152199,11.9435171920442,Q3 (7.7-11.9 units),4.25
1552.3125,Transplant,0.7678144879943619,Q3,Heart,NO2,73497,73497,7.67032318152199,11.9435171920442,Q3 (7.7-11.9 units),4.25
1582.75,Death/delisted too sick,0.154749188864933,Q3,Heart,NO2,73497,73497,7.67032318152199,11.9435171920442,Q3 (7.7-11.9 units),4.333333333333333
1582.75,Transplant,0.7686642765218362,Q3,Heart,NO2,73497,73497,7.67032318152199,11.9435171920442,Q3 (7.7-11.9 units),4.333333333333333
1613.1875,Death/delisted too sick,0.155695868690016,Q3,Heart,NO2,73497,73497,7.67032318152199,11.9435171920442,Q3 (7.7-11.9 units),4.416666666666667
1613.1875,Transplant,0.77036583043535,Q3,Heart,NO2,73497,73497,7.67032318152199,11.9435171920442,Q3 (7.7-11.9 units),4.416666666666667
1643.625,Death/delisted too sick,0.1566909735935409,Q3,Heart,NO2,73497,73497,7.67032318152199,11.9435171920442,Q3 (7.7-11.9 units),4.5
1643.625,Transplant,0.7723112500571748,Q3,Heart,NO2,73497,73497,7.67032318152199,11.9435171920442,Q3 (7.7-11.9 units),4.5
1674.0625,Death/delisted too sick,0.15695809669705915,Q3,Heart,NO2,73497,73497,7.67032318152199,11.9435171920442,Q3 (7.7-11.9 units),4.583333333333333
1674.0625,Transplant,0.774632368343416,Q3,Heart,NO2,73497,73497,7.67032318152199,11.9435171920442,Q3 (7.7-11.9 units),4.583333333333333
1704.5,Death/delisted too sick,0.15790774701339017,Q3,Heart,NO2,73497,73497,7.67032318152199,11.9435171920442,Q3 (7.7-11.9 units),4.666666666666667
1704.5,Transplant,0.7752814626804645,Q3,Heart,NO2,73497,73497,7.67032318152199,11.9435171920442,Q3 (7.7-11.9 units),4.666666666666667
1734.9375,Death/delisted too sick,0.15856738019011712,Q3,Heart,NO2,73497,73497,7.67032318152199,11.9435171920442,Q3 (7.7-11.9 units),4.75
1734.9375,Transplant,0.7761106658473563,Q3,Heart,NO2,73497,73497,7.67032318152199,11.9435171920442,Q3 (7.7-11.9 units),4.75
1765.375,Death/delisted too sick,0.15927945582702074,Q3,Heart,NO2,73497,73497,7.67032318152199,11.9435171920442,Q3 (7.7-11.9 units),4.833333333333333
1765.375,Transplant,0.7768356862020189,Q3,Heart,NO2,73497,73497,7.67032318152199,11.9435171920442,Q3 (7.7-11.9 units),4.833333333333333
1795.8125,Death/delisted too sick,0.1593900140653417,Q3,Heart,NO2,73497,73497,7.67032318152199,11.9435171920442,Q3 (7.7-11.9 units),4.916666666666667
1795.8125,Transplant,0.7778767397950128,Q3,Heart,NO2,73497,73497,7.67032318152199,11.9435171920442,Q3 (7.7-11.9 units),4.916666666666667
1826.25,Death/delisted too sick,0.1600977882191635,Q3,Heart,NO2,73497,73497,7.67032318152199,11.9435171920442,Q3 (7.7-11.9 units),5
1826.25,Transplant,0.7791243392976096,Q3,Heart,NO2,73497,73497,7.67032318152199,11.9435171920442,Q3 (7.7-11.9 units),5
0,Death/delisted too sick,0,Q4,Heart,NO2,73497,73497,11.9437105023131,51.1443290710449,Q4 (11.9-51.1 units),0
0,Transplant,0,Q4,Heart,NO2,73497,73497,11.9437105023131,51.1443290710449,Q4 (11.9-51.1 units),0
30.4375,Death/delisted too sick,0.035444151772762396,Q4,Heart,NO2,73497,73497,11.9437105023131,51.1443290710449,Q4 (11.9-51.1 units),0.08333333333333333
30.4375,Transplant,0.24582147339025606,Q4,Heart,NO2,73497,73497,11.9437105023131,51.1443290710449,Q4 (11.9-51.1 units),0.08333333333333333
60.875,Death/delisted too sick,0.0530791157197935,Q4,Heart,NO2,73497,73497,11.9437105023131,51.1443290710449,Q4 (11.9-51.1 units),0.16666666666666666
60.875,Transplant,0.3429552163626962,Q4,Heart,NO2,73497,73497,11.9437105023131,51.1443290710449,Q4 (11.9-51.1 units),0.16666666666666666
91.3125,Death/delisted too sick,0.06400569643620829,Q4,Heart,NO2,73497,73497,11.9437105023131,51.1443290710449,Q4 (11.9-51.1 units),0.25
91.3125,Transplant,0.40766282734512455,Q4,Heart,NO2,73497,73497,11.9437105023131,51.1443290710449,Q4 (11.9-51.1 units),0.25
121.75,Death/delisted too sick,0.07139927170253824,Q4,Heart,NO2,73497,73497,11.9437105023131,51.1443290710449,Q4 (11.9-51.1 units),0.3333333333333333
121.75,Transplant,0.45190919384038913,Q4,Heart,NO2,73497,73497,11.9437105023131,51.1443290710449,Q4 (11.9-51.1 units),0.3333333333333333
152.1875,Death/delisted too sick,0.07693915038540891,Q4,Heart,NO2,73497,73497,11.9437105023131,51.1443290710449,Q4 (11.9-51.1 units),0.4166666666666667
152.1875,Transplant,0.4871400472408725,Q4,Heart,NO2,73497,73497,11.9437105023131,51.1443290710449,Q4 (11.9-51.1 units),0.4166666666666667
182.625,Death/delisted too sick,0.08297308371336129,Q4,Heart,NO2,73497,73497,11.9437105023131,51.1443290710449,Q4 (11.9-51.1 units),0.5
182.625,Transplant,0.5175799730133865,Q4,Heart,NO2,73497,73497,11.9437105023131,51.1443290710449,Q4 (11.9-51.1 units),0.5
213.0625,Death/delisted too sick,0.08773600333536104,Q4,Heart,NO2,73497,73497,11.9437105023131,51.1443290710449,Q4 (11.9-51.1 units),0.5833333333333334
213.0625,Transplant,0.541024148015456,Q4,Heart,NO2,73497,73497,11.9437105023131,51.1443290710449,Q4 (11.9-51.1 units),0.5833333333333334
243.5,Death/delisted too sick,0.0922865698393597,Q4,Heart,NO2,73497,73497,11.9437105023131,51.1443290710449,Q4 (11.9-51.1 units),0.6666666666666666
243.5,Transplant,0.559489985935407,Q4,Heart,NO2,73497,73497,11.9437105023131,51.1443290710449,Q4 (11.9-51.1 units),0.6666666666666666
273.9375,Death/delisted too sick,0.09558452491246361,Q4,Heart,NO2,73497,73497,11.9437105023131,51.1443290710449,Q4 (11.9-51.1 units),0.75
273.9375,Transplant,0.5782659641182392,Q4,Heart,NO2,73497,73497,11.9437105023131,51.1443290710449,Q4 (11.9-51.1 units),0.75
304.375,Death/delisted too sick,0.09915930794251787,Q4,Heart,NO2,73497,73497,11.9437105023131,51.1443290710449,Q4 (11.9-51.1 units),0.8333333333333334
304.375,Transplant,0.5960835817054975,Q4,Heart,NO2,73497,73497,11.9437105023131,51.1443290710449,Q4 (11.9-51.1 units),0.8333333333333334
334.8125,Death/delisted too sick,0.10152906244025635,Q4,Heart,NO2,73497,73497,11.9437105023131,51.1443290710449,Q4 (11.9-51.1 units),0.9166666666666666
334.8125,Transplant,0.6080160289854705,Q4,Heart,NO2,73497,73497,11.9437105023131,51.1443290710449,Q4 (11.9-51.1 units),0.9166666666666666
365.25,Death/delisted too sick,0.1033762778279065,Q4,Heart,NO2,73497,73497,11.9437105023131,51.1443290710449,Q4 (11.9-51.1 units),1
365.25,Transplant,0.61921605883714,Q4,Heart,NO2,73497,73497,11.9437105023131,51.1443290710449,Q4 (11.9-51.1 units),1
395.6875,Death/delisted too sick,0.10556106132185576,Q4,Heart,NO2,73497,73497,11.9437105023131,51.1443290710449,Q4 (11.9-51.1 units),1.0833333333333333
395.6875,Transplant,0.6294335347270139,Q4,Heart,NO2,73497,73497,11.9437105023131,51.1443290710449,Q4 (11.9-51.1 units),1.0833333333333333
426.125,Death/delisted too sick,0.10908519379971966,Q4,Heart,NO2,73497,73497,11.9437105023131,51.1443290710449,Q4 (11.9-51.1 units),1.1666666666666667
426.125,Transplant,0.6385685320569617,Q4,Heart,NO2,73497,73497,11.9437105023131,51.1443290710449,Q4 (11.9-51.1 units),1.1666666666666667
456.5625,Death/delisted too sick,0.11146184527886654,Q4,Heart,NO2,73497,73497,11.9437105023131,51.1443290710449,Q4 (11.9-51.1 units),1.25
456.5625,Transplant,0.6478934017494983,Q4,Heart,NO2,73497,73497,11.9437105023131,51.1443290710449,Q4 (11.9-51.1 units),1.25
487,Death/delisted too sick,0.11295628761913529,Q4,Heart,NO2,73497,73497,11.9437105023131,51.1443290710449,Q4 (11.9-51.1 units),1.3333333333333333
487,Transplant,0.6544881757336104,Q4,Heart,NO2,73497,73497,11.9437105023131,51.1443290710449,Q4 (11.9-51.1 units),1.3333333333333333
517.4375,Death/delisted too sick,0.11492515620934882,Q4,Heart,NO2,73497,73497,11.9437105023131,51.1443290710449,Q4 (11.9-51.1 units),1.4166666666666667
517.4375,Transplant,0.6629355110236047,Q4,Heart,NO2,73497,73497,11.9437105023131,51.1443290710449,Q4 (11.9-51.1 units),1.4166666666666667
547.875,Death/delisted too sick,0.11712007803081226,Q4,Heart,NO2,73497,73497,11.9437105023131,51.1443290710449,Q4 (11.9-51.1 units),1.5
547.875,Transplant,0.6697888742481872,Q4,Heart,NO2,73497,73497,11.9437105023131,51.1443290710449,Q4 (11.9-51.1 units),1.5
578.3125,Death/delisted too sick,0.11858355422870309,Q4,Heart,NO2,73497,73497,11.9437105023131,51.1443290710449,Q4 (11.9-51.1 units),1.5833333333333333
578.3125,Transplant,0.6755054012631146,Q4,Heart,NO2,73497,73497,11.9437105023131,51.1443290710449,Q4 (11.9-51.1 units),1.5833333333333333
608.75,Death/delisted too sick,0.12016477367110588,Q4,Heart,NO2,73497,73497,11.9437105023131,51.1443290710449,Q4 (11.9-51.1 units),1.6666666666666667
608.75,Transplant,0.6819751805133392,Q4,Heart,NO2,73497,73497,11.9437105023131,51.1443290710449,Q4 (11.9-51.1 units),1.6666666666666667
639.1875,Death/delisted too sick,0.12221234948691473,Q4,Heart,NO2,73497,73497,11.9437105023131,51.1443290710449,Q4 (11.9-51.1 units),1.75
639.1875,Transplant,0.687387930815332,Q4,Heart,NO2,73497,73497,11.9437105023131,51.1443290710449,Q4 (11.9-51.1 units),1.75
669.625,Death/delisted too sick,0.1231745610302755,Q4,Heart,NO2,73497,73497,11.9437105023131,51.1443290710449,Q4 (11.9-51.1 units),1.8333333333333333
669.625,Transplant,0.6943061468660977,Q4,Heart,NO2,73497,73497,11.9437105023131,51.1443290710449,Q4 (11.9-51.1 units),1.8333333333333333
700.0625,Death/delisted too sick,0.12424106797932055,Q4,Heart,NO2,73497,73497,11.9437105023131,51.1443290710449,Q4 (11.9-51.1 units),1.9166666666666667
700.0625,Transplant,0.6995797681199586,Q4,Heart,NO2,73497,73497,11.9437105023131,51.1443290710449,Q4 (11.9-51.1 units),1.9166666666666667
730.5,Death/delisted too sick,0.1263608308790128,Q4,Heart,NO2,73497,73497,11.9437105023131,51.1443290710449,Q4 (11.9-51.1 units),2
730.5,Transplant,0.7035487333245208,Q4,Heart,NO2,73497,73497,11.9437105023131,51.1443290710449,Q4 (11.9-51.1 units),2
760.9375,Death/delisted too sick,0.12816240143616406,Q4,Heart,NO2,73497,73497,11.9437105023131,51.1443290710449,Q4 (11.9-51.1 units),2.0833333333333335
760.9375,Transplant,0.7078638436832196,Q4,Heart,NO2,73497,73497,11.9437105023131,51.1443290710449,Q4 (11.9-51.1 units),2.0833333333333335
791.375,Death/delisted too sick,0.12985100690348444,Q4,Heart,NO2,73497,73497,11.9437105023131,51.1443290710449,Q4 (11.9-51.1 units),2.1666666666666665
791.375,Transplant,0.7124761512721547,Q4,Heart,NO2,73497,73497,11.9437105023131,51.1443290710449,Q4 (11.9-51.1 units),2.1666666666666665
821.8125,Death/delisted too sick,0.13157307295851528,Q4,Heart,NO2,73497,73497,11.9437105023131,51.1443290710449,Q4 (11.9-51.1 units),2.25
821.8125,Transplant,0.7173302774972692,Q4,Heart,NO2,73497,73497,11.9437105023131,51.1443290710449,Q4 (11.9-51.1 units),2.25
852.25,Death/delisted too sick,0.13270125130271154,Q4,Heart,NO2,73497,73497,11.9437105023131,51.1443290710449,Q4 (11.9-51.1 units),2.3333333333333335
852.25,Transplant,0.7221734493497239,Q4,Heart,NO2,73497,73497,11.9437105023131,51.1443290710449,Q4 (11.9-51.1 units),2.3333333333333335
882.6875,Death/delisted too sick,0.13357923925943363,Q4,Heart,NO2,73497,73497,11.9437105023131,51.1443290710449,Q4 (11.9-51.1 units),2.4166666666666665
882.6875,Transplant,0.7266242301186908,Q4,Heart,NO2,73497,73497,11.9437105023131,51.1443290710449,Q4 (11.9-51.1 units),2.4166666666666665
913.125,Death/delisted too sick,0.13498120411900422,Q4,Heart,NO2,73497,73497,11.9437105023131,51.1443290710449,Q4 (11.9-51.1 units),2.5
913.125,Transplant,0.7288981065538587,Q4,Heart,NO2,73497,73497,11.9437105023131,51.1443290710449,Q4 (11.9-51.1 units),2.5
943.5625,Death/delisted too sick,0.13573925311956314,Q4,Heart,NO2,73497,73497,11.9437105023131,51.1443290710449,Q4 (11.9-51.1 units),2.5833333333333335
943.5625,Transplant,0.730801775517713,Q4,Heart,NO2,73497,73497,11.9437105023131,51.1443290710449,Q4 (11.9-51.1 units),2.5833333333333335
974,Death/delisted too sick,0.13723239406127774,Q4,Heart,NO2,73497,73497,11.9437105023131,51.1443290710449,Q4 (11.9-51.1 units),2.6666666666666665
974,Transplant,0.734352600174394,Q4,Heart,NO2,73497,73497,11.9437105023131,51.1443290710449,Q4 (11.9-51.1 units),2.6666666666666665
1004.4375,Death/delisted too sick,0.1380378125321874,Q4,Heart,NO2,73497,73497,11.9437105023131,51.1443290710449,Q4 (11.9-51.1 units),2.75
1004.4375,Transplant,0.7372248482101169,Q4,Heart,NO2,73497,73497,11.9437105023131,51.1443290710449,Q4 (11.9-51.1 units),2.75
1034.875,Death/delisted too sick,0.13879914947374,Q4,Heart,NO2,73497,73497,11.9437105023131,51.1443290710449,Q4 (11.9-51.1 units),2.8333333333333335
1034.875,Transplant,0.738757663522666,Q4,Heart,NO2,73497,73497,11.9437105023131,51.1443290710449,Q4 (11.9-51.1 units),2.8333333333333335
1065.3125,Death/delisted too sick,0.14009044348279903,Q4,Heart,NO2,73497,73497,11.9437105023131,51.1443290710449,Q4 (11.9-51.1 units),2.9166666666666665
1065.3125,Transplant,0.7406498596437566,Q4,Heart,NO2,73497,73497,11.9437105023131,51.1443290710449,Q4 (11.9-51.1 units),2.9166666666666665
1095.75,Death/delisted too sick,0.14125146039426345,Q4,Heart,NO2,73497,73497,11.9437105023131,51.1443290710449,Q4 (11.9-51.1 units),3
1095.75,Transplant,0.744132025287461,Q4,Heart,NO2,73497,73497,11.9437105023131,51.1443290710449,Q4 (11.9-51.1 units),3
1126.1875,Death/delisted too sick,0.14230385298152468,Q4,Heart,NO2,73497,73497,11.9437105023131,51.1443290710449,Q4 (11.9-51.1 units),3.0833333333333335
1126.1875,Transplant,0.7462860268466327,Q4,Heart,NO2,73497,73497,11.9437105023131,51.1443290710449,Q4 (11.9-51.1 units),3.0833333333333335
1156.625,Death/delisted too sick,0.14317095980525354,Q4,Heart,NO2,73497,73497,11.9437105023131,51.1443290710449,Q4 (11.9-51.1 units),3.1666666666666665
1156.625,Transplant,0.7477289565876837,Q4,Heart,NO2,73497,73497,11.9437105023131,51.1443290710449,Q4 (11.9-51.1 units),3.1666666666666665
1187.0625,Death/delisted too sick,0.1441811366644817,Q4,Heart,NO2,73497,73497,11.9437105023131,51.1443290710449,Q4 (11.9-51.1 units),3.25
1187.0625,Transplant,0.7499423421388862,Q4,Heart,NO2,73497,73497,11.9437105023131,51.1443290710449,Q4 (11.9-51.1 units),3.25
1217.5,Death/delisted too sick,0.1449248781863027,Q4,Heart,NO2,73497,73497,11.9437105023131,51.1443290710449,Q4 (11.9-51.1 units),3.3333333333333335
1217.5,Transplant,0.7518999004253936,Q4,Heart,NO2,73497,73497,11.9437105023131,51.1443290710449,Q4 (11.9-51.1 units),3.3333333333333335
1247.9375,Death/delisted too sick,0.14639364309517008,Q4,Heart,NO2,73497,73497,11.9437105023131,51.1443290710449,Q4 (11.9-51.1 units),3.4166666666666665
1247.9375,Transplant,0.7550001710009309,Q4,Heart,NO2,73497,73497,11.9437105023131,51.1443290710449,Q4 (11.9-51.1 units),3.4166666666666665
1278.375,Death/delisted too sick,0.14690418483496195,Q4,Heart,NO2,73497,73497,11.9437105023131,51.1443290710449,Q4 (11.9-51.1 units),3.5
1278.375,Transplant,0.7558146536395359,Q4,Heart,NO2,73497,73497,11.9437105023131,51.1443290710449,Q4 (11.9-51.1 units),3.5
1308.8125,Death/delisted too sick,0.14838934403911566,Q4,Heart,NO2,73497,73497,11.9437105023131,51.1443290710449,Q4 (11.9-51.1 units),3.5833333333333335
1308.8125,Transplant,0.7582377856698183,Q4,Heart,NO2,73497,73497,11.9437105023131,51.1443290710449,Q4 (11.9-51.1 units),3.5833333333333335
1339.25,Death/delisted too sick,0.14953084212086232,Q4,Heart,NO2,73497,73497,11.9437105023131,51.1443290710449,Q4 (11.9-51.1 units),3.6666666666666665
1339.25,Transplant,0.7594777974623221,Q4,Heart,NO2,73497,73497,11.9437105023131,51.1443290710449,Q4 (11.9-51.1 units),3.6666666666666665
1369.6875,Death/delisted too sick,0.14999183061470897,Q4,Heart,NO2,73497,73497,11.9437105023131,51.1443290710449,Q4 (11.9-51.1 units),3.75
1369.6875,Transplant,0.7616473439985261,Q4,Heart,NO2,73497,73497,11.9437105023131,51.1443290710449,Q4 (11.9-51.1 units),3.75
1400.125,Death/delisted too sick,0.15117456177088104,Q4,Heart,NO2,73497,73497,11.9437105023131,51.1443290710449,Q4 (11.9-51.1 units),3.8333333333333335
1400.125,Transplant,0.7624631711153744,Q4,Heart,NO2,73497,73497,11.9437105023131,51.1443290710449,Q4 (11.9-51.1 units),3.8333333333333335
1430.5625,Death/delisted too sick,0.15211987080690012,Q4,Heart,NO2,73497,73497,11.9437105023131,51.1443290710449,Q4 (11.9-51.1 units),3.9166666666666665
1430.5625,Transplant,0.7633601975903116,Q4,Heart,NO2,73497,73497,11.9437105023131,51.1443290710449,Q4 (11.9-51.1 units),3.9166666666666665
1461,Death/delisted too sick,0.15279475051729338,Q4,Heart,NO2,73497,73497,11.9437105023131,51.1443290710449,Q4 (11.9-51.1 units),4
1461,Transplant,0.7646645270893441,Q4,Heart,NO2,73497,73497,11.9437105023131,51.1443290710449,Q4 (11.9-51.1 units),4
1491.4375,Death/delisted too sick,0.1533087967408367,Q4,Heart,NO2,73497,73497,11.9437105023131,51.1443290710449,Q4 (11.9-51.1 units),4.083333333333333
1491.4375,Transplant,0.7654523501092706,Q4,Heart,NO2,73497,73497,11.9437105023131,51.1443290710449,Q4 (11.9-51.1 units),4.083333333333333
1521.875,Death/delisted too sick,0.1537144834492384,Q4,Heart,NO2,73497,73497,11.9437105023131,51.1443290710449,Q4 (11.9-51.1 units),4.166666666666667
1521.875,Transplant,0.7659515865336407,Q4,Heart,NO2,73497,73497,11.9437105023131,51.1443290710449,Q4 (11.9-51.1 units),4.166666666666667
1552.3125,Death/delisted too sick,0.15429808090827357,Q4,Heart,NO2,73497,73497,11.9437105023131,51.1443290710449,Q4 (11.9-51.1 units),4.25
1552.3125,Transplant,0.7669171586600323,Q4,Heart,NO2,73497,73497,11.9437105023131,51.1443290710449,Q4 (11.9-51.1 units),4.25
1582.75,Death/delisted too sick,0.15484794851757624,Q4,Heart,NO2,73497,73497,11.9437105023131,51.1443290710449,Q4 (11.9-51.1 units),4.333333333333333
1582.75,Transplant,0.7688056968347338,Q4,Heart,NO2,73497,73497,11.9437105023131,51.1443290710449,Q4 (11.9-51.1 units),4.333333333333333
1613.1875,Death/delisted too sick,0.15527997085543876,Q4,Heart,NO2,73497,73497,11.9437105023131,51.1443290710449,Q4 (11.9-51.1 units),4.416666666666667
1613.1875,Transplant,0.7700741066682938,Q4,Heart,NO2,73497,73497,11.9437105023131,51.1443290710449,Q4 (11.9-51.1 units),4.416666666666667
1643.625,Death/delisted too sick,0.1558050907458827,Q4,Heart,NO2,73497,73497,11.9437105023131,51.1443290710449,Q4 (11.9-51.1 units),4.5
1643.625,Transplant,0.770664816770849,Q4,Heart,NO2,73497,73497,11.9437105023131,51.1443290710449,Q4 (11.9-51.1 units),4.5
1674.0625,Death/delisted too sick,0.1562933901826341,Q4,Heart,NO2,73497,73497,11.9437105023131,51.1443290710449,Q4 (11.9-51.1 units),4.583333333333333
1674.0625,Transplant,0.7728948825428349,Q4,Heart,NO2,73497,73497,11.9437105023131,51.1443290710449,Q4 (11.9-51.1 units),4.583333333333333
1704.5,Death/delisted too sick,0.15768047071502367,Q4,Heart,NO2,73497,73497,11.9437105023131,51.1443290710449,Q4 (11.9-51.1 units),4.666666666666667
1704.5,Transplant,0.7730227523070128,Q4,Heart,NO2,73497,73497,11.9437105023131,51.1443290710449,Q4 (11.9-51.1 units),4.666666666666667
1734.9375,Death/delisted too sick,0.15795155187717042,Q4,Heart,NO2,73497,73497,11.9437105023131,51.1443290710449,Q4 (11.9-51.1 units),4.75
1734.9375,Transplant,0.7747763918811112,Q4,Heart,NO2,73497,73497,11.9437105023131,51.1443290710449,Q4 (11.9-51.1 units),4.75
1765.375,Death/delisted too sick,0.15871923390782214,Q4,Heart,NO2,73497,73497,11.9437105023131,51.1443290710449,Q4 (11.9-51.1 units),4.833333333333333
1765.375,Transplant,0.7757816783679841,Q4,Heart,NO2,73497,73497,11.9437105023131,51.1443290710449,Q4 (11.9-51.1 units),4.833333333333333
1795.8125,Death/delisted too sick,0.15953468513500219,Q4,Heart,NO2,73497,73497,11.9437105023131,51.1443290710449,Q4 (11.9-51.1 units),4.916666666666667
1795.8125,Transplant,0.7774571642372357,Q4,Heart,NO2,73497,73497,11.9437105023131,51.1443290710449,Q4 (11.9-51.1 units),4.916666666666667
1826.25,Death/delisted too sick,0.16002017733054635,Q4,Heart,NO2,73497,73497,11.9437105023131,51.1443290710449,Q4 (11.9-51.1 units),5
1826.25,Transplant,0.7779941896621697,Q4,Heart,NO2,73497,73497,11.9437105023131,51.1443290710449,Q4 (11.9-51.1 units),5
0,Death/delisted too sick,0,Q1,Kidney,NO2,79994,677201,0.19122242089361,5.28988566458654,Q1 (0.2-5.3 units),0
0,Transplant,0,Q1,Kidney,NO2,79994,677201,0.19122242089361,5.28988566458654,Q1 (0.2-5.3 units),0
30.4375,Death/delisted too sick,0.003195085415234703,Q1,Kidney,NO2,79994,677201,0.19122242089361,5.28988566458654,Q1 (0.2-5.3 units),0.08333333333333333
30.4375,Transplant,0.020548188675979222,Q1,Kidney,NO2,79994,677201,0.19122242089361,5.28988566458654,Q1 (0.2-5.3 units),0.08333333333333333
60.875,Death/delisted too sick,0.005634426965762337,Q1,Kidney,NO2,79994,677201,0.19122242089361,5.28988566458654,Q1 (0.2-5.3 units),0.16666666666666666
60.875,Transplant,0.035304299736854713,Q1,Kidney,NO2,79994,677201,0.19122242089361,5.28988566458654,Q1 (0.2-5.3 units),0.16666666666666666
91.3125,Death/delisted too sick,0.0077631975921415245,Q1,Kidney,NO2,79994,677201,0.19122242089361,5.28988566458654,Q1 (0.2-5.3 units),0.25
91.3125,Transplant,0.05155471875651263,Q1,Kidney,NO2,79994,677201,0.19122242089361,5.28988566458654,Q1 (0.2-5.3 units),0.25
121.75,Death/delisted too sick,0.009468111296294164,Q1,Kidney,NO2,79994,677201,0.19122242089361,5.28988566458654,Q1 (0.2-5.3 units),0.3333333333333333
121.75,Transplant,0.06604961368579143,Q1,Kidney,NO2,79994,677201,0.19122242089361,5.28988566458654,Q1 (0.2-5.3 units),0.3333333333333333
152.1875,Death/delisted too sick,0.011577138108310136,Q1,Kidney,NO2,79994,677201,0.19122242089361,5.28988566458654,Q1 (0.2-5.3 units),0.4166666666666667
152.1875,Transplant,0.08034704375761854,Q1,Kidney,NO2,79994,677201,0.19122242089361,5.28988566458654,Q1 (0.2-5.3 units),0.4166666666666667
182.625,Death/delisted too sick,0.01296399936168818,Q1,Kidney,NO2,79994,677201,0.19122242089361,5.28988566458654,Q1 (0.2-5.3 units),0.5
182.625,Transplant,0.09340965249944325,Q1,Kidney,NO2,79994,677201,0.19122242089361,5.28988566458654,Q1 (0.2-5.3 units),0.5
213.0625,Death/delisted too sick,0.014968157146550186,Q1,Kidney,NO2,79994,677201,0.19122242089361,5.28988566458654,Q1 (0.2-5.3 units),0.5833333333333334
213.0625,Transplant,0.10754556717124794,Q1,Kidney,NO2,79994,677201,0.19122242089361,5.28988566458654,Q1 (0.2-5.3 units),0.5833333333333334
243.5,Death/delisted too sick,0.016915402926921112,Q1,Kidney,NO2,79994,677201,0.19122242089361,5.28988566458654,Q1 (0.2-5.3 units),0.6666666666666666
243.5,Transplant,0.11959627629395522,Q1,Kidney,NO2,79994,677201,0.19122242089361,5.28988566458654,Q1 (0.2-5.3 units),0.6666666666666666
273.9375,Death/delisted too sick,0.018959371428041893,Q1,Kidney,NO2,79994,677201,0.19122242089361,5.28988566458654,Q1 (0.2-5.3 units),0.75
273.9375,Transplant,0.13102303060518164,Q1,Kidney,NO2,79994,677201,0.19122242089361,5.28988566458654,Q1 (0.2-5.3 units),0.75
304.375,Death/delisted too sick,0.020920710045923406,Q1,Kidney,NO2,79994,677201,0.19122242089361,5.28988566458654,Q1 (0.2-5.3 units),0.8333333333333334
304.375,Transplant,0.14308240182918466,Q1,Kidney,NO2,79994,677201,0.19122242089361,5.28988566458654,Q1 (0.2-5.3 units),0.8333333333333334
334.8125,Death/delisted too sick,0.022699582924137842,Q1,Kidney,NO2,79994,677201,0.19122242089361,5.28988566458654,Q1 (0.2-5.3 units),0.9166666666666666
334.8125,Transplant,0.1543483701678781,Q1,Kidney,NO2,79994,677201,0.19122242089361,5.28988566458654,Q1 (0.2-5.3 units),0.9166666666666666
365.25,Death/delisted too sick,0.02492989816325745,Q1,Kidney,NO2,79994,677201,0.19122242089361,5.28988566458654,Q1 (0.2-5.3 units),1
365.25,Transplant,0.16500193651637102,Q1,Kidney,NO2,79994,677201,0.19122242089361,5.28988566458654,Q1 (0.2-5.3 units),1
395.6875,Death/delisted too sick,0.02679175570983771,Q1,Kidney,NO2,79994,677201,0.19122242089361,5.28988566458654,Q1 (0.2-5.3 units),1.0833333333333333
395.6875,Transplant,0.1760445152868449,Q1,Kidney,NO2,79994,677201,0.19122242089361,5.28988566458654,Q1 (0.2-5.3 units),1.0833333333333333
426.125,Death/delisted too sick,0.028872770765495014,Q1,Kidney,NO2,79994,677201,0.19122242089361,5.28988566458654,Q1 (0.2-5.3 units),1.1666666666666667
426.125,Transplant,0.18684797008147838,Q1,Kidney,NO2,79994,677201,0.19122242089361,5.28988566458654,Q1 (0.2-5.3 units),1.1666666666666667
456.5625,Death/delisted too sick,0.031132830028146277,Q1,Kidney,NO2,79994,677201,0.19122242089361,5.28988566458654,Q1 (0.2-5.3 units),1.25
456.5625,Transplant,0.19689672463626298,Q1,Kidney,NO2,79994,677201,0.19122242089361,5.28988566458654,Q1 (0.2-5.3 units),1.25
487,Death/delisted too sick,0.033256669532534665,Q1,Kidney,NO2,79994,677201,0.19122242089361,5.28988566458654,Q1 (0.2-5.3 units),1.3333333333333333
487,Transplant,0.20636917931694265,Q1,Kidney,NO2,79994,677201,0.19122242089361,5.28988566458654,Q1 (0.2-5.3 units),1.3333333333333333
517.4375,Death/delisted too sick,0.03558297315862805,Q1,Kidney,NO2,79994,677201,0.19122242089361,5.28988566458654,Q1 (0.2-5.3 units),1.4166666666666667
517.4375,Transplant,0.21561235171818482,Q1,Kidney,NO2,79994,677201,0.19122242089361,5.28988566458654,Q1 (0.2-5.3 units),1.4166666666666667
547.875,Death/delisted too sick,0.0380574995606365,Q1,Kidney,NO2,79994,677201,0.19122242089361,5.28988566458654,Q1 (0.2-5.3 units),1.5
547.875,Transplant,0.22465311947355443,Q1,Kidney,NO2,79994,677201,0.19122242089361,5.28988566458654,Q1 (0.2-5.3 units),1.5
578.3125,Death/delisted too sick,0.040396385023529144,Q1,Kidney,NO2,79994,677201,0.19122242089361,5.28988566458654,Q1 (0.2-5.3 units),1.5833333333333333
578.3125,Transplant,0.23329772461087117,Q1,Kidney,NO2,79994,677201,0.19122242089361,5.28988566458654,Q1 (0.2-5.3 units),1.5833333333333333
608.75,Death/delisted too sick,0.0426638726703113,Q1,Kidney,NO2,79994,677201,0.19122242089361,5.28988566458654,Q1 (0.2-5.3 units),1.6666666666666667
608.75,Transplant,0.24244049066261564,Q1,Kidney,NO2,79994,677201,0.19122242089361,5.28988566458654,Q1 (0.2-5.3 units),1.6666666666666667
639.1875,Death/delisted too sick,0.045549081068043715,Q1,Kidney,NO2,79994,677201,0.19122242089361,5.28988566458654,Q1 (0.2-5.3 units),1.75
639.1875,Transplant,0.2506409833944124,Q1,Kidney,NO2,79994,677201,0.19122242089361,5.28988566458654,Q1 (0.2-5.3 units),1.75
669.625,Death/delisted too sick,0.0479650168005062,Q1,Kidney,NO2,79994,677201,0.19122242089361,5.28988566458654,Q1 (0.2-5.3 units),1.8333333333333333
669.625,Transplant,0.2579539954843674,Q1,Kidney,NO2,79994,677201,0.19122242089361,5.28988566458654,Q1 (0.2-5.3 units),1.8333333333333333
700.0625,Death/delisted too sick,0.05116616549455737,Q1,Kidney,NO2,79994,677201,0.19122242089361,5.28988566458654,Q1 (0.2-5.3 units),1.9166666666666667
700.0625,Transplant,0.2666475768071887,Q1,Kidney,NO2,79994,677201,0.19122242089361,5.28988566458654,Q1 (0.2-5.3 units),1.9166666666666667
730.5,Death/delisted too sick,0.05415350755114121,Q1,Kidney,NO2,79994,677201,0.19122242089361,5.28988566458654,Q1 (0.2-5.3 units),2
730.5,Transplant,0.2743745583935281,Q1,Kidney,NO2,79994,677201,0.19122242089361,5.28988566458654,Q1 (0.2-5.3 units),2
760.9375,Death/delisted too sick,0.056989256671530035,Q1,Kidney,NO2,79994,677201,0.19122242089361,5.28988566458654,Q1 (0.2-5.3 units),2.0833333333333335
760.9375,Transplant,0.28333267852660887,Q1,Kidney,NO2,79994,677201,0.19122242089361,5.28988566458654,Q1 (0.2-5.3 units),2.0833333333333335
791.375,Death/delisted too sick,0.060033531902119915,Q1,Kidney,NO2,79994,677201,0.19122242089361,5.28988566458654,Q1 (0.2-5.3 units),2.1666666666666665
791.375,Transplant,0.29152626534737136,Q1,Kidney,NO2,79994,677201,0.19122242089361,5.28988566458654,Q1 (0.2-5.3 units),2.1666666666666665
821.8125,Death/delisted too sick,0.06275723937402701,Q1,Kidney,NO2,79994,677201,0.19122242089361,5.28988566458654,Q1 (0.2-5.3 units),2.25
821.8125,Transplant,0.2991693096791071,Q1,Kidney,NO2,79994,677201,0.19122242089361,5.28988566458654,Q1 (0.2-5.3 units),2.25
852.25,Death/delisted too sick,0.0656636985936543,Q1,Kidney,NO2,79994,677201,0.19122242089361,5.28988566458654,Q1 (0.2-5.3 units),2.3333333333333335
852.25,Transplant,0.30668909970056435,Q1,Kidney,NO2,79994,677201,0.19122242089361,5.28988566458654,Q1 (0.2-5.3 units),2.3333333333333335
882.6875,Death/delisted too sick,0.0685988672296485,Q1,Kidney,NO2,79994,677201,0.19122242089361,5.28988566458654,Q1 (0.2-5.3 units),2.4166666666666665
882.6875,Transplant,0.3146109815110753,Q1,Kidney,NO2,79994,677201,0.19122242089361,5.28988566458654,Q1 (0.2-5.3 units),2.4166666666666665
913.125,Death/delisted too sick,0.07119859713461343,Q1,Kidney,NO2,79994,677201,0.19122242089361,5.28988566458654,Q1 (0.2-5.3 units),2.5
913.125,Transplant,0.32277549503877623,Q1,Kidney,NO2,79994,677201,0.19122242089361,5.28988566458654,Q1 (0.2-5.3 units),2.5
943.5625,Death/delisted too sick,0.07438258292330614,Q1,Kidney,NO2,79994,677201,0.19122242089361,5.28988566458654,Q1 (0.2-5.3 units),2.5833333333333335
943.5625,Transplant,0.32982682731643836,Q1,Kidney,NO2,79994,677201,0.19122242089361,5.28988566458654,Q1 (0.2-5.3 units),2.5833333333333335
974,Death/delisted too sick,0.07764511445629672,Q1,Kidney,NO2,79994,677201,0.19122242089361,5.28988566458654,Q1 (0.2-5.3 units),2.6666666666666665
974,Transplant,0.3368549600895499,Q1,Kidney,NO2,79994,677201,0.19122242089361,5.28988566458654,Q1 (0.2-5.3 units),2.6666666666666665
1004.4375,Death/delisted too sick,0.08065980686446936,Q1,Kidney,NO2,79994,677201,0.19122242089361,5.28988566458654,Q1 (0.2-5.3 units),2.75
1004.4375,Transplant,0.34350592394252605,Q1,Kidney,NO2,79994,677201,0.19122242089361,5.28988566458654,Q1 (0.2-5.3 units),2.75
1034.875,Death/delisted too sick,0.0836091861290399,Q1,Kidney,NO2,79994,677201,0.19122242089361,5.28988566458654,Q1 (0.2-5.3 units),2.8333333333333335
1034.875,Transplant,0.35011827107348126,Q1,Kidney,NO2,79994,677201,0.19122242089361,5.28988566458654,Q1 (0.2-5.3 units),2.8333333333333335
1065.3125,Death/delisted too sick,0.08657670118693349,Q1,Kidney,NO2,79994,677201,0.19122242089361,5.28988566458654,Q1 (0.2-5.3 units),2.9166666666666665
1065.3125,Transplant,0.3574462859119617,Q1,Kidney,NO2,79994,677201,0.19122242089361,5.28988566458654,Q1 (0.2-5.3 units),2.9166666666666665
1095.75,Death/delisted too sick,0.08964357944392906,Q1,Kidney,NO2,79994,677201,0.19122242089361,5.28988566458654,Q1 (0.2-5.3 units),3
1095.75,Transplant,0.36382141132595996,Q1,Kidney,NO2,79994,677201,0.19122242089361,5.28988566458654,Q1 (0.2-5.3 units),3
1126.1875,Death/delisted too sick,0.09236670070305486,Q1,Kidney,NO2,79994,677201,0.19122242089361,5.28988566458654,Q1 (0.2-5.3 units),3.0833333333333335
1126.1875,Transplant,0.37058643684218645,Q1,Kidney,NO2,79994,677201,0.19122242089361,5.28988566458654,Q1 (0.2-5.3 units),3.0833333333333335
1156.625,Death/delisted too sick,0.09554914163691627,Q1,Kidney,NO2,79994,677201,0.19122242089361,5.28988566458654,Q1 (0.2-5.3 units),3.1666666666666665
1156.625,Transplant,0.37679795756180035,Q1,Kidney,NO2,79994,677201,0.19122242089361,5.28988566458654,Q1 (0.2-5.3 units),3.1666666666666665
1187.0625,Death/delisted too sick,0.09833691151084804,Q1,Kidney,NO2,79994,677201,0.19122242089361,5.28988566458654,Q1 (0.2-5.3 units),3.25
1187.0625,Transplant,0.383854791419255,Q1,Kidney,NO2,79994,677201,0.19122242089361,5.28988566458654,Q1 (0.2-5.3 units),3.25
1217.5,Death/delisted too sick,0.10123682372861918,Q1,Kidney,NO2,79994,677201,0.19122242089361,5.28988566458654,Q1 (0.2-5.3 units),3.3333333333333335
1217.5,Transplant,0.39049792255673005,Q1,Kidney,NO2,79994,677201,0.19122242089361,5.28988566458654,Q1 (0.2-5.3 units),3.3333333333333335
1247.9375,Death/delisted too sick,0.10434568751541609,Q1,Kidney,NO2,79994,677201,0.19122242089361,5.28988566458654,Q1 (0.2-5.3 units),3.4166666666666665
1247.9375,Transplant,0.39649590229469284,Q1,Kidney,NO2,79994,677201,0.19122242089361,5.28988566458654,Q1 (0.2-5.3 units),3.4166666666666665
1278.375,Death/delisted too sick,0.10719534038451418,Q1,Kidney,NO2,79994,677201,0.19122242089361,5.28988566458654,Q1 (0.2-5.3 units),3.5
1278.375,Transplant,0.403548535342025,Q1,Kidney,NO2,79994,677201,0.19122242089361,5.28988566458654,Q1 (0.2-5.3 units),3.5
1308.8125,Death/delisted too sick,0.10991643574886788,Q1,Kidney,NO2,79994,677201,0.19122242089361,5.28988566458654,Q1 (0.2-5.3 units),3.5833333333333335
1308.8125,Transplant,0.40931944732813624,Q1,Kidney,NO2,79994,677201,0.19122242089361,5.28988566458654,Q1 (0.2-5.3 units),3.5833333333333335
1339.25,Death/delisted too sick,0.11301773253347734,Q1,Kidney,NO2,79994,677201,0.19122242089361,5.28988566458654,Q1 (0.2-5.3 units),3.6666666666666665
1339.25,Transplant,0.41499712567630576,Q1,Kidney,NO2,79994,677201,0.19122242089361,5.28988566458654,Q1 (0.2-5.3 units),3.6666666666666665
1369.6875,Death/delisted too sick,0.11582552401458131,Q1,Kidney,NO2,79994,677201,0.19122242089361,5.28988566458654,Q1 (0.2-5.3 units),3.75
1369.6875,Transplant,0.4205202339144531,Q1,Kidney,NO2,79994,677201,0.19122242089361,5.28988566458654,Q1 (0.2-5.3 units),3.75
1400.125,Death/delisted too sick,0.11933709024303818,Q1,Kidney,NO2,79994,677201,0.19122242089361,5.28988566458654,Q1 (0.2-5.3 units),3.8333333333333335
1400.125,Transplant,0.4264397861393313,Q1,Kidney,NO2,79994,677201,0.19122242089361,5.28988566458654,Q1 (0.2-5.3 units),3.8333333333333335
1430.5625,Death/delisted too sick,0.12187994515164931,Q1,Kidney,NO2,79994,677201,0.19122242089361,5.28988566458654,Q1 (0.2-5.3 units),3.9166666666666665
1430.5625,Transplant,0.43273627786177626,Q1,Kidney,NO2,79994,677201,0.19122242089361,5.28988566458654,Q1 (0.2-5.3 units),3.9166666666666665
1461,Death/delisted too sick,0.1248319094383104,Q1,Kidney,NO2,79994,677201,0.19122242089361,5.28988566458654,Q1 (0.2-5.3 units),4
1461,Transplant,0.4387345720878319,Q1,Kidney,NO2,79994,677201,0.19122242089361,5.28988566458654,Q1 (0.2-5.3 units),4
1491.4375,Death/delisted too sick,0.1271201798655785,Q1,Kidney,NO2,79994,677201,0.19122242089361,5.28988566458654,Q1 (0.2-5.3 units),4.083333333333333
1491.4375,Transplant,0.44474202948522756,Q1,Kidney,NO2,79994,677201,0.19122242089361,5.28988566458654,Q1 (0.2-5.3 units),4.083333333333333
1521.875,Death/delisted too sick,0.13006223318544188,Q1,Kidney,NO2,79994,677201,0.19122242089361,5.28988566458654,Q1 (0.2-5.3 units),4.166666666666667
1521.875,Transplant,0.44963617653806087,Q1,Kidney,NO2,79994,677201,0.19122242089361,5.28988566458654,Q1 (0.2-5.3 units),4.166666666666667
1552.3125,Death/delisted too sick,0.13288358981939943,Q1,Kidney,NO2,79994,677201,0.19122242089361,5.28988566458654,Q1 (0.2-5.3 units),4.25
1552.3125,Transplant,0.4555792646420958,Q1,Kidney,NO2,79994,677201,0.19122242089361,5.28988566458654,Q1 (0.2-5.3 units),4.25
1582.75,Death/delisted too sick,0.136095543887676,Q1,Kidney,NO2,79994,677201,0.19122242089361,5.28988566458654,Q1 (0.2-5.3 units),4.333333333333333
1582.75,Transplant,0.4613698217127172,Q1,Kidney,NO2,79994,677201,0.19122242089361,5.28988566458654,Q1 (0.2-5.3 units),4.333333333333333
1613.1875,Death/delisted too sick,0.13901987673204888,Q1,Kidney,NO2,79994,677201,0.19122242089361,5.28988566458654,Q1 (0.2-5.3 units),4.416666666666667
1613.1875,Transplant,0.4665929903155036,Q1,Kidney,NO2,79994,677201,0.19122242089361,5.28988566458654,Q1 (0.2-5.3 units),4.416666666666667
1643.625,Death/delisted too sick,0.14180462041148148,Q1,Kidney,NO2,79994,677201,0.19122242089361,5.28988566458654,Q1 (0.2-5.3 units),4.5
1643.625,Transplant,0.4724239223039304,Q1,Kidney,NO2,79994,677201,0.19122242089361,5.28988566458654,Q1 (0.2-5.3 units),4.5
1674.0625,Death/delisted too sick,0.14449865192942699,Q1,Kidney,NO2,79994,677201,0.19122242089361,5.28988566458654,Q1 (0.2-5.3 units),4.583333333333333
1674.0625,Transplant,0.47772515120946785,Q1,Kidney,NO2,79994,677201,0.19122242089361,5.28988566458654,Q1 (0.2-5.3 units),4.583333333333333
1704.5,Death/delisted too sick,0.1471203198848165,Q1,Kidney,NO2,79994,677201,0.19122242089361,5.28988566458654,Q1 (0.2-5.3 units),4.666666666666667
1704.5,Transplant,0.48308929926013017,Q1,Kidney,NO2,79994,677201,0.19122242089361,5.28988566458654,Q1 (0.2-5.3 units),4.666666666666667
1734.9375,Death/delisted too sick,0.14956322107264436,Q1,Kidney,NO2,79994,677201,0.19122242089361,5.28988566458654,Q1 (0.2-5.3 units),4.75
1734.9375,Transplant,0.4880994268426172,Q1,Kidney,NO2,79994,677201,0.19122242089361,5.28988566458654,Q1 (0.2-5.3 units),4.75
1765.375,Death/delisted too sick,0.15224642946996383,Q1,Kidney,NO2,79994,677201,0.19122242089361,5.28988566458654,Q1 (0.2-5.3 units),4.833333333333333
1765.375,Transplant,0.49287572268453567,Q1,Kidney,NO2,79994,677201,0.19122242089361,5.28988566458654,Q1 (0.2-5.3 units),4.833333333333333
1795.8125,Death/delisted too sick,0.15487135898369742,Q1,Kidney,NO2,79994,677201,0.19122242089361,5.28988566458654,Q1 (0.2-5.3 units),4.916666666666667
1795.8125,Transplant,0.49733348422630247,Q1,Kidney,NO2,79994,677201,0.19122242089361,5.28988566458654,Q1 (0.2-5.3 units),4.916666666666667
1826.25,Death/delisted too sick,0.1575302044274113,Q1,Kidney,NO2,79994,677201,0.19122242089361,5.28988566458654,Q1 (0.2-5.3 units),5
1826.25,Transplant,0.5025418828091688,Q1,Kidney,NO2,79994,677201,0.19122242089361,5.28988566458654,Q1 (0.2-5.3 units),5
0,Death/delisted too sick,0,Q2,Kidney,NO2,79994,677201,5.28988629677257,8.70357090527894,Q2 (5.3-8.7 units),0
0,Transplant,0,Q2,Kidney,NO2,79994,677201,5.28988629677257,8.70357090527894,Q2 (5.3-8.7 units),0
30.4375,Death/delisted too sick,0.0029617232007995986,Q2,Kidney,NO2,79994,677201,5.28988629677257,8.70357090527894,Q2 (5.3-8.7 units),0.08333333333333333
30.4375,Transplant,0.01988669226508319,Q2,Kidney,NO2,79994,677201,5.28988629677257,8.70357090527894,Q2 (5.3-8.7 units),0.08333333333333333
60.875,Death/delisted too sick,0.0048765980431949765,Q2,Kidney,NO2,79994,677201,5.28988629677257,8.70357090527894,Q2 (5.3-8.7 units),0.16666666666666666
60.875,Transplant,0.034206760019450035,Q2,Kidney,NO2,79994,677201,5.28988629677257,8.70357090527894,Q2 (5.3-8.7 units),0.16666666666666666
91.3125,Death/delisted too sick,0.0068969154410639015,Q2,Kidney,NO2,79994,677201,5.28988629677257,8.70357090527894,Q2 (5.3-8.7 units),0.25
91.3125,Transplant,0.04904917316387288,Q2,Kidney,NO2,79994,677201,5.28988629677257,8.70357090527894,Q2 (5.3-8.7 units),0.25
121.75,Death/delisted too sick,0.008640032680689755,Q2,Kidney,NO2,79994,677201,5.28988629677257,8.70357090527894,Q2 (5.3-8.7 units),0.3333333333333333
121.75,Transplant,0.06254726224118501,Q2,Kidney,NO2,79994,677201,5.28988629677257,8.70357090527894,Q2 (5.3-8.7 units),0.3333333333333333
152.1875,Death/delisted too sick,0.010327935678884806,Q2,Kidney,NO2,79994,677201,5.28988629677257,8.70357090527894,Q2 (5.3-8.7 units),0.4166666666666667
152.1875,Transplant,0.07663666976407882,Q2,Kidney,NO2,79994,677201,5.28988629677257,8.70357090527894,Q2 (5.3-8.7 units),0.4166666666666667
182.625,Death/delisted too sick,0.012239749361759662,Q2,Kidney,NO2,79994,677201,5.28988629677257,8.70357090527894,Q2 (5.3-8.7 units),0.5
182.625,Transplant,0.089530834005956475,Q2,Kidney,NO2,79994,677201,5.28988629677257,8.70357090527894,Q2 (5.3-8.7 units),0.5
213.0625,Death/delisted too sick,0.01393298942048005,Q2,Kidney,NO2,79994,677201,5.28988629677257,8.70357090527894,Q2 (5.3-8.7 units),0.5833333333333334
213.0625,Transplant,0.1023014951865749,Q2,Kidney,NO2,79994,677201,5.28988629677257,8.70357090527894,Q2 (5.3-8.7 units),0.5833333333333334
243.5,Death/delisted too sick,0.015863761527169933,Q2,Kidney,NO2,79994,677201,5.28988629677257,8.70357090527894,Q2 (5.3-8.7 units),0.6666666666666666
243.5,Transplant,0.11464868862937717,Q2,Kidney,NO2,79994,677201,5.28988629677257,8.70357090527894,Q2 (5.3-8.7 units),0.6666666666666666
273.9375,Death/delisted too sick,0.017783320073854397,Q2,Kidney,NO2,79994,677201,5.28988629677257,8.70357090527894,Q2 (5.3-8.7 units),0.75
273.9375,Transplant,0.12636813856521475,Q2,Kidney,NO2,79994,677201,5.28988629677257,8.70357090527894,Q2 (5.3-8.7 units),0.75
304.375,Death/delisted too sick,0.019663998073459747,Q2,Kidney,NO2,79994,677201,5.28988629677257,8.70357090527894,Q2 (5.3-8.7 units),0.8333333333333334
304.375,Transplant,0.13752220373667398,Q2,Kidney,NO2,79994,677201,5.28988629677257,8.70357090527894,Q2 (5.3-8.7 units),0.8333333333333334
334.8125,Death/delisted too sick,0.021456439387862347,Q2,Kidney,NO2,79994,677201,5.28988629677257,8.70357090527894,Q2 (5.3-8.7 units),0.9166666666666666
334.8125,Transplant,0.14814474748634918,Q2,Kidney,NO2,79994,677201,5.28988629677257,8.70357090527894,Q2 (5.3-8.7 units),0.9166666666666666
365.25,Death/delisted too sick,0.02361816820926498,Q2,Kidney,NO2,79994,677201,5.28988629677257,8.70357090527894,Q2 (5.3-8.7 units),1
365.25,Transplant,0.15893921592531599,Q2,Kidney,NO2,79994,677201,5.28988629677257,8.70357090527894,Q2 (5.3-8.7 units),1
395.6875,Death/delisted too sick,0.025962608642791627,Q2,Kidney,NO2,79994,677201,5.28988629677257,8.70357090527894,Q2 (5.3-8.7 units),1.0833333333333333
395.6875,Transplant,0.16969414175250544,Q2,Kidney,NO2,79994,677201,5.28988629677257,8.70357090527894,Q2 (5.3-8.7 units),1.0833333333333333
426.125,Death/delisted too sick,0.028325203995214692,Q2,Kidney,NO2,79994,677201,5.28988629677257,8.70357090527894,Q2 (5.3-8.7 units),1.1666666666666667
426.125,Transplant,0.1805640650518601,Q2,Kidney,NO2,79994,677201,5.28988629677257,8.70357090527894,Q2 (5.3-8.7 units),1.1666666666666667
456.5625,Death/delisted too sick,0.030580035563834065,Q2,Kidney,NO2,79994,677201,5.28988629677257,8.70357090527894,Q2 (5.3-8.7 units),1.25
456.5625,Transplant,0.19005980322370347,Q2,Kidney,NO2,79994,677201,5.28988629677257,8.70357090527894,Q2 (5.3-8.7 units),1.25
487,Death/delisted too sick,0.03308889902681818,Q2,Kidney,NO2,79994,677201,5.28988629677257,8.70357090527894,Q2 (5.3-8.7 units),1.3333333333333333
487,Transplant,0.20032270939445684,Q2,Kidney,NO2,79994,677201,5.28988629677257,8.70357090527894,Q2 (5.3-8.7 units),1.3333333333333333
517.4375,Death/delisted too sick,0.03538280333215288,Q2,Kidney,NO2,79994,677201,5.28988629677257,8.70357090527894,Q2 (5.3-8.7 units),1.4166666666666667
517.4375,Transplant,0.20960313921874035,Q2,Kidney,NO2,79994,677201,5.28988629677257,8.70357090527894,Q2 (5.3-8.7 units),1.4166666666666667
547.875,Death/delisted too sick,0.03784951240720391,Q2,Kidney,NO2,79994,677201,5.28988629677257,8.70357090527894,Q2 (5.3-8.7 units),1.5
547.875,Transplant,0.21840316716830702,Q2,Kidney,NO2,79994,677201,5.28988629677257,8.70357090527894,Q2 (5.3-8.7 units),1.5
578.3125,Death/delisted too sick,0.040017948096408955,Q2,Kidney,NO2,79994,677201,5.28988629677257,8.70357090527894,Q2 (5.3-8.7 units),1.5833333333333333
578.3125,Transplant,0.22759889378212098,Q2,Kidney,NO2,79994,677201,5.28988629677257,8.70357090527894,Q2 (5.3-8.7 units),1.5833333333333333
608.75,Death/delisted too sick,0.04230243235945487,Q2,Kidney,NO2,79994,677201,5.28988629677257,8.70357090527894,Q2 (5.3-8.7 units),1.6666666666666667
608.75,Transplant,0.235938865470836,Q2,Kidney,NO2,79994,677201,5.28988629677257,8.70357090527894,Q2 (5.3-8.7 units),1.6666666666666667
639.1875,Death/delisted too sick,0.04472692348956454,Q2,Kidney,NO2,79994,677201,5.28988629677257,8.70357090527894,Q2 (5.3-8.7 units),1.75
639.1875,Transplant,0.2447292198245186,Q2,Kidney,NO2,79994,677201,5.28988629677257,8.70357090527894,Q2 (5.3-8.7 units),1.75
669.625,Death/delisted too sick,0.047260151502601634,Q2,Kidney,NO2,79994,677201,5.28988629677257,8.70357090527894,Q2 (5.3-8.7 units),1.8333333333333333
669.625,Transplant,0.25231300580141514,Q2,Kidney,NO2,79994,677201,5.28988629677257,8.70357090527894,Q2 (5.3-8.7 units),1.8333333333333333
700.0625,Death/delisted too sick,0.04983755660460148,Q2,Kidney,NO2,79994,677201,5.28988629677257,8.70357090527894,Q2 (5.3-8.7 units),1.9166666666666667
700.0625,Transplant,0.2604469282281434,Q2,Kidney,NO2,79994,677201,5.28988629677257,8.70357090527894,Q2 (5.3-8.7 units),1.9166666666666667
730.5,Death/delisted too sick,0.05255431379929735,Q2,Kidney,NO2,79994,677201,5.28988629677257,8.70357090527894,Q2 (5.3-8.7 units),2
730.5,Transplant,0.26787989129742873,Q2,Kidney,NO2,79994,677201,5.28988629677257,8.70357090527894,Q2 (5.3-8.7 units),2
760.9375,Death/delisted too sick,0.055475659195699634,Q2,Kidney,NO2,79994,677201,5.28988629677257,8.70357090527894,Q2 (5.3-8.7 units),2.0833333333333335
760.9375,Transplant,0.27626700412046834,Q2,Kidney,NO2,79994,677201,5.28988629677257,8.70357090527894,Q2 (5.3-8.7 units),2.0833333333333335
791.375,Death/delisted too sick,0.058369449169932086,Q2,Kidney,NO2,79994,677201,5.28988629677257,8.70357090527894,Q2 (5.3-8.7 units),2.1666666666666665
791.375,Transplant,0.2851487829486676,Q2,Kidney,NO2,79994,677201,5.28988629677257,8.70357090527894,Q2 (5.3-8.7 units),2.1666666666666665
821.8125,Death/delisted too sick,0.06101328744007382,Q2,Kidney,NO2,79994,677201,5.28988629677257,8.70357090527894,Q2 (5.3-8.7 units),2.25
821.8125,Transplant,0.293662994869911,Q2,Kidney,NO2,79994,677201,5.28988629677257,8.70357090527894,Q2 (5.3-8.7 units),2.25
852.25,Death/delisted too sick,0.06399144738549165,Q2,Kidney,NO2,79994,677201,5.28988629677257,8.70357090527894,Q2 (5.3-8.7 units),2.3333333333333335
852.25,Transplant,0.3013670512784705,Q2,Kidney,NO2,79994,677201,5.28988629677257,8.70357090527894,Q2 (5.3-8.7 units),2.3333333333333335
882.6875,Death/delisted too sick,0.0669883002048254,Q2,Kidney,NO2,79994,677201,5.28988629677257,8.70357090527894,Q2 (5.3-8.7 units),2.4166666666666665
882.6875,Transplant,0.30919328145219244,Q2,Kidney,NO2,79994,677201,5.28988629677257,8.70357090527894,Q2 (5.3-8.7 units),2.4166666666666665
913.125,Death/delisted too sick,0.07020318953147689,Q2,Kidney,NO2,79994,677201,5.28988629677257,8.70357090527894,Q2 (5.3-8.7 units),2.5
913.125,Transplant,0.31698924894349695,Q2,Kidney,NO2,79994,677201,5.28988629677257,8.70357090527894,Q2 (5.3-8.7 units),2.5
943.5625,Death/delisted too sick,0.07324844634249908,Q2,Kidney,NO2,79994,677201,5.28988629677257,8.70357090527894,Q2 (5.3-8.7 units),2.5833333333333335
943.5625,Transplant,0.3243313465498835,Q2,Kidney,NO2,79994,677201,5.28988629677257,8.70357090527894,Q2 (5.3-8.7 units),2.5833333333333335
974,Death/delisted too sick,0.07609312513970319,Q2,Kidney,NO2,79994,677201,5.28988629677257,8.70357090527894,Q2 (5.3-8.7 units),2.6666666666666665
974,Transplant,0.33130491459055655,Q2,Kidney,NO2,79994,677201,5.28988629677257,8.70357090527894,Q2 (5.3-8.7 units),2.6666666666666665
1004.4375,Death/delisted too sick,0.07854844634737969,Q2,Kidney,NO2,79994,677201,5.28988629677257,8.70357090527894,Q2 (5.3-8.7 units),2.75
1004.4375,Transplant,0.3385318726941745,Q2,Kidney,NO2,79994,677201,5.28988629677257,8.70357090527894,Q2 (5.3-8.7 units),2.75
1034.875,Death/delisted too sick,0.08174112625385001,Q2,Kidney,NO2,79994,677201,5.28988629677257,8.70357090527894,Q2 (5.3-8.7 units),2.8333333333333335
1034.875,Transplant,0.34525860811334125,Q2,Kidney,NO2,79994,677201,5.28988629677257,8.70357090527894,Q2 (5.3-8.7 units),2.8333333333333335
1065.3125,Death/delisted too sick,0.08475215611469573,Q2,Kidney,NO2,79994,677201,5.28988629677257,8.70357090527894,Q2 (5.3-8.7 units),2.9166666666666665
1065.3125,Transplant,0.35271295197095787,Q2,Kidney,NO2,79994,677201,5.28988629677257,8.70357090527894,Q2 (5.3-8.7 units),2.9166666666666665
1095.75,Death/delisted too sick,0.0875037231762206,Q2,Kidney,NO2,79994,677201,5.28988629677257,8.70357090527894,Q2 (5.3-8.7 units),3
1095.75,Transplant,0.35932047758795843,Q2,Kidney,NO2,79994,677201,5.28988629677257,8.70357090527894,Q2 (5.3-8.7 units),3
1126.1875,Death/delisted too sick,0.09053180329589894,Q2,Kidney,NO2,79994,677201,5.28988629677257,8.70357090527894,Q2 (5.3-8.7 units),3.0833333333333335
1126.1875,Transplant,0.36662813631664865,Q2,Kidney,NO2,79994,677201,5.28988629677257,8.70357090527894,Q2 (5.3-8.7 units),3.0833333333333335
1156.625,Death/delisted too sick,0.09347868202476395,Q2,Kidney,NO2,79994,677201,5.28988629677257,8.70357090527894,Q2 (5.3-8.7 units),3.1666666666666665
1156.625,Transplant,0.37463426318024085,Q2,Kidney,NO2,79994,677201,5.28988629677257,8.70357090527894,Q2 (5.3-8.7 units),3.1666666666666665
1187.0625,Death/delisted too sick,0.09645595641693781,Q2,Kidney,NO2,79994,677201,5.28988629677257,8.70357090527894,Q2 (5.3-8.7 units),3.25
1187.0625,Transplant,0.3818077156722714,Q2,Kidney,NO2,79994,677201,5.28988629677257,8.70357090527894,Q2 (5.3-8.7 units),3.25
1217.5,Death/delisted too sick,0.09944292344929337,Q2,Kidney,NO2,79994,677201,5.28988629677257,8.70357090527894,Q2 (5.3-8.7 units),3.3333333333333335
1217.5,Transplant,0.38845926374415146,Q2,Kidney,NO2,79994,677201,5.28988629677257,8.70357090527894,Q2 (5.3-8.7 units),3.3333333333333335
1247.9375,Death/delisted too sick,0.10232771762410409,Q2,Kidney,NO2,79994,677201,5.28988629677257,8.70357090527894,Q2 (5.3-8.7 units),3.4166666666666665
1247.9375,Transplant,0.3950027454251433,Q2,Kidney,NO2,79994,677201,5.28988629677257,8.70357090527894,Q2 (5.3-8.7 units),3.4166666666666665
1278.375,Death/delisted too sick,0.1052145276081872,Q2,Kidney,NO2,79994,677201,5.28988629677257,8.70357090527894,Q2 (5.3-8.7 units),3.5
1278.375,Transplant,0.40147957802624146,Q2,Kidney,NO2,79994,677201,5.28988629677257,8.70357090527894,Q2 (5.3-8.7 units),3.5
1308.8125,Death/delisted too sick,0.10777700559720096,Q2,Kidney,NO2,79994,677201,5.28988629677257,8.70357090527894,Q2 (5.3-8.7 units),3.5833333333333335
1308.8125,Transplant,0.40720541395291776,Q2,Kidney,NO2,79994,677201,5.28988629677257,8.70357090527894,Q2 (5.3-8.7 units),3.5833333333333335
1339.25,Death/delisted too sick,0.11083250859842425,Q2,Kidney,NO2,79994,677201,5.28988629677257,8.70357090527894,Q2 (5.3-8.7 units),3.6666666666666665
1339.25,Transplant,0.414154590463153,Q2,Kidney,NO2,79994,677201,5.28988629677257,8.70357090527894,Q2 (5.3-8.7 units),3.6666666666666665
1369.6875,Death/delisted too sick,0.11357060682105188,Q2,Kidney,NO2,79994,677201,5.28988629677257,8.70357090527894,Q2 (5.3-8.7 units),3.75
1369.6875,Transplant,0.4206571432777475,Q2,Kidney,NO2,79994,677201,5.28988629677257,8.70357090527894,Q2 (5.3-8.7 units),3.75
1400.125,Death/delisted too sick,0.11646451642950699,Q2,Kidney,NO2,79994,677201,5.28988629677257,8.70357090527894,Q2 (5.3-8.7 units),3.8333333333333335
1400.125,Transplant,0.42698846654291844,Q2,Kidney,NO2,79994,677201,5.28988629677257,8.70357090527894,Q2 (5.3-8.7 units),3.8333333333333335
1430.5625,Death/delisted too sick,0.11902818226737906,Q2,Kidney,NO2,79994,677201,5.28988629677257,8.70357090527894,Q2 (5.3-8.7 units),3.9166666666666665
1430.5625,Transplant,0.43284495848477145,Q2,Kidney,NO2,79994,677201,5.28988629677257,8.70357090527894,Q2 (5.3-8.7 units),3.9166666666666665
1461,Death/delisted too sick,0.12190902722758855,Q2,Kidney,NO2,79994,677201,5.28988629677257,8.70357090527894,Q2 (5.3-8.7 units),4
1461,Transplant,0.4393261884742425,Q2,Kidney,NO2,79994,677201,5.28988629677257,8.70357090527894,Q2 (5.3-8.7 units),4
1491.4375,Death/delisted too sick,0.12483656530655733,Q2,Kidney,NO2,79994,677201,5.28988629677257,8.70357090527894,Q2 (5.3-8.7 units),4.083333333333333
1491.4375,Transplant,0.4459948205475541,Q2,Kidney,NO2,79994,677201,5.28988629677257,8.70357090527894,Q2 (5.3-8.7 units),4.083333333333333
1521.875,Death/delisted too sick,0.12780558327478747,Q2,Kidney,NO2,79994,677201,5.28988629677257,8.70357090527894,Q2 (5.3-8.7 units),4.166666666666667
1521.875,Transplant,0.45227521980474183,Q2,Kidney,NO2,79994,677201,5.28988629677257,8.70357090527894,Q2 (5.3-8.7 units),4.166666666666667
1552.3125,Death/delisted too sick,0.13073348524189743,Q2,Kidney,NO2,79994,677201,5.28988629677257,8.70357090527894,Q2 (5.3-8.7 units),4.25
1552.3125,Transplant,0.4582919462672341,Q2,Kidney,NO2,79994,677201,5.28988629677257,8.70357090527894,Q2 (5.3-8.7 units),4.25
1582.75,Death/delisted too sick,0.1336210421479213,Q2,Kidney,NO2,79994,677201,5.28988629677257,8.70357090527894,Q2 (5.3-8.7 units),4.333333333333333
1582.75,Transplant,0.46474519374413875,Q2,Kidney,NO2,79994,677201,5.28988629677257,8.70357090527894,Q2 (5.3-8.7 units),4.333333333333333
1613.1875,Death/delisted too sick,0.1364718688319579,Q2,Kidney,NO2,79994,677201,5.28988629677257,8.70357090527894,Q2 (5.3-8.7 units),4.416666666666667
1613.1875,Transplant,0.47113122729303447,Q2,Kidney,NO2,79994,677201,5.28988629677257,8.70357090527894,Q2 (5.3-8.7 units),4.416666666666667
1643.625,Death/delisted too sick,0.13929287201798196,Q2,Kidney,NO2,79994,677201,5.28988629677257,8.70357090527894,Q2 (5.3-8.7 units),4.5
1643.625,Transplant,0.476705616377252,Q2,Kidney,NO2,79994,677201,5.28988629677257,8.70357090527894,Q2 (5.3-8.7 units),4.5
1674.0625,Death/delisted too sick,0.14204051491222094,Q2,Kidney,NO2,79994,677201,5.28988629677257,8.70357090527894,Q2 (5.3-8.7 units),4.583333333333333
1674.0625,Transplant,0.4828025764775843,Q2,Kidney,NO2,79994,677201,5.28988629677257,8.70357090527894,Q2 (5.3-8.7 units),4.583333333333333
1704.5,Death/delisted too sick,0.14465259065701952,Q2,Kidney,NO2,79994,677201,5.28988629677257,8.70357090527894,Q2 (5.3-8.7 units),4.666666666666667
1704.5,Transplant,0.48869071438065925,Q2,Kidney,NO2,79994,677201,5.28988629677257,8.70357090527894,Q2 (5.3-8.7 units),4.666666666666667
1734.9375,Death/delisted too sick,0.14724686064869152,Q2,Kidney,NO2,79994,677201,5.28988629677257,8.70357090527894,Q2 (5.3-8.7 units),4.75
1734.9375,Transplant,0.493847379617687,Q2,Kidney,NO2,79994,677201,5.28988629677257,8.70357090527894,Q2 (5.3-8.7 units),4.75
1765.375,Death/delisted too sick,0.1495431869673794,Q2,Kidney,NO2,79994,677201,5.28988629677257,8.70357090527894,Q2 (5.3-8.7 units),4.833333333333333
1765.375,Transplant,0.4996151995131121,Q2,Kidney,NO2,79994,677201,5.28988629677257,8.70357090527894,Q2 (5.3-8.7 units),4.833333333333333
1795.8125,Death/delisted too sick,0.15235774747256087,Q2,Kidney,NO2,79994,677201,5.28988629677257,8.70357090527894,Q2 (5.3-8.7 units),4.916666666666667
1795.8125,Transplant,0.5047386921000615,Q2,Kidney,NO2,79994,677201,5.28988629677257,8.70357090527894,Q2 (5.3-8.7 units),4.916666666666667
1826.25,Death/delisted too sick,0.15489374665909117,Q2,Kidney,NO2,79994,677201,5.28988629677257,8.70357090527894,Q2 (5.3-8.7 units),5
1826.25,Transplant,0.5104573356798681,Q2,Kidney,NO2,79994,677201,5.28988629677257,8.70357090527894,Q2 (5.3-8.7 units),5
0,Death/delisted too sick,0,Q3,Kidney,NO2,79994,677201,8.70357090527894,13.5761510225443,Q3 (8.7-13.6 units),0
0,Transplant,0,Q3,Kidney,NO2,79994,677201,8.70357090527894,13.5761510225443,Q3 (8.7-13.6 units),0
30.4375,Death/delisted too sick,0.0037404267105825614,Q3,Kidney,NO2,79994,677201,8.70357090527894,13.5761510225443,Q3 (8.7-13.6 units),0.08333333333333333
30.4375,Transplant,0.021881600051350078,Q3,Kidney,NO2,79994,677201,8.70357090527894,13.5761510225443,Q3 (8.7-13.6 units),0.08333333333333333
60.875,Death/delisted too sick,0.006129895524650638,Q3,Kidney,NO2,79994,677201,8.70357090527894,13.5761510225443,Q3 (8.7-13.6 units),0.16666666666666666
60.875,Transplant,0.036902731716583315,Q3,Kidney,NO2,79994,677201,8.70357090527894,13.5761510225443,Q3 (8.7-13.6 units),0.16666666666666666
91.3125,Death/delisted too sick,0.008224463015978756,Q3,Kidney,NO2,79994,677201,8.70357090527894,13.5761510225443,Q3 (8.7-13.6 units),0.25
91.3125,Transplant,0.052919989916774164,Q3,Kidney,NO2,79994,677201,8.70357090527894,13.5761510225443,Q3 (8.7-13.6 units),0.25
121.75,Death/delisted too sick,0.009976560592579236,Q3,Kidney,NO2,79994,677201,8.70357090527894,13.5761510225443,Q3 (8.7-13.6 units),0.3333333333333333
121.75,Transplant,0.06699583151926931,Q3,Kidney,NO2,79994,677201,8.70357090527894,13.5761510225443,Q3 (8.7-13.6 units),0.3333333333333333
152.1875,Death/delisted too sick,0.011696266514217157,Q3,Kidney,NO2,79994,677201,8.70357090527894,13.5761510225443,Q3 (8.7-13.6 units),0.4166666666666667
152.1875,Transplant,0.08157843675296744,Q3,Kidney,NO2,79994,677201,8.70357090527894,13.5761510225443,Q3 (8.7-13.6 units),0.4166666666666667
182.625,Death/delisted too sick,0.013415233668989663,Q3,Kidney,NO2,79994,677201,8.70357090527894,13.5761510225443,Q3 (8.7-13.6 units),0.5
182.625,Transplant,0.09523572276846316,Q3,Kidney,NO2,79994,677201,8.70357090527894,13.5761510225443,Q3 (8.7-13.6 units),0.5
213.0625,Death/delisted too sick,0.015532548857378219,Q3,Kidney,NO2,79994,677201,8.70357090527894,13.5761510225443,Q3 (8.7-13.6 units),0.5833333333333334
213.0625,Transplant,0.10808147896452329,Q3,Kidney,NO2,79994,677201,8.70357090527894,13.5761510225443,Q3 (8.7-13.6 units),0.5833333333333334
243.5,Death/delisted too sick,0.017313666397775485,Q3,Kidney,NO2,79994,677201,8.70357090527894,13.5761510225443,Q3 (8.7-13.6 units),0.6666666666666666
243.5,Transplant,0.12000775948404627,Q3,Kidney,NO2,79994,677201,8.70357090527894,13.5761510225443,Q3 (8.7-13.6 units),0.6666666666666666
273.9375,Death/delisted too sick,0.019261989225946182,Q3,Kidney,NO2,79994,677201,8.70357090527894,13.5761510225443,Q3 (8.7-13.6 units),0.75
273.9375,Transplant,0.13131177340773495,Q3,Kidney,NO2,79994,677201,8.70357090527894,13.5761510225443,Q3 (8.7-13.6 units),0.75
304.375,Death/delisted too sick,0.0211435717272994,Q3,Kidney,NO2,79994,677201,8.70357090527894,13.5761510225443,Q3 (8.7-13.6 units),0.8333333333333334
304.375,Transplant,0.14223855297748841,Q3,Kidney,NO2,79994,677201,8.70357090527894,13.5761510225443,Q3 (8.7-13.6 units),0.8333333333333334
334.8125,Death/delisted too sick,0.023079419103417285,Q3,Kidney,NO2,79994,677201,8.70357090527894,13.5761510225443,Q3 (8.7-13.6 units),0.9166666666666666
334.8125,Transplant,0.1524794184659343,Q3,Kidney,NO2,79994,677201,8.70357090527894,13.5761510225443,Q3 (8.7-13.6 units),0.9166666666666666
365.25,Death/delisted too sick,0.02543188626822998,Q3,Kidney,NO2,79994,677201,8.70357090527894,13.5761510225443,Q3 (8.7-13.6 units),1
365.25,Transplant,0.16283990690572014,Q3,Kidney,NO2,79994,677201,8.70357090527894,13.5761510225443,Q3 (8.7-13.6 units),1
395.6875,Death/delisted too sick,0.027836288845737283,Q3,Kidney,NO2,79994,677201,8.70357090527894,13.5761510225443,Q3 (8.7-13.6 units),1.0833333333333333
395.6875,Transplant,0.17326300401314573,Q3,Kidney,NO2,79994,677201,8.70357090527894,13.5761510225443,Q3 (8.7-13.6 units),1.0833333333333333
426.125,Death/delisted too sick,0.029858460743768904,Q3,Kidney,NO2,79994,677201,8.70357090527894,13.5761510225443,Q3 (8.7-13.6 units),1.1666666666666667
426.125,Transplant,0.18440654643222212,Q3,Kidney,NO2,79994,677201,8.70357090527894,13.5761510225443,Q3 (8.7-13.6 units),1.1666666666666667
456.5625,Death/delisted too sick,0.03217438396272844,Q3,Kidney,NO2,79994,677201,8.70357090527894,13.5761510225443,Q3 (8.7-13.6 units),1.25
456.5625,Transplant,0.19467413395075073,Q3,Kidney,NO2,79994,677201,8.70357090527894,13.5761510225443,Q3 (8.7-13.6 units),1.25
487,Death/delisted too sick,0.03402759046377966,Q3,Kidney,NO2,79994,677201,8.70357090527894,13.5761510225443,Q3 (8.7-13.6 units),1.3333333333333333
487,Transplant,0.20452565994465705,Q3,Kidney,NO2,79994,677201,8.70357090527894,13.5761510225443,Q3 (8.7-13.6 units),1.3333333333333333
517.4375,Death/delisted too sick,0.0362251076350435,Q3,Kidney,NO2,79994,677201,8.70357090527894,13.5761510225443,Q3 (8.7-13.6 units),1.4166666666666667
517.4375,Transplant,0.21379715882815584,Q3,Kidney,NO2,79994,677201,8.70357090527894,13.5761510225443,Q3 (8.7-13.6 units),1.4166666666666667
547.875,Death/delisted too sick,0.038436347212762255,Q3,Kidney,NO2,79994,677201,8.70357090527894,13.5761510225443,Q3 (8.7-13.6 units),1.5
547.875,Transplant,0.22288938509374592,Q3,Kidney,NO2,79994,677201,8.70357090527894,13.5761510225443,Q3 (8.7-13.6 units),1.5
578.3125,Death/delisted too sick,0.04098625164862515,Q3,Kidney,NO2,79994,677201,8.70357090527894,13.5761510225443,Q3 (8.7-13.6 units),1.5833333333333333
578.3125,Transplant,0.23122954994807476,Q3,Kidney,NO2,79994,677201,8.70357090527894,13.5761510225443,Q3 (8.7-13.6 units),1.5833333333333333
608.75,Death/delisted too sick,0.043182531090607074,Q3,Kidney,NO2,79994,677201,8.70357090527894,13.5761510225443,Q3 (8.7-13.6 units),1.6666666666666667
608.75,Transplant,0.2401898007544541,Q3,Kidney,NO2,79994,677201,8.70357090527894,13.5761510225443,Q3 (8.7-13.6 units),1.6666666666666667
639.1875,Death/delisted too sick,0.04570650851720676,Q3,Kidney,NO2,79994,677201,8.70357090527894,13.5761510225443,Q3 (8.7-13.6 units),1.75
639.1875,Transplant,0.24878211495831773,Q3,Kidney,NO2,79994,677201,8.70357090527894,13.5761510225443,Q3 (8.7-13.6 units),1.75
669.625,Death/delisted too sick,0.04828276806232111,Q3,Kidney,NO2,79994,677201,8.70357090527894,13.5761510225443,Q3 (8.7-13.6 units),1.8333333333333333
669.625,Transplant,0.25699616613807114,Q3,Kidney,NO2,79994,677201,8.70357090527894,13.5761510225443,Q3 (8.7-13.6 units),1.8333333333333333
700.0625,Death/delisted too sick,0.05096575472677704,Q3,Kidney,NO2,79994,677201,8.70357090527894,13.5761510225443,Q3 (8.7-13.6 units),1.9166666666666667
700.0625,Transplant,0.2654348278296196,Q3,Kidney,NO2,79994,677201,8.70357090527894,13.5761510225443,Q3 (8.7-13.6 units),1.9166666666666667
730.5,Death/delisted too sick,0.053511717284471225,Q3,Kidney,NO2,79994,677201,8.70357090527894,13.5761510225443,Q3 (8.7-13.6 units),2
730.5,Transplant,0.2737682591505998,Q3,Kidney,NO2,79994,677201,8.70357090527894,13.5761510225443,Q3 (8.7-13.6 units),2
760.9375,Death/delisted too sick,0.05593569309926515,Q3,Kidney,NO2,79994,677201,8.70357090527894,13.5761510225443,Q3 (8.7-13.6 units),2.0833333333333335
760.9375,Transplant,0.2828100214325875,Q3,Kidney,NO2,79994,677201,8.70357090527894,13.5761510225443,Q3 (8.7-13.6 units),2.0833333333333335
791.375,Death/delisted too sick,0.05884279500563822,Q3,Kidney,NO2,79994,677201,8.70357090527894,13.5761510225443,Q3 (8.7-13.6 units),2.1666666666666665
791.375,Transplant,0.2912515314553343,Q3,Kidney,NO2,79994,677201,8.70357090527894,13.5761510225443,Q3 (8.7-13.6 units),2.1666666666666665
821.8125,Death/delisted too sick,0.06136198761962988,Q3,Kidney,NO2,79994,677201,8.70357090527894,13.5761510225443,Q3 (8.7-13.6 units),2.25
821.8125,Transplant,0.2991579204551919,Q3,Kidney,NO2,79994,677201,8.70357090527894,13.5761510225443,Q3 (8.7-13.6 units),2.25
852.25,Death/delisted too sick,0.06418578063038921,Q3,Kidney,NO2,79994,677201,8.70357090527894,13.5761510225443,Q3 (8.7-13.6 units),2.3333333333333335
852.25,Transplant,0.3072479444469987,Q3,Kidney,NO2,79994,677201,8.70357090527894,13.5761510225443,Q3 (8.7-13.6 units),2.3333333333333335
882.6875,Death/delisted too sick,0.0669055802072441,Q3,Kidney,NO2,79994,677201,8.70357090527894,13.5761510225443,Q3 (8.7-13.6 units),2.4166666666666665
882.6875,Transplant,0.3148026436974403,Q3,Kidney,NO2,79994,677201,8.70357090527894,13.5761510225443,Q3 (8.7-13.6 units),2.4166666666666665
913.125,Death/delisted too sick,0.06954344455408022,Q3,Kidney,NO2,79994,677201,8.70357090527894,13.5761510225443,Q3 (8.7-13.6 units),2.5
913.125,Transplant,0.3226786369792752,Q3,Kidney,NO2,79994,677201,8.70357090527894,13.5761510225443,Q3 (8.7-13.6 units),2.5
943.5625,Death/delisted too sick,0.07241146866870835,Q3,Kidney,NO2,79994,677201,8.70357090527894,13.5761510225443,Q3 (8.7-13.6 units),2.5833333333333335
943.5625,Transplant,0.3295390066409261,Q3,Kidney,NO2,79994,677201,8.70357090527894,13.5761510225443,Q3 (8.7-13.6 units),2.5833333333333335
974,Death/delisted too sick,0.0749589169426228,Q3,Kidney,NO2,79994,677201,8.70357090527894,13.5761510225443,Q3 (8.7-13.6 units),2.6666666666666665
974,Transplant,0.3370835009529884,Q3,Kidney,NO2,79994,677201,8.70357090527894,13.5761510225443,Q3 (8.7-13.6 units),2.6666666666666665
1004.4375,Death/delisted too sick,0.07772328647499746,Q3,Kidney,NO2,79994,677201,8.70357090527894,13.5761510225443,Q3 (8.7-13.6 units),2.75
1004.4375,Transplant,0.34464320841883056,Q3,Kidney,NO2,79994,677201,8.70357090527894,13.5761510225443,Q3 (8.7-13.6 units),2.75
1034.875,Death/delisted too sick,0.08047059881130447,Q3,Kidney,NO2,79994,677201,8.70357090527894,13.5761510225443,Q3 (8.7-13.6 units),2.8333333333333335
1034.875,Transplant,0.35256200403715066,Q3,Kidney,NO2,79994,677201,8.70357090527894,13.5761510225443,Q3 (8.7-13.6 units),2.8333333333333335
1065.3125,Death/delisted too sick,0.08326330739129587,Q3,Kidney,NO2,79994,677201,8.70357090527894,13.5761510225443,Q3 (8.7-13.6 units),2.9166666666666665
1065.3125,Transplant,0.3593745957906371,Q3,Kidney,NO2,79994,677201,8.70357090527894,13.5761510225443,Q3 (8.7-13.6 units),2.9166666666666665
1095.75,Death/delisted too sick,0.0860242992281162,Q3,Kidney,NO2,79994,677201,8.70357090527894,13.5761510225443,Q3 (8.7-13.6 units),3
1095.75,Transplant,0.36576387695794865,Q3,Kidney,NO2,79994,677201,8.70357090527894,13.5761510225443,Q3 (8.7-13.6 units),3
1126.1875,Death/delisted too sick,0.0886169402295033,Q3,Kidney,NO2,79994,677201,8.70357090527894,13.5761510225443,Q3 (8.7-13.6 units),3.0833333333333335
1126.1875,Transplant,0.37348019845074193,Q3,Kidney,NO2,79994,677201,8.70357090527894,13.5761510225443,Q3 (8.7-13.6 units),3.0833333333333335
1156.625,Death/delisted too sick,0.09157877779366817,Q3,Kidney,NO2,79994,677201,8.70357090527894,13.5761510225443,Q3 (8.7-13.6 units),3.1666666666666665
1156.625,Transplant,0.3806107672017948,Q3,Kidney,NO2,79994,677201,8.70357090527894,13.5761510225443,Q3 (8.7-13.6 units),3.1666666666666665
1187.0625,Death/delisted too sick,0.0944518764485687,Q3,Kidney,NO2,79994,677201,8.70357090527894,13.5761510225443,Q3 (8.7-13.6 units),3.25
1187.0625,Transplant,0.3882745403442906,Q3,Kidney,NO2,79994,677201,8.70357090527894,13.5761510225443,Q3 (8.7-13.6 units),3.25
1217.5,Death/delisted too sick,0.0975357515467846,Q3,Kidney,NO2,79994,677201,8.70357090527894,13.5761510225443,Q3 (8.7-13.6 units),3.3333333333333335
1217.5,Transplant,0.3949909820485106,Q3,Kidney,NO2,79994,677201,8.70357090527894,13.5761510225443,Q3 (8.7-13.6 units),3.3333333333333335
1247.9375,Death/delisted too sick,0.1002948674953719,Q3,Kidney,NO2,79994,677201,8.70357090527894,13.5761510225443,Q3 (8.7-13.6 units),3.4166666666666665
1247.9375,Transplant,0.4018331165104488,Q3,Kidney,NO2,79994,677201,8.70357090527894,13.5761510225443,Q3 (8.7-13.6 units),3.4166666666666665
1278.375,Death/delisted too sick,0.10288193810230566,Q3,Kidney,NO2,79994,677201,8.70357090527894,13.5761510225443,Q3 (8.7-13.6 units),3.5
1278.375,Transplant,0.40909555901983485,Q3,Kidney,NO2,79994,677201,8.70357090527894,13.5761510225443,Q3 (8.7-13.6 units),3.5
1308.8125,Death/delisted too sick,0.10556463982524993,Q3,Kidney,NO2,79994,677201,8.70357090527894,13.5761510225443,Q3 (8.7-13.6 units),3.5833333333333335
1308.8125,Transplant,0.41576607486216277,Q3,Kidney,NO2,79994,677201,8.70357090527894,13.5761510225443,Q3 (8.7-13.6 units),3.5833333333333335
1339.25,Death/delisted too sick,0.1086107096202988,Q3,Kidney,NO2,79994,677201,8.70357090527894,13.5761510225443,Q3 (8.7-13.6 units),3.6666666666666665
1339.25,Transplant,0.422694535494353,Q3,Kidney,NO2,79994,677201,8.70357090527894,13.5761510225443,Q3 (8.7-13.6 units),3.6666666666666665
1369.6875,Death/delisted too sick,0.11112881206551839,Q3,Kidney,NO2,79994,677201,8.70357090527894,13.5761510225443,Q3 (8.7-13.6 units),3.75
1369.6875,Transplant,0.4286819199501667,Q3,Kidney,NO2,79994,677201,8.70357090527894,13.5761510225443,Q3 (8.7-13.6 units),3.75
1400.125,Death/delisted too sick,0.11384254284245235,Q3,Kidney,NO2,79994,677201,8.70357090527894,13.5761510225443,Q3 (8.7-13.6 units),3.8333333333333335
1400.125,Transplant,0.4350758329658306,Q3,Kidney,NO2,79994,677201,8.70357090527894,13.5761510225443,Q3 (8.7-13.6 units),3.8333333333333335
1430.5625,Death/delisted too sick,0.1168147098846248,Q3,Kidney,NO2,79994,677201,8.70357090527894,13.5761510225443,Q3 (8.7-13.6 units),3.9166666666666665
1430.5625,Transplant,0.4411738787728958,Q3,Kidney,NO2,79994,677201,8.70357090527894,13.5761510225443,Q3 (8.7-13.6 units),3.9166666666666665
1461,Death/delisted too sick,0.11981103453281593,Q3,Kidney,NO2,79994,677201,8.70357090527894,13.5761510225443,Q3 (8.7-13.6 units),4
1461,Transplant,0.44784651590967045,Q3,Kidney,NO2,79994,677201,8.70357090527894,13.5761510225443,Q3 (8.7-13.6 units),4
1491.4375,Death/delisted too sick,0.12231823570849566,Q3,Kidney,NO2,79994,677201,8.70357090527894,13.5761510225443,Q3 (8.7-13.6 units),4.083333333333333
1491.4375,Transplant,0.4549874382368841,Q3,Kidney,NO2,79994,677201,8.70357090527894,13.5761510225443,Q3 (8.7-13.6 units),4.083333333333333
1521.875,Death/delisted too sick,0.12467076926659296,Q3,Kidney,NO2,79994,677201,8.70357090527894,13.5761510225443,Q3 (8.7-13.6 units),4.166666666666667
1521.875,Transplant,0.46075670378147654,Q3,Kidney,NO2,79994,677201,8.70357090527894,13.5761510225443,Q3 (8.7-13.6 units),4.166666666666667
1552.3125,Death/delisted too sick,0.1273814707374332,Q3,Kidney,NO2,79994,677201,8.70357090527894,13.5761510225443,Q3 (8.7-13.6 units),4.25
1552.3125,Transplant,0.4672697120806597,Q3,Kidney,NO2,79994,677201,8.70357090527894,13.5761510225443,Q3 (8.7-13.6 units),4.25
1582.75,Death/delisted too sick,0.12987134797626643,Q3,Kidney,NO2,79994,677201,8.70357090527894,13.5761510225443,Q3 (8.7-13.6 units),4.333333333333333
1582.75,Transplant,0.47321405822158585,Q3,Kidney,NO2,79994,677201,8.70357090527894,13.5761510225443,Q3 (8.7-13.6 units),4.333333333333333
1613.1875,Death/delisted too sick,0.1324619182697431,Q3,Kidney,NO2,79994,677201,8.70357090527894,13.5761510225443,Q3 (8.7-13.6 units),4.416666666666667
1613.1875,Transplant,0.47947185015321653,Q3,Kidney,NO2,79994,677201,8.70357090527894,13.5761510225443,Q3 (8.7-13.6 units),4.416666666666667
1643.625,Death/delisted too sick,0.13474363114217008,Q3,Kidney,NO2,79994,677201,8.70357090527894,13.5761510225443,Q3 (8.7-13.6 units),4.5
1643.625,Transplant,0.4847624334070935,Q3,Kidney,NO2,79994,677201,8.70357090527894,13.5761510225443,Q3 (8.7-13.6 units),4.5
1674.0625,Death/delisted too sick,0.1373738668263812,Q3,Kidney,NO2,79994,677201,8.70357090527894,13.5761510225443,Q3 (8.7-13.6 units),4.583333333333333
1674.0625,Transplant,0.4905443373971571,Q3,Kidney,NO2,79994,677201,8.70357090527894,13.5761510225443,Q3 (8.7-13.6 units),4.583333333333333
1704.5,Death/delisted too sick,0.13962059892189668,Q3,Kidney,NO2,79994,677201,8.70357090527894,13.5761510225443,Q3 (8.7-13.6 units),4.666666666666667
1704.5,Transplant,0.4962429460313117,Q3,Kidney,NO2,79994,677201,8.70357090527894,13.5761510225443,Q3 (8.7-13.6 units),4.666666666666667
1734.9375,Death/delisted too sick,0.14221417920604212,Q3,Kidney,NO2,79994,677201,8.70357090527894,13.5761510225443,Q3 (8.7-13.6 units),4.75
1734.9375,Transplant,0.5019757842860182,Q3,Kidney,NO2,79994,677201,8.70357090527894,13.5761510225443,Q3 (8.7-13.6 units),4.75
1765.375,Death/delisted too sick,0.1445397164569083,Q3,Kidney,NO2,79994,677201,8.70357090527894,13.5761510225443,Q3 (8.7-13.6 units),4.833333333333333
1765.375,Transplant,0.5071694632071957,Q3,Kidney,NO2,79994,677201,8.70357090527894,13.5761510225443,Q3 (8.7-13.6 units),4.833333333333333
1795.8125,Death/delisted too sick,0.14664874868488664,Q3,Kidney,NO2,79994,677201,8.70357090527894,13.5761510225443,Q3 (8.7-13.6 units),4.916666666666667
1795.8125,Transplant,0.5125952422031906,Q3,Kidney,NO2,79994,677201,8.70357090527894,13.5761510225443,Q3 (8.7-13.6 units),4.916666666666667
1826.25,Death/delisted too sick,0.14925524462415593,Q3,Kidney,NO2,79994,677201,8.70357090527894,13.5761510225443,Q3 (8.7-13.6 units),5
1826.25,Transplant,0.5175793038537941,Q3,Kidney,NO2,79994,677201,8.70357090527894,13.5761510225443,Q3 (8.7-13.6 units),5
0,Death/delisted too sick,0,Q4,Kidney,NO2,79994,677201,13.5761510225443,52.2752151489258,Q4 (13.6-52.3 units),0
0,Transplant,0,Q4,Kidney,NO2,79994,677201,13.5761510225443,52.2752151489258,Q4 (13.6-52.3 units),0
30.4375,Death/delisted too sick,0.0037751759011782305,Q4,Kidney,NO2,79994,677201,13.5761510225443,52.2752151489258,Q4 (13.6-52.3 units),0.08333333333333333
30.4375,Transplant,0.021986827130470624,Q4,Kidney,NO2,79994,677201,13.5761510225443,52.2752151489258,Q4 (13.6-52.3 units),0.08333333333333333
60.875,Death/delisted too sick,0.006063633530406031,Q4,Kidney,NO2,79994,677201,13.5761510225443,52.2752151489258,Q4 (13.6-52.3 units),0.16666666666666666
60.875,Transplant,0.03675584820059886,Q4,Kidney,NO2,79994,677201,13.5761510225443,52.2752151489258,Q4 (13.6-52.3 units),0.16666666666666666
91.3125,Death/delisted too sick,0.008262915720947058,Q4,Kidney,NO2,79994,677201,13.5761510225443,52.2752151489258,Q4 (13.6-52.3 units),0.25
91.3125,Transplant,0.05028850380096476,Q4,Kidney,NO2,79994,677201,13.5761510225443,52.2752151489258,Q4 (13.6-52.3 units),0.25
121.75,Death/delisted too sick,0.010057426803429402,Q4,Kidney,NO2,79994,677201,13.5761510225443,52.2752151489258,Q4 (13.6-52.3 units),0.3333333333333333
121.75,Transplant,0.06407266728192444,Q4,Kidney,NO2,79994,677201,13.5761510225443,52.2752151489258,Q4 (13.6-52.3 units),0.3333333333333333
152.1875,Death/delisted too sick,0.011853866970262856,Q4,Kidney,NO2,79994,677201,13.5761510225443,52.2752151489258,Q4 (13.6-52.3 units),0.4166666666666667
152.1875,Transplant,0.07755404586234825,Q4,Kidney,NO2,79994,677201,13.5761510225443,52.2752151489258,Q4 (13.6-52.3 units),0.4166666666666667
182.625,Death/delisted too sick,0.013807386366540872,Q4,Kidney,NO2,79994,677201,13.5761510225443,52.2752151489258,Q4 (13.6-52.3 units),0.5
182.625,Transplant,0.08933752011937028,Q4,Kidney,NO2,79994,677201,13.5761510225443,52.2752151489258,Q4 (13.6-52.3 units),0.5
213.0625,Death/delisted too sick,0.0158296550766785,Q4,Kidney,NO2,79994,677201,13.5761510225443,52.2752151489258,Q4 (13.6-52.3 units),0.5833333333333334
213.0625,Transplant,0.10069898455089085,Q4,Kidney,NO2,79994,677201,13.5761510225443,52.2752151489258,Q4 (13.6-52.3 units),0.5833333333333334
243.5,Death/delisted too sick,0.017198165586141963,Q4,Kidney,NO2,79994,677201,13.5761510225443,52.2752151489258,Q4 (13.6-52.3 units),0.6666666666666666
243.5,Transplant,0.11081018397552864,Q4,Kidney,NO2,79994,677201,13.5761510225443,52.2752151489258,Q4 (13.6-52.3 units),0.6666666666666666
273.9375,Death/delisted too sick,0.019002396278049154,Q4,Kidney,NO2,79994,677201,13.5761510225443,52.2752151489258,Q4 (13.6-52.3 units),0.75
273.9375,Transplant,0.12146678674867506,Q4,Kidney,NO2,79994,677201,13.5761510225443,52.2752151489258,Q4 (13.6-52.3 units),0.75
304.375,Death/delisted too sick,0.021076910279932866,Q4,Kidney,NO2,79994,677201,13.5761510225443,52.2752151489258,Q4 (13.6-52.3 units),0.8333333333333334
304.375,Transplant,0.13138166508110388,Q4,Kidney,NO2,79994,677201,13.5761510225443,52.2752151489258,Q4 (13.6-52.3 units),0.8333333333333334
334.8125,Death/delisted too sick,0.02339152472356746,Q4,Kidney,NO2,79994,677201,13.5761510225443,52.2752151489258,Q4 (13.6-52.3 units),0.9166666666666666
334.8125,Transplant,0.14052877796142776,Q4,Kidney,NO2,79994,677201,13.5761510225443,52.2752151489258,Q4 (13.6-52.3 units),0.9166666666666666
365.25,Death/delisted too sick,0.025383084658932593,Q4,Kidney,NO2,79994,677201,13.5761510225443,52.2752151489258,Q4 (13.6-52.3 units),1
365.25,Transplant,0.15042099249298999,Q4,Kidney,NO2,79994,677201,13.5761510225443,52.2752151489258,Q4 (13.6-52.3 units),1
395.6875,Death/delisted too sick,0.027164209027041523,Q4,Kidney,NO2,79994,677201,13.5761510225443,52.2752151489258,Q4 (13.6-52.3 units),1.0833333333333333
395.6875,Transplant,0.1599644088068161,Q4,Kidney,NO2,79994,677201,13.5761510225443,52.2752151489258,Q4 (13.6-52.3 units),1.0833333333333333
426.125,Death/delisted too sick,0.028891675019159544,Q4,Kidney,NO2,79994,677201,13.5761510225443,52.2752151489258,Q4 (13.6-52.3 units),1.1666666666666667
426.125,Transplant,0.16902101000580524,Q4,Kidney,NO2,79994,677201,13.5761510225443,52.2752151489258,Q4 (13.6-52.3 units),1.1666666666666667
456.5625,Death/delisted too sick,0.030958519081390697,Q4,Kidney,NO2,79994,677201,13.5761510225443,52.2752151489258,Q4 (13.6-52.3 units),1.25
456.5625,Transplant,0.17766298204957956,Q4,Kidney,NO2,79994,677201,13.5761510225443,52.2752151489258,Q4 (13.6-52.3 units),1.25
487,Death/delisted too sick,0.03303031686950983,Q4,Kidney,NO2,79994,677201,13.5761510225443,52.2752151489258,Q4 (13.6-52.3 units),1.3333333333333333
487,Transplant,0.18658905678066065,Q4,Kidney,NO2,79994,677201,13.5761510225443,52.2752151489258,Q4 (13.6-52.3 units),1.3333333333333333
517.4375,Death/delisted too sick,0.03536876511070698,Q4,Kidney,NO2,79994,677201,13.5761510225443,52.2752151489258,Q4 (13.6-52.3 units),1.4166666666666667
517.4375,Transplant,0.19560497743991764,Q4,Kidney,NO2,79994,677201,13.5761510225443,52.2752151489258,Q4 (13.6-52.3 units),1.4166666666666667
547.875,Death/delisted too sick,0.03722478401389483,Q4,Kidney,NO2,79994,677201,13.5761510225443,52.2752151489258,Q4 (13.6-52.3 units),1.5
547.875,Transplant,0.20307083243177998,Q4,Kidney,NO2,79994,677201,13.5761510225443,52.2752151489258,Q4 (13.6-52.3 units),1.5
578.3125,Death/delisted too sick,0.03931774011612938,Q4,Kidney,NO2,79994,677201,13.5761510225443,52.2752151489258,Q4 (13.6-52.3 units),1.5833333333333333
578.3125,Transplant,0.21076785689283867,Q4,Kidney,NO2,79994,677201,13.5761510225443,52.2752151489258,Q4 (13.6-52.3 units),1.5833333333333333
608.75,Death/delisted too sick,0.04193156435008045,Q4,Kidney,NO2,79994,677201,13.5761510225443,52.2752151489258,Q4 (13.6-52.3 units),1.6666666666666667
608.75,Transplant,0.21754051410954545,Q4,Kidney,NO2,79994,677201,13.5761510225443,52.2752151489258,Q4 (13.6-52.3 units),1.6666666666666667
639.1875,Death/delisted too sick,0.044336065514529364,Q4,Kidney,NO2,79994,677201,13.5761510225443,52.2752151489258,Q4 (13.6-52.3 units),1.75
639.1875,Transplant,0.22477344147213227,Q4,Kidney,NO2,79994,677201,13.5761510225443,52.2752151489258,Q4 (13.6-52.3 units),1.75
669.625,Death/delisted too sick,0.04655244486245216,Q4,Kidney,NO2,79994,677201,13.5761510225443,52.2752151489258,Q4 (13.6-52.3 units),1.8333333333333333
669.625,Transplant,0.2312621238448998,Q4,Kidney,NO2,79994,677201,13.5761510225443,52.2752151489258,Q4 (13.6-52.3 units),1.8333333333333333
700.0625,Death/delisted too sick,0.0489860986702977,Q4,Kidney,NO2,79994,677201,13.5761510225443,52.2752151489258,Q4 (13.6-52.3 units),1.9166666666666667
700.0625,Transplant,0.23862225210930038,Q4,Kidney,NO2,79994,677201,13.5761510225443,52.2752151489258,Q4 (13.6-52.3 units),1.9166666666666667
730.5,Death/delisted too sick,0.051126659064469435,Q4,Kidney,NO2,79994,677201,13.5761510225443,52.2752151489258,Q4 (13.6-52.3 units),2
730.5,Transplant,0.2451465872072517,Q4,Kidney,NO2,79994,677201,13.5761510225443,52.2752151489258,Q4 (13.6-52.3 units),2
760.9375,Death/delisted too sick,0.05370326519405681,Q4,Kidney,NO2,79994,677201,13.5761510225443,52.2752151489258,Q4 (13.6-52.3 units),2.0833333333333335
760.9375,Transplant,0.25329622623656933,Q4,Kidney,NO2,79994,677201,13.5761510225443,52.2752151489258,Q4 (13.6-52.3 units),2.0833333333333335
791.375,Death/delisted too sick,0.05613254498341987,Q4,Kidney,NO2,79994,677201,13.5761510225443,52.2752151489258,Q4 (13.6-52.3 units),2.1666666666666665
791.375,Transplant,0.26128971612363444,Q4,Kidney,NO2,79994,677201,13.5761510225443,52.2752151489258,Q4 (13.6-52.3 units),2.1666666666666665
821.8125,Death/delisted too sick,0.05847520118982947,Q4,Kidney,NO2,79994,677201,13.5761510225443,52.2752151489258,Q4 (13.6-52.3 units),2.25
821.8125,Transplant,0.26861273957113824,Q4,Kidney,NO2,79994,677201,13.5761510225443,52.2752151489258,Q4 (13.6-52.3 units),2.25
852.25,Death/delisted too sick,0.060884138609443327,Q4,Kidney,NO2,79994,677201,13.5761510225443,52.2752151489258,Q4 (13.6-52.3 units),2.3333333333333335
852.25,Transplant,0.27690715668184285,Q4,Kidney,NO2,79994,677201,13.5761510225443,52.2752151489258,Q4 (13.6-52.3 units),2.3333333333333335
882.6875,Death/delisted too sick,0.06356843153896086,Q4,Kidney,NO2,79994,677201,13.5761510225443,52.2752151489258,Q4 (13.6-52.3 units),2.4166666666666665
882.6875,Transplant,0.28370437401055565,Q4,Kidney,NO2,79994,677201,13.5761510225443,52.2752151489258,Q4 (13.6-52.3 units),2.4166666666666665
913.125,Death/delisted too sick,0.06597107469343069,Q4,Kidney,NO2,79994,677201,13.5761510225443,52.2752151489258,Q4 (13.6-52.3 units),2.5
913.125,Transplant,0.29080825361669044,Q4,Kidney,NO2,79994,677201,13.5761510225443,52.2752151489258,Q4 (13.6-52.3 units),2.5
943.5625,Death/delisted too sick,0.0686944474213036,Q4,Kidney,NO2,79994,677201,13.5761510225443,52.2752151489258,Q4 (13.6-52.3 units),2.5833333333333335
943.5625,Transplant,0.2977554927716013,Q4,Kidney,NO2,79994,677201,13.5761510225443,52.2752151489258,Q4 (13.6-52.3 units),2.5833333333333335
974,Death/delisted too sick,0.07130691442472432,Q4,Kidney,NO2,79994,677201,13.5761510225443,52.2752151489258,Q4 (13.6-52.3 units),2.6666666666666665
974,Transplant,0.30540668099661217,Q4,Kidney,NO2,79994,677201,13.5761510225443,52.2752151489258,Q4 (13.6-52.3 units),2.6666666666666665
1004.4375,Death/delisted too sick,0.07391829377362943,Q4,Kidney,NO2,79994,677201,13.5761510225443,52.2752151489258,Q4 (13.6-52.3 units),2.75
1004.4375,Transplant,0.3119862800472201,Q4,Kidney,NO2,79994,677201,13.5761510225443,52.2752151489258,Q4 (13.6-52.3 units),2.75
1034.875,Death/delisted too sick,0.07654390930504062,Q4,Kidney,NO2,79994,677201,13.5761510225443,52.2752151489258,Q4 (13.6-52.3 units),2.8333333333333335
1034.875,Transplant,0.3181850669110602,Q4,Kidney,NO2,79994,677201,13.5761510225443,52.2752151489258,Q4 (13.6-52.3 units),2.8333333333333335
1065.3125,Death/delisted too sick,0.07869742728202835,Q4,Kidney,NO2,79994,677201,13.5761510225443,52.2752151489258,Q4 (13.6-52.3 units),2.9166666666666665
1065.3125,Transplant,0.32408503756084234,Q4,Kidney,NO2,79994,677201,13.5761510225443,52.2752151489258,Q4 (13.6-52.3 units),2.9166666666666665
1095.75,Death/delisted too sick,0.08135176695292155,Q4,Kidney,NO2,79994,677201,13.5761510225443,52.2752151489258,Q4 (13.6-52.3 units),3
1095.75,Transplant,0.32988273077715585,Q4,Kidney,NO2,79994,677201,13.5761510225443,52.2752151489258,Q4 (13.6-52.3 units),3
1126.1875,Death/delisted too sick,0.08370594869715783,Q4,Kidney,NO2,79994,677201,13.5761510225443,52.2752151489258,Q4 (13.6-52.3 units),3.0833333333333335
1126.1875,Transplant,0.337173479013412,Q4,Kidney,NO2,79994,677201,13.5761510225443,52.2752151489258,Q4 (13.6-52.3 units),3.0833333333333335
1156.625,Death/delisted too sick,0.08632470533903659,Q4,Kidney,NO2,79994,677201,13.5761510225443,52.2752151489258,Q4 (13.6-52.3 units),3.1666666666666665
1156.625,Transplant,0.34415201867416423,Q4,Kidney,NO2,79994,677201,13.5761510225443,52.2752151489258,Q4 (13.6-52.3 units),3.1666666666666665
1187.0625,Death/delisted too sick,0.08920260936004995,Q4,Kidney,NO2,79994,677201,13.5761510225443,52.2752151489258,Q4 (13.6-52.3 units),3.25
1187.0625,Transplant,0.35005903240790814,Q4,Kidney,NO2,79994,677201,13.5761510225443,52.2752151489258,Q4 (13.6-52.3 units),3.25
1217.5,Death/delisted too sick,0.09204378852555224,Q4,Kidney,NO2,79994,677201,13.5761510225443,52.2752151489258,Q4 (13.6-52.3 units),3.3333333333333335
1217.5,Transplant,0.356205307944007,Q4,Kidney,NO2,79994,677201,13.5761510225443,52.2752151489258,Q4 (13.6-52.3 units),3.3333333333333335
1247.9375,Death/delisted too sick,0.094724976963159,Q4,Kidney,NO2,79994,677201,13.5761510225443,52.2752151489258,Q4 (13.6-52.3 units),3.4166666666666665
1247.9375,Transplant,0.3621106705025299,Q4,Kidney,NO2,79994,677201,13.5761510225443,52.2752151489258,Q4 (13.6-52.3 units),3.4166666666666665
1278.375,Death/delisted too sick,0.09741788788794022,Q4,Kidney,NO2,79994,677201,13.5761510225443,52.2752151489258,Q4 (13.6-52.3 units),3.5
1278.375,Transplant,0.3682373004095515,Q4,Kidney,NO2,79994,677201,13.5761510225443,52.2752151489258,Q4 (13.6-52.3 units),3.5
1308.8125,Death/delisted too sick,0.10006055917955,Q4,Kidney,NO2,79994,677201,13.5761510225443,52.2752151489258,Q4 (13.6-52.3 units),3.5833333333333335
1308.8125,Transplant,0.37455585014498116,Q4,Kidney,NO2,79994,677201,13.5761510225443,52.2752151489258,Q4 (13.6-52.3 units),3.5833333333333335
1339.25,Death/delisted too sick,0.10275155734612003,Q4,Kidney,NO2,79994,677201,13.5761510225443,52.2752151489258,Q4 (13.6-52.3 units),3.6666666666666665
1339.25,Transplant,0.37988501693020704,Q4,Kidney,NO2,79994,677201,13.5761510225443,52.2752151489258,Q4 (13.6-52.3 units),3.6666666666666665
1369.6875,Death/delisted too sick,0.10558735155603968,Q4,Kidney,NO2,79994,677201,13.5761510225443,52.2752151489258,Q4 (13.6-52.3 units),3.75
1369.6875,Transplant,0.38562445922153143,Q4,Kidney,NO2,79994,677201,13.5761510225443,52.2752151489258,Q4 (13.6-52.3 units),3.75
1400.125,Death/delisted too sick,0.10824822401478,Q4,Kidney,NO2,79994,677201,13.5761510225443,52.2752151489258,Q4 (13.6-52.3 units),3.8333333333333335
1400.125,Transplant,0.39243621479745777,Q4,Kidney,NO2,79994,677201,13.5761510225443,52.2752151489258,Q4 (13.6-52.3 units),3.8333333333333335
1430.5625,Death/delisted too sick,0.11088936663586248,Q4,Kidney,NO2,79994,677201,13.5761510225443,52.2752151489258,Q4 (13.6-52.3 units),3.9166666666666665
1430.5625,Transplant,0.3979750582720123,Q4,Kidney,NO2,79994,677201,13.5761510225443,52.2752151489258,Q4 (13.6-52.3 units),3.9166666666666665
1461,Death/delisted too sick,0.11349730581843498,Q4,Kidney,NO2,79994,677201,13.5761510225443,52.2752151489258,Q4 (13.6-52.3 units),4
1461,Transplant,0.40397103181215066,Q4,Kidney,NO2,79994,677201,13.5761510225443,52.2752151489258,Q4 (13.6-52.3 units),4
1491.4375,Death/delisted too sick,0.1164939667463822,Q4,Kidney,NO2,79994,677201,13.5761510225443,52.2752151489258,Q4 (13.6-52.3 units),4.083333333333333
1491.4375,Transplant,0.40997440619272607,Q4,Kidney,NO2,79994,677201,13.5761510225443,52.2752151489258,Q4 (13.6-52.3 units),4.083333333333333
1521.875,Death/delisted too sick,0.11895823151799788,Q4,Kidney,NO2,79994,677201,13.5761510225443,52.2752151489258,Q4 (13.6-52.3 units),4.166666666666667
1521.875,Transplant,0.41643168522594337,Q4,Kidney,NO2,79994,677201,13.5761510225443,52.2752151489258,Q4 (13.6-52.3 units),4.166666666666667
1552.3125,Death/delisted too sick,0.12166049410322811,Q4,Kidney,NO2,79994,677201,13.5761510225443,52.2752151489258,Q4 (13.6-52.3 units),4.25
1552.3125,Transplant,0.4225536207143741,Q4,Kidney,NO2,79994,677201,13.5761510225443,52.2752151489258,Q4 (13.6-52.3 units),4.25
1582.75,Death/delisted too sick,0.12434142758916088,Q4,Kidney,NO2,79994,677201,13.5761510225443,52.2752151489258,Q4 (13.6-52.3 units),4.333333333333333
1582.75,Transplant,0.42886055053269834,Q4,Kidney,NO2,79994,677201,13.5761510225443,52.2752151489258,Q4 (13.6-52.3 units),4.333333333333333
1613.1875,Death/delisted too sick,0.12697441505435836,Q4,Kidney,NO2,79994,677201,13.5761510225443,52.2752151489258,Q4 (13.6-52.3 units),4.416666666666667
1613.1875,Transplant,0.4344085703407517,Q4,Kidney,NO2,79994,677201,13.5761510225443,52.2752151489258,Q4 (13.6-52.3 units),4.416666666666667
1643.625,Death/delisted too sick,0.12951024405588937,Q4,Kidney,NO2,79994,677201,13.5761510225443,52.2752151489258,Q4 (13.6-52.3 units),4.5
1643.625,Transplant,0.44031203045456757,Q4,Kidney,NO2,79994,677201,13.5761510225443,52.2752151489258,Q4 (13.6-52.3 units),4.5
1674.0625,Death/delisted too sick,0.13231243232981077,Q4,Kidney,NO2,79994,677201,13.5761510225443,52.2752151489258,Q4 (13.6-52.3 units),4.583333333333333
1674.0625,Transplant,0.4463408445455697,Q4,Kidney,NO2,79994,677201,13.5761510225443,52.2752151489258,Q4 (13.6-52.3 units),4.583333333333333
1704.5,Death/delisted too sick,0.13477374047972107,Q4,Kidney,NO2,79994,677201,13.5761510225443,52.2752151489258,Q4 (13.6-52.3 units),4.666666666666667
1704.5,Transplant,0.45156257472982547,Q4,Kidney,NO2,79994,677201,13.5761510225443,52.2752151489258,Q4 (13.6-52.3 units),4.666666666666667
1734.9375,Death/delisted too sick,0.13717565403342677,Q4,Kidney,NO2,79994,677201,13.5761510225443,52.2752151489258,Q4 (13.6-52.3 units),4.75
1734.9375,Transplant,0.4570768151548521,Q4,Kidney,NO2,79994,677201,13.5761510225443,52.2752151489258,Q4 (13.6-52.3 units),4.75
1765.375,Death/delisted too sick,0.14004791686385973,Q4,Kidney,NO2,79994,677201,13.5761510225443,52.2752151489258,Q4 (13.6-52.3 units),4.833333333333333
1765.375,Transplant,0.46255399355561155,Q4,Kidney,NO2,79994,677201,13.5761510225443,52.2752151489258,Q4 (13.6-52.3 units),4.833333333333333
1795.8125,Death/delisted too sick,0.14214982420122602,Q4,Kidney,NO2,79994,677201,13.5761510225443,52.2752151489258,Q4 (13.6-52.3 units),4.916666666666667
1795.8125,Transplant,0.46812543567707543,Q4,Kidney,NO2,79994,677201,13.5761510225443,52.2752151489258,Q4 (13.6-52.3 units),4.916666666666667
1826.25,Death/delisted too sick,0.14445682218634356,Q4,Kidney,NO2,79994,677201,13.5761510225443,52.2752151489258,Q4 (13.6-52.3 units),5
1826.25,Transplant,0.4729282710828758,Q4,Kidney,NO2,79994,677201,13.5761510225443,52.2752151489258,Q4 (13.6-52.3 units),5
0,Death/delisted too sick,0,Q1,Liver,NO2,79994,217244,0.188898659078404,4.87432332699116,Q1 (0.2-4.9 units),0
0,Transplant,0,Q1,Liver,NO2,79994,217244,0.188898659078404,4.87432332699116,Q1 (0.2-4.9 units),0
30.4375,Death/delisted too sick,0.0365644211889633,Q1,Liver,NO2,79994,217244,0.188898659078404,4.87432332699116,Q1 (0.2-4.9 units),0.08333333333333333
30.4375,Transplant,0.23343978810151764,Q1,Liver,NO2,79994,217244,0.188898659078404,4.87432332699116,Q1 (0.2-4.9 units),0.08333333333333333
60.875,Death/delisted too sick,0.05234468587920193,Q1,Liver,NO2,79994,217244,0.188898659078404,4.87432332699116,Q1 (0.2-4.9 units),0.16666666666666666
60.875,Transplant,0.29921502406678613,Q1,Liver,NO2,79994,217244,0.188898659078404,4.87432332699116,Q1 (0.2-4.9 units),0.16666666666666666
91.3125,Death/delisted too sick,0.0655562421585959,Q1,Liver,NO2,79994,217244,0.188898659078404,4.87432332699116,Q1 (0.2-4.9 units),0.25
91.3125,Transplant,0.3426286841716724,Q1,Liver,NO2,79994,217244,0.188898659078404,4.87432332699116,Q1 (0.2-4.9 units),0.25
121.75,Death/delisted too sick,0.0756446034201019,Q1,Liver,NO2,79994,217244,0.188898659078404,4.87432332699116,Q1 (0.2-4.9 units),0.3333333333333333
121.75,Transplant,0.38163182639113147,Q1,Liver,NO2,79994,217244,0.188898659078404,4.87432332699116,Q1 (0.2-4.9 units),0.3333333333333333
152.1875,Death/delisted too sick,0.08478515483239296,Q1,Liver,NO2,79994,217244,0.188898659078404,4.87432332699116,Q1 (0.2-4.9 units),0.4166666666666667
152.1875,Transplant,0.40938496587909357,Q1,Liver,NO2,79994,217244,0.188898659078404,4.87432332699116,Q1 (0.2-4.9 units),0.4166666666666667
182.625,Death/delisted too sick,0.09350412364951348,Q1,Liver,NO2,79994,217244,0.188898659078404,4.87432332699116,Q1 (0.2-4.9 units),0.5
182.625,Transplant,0.43226265428483757,Q1,Liver,NO2,79994,217244,0.188898659078404,4.87432332699116,Q1 (0.2-4.9 units),0.5
213.0625,Death/delisted too sick,0.10100233446773721,Q1,Liver,NO2,79994,217244,0.188898659078404,4.87432332699116,Q1 (0.2-4.9 units),0.5833333333333334
213.0625,Transplant,0.4602332990964789,Q1,Liver,NO2,79994,217244,0.188898659078404,4.87432332699116,Q1 (0.2-4.9 units),0.5833333333333334
243.5,Death/delisted too sick,0.1065229197063682,Q1,Liver,NO2,79994,217244,0.188898659078404,4.87432332699116,Q1 (0.2-4.9 units),0.6666666666666666
243.5,Transplant,0.48208614423077295,Q1,Liver,NO2,79994,217244,0.188898659078404,4.87432332699116,Q1 (0.2-4.9 units),0.6666666666666666
273.9375,Death/delisted too sick,0.1131641725573925,Q1,Liver,NO2,79994,217244,0.188898659078404,4.87432332699116,Q1 (0.2-4.9 units),0.75
273.9375,Transplant,0.5004171336696334,Q1,Liver,NO2,79994,217244,0.188898659078404,4.87432332699116,Q1 (0.2-4.9 units),0.75
304.375,Death/delisted too sick,0.11919300564793882,Q1,Liver,NO2,79994,217244,0.188898659078404,4.87432332699116,Q1 (0.2-4.9 units),0.8333333333333334
304.375,Transplant,0.5172826680061565,Q1,Liver,NO2,79994,217244,0.188898659078404,4.87432332699116,Q1 (0.2-4.9 units),0.8333333333333334
334.8125,Death/delisted too sick,0.12495920948347149,Q1,Liver,NO2,79994,217244,0.188898659078404,4.87432332699116,Q1 (0.2-4.9 units),0.9166666666666666
334.8125,Transplant,0.5297360222004196,Q1,Liver,NO2,79994,217244,0.188898659078404,4.87432332699116,Q1 (0.2-4.9 units),0.9166666666666666
365.25,Death/delisted too sick,0.129879840572821,Q1,Liver,NO2,79994,217244,0.188898659078404,4.87432332699116,Q1 (0.2-4.9 units),1
365.25,Transplant,0.5420792092673598,Q1,Liver,NO2,79994,217244,0.188898659078404,4.87432332699116,Q1 (0.2-4.9 units),1
395.6875,Death/delisted too sick,0.13430893602164967,Q1,Liver,NO2,79994,217244,0.188898659078404,4.87432332699116,Q1 (0.2-4.9 units),1.0833333333333333
395.6875,Transplant,0.5525627351554658,Q1,Liver,NO2,79994,217244,0.188898659078404,4.87432332699116,Q1 (0.2-4.9 units),1.0833333333333333
426.125,Death/delisted too sick,0.13806664017614573,Q1,Liver,NO2,79994,217244,0.188898659078404,4.87432332699116,Q1 (0.2-4.9 units),1.1666666666666667
426.125,Transplant,0.5627119564338197,Q1,Liver,NO2,79994,217244,0.188898659078404,4.87432332699116,Q1 (0.2-4.9 units),1.1666666666666667
456.5625,Death/delisted too sick,0.14099921650640102,Q1,Liver,NO2,79994,217244,0.188898659078404,4.87432332699116,Q1 (0.2-4.9 units),1.25
456.5625,Transplant,0.5719991886987126,Q1,Liver,NO2,79994,217244,0.188898659078404,4.87432332699116,Q1 (0.2-4.9 units),1.25
487,Death/delisted too sick,0.14428335880406123,Q1,Liver,NO2,79994,217244,0.188898659078404,4.87432332699116,Q1 (0.2-4.9 units),1.3333333333333333
487,Transplant,0.5791733474806104,Q1,Liver,NO2,79994,217244,0.188898659078404,4.87432332699116,Q1 (0.2-4.9 units),1.3333333333333333
517.4375,Death/delisted too sick,0.1474517046841752,Q1,Liver,NO2,79994,217244,0.188898659078404,4.87432332699116,Q1 (0.2-4.9 units),1.4166666666666667
517.4375,Transplant,0.5862934449354318,Q1,Liver,NO2,79994,217244,0.188898659078404,4.87432332699116,Q1 (0.2-4.9 units),1.4166666666666667
547.875,Death/delisted too sick,0.15052428782527533,Q1,Liver,NO2,79994,217244,0.188898659078404,4.87432332699116,Q1 (0.2-4.9 units),1.5
547.875,Transplant,0.5918826041605061,Q1,Liver,NO2,79994,217244,0.188898659078404,4.87432332699116,Q1 (0.2-4.9 units),1.5
578.3125,Death/delisted too sick,0.1529078951338195,Q1,Liver,NO2,79994,217244,0.188898659078404,4.87432332699116,Q1 (0.2-4.9 units),1.5833333333333333
578.3125,Transplant,0.5979239403869456,Q1,Liver,NO2,79994,217244,0.188898659078404,4.87432332699116,Q1 (0.2-4.9 units),1.5833333333333333
608.75,Death/delisted too sick,0.15551982562862995,Q1,Liver,NO2,79994,217244,0.188898659078404,4.87432332699116,Q1 (0.2-4.9 units),1.6666666666666667
608.75,Transplant,0.6043018176235704,Q1,Liver,NO2,79994,217244,0.188898659078404,4.87432332699116,Q1 (0.2-4.9 units),1.6666666666666667
639.1875,Death/delisted too sick,0.1571353899458544,Q1,Liver,NO2,79994,217244,0.188898659078404,4.87432332699116,Q1 (0.2-4.9 units),1.75
639.1875,Transplant,0.6101540450462689,Q1,Liver,NO2,79994,217244,0.188898659078404,4.87432332699116,Q1 (0.2-4.9 units),1.75
669.625,Death/delisted too sick,0.15994881284739584,Q1,Liver,NO2,79994,217244,0.188898659078404,4.87432332699116,Q1 (0.2-4.9 units),1.8333333333333333
669.625,Transplant,0.6154039154645069,Q1,Liver,NO2,79994,217244,0.188898659078404,4.87432332699116,Q1 (0.2-4.9 units),1.8333333333333333
700.0625,Death/delisted too sick,0.16247246494716497,Q1,Liver,NO2,79994,217244,0.188898659078404,4.87432332699116,Q1 (0.2-4.9 units),1.9166666666666667
700.0625,Transplant,0.6194509755501582,Q1,Liver,NO2,79994,217244,0.188898659078404,4.87432332699116,Q1 (0.2-4.9 units),1.9166666666666667
730.5,Death/delisted too sick,0.16478135831797477,Q1,Liver,NO2,79994,217244,0.188898659078404,4.87432332699116,Q1 (0.2-4.9 units),2
730.5,Transplant,0.6228219458890935,Q1,Liver,NO2,79994,217244,0.188898659078404,4.87432332699116,Q1 (0.2-4.9 units),2
760.9375,Death/delisted too sick,0.16710990762246572,Q1,Liver,NO2,79994,217244,0.188898659078404,4.87432332699116,Q1 (0.2-4.9 units),2.0833333333333335
760.9375,Transplant,0.6263636587080866,Q1,Liver,NO2,79994,217244,0.188898659078404,4.87432332699116,Q1 (0.2-4.9 units),2.0833333333333335
791.375,Death/delisted too sick,0.16894514309264988,Q1,Liver,NO2,79994,217244,0.188898659078404,4.87432332699116,Q1 (0.2-4.9 units),2.1666666666666665
791.375,Transplant,0.628372051904836,Q1,Liver,NO2,79994,217244,0.188898659078404,4.87432332699116,Q1 (0.2-4.9 units),2.1666666666666665
821.8125,Death/delisted too sick,0.17210145808996619,Q1,Liver,NO2,79994,217244,0.188898659078404,4.87432332699116,Q1 (0.2-4.9 units),2.25
821.8125,Transplant,0.6307777331639239,Q1,Liver,NO2,79994,217244,0.188898659078404,4.87432332699116,Q1 (0.2-4.9 units),2.25
852.25,Death/delisted too sick,0.17478714624941422,Q1,Liver,NO2,79994,217244,0.188898659078404,4.87432332699116,Q1 (0.2-4.9 units),2.3333333333333335
852.25,Transplant,0.6329695358133379,Q1,Liver,NO2,79994,217244,0.188898659078404,4.87432332699116,Q1 (0.2-4.9 units),2.3333333333333335
882.6875,Death/delisted too sick,0.17663288460157267,Q1,Liver,NO2,79994,217244,0.188898659078404,4.87432332699116,Q1 (0.2-4.9 units),2.4166666666666665
882.6875,Transplant,0.6361925143591045,Q1,Liver,NO2,79994,217244,0.188898659078404,4.87432332699116,Q1 (0.2-4.9 units),2.4166666666666665
913.125,Death/delisted too sick,0.17799659325935852,Q1,Liver,NO2,79994,217244,0.188898659078404,4.87432332699116,Q1 (0.2-4.9 units),2.5
913.125,Transplant,0.638169117679097,Q1,Liver,NO2,79994,217244,0.188898659078404,4.87432332699116,Q1 (0.2-4.9 units),2.5
943.5625,Death/delisted too sick,0.17952886392289333,Q1,Liver,NO2,79994,217244,0.188898659078404,4.87432332699116,Q1 (0.2-4.9 units),2.5833333333333335
943.5625,Transplant,0.6400069737597024,Q1,Liver,NO2,79994,217244,0.188898659078404,4.87432332699116,Q1 (0.2-4.9 units),2.5833333333333335
974,Death/delisted too sick,0.1812123343286588,Q1,Liver,NO2,79994,217244,0.188898659078404,4.87432332699116,Q1 (0.2-4.9 units),2.6666666666666665
974,Transplant,0.642451071089497,Q1,Liver,NO2,79994,217244,0.188898659078404,4.87432332699116,Q1 (0.2-4.9 units),2.6666666666666665
1004.4375,Death/delisted too sick,0.18331855710467346,Q1,Liver,NO2,79994,217244,0.188898659078404,4.87432332699116,Q1 (0.2-4.9 units),2.75
1004.4375,Transplant,0.6448911264844682,Q1,Liver,NO2,79994,217244,0.188898659078404,4.87432332699116,Q1 (0.2-4.9 units),2.75
1034.875,Death/delisted too sick,0.18477980792756035,Q1,Liver,NO2,79994,217244,0.188898659078404,4.87432332699116,Q1 (0.2-4.9 units),2.8333333333333335
1034.875,Transplant,0.6469689068552695,Q1,Liver,NO2,79994,217244,0.188898659078404,4.87432332699116,Q1 (0.2-4.9 units),2.8333333333333335
1065.3125,Death/delisted too sick,0.18662757089796894,Q1,Liver,NO2,79994,217244,0.188898659078404,4.87432332699116,Q1 (0.2-4.9 units),2.9166666666666665
1065.3125,Transplant,0.6486805033095462,Q1,Liver,NO2,79994,217244,0.188898659078404,4.87432332699116,Q1 (0.2-4.9 units),2.9166666666666665
1095.75,Death/delisted too sick,0.1883759843800294,Q1,Liver,NO2,79994,217244,0.188898659078404,4.87432332699116,Q1 (0.2-4.9 units),3
1095.75,Transplant,0.6504182942154805,Q1,Liver,NO2,79994,217244,0.188898659078404,4.87432332699116,Q1 (0.2-4.9 units),3
1126.1875,Death/delisted too sick,0.18972429344538969,Q1,Liver,NO2,79994,217244,0.188898659078404,4.87432332699116,Q1 (0.2-4.9 units),3.0833333333333335
1126.1875,Transplant,0.6521676090083287,Q1,Liver,NO2,79994,217244,0.188898659078404,4.87432332699116,Q1 (0.2-4.9 units),3.0833333333333335
1156.625,Death/delisted too sick,0.19127278394683403,Q1,Liver,NO2,79994,217244,0.188898659078404,4.87432332699116,Q1 (0.2-4.9 units),3.1666666666666665
1156.625,Transplant,0.653827603730278,Q1,Liver,NO2,79994,217244,0.188898659078404,4.87432332699116,Q1 (0.2-4.9 units),3.1666666666666665
1187.0625,Death/delisted too sick,0.19324195919855697,Q1,Liver,NO2,79994,217244,0.188898659078404,4.87432332699116,Q1 (0.2-4.9 units),3.25
1187.0625,Transplant,0.6555232941169882,Q1,Liver,NO2,79994,217244,0.188898659078404,4.87432332699116,Q1 (0.2-4.9 units),3.25
1217.5,Death/delisted too sick,0.19524954084786214,Q1,Liver,NO2,79994,217244,0.188898659078404,4.87432332699116,Q1 (0.2-4.9 units),3.3333333333333335
1217.5,Transplant,0.6565701975178067,Q1,Liver,NO2,79994,217244,0.188898659078404,4.87432332699116,Q1 (0.2-4.9 units),3.3333333333333335
1247.9375,Death/delisted too sick,0.196270439859846,Q1,Liver,NO2,79994,217244,0.188898659078404,4.87432332699116,Q1 (0.2-4.9 units),3.4166666666666665
1247.9375,Transplant,0.6572736321576642,Q1,Liver,NO2,79994,217244,0.188898659078404,4.87432332699116,Q1 (0.2-4.9 units),3.4166666666666665
1278.375,Death/delisted too sick,0.19742789981046338,Q1,Liver,NO2,79994,217244,0.188898659078404,4.87432332699116,Q1 (0.2-4.9 units),3.5
1278.375,Transplant,0.6587049022732788,Q1,Liver,NO2,79994,217244,0.188898659078404,4.87432332699116,Q1 (0.2-4.9 units),3.5
1308.8125,Death/delisted too sick,0.1984304444039022,Q1,Liver,NO2,79994,217244,0.188898659078404,4.87432332699116,Q1 (0.2-4.9 units),3.5833333333333335
1308.8125,Transplant,0.6596222026963705,Q1,Liver,NO2,79994,217244,0.188898659078404,4.87432332699116,Q1 (0.2-4.9 units),3.5833333333333335
1339.25,Death/delisted too sick,0.20001821899237598,Q1,Liver,NO2,79994,217244,0.188898659078404,4.87432332699116,Q1 (0.2-4.9 units),3.6666666666666665
1339.25,Transplant,0.6607078462165408,Q1,Liver,NO2,79994,217244,0.188898659078404,4.87432332699116,Q1 (0.2-4.9 units),3.6666666666666665
1369.6875,Death/delisted too sick,0.201412713169495,Q1,Liver,NO2,79994,217244,0.188898659078404,4.87432332699116,Q1 (0.2-4.9 units),3.75
1369.6875,Transplant,0.6620605906289372,Q1,Liver,NO2,79994,217244,0.188898659078404,4.87432332699116,Q1 (0.2-4.9 units),3.75
1400.125,Death/delisted too sick,0.2031414455006532,Q1,Liver,NO2,79994,217244,0.188898659078404,4.87432332699116,Q1 (0.2-4.9 units),3.8333333333333335
1400.125,Transplant,0.662985347659682,Q1,Liver,NO2,79994,217244,0.188898659078404,4.87432332699116,Q1 (0.2-4.9 units),3.8333333333333335
1430.5625,Death/delisted too sick,0.20443791621391041,Q1,Liver,NO2,79994,217244,0.188898659078404,4.87432332699116,Q1 (0.2-4.9 units),3.9166666666666665
1430.5625,Transplant,0.6638607899738664,Q1,Liver,NO2,79994,217244,0.188898659078404,4.87432332699116,Q1 (0.2-4.9 units),3.9166666666666665
1461,Death/delisted too sick,0.20568015395096143,Q1,Liver,NO2,79994,217244,0.188898659078404,4.87432332699116,Q1 (0.2-4.9 units),4
1461,Transplant,0.6646086957720898,Q1,Liver,NO2,79994,217244,0.188898659078404,4.87432332699116,Q1 (0.2-4.9 units),4
1491.4375,Death/delisted too sick,0.20632641320123343,Q1,Liver,NO2,79994,217244,0.188898659078404,4.87432332699116,Q1 (0.2-4.9 units),4.083333333333333
1491.4375,Transplant,0.6660833139097612,Q1,Liver,NO2,79994,217244,0.188898659078404,4.87432332699116,Q1 (0.2-4.9 units),4.083333333333333
1521.875,Death/delisted too sick,0.20774644103068063,Q1,Liver,NO2,79994,217244,0.188898659078404,4.87432332699116,Q1 (0.2-4.9 units),4.166666666666667
1521.875,Transplant,0.6675974605369653,Q1,Liver,NO2,79994,217244,0.188898659078404,4.87432332699116,Q1 (0.2-4.9 units),4.166666666666667
1552.3125,Death/delisted too sick,0.2085901116748001,Q1,Liver,NO2,79994,217244,0.188898659078404,4.87432332699116,Q1 (0.2-4.9 units),4.25
1552.3125,Transplant,0.6683220052008727,Q1,Liver,NO2,79994,217244,0.188898659078404,4.87432332699116,Q1 (0.2-4.9 units),4.25
1582.75,Death/delisted too sick,0.2091177947682206,Q1,Liver,NO2,79994,217244,0.188898659078404,4.87432332699116,Q1 (0.2-4.9 units),4.333333333333333
1582.75,Transplant,0.6692641465824182,Q1,Liver,NO2,79994,217244,0.188898659078404,4.87432332699116,Q1 (0.2-4.9 units),4.333333333333333
1613.1875,Death/delisted too sick,0.20961627528610424,Q1,Liver,NO2,79994,217244,0.188898659078404,4.87432332699116,Q1 (0.2-4.9 units),4.416666666666667
1613.1875,Transplant,0.6702428728946893,Q1,Liver,NO2,79994,217244,0.188898659078404,4.87432332699116,Q1 (0.2-4.9 units),4.416666666666667
1643.625,Death/delisted too sick,0.2099697917501461,Q1,Liver,NO2,79994,217244,0.188898659078404,4.87432332699116,Q1 (0.2-4.9 units),4.5
1643.625,Transplant,0.6708889518663161,Q1,Liver,NO2,79994,217244,0.188898659078404,4.87432332699116,Q1 (0.2-4.9 units),4.5
1674.0625,Death/delisted too sick,0.21049633479841853,Q1,Liver,NO2,79994,217244,0.188898659078404,4.87432332699116,Q1 (0.2-4.9 units),4.583333333333333
1674.0625,Transplant,0.6714273834196703,Q1,Liver,NO2,79994,217244,0.188898659078404,4.87432332699116,Q1 (0.2-4.9 units),4.583333333333333
1704.5,Death/delisted too sick,0.2118806595084593,Q1,Liver,NO2,79994,217244,0.188898659078404,4.87432332699116,Q1 (0.2-4.9 units),4.666666666666667
1704.5,Transplant,0.6720395507770287,Q1,Liver,NO2,79994,217244,0.188898659078404,4.87432332699116,Q1 (0.2-4.9 units),4.666666666666667
1734.9375,Death/delisted too sick,0.2133798797550893,Q1,Liver,NO2,79994,217244,0.188898659078404,4.87432332699116,Q1 (0.2-4.9 units),4.75
1734.9375,Transplant,0.6727587806613079,Q1,Liver,NO2,79994,217244,0.188898659078404,4.87432332699116,Q1 (0.2-4.9 units),4.75
1765.375,Death/delisted too sick,0.21420586962629487,Q1,Liver,NO2,79994,217244,0.188898659078404,4.87432332699116,Q1 (0.2-4.9 units),4.833333333333333
1765.375,Transplant,0.6733805676164566,Q1,Liver,NO2,79994,217244,0.188898659078404,4.87432332699116,Q1 (0.2-4.9 units),4.833333333333333
1795.8125,Death/delisted too sick,0.21469376849679353,Q1,Liver,NO2,79994,217244,0.188898659078404,4.87432332699116,Q1 (0.2-4.9 units),4.916666666666667
1795.8125,Transplant,0.6741413544930878,Q1,Liver,NO2,79994,217244,0.188898659078404,4.87432332699116,Q1 (0.2-4.9 units),4.916666666666667
1826.25,Death/delisted too sick,0.21530421021500976,Q1,Liver,NO2,79994,217244,0.188898659078404,4.87432332699116,Q1 (0.2-4.9 units),5
1826.25,Transplant,0.6751014544800419,Q1,Liver,NO2,79994,217244,0.188898659078404,4.87432332699116,Q1 (0.2-4.9 units),5
0,Death/delisted too sick,0,Q2,Liver,NO2,79994,217244,4.87434576669682,7.90484009385109,Q2 (4.9-7.9 units),0
0,Transplant,0,Q2,Liver,NO2,79994,217244,4.87434576669682,7.90484009385109,Q2 (4.9-7.9 units),0
30.4375,Death/delisted too sick,0.039418794163030804,Q2,Liver,NO2,79994,217244,4.87434576669682,7.90484009385109,Q2 (4.9-7.9 units),0.08333333333333333
30.4375,Transplant,0.23228400875222543,Q2,Liver,NO2,79994,217244,4.87434576669682,7.90484009385109,Q2 (4.9-7.9 units),0.08333333333333333
60.875,Death/delisted too sick,0.05488924237910338,Q2,Liver,NO2,79994,217244,4.87434576669682,7.90484009385109,Q2 (4.9-7.9 units),0.16666666666666666
60.875,Transplant,0.2977243567162917,Q2,Liver,NO2,79994,217244,4.87434576669682,7.90484009385109,Q2 (4.9-7.9 units),0.16666666666666666
91.3125,Death/delisted too sick,0.06755424631097053,Q2,Liver,NO2,79994,217244,4.87434576669682,7.90484009385109,Q2 (4.9-7.9 units),0.25
91.3125,Transplant,0.34393241864163915,Q2,Liver,NO2,79994,217244,4.87434576669682,7.90484009385109,Q2 (4.9-7.9 units),0.25
121.75,Death/delisted too sick,0.07900193707374217,Q2,Liver,NO2,79994,217244,4.87434576669682,7.90484009385109,Q2 (4.9-7.9 units),0.3333333333333333
121.75,Transplant,0.3794017019712313,Q2,Liver,NO2,79994,217244,4.87434576669682,7.90484009385109,Q2 (4.9-7.9 units),0.3333333333333333
152.1875,Death/delisted too sick,0.08833184028481697,Q2,Liver,NO2,79994,217244,4.87434576669682,7.90484009385109,Q2 (4.9-7.9 units),0.4166666666666667
152.1875,Transplant,0.4085508870198748,Q2,Liver,NO2,79994,217244,4.87434576669682,7.90484009385109,Q2 (4.9-7.9 units),0.4166666666666667
182.625,Death/delisted too sick,0.09734194675872998,Q2,Liver,NO2,79994,217244,4.87434576669682,7.90484009385109,Q2 (4.9-7.9 units),0.5
182.625,Transplant,0.43129663039557636,Q2,Liver,NO2,79994,217244,4.87434576669682,7.90484009385109,Q2 (4.9-7.9 units),0.5
213.0625,Death/delisted too sick,0.10521274812672021,Q2,Liver,NO2,79994,217244,4.87434576669682,7.90484009385109,Q2 (4.9-7.9 units),0.5833333333333334
213.0625,Transplant,0.45868291766824515,Q2,Liver,NO2,79994,217244,4.87434576669682,7.90484009385109,Q2 (4.9-7.9 units),0.5833333333333334
243.5,Death/delisted too sick,0.11160465321468734,Q2,Liver,NO2,79994,217244,4.87434576669682,7.90484009385109,Q2 (4.9-7.9 units),0.6666666666666666
243.5,Transplant,0.4817897255296966,Q2,Liver,NO2,79994,217244,4.87434576669682,7.90484009385109,Q2 (4.9-7.9 units),0.6666666666666666
273.9375,Death/delisted too sick,0.11712825108483856,Q2,Liver,NO2,79994,217244,4.87434576669682,7.90484009385109,Q2 (4.9-7.9 units),0.75
273.9375,Transplant,0.4995320309766863,Q2,Liver,NO2,79994,217244,4.87434576669682,7.90484009385109,Q2 (4.9-7.9 units),0.75
304.375,Death/delisted too sick,0.12313686282013787,Q2,Liver,NO2,79994,217244,4.87434576669682,7.90484009385109,Q2 (4.9-7.9 units),0.8333333333333334
304.375,Transplant,0.5155860464109683,Q2,Liver,NO2,79994,217244,4.87434576669682,7.90484009385109,Q2 (4.9-7.9 units),0.8333333333333334
334.8125,Death/delisted too sick,0.128055242327372,Q2,Liver,NO2,79994,217244,4.87434576669682,7.90484009385109,Q2 (4.9-7.9 units),0.9166666666666666
334.8125,Transplant,0.5299516170038794,Q2,Liver,NO2,79994,217244,4.87434576669682,7.90484009385109,Q2 (4.9-7.9 units),0.9166666666666666
365.25,Death/delisted too sick,0.1324432918901312,Q2,Liver,NO2,79994,217244,4.87434576669682,7.90484009385109,Q2 (4.9-7.9 units),1
365.25,Transplant,0.5421758266701467,Q2,Liver,NO2,79994,217244,4.87434576669682,7.90484009385109,Q2 (4.9-7.9 units),1
395.6875,Death/delisted too sick,0.13682186212026884,Q2,Liver,NO2,79994,217244,4.87434576669682,7.90484009385109,Q2 (4.9-7.9 units),1.0833333333333333
395.6875,Transplant,0.5520683977651849,Q2,Liver,NO2,79994,217244,4.87434576669682,7.90484009385109,Q2 (4.9-7.9 units),1.0833333333333333
426.125,Death/delisted too sick,0.1411005520229316,Q2,Liver,NO2,79994,217244,4.87434576669682,7.90484009385109,Q2 (4.9-7.9 units),1.1666666666666667
426.125,Transplant,0.56217553543397,Q2,Liver,NO2,79994,217244,4.87434576669682,7.90484009385109,Q2 (4.9-7.9 units),1.1666666666666667
456.5625,Death/delisted too sick,0.1450516858410638,Q2,Liver,NO2,79994,217244,4.87434576669682,7.90484009385109,Q2 (4.9-7.9 units),1.25
456.5625,Transplant,0.570033293084168,Q2,Liver,NO2,79994,217244,4.87434576669682,7.90484009385109,Q2 (4.9-7.9 units),1.25
487,Death/delisted too sick,0.148318391794577,Q2,Liver,NO2,79994,217244,4.87434576669682,7.90484009385109,Q2 (4.9-7.9 units),1.3333333333333333
487,Transplant,0.5779205867933767,Q2,Liver,NO2,79994,217244,4.87434576669682,7.90484009385109,Q2 (4.9-7.9 units),1.3333333333333333
517.4375,Death/delisted too sick,0.15180799664845163,Q2,Liver,NO2,79994,217244,4.87434576669682,7.90484009385109,Q2 (4.9-7.9 units),1.4166666666666667
517.4375,Transplant,0.5855778877831883,Q2,Liver,NO2,79994,217244,4.87434576669682,7.90484009385109,Q2 (4.9-7.9 units),1.4166666666666667
547.875,Death/delisted too sick,0.15536508666729623,Q2,Liver,NO2,79994,217244,4.87434576669682,7.90484009385109,Q2 (4.9-7.9 units),1.5
547.875,Transplant,0.5914828267130467,Q2,Liver,NO2,79994,217244,4.87434576669682,7.90484009385109,Q2 (4.9-7.9 units),1.5
578.3125,Death/delisted too sick,0.15851033480149324,Q2,Liver,NO2,79994,217244,4.87434576669682,7.90484009385109,Q2 (4.9-7.9 units),1.5833333333333333
578.3125,Transplant,0.5978624340419291,Q2,Liver,NO2,79994,217244,4.87434576669682,7.90484009385109,Q2 (4.9-7.9 units),1.5833333333333333
608.75,Death/delisted too sick,0.16140490848593061,Q2,Liver,NO2,79994,217244,4.87434576669682,7.90484009385109,Q2 (4.9-7.9 units),1.6666666666666667
608.75,Transplant,0.6031454101090106,Q2,Liver,NO2,79994,217244,4.87434576669682,7.90484009385109,Q2 (4.9-7.9 units),1.6666666666666667
639.1875,Death/delisted too sick,0.16440484978052927,Q2,Liver,NO2,79994,217244,4.87434576669682,7.90484009385109,Q2 (4.9-7.9 units),1.75
639.1875,Transplant,0.6080121402183932,Q2,Liver,NO2,79994,217244,4.87434576669682,7.90484009385109,Q2 (4.9-7.9 units),1.75
669.625,Death/delisted too sick,0.16648258954628112,Q2,Liver,NO2,79994,217244,4.87434576669682,7.90484009385109,Q2 (4.9-7.9 units),1.8333333333333333
669.625,Transplant,0.6126149029681289,Q2,Liver,NO2,79994,217244,4.87434576669682,7.90484009385109,Q2 (4.9-7.9 units),1.8333333333333333
700.0625,Death/delisted too sick,0.16843001490527426,Q2,Liver,NO2,79994,217244,4.87434576669682,7.90484009385109,Q2 (4.9-7.9 units),1.9166666666666667
700.0625,Transplant,0.6165159272656635,Q2,Liver,NO2,79994,217244,4.87434576669682,7.90484009385109,Q2 (4.9-7.9 units),1.9166666666666667
730.5,Death/delisted too sick,0.17122419250491627,Q2,Liver,NO2,79994,217244,4.87434576669682,7.90484009385109,Q2 (4.9-7.9 units),2
730.5,Transplant,0.6208840079640672,Q2,Liver,NO2,79994,217244,4.87434576669682,7.90484009385109,Q2 (4.9-7.9 units),2
760.9375,Death/delisted too sick,0.17275910326253047,Q2,Liver,NO2,79994,217244,4.87434576669682,7.90484009385109,Q2 (4.9-7.9 units),2.0833333333333335
760.9375,Transplant,0.6237801580792738,Q2,Liver,NO2,79994,217244,4.87434576669682,7.90484009385109,Q2 (4.9-7.9 units),2.0833333333333335
791.375,Death/delisted too sick,0.17474194485313965,Q2,Liver,NO2,79994,217244,4.87434576669682,7.90484009385109,Q2 (4.9-7.9 units),2.1666666666666665
791.375,Transplant,0.6267494986654228,Q2,Liver,NO2,79994,217244,4.87434576669682,7.90484009385109,Q2 (4.9-7.9 units),2.1666666666666665
821.8125,Death/delisted too sick,0.17746397397744876,Q2,Liver,NO2,79994,217244,4.87434576669682,7.90484009385109,Q2 (4.9-7.9 units),2.25
821.8125,Transplant,0.6295487892058641,Q2,Liver,NO2,79994,217244,4.87434576669682,7.90484009385109,Q2 (4.9-7.9 units),2.25
852.25,Death/delisted too sick,0.17954854338504864,Q2,Liver,NO2,79994,217244,4.87434576669682,7.90484009385109,Q2 (4.9-7.9 units),2.3333333333333335
852.25,Transplant,0.6327775738093513,Q2,Liver,NO2,79994,217244,4.87434576669682,7.90484009385109,Q2 (4.9-7.9 units),2.3333333333333335
882.6875,Death/delisted too sick,0.18151601591348257,Q2,Liver,NO2,79994,217244,4.87434576669682,7.90484009385109,Q2 (4.9-7.9 units),2.4166666666666665
882.6875,Transplant,0.6352492594942322,Q2,Liver,NO2,79994,217244,4.87434576669682,7.90484009385109,Q2 (4.9-7.9 units),2.4166666666666665
913.125,Death/delisted too sick,0.18329643963518005,Q2,Liver,NO2,79994,217244,4.87434576669682,7.90484009385109,Q2 (4.9-7.9 units),2.5
913.125,Transplant,0.6374548333138929,Q2,Liver,NO2,79994,217244,4.87434576669682,7.90484009385109,Q2 (4.9-7.9 units),2.5
943.5625,Death/delisted too sick,0.18523204518364927,Q2,Liver,NO2,79994,217244,4.87434576669682,7.90484009385109,Q2 (4.9-7.9 units),2.5833333333333335
943.5625,Transplant,0.6393770130241249,Q2,Liver,NO2,79994,217244,4.87434576669682,7.90484009385109,Q2 (4.9-7.9 units),2.5833333333333335
974,Death/delisted too sick,0.1879198616640711,Q2,Liver,NO2,79994,217244,4.87434576669682,7.90484009385109,Q2 (4.9-7.9 units),2.6666666666666665
974,Transplant,0.641753200584371,Q2,Liver,NO2,79994,217244,4.87434576669682,7.90484009385109,Q2 (4.9-7.9 units),2.6666666666666665
1004.4375,Death/delisted too sick,0.18945790888736092,Q2,Liver,NO2,79994,217244,4.87434576669682,7.90484009385109,Q2 (4.9-7.9 units),2.75
1004.4375,Transplant,0.6434456788352206,Q2,Liver,NO2,79994,217244,4.87434576669682,7.90484009385109,Q2 (4.9-7.9 units),2.75
1034.875,Death/delisted too sick,0.19117332014610644,Q2,Liver,NO2,79994,217244,4.87434576669682,7.90484009385109,Q2 (4.9-7.9 units),2.8333333333333335
1034.875,Transplant,0.645432217048684,Q2,Liver,NO2,79994,217244,4.87434576669682,7.90484009385109,Q2 (4.9-7.9 units),2.8333333333333335
1065.3125,Death/delisted too sick,0.192953770754094,Q2,Liver,NO2,79994,217244,4.87434576669682,7.90484009385109,Q2 (4.9-7.9 units),2.9166666666666665
1065.3125,Transplant,0.6470695903204848,Q2,Liver,NO2,79994,217244,4.87434576669682,7.90484009385109,Q2 (4.9-7.9 units),2.9166666666666665
1095.75,Death/delisted too sick,0.19518298152105443,Q2,Liver,NO2,79994,217244,4.87434576669682,7.90484009385109,Q2 (4.9-7.9 units),3
1095.75,Transplant,0.649024950127722,Q2,Liver,NO2,79994,217244,4.87434576669682,7.90484009385109,Q2 (4.9-7.9 units),3
1126.1875,Death/delisted too sick,0.19675652921540498,Q2,Liver,NO2,79994,217244,4.87434576669682,7.90484009385109,Q2 (4.9-7.9 units),3.0833333333333335
1126.1875,Transplant,0.6507084595700214,Q2,Liver,NO2,79994,217244,4.87434576669682,7.90484009385109,Q2 (4.9-7.9 units),3.0833333333333335
1156.625,Death/delisted too sick,0.19804720525935904,Q2,Liver,NO2,79994,217244,4.87434576669682,7.90484009385109,Q2 (4.9-7.9 units),3.1666666666666665
1156.625,Transplant,0.6522325604093084,Q2,Liver,NO2,79994,217244,4.87434576669682,7.90484009385109,Q2 (4.9-7.9 units),3.1666666666666665
1187.0625,Death/delisted too sick,0.19909599265044126,Q2,Liver,NO2,79994,217244,4.87434576669682,7.90484009385109,Q2 (4.9-7.9 units),3.25
1187.0625,Transplant,0.6540490537718675,Q2,Liver,NO2,79994,217244,4.87434576669682,7.90484009385109,Q2 (4.9-7.9 units),3.25
1217.5,Death/delisted too sick,0.20020656010447788,Q2,Liver,NO2,79994,217244,4.87434576669682,7.90484009385109,Q2 (4.9-7.9 units),3.3333333333333335
1217.5,Transplant,0.6553552382422172,Q2,Liver,NO2,79994,217244,4.87434576669682,7.90484009385109,Q2 (4.9-7.9 units),3.3333333333333335
1247.9375,Death/delisted too sick,0.2017714381021885,Q2,Liver,NO2,79994,217244,4.87434576669682,7.90484009385109,Q2 (4.9-7.9 units),3.4166666666666665
1247.9375,Transplant,0.6566758457646159,Q2,Liver,NO2,79994,217244,4.87434576669682,7.90484009385109,Q2 (4.9-7.9 units),3.4166666666666665
1278.375,Death/delisted too sick,0.20283876420798383,Q2,Liver,NO2,79994,217244,4.87434576669682,7.90484009385109,Q2 (4.9-7.9 units),3.5
1278.375,Transplant,0.6580783077012257,Q2,Liver,NO2,79994,217244,4.87434576669682,7.90484009385109,Q2 (4.9-7.9 units),3.5
1308.8125,Death/delisted too sick,0.20469565850916352,Q2,Liver,NO2,79994,217244,4.87434576669682,7.90484009385109,Q2 (4.9-7.9 units),3.5833333333333335
1308.8125,Transplant,0.6588519669167443,Q2,Liver,NO2,79994,217244,4.87434576669682,7.90484009385109,Q2 (4.9-7.9 units),3.5833333333333335
1339.25,Death/delisted too sick,0.20603467296289094,Q2,Liver,NO2,79994,217244,4.87434576669682,7.90484009385109,Q2 (4.9-7.9 units),3.6666666666666665
1339.25,Transplant,0.6605859586889282,Q2,Liver,NO2,79994,217244,4.87434576669682,7.90484009385109,Q2 (4.9-7.9 units),3.6666666666666665
1369.6875,Death/delisted too sick,0.20738685488585257,Q2,Liver,NO2,79994,217244,4.87434576669682,7.90484009385109,Q2 (4.9-7.9 units),3.75
1369.6875,Transplant,0.6616616679857543,Q2,Liver,NO2,79994,217244,4.87434576669682,7.90484009385109,Q2 (4.9-7.9 units),3.75
1400.125,Death/delisted too sick,0.20880351649791115,Q2,Liver,NO2,79994,217244,4.87434576669682,7.90484009385109,Q2 (4.9-7.9 units),3.8333333333333335
1400.125,Transplant,0.662619097285219,Q2,Liver,NO2,79994,217244,4.87434576669682,7.90484009385109,Q2 (4.9-7.9 units),3.8333333333333335
1430.5625,Death/delisted too sick,0.21036553026548208,Q2,Liver,NO2,79994,217244,4.87434576669682,7.90484009385109,Q2 (4.9-7.9 units),3.9166666666666665
1430.5625,Transplant,0.6640411955625424,Q2,Liver,NO2,79994,217244,4.87434576669682,7.90484009385109,Q2 (4.9-7.9 units),3.9166666666666665
1461,Death/delisted too sick,0.2117069996043897,Q2,Liver,NO2,79994,217244,4.87434576669682,7.90484009385109,Q2 (4.9-7.9 units),4
1461,Transplant,0.6651972380060792,Q2,Liver,NO2,79994,217244,4.87434576669682,7.90484009385109,Q2 (4.9-7.9 units),4
1491.4375,Death/delisted too sick,0.21420213974210425,Q2,Liver,NO2,79994,217244,4.87434576669682,7.90484009385109,Q2 (4.9-7.9 units),4.083333333333333
1491.4375,Transplant,0.665846182002448,Q2,Liver,NO2,79994,217244,4.87434576669682,7.90484009385109,Q2 (4.9-7.9 units),4.083333333333333
1521.875,Death/delisted too sick,0.21572631686366903,Q2,Liver,NO2,79994,217244,4.87434576669682,7.90484009385109,Q2 (4.9-7.9 units),4.166666666666667
1521.875,Transplant,0.6669906003722824,Q2,Liver,NO2,79994,217244,4.87434576669682,7.90484009385109,Q2 (4.9-7.9 units),4.166666666666667
1552.3125,Death/delisted too sick,0.21656775153827612,Q2,Liver,NO2,79994,217244,4.87434576669682,7.90484009385109,Q2 (4.9-7.9 units),4.25
1552.3125,Transplant,0.6681133752055088,Q2,Liver,NO2,79994,217244,4.87434576669682,7.90484009385109,Q2 (4.9-7.9 units),4.25
1582.75,Death/delisted too sick,0.21755824709599594,Q2,Liver,NO2,79994,217244,4.87434576669682,7.90484009385109,Q2 (4.9-7.9 units),4.333333333333333
1582.75,Transplant,0.6689379884711354,Q2,Liver,NO2,79994,217244,4.87434576669682,7.90484009385109,Q2 (4.9-7.9 units),4.333333333333333
1613.1875,Death/delisted too sick,0.2186411503155744,Q2,Liver,NO2,79994,217244,4.87434576669682,7.90484009385109,Q2 (4.9-7.9 units),4.416666666666667
1613.1875,Transplant,0.6700953115539071,Q2,Liver,NO2,79994,217244,4.87434576669682,7.90484009385109,Q2 (4.9-7.9 units),4.416666666666667
1643.625,Death/delisted too sick,0.2197341675023201,Q2,Liver,NO2,79994,217244,4.87434576669682,7.90484009385109,Q2 (4.9-7.9 units),4.5
1643.625,Transplant,0.6708832661544516,Q2,Liver,NO2,79994,217244,4.87434576669682,7.90484009385109,Q2 (4.9-7.9 units),4.5
1674.0625,Death/delisted too sick,0.22082700922011028,Q2,Liver,NO2,79994,217244,4.87434576669682,7.90484009385109,Q2 (4.9-7.9 units),4.583333333333333
1674.0625,Transplant,0.6715263668232564,Q2,Liver,NO2,79994,217244,4.87434576669682,7.90484009385109,Q2 (4.9-7.9 units),4.583333333333333
1704.5,Death/delisted too sick,0.2218900560465945,Q2,Liver,NO2,79994,217244,4.87434576669682,7.90484009385109,Q2 (4.9-7.9 units),4.666666666666667
1704.5,Transplant,0.672111888713915,Q2,Liver,NO2,79994,217244,4.87434576669682,7.90484009385109,Q2 (4.9-7.9 units),4.666666666666667
1734.9375,Death/delisted too sick,0.22300481209163836,Q2,Liver,NO2,79994,217244,4.87434576669682,7.90484009385109,Q2 (4.9-7.9 units),4.75
1734.9375,Transplant,0.6730382523568263,Q2,Liver,NO2,79994,217244,4.87434576669682,7.90484009385109,Q2 (4.9-7.9 units),4.75
1765.375,Death/delisted too sick,0.2238822212605671,Q2,Liver,NO2,79994,217244,4.87434576669682,7.90484009385109,Q2 (4.9-7.9 units),4.833333333333333
1765.375,Transplant,0.6739257313709001,Q2,Liver,NO2,79994,217244,4.87434576669682,7.90484009385109,Q2 (4.9-7.9 units),4.833333333333333
1795.8125,Death/delisted too sick,0.22453970595000633,Q2,Liver,NO2,79994,217244,4.87434576669682,7.90484009385109,Q2 (4.9-7.9 units),4.916666666666667
1795.8125,Transplant,0.6743219446015749,Q2,Liver,NO2,79994,217244,4.87434576669682,7.90484009385109,Q2 (4.9-7.9 units),4.916666666666667
1826.25,Death/delisted too sick,0.22567048897741138,Q2,Liver,NO2,79994,217244,4.87434576669682,7.90484009385109,Q2 (4.9-7.9 units),5
1826.25,Transplant,0.6749535256703607,Q2,Liver,NO2,79994,217244,4.87434576669682,7.90484009385109,Q2 (4.9-7.9 units),5
0,Death/delisted too sick,0,Q3,Liver,NO2,79994,217244,7.9048927081952,12.5143582026164,Q3 (7.9-12.5 units),0
0,Transplant,0,Q3,Liver,NO2,79994,217244,7.9048927081952,12.5143582026164,Q3 (7.9-12.5 units),0
30.4375,Death/delisted too sick,0.04295648504622993,Q3,Liver,NO2,79994,217244,7.9048927081952,12.5143582026164,Q3 (7.9-12.5 units),0.08333333333333333
30.4375,Transplant,0.23202914868945415,Q3,Liver,NO2,79994,217244,7.9048927081952,12.5143582026164,Q3 (7.9-12.5 units),0.08333333333333333
60.875,Death/delisted too sick,0.059799275820309826,Q3,Liver,NO2,79994,217244,7.9048927081952,12.5143582026164,Q3 (7.9-12.5 units),0.16666666666666666
60.875,Transplant,0.3019444172548404,Q3,Liver,NO2,79994,217244,7.9048927081952,12.5143582026164,Q3 (7.9-12.5 units),0.16666666666666666
91.3125,Death/delisted too sick,0.07334284985058497,Q3,Liver,NO2,79994,217244,7.9048927081952,12.5143582026164,Q3 (7.9-12.5 units),0.25
91.3125,Transplant,0.3501132559252904,Q3,Liver,NO2,79994,217244,7.9048927081952,12.5143582026164,Q3 (7.9-12.5 units),0.25
121.75,Death/delisted too sick,0.08277856695973114,Q3,Liver,NO2,79994,217244,7.9048927081952,12.5143582026164,Q3 (7.9-12.5 units),0.3333333333333333
121.75,Transplant,0.3868362892734531,Q3,Liver,NO2,79994,217244,7.9048927081952,12.5143582026164,Q3 (7.9-12.5 units),0.3333333333333333
152.1875,Death/delisted too sick,0.09140150918423336,Q3,Liver,NO2,79994,217244,7.9048927081952,12.5143582026164,Q3 (7.9-12.5 units),0.4166666666666667
152.1875,Transplant,0.4163825976138753,Q3,Liver,NO2,79994,217244,7.9048927081952,12.5143582026164,Q3 (7.9-12.5 units),0.4166666666666667
182.625,Death/delisted too sick,0.10053865287948768,Q3,Liver,NO2,79994,217244,7.9048927081952,12.5143582026164,Q3 (7.9-12.5 units),0.5
182.625,Transplant,0.44065445105143897,Q3,Liver,NO2,79994,217244,7.9048927081952,12.5143582026164,Q3 (7.9-12.5 units),0.5
213.0625,Death/delisted too sick,0.10802313564766523,Q3,Liver,NO2,79994,217244,7.9048927081952,12.5143582026164,Q3 (7.9-12.5 units),0.5833333333333334
213.0625,Transplant,0.4677207908904371,Q3,Liver,NO2,79994,217244,7.9048927081952,12.5143582026164,Q3 (7.9-12.5 units),0.5833333333333334
243.5,Death/delisted too sick,0.11431299168472296,Q3,Liver,NO2,79994,217244,7.9048927081952,12.5143582026164,Q3 (7.9-12.5 units),0.6666666666666666
243.5,Transplant,0.4912805268084924,Q3,Liver,NO2,79994,217244,7.9048927081952,12.5143582026164,Q3 (7.9-12.5 units),0.6666666666666666
273.9375,Death/delisted too sick,0.11997234932908553,Q3,Liver,NO2,79994,217244,7.9048927081952,12.5143582026164,Q3 (7.9-12.5 units),0.75
273.9375,Transplant,0.5093929232496566,Q3,Liver,NO2,79994,217244,7.9048927081952,12.5143582026164,Q3 (7.9-12.5 units),0.75
304.375,Death/delisted too sick,0.1257086070977356,Q3,Liver,NO2,79994,217244,7.9048927081952,12.5143582026164,Q3 (7.9-12.5 units),0.8333333333333334
304.375,Transplant,0.5264532738266648,Q3,Liver,NO2,79994,217244,7.9048927081952,12.5143582026164,Q3 (7.9-12.5 units),0.8333333333333334
334.8125,Death/delisted too sick,0.1300741860745277,Q3,Liver,NO2,79994,217244,7.9048927081952,12.5143582026164,Q3 (7.9-12.5 units),0.9166666666666666
334.8125,Transplant,0.5405889922712728,Q3,Liver,NO2,79994,217244,7.9048927081952,12.5143582026164,Q3 (7.9-12.5 units),0.9166666666666666
365.25,Death/delisted too sick,0.13482984482776086,Q3,Liver,NO2,79994,217244,7.9048927081952,12.5143582026164,Q3 (7.9-12.5 units),1
365.25,Transplant,0.5518722213107655,Q3,Liver,NO2,79994,217244,7.9048927081952,12.5143582026164,Q3 (7.9-12.5 units),1
395.6875,Death/delisted too sick,0.1394151517059965,Q3,Liver,NO2,79994,217244,7.9048927081952,12.5143582026164,Q3 (7.9-12.5 units),1.0833333333333333
395.6875,Transplant,0.5637908397483623,Q3,Liver,NO2,79994,217244,7.9048927081952,12.5143582026164,Q3 (7.9-12.5 units),1.0833333333333333
426.125,Death/delisted too sick,0.14317005427400123,Q3,Liver,NO2,79994,217244,7.9048927081952,12.5143582026164,Q3 (7.9-12.5 units),1.1666666666666667
426.125,Transplant,0.5739293181505767,Q3,Liver,NO2,79994,217244,7.9048927081952,12.5143582026164,Q3 (7.9-12.5 units),1.1666666666666667
456.5625,Death/delisted too sick,0.14614585388941953,Q3,Liver,NO2,79994,217244,7.9048927081952,12.5143582026164,Q3 (7.9-12.5 units),1.25
456.5625,Transplant,0.5819295947822346,Q3,Liver,NO2,79994,217244,7.9048927081952,12.5143582026164,Q3 (7.9-12.5 units),1.25
487,Death/delisted too sick,0.15021497353845867,Q3,Liver,NO2,79994,217244,7.9048927081952,12.5143582026164,Q3 (7.9-12.5 units),1.3333333333333333
487,Transplant,0.5897031389161926,Q3,Liver,NO2,79994,217244,7.9048927081952,12.5143582026164,Q3 (7.9-12.5 units),1.3333333333333333
517.4375,Death/delisted too sick,0.15313261983746568,Q3,Liver,NO2,79994,217244,7.9048927081952,12.5143582026164,Q3 (7.9-12.5 units),1.4166666666666667
517.4375,Transplant,0.5968455045539465,Q3,Liver,NO2,79994,217244,7.9048927081952,12.5143582026164,Q3 (7.9-12.5 units),1.4166666666666667
547.875,Death/delisted too sick,0.1569046436064964,Q3,Liver,NO2,79994,217244,7.9048927081952,12.5143582026164,Q3 (7.9-12.5 units),1.5
547.875,Transplant,0.6036470807701473,Q3,Liver,NO2,79994,217244,7.9048927081952,12.5143582026164,Q3 (7.9-12.5 units),1.5
578.3125,Death/delisted too sick,0.15993051477949086,Q3,Liver,NO2,79994,217244,7.9048927081952,12.5143582026164,Q3 (7.9-12.5 units),1.5833333333333333
578.3125,Transplant,0.6101318314999286,Q3,Liver,NO2,79994,217244,7.9048927081952,12.5143582026164,Q3 (7.9-12.5 units),1.5833333333333333
608.75,Death/delisted too sick,0.16263290470034295,Q3,Liver,NO2,79994,217244,7.9048927081952,12.5143582026164,Q3 (7.9-12.5 units),1.6666666666666667
608.75,Transplant,0.6157954179898227,Q3,Liver,NO2,79994,217244,7.9048927081952,12.5143582026164,Q3 (7.9-12.5 units),1.6666666666666667
639.1875,Death/delisted too sick,0.16557910556805477,Q3,Liver,NO2,79994,217244,7.9048927081952,12.5143582026164,Q3 (7.9-12.5 units),1.75
639.1875,Transplant,0.6207894054415223,Q3,Liver,NO2,79994,217244,7.9048927081952,12.5143582026164,Q3 (7.9-12.5 units),1.75
669.625,Death/delisted too sick,0.1680379402890527,Q3,Liver,NO2,79994,217244,7.9048927081952,12.5143582026164,Q3 (7.9-12.5 units),1.8333333333333333
669.625,Transplant,0.6247349382437982,Q3,Liver,NO2,79994,217244,7.9048927081952,12.5143582026164,Q3 (7.9-12.5 units),1.8333333333333333
700.0625,Death/delisted too sick,0.17045259397533907,Q3,Liver,NO2,79994,217244,7.9048927081952,12.5143582026164,Q3 (7.9-12.5 units),1.9166666666666667
700.0625,Transplant,0.6295153220846822,Q3,Liver,NO2,79994,217244,7.9048927081952,12.5143582026164,Q3 (7.9-12.5 units),1.9166666666666667
730.5,Death/delisted too sick,0.17260849516674745,Q3,Liver,NO2,79994,217244,7.9048927081952,12.5143582026164,Q3 (7.9-12.5 units),2
730.5,Transplant,0.6325311066692351,Q3,Liver,NO2,79994,217244,7.9048927081952,12.5143582026164,Q3 (7.9-12.5 units),2
760.9375,Death/delisted too sick,0.1745186319166059,Q3,Liver,NO2,79994,217244,7.9048927081952,12.5143582026164,Q3 (7.9-12.5 units),2.0833333333333335
760.9375,Transplant,0.6362390187353961,Q3,Liver,NO2,79994,217244,7.9048927081952,12.5143582026164,Q3 (7.9-12.5 units),2.0833333333333335
791.375,Death/delisted too sick,0.17723420069310747,Q3,Liver,NO2,79994,217244,7.9048927081952,12.5143582026164,Q3 (7.9-12.5 units),2.1666666666666665
791.375,Transplant,0.6392367223489777,Q3,Liver,NO2,79994,217244,7.9048927081952,12.5143582026164,Q3 (7.9-12.5 units),2.1666666666666665
821.8125,Death/delisted too sick,0.17958367994569005,Q3,Liver,NO2,79994,217244,7.9048927081952,12.5143582026164,Q3 (7.9-12.5 units),2.25
821.8125,Transplant,0.6427527590764565,Q3,Liver,NO2,79994,217244,7.9048927081952,12.5143582026164,Q3 (7.9-12.5 units),2.25
852.25,Death/delisted too sick,0.1812202437603402,Q3,Liver,NO2,79994,217244,7.9048927081952,12.5143582026164,Q3 (7.9-12.5 units),2.3333333333333335
852.25,Transplant,0.6451969775002475,Q3,Liver,NO2,79994,217244,7.9048927081952,12.5143582026164,Q3 (7.9-12.5 units),2.3333333333333335
882.6875,Death/delisted too sick,0.18318278211388864,Q3,Liver,NO2,79994,217244,7.9048927081952,12.5143582026164,Q3 (7.9-12.5 units),2.4166666666666665
882.6875,Transplant,0.6477330688292727,Q3,Liver,NO2,79994,217244,7.9048927081952,12.5143582026164,Q3 (7.9-12.5 units),2.4166666666666665
913.125,Death/delisted too sick,0.18545591371380632,Q3,Liver,NO2,79994,217244,7.9048927081952,12.5143582026164,Q3 (7.9-12.5 units),2.5
913.125,Transplant,0.649518532715144,Q3,Liver,NO2,79994,217244,7.9048927081952,12.5143582026164,Q3 (7.9-12.5 units),2.5
943.5625,Death/delisted too sick,0.1870421259614952,Q3,Liver,NO2,79994,217244,7.9048927081952,12.5143582026164,Q3 (7.9-12.5 units),2.5833333333333335
943.5625,Transplant,0.6515094966362409,Q3,Liver,NO2,79994,217244,7.9048927081952,12.5143582026164,Q3 (7.9-12.5 units),2.5833333333333335
974,Death/delisted too sick,0.18884462145321884,Q3,Liver,NO2,79994,217244,7.9048927081952,12.5143582026164,Q3 (7.9-12.5 units),2.6666666666666665
974,Transplant,0.6532556283815809,Q3,Liver,NO2,79994,217244,7.9048927081952,12.5143582026164,Q3 (7.9-12.5 units),2.6666666666666665
1004.4375,Death/delisted too sick,0.19054689167457872,Q3,Liver,NO2,79994,217244,7.9048927081952,12.5143582026164,Q3 (7.9-12.5 units),2.75
1004.4375,Transplant,0.6550337429401378,Q3,Liver,NO2,79994,217244,7.9048927081952,12.5143582026164,Q3 (7.9-12.5 units),2.75
1034.875,Death/delisted too sick,0.1921567591529722,Q3,Liver,NO2,79994,217244,7.9048927081952,12.5143582026164,Q3 (7.9-12.5 units),2.8333333333333335
1034.875,Transplant,0.6562376027984614,Q3,Liver,NO2,79994,217244,7.9048927081952,12.5143582026164,Q3 (7.9-12.5 units),2.8333333333333335
1065.3125,Death/delisted too sick,0.19326640470635698,Q3,Liver,NO2,79994,217244,7.9048927081952,12.5143582026164,Q3 (7.9-12.5 units),2.9166666666666665
1065.3125,Transplant,0.6579264125106528,Q3,Liver,NO2,79994,217244,7.9048927081952,12.5143582026164,Q3 (7.9-12.5 units),2.9166666666666665
1095.75,Death/delisted too sick,0.1944737999444406,Q3,Liver,NO2,79994,217244,7.9048927081952,12.5143582026164,Q3 (7.9-12.5 units),3
1095.75,Transplant,0.6593166153789799,Q3,Liver,NO2,79994,217244,7.9048927081952,12.5143582026164,Q3 (7.9-12.5 units),3
1126.1875,Death/delisted too sick,0.1956804737368642,Q3,Liver,NO2,79994,217244,7.9048927081952,12.5143582026164,Q3 (7.9-12.5 units),3.0833333333333335
1126.1875,Transplant,0.6610762221872444,Q3,Liver,NO2,79994,217244,7.9048927081952,12.5143582026164,Q3 (7.9-12.5 units),3.0833333333333335
1156.625,Death/delisted too sick,0.1970353847199239,Q3,Liver,NO2,79994,217244,7.9048927081952,12.5143582026164,Q3 (7.9-12.5 units),3.1666666666666665
1156.625,Transplant,0.662771386862889,Q3,Liver,NO2,79994,217244,7.9048927081952,12.5143582026164,Q3 (7.9-12.5 units),3.1666666666666665
1187.0625,Death/delisted too sick,0.19819043547118445,Q3,Liver,NO2,79994,217244,7.9048927081952,12.5143582026164,Q3 (7.9-12.5 units),3.25
1187.0625,Transplant,0.6642657463106144,Q3,Liver,NO2,79994,217244,7.9048927081952,12.5143582026164,Q3 (7.9-12.5 units),3.25
1217.5,Death/delisted too sick,0.19935029845242205,Q3,Liver,NO2,79994,217244,7.9048927081952,12.5143582026164,Q3 (7.9-12.5 units),3.3333333333333335
1217.5,Transplant,0.6656669892042217,Q3,Liver,NO2,79994,217244,7.9048927081952,12.5143582026164,Q3 (7.9-12.5 units),3.3333333333333335
1247.9375,Death/delisted too sick,0.2007691446336955,Q3,Liver,NO2,79994,217244,7.9048927081952,12.5143582026164,Q3 (7.9-12.5 units),3.4166666666666665
1247.9375,Transplant,0.667065256136425,Q3,Liver,NO2,79994,217244,7.9048927081952,12.5143582026164,Q3 (7.9-12.5 units),3.4166666666666665
1278.375,Death/delisted too sick,0.20162553168214056,Q3,Liver,NO2,79994,217244,7.9048927081952,12.5143582026164,Q3 (7.9-12.5 units),3.5
1278.375,Transplant,0.6686795661275569,Q3,Liver,NO2,79994,217244,7.9048927081952,12.5143582026164,Q3 (7.9-12.5 units),3.5
1308.8125,Death/delisted too sick,0.2032735106212985,Q3,Liver,NO2,79994,217244,7.9048927081952,12.5143582026164,Q3 (7.9-12.5 units),3.5833333333333335
1308.8125,Transplant,0.6697877953873842,Q3,Liver,NO2,79994,217244,7.9048927081952,12.5143582026164,Q3 (7.9-12.5 units),3.5833333333333335
1339.25,Death/delisted too sick,0.2042290953696447,Q3,Liver,NO2,79994,217244,7.9048927081952,12.5143582026164,Q3 (7.9-12.5 units),3.6666666666666665
1339.25,Transplant,0.6709395185228831,Q3,Liver,NO2,79994,217244,7.9048927081952,12.5143582026164,Q3 (7.9-12.5 units),3.6666666666666665
1369.6875,Death/delisted too sick,0.20521430256300757,Q3,Liver,NO2,79994,217244,7.9048927081952,12.5143582026164,Q3 (7.9-12.5 units),3.75
1369.6875,Transplant,0.672683787902323,Q3,Liver,NO2,79994,217244,7.9048927081952,12.5143582026164,Q3 (7.9-12.5 units),3.75
1400.125,Death/delisted too sick,0.20636160150712143,Q3,Liver,NO2,79994,217244,7.9048927081952,12.5143582026164,Q3 (7.9-12.5 units),3.8333333333333335
1400.125,Transplant,0.6741466655995557,Q3,Liver,NO2,79994,217244,7.9048927081952,12.5143582026164,Q3 (7.9-12.5 units),3.8333333333333335
1430.5625,Death/delisted too sick,0.2078529701564538,Q3,Liver,NO2,79994,217244,7.9048927081952,12.5143582026164,Q3 (7.9-12.5 units),3.9166666666666665
1430.5625,Transplant,0.6755582338518366,Q3,Liver,NO2,79994,217244,7.9048927081952,12.5143582026164,Q3 (7.9-12.5 units),3.9166666666666665
1461,Death/delisted too sick,0.20850651577364787,Q3,Liver,NO2,79994,217244,7.9048927081952,12.5143582026164,Q3 (7.9-12.5 units),4
1461,Transplant,0.676416822261915,Q3,Liver,NO2,79994,217244,7.9048927081952,12.5143582026164,Q3 (7.9-12.5 units),4
1491.4375,Death/delisted too sick,0.2097025102112207,Q3,Liver,NO2,79994,217244,7.9048927081952,12.5143582026164,Q3 (7.9-12.5 units),4.083333333333333
1491.4375,Transplant,0.6776043844407966,Q3,Liver,NO2,79994,217244,7.9048927081952,12.5143582026164,Q3 (7.9-12.5 units),4.083333333333333
1521.875,Death/delisted too sick,0.21071216074423635,Q3,Liver,NO2,79994,217244,7.9048927081952,12.5143582026164,Q3 (7.9-12.5 units),4.166666666666667
1521.875,Transplant,0.6785128911808268,Q3,Liver,NO2,79994,217244,7.9048927081952,12.5143582026164,Q3 (7.9-12.5 units),4.166666666666667
1552.3125,Death/delisted too sick,0.21156972150872247,Q3,Liver,NO2,79994,217244,7.9048927081952,12.5143582026164,Q3 (7.9-12.5 units),4.25
1552.3125,Transplant,0.6794856086824432,Q3,Liver,NO2,79994,217244,7.9048927081952,12.5143582026164,Q3 (7.9-12.5 units),4.25
1582.75,Death/delisted too sick,0.2128027186343379,Q3,Liver,NO2,79994,217244,7.9048927081952,12.5143582026164,Q3 (7.9-12.5 units),4.333333333333333
1582.75,Transplant,0.6803167478024016,Q3,Liver,NO2,79994,217244,7.9048927081952,12.5143582026164,Q3 (7.9-12.5 units),4.333333333333333
1613.1875,Death/delisted too sick,0.21322634850855715,Q3,Liver,NO2,79994,217244,7.9048927081952,12.5143582026164,Q3 (7.9-12.5 units),4.416666666666667
1613.1875,Transplant,0.6809959154241735,Q3,Liver,NO2,79994,217244,7.9048927081952,12.5143582026164,Q3 (7.9-12.5 units),4.416666666666667
1643.625,Death/delisted too sick,0.21464164450189038,Q3,Liver,NO2,79994,217244,7.9048927081952,12.5143582026164,Q3 (7.9-12.5 units),4.5
1643.625,Transplant,0.6817647559633271,Q3,Liver,NO2,79994,217244,7.9048927081952,12.5143582026164,Q3 (7.9-12.5 units),4.5
1674.0625,Death/delisted too sick,0.21542857100683607,Q3,Liver,NO2,79994,217244,7.9048927081952,12.5143582026164,Q3 (7.9-12.5 units),4.583333333333333
1674.0625,Transplant,0.682513607969997,Q3,Liver,NO2,79994,217244,7.9048927081952,12.5143582026164,Q3 (7.9-12.5 units),4.583333333333333
1704.5,Death/delisted too sick,0.21606562281129418,Q3,Liver,NO2,79994,217244,7.9048927081952,12.5143582026164,Q3 (7.9-12.5 units),4.666666666666667
1704.5,Transplant,0.6833805170999278,Q3,Liver,NO2,79994,217244,7.9048927081952,12.5143582026164,Q3 (7.9-12.5 units),4.666666666666667
1734.9375,Death/delisted too sick,0.21682245573977427,Q3,Liver,NO2,79994,217244,7.9048927081952,12.5143582026164,Q3 (7.9-12.5 units),4.75
1734.9375,Transplant,0.6842339774016023,Q3,Liver,NO2,79994,217244,7.9048927081952,12.5143582026164,Q3 (7.9-12.5 units),4.75
1765.375,Death/delisted too sick,0.21771968161798894,Q3,Liver,NO2,79994,217244,7.9048927081952,12.5143582026164,Q3 (7.9-12.5 units),4.833333333333333
1765.375,Transplant,0.6849125357850767,Q3,Liver,NO2,79994,217244,7.9048927081952,12.5143582026164,Q3 (7.9-12.5 units),4.833333333333333
1795.8125,Death/delisted too sick,0.21893894158181437,Q3,Liver,NO2,79994,217244,7.9048927081952,12.5143582026164,Q3 (7.9-12.5 units),4.916666666666667
1795.8125,Transplant,0.6859025302062239,Q3,Liver,NO2,79994,217244,7.9048927081952,12.5143582026164,Q3 (7.9-12.5 units),4.916666666666667
1826.25,Death/delisted too sick,0.21954457951427678,Q3,Liver,NO2,79994,217244,7.9048927081952,12.5143582026164,Q3 (7.9-12.5 units),5
1826.25,Transplant,0.6865981763480937,Q3,Liver,NO2,79994,217244,7.9048927081952,12.5143582026164,Q3 (7.9-12.5 units),5
0,Death/delisted too sick,0,Q4,Liver,NO2,79994,217244,12.5143582026164,51.1499290466309,Q4 (12.5-51.1 units),0
0,Transplant,0,Q4,Liver,NO2,79994,217244,12.5143582026164,51.1499290466309,Q4 (12.5-51.1 units),0
30.4375,Death/delisted too sick,0.04533711654789241,Q4,Liver,NO2,79994,217244,12.5143582026164,51.1499290466309,Q4 (12.5-51.1 units),0.08333333333333333
30.4375,Transplant,0.21477226170240124,Q4,Liver,NO2,79994,217244,12.5143582026164,51.1499290466309,Q4 (12.5-51.1 units),0.08333333333333333
60.875,Death/delisted too sick,0.062162320584396386,Q4,Liver,NO2,79994,217244,12.5143582026164,51.1499290466309,Q4 (12.5-51.1 units),0.16666666666666666
60.875,Transplant,0.2787701824333802,Q4,Liver,NO2,79994,217244,12.5143582026164,51.1499290466309,Q4 (12.5-51.1 units),0.16666666666666666
91.3125,Death/delisted too sick,0.07458555793960205,Q4,Liver,NO2,79994,217244,12.5143582026164,51.1499290466309,Q4 (12.5-51.1 units),0.25
91.3125,Transplant,0.32513574001457424,Q4,Liver,NO2,79994,217244,12.5143582026164,51.1499290466309,Q4 (12.5-51.1 units),0.25
121.75,Death/delisted too sick,0.08559609427481682,Q4,Liver,NO2,79994,217244,12.5143582026164,51.1499290466309,Q4 (12.5-51.1 units),0.3333333333333333
121.75,Transplant,0.3593932150909354,Q4,Liver,NO2,79994,217244,12.5143582026164,51.1499290466309,Q4 (12.5-51.1 units),0.3333333333333333
152.1875,Death/delisted too sick,0.0948666368570351,Q4,Liver,NO2,79994,217244,12.5143582026164,51.1499290466309,Q4 (12.5-51.1 units),0.4166666666666667
152.1875,Transplant,0.3848840942042441,Q4,Liver,NO2,79994,217244,12.5143582026164,51.1499290466309,Q4 (12.5-51.1 units),0.4166666666666667
182.625,Death/delisted too sick,0.10432865554651594,Q4,Liver,NO2,79994,217244,12.5143582026164,51.1499290466309,Q4 (12.5-51.1 units),0.5
182.625,Transplant,0.40691296153312556,Q4,Liver,NO2,79994,217244,12.5143582026164,51.1499290466309,Q4 (12.5-51.1 units),0.5
213.0625,Death/delisted too sick,0.11248789022361627,Q4,Liver,NO2,79994,217244,12.5143582026164,51.1499290466309,Q4 (12.5-51.1 units),0.5833333333333334
213.0625,Transplant,0.4365229297254102,Q4,Liver,NO2,79994,217244,12.5143582026164,51.1499290466309,Q4 (12.5-51.1 units),0.5833333333333334
243.5,Death/delisted too sick,0.11900431522374665,Q4,Liver,NO2,79994,217244,12.5143582026164,51.1499290466309,Q4 (12.5-51.1 units),0.6666666666666666
243.5,Transplant,0.4608654038395818,Q4,Liver,NO2,79994,217244,12.5143582026164,51.1499290466309,Q4 (12.5-51.1 units),0.6666666666666666
273.9375,Death/delisted too sick,0.12482660827624192,Q4,Liver,NO2,79994,217244,12.5143582026164,51.1499290466309,Q4 (12.5-51.1 units),0.75
273.9375,Transplant,0.47900921824939524,Q4,Liver,NO2,79994,217244,12.5143582026164,51.1499290466309,Q4 (12.5-51.1 units),0.75
304.375,Death/delisted too sick,0.1305462811436088,Q4,Liver,NO2,79994,217244,12.5143582026164,51.1499290466309,Q4 (12.5-51.1 units),0.8333333333333334
304.375,Transplant,0.4953642549582834,Q4,Liver,NO2,79994,217244,12.5143582026164,51.1499290466309,Q4 (12.5-51.1 units),0.8333333333333334
334.8125,Death/delisted too sick,0.13477094669581002,Q4,Liver,NO2,79994,217244,12.5143582026164,51.1499290466309,Q4 (12.5-51.1 units),0.9166666666666666
334.8125,Transplant,0.5078496610673918,Q4,Liver,NO2,79994,217244,12.5143582026164,51.1499290466309,Q4 (12.5-51.1 units),0.9166666666666666
365.25,Death/delisted too sick,0.13929683017530076,Q4,Liver,NO2,79994,217244,12.5143582026164,51.1499290466309,Q4 (12.5-51.1 units),1
365.25,Transplant,0.5215417825354859,Q4,Liver,NO2,79994,217244,12.5143582026164,51.1499290466309,Q4 (12.5-51.1 units),1
395.6875,Death/delisted too sick,0.14441485611935492,Q4,Liver,NO2,79994,217244,12.5143582026164,51.1499290466309,Q4 (12.5-51.1 units),1.0833333333333333
395.6875,Transplant,0.5310934246159366,Q4,Liver,NO2,79994,217244,12.5143582026164,51.1499290466309,Q4 (12.5-51.1 units),1.0833333333333333
426.125,Death/delisted too sick,0.1494733183691253,Q4,Liver,NO2,79994,217244,12.5143582026164,51.1499290466309,Q4 (12.5-51.1 units),1.1666666666666667
426.125,Transplant,0.5409152767524361,Q4,Liver,NO2,79994,217244,12.5143582026164,51.1499290466309,Q4 (12.5-51.1 units),1.1666666666666667
456.5625,Death/delisted too sick,0.15378361958166625,Q4,Liver,NO2,79994,217244,12.5143582026164,51.1499290466309,Q4 (12.5-51.1 units),1.25
456.5625,Transplant,0.5502168428516706,Q4,Liver,NO2,79994,217244,12.5143582026164,51.1499290466309,Q4 (12.5-51.1 units),1.25
487,Death/delisted too sick,0.15748437344247193,Q4,Liver,NO2,79994,217244,12.5143582026164,51.1499290466309,Q4 (12.5-51.1 units),1.3333333333333333
487,Transplant,0.559652608208781,Q4,Liver,NO2,79994,217244,12.5143582026164,51.1499290466309,Q4 (12.5-51.1 units),1.3333333333333333
517.4375,Death/delisted too sick,0.16133104188824754,Q4,Liver,NO2,79994,217244,12.5143582026164,51.1499290466309,Q4 (12.5-51.1 units),1.4166666666666667
517.4375,Transplant,0.5671548088716234,Q4,Liver,NO2,79994,217244,12.5143582026164,51.1499290466309,Q4 (12.5-51.1 units),1.4166666666666667
547.875,Death/delisted too sick,0.1648665057174722,Q4,Liver,NO2,79994,217244,12.5143582026164,51.1499290466309,Q4 (12.5-51.1 units),1.5
547.875,Transplant,0.5736553925994177,Q4,Liver,NO2,79994,217244,12.5143582026164,51.1499290466309,Q4 (12.5-51.1 units),1.5
578.3125,Death/delisted too sick,0.16824430485403366,Q4,Liver,NO2,79994,217244,12.5143582026164,51.1499290466309,Q4 (12.5-51.1 units),1.5833333333333333
578.3125,Transplant,0.5789197789188935,Q4,Liver,NO2,79994,217244,12.5143582026164,51.1499290466309,Q4 (12.5-51.1 units),1.5833333333333333
608.75,Death/delisted too sick,0.17057983365086285,Q4,Liver,NO2,79994,217244,12.5143582026164,51.1499290466309,Q4 (12.5-51.1 units),1.6666666666666667
608.75,Transplant,0.5842840852534877,Q4,Liver,NO2,79994,217244,12.5143582026164,51.1499290466309,Q4 (12.5-51.1 units),1.6666666666666667
639.1875,Death/delisted too sick,0.17363811625161002,Q4,Liver,NO2,79994,217244,12.5143582026164,51.1499290466309,Q4 (12.5-51.1 units),1.75
639.1875,Transplant,0.589722951835042,Q4,Liver,NO2,79994,217244,12.5143582026164,51.1499290466309,Q4 (12.5-51.1 units),1.75
669.625,Death/delisted too sick,0.17545099101265374,Q4,Liver,NO2,79994,217244,12.5143582026164,51.1499290466309,Q4 (12.5-51.1 units),1.8333333333333333
669.625,Transplant,0.5936316326673367,Q4,Liver,NO2,79994,217244,12.5143582026164,51.1499290466309,Q4 (12.5-51.1 units),1.8333333333333333
700.0625,Death/delisted too sick,0.17806854762334606,Q4,Liver,NO2,79994,217244,12.5143582026164,51.1499290466309,Q4 (12.5-51.1 units),1.9166666666666667
700.0625,Transplant,0.5979597936904019,Q4,Liver,NO2,79994,217244,12.5143582026164,51.1499290466309,Q4 (12.5-51.1 units),1.9166666666666667
730.5,Death/delisted too sick,0.17988484738465924,Q4,Liver,NO2,79994,217244,12.5143582026164,51.1499290466309,Q4 (12.5-51.1 units),2
730.5,Transplant,0.601222173907619,Q4,Liver,NO2,79994,217244,12.5143582026164,51.1499290466309,Q4 (12.5-51.1 units),2
760.9375,Death/delisted too sick,0.18105880118104906,Q4,Liver,NO2,79994,217244,12.5143582026164,51.1499290466309,Q4 (12.5-51.1 units),2.0833333333333335
760.9375,Transplant,0.604542340932123,Q4,Liver,NO2,79994,217244,12.5143582026164,51.1499290466309,Q4 (12.5-51.1 units),2.0833333333333335
791.375,Death/delisted too sick,0.18253528076876271,Q4,Liver,NO2,79994,217244,12.5143582026164,51.1499290466309,Q4 (12.5-51.1 units),2.1666666666666665
791.375,Transplant,0.6068616622924099,Q4,Liver,NO2,79994,217244,12.5143582026164,51.1499290466309,Q4 (12.5-51.1 units),2.1666666666666665
821.8125,Death/delisted too sick,0.1840109254956106,Q4,Liver,NO2,79994,217244,12.5143582026164,51.1499290466309,Q4 (12.5-51.1 units),2.25
821.8125,Transplant,0.6094010793736,Q4,Liver,NO2,79994,217244,12.5143582026164,51.1499290466309,Q4 (12.5-51.1 units),2.25
852.25,Death/delisted too sick,0.18598803110016052,Q4,Liver,NO2,79994,217244,12.5143582026164,51.1499290466309,Q4 (12.5-51.1 units),2.3333333333333335
852.25,Transplant,0.6120826488210752,Q4,Liver,NO2,79994,217244,12.5143582026164,51.1499290466309,Q4 (12.5-51.1 units),2.3333333333333335
882.6875,Death/delisted too sick,0.1875351856929441,Q4,Liver,NO2,79994,217244,12.5143582026164,51.1499290466309,Q4 (12.5-51.1 units),2.4166666666666665
882.6875,Transplant,0.6144575900824772,Q4,Liver,NO2,79994,217244,12.5143582026164,51.1499290466309,Q4 (12.5-51.1 units),2.4166666666666665
913.125,Death/delisted too sick,0.1899326168853511,Q4,Liver,NO2,79994,217244,12.5143582026164,51.1499290466309,Q4 (12.5-51.1 units),2.5
913.125,Transplant,0.6169199949292193,Q4,Liver,NO2,79994,217244,12.5143582026164,51.1499290466309,Q4 (12.5-51.1 units),2.5
943.5625,Death/delisted too sick,0.1914636424750514,Q4,Liver,NO2,79994,217244,12.5143582026164,51.1499290466309,Q4 (12.5-51.1 units),2.5833333333333335
943.5625,Transplant,0.6192619018316984,Q4,Liver,NO2,79994,217244,12.5143582026164,51.1499290466309,Q4 (12.5-51.1 units),2.5833333333333335
974,Death/delisted too sick,0.1933576803075956,Q4,Liver,NO2,79994,217244,12.5143582026164,51.1499290466309,Q4 (12.5-51.1 units),2.6666666666666665
974,Transplant,0.6216046462178396,Q4,Liver,NO2,79994,217244,12.5143582026164,51.1499290466309,Q4 (12.5-51.1 units),2.6666666666666665
1004.4375,Death/delisted too sick,0.19510202649389236,Q4,Liver,NO2,79994,217244,12.5143582026164,51.1499290466309,Q4 (12.5-51.1 units),2.75
1004.4375,Transplant,0.624092069278903,Q4,Liver,NO2,79994,217244,12.5143582026164,51.1499290466309,Q4 (12.5-51.1 units),2.75
1034.875,Death/delisted too sick,0.1969610916743249,Q4,Liver,NO2,79994,217244,12.5143582026164,51.1499290466309,Q4 (12.5-51.1 units),2.8333333333333335
1034.875,Transplant,0.6257639003805651,Q4,Liver,NO2,79994,217244,12.5143582026164,51.1499290466309,Q4 (12.5-51.1 units),2.8333333333333335
1065.3125,Death/delisted too sick,0.198963339618697,Q4,Liver,NO2,79994,217244,12.5143582026164,51.1499290466309,Q4 (12.5-51.1 units),2.9166666666666665
1065.3125,Transplant,0.6277087899683998,Q4,Liver,NO2,79994,217244,12.5143582026164,51.1499290466309,Q4 (12.5-51.1 units),2.9166666666666665
1095.75,Death/delisted too sick,0.20021852177821003,Q4,Liver,NO2,79994,217244,12.5143582026164,51.1499290466309,Q4 (12.5-51.1 units),3
1095.75,Transplant,0.6299148872354586,Q4,Liver,NO2,79994,217244,12.5143582026164,51.1499290466309,Q4 (12.5-51.1 units),3
1126.1875,Death/delisted too sick,0.20213809926068738,Q4,Liver,NO2,79994,217244,12.5143582026164,51.1499290466309,Q4 (12.5-51.1 units),3.0833333333333335
1126.1875,Transplant,0.6315019916973597,Q4,Liver,NO2,79994,217244,12.5143582026164,51.1499290466309,Q4 (12.5-51.1 units),3.0833333333333335
1156.625,Death/delisted too sick,0.20386918902744738,Q4,Liver,NO2,79994,217244,12.5143582026164,51.1499290466309,Q4 (12.5-51.1 units),3.1666666666666665
1156.625,Transplant,0.6328270208443322,Q4,Liver,NO2,79994,217244,12.5143582026164,51.1499290466309,Q4 (12.5-51.1 units),3.1666666666666665
1187.0625,Death/delisted too sick,0.20503940405214685,Q4,Liver,NO2,79994,217244,12.5143582026164,51.1499290466309,Q4 (12.5-51.1 units),3.25
1187.0625,Transplant,0.6342912341495464,Q4,Liver,NO2,79994,217244,12.5143582026164,51.1499290466309,Q4 (12.5-51.1 units),3.25
1217.5,Death/delisted too sick,0.20611511642445368,Q4,Liver,NO2,79994,217244,12.5143582026164,51.1499290466309,Q4 (12.5-51.1 units),3.3333333333333335
1217.5,Transplant,0.6359449681596384,Q4,Liver,NO2,79994,217244,12.5143582026164,51.1499290466309,Q4 (12.5-51.1 units),3.3333333333333335
1247.9375,Death/delisted too sick,0.2074593878863709,Q4,Liver,NO2,79994,217244,12.5143582026164,51.1499290466309,Q4 (12.5-51.1 units),3.4166666666666665
1247.9375,Transplant,0.6379241482619872,Q4,Liver,NO2,79994,217244,12.5143582026164,51.1499290466309,Q4 (12.5-51.1 units),3.4166666666666665
1278.375,Death/delisted too sick,0.20851946448363146,Q4,Liver,NO2,79994,217244,12.5143582026164,51.1499290466309,Q4 (12.5-51.1 units),3.5
1278.375,Transplant,0.6397305773691908,Q4,Liver,NO2,79994,217244,12.5143582026164,51.1499290466309,Q4 (12.5-51.1 units),3.5
1308.8125,Death/delisted too sick,0.21023730637429058,Q4,Liver,NO2,79994,217244,12.5143582026164,51.1499290466309,Q4 (12.5-51.1 units),3.5833333333333335
1308.8125,Transplant,0.6425585636438502,Q4,Liver,NO2,79994,217244,12.5143582026164,51.1499290466309,Q4 (12.5-51.1 units),3.5833333333333335
1339.25,Death/delisted too sick,0.21126701657942473,Q4,Liver,NO2,79994,217244,12.5143582026164,51.1499290466309,Q4 (12.5-51.1 units),3.6666666666666665
1339.25,Transplant,0.6438389319781747,Q4,Liver,NO2,79994,217244,12.5143582026164,51.1499290466309,Q4 (12.5-51.1 units),3.6666666666666665
1369.6875,Death/delisted too sick,0.2125269947859602,Q4,Liver,NO2,79994,217244,12.5143582026164,51.1499290466309,Q4 (12.5-51.1 units),3.75
1369.6875,Transplant,0.6449421467348744,Q4,Liver,NO2,79994,217244,12.5143582026164,51.1499290466309,Q4 (12.5-51.1 units),3.75
1400.125,Death/delisted too sick,0.2147196308029177,Q4,Liver,NO2,79994,217244,12.5143582026164,51.1499290466309,Q4 (12.5-51.1 units),3.8333333333333335
1400.125,Transplant,0.6463145024462749,Q4,Liver,NO2,79994,217244,12.5143582026164,51.1499290466309,Q4 (12.5-51.1 units),3.8333333333333335
1430.5625,Death/delisted too sick,0.2160689518482644,Q4,Liver,NO2,79994,217244,12.5143582026164,51.1499290466309,Q4 (12.5-51.1 units),3.9166666666666665
1430.5625,Transplant,0.647232253011867,Q4,Liver,NO2,79994,217244,12.5143582026164,51.1499290466309,Q4 (12.5-51.1 units),3.9166666666666665
1461,Death/delisted too sick,0.2174160532834788,Q4,Liver,NO2,79994,217244,12.5143582026164,51.1499290466309,Q4 (12.5-51.1 units),4
1461,Transplant,0.6488428473333423,Q4,Liver,NO2,79994,217244,12.5143582026164,51.1499290466309,Q4 (12.5-51.1 units),4
1491.4375,Death/delisted too sick,0.2186761701117737,Q4,Liver,NO2,79994,217244,12.5143582026164,51.1499290466309,Q4 (12.5-51.1 units),4.083333333333333
1491.4375,Transplant,0.6496857720912614,Q4,Liver,NO2,79994,217244,12.5143582026164,51.1499290466309,Q4 (12.5-51.1 units),4.083333333333333
1521.875,Death/delisted too sick,0.21966336968210437,Q4,Liver,NO2,79994,217244,12.5143582026164,51.1499290466309,Q4 (12.5-51.1 units),4.166666666666667
1521.875,Transplant,0.6512870313872338,Q4,Liver,NO2,79994,217244,12.5143582026164,51.1499290466309,Q4 (12.5-51.1 units),4.166666666666667
1552.3125,Death/delisted too sick,0.22095669667589976,Q4,Liver,NO2,79994,217244,12.5143582026164,51.1499290466309,Q4 (12.5-51.1 units),4.25
1552.3125,Transplant,0.6524008783740439,Q4,Liver,NO2,79994,217244,12.5143582026164,51.1499290466309,Q4 (12.5-51.1 units),4.25
1582.75,Death/delisted too sick,0.22158875145820772,Q4,Liver,NO2,79994,217244,12.5143582026164,51.1499290466309,Q4 (12.5-51.1 units),4.333333333333333
1582.75,Transplant,0.653745584558416,Q4,Liver,NO2,79994,217244,12.5143582026164,51.1499290466309,Q4 (12.5-51.1 units),4.333333333333333
1613.1875,Death/delisted too sick,0.2227438362185539,Q4,Liver,NO2,79994,217244,12.5143582026164,51.1499290466309,Q4 (12.5-51.1 units),4.416666666666667
1613.1875,Transplant,0.6543269859421219,Q4,Liver,NO2,79994,217244,12.5143582026164,51.1499290466309,Q4 (12.5-51.1 units),4.416666666666667
1643.625,Death/delisted too sick,0.22388831863993078,Q4,Liver,NO2,79994,217244,12.5143582026164,51.1499290466309,Q4 (12.5-51.1 units),4.5
1643.625,Transplant,0.6552764206980297,Q4,Liver,NO2,79994,217244,12.5143582026164,51.1499290466309,Q4 (12.5-51.1 units),4.5
1674.0625,Death/delisted too sick,0.22446315347969448,Q4,Liver,NO2,79994,217244,12.5143582026164,51.1499290466309,Q4 (12.5-51.1 units),4.583333333333333
1674.0625,Transplant,0.6565557365611339,Q4,Liver,NO2,79994,217244,12.5143582026164,51.1499290466309,Q4 (12.5-51.1 units),4.583333333333333
1704.5,Death/delisted too sick,0.22593712917675307,Q4,Liver,NO2,79994,217244,12.5143582026164,51.1499290466309,Q4 (12.5-51.1 units),4.666666666666667
1704.5,Transplant,0.657190137946404,Q4,Liver,NO2,79994,217244,12.5143582026164,51.1499290466309,Q4 (12.5-51.1 units),4.666666666666667
1734.9375,Death/delisted too sick,0.22644929405848416,Q4,Liver,NO2,79994,217244,12.5143582026164,51.1499290466309,Q4 (12.5-51.1 units),4.75
1734.9375,Transplant,0.6580731322124493,Q4,Liver,NO2,79994,217244,12.5143582026164,51.1499290466309,Q4 (12.5-51.1 units),4.75
1765.375,Death/delisted too sick,0.22739274780126467,Q4,Liver,NO2,79994,217244,12.5143582026164,51.1499290466309,Q4 (12.5-51.1 units),4.833333333333333
1765.375,Transplant,0.6586676635250276,Q4,Liver,NO2,79994,217244,12.5143582026164,51.1499290466309,Q4 (12.5-51.1 units),4.833333333333333
1795.8125,Death/delisted too sick,0.2284313880436618,Q4,Liver,NO2,79994,217244,12.5143582026164,51.1499290466309,Q4 (12.5-51.1 units),4.916666666666667
1795.8125,Transplant,0.6591326664538358,Q4,Liver,NO2,79994,217244,12.5143582026164,51.1499290466309,Q4 (12.5-51.1 units),4.916666666666667
1826.25,Death/delisted too sick,0.22986526925556222,Q4,Liver,NO2,79994,217244,12.5143582026164,51.1499290466309,Q4 (12.5-51.1 units),5
1826.25,Transplant,0.6596096680413464,Q4,Liver,NO2,79994,217244,12.5143582026164,51.1499290466309,Q4 (12.5-51.1 units),5
0,Death/delisted too sick,0,Q1,Lung,NO2,46614,46614,0.19122242089361,4.73793746524004,Q1 (0.2-4.7 units),0
0,Transplant,0,Q1,Lung,NO2,46614,46614,0.19122242089361,4.73793746524004,Q1 (0.2-4.7 units),0
30.4375,Death/delisted too sick,0.04211186745107346,Q1,Lung,NO2,46614,46614,0.19122242089361,4.73793746524004,Q1 (0.2-4.7 units),0.08333333333333333
30.4375,Transplant,0.33354573675537685,Q1,Lung,NO2,46614,46614,0.19122242089361,4.73793746524004,Q1 (0.2-4.7 units),0.08333333333333333
60.875,Death/delisted too sick,0.05785558892934755,Q1,Lung,NO2,46614,46614,0.19122242089361,4.73793746524004,Q1 (0.2-4.7 units),0.16666666666666666
60.875,Transplant,0.47012398855228393,Q1,Lung,NO2,46614,46614,0.19122242089361,4.73793746524004,Q1 (0.2-4.7 units),0.16666666666666666
91.3125,Death/delisted too sick,0.06690370860140454,Q1,Lung,NO2,46614,46614,0.19122242089361,4.73793746524004,Q1 (0.2-4.7 units),0.25
91.3125,Transplant,0.5403284883680118,Q1,Lung,NO2,46614,46614,0.19122242089361,4.73793746524004,Q1 (0.2-4.7 units),0.25
121.75,Death/delisted too sick,0.07304939747108632,Q1,Lung,NO2,46614,46614,0.19122242089361,4.73793746524004,Q1 (0.2-4.7 units),0.3333333333333333
121.75,Transplant,0.590640464517926,Q1,Lung,NO2,46614,46614,0.19122242089361,4.73793746524004,Q1 (0.2-4.7 units),0.3333333333333333
152.1875,Death/delisted too sick,0.0762202095346217,Q1,Lung,NO2,46614,46614,0.19122242089361,4.73793746524004,Q1 (0.2-4.7 units),0.4166666666666667
152.1875,Transplant,0.6284743044674903,Q1,Lung,NO2,46614,46614,0.19122242089361,4.73793746524004,Q1 (0.2-4.7 units),0.4166666666666667
182.625,Death/delisted too sick,0.08012368969378474,Q1,Lung,NO2,46614,46614,0.19122242089361,4.73793746524004,Q1 (0.2-4.7 units),0.5
182.625,Transplant,0.6552666647400021,Q1,Lung,NO2,46614,46614,0.19122242089361,4.73793746524004,Q1 (0.2-4.7 units),0.5
213.0625,Death/delisted too sick,0.08530916089870272,Q1,Lung,NO2,46614,46614,0.19122242089361,4.73793746524004,Q1 (0.2-4.7 units),0.5833333333333334
213.0625,Transplant,0.6767481065382123,Q1,Lung,NO2,46614,46614,0.19122242089361,4.73793746524004,Q1 (0.2-4.7 units),0.5833333333333334
243.5,Death/delisted too sick,0.08851108060004534,Q1,Lung,NO2,46614,46614,0.19122242089361,4.73793746524004,Q1 (0.2-4.7 units),0.6666666666666666
243.5,Transplant,0.6932516872140307,Q1,Lung,NO2,46614,46614,0.19122242089361,4.73793746524004,Q1 (0.2-4.7 units),0.6666666666666666
273.9375,Death/delisted too sick,0.09134346268319785,Q1,Lung,NO2,46614,46614,0.19122242089361,4.73793746524004,Q1 (0.2-4.7 units),0.75
273.9375,Transplant,0.7106988576816342,Q1,Lung,NO2,46614,46614,0.19122242089361,4.73793746524004,Q1 (0.2-4.7 units),0.75
304.375,Death/delisted too sick,0.09357812000507515,Q1,Lung,NO2,46614,46614,0.19122242089361,4.73793746524004,Q1 (0.2-4.7 units),0.8333333333333334
304.375,Transplant,0.7298577373245824,Q1,Lung,NO2,46614,46614,0.19122242089361,4.73793746524004,Q1 (0.2-4.7 units),0.8333333333333334
334.8125,Death/delisted too sick,0.09783198354056075,Q1,Lung,NO2,46614,46614,0.19122242089361,4.73793746524004,Q1 (0.2-4.7 units),0.9166666666666666
334.8125,Transplant,0.740475101762797,Q1,Lung,NO2,46614,46614,0.19122242089361,4.73793746524004,Q1 (0.2-4.7 units),0.9166666666666666
365.25,Death/delisted too sick,0.09918854506116688,Q1,Lung,NO2,46614,46614,0.19122242089361,4.73793746524004,Q1 (0.2-4.7 units),1
365.25,Transplant,0.7511949034259495,Q1,Lung,NO2,46614,46614,0.19122242089361,4.73793746524004,Q1 (0.2-4.7 units),1
395.6875,Death/delisted too sick,0.1022016578272652,Q1,Lung,NO2,46614,46614,0.19122242089361,4.73793746524004,Q1 (0.2-4.7 units),1.0833333333333333
395.6875,Transplant,0.7594752075337026,Q1,Lung,NO2,46614,46614,0.19122242089361,4.73793746524004,Q1 (0.2-4.7 units),1.0833333333333333
426.125,Death/delisted too sick,0.10349478949131777,Q1,Lung,NO2,46614,46614,0.19122242089361,4.73793746524004,Q1 (0.2-4.7 units),1.1666666666666667
426.125,Transplant,0.7658741542165458,Q1,Lung,NO2,46614,46614,0.19122242089361,4.73793746524004,Q1 (0.2-4.7 units),1.1666666666666667
456.5625,Death/delisted too sick,0.1054617669430504,Q1,Lung,NO2,46614,46614,0.19122242089361,4.73793746524004,Q1 (0.2-4.7 units),1.25
456.5625,Transplant,0.7722006772082773,Q1,Lung,NO2,46614,46614,0.19122242089361,4.73793746524004,Q1 (0.2-4.7 units),1.25
487,Death/delisted too sick,0.10625294379007427,Q1,Lung,NO2,46614,46614,0.19122242089361,4.73793746524004,Q1 (0.2-4.7 units),1.3333333333333333
487,Transplant,0.7774630248703789,Q1,Lung,NO2,46614,46614,0.19122242089361,4.73793746524004,Q1 (0.2-4.7 units),1.3333333333333333
517.4375,Death/delisted too sick,0.10777553478120182,Q1,Lung,NO2,46614,46614,0.19122242089361,4.73793746524004,Q1 (0.2-4.7 units),1.4166666666666667
517.4375,Transplant,0.7829416896790015,Q1,Lung,NO2,46614,46614,0.19122242089361,4.73793746524004,Q1 (0.2-4.7 units),1.4166666666666667
547.875,Death/delisted too sick,0.10813476341928849,Q1,Lung,NO2,46614,46614,0.19122242089361,4.73793746524004,Q1 (0.2-4.7 units),1.5
547.875,Transplant,0.7865194399471024,Q1,Lung,NO2,46614,46614,0.19122242089361,4.73793746524004,Q1 (0.2-4.7 units),1.5
578.3125,Death/delisted too sick,0.1095204004407932,Q1,Lung,NO2,46614,46614,0.19122242089361,4.73793746524004,Q1 (0.2-4.7 units),1.5833333333333333
578.3125,Transplant,0.7927211760712982,Q1,Lung,NO2,46614,46614,0.19122242089361,4.73793746524004,Q1 (0.2-4.7 units),1.5833333333333333
608.75,Death/delisted too sick,0.1101190499909803,Q1,Lung,NO2,46614,46614,0.19122242089361,4.73793746524004,Q1 (0.2-4.7 units),1.6666666666666667
608.75,Transplant,0.7966889858916595,Q1,Lung,NO2,46614,46614,0.19122242089361,4.73793746524004,Q1 (0.2-4.7 units),1.6666666666666667
639.1875,Death/delisted too sick,0.11197107575613022,Q1,Lung,NO2,46614,46614,0.19122242089361,4.73793746524004,Q1 (0.2-4.7 units),1.75
639.1875,Transplant,0.8007071953353501,Q1,Lung,NO2,46614,46614,0.19122242089361,4.73793746524004,Q1 (0.2-4.7 units),1.75
669.625,Death/delisted too sick,0.11232734732792729,Q1,Lung,NO2,46614,46614,0.19122242089361,4.73793746524004,Q1 (0.2-4.7 units),1.8333333333333333
669.625,Transplant,0.8042201947400973,Q1,Lung,NO2,46614,46614,0.19122242089361,4.73793746524004,Q1 (0.2-4.7 units),1.8333333333333333
700.0625,Death/delisted too sick,0.11358217502273946,Q1,Lung,NO2,46614,46614,0.19122242089361,4.73793746524004,Q1 (0.2-4.7 units),1.9166666666666667
700.0625,Transplant,0.8076641531013512,Q1,Lung,NO2,46614,46614,0.19122242089361,4.73793746524004,Q1 (0.2-4.7 units),1.9166666666666667
730.5,Death/delisted too sick,0.1146035331280463,Q1,Lung,NO2,46614,46614,0.19122242089361,4.73793746524004,Q1 (0.2-4.7 units),2
730.5,Transplant,0.8107052857019018,Q1,Lung,NO2,46614,46614,0.19122242089361,4.73793746524004,Q1 (0.2-4.7 units),2
760.9375,Death/delisted too sick,0.11564877427523215,Q1,Lung,NO2,46614,46614,0.19122242089361,4.73793746524004,Q1 (0.2-4.7 units),2.0833333333333335
760.9375,Transplant,0.8133804998350913,Q1,Lung,NO2,46614,46614,0.19122242089361,4.73793746524004,Q1 (0.2-4.7 units),2.0833333333333335
791.375,Death/delisted too sick,0.11594437046671277,Q1,Lung,NO2,46614,46614,0.19122242089361,4.73793746524004,Q1 (0.2-4.7 units),2.1666666666666665
791.375,Transplant,0.8149189231059432,Q1,Lung,NO2,46614,46614,0.19122242089361,4.73793746524004,Q1 (0.2-4.7 units),2.1666666666666665
821.8125,Death/delisted too sick,0.11647476666809951,Q1,Lung,NO2,46614,46614,0.19122242089361,4.73793746524004,Q1 (0.2-4.7 units),2.25
821.8125,Transplant,0.8168886377700515,Q1,Lung,NO2,46614,46614,0.19122242089361,4.73793746524004,Q1 (0.2-4.7 units),2.25
852.25,Death/delisted too sick,0.11680212707508121,Q1,Lung,NO2,46614,46614,0.19122242089361,4.73793746524004,Q1 (0.2-4.7 units),2.3333333333333335
852.25,Transplant,0.8185713043243943,Q1,Lung,NO2,46614,46614,0.19122242089361,4.73793746524004,Q1 (0.2-4.7 units),2.3333333333333335
882.6875,Death/delisted too sick,0.11732170394904895,Q1,Lung,NO2,46614,46614,0.19122242089361,4.73793746524004,Q1 (0.2-4.7 units),2.4166666666666665
882.6875,Transplant,0.8248369192065367,Q1,Lung,NO2,46614,46614,0.19122242089361,4.73793746524004,Q1 (0.2-4.7 units),2.4166666666666665
913.125,Death/delisted too sick,0.11754180468346045,Q1,Lung,NO2,46614,46614,0.19122242089361,4.73793746524004,Q1 (0.2-4.7 units),2.5
913.125,Transplant,0.8265917924457484,Q1,Lung,NO2,46614,46614,0.19122242089361,4.73793746524004,Q1 (0.2-4.7 units),2.5
943.5625,Death/delisted too sick,0.1182358976978753,Q1,Lung,NO2,46614,46614,0.19122242089361,4.73793746524004,Q1 (0.2-4.7 units),2.5833333333333335
943.5625,Transplant,0.8277356770857909,Q1,Lung,NO2,46614,46614,0.19122242089361,4.73793746524004,Q1 (0.2-4.7 units),2.5833333333333335
974,Death/delisted too sick,0.1196774013131431,Q1,Lung,NO2,46614,46614,0.19122242089361,4.73793746524004,Q1 (0.2-4.7 units),2.6666666666666665
974,Transplant,0.8290606865614323,Q1,Lung,NO2,46614,46614,0.19122242089361,4.73793746524004,Q1 (0.2-4.7 units),2.6666666666666665
1004.4375,Death/delisted too sick,0.119816525438658,Q1,Lung,NO2,46614,46614,0.19122242089361,4.73793746524004,Q1 (0.2-4.7 units),2.75
1004.4375,Transplant,0.831192072864907,Q1,Lung,NO2,46614,46614,0.19122242089361,4.73793746524004,Q1 (0.2-4.7 units),2.75
1034.875,Death/delisted too sick,0.119816525438658,Q1,Lung,NO2,46614,46614,0.19122242089361,4.73793746524004,Q1 (0.2-4.7 units),2.8333333333333335
1034.875,Transplant,0.8319229410080148,Q1,Lung,NO2,46614,46614,0.19122242089361,4.73793746524004,Q1 (0.2-4.7 units),2.8333333333333335
1065.3125,Death/delisted too sick,0.1200764536091494,Q1,Lung,NO2,46614,46614,0.19122242089361,4.73793746524004,Q1 (0.2-4.7 units),2.9166666666666665
1065.3125,Transplant,0.8328712364154984,Q1,Lung,NO2,46614,46614,0.19122242089361,4.73793746524004,Q1 (0.2-4.7 units),2.9166666666666665
1095.75,Death/delisted too sick,0.1202027655421597,Q1,Lung,NO2,46614,46614,0.19122242089361,4.73793746524004,Q1 (0.2-4.7 units),3
1095.75,Transplant,0.8336512376017412,Q1,Lung,NO2,46614,46614,0.19122242089361,4.73793746524004,Q1 (0.2-4.7 units),3
1126.1875,Death/delisted too sick,0.12058290514539265,Q1,Lung,NO2,46614,46614,0.19122242089361,4.73793746524004,Q1 (0.2-4.7 units),3.0833333333333335
1126.1875,Transplant,0.8343986334220336,Q1,Lung,NO2,46614,46614,0.19122242089361,4.73793746524004,Q1 (0.2-4.7 units),3.0833333333333335
1156.625,Death/delisted too sick,0.1211841333476735,Q1,Lung,NO2,46614,46614,0.19122242089361,4.73793746524004,Q1 (0.2-4.7 units),3.1666666666666665
1156.625,Transplant,0.8355177041631632,Q1,Lung,NO2,46614,46614,0.19122242089361,4.73793746524004,Q1 (0.2-4.7 units),3.1666666666666665
1187.0625,Death/delisted too sick,0.12154485956975378,Q1,Lung,NO2,46614,46614,0.19122242089361,4.73793746524004,Q1 (0.2-4.7 units),3.25
1187.0625,Transplant,0.8355768186430881,Q1,Lung,NO2,46614,46614,0.19122242089361,4.73793746524004,Q1 (0.2-4.7 units),3.25
1217.5,Death/delisted too sick,0.12207176233350615,Q1,Lung,NO2,46614,46614,0.19122242089361,4.73793746524004,Q1 (0.2-4.7 units),3.3333333333333335
1217.5,Transplant,0.8364163937625526,Q1,Lung,NO2,46614,46614,0.19122242089361,4.73793746524004,Q1 (0.2-4.7 units),3.3333333333333335
1247.9375,Death/delisted too sick,0.12218168759682665,Q1,Lung,NO2,46614,46614,0.19122242089361,4.73793746524004,Q1 (0.2-4.7 units),3.4166666666666665
1247.9375,Transplant,0.8370642894573923,Q1,Lung,NO2,46614,46614,0.19122242089361,4.73793746524004,Q1 (0.2-4.7 units),3.4166666666666665
1278.375,Death/delisted too sick,0.12226703879261755,Q1,Lung,NO2,46614,46614,0.19122242089361,4.73793746524004,Q1 (0.2-4.7 units),3.5
1278.375,Transplant,0.8376424992672012,Q1,Lung,NO2,46614,46614,0.19122242089361,4.73793746524004,Q1 (0.2-4.7 units),3.5
1308.8125,Death/delisted too sick,0.12247833046225806,Q1,Lung,NO2,46614,46614,0.19122242089361,4.73793746524004,Q1 (0.2-4.7 units),3.5833333333333335
1308.8125,Transplant,0.839059195101335,Q1,Lung,NO2,46614,46614,0.19122242089361,4.73793746524004,Q1 (0.2-4.7 units),3.5833333333333335
1339.25,Death/delisted too sick,0.12357374350530734,Q1,Lung,NO2,46614,46614,0.19122242089361,4.73793746524004,Q1 (0.2-4.7 units),3.6666666666666665
1339.25,Transplant,0.8415365230270839,Q1,Lung,NO2,46614,46614,0.19122242089361,4.73793746524004,Q1 (0.2-4.7 units),3.6666666666666665
1369.6875,Death/delisted too sick,0.12383889351693317,Q1,Lung,NO2,46614,46614,0.19122242089361,4.73793746524004,Q1 (0.2-4.7 units),3.75
1369.6875,Transplant,0.8420352836664308,Q1,Lung,NO2,46614,46614,0.19122242089361,4.73793746524004,Q1 (0.2-4.7 units),3.75
1400.125,Death/delisted too sick,0.12383889351693317,Q1,Lung,NO2,46614,46614,0.19122242089361,4.73793746524004,Q1 (0.2-4.7 units),3.8333333333333335
1400.125,Transplant,0.8431247341383882,Q1,Lung,NO2,46614,46614,0.19122242089361,4.73793746524004,Q1 (0.2-4.7 units),3.8333333333333335
1430.5625,Death/delisted too sick,0.12383889351693317,Q1,Lung,NO2,46614,46614,0.19122242089361,4.73793746524004,Q1 (0.2-4.7 units),3.9166666666666665
1430.5625,Transplant,0.8445690658246517,Q1,Lung,NO2,46614,46614,0.19122242089361,4.73793746524004,Q1 (0.2-4.7 units),3.9166666666666665
1461,Death/delisted too sick,0.12435508861533973,Q1,Lung,NO2,46614,46614,0.19122242089361,4.73793746524004,Q1 (0.2-4.7 units),4
1461,Transplant,0.8450047830263584,Q1,Lung,NO2,46614,46614,0.19122242089361,4.73793746524004,Q1 (0.2-4.7 units),4
1491.4375,Death/delisted too sick,0.12458484065944833,Q1,Lung,NO2,46614,46614,0.19122242089361,4.73793746524004,Q1 (0.2-4.7 units),4.083333333333333
1491.4375,Transplant,0.8451464023831873,Q1,Lung,NO2,46614,46614,0.19122242089361,4.73793746524004,Q1 (0.2-4.7 units),4.083333333333333
1521.875,Death/delisted too sick,0.12458484065944833,Q1,Lung,NO2,46614,46614,0.19122242089361,4.73793746524004,Q1 (0.2-4.7 units),4.166666666666667
1521.875,Transplant,0.8451464023831873,Q1,Lung,NO2,46614,46614,0.19122242089361,4.73793746524004,Q1 (0.2-4.7 units),4.166666666666667
1552.3125,Death/delisted too sick,0.12577470874635777,Q1,Lung,NO2,46614,46614,0.19122242089361,4.73793746524004,Q1 (0.2-4.7 units),4.25
1552.3125,Transplant,0.8452084297292363,Q1,Lung,NO2,46614,46614,0.19122242089361,4.73793746524004,Q1 (0.2-4.7 units),4.25
1582.75,Death/delisted too sick,0.12592661605100935,Q1,Lung,NO2,46614,46614,0.19122242089361,4.73793746524004,Q1 (0.2-4.7 units),4.333333333333333
1582.75,Transplant,0.8456820940515489,Q1,Lung,NO2,46614,46614,0.19122242089361,4.73793746524004,Q1 (0.2-4.7 units),4.333333333333333
1613.1875,Death/delisted too sick,0.12629500880476852,Q1,Lung,NO2,46614,46614,0.19122242089361,4.73793746524004,Q1 (0.2-4.7 units),4.416666666666667
1613.1875,Transplant,0.8466006029843419,Q1,Lung,NO2,46614,46614,0.19122242089361,4.73793746524004,Q1 (0.2-4.7 units),4.416666666666667
1643.625,Death/delisted too sick,0.12629500880476852,Q1,Lung,NO2,46614,46614,0.19122242089361,4.73793746524004,Q1 (0.2-4.7 units),4.5
1643.625,Transplant,0.8471587631864429,Q1,Lung,NO2,46614,46614,0.19122242089361,4.73793746524004,Q1 (0.2-4.7 units),4.5
1674.0625,Death/delisted too sick,0.12629500880476852,Q1,Lung,NO2,46614,46614,0.19122242089361,4.73793746524004,Q1 (0.2-4.7 units),4.583333333333333
1674.0625,Transplant,0.8472715258450364,Q1,Lung,NO2,46614,46614,0.19122242089361,4.73793746524004,Q1 (0.2-4.7 units),4.583333333333333
1704.5,Death/delisted too sick,0.12736373422451916,Q1,Lung,NO2,46614,46614,0.19122242089361,4.73793746524004,Q1 (0.2-4.7 units),4.666666666666667
1704.5,Transplant,0.8473931001545417,Q1,Lung,NO2,46614,46614,0.19122242089361,4.73793746524004,Q1 (0.2-4.7 units),4.666666666666667
1734.9375,Death/delisted too sick,0.12736373422451916,Q1,Lung,NO2,46614,46614,0.19122242089361,4.73793746524004,Q1 (0.2-4.7 units),4.75
1734.9375,Transplant,0.8495873408179366,Q1,Lung,NO2,46614,46614,0.19122242089361,4.73793746524004,Q1 (0.2-4.7 units),4.75
1765.375,Death/delisted too sick,0.12736373422451916,Q1,Lung,NO2,46614,46614,0.19122242089361,4.73793746524004,Q1 (0.2-4.7 units),4.833333333333333
1765.375,Transplant,0.8497537067709183,Q1,Lung,NO2,46614,46614,0.19122242089361,4.73793746524004,Q1 (0.2-4.7 units),4.833333333333333
1795.8125,Death/delisted too sick,0.12736373422451916,Q1,Lung,NO2,46614,46614,0.19122242089361,4.73793746524004,Q1 (0.2-4.7 units),4.916666666666667
1795.8125,Transplant,0.8497537067709183,Q1,Lung,NO2,46614,46614,0.19122242089361,4.73793746524004,Q1 (0.2-4.7 units),4.916666666666667
1826.25,Death/delisted too sick,0.12736373422451916,Q1,Lung,NO2,46614,46614,0.19122242089361,4.73793746524004,Q1 (0.2-4.7 units),5
1826.25,Transplant,0.850183433497555,Q1,Lung,NO2,46614,46614,0.19122242089361,4.73793746524004,Q1 (0.2-4.7 units),5
0,Death/delisted too sick,0,Q2,Lung,NO2,46614,46614,4.73855557161219,7.42914925199567,Q2 (4.7-7.4 units),0
0,Transplant,0,Q2,Lung,NO2,46614,46614,4.73855557161219,7.42914925199567,Q2 (4.7-7.4 units),0
30.4375,Death/delisted too sick,0.03807821734948482,Q2,Lung,NO2,46614,46614,4.73855557161219,7.42914925199567,Q2 (4.7-7.4 units),0.08333333333333333
30.4375,Transplant,0.33861160816251634,Q2,Lung,NO2,46614,46614,4.73855557161219,7.42914925199567,Q2 (4.7-7.4 units),0.08333333333333333
60.875,Death/delisted too sick,0.055091533251827765,Q2,Lung,NO2,46614,46614,4.73855557161219,7.42914925199567,Q2 (4.7-7.4 units),0.16666666666666666
60.875,Transplant,0.4599631657295064,Q2,Lung,NO2,46614,46614,4.73855557161219,7.42914925199567,Q2 (4.7-7.4 units),0.16666666666666666
91.3125,Death/delisted too sick,0.06399244654194058,Q2,Lung,NO2,46614,46614,4.73855557161219,7.42914925199567,Q2 (4.7-7.4 units),0.25
91.3125,Transplant,0.5413061775055107,Q2,Lung,NO2,46614,46614,4.73855557161219,7.42914925199567,Q2 (4.7-7.4 units),0.25
121.75,Death/delisted too sick,0.07145279917506352,Q2,Lung,NO2,46614,46614,4.73855557161219,7.42914925199567,Q2 (4.7-7.4 units),0.3333333333333333
121.75,Transplant,0.5857211039512227,Q2,Lung,NO2,46614,46614,4.73855557161219,7.42914925199567,Q2 (4.7-7.4 units),0.3333333333333333
152.1875,Death/delisted too sick,0.07727976415829665,Q2,Lung,NO2,46614,46614,4.73855557161219,7.42914925199567,Q2 (4.7-7.4 units),0.4166666666666667
152.1875,Transplant,0.6211809987476552,Q2,Lung,NO2,46614,46614,4.73855557161219,7.42914925199567,Q2 (4.7-7.4 units),0.4166666666666667
182.625,Death/delisted too sick,0.08129827812578783,Q2,Lung,NO2,46614,46614,4.73855557161219,7.42914925199567,Q2 (4.7-7.4 units),0.5
182.625,Transplant,0.6517086989150076,Q2,Lung,NO2,46614,46614,4.73855557161219,7.42914925199567,Q2 (4.7-7.4 units),0.5
213.0625,Death/delisted too sick,0.08690613709945766,Q2,Lung,NO2,46614,46614,4.73855557161219,7.42914925199567,Q2 (4.7-7.4 units),0.5833333333333334
213.0625,Transplant,0.6790311478079665,Q2,Lung,NO2,46614,46614,4.73855557161219,7.42914925199567,Q2 (4.7-7.4 units),0.5833333333333334
243.5,Death/delisted too sick,0.08977774462447542,Q2,Lung,NO2,46614,46614,4.73855557161219,7.42914925199567,Q2 (4.7-7.4 units),0.6666666666666666
243.5,Transplant,0.6995237641631238,Q2,Lung,NO2,46614,46614,4.73855557161219,7.42914925199567,Q2 (4.7-7.4 units),0.6666666666666666
273.9375,Death/delisted too sick,0.09347638244839421,Q2,Lung,NO2,46614,46614,4.73855557161219,7.42914925199567,Q2 (4.7-7.4 units),0.75
273.9375,Transplant,0.7163428635070616,Q2,Lung,NO2,46614,46614,4.73855557161219,7.42914925199567,Q2 (4.7-7.4 units),0.75
304.375,Death/delisted too sick,0.09653204585885897,Q2,Lung,NO2,46614,46614,4.73855557161219,7.42914925199567,Q2 (4.7-7.4 units),0.8333333333333334
304.375,Transplant,0.7302897761941403,Q2,Lung,NO2,46614,46614,4.73855557161219,7.42914925199567,Q2 (4.7-7.4 units),0.8333333333333334
334.8125,Death/delisted too sick,0.09957780626458877,Q2,Lung,NO2,46614,46614,4.73855557161219,7.42914925199567,Q2 (4.7-7.4 units),0.9166666666666666
334.8125,Transplant,0.7410341136529585,Q2,Lung,NO2,46614,46614,4.73855557161219,7.42914925199567,Q2 (4.7-7.4 units),0.9166666666666666
365.25,Death/delisted too sick,0.10070071958604467,Q2,Lung,NO2,46614,46614,4.73855557161219,7.42914925199567,Q2 (4.7-7.4 units),1
365.25,Transplant,0.7521404546786896,Q2,Lung,NO2,46614,46614,4.73855557161219,7.42914925199567,Q2 (4.7-7.4 units),1
395.6875,Death/delisted too sick,0.10196105365183651,Q2,Lung,NO2,46614,46614,4.73855557161219,7.42914925199567,Q2 (4.7-7.4 units),1.0833333333333333
395.6875,Transplant,0.7609049150905797,Q2,Lung,NO2,46614,46614,4.73855557161219,7.42914925199567,Q2 (4.7-7.4 units),1.0833333333333333
426.125,Death/delisted too sick,0.10379084677001729,Q2,Lung,NO2,46614,46614,4.73855557161219,7.42914925199567,Q2 (4.7-7.4 units),1.1666666666666667
426.125,Transplant,0.7699491928107178,Q2,Lung,NO2,46614,46614,4.73855557161219,7.42914925199567,Q2 (4.7-7.4 units),1.1666666666666667
456.5625,Death/delisted too sick,0.10562335629592705,Q2,Lung,NO2,46614,46614,4.73855557161219,7.42914925199567,Q2 (4.7-7.4 units),1.25
456.5625,Transplant,0.7769206028857581,Q2,Lung,NO2,46614,46614,4.73855557161219,7.42914925199567,Q2 (4.7-7.4 units),1.25
487,Death/delisted too sick,0.10652053019190483,Q2,Lung,NO2,46614,46614,4.73855557161219,7.42914925199567,Q2 (4.7-7.4 units),1.3333333333333333
487,Transplant,0.7846673607196663,Q2,Lung,NO2,46614,46614,4.73855557161219,7.42914925199567,Q2 (4.7-7.4 units),1.3333333333333333
517.4375,Death/delisted too sick,0.10774496926207229,Q2,Lung,NO2,46614,46614,4.73855557161219,7.42914925199567,Q2 (4.7-7.4 units),1.4166666666666667
517.4375,Transplant,0.7884744511953132,Q2,Lung,NO2,46614,46614,4.73855557161219,7.42914925199567,Q2 (4.7-7.4 units),1.4166666666666667
547.875,Death/delisted too sick,0.1087922509121497,Q2,Lung,NO2,46614,46614,4.73855557161219,7.42914925199567,Q2 (4.7-7.4 units),1.5
547.875,Transplant,0.795868402986944,Q2,Lung,NO2,46614,46614,4.73855557161219,7.42914925199567,Q2 (4.7-7.4 units),1.5
578.3125,Death/delisted too sick,0.10996947559932217,Q2,Lung,NO2,46614,46614,4.73855557161219,7.42914925199567,Q2 (4.7-7.4 units),1.5833333333333333
578.3125,Transplant,0.8009984198682027,Q2,Lung,NO2,46614,46614,4.73855557161219,7.42914925199567,Q2 (4.7-7.4 units),1.5833333333333333
608.75,Death/delisted too sick,0.11110133369898473,Q2,Lung,NO2,46614,46614,4.73855557161219,7.42914925199567,Q2 (4.7-7.4 units),1.6666666666666667
608.75,Transplant,0.8035701276409661,Q2,Lung,NO2,46614,46614,4.73855557161219,7.42914925199567,Q2 (4.7-7.4 units),1.6666666666666667
639.1875,Death/delisted too sick,0.11179055904451882,Q2,Lung,NO2,46614,46614,4.73855557161219,7.42914925199567,Q2 (4.7-7.4 units),1.75
639.1875,Transplant,0.8073502275085801,Q2,Lung,NO2,46614,46614,4.73855557161219,7.42914925199567,Q2 (4.7-7.4 units),1.75
669.625,Death/delisted too sick,0.11284604400135838,Q2,Lung,NO2,46614,46614,4.73855557161219,7.42914925199567,Q2 (4.7-7.4 units),1.8333333333333333
669.625,Transplant,0.8105490943814616,Q2,Lung,NO2,46614,46614,4.73855557161219,7.42914925199567,Q2 (4.7-7.4 units),1.8333333333333333
700.0625,Death/delisted too sick,0.11400104630380323,Q2,Lung,NO2,46614,46614,4.73855557161219,7.42914925199567,Q2 (4.7-7.4 units),1.9166666666666667
700.0625,Transplant,0.8141155525321951,Q2,Lung,NO2,46614,46614,4.73855557161219,7.42914925199567,Q2 (4.7-7.4 units),1.9166666666666667
730.5,Death/delisted too sick,0.11522421601164848,Q2,Lung,NO2,46614,46614,4.73855557161219,7.42914925199567,Q2 (4.7-7.4 units),2
730.5,Transplant,0.816963290850971,Q2,Lung,NO2,46614,46614,4.73855557161219,7.42914925199567,Q2 (4.7-7.4 units),2
760.9375,Death/delisted too sick,0.1160018680740156,Q2,Lung,NO2,46614,46614,4.73855557161219,7.42914925199567,Q2 (4.7-7.4 units),2.0833333333333335
760.9375,Transplant,0.8194343526248147,Q2,Lung,NO2,46614,46614,4.73855557161219,7.42914925199567,Q2 (4.7-7.4 units),2.0833333333333335
791.375,Death/delisted too sick,0.11696669856330714,Q2,Lung,NO2,46614,46614,4.73855557161219,7.42914925199567,Q2 (4.7-7.4 units),2.1666666666666665
791.375,Transplant,0.8214870522902458,Q2,Lung,NO2,46614,46614,4.73855557161219,7.42914925199567,Q2 (4.7-7.4 units),2.1666666666666665
821.8125,Death/delisted too sick,0.11745174965911545,Q2,Lung,NO2,46614,46614,4.73855557161219,7.42914925199567,Q2 (4.7-7.4 units),2.25
821.8125,Transplant,0.8245547224857054,Q2,Lung,NO2,46614,46614,4.73855557161219,7.42914925199567,Q2 (4.7-7.4 units),2.25
852.25,Death/delisted too sick,0.11827361801162325,Q2,Lung,NO2,46614,46614,4.73855557161219,7.42914925199567,Q2 (4.7-7.4 units),2.3333333333333335
852.25,Transplant,0.8262443718927928,Q2,Lung,NO2,46614,46614,4.73855557161219,7.42914925199567,Q2 (4.7-7.4 units),2.3333333333333335
882.6875,Death/delisted too sick,0.11879390384589053,Q2,Lung,NO2,46614,46614,4.73855557161219,7.42914925199567,Q2 (4.7-7.4 units),2.4166666666666665
882.6875,Transplant,0.8285778700822453,Q2,Lung,NO2,46614,46614,4.73855557161219,7.42914925199567,Q2 (4.7-7.4 units),2.4166666666666665
913.125,Death/delisted too sick,0.11949755608433583,Q2,Lung,NO2,46614,46614,4.73855557161219,7.42914925199567,Q2 (4.7-7.4 units),2.5
913.125,Transplant,0.8306878762198328,Q2,Lung,NO2,46614,46614,4.73855557161219,7.42914925199567,Q2 (4.7-7.4 units),2.5
943.5625,Death/delisted too sick,0.11991852854469065,Q2,Lung,NO2,46614,46614,4.73855557161219,7.42914925199567,Q2 (4.7-7.4 units),2.5833333333333335
943.5625,Transplant,0.8325070906145253,Q2,Lung,NO2,46614,46614,4.73855557161219,7.42914925199567,Q2 (4.7-7.4 units),2.5833333333333335
974,Death/delisted too sick,0.12058678686815892,Q2,Lung,NO2,46614,46614,4.73855557161219,7.42914925199567,Q2 (4.7-7.4 units),2.6666666666666665
974,Transplant,0.8345073448939051,Q2,Lung,NO2,46614,46614,4.73855557161219,7.42914925199567,Q2 (4.7-7.4 units),2.6666666666666665
1004.4375,Death/delisted too sick,0.12137318123757017,Q2,Lung,NO2,46614,46614,4.73855557161219,7.42914925199567,Q2 (4.7-7.4 units),2.75
1004.4375,Transplant,0.8358811118642302,Q2,Lung,NO2,46614,46614,4.73855557161219,7.42914925199567,Q2 (4.7-7.4 units),2.75
1034.875,Death/delisted too sick,0.12193668438656488,Q2,Lung,NO2,46614,46614,4.73855557161219,7.42914925199567,Q2 (4.7-7.4 units),2.8333333333333335
1034.875,Transplant,0.8369386050346486,Q2,Lung,NO2,46614,46614,4.73855557161219,7.42914925199567,Q2 (4.7-7.4 units),2.8333333333333335
1065.3125,Death/delisted too sick,0.12214065055691826,Q2,Lung,NO2,46614,46614,4.73855557161219,7.42914925199567,Q2 (4.7-7.4 units),2.9166666666666665
1065.3125,Transplant,0.8377199837359397,Q2,Lung,NO2,46614,46614,4.73855557161219,7.42914925199567,Q2 (4.7-7.4 units),2.9166666666666665
1095.75,Death/delisted too sick,0.12277644419422581,Q2,Lung,NO2,46614,46614,4.73855557161219,7.42914925199567,Q2 (4.7-7.4 units),3
1095.75,Transplant,0.8391126835945185,Q2,Lung,NO2,46614,46614,4.73855557161219,7.42914925199567,Q2 (4.7-7.4 units),3
1126.1875,Death/delisted too sick,0.12312435199474549,Q2,Lung,NO2,46614,46614,4.73855557161219,7.42914925199567,Q2 (4.7-7.4 units),3.0833333333333335
1126.1875,Transplant,0.840560341226261,Q2,Lung,NO2,46614,46614,4.73855557161219,7.42914925199567,Q2 (4.7-7.4 units),3.0833333333333335
1156.625,Death/delisted too sick,0.12321648409859881,Q2,Lung,NO2,46614,46614,4.73855557161219,7.42914925199567,Q2 (4.7-7.4 units),3.1666666666666665
1156.625,Transplant,0.841315415051799,Q2,Lung,NO2,46614,46614,4.73855557161219,7.42914925199567,Q2 (4.7-7.4 units),3.1666666666666665
1187.0625,Death/delisted too sick,0.12375813967339251,Q2,Lung,NO2,46614,46614,4.73855557161219,7.42914925199567,Q2 (4.7-7.4 units),3.25
1187.0625,Transplant,0.8425415750178092,Q2,Lung,NO2,46614,46614,4.73855557161219,7.42914925199567,Q2 (4.7-7.4 units),3.25
1217.5,Death/delisted too sick,0.12447232335414951,Q2,Lung,NO2,46614,46614,4.73855557161219,7.42914925199567,Q2 (4.7-7.4 units),3.3333333333333335
1217.5,Transplant,0.8433762001691554,Q2,Lung,NO2,46614,46614,4.73855557161219,7.42914925199567,Q2 (4.7-7.4 units),3.3333333333333335
1247.9375,Death/delisted too sick,0.1248535846966713,Q2,Lung,NO2,46614,46614,4.73855557161219,7.42914925199567,Q2 (4.7-7.4 units),3.4166666666666665
1247.9375,Transplant,0.8441570756449278,Q2,Lung,NO2,46614,46614,4.73855557161219,7.42914925199567,Q2 (4.7-7.4 units),3.4166666666666665
1278.375,Death/delisted too sick,0.12525028656191695,Q2,Lung,NO2,46614,46614,4.73855557161219,7.42914925199567,Q2 (4.7-7.4 units),3.5
1278.375,Transplant,0.8452615768448791,Q2,Lung,NO2,46614,46614,4.73855557161219,7.42914925199567,Q2 (4.7-7.4 units),3.5
1308.8125,Death/delisted too sick,0.12647891422139065,Q2,Lung,NO2,46614,46614,4.73855557161219,7.42914925199567,Q2 (4.7-7.4 units),3.5833333333333335
1308.8125,Transplant,0.8458892389059196,Q2,Lung,NO2,46614,46614,4.73855557161219,7.42914925199567,Q2 (4.7-7.4 units),3.5833333333333335
1339.25,Death/delisted too sick,0.1271911959155082,Q2,Lung,NO2,46614,46614,4.73855557161219,7.42914925199567,Q2 (4.7-7.4 units),3.6666666666666665
1339.25,Transplant,0.8464689785901091,Q2,Lung,NO2,46614,46614,4.73855557161219,7.42914925199567,Q2 (4.7-7.4 units),3.6666666666666665
1369.6875,Death/delisted too sick,0.1276084918353223,Q2,Lung,NO2,46614,46614,4.73855557161219,7.42914925199567,Q2 (4.7-7.4 units),3.75
1369.6875,Transplant,0.846753025950918,Q2,Lung,NO2,46614,46614,4.73855557161219,7.42914925199567,Q2 (4.7-7.4 units),3.75
1400.125,Death/delisted too sick,0.1276084918353223,Q2,Lung,NO2,46614,46614,4.73855557161219,7.42914925199567,Q2 (4.7-7.4 units),3.8333333333333335
1400.125,Transplant,0.8473217046220674,Q2,Lung,NO2,46614,46614,4.73855557161219,7.42914925199567,Q2 (4.7-7.4 units),3.8333333333333335
1430.5625,Death/delisted too sick,0.12794377643447116,Q2,Lung,NO2,46614,46614,4.73855557161219,7.42914925199567,Q2 (4.7-7.4 units),3.9166666666666665
1430.5625,Transplant,0.8476653626972391,Q2,Lung,NO2,46614,46614,4.73855557161219,7.42914925199567,Q2 (4.7-7.4 units),3.9166666666666665
1461,Death/delisted too sick,0.12858076750025624,Q2,Lung,NO2,46614,46614,4.73855557161219,7.42914925199567,Q2 (4.7-7.4 units),4
1461,Transplant,0.8482127377474523,Q2,Lung,NO2,46614,46614,4.73855557161219,7.42914925199567,Q2 (4.7-7.4 units),4
1491.4375,Death/delisted too sick,0.12873419816068415,Q2,Lung,NO2,46614,46614,4.73855557161219,7.42914925199567,Q2 (4.7-7.4 units),4.083333333333333
1491.4375,Transplant,0.8483462796258651,Q2,Lung,NO2,46614,46614,4.73855557161219,7.42914925199567,Q2 (4.7-7.4 units),4.083333333333333
1521.875,Death/delisted too sick,0.12886231704338952,Q2,Lung,NO2,46614,46614,4.73855557161219,7.42914925199567,Q2 (4.7-7.4 units),4.166666666666667
1521.875,Transplant,0.8487137898337587,Q2,Lung,NO2,46614,46614,4.73855557161219,7.42914925199567,Q2 (4.7-7.4 units),4.166666666666667
1552.3125,Death/delisted too sick,0.12961831485886263,Q2,Lung,NO2,46614,46614,4.73855557161219,7.42914925199567,Q2 (4.7-7.4 units),4.25
1552.3125,Transplant,0.8495431664899137,Q2,Lung,NO2,46614,46614,4.73855557161219,7.42914925199567,Q2 (4.7-7.4 units),4.25
1582.75,Death/delisted too sick,0.12961831485886263,Q2,Lung,NO2,46614,46614,4.73855557161219,7.42914925199567,Q2 (4.7-7.4 units),4.333333333333333
1582.75,Transplant,0.8503903013216259,Q2,Lung,NO2,46614,46614,4.73855557161219,7.42914925199567,Q2 (4.7-7.4 units),4.333333333333333
1613.1875,Death/delisted too sick,0.12961831485886263,Q2,Lung,NO2,46614,46614,4.73855557161219,7.42914925199567,Q2 (4.7-7.4 units),4.416666666666667
1613.1875,Transplant,0.8509232591793375,Q2,Lung,NO2,46614,46614,4.73855557161219,7.42914925199567,Q2 (4.7-7.4 units),4.416666666666667
1643.625,Death/delisted too sick,0.12974299238883316,Q2,Lung,NO2,46614,46614,4.73855557161219,7.42914925199567,Q2 (4.7-7.4 units),4.5
1643.625,Transplant,0.8510694101020906,Q2,Lung,NO2,46614,46614,4.73855557161219,7.42914925199567,Q2 (4.7-7.4 units),4.5
1674.0625,Death/delisted too sick,0.12988003090930914,Q2,Lung,NO2,46614,46614,4.73855557161219,7.42914925199567,Q2 (4.7-7.4 units),4.583333333333333
1674.0625,Transplant,0.8515218223058081,Q2,Lung,NO2,46614,46614,4.73855557161219,7.42914925199567,Q2 (4.7-7.4 units),4.583333333333333
1704.5,Death/delisted too sick,0.13068399874021883,Q2,Lung,NO2,46614,46614,4.73855557161219,7.42914925199567,Q2 (4.7-7.4 units),4.666666666666667
1704.5,Transplant,0.851809011845623,Q2,Lung,NO2,46614,46614,4.73855557161219,7.42914925199567,Q2 (4.7-7.4 units),4.666666666666667
1734.9375,Death/delisted too sick,0.13068399874021883,Q2,Lung,NO2,46614,46614,4.73855557161219,7.42914925199567,Q2 (4.7-7.4 units),4.75
1734.9375,Transplant,0.8519690613133393,Q2,Lung,NO2,46614,46614,4.73855557161219,7.42914925199567,Q2 (4.7-7.4 units),4.75
1765.375,Death/delisted too sick,0.13068399874021883,Q2,Lung,NO2,46614,46614,4.73855557161219,7.42914925199567,Q2 (4.7-7.4 units),4.833333333333333
1765.375,Transplant,0.8526982664659117,Q2,Lung,NO2,46614,46614,4.73855557161219,7.42914925199567,Q2 (4.7-7.4 units),4.833333333333333
1795.8125,Death/delisted too sick,0.13068399874021883,Q2,Lung,NO2,46614,46614,4.73855557161219,7.42914925199567,Q2 (4.7-7.4 units),4.916666666666667
1795.8125,Transplant,0.8529124317597216,Q2,Lung,NO2,46614,46614,4.73855557161219,7.42914925199567,Q2 (4.7-7.4 units),4.916666666666667
1826.25,Death/delisted too sick,0.1310222998203998,Q2,Lung,NO2,46614,46614,4.73855557161219,7.42914925199567,Q2 (4.7-7.4 units),5
1826.25,Transplant,0.8543325453805344,Q2,Lung,NO2,46614,46614,4.73855557161219,7.42914925199567,Q2 (4.7-7.4 units),5
0,Death/delisted too sick,0,Q3,Lung,NO2,46614,46614,7.42953676569093,11.363843119586,Q3 (7.4-11.4 units),0
0,Transplant,0,Q3,Lung,NO2,46614,46614,7.42953676569093,11.363843119586,Q3 (7.4-11.4 units),0
30.4375,Death/delisted too sick,0.0396188239883101,Q3,Lung,NO2,46614,46614,7.42953676569093,11.363843119586,Q3 (7.4-11.4 units),0.08333333333333333
30.4375,Transplant,0.32242287462571184,Q3,Lung,NO2,46614,46614,7.42953676569093,11.363843119586,Q3 (7.4-11.4 units),0.08333333333333333
60.875,Death/delisted too sick,0.05328177127458196,Q3,Lung,NO2,46614,46614,7.42953676569093,11.363843119586,Q3 (7.4-11.4 units),0.16666666666666666
60.875,Transplant,0.44254450379608556,Q3,Lung,NO2,46614,46614,7.42953676569093,11.363843119586,Q3 (7.4-11.4 units),0.16666666666666666
91.3125,Death/delisted too sick,0.06264219083811565,Q3,Lung,NO2,46614,46614,7.42953676569093,11.363843119586,Q3 (7.4-11.4 units),0.25
91.3125,Transplant,0.5200942093451211,Q3,Lung,NO2,46614,46614,7.42953676569093,11.363843119586,Q3 (7.4-11.4 units),0.25
121.75,Death/delisted too sick,0.06930723631877928,Q3,Lung,NO2,46614,46614,7.42953676569093,11.363843119586,Q3 (7.4-11.4 units),0.3333333333333333
121.75,Transplant,0.5745541857580099,Q3,Lung,NO2,46614,46614,7.42953676569093,11.363843119586,Q3 (7.4-11.4 units),0.3333333333333333
152.1875,Death/delisted too sick,0.07524367418496085,Q3,Lung,NO2,46614,46614,7.42953676569093,11.363843119586,Q3 (7.4-11.4 units),0.4166666666666667
152.1875,Transplant,0.6113859469494758,Q3,Lung,NO2,46614,46614,7.42953676569093,11.363843119586,Q3 (7.4-11.4 units),0.4166666666666667
182.625,Death/delisted too sick,0.07916066973747454,Q3,Lung,NO2,46614,46614,7.42953676569093,11.363843119586,Q3 (7.4-11.4 units),0.5
182.625,Transplant,0.64199026599177,Q3,Lung,NO2,46614,46614,7.42953676569093,11.363843119586,Q3 (7.4-11.4 units),0.5
213.0625,Death/delisted too sick,0.08404890043230723,Q3,Lung,NO2,46614,46614,7.42953676569093,11.363843119586,Q3 (7.4-11.4 units),0.5833333333333334
213.0625,Transplant,0.6655944008849249,Q3,Lung,NO2,46614,46614,7.42953676569093,11.363843119586,Q3 (7.4-11.4 units),0.5833333333333334
243.5,Death/delisted too sick,0.0874419018786959,Q3,Lung,NO2,46614,46614,7.42953676569093,11.363843119586,Q3 (7.4-11.4 units),0.6666666666666666
243.5,Transplant,0.6858859184545997,Q3,Lung,NO2,46614,46614,7.42953676569093,11.363843119586,Q3 (7.4-11.4 units),0.6666666666666666
273.9375,Death/delisted too sick,0.0902719106365363,Q3,Lung,NO2,46614,46614,7.42953676569093,11.363843119586,Q3 (7.4-11.4 units),0.75
273.9375,Transplant,0.7024571011964571,Q3,Lung,NO2,46614,46614,7.42953676569093,11.363843119586,Q3 (7.4-11.4 units),0.75
304.375,Death/delisted too sick,0.09299500183489183,Q3,Lung,NO2,46614,46614,7.42953676569093,11.363843119586,Q3 (7.4-11.4 units),0.8333333333333334
304.375,Transplant,0.7177685932154807,Q3,Lung,NO2,46614,46614,7.42953676569093,11.363843119586,Q3 (7.4-11.4 units),0.8333333333333334
334.8125,Death/delisted too sick,0.09510042360780332,Q3,Lung,NO2,46614,46614,7.42953676569093,11.363843119586,Q3 (7.4-11.4 units),0.9166666666666666
334.8125,Transplant,0.7304104080289906,Q3,Lung,NO2,46614,46614,7.42953676569093,11.363843119586,Q3 (7.4-11.4 units),0.9166666666666666
365.25,Death/delisted too sick,0.09779065579197072,Q3,Lung,NO2,46614,46614,7.42953676569093,11.363843119586,Q3 (7.4-11.4 units),1
365.25,Transplant,0.7391332884992146,Q3,Lung,NO2,46614,46614,7.42953676569093,11.363843119586,Q3 (7.4-11.4 units),1
395.6875,Death/delisted too sick,0.10044322231933471,Q3,Lung,NO2,46614,46614,7.42953676569093,11.363843119586,Q3 (7.4-11.4 units),1.0833333333333333
395.6875,Transplant,0.7489156899122479,Q3,Lung,NO2,46614,46614,7.42953676569093,11.363843119586,Q3 (7.4-11.4 units),1.0833333333333333
426.125,Death/delisted too sick,0.10277938179533332,Q3,Lung,NO2,46614,46614,7.42953676569093,11.363843119586,Q3 (7.4-11.4 units),1.1666666666666667
426.125,Transplant,0.7548909833156281,Q3,Lung,NO2,46614,46614,7.42953676569093,11.363843119586,Q3 (7.4-11.4 units),1.1666666666666667
456.5625,Death/delisted too sick,0.10373469547957294,Q3,Lung,NO2,46614,46614,7.42953676569093,11.363843119586,Q3 (7.4-11.4 units),1.25
456.5625,Transplant,0.7618417913112508,Q3,Lung,NO2,46614,46614,7.42953676569093,11.363843119586,Q3 (7.4-11.4 units),1.25
487,Death/delisted too sick,0.10465741338031835,Q3,Lung,NO2,46614,46614,7.42953676569093,11.363843119586,Q3 (7.4-11.4 units),1.3333333333333333
487,Transplant,0.7681578716387771,Q3,Lung,NO2,46614,46614,7.42953676569093,11.363843119586,Q3 (7.4-11.4 units),1.3333333333333333
517.4375,Death/delisted too sick,0.10636130298298815,Q3,Lung,NO2,46614,46614,7.42953676569093,11.363843119586,Q3 (7.4-11.4 units),1.4166666666666667
517.4375,Transplant,0.773519051439317,Q3,Lung,NO2,46614,46614,7.42953676569093,11.363843119586,Q3 (7.4-11.4 units),1.4166666666666667
547.875,Death/delisted too sick,0.10743383782051022,Q3,Lung,NO2,46614,46614,7.42953676569093,11.363843119586,Q3 (7.4-11.4 units),1.5
547.875,Transplant,0.7778726922478352,Q3,Lung,NO2,46614,46614,7.42953676569093,11.363843119586,Q3 (7.4-11.4 units),1.5
578.3125,Death/delisted too sick,0.10841369411531883,Q3,Lung,NO2,46614,46614,7.42953676569093,11.363843119586,Q3 (7.4-11.4 units),1.5833333333333333
578.3125,Transplant,0.7830924218541221,Q3,Lung,NO2,46614,46614,7.42953676569093,11.363843119586,Q3 (7.4-11.4 units),1.5833333333333333
608.75,Death/delisted too sick,0.10929834524741064,Q3,Lung,NO2,46614,46614,7.42953676569093,11.363843119586,Q3 (7.4-11.4 units),1.6666666666666667
608.75,Transplant,0.7889909579174211,Q3,Lung,NO2,46614,46614,7.42953676569093,11.363843119586,Q3 (7.4-11.4 units),1.6666666666666667
639.1875,Death/delisted too sick,0.11120748122374817,Q3,Lung,NO2,46614,46614,7.42953676569093,11.363843119586,Q3 (7.4-11.4 units),1.75
639.1875,Transplant,0.7935181742517995,Q3,Lung,NO2,46614,46614,7.42953676569093,11.363843119586,Q3 (7.4-11.4 units),1.75
669.625,Death/delisted too sick,0.11217777470590057,Q3,Lung,NO2,46614,46614,7.42953676569093,11.363843119586,Q3 (7.4-11.4 units),1.8333333333333333
669.625,Transplant,0.797070778311598,Q3,Lung,NO2,46614,46614,7.42953676569093,11.363843119586,Q3 (7.4-11.4 units),1.8333333333333333
700.0625,Death/delisted too sick,0.11404077263501225,Q3,Lung,NO2,46614,46614,7.42953676569093,11.363843119586,Q3 (7.4-11.4 units),1.9166666666666667
700.0625,Transplant,0.79975734353367,Q3,Lung,NO2,46614,46614,7.42953676569093,11.363843119586,Q3 (7.4-11.4 units),1.9166666666666667
730.5,Death/delisted too sick,0.11525657216622615,Q3,Lung,NO2,46614,46614,7.42953676569093,11.363843119586,Q3 (7.4-11.4 units),2
730.5,Transplant,0.8032304584435946,Q3,Lung,NO2,46614,46614,7.42953676569093,11.363843119586,Q3 (7.4-11.4 units),2
760.9375,Death/delisted too sick,0.11565610235372616,Q3,Lung,NO2,46614,46614,7.42953676569093,11.363843119586,Q3 (7.4-11.4 units),2.0833333333333335
760.9375,Transplant,0.8066729384325747,Q3,Lung,NO2,46614,46614,7.42953676569093,11.363843119586,Q3 (7.4-11.4 units),2.0833333333333335
791.375,Death/delisted too sick,0.11657521998799343,Q3,Lung,NO2,46614,46614,7.42953676569093,11.363843119586,Q3 (7.4-11.4 units),2.1666666666666665
791.375,Transplant,0.8106961370596025,Q3,Lung,NO2,46614,46614,7.42953676569093,11.363843119586,Q3 (7.4-11.4 units),2.1666666666666665
821.8125,Death/delisted too sick,0.11746676656795321,Q3,Lung,NO2,46614,46614,7.42953676569093,11.363843119586,Q3 (7.4-11.4 units),2.25
821.8125,Transplant,0.8134698775249242,Q3,Lung,NO2,46614,46614,7.42953676569093,11.363843119586,Q3 (7.4-11.4 units),2.25
852.25,Death/delisted too sick,0.11844292095338609,Q3,Lung,NO2,46614,46614,7.42953676569093,11.363843119586,Q3 (7.4-11.4 units),2.3333333333333335
852.25,Transplant,0.815166091141152,Q3,Lung,NO2,46614,46614,7.42953676569093,11.363843119586,Q3 (7.4-11.4 units),2.3333333333333335
882.6875,Death/delisted too sick,0.11948264954405878,Q3,Lung,NO2,46614,46614,7.42953676569093,11.363843119586,Q3 (7.4-11.4 units),2.4166666666666665
882.6875,Transplant,0.8181334301923835,Q3,Lung,NO2,46614,46614,7.42953676569093,11.363843119586,Q3 (7.4-11.4 units),2.4166666666666665
913.125,Death/delisted too sick,0.12000009262840317,Q3,Lung,NO2,46614,46614,7.42953676569093,11.363843119586,Q3 (7.4-11.4 units),2.5
913.125,Transplant,0.820002802043857,Q3,Lung,NO2,46614,46614,7.42953676569093,11.363843119586,Q3 (7.4-11.4 units),2.5
943.5625,Death/delisted too sick,0.12075883694560927,Q3,Lung,NO2,46614,46614,7.42953676569093,11.363843119586,Q3 (7.4-11.4 units),2.5833333333333335
943.5625,Transplant,0.82214756845012,Q3,Lung,NO2,46614,46614,7.42953676569093,11.363843119586,Q3 (7.4-11.4 units),2.5833333333333335
974,Death/delisted too sick,0.12125275240312908,Q3,Lung,NO2,46614,46614,7.42953676569093,11.363843119586,Q3 (7.4-11.4 units),2.6666666666666665
974,Transplant,0.8244499944576918,Q3,Lung,NO2,46614,46614,7.42953676569093,11.363843119586,Q3 (7.4-11.4 units),2.6666666666666665
1004.4375,Death/delisted too sick,0.1218716701294507,Q3,Lung,NO2,46614,46614,7.42953676569093,11.363843119586,Q3 (7.4-11.4 units),2.75
1004.4375,Transplant,0.8260199161096307,Q3,Lung,NO2,46614,46614,7.42953676569093,11.363843119586,Q3 (7.4-11.4 units),2.75
1034.875,Death/delisted too sick,0.12280442289828884,Q3,Lung,NO2,46614,46614,7.42953676569093,11.363843119586,Q3 (7.4-11.4 units),2.8333333333333335
1034.875,Transplant,0.8266942670746903,Q3,Lung,NO2,46614,46614,7.42953676569093,11.363843119586,Q3 (7.4-11.4 units),2.8333333333333335
1065.3125,Death/delisted too sick,0.12345767997979024,Q3,Lung,NO2,46614,46614,7.42953676569093,11.363843119586,Q3 (7.4-11.4 units),2.9166666666666665
1065.3125,Transplant,0.8282025393966178,Q3,Lung,NO2,46614,46614,7.42953676569093,11.363843119586,Q3 (7.4-11.4 units),2.9166666666666665
1095.75,Death/delisted too sick,0.12379240088870307,Q3,Lung,NO2,46614,46614,7.42953676569093,11.363843119586,Q3 (7.4-11.4 units),3
1095.75,Transplant,0.829994495721926,Q3,Lung,NO2,46614,46614,7.42953676569093,11.363843119586,Q3 (7.4-11.4 units),3
1126.1875,Death/delisted too sick,0.12421795788875988,Q3,Lung,NO2,46614,46614,7.42953676569093,11.363843119586,Q3 (7.4-11.4 units),3.0833333333333335
1126.1875,Transplant,0.8312006766762354,Q3,Lung,NO2,46614,46614,7.42953676569093,11.363843119586,Q3 (7.4-11.4 units),3.0833333333333335
1156.625,Death/delisted too sick,0.12478100236599951,Q3,Lung,NO2,46614,46614,7.42953676569093,11.363843119586,Q3 (7.4-11.4 units),3.1666666666666665
1156.625,Transplant,0.8317182528139572,Q3,Lung,NO2,46614,46614,7.42953676569093,11.363843119586,Q3 (7.4-11.4 units),3.1666666666666665
1187.0625,Death/delisted too sick,0.12513095084345802,Q3,Lung,NO2,46614,46614,7.42953676569093,11.363843119586,Q3 (7.4-11.4 units),3.25
1187.0625,Transplant,0.832956534143719,Q3,Lung,NO2,46614,46614,7.42953676569093,11.363843119586,Q3 (7.4-11.4 units),3.25
1217.5,Death/delisted too sick,0.12543148227221337,Q3,Lung,NO2,46614,46614,7.42953676569093,11.363843119586,Q3 (7.4-11.4 units),3.3333333333333335
1217.5,Transplant,0.8337255051366143,Q3,Lung,NO2,46614,46614,7.42953676569093,11.363843119586,Q3 (7.4-11.4 units),3.3333333333333335
1247.9375,Death/delisted too sick,0.12567217794322993,Q3,Lung,NO2,46614,46614,7.42953676569093,11.363843119586,Q3 (7.4-11.4 units),3.4166666666666665
1247.9375,Transplant,0.8342280442414607,Q3,Lung,NO2,46614,46614,7.42953676569093,11.363843119586,Q3 (7.4-11.4 units),3.4166666666666665
1278.375,Death/delisted too sick,0.12607772095592376,Q3,Lung,NO2,46614,46614,7.42953676569093,11.363843119586,Q3 (7.4-11.4 units),3.5
1278.375,Transplant,0.8350167235550462,Q3,Lung,NO2,46614,46614,7.42953676569093,11.363843119586,Q3 (7.4-11.4 units),3.5
1308.8125,Death/delisted too sick,0.12607772095592376,Q3,Lung,NO2,46614,46614,7.42953676569093,11.363843119586,Q3 (7.4-11.4 units),3.5833333333333335
1308.8125,Transplant,0.8358353652507285,Q3,Lung,NO2,46614,46614,7.42953676569093,11.363843119586,Q3 (7.4-11.4 units),3.5833333333333335
1339.25,Death/delisted too sick,0.1262844809618556,Q3,Lung,NO2,46614,46614,7.42953676569093,11.363843119586,Q3 (7.4-11.4 units),3.6666666666666665
1339.25,Transplant,0.8375309732176192,Q3,Lung,NO2,46614,46614,7.42953676569093,11.363843119586,Q3 (7.4-11.4 units),3.6666666666666665
1369.6875,Death/delisted too sick,0.12656343959392669,Q3,Lung,NO2,46614,46614,7.42953676569093,11.363843119586,Q3 (7.4-11.4 units),3.75
1369.6875,Transplant,0.8392815167717986,Q3,Lung,NO2,46614,46614,7.42953676569093,11.363843119586,Q3 (7.4-11.4 units),3.75
1400.125,Death/delisted too sick,0.1267212141222848,Q3,Lung,NO2,46614,46614,7.42953676569093,11.363843119586,Q3 (7.4-11.4 units),3.8333333333333335
1400.125,Transplant,0.8394478468567607,Q3,Lung,NO2,46614,46614,7.42953676569093,11.363843119586,Q3 (7.4-11.4 units),3.8333333333333335
1430.5625,Death/delisted too sick,0.12689535005822533,Q3,Lung,NO2,46614,46614,7.42953676569093,11.363843119586,Q3 (7.4-11.4 units),3.9166666666666665
1430.5625,Transplant,0.840203444702319,Q3,Lung,NO2,46614,46614,7.42953676569093,11.363843119586,Q3 (7.4-11.4 units),3.9166666666666665
1461,Death/delisted too sick,0.12715305879379143,Q3,Lung,NO2,46614,46614,7.42953676569093,11.363843119586,Q3 (7.4-11.4 units),4
1461,Transplant,0.8405669247849156,Q3,Lung,NO2,46614,46614,7.42953676569093,11.363843119586,Q3 (7.4-11.4 units),4
1491.4375,Death/delisted too sick,0.127470743711064,Q3,Lung,NO2,46614,46614,7.42953676569093,11.363843119586,Q3 (7.4-11.4 units),4.083333333333333
1491.4375,Transplant,0.8414406599741082,Q3,Lung,NO2,46614,46614,7.42953676569093,11.363843119586,Q3 (7.4-11.4 units),4.083333333333333
1521.875,Death/delisted too sick,0.12905905884955482,Q3,Lung,NO2,46614,46614,7.42953676569093,11.363843119586,Q3 (7.4-11.4 units),4.166666666666667
1521.875,Transplant,0.8427371546442575,Q3,Lung,NO2,46614,46614,7.42953676569093,11.363843119586,Q3 (7.4-11.4 units),4.166666666666667
1552.3125,Death/delisted too sick,0.12925055825264778,Q3,Lung,NO2,46614,46614,7.42953676569093,11.363843119586,Q3 (7.4-11.4 units),4.25
1552.3125,Transplant,0.8437719049811367,Q3,Lung,NO2,46614,46614,7.42953676569093,11.363843119586,Q3 (7.4-11.4 units),4.25
1582.75,Death/delisted too sick,0.13130890860904013,Q3,Lung,NO2,46614,46614,7.42953676569093,11.363843119586,Q3 (7.4-11.4 units),4.333333333333333
1582.75,Transplant,0.8441641590444445,Q3,Lung,NO2,46614,46614,7.42953676569093,11.363843119586,Q3 (7.4-11.4 units),4.333333333333333
1613.1875,Death/delisted too sick,0.13228052465528536,Q3,Lung,NO2,46614,46614,7.42953676569093,11.363843119586,Q3 (7.4-11.4 units),4.416666666666667
1613.1875,Transplant,0.8451430066052413,Q3,Lung,NO2,46614,46614,7.42953676569093,11.363843119586,Q3 (7.4-11.4 units),4.416666666666667
1643.625,Death/delisted too sick,0.13228052465528536,Q3,Lung,NO2,46614,46614,7.42953676569093,11.363843119586,Q3 (7.4-11.4 units),4.5
1643.625,Transplant,0.8454643419916328,Q3,Lung,NO2,46614,46614,7.42953676569093,11.363843119586,Q3 (7.4-11.4 units),4.5
1674.0625,Death/delisted too sick,0.13266375747385087,Q3,Lung,NO2,46614,46614,7.42953676569093,11.363843119586,Q3 (7.4-11.4 units),4.583333333333333
1674.0625,Transplant,0.8454643419916328,Q3,Lung,NO2,46614,46614,7.42953676569093,11.363843119586,Q3 (7.4-11.4 units),4.583333333333333
1704.5,Death/delisted too sick,0.13279388545246784,Q3,Lung,NO2,46614,46614,7.42953676569093,11.363843119586,Q3 (7.4-11.4 units),4.666666666666667
1704.5,Transplant,0.8465988144493218,Q3,Lung,NO2,46614,46614,7.42953676569093,11.363843119586,Q3 (7.4-11.4 units),4.666666666666667
1734.9375,Death/delisted too sick,0.13279388545246784,Q3,Lung,NO2,46614,46614,7.42953676569093,11.363843119586,Q3 (7.4-11.4 units),4.75
1734.9375,Transplant,0.847266185340949,Q3,Lung,NO2,46614,46614,7.42953676569093,11.363843119586,Q3 (7.4-11.4 units),4.75
1765.375,Death/delisted too sick,0.13279388545246784,Q3,Lung,NO2,46614,46614,7.42953676569093,11.363843119586,Q3 (7.4-11.4 units),4.833333333333333
1765.375,Transplant,0.847979832319451,Q3,Lung,NO2,46614,46614,7.42953676569093,11.363843119586,Q3 (7.4-11.4 units),4.833333333333333
1795.8125,Death/delisted too sick,0.13279388545246784,Q3,Lung,NO2,46614,46614,7.42953676569093,11.363843119586,Q3 (7.4-11.4 units),4.916666666666667
1795.8125,Transplant,0.8481565385449646,Q3,Lung,NO2,46614,46614,7.42953676569093,11.363843119586,Q3 (7.4-11.4 units),4.916666666666667
1826.25,Death/delisted too sick,0.13279388545246784,Q3,Lung,NO2,46614,46614,7.42953676569093,11.363843119586,Q3 (7.4-11.4 units),5
1826.25,Transplant,0.8481565385449646,Q3,Lung,NO2,46614,46614,7.42953676569093,11.363843119586,Q3 (7.4-11.4 units),5
0,Death/delisted too sick,0,Q4,Lung,NO2,46614,46614,11.363843119586,51.1499290466309,Q4 (11.4-51.1 units),0
0,Transplant,0,Q4,Lung,NO2,46614,46614,11.363843119586,51.1499290466309,Q4 (11.4-51.1 units),0
30.4375,Death/delisted too sick,0.043734244609015295,Q4,Lung,NO2,46614,46614,11.363843119586,51.1499290466309,Q4 (11.4-51.1 units),0.08333333333333333
30.4375,Transplant,0.29533144487684804,Q4,Lung,NO2,46614,46614,11.363843119586,51.1499290466309,Q4 (11.4-51.1 units),0.08333333333333333
60.875,Death/delisted too sick,0.05920016409206703,Q4,Lung,NO2,46614,46614,11.363843119586,51.1499290466309,Q4 (11.4-51.1 units),0.16666666666666666
60.875,Transplant,0.41949550604694513,Q4,Lung,NO2,46614,46614,11.363843119586,51.1499290466309,Q4 (11.4-51.1 units),0.16666666666666666
91.3125,Death/delisted too sick,0.06774047635581065,Q4,Lung,NO2,46614,46614,11.363843119586,51.1499290466309,Q4 (11.4-51.1 units),0.25
91.3125,Transplant,0.49645659625389654,Q4,Lung,NO2,46614,46614,11.363843119586,51.1499290466309,Q4 (11.4-51.1 units),0.25
121.75,Death/delisted too sick,0.07643722649494684,Q4,Lung,NO2,46614,46614,11.363843119586,51.1499290466309,Q4 (11.4-51.1 units),0.3333333333333333
121.75,Transplant,0.5514169429278979,Q4,Lung,NO2,46614,46614,11.363843119586,51.1499290466309,Q4 (11.4-51.1 units),0.3333333333333333
152.1875,Death/delisted too sick,0.08358865537053027,Q4,Lung,NO2,46614,46614,11.363843119586,51.1499290466309,Q4 (11.4-51.1 units),0.4166666666666667
152.1875,Transplant,0.5914356949982578,Q4,Lung,NO2,46614,46614,11.363843119586,51.1499290466309,Q4 (11.4-51.1 units),0.4166666666666667
182.625,Death/delisted too sick,0.08908324923241341,Q4,Lung,NO2,46614,46614,11.363843119586,51.1499290466309,Q4 (11.4-51.1 units),0.5
182.625,Transplant,0.6199039931253734,Q4,Lung,NO2,46614,46614,11.363843119586,51.1499290466309,Q4 (11.4-51.1 units),0.5
213.0625,Death/delisted too sick,0.09312279226401399,Q4,Lung,NO2,46614,46614,11.363843119586,51.1499290466309,Q4 (11.4-51.1 units),0.5833333333333334
213.0625,Transplant,0.6464074670600448,Q4,Lung,NO2,46614,46614,11.363843119586,51.1499290466309,Q4 (11.4-51.1 units),0.5833333333333334
243.5,Death/delisted too sick,0.09653904925795671,Q4,Lung,NO2,46614,46614,11.363843119586,51.1499290466309,Q4 (11.4-51.1 units),0.6666666666666666
243.5,Transplant,0.665518564042064,Q4,Lung,NO2,46614,46614,11.363843119586,51.1499290466309,Q4 (11.4-51.1 units),0.6666666666666666
273.9375,Death/delisted too sick,0.09937009645532212,Q4,Lung,NO2,46614,46614,11.363843119586,51.1499290466309,Q4 (11.4-51.1 units),0.75
273.9375,Transplant,0.6799493017948899,Q4,Lung,NO2,46614,46614,11.363843119586,51.1499290466309,Q4 (11.4-51.1 units),0.75
304.375,Death/delisted too sick,0.10171709778967113,Q4,Lung,NO2,46614,46614,11.363843119586,51.1499290466309,Q4 (11.4-51.1 units),0.8333333333333334
304.375,Transplant,0.6948824131008464,Q4,Lung,NO2,46614,46614,11.363843119586,51.1499290466309,Q4 (11.4-51.1 units),0.8333333333333334
334.8125,Death/delisted too sick,0.10457891141766036,Q4,Lung,NO2,46614,46614,11.363843119586,51.1499290466309,Q4 (11.4-51.1 units),0.9166666666666666
334.8125,Transplant,0.708877680453871,Q4,Lung,NO2,46614,46614,11.363843119586,51.1499290466309,Q4 (11.4-51.1 units),0.9166666666666666
365.25,Death/delisted too sick,0.10701284490230156,Q4,Lung,NO2,46614,46614,11.363843119586,51.1499290466309,Q4 (11.4-51.1 units),1
365.25,Transplant,0.7165942211275312,Q4,Lung,NO2,46614,46614,11.363843119586,51.1499290466309,Q4 (11.4-51.1 units),1
395.6875,Death/delisted too sick,0.10825294232384604,Q4,Lung,NO2,46614,46614,11.363843119586,51.1499290466309,Q4 (11.4-51.1 units),1.0833333333333333
395.6875,Transplant,0.7252899129150778,Q4,Lung,NO2,46614,46614,11.363843119586,51.1499290466309,Q4 (11.4-51.1 units),1.0833333333333333
426.125,Death/delisted too sick,0.10938652179882007,Q4,Lung,NO2,46614,46614,11.363843119586,51.1499290466309,Q4 (11.4-51.1 units),1.1666666666666667
426.125,Transplant,0.7329830913100582,Q4,Lung,NO2,46614,46614,11.363843119586,51.1499290466309,Q4 (11.4-51.1 units),1.1666666666666667
456.5625,Death/delisted too sick,0.11168954771609493,Q4,Lung,NO2,46614,46614,11.363843119586,51.1499290466309,Q4 (11.4-51.1 units),1.25
456.5625,Transplant,0.7405081356274122,Q4,Lung,NO2,46614,46614,11.363843119586,51.1499290466309,Q4 (11.4-51.1 units),1.25
487,Death/delisted too sick,0.11539955263645194,Q4,Lung,NO2,46614,46614,11.363843119586,51.1499290466309,Q4 (11.4-51.1 units),1.3333333333333333
487,Transplant,0.7469945014290704,Q4,Lung,NO2,46614,46614,11.363843119586,51.1499290466309,Q4 (11.4-51.1 units),1.3333333333333333
517.4375,Death/delisted too sick,0.11756001236999021,Q4,Lung,NO2,46614,46614,11.363843119586,51.1499290466309,Q4 (11.4-51.1 units),1.4166666666666667
517.4375,Transplant,0.7538747992565945,Q4,Lung,NO2,46614,46614,11.363843119586,51.1499290466309,Q4 (11.4-51.1 units),1.4166666666666667
547.875,Death/delisted too sick,0.11842309461653414,Q4,Lung,NO2,46614,46614,11.363843119586,51.1499290466309,Q4 (11.4-51.1 units),1.5
547.875,Transplant,0.7587389688447533,Q4,Lung,NO2,46614,46614,11.363843119586,51.1499290466309,Q4 (11.4-51.1 units),1.5
578.3125,Death/delisted too sick,0.11990517928781137,Q4,Lung,NO2,46614,46614,11.363843119586,51.1499290466309,Q4 (11.4-51.1 units),1.5833333333333333
578.3125,Transplant,0.7625249029652753,Q4,Lung,NO2,46614,46614,11.363843119586,51.1499290466309,Q4 (11.4-51.1 units),1.5833333333333333
608.75,Death/delisted too sick,0.12167789378352191,Q4,Lung,NO2,46614,46614,11.363843119586,51.1499290466309,Q4 (11.4-51.1 units),1.6666666666666667
608.75,Transplant,0.7668376626215846,Q4,Lung,NO2,46614,46614,11.363843119586,51.1499290466309,Q4 (11.4-51.1 units),1.6666666666666667
639.1875,Death/delisted too sick,0.12328171501820628,Q4,Lung,NO2,46614,46614,11.363843119586,51.1499290466309,Q4 (11.4-51.1 units),1.75
639.1875,Transplant,0.7738586517030885,Q4,Lung,NO2,46614,46614,11.363843119586,51.1499290466309,Q4 (11.4-51.1 units),1.75
669.625,Death/delisted too sick,0.12456766976975318,Q4,Lung,NO2,46614,46614,11.363843119586,51.1499290466309,Q4 (11.4-51.1 units),1.8333333333333333
669.625,Transplant,0.7774921096430665,Q4,Lung,NO2,46614,46614,11.363843119586,51.1499290466309,Q4 (11.4-51.1 units),1.8333333333333333
700.0625,Death/delisted too sick,0.12517684491452938,Q4,Lung,NO2,46614,46614,11.363843119586,51.1499290466309,Q4 (11.4-51.1 units),1.9166666666666667
700.0625,Transplant,0.781183341488252,Q4,Lung,NO2,46614,46614,11.363843119586,51.1499290466309,Q4 (11.4-51.1 units),1.9166666666666667
730.5,Death/delisted too sick,0.12575533225612948,Q4,Lung,NO2,46614,46614,11.363843119586,51.1499290466309,Q4 (11.4-51.1 units),2
730.5,Transplant,0.78323203998759094,Q4,Lung,NO2,46614,46614,11.363843119586,51.1499290466309,Q4 (11.4-51.1 units),2
760.9375,Death/delisted too sick,0.1272413272280848,Q4,Lung,NO2,46614,46614,11.363843119586,51.1499290466309,Q4 (11.4-51.1 units),2.0833333333333335
760.9375,Transplant,0.7868496825823157,Q4,Lung,NO2,46614,46614,11.363843119586,51.1499290466309,Q4 (11.4-51.1 units),2.0833333333333335
791.375,Death/delisted too sick,0.12869394507017154,Q4,Lung,NO2,46614,46614,11.363843119586,51.1499290466309,Q4 (11.4-51.1 units),2.1666666666666665
791.375,Transplant,0.7898864889340053,Q4,Lung,NO2,46614,46614,11.363843119586,51.1499290466309,Q4 (11.4-51.1 units),2.1666666666666665
821.8125,Death/delisted too sick,0.129009860092548,Q4,Lung,NO2,46614,46614,11.363843119586,51.1499290466309,Q4 (11.4-51.1 units),2.25
821.8125,Transplant,0.7912278254862655,Q4,Lung,NO2,46614,46614,11.363843119586,51.1499290466309,Q4 (11.4-51.1 units),2.25
852.25,Death/delisted too sick,0.1293322806290677,Q4,Lung,NO2,46614,46614,11.363843119586,51.1499290466309,Q4 (11.4-51.1 units),2.3333333333333335
852.25,Transplant,0.795169952337182,Q4,Lung,NO2,46614,46614,11.363843119586,51.1499290466309,Q4 (11.4-51.1 units),2.3333333333333335
882.6875,Death/delisted too sick,0.13034557364092825,Q4,Lung,NO2,46614,46614,11.363843119586,51.1499290466309,Q4 (11.4-51.1 units),2.4166666666666665
882.6875,Transplant,0.7971217770593462,Q4,Lung,NO2,46614,46614,11.363843119586,51.1499290466309,Q4 (11.4-51.1 units),2.4166666666666665
913.125,Death/delisted too sick,0.1310069576262774,Q4,Lung,NO2,46614,46614,11.363843119586,51.1499290466309,Q4 (11.4-51.1 units),2.5
913.125,Transplant,0.7999368378042317,Q4,Lung,NO2,46614,46614,11.363843119586,51.1499290466309,Q4 (11.4-51.1 units),2.5
943.5625,Death/delisted too sick,0.13238360123496937,Q4,Lung,NO2,46614,46614,11.363843119586,51.1499290466309,Q4 (11.4-51.1 units),2.5833333333333335
943.5625,Transplant,0.8013636685883943,Q4,Lung,NO2,46614,46614,11.363843119586,51.1499290466309,Q4 (11.4-51.1 units),2.5833333333333335
974,Death/delisted too sick,0.13341126398547212,Q4,Lung,NO2,46614,46614,11.363843119586,51.1499290466309,Q4 (11.4-51.1 units),2.6666666666666665
974,Transplant,0.8054558388704598,Q4,Lung,NO2,46614,46614,11.363843119586,51.1499290466309,Q4 (11.4-51.1 units),2.6666666666666665
1004.4375,Death/delisted too sick,0.134949519774572,Q4,Lung,NO2,46614,46614,11.363843119586,51.1499290466309,Q4 (11.4-51.1 units),2.75
1004.4375,Transplant,0.8071331394177802,Q4,Lung,NO2,46614,46614,11.363843119586,51.1499290466309,Q4 (11.4-51.1 units),2.75
1034.875,Death/delisted too sick,0.13521071726750394,Q4,Lung,NO2,46614,46614,11.363843119586,51.1499290466309,Q4 (11.4-51.1 units),2.8333333333333335
1034.875,Transplant,0.8087864423243116,Q4,Lung,NO2,46614,46614,11.363843119586,51.1499290466309,Q4 (11.4-51.1 units),2.8333333333333335
1065.3125,Death/delisted too sick,0.13617299477294098,Q4,Lung,NO2,46614,46614,11.363843119586,51.1499290466309,Q4 (11.4-51.1 units),2.9166666666666665
1065.3125,Transplant,0.811270866673508,Q4,Lung,NO2,46614,46614,11.363843119586,51.1499290466309,Q4 (11.4-51.1 units),2.9166666666666665
1095.75,Death/delisted too sick,0.13737006452222025,Q4,Lung,NO2,46614,46614,11.363843119586,51.1499290466309,Q4 (11.4-51.1 units),3
1095.75,Transplant,0.8137915829935595,Q4,Lung,NO2,46614,46614,11.363843119586,51.1499290466309,Q4 (11.4-51.1 units),3
1126.1875,Death/delisted too sick,0.13830526228176956,Q4,Lung,NO2,46614,46614,11.363843119586,51.1499290466309,Q4 (11.4-51.1 units),3.0833333333333335
1126.1875,Transplant,0.8148330673290339,Q4,Lung,NO2,46614,46614,11.363843119586,51.1499290466309,Q4 (11.4-51.1 units),3.0833333333333335
1156.625,Death/delisted too sick,0.13870509916745502,Q4,Lung,NO2,46614,46614,11.363843119586,51.1499290466309,Q4 (11.4-51.1 units),3.1666666666666665
1156.625,Transplant,0.8154140043710528,Q4,Lung,NO2,46614,46614,11.363843119586,51.1499290466309,Q4 (11.4-51.1 units),3.1666666666666665
1187.0625,Death/delisted too sick,0.13919254485963314,Q4,Lung,NO2,46614,46614,11.363843119586,51.1499290466309,Q4 (11.4-51.1 units),3.25
1187.0625,Transplant,0.8160908361781631,Q4,Lung,NO2,46614,46614,11.363843119586,51.1499290466309,Q4 (11.4-51.1 units),3.25
1217.5,Death/delisted too sick,0.1394988723020876,Q4,Lung,NO2,46614,46614,11.363843119586,51.1499290466309,Q4 (11.4-51.1 units),3.3333333333333335
1217.5,Transplant,0.8178717768988717,Q4,Lung,NO2,46614,46614,11.363843119586,51.1499290466309,Q4 (11.4-51.1 units),3.3333333333333335
1247.9375,Death/delisted too sick,0.13973134218326194,Q4,Lung,NO2,46614,46614,11.363843119586,51.1499290466309,Q4 (11.4-51.1 units),3.4166666666666665
1247.9375,Transplant,0.8197458395251275,Q4,Lung,NO2,46614,46614,11.363843119586,51.1499290466309,Q4 (11.4-51.1 units),3.4166666666666665
1278.375,Death/delisted too sick,0.14017391399418833,Q4,Lung,NO2,46614,46614,11.363843119586,51.1499290466309,Q4 (11.4-51.1 units),3.5
1278.375,Transplant,0.8205436144719179,Q4,Lung,NO2,46614,46614,11.363843119586,51.1499290466309,Q4 (11.4-51.1 units),3.5
1308.8125,Death/delisted too sick,0.1404104087978202,Q4,Lung,NO2,46614,46614,11.363843119586,51.1499290466309,Q4 (11.4-51.1 units),3.5833333333333335
1308.8125,Transplant,0.8242674833011052,Q4,Lung,NO2,46614,46614,11.363843119586,51.1499290466309,Q4 (11.4-51.1 units),3.5833333333333335
1339.25,Death/delisted too sick,0.14061651587247584,Q4,Lung,NO2,46614,46614,11.363843119586,51.1499290466309,Q4 (11.4-51.1 units),3.6666666666666665
1339.25,Transplant,0.8244935927354333,Q4,Lung,NO2,46614,46614,11.363843119586,51.1499290466309,Q4 (11.4-51.1 units),3.6666666666666665
1369.6875,Death/delisted too sick,0.14061651587247584,Q4,Lung,NO2,46614,46614,11.363843119586,51.1499290466309,Q4 (11.4-51.1 units),3.75
1369.6875,Transplant,0.8256954350765624,Q4,Lung,NO2,46614,46614,11.363843119586,51.1499290466309,Q4 (11.4-51.1 units),3.75
1400.125,Death/delisted too sick,0.14088226935962722,Q4,Lung,NO2,46614,46614,11.363843119586,51.1499290466309,Q4 (11.4-51.1 units),3.8333333333333335
1400.125,Transplant,0.8277126061884531,Q4,Lung,NO2,46614,46614,11.363843119586,51.1499290466309,Q4 (11.4-51.1 units),3.8333333333333335
1430.5625,Death/delisted too sick,0.14259171165281317,Q4,Lung,NO2,46614,46614,11.363843119586,51.1499290466309,Q4 (11.4-51.1 units),3.9166666666666665
1430.5625,Transplant,0.8280565195189377,Q4,Lung,NO2,46614,46614,11.363843119586,51.1499290466309,Q4 (11.4-51.1 units),3.9166666666666665
1461,Death/delisted too sick,0.14266060211956558,Q4,Lung,NO2,46614,46614,11.363843119586,51.1499290466309,Q4 (11.4-51.1 units),4
1461,Transplant,0.8280565195189377,Q4,Lung,NO2,46614,46614,11.363843119586,51.1499290466309,Q4 (11.4-51.1 units),4
1491.4375,Death/delisted too sick,0.1427628969170359,Q4,Lung,NO2,46614,46614,11.363843119586,51.1499290466309,Q4 (11.4-51.1 units),4.083333333333333
1491.4375,Transplant,0.8284228090398851,Q4,Lung,NO2,46614,46614,11.363843119586,51.1499290466309,Q4 (11.4-51.1 units),4.083333333333333
1521.875,Death/delisted too sick,0.14367916231745348,Q4,Lung,NO2,46614,46614,11.363843119586,51.1499290466309,Q4 (11.4-51.1 units),4.166666666666667
1521.875,Transplant,0.8287118901043109,Q4,Lung,NO2,46614,46614,11.363843119586,51.1499290466309,Q4 (11.4-51.1 units),4.166666666666667
1552.3125,Death/delisted too sick,0.14367916231745348,Q4,Lung,NO2,46614,46614,11.363843119586,51.1499290466309,Q4 (11.4-51.1 units),4.25
1552.3125,Transplant,0.8289089665530097,Q4,Lung,NO2,46614,46614,11.363843119586,51.1499290466309,Q4 (11.4-51.1 units),4.25
1582.75,Death/delisted too sick,0.1439674568630724,Q4,Lung,NO2,46614,46614,11.363843119586,51.1499290466309,Q4 (11.4-51.1 units),4.333333333333333
1582.75,Transplant,0.8293026239809513,Q4,Lung,NO2,46614,46614,11.363843119586,51.1499290466309,Q4 (11.4-51.1 units),4.333333333333333
1613.1875,Death/delisted too sick,0.1439674568630724,Q4,Lung,NO2,46614,46614,11.363843119586,51.1499290466309,Q4 (11.4-51.1 units),4.416666666666667
1613.1875,Transplant,0.8297763855625022,Q4,Lung,NO2,46614,46614,11.363843119586,51.1499290466309,Q4 (11.4-51.1 units),4.416666666666667
1643.625,Death/delisted too sick,0.1447381687663866,Q4,Lung,NO2,46614,46614,11.363843119586,51.1499290466309,Q4 (11.4-51.1 units),4.5
1643.625,Transplant,0.8318838418293708,Q4,Lung,NO2,46614,46614,11.363843119586,51.1499290466309,Q4 (11.4-51.1 units),4.5
1674.0625,Death/delisted too sick,0.1447381687663866,Q4,Lung,NO2,46614,46614,11.363843119586,51.1499290466309,Q4 (11.4-51.1 units),4.583333333333333
1674.0625,Transplant,0.8329917976073353,Q4,Lung,NO2,46614,46614,11.363843119586,51.1499290466309,Q4 (11.4-51.1 units),4.583333333333333
1704.5,Death/delisted too sick,0.1448888113385133,Q4,Lung,NO2,46614,46614,11.363843119586,51.1499290466309,Q4 (11.4-51.1 units),4.666666666666667
1704.5,Transplant,0.8332625786456843,Q4,Lung,NO2,46614,46614,11.363843119586,51.1499290466309,Q4 (11.4-51.1 units),4.666666666666667
1734.9375,Death/delisted too sick,0.14583968550710238,Q4,Lung,NO2,46614,46614,11.363843119586,51.1499290466309,Q4 (11.4-51.1 units),4.75
1734.9375,Transplant,0.8340119890009892,Q4,Lung,NO2,46614,46614,11.363843119586,51.1499290466309,Q4 (11.4-51.1 units),4.75
1765.375,Death/delisted too sick,0.14600500811886657,Q4,Lung,NO2,46614,46614,11.363843119586,51.1499290466309,Q4 (11.4-51.1 units),4.833333333333333
1765.375,Transplant,0.8351796661190224,Q4,Lung,NO2,46614,46614,11.363843119586,51.1499290466309,Q4 (11.4-51.1 units),4.833333333333333
1795.8125,Death/delisted too sick,0.1460809585493533,Q4,Lung,NO2,46614,46614,11.363843119586,51.1499290466309,Q4 (11.4-51.1 units),4.916666666666667
1795.8125,Transplant,0.8360841442778674,Q4,Lung,NO2,46614,46614,11.363843119586,51.1499290466309,Q4 (11.4-51.1 units),4.916666666666667
1826.25,Death/delisted too sick,0.14650630685230476,Q4,Lung,NO2,46614,46614,11.363843119586,51.1499290466309,Q4 (11.4-51.1 units),5
1826.25,Transplant,0.8360841442778674,Q4,Lung,NO2,46614,46614,11.363843119586,51.1499290466309,Q4 (11.4-51.1 units),5
