time_days,event,cumulative_incidence,quartile,organ,pollutant,ps_n,full_n,min_value,max_value,quartile_label,years_since_listing
0,Death/delisted too sick,0,Q1,Heart,PM2.5,73497,73497,2.8250881745723935,7.007795178528987,Q1 (2.8-7 ug/m3),0
0,Transplant,0,Q1,Heart,PM2.5,73497,73497,2.8250881745723935,7.007795178528987,Q1 (2.8-7 ug/m3),0
30.4375,Death/delisted too sick,0.03323876471494732,Q1,Heart,PM2.5,73497,73497,2.8250881745723935,7.007795178528987,Q1 (2.8-7 ug/m3),0.08333333333333333
30.4375,Transplant,0.241298610396385,Q1,Heart,PM2.5,73497,73497,2.8250881745723935,7.007795178528987,Q1 (2.8-7 ug/m3),0.08333333333333333
60.875,Death/delisted too sick,0.050014382003962264,Q1,Heart,PM2.5,73497,73497,2.8250881745723935,7.007795178528987,Q1 (2.8-7 ug/m3),0.16666666666666666
60.875,Transplant,0.3395855095111324,Q1,Heart,PM2.5,73497,73497,2.8250881745723935,7.007795178528987,Q1 (2.8-7 ug/m3),0.16666666666666666
91.3125,Death/delisted too sick,0.059843771335447646,Q1,Heart,PM2.5,73497,73497,2.8250881745723935,7.007795178528987,Q1 (2.8-7 ug/m3),0.25
91.3125,Transplant,0.4027897232003671,Q1,Heart,PM2.5,73497,73497,2.8250881745723935,7.007795178528987,Q1 (2.8-7 ug/m3),0.25
121.75,Death/delisted too sick,0.06650836510808117,Q1,Heart,PM2.5,73497,73497,2.8250881745723935,7.007795178528987,Q1 (2.8-7 ug/m3),0.3333333333333333
121.75,Transplant,0.4526146470590057,Q1,Heart,PM2.5,73497,73497,2.8250881745723935,7.007795178528987,Q1 (2.8-7 ug/m3),0.3333333333333333
152.1875,Death/delisted too sick,0.07287337780565539,Q1,Heart,PM2.5,73497,73497,2.8250881745723935,7.007795178528987,Q1 (2.8-7 ug/m3),0.4166666666666667
152.1875,Transplant,0.488475948408474,Q1,Heart,PM2.5,73497,73497,2.8250881745723935,7.007795178528987,Q1 (2.8-7 ug/m3),0.4166666666666667
182.625,Death/delisted too sick,0.07759934392172928,Q1,Heart,PM2.5,73497,73497,2.8250881745723935,7.007795178528987,Q1 (2.8-7 ug/m3),0.5
182.625,Transplant,0.5163425887214956,Q1,Heart,PM2.5,73497,73497,2.8250881745723935,7.007795178528987,Q1 (2.8-7 ug/m3),0.5
213.0625,Death/delisted too sick,0.08070328053585275,Q1,Heart,PM2.5,73497,73497,2.8250881745723935,7.007795178528987,Q1 (2.8-7 ug/m3),0.5833333333333334
213.0625,Transplant,0.540033414288902,Q1,Heart,PM2.5,73497,73497,2.8250881745723935,7.007795178528987,Q1 (2.8-7 ug/m3),0.5833333333333334
243.5,Death/delisted too sick,0.08425693989723175,Q1,Heart,PM2.5,73497,73497,2.8250881745723935,7.007795178528987,Q1 (2.8-7 ug/m3),0.6666666666666666
243.5,Transplant,0.559641426508998,Q1,Heart,PM2.5,73497,73497,2.8250881745723935,7.007795178528987,Q1 (2.8-7 ug/m3),0.6666666666666666
273.9375,Death/delisted too sick,0.08669316136807165,Q1,Heart,PM2.5,73497,73497,2.8250881745723935,7.007795178528987,Q1 (2.8-7 ug/m3),0.75
273.9375,Transplant,0.5794606246108858,Q1,Heart,PM2.5,73497,73497,2.8250881745723935,7.007795178528987,Q1 (2.8-7 ug/m3),0.75
304.375,Death/delisted too sick,0.08986704278832575,Q1,Heart,PM2.5,73497,73497,2.8250881745723935,7.007795178528987,Q1 (2.8-7 ug/m3),0.8333333333333334
304.375,Transplant,0.5957380666073567,Q1,Heart,PM2.5,73497,73497,2.8250881745723935,7.007795178528987,Q1 (2.8-7 ug/m3),0.8333333333333334
334.8125,Death/delisted too sick,0.09332020900741358,Q1,Heart,PM2.5,73497,73497,2.8250881745723935,7.007795178528987,Q1 (2.8-7 ug/m3),0.9166666666666666
334.8125,Transplant,0.610087596720717,Q1,Heart,PM2.5,73497,73497,2.8250881745723935,7.007795178528987,Q1 (2.8-7 ug/m3),0.9166666666666666
365.25,Death/delisted too sick,0.09571098288025678,Q1,Heart,PM2.5,73497,73497,2.8250881745723935,7.007795178528987,Q1 (2.8-7 ug/m3),1
365.25,Transplant,0.6210318112368857,Q1,Heart,PM2.5,73497,73497,2.8250881745723935,7.007795178528987,Q1 (2.8-7 ug/m3),1
395.6875,Death/delisted too sick,0.09774567011186389,Q1,Heart,PM2.5,73497,73497,2.8250881745723935,7.007795178528987,Q1 (2.8-7 ug/m3),1.0833333333333333
395.6875,Transplant,0.6320029424064962,Q1,Heart,PM2.5,73497,73497,2.8250881745723935,7.007795178528987,Q1 (2.8-7 ug/m3),1.0833333333333333
426.125,Death/delisted too sick,0.09978448558437415,Q1,Heart,PM2.5,73497,73497,2.8250881745723935,7.007795178528987,Q1 (2.8-7 ug/m3),1.1666666666666667
426.125,Transplant,0.6413947950645265,Q1,Heart,PM2.5,73497,73497,2.8250881745723935,7.007795178528987,Q1 (2.8-7 ug/m3),1.1666666666666667
456.5625,Death/delisted too sick,0.10173180293744069,Q1,Heart,PM2.5,73497,73497,2.8250881745723935,7.007795178528987,Q1 (2.8-7 ug/m3),1.25
456.5625,Transplant,0.6506149928898434,Q1,Heart,PM2.5,73497,73497,2.8250881745723935,7.007795178528987,Q1 (2.8-7 ug/m3),1.25
487,Death/delisted too sick,0.10371897785775257,Q1,Heart,PM2.5,73497,73497,2.8250881745723935,7.007795178528987,Q1 (2.8-7 ug/m3),1.3333333333333333
487,Transplant,0.6605885280712307,Q1,Heart,PM2.5,73497,73497,2.8250881745723935,7.007795178528987,Q1 (2.8-7 ug/m3),1.3333333333333333
517.4375,Death/delisted too sick,0.10706285674241504,Q1,Heart,PM2.5,73497,73497,2.8250881745723935,7.007795178528987,Q1 (2.8-7 ug/m3),1.4166666666666667
517.4375,Transplant,0.6686617775990111,Q1,Heart,PM2.5,73497,73497,2.8250881745723935,7.007795178528987,Q1 (2.8-7 ug/m3),1.4166666666666667
547.875,Death/delisted too sick,0.10821098188467312,Q1,Heart,PM2.5,73497,73497,2.8250881745723935,7.007795178528987,Q1 (2.8-7 ug/m3),1.5
547.875,Transplant,0.6780313439286597,Q1,Heart,PM2.5,73497,73497,2.8250881745723935,7.007795178528987,Q1 (2.8-7 ug/m3),1.5
578.3125,Death/delisted too sick,0.11032738505386706,Q1,Heart,PM2.5,73497,73497,2.8250881745723935,7.007795178528987,Q1 (2.8-7 ug/m3),1.5833333333333333
578.3125,Transplant,0.6855756859632096,Q1,Heart,PM2.5,73497,73497,2.8250881745723935,7.007795178528987,Q1 (2.8-7 ug/m3),1.5833333333333333
608.75,Death/delisted too sick,0.11205438922947525,Q1,Heart,PM2.5,73497,73497,2.8250881745723935,7.007795178528987,Q1 (2.8-7 ug/m3),1.6666666666666667
608.75,Transplant,0.6923965130753432,Q1,Heart,PM2.5,73497,73497,2.8250881745723935,7.007795178528987,Q1 (2.8-7 ug/m3),1.6666666666666667
639.1875,Death/delisted too sick,0.11400809868713774,Q1,Heart,PM2.5,73497,73497,2.8250881745723935,7.007795178528987,Q1 (2.8-7 ug/m3),1.75
639.1875,Transplant,0.6979321955882786,Q1,Heart,PM2.5,73497,73497,2.8250881745723935,7.007795178528987,Q1 (2.8-7 ug/m3),1.75
669.625,Death/delisted too sick,0.1147642284691803,Q1,Heart,PM2.5,73497,73497,2.8250881745723935,7.007795178528987,Q1 (2.8-7 ug/m3),1.8333333333333333
669.625,Transplant,0.7036410362294974,Q1,Heart,PM2.5,73497,73497,2.8250881745723935,7.007795178528987,Q1 (2.8-7 ug/m3),1.8333333333333333
700.0625,Death/delisted too sick,0.11553026198590154,Q1,Heart,PM2.5,73497,73497,2.8250881745723935,7.007795178528987,Q1 (2.8-7 ug/m3),1.9166666666666667
700.0625,Transplant,0.7097892169413834,Q1,Heart,PM2.5,73497,73497,2.8250881745723935,7.007795178528987,Q1 (2.8-7 ug/m3),1.9166666666666667
730.5,Death/delisted too sick,0.11688020691965086,Q1,Heart,PM2.5,73497,73497,2.8250881745723935,7.007795178528987,Q1 (2.8-7 ug/m3),2
730.5,Transplant,0.7133072792347644,Q1,Heart,PM2.5,73497,73497,2.8250881745723935,7.007795178528987,Q1 (2.8-7 ug/m3),2
760.9375,Death/delisted too sick,0.11888248118221836,Q1,Heart,PM2.5,73497,73497,2.8250881745723935,7.007795178528987,Q1 (2.8-7 ug/m3),2.0833333333333335
760.9375,Transplant,0.7183134941531152,Q1,Heart,PM2.5,73497,73497,2.8250881745723935,7.007795178528987,Q1 (2.8-7 ug/m3),2.0833333333333335
791.375,Death/delisted too sick,0.11966623832425313,Q1,Heart,PM2.5,73497,73497,2.8250881745723935,7.007795178528987,Q1 (2.8-7 ug/m3),2.1666666666666665
791.375,Transplant,0.7229301234935978,Q1,Heart,PM2.5,73497,73497,2.8250881745723935,7.007795178528987,Q1 (2.8-7 ug/m3),2.1666666666666665
821.8125,Death/delisted too sick,0.12186921946882533,Q1,Heart,PM2.5,73497,73497,2.8250881745723935,7.007795178528987,Q1 (2.8-7 ug/m3),2.25
821.8125,Transplant,0.727266916061062,Q1,Heart,PM2.5,73497,73497,2.8250881745723935,7.007795178528987,Q1 (2.8-7 ug/m3),2.25
852.25,Death/delisted too sick,0.12367571200607366,Q1,Heart,PM2.5,73497,73497,2.8250881745723935,7.007795178528987,Q1 (2.8-7 ug/m3),2.3333333333333335
852.25,Transplant,0.7306672591262734,Q1,Heart,PM2.5,73497,73497,2.8250881745723935,7.007795178528987,Q1 (2.8-7 ug/m3),2.3333333333333335
882.6875,Death/delisted too sick,0.12454850129251395,Q1,Heart,PM2.5,73497,73497,2.8250881745723935,7.007795178528987,Q1 (2.8-7 ug/m3),2.4166666666666665
882.6875,Transplant,0.7350461470223746,Q1,Heart,PM2.5,73497,73497,2.8250881745723935,7.007795178528987,Q1 (2.8-7 ug/m3),2.4166666666666665
913.125,Death/delisted too sick,0.12498137706200121,Q1,Heart,PM2.5,73497,73497,2.8250881745723935,7.007795178528987,Q1 (2.8-7 ug/m3),2.5
913.125,Transplant,0.7366659466542077,Q1,Heart,PM2.5,73497,73497,2.8250881745723935,7.007795178528987,Q1 (2.8-7 ug/m3),2.5
943.5625,Death/delisted too sick,0.12636867622274423,Q1,Heart,PM2.5,73497,73497,2.8250881745723935,7.007795178528987,Q1 (2.8-7 ug/m3),2.5833333333333335
943.5625,Transplant,0.7413340884884576,Q1,Heart,PM2.5,73497,73497,2.8250881745723935,7.007795178528987,Q1 (2.8-7 ug/m3),2.5833333333333335
974,Death/delisted too sick,0.12769633502937627,Q1,Heart,PM2.5,73497,73497,2.8250881745723935,7.007795178528987,Q1 (2.8-7 ug/m3),2.6666666666666665
974,Transplant,0.7447160327417205,Q1,Heart,PM2.5,73497,73497,2.8250881745723935,7.007795178528987,Q1 (2.8-7 ug/m3),2.6666666666666665
1004.4375,Death/delisted too sick,0.12821722089677473,Q1,Heart,PM2.5,73497,73497,2.8250881745723935,7.007795178528987,Q1 (2.8-7 ug/m3),2.75
1004.4375,Transplant,0.7485837526673553,Q1,Heart,PM2.5,73497,73497,2.8250881745723935,7.007795178528987,Q1 (2.8-7 ug/m3),2.75
1034.875,Death/delisted too sick,0.12920175560718328,Q1,Heart,PM2.5,73497,73497,2.8250881745723935,7.007795178528987,Q1 (2.8-7 ug/m3),2.8333333333333335
1034.875,Transplant,0.7502749234690955,Q1,Heart,PM2.5,73497,73497,2.8250881745723935,7.007795178528987,Q1 (2.8-7 ug/m3),2.8333333333333335
1065.3125,Death/delisted too sick,0.13082451165104772,Q1,Heart,PM2.5,73497,73497,2.8250881745723935,7.007795178528987,Q1 (2.8-7 ug/m3),2.9166666666666665
1065.3125,Transplant,0.7529900468946266,Q1,Heart,PM2.5,73497,73497,2.8250881745723935,7.007795178528987,Q1 (2.8-7 ug/m3),2.9166666666666665
1095.75,Death/delisted too sick,0.13207924935007964,Q1,Heart,PM2.5,73497,73497,2.8250881745723935,7.007795178528987,Q1 (2.8-7 ug/m3),3
1095.75,Transplant,0.7561149710254775,Q1,Heart,PM2.5,73497,73497,2.8250881745723935,7.007795178528987,Q1 (2.8-7 ug/m3),3
1126.1875,Death/delisted too sick,0.13267954341366817,Q1,Heart,PM2.5,73497,73497,2.8250881745723935,7.007795178528987,Q1 (2.8-7 ug/m3),3.0833333333333335
1126.1875,Transplant,0.758300105709105,Q1,Heart,PM2.5,73497,73497,2.8250881745723935,7.007795178528987,Q1 (2.8-7 ug/m3),3.0833333333333335
1156.625,Death/delisted too sick,0.1333525716423232,Q1,Heart,PM2.5,73497,73497,2.8250881745723935,7.007795178528987,Q1 (2.8-7 ug/m3),3.1666666666666665
1156.625,Transplant,0.7603782519407417,Q1,Heart,PM2.5,73497,73497,2.8250881745723935,7.007795178528987,Q1 (2.8-7 ug/m3),3.1666666666666665
1187.0625,Death/delisted too sick,0.13491972605900363,Q1,Heart,PM2.5,73497,73497,2.8250881745723935,7.007795178528987,Q1 (2.8-7 ug/m3),3.25
1187.0625,Transplant,0.7621250876374467,Q1,Heart,PM2.5,73497,73497,2.8250881745723935,7.007795178528987,Q1 (2.8-7 ug/m3),3.25
1217.5,Death/delisted too sick,0.13582059400683497,Q1,Heart,PM2.5,73497,73497,2.8250881745723935,7.007795178528987,Q1 (2.8-7 ug/m3),3.3333333333333335
1217.5,Transplant,0.7646754535105529,Q1,Heart,PM2.5,73497,73497,2.8250881745723935,7.007795178528987,Q1 (2.8-7 ug/m3),3.3333333333333335
1247.9375,Death/delisted too sick,0.1371536989032059,Q1,Heart,PM2.5,73497,73497,2.8250881745723935,7.007795178528987,Q1 (2.8-7 ug/m3),3.4166666666666665
1247.9375,Transplant,0.7664750967665735,Q1,Heart,PM2.5,73497,73497,2.8250881745723935,7.007795178528987,Q1 (2.8-7 ug/m3),3.4166666666666665
1278.375,Death/delisted too sick,0.13844443678956198,Q1,Heart,PM2.5,73497,73497,2.8250881745723935,7.007795178528987,Q1 (2.8-7 ug/m3),3.5
1278.375,Transplant,0.7684776942484837,Q1,Heart,PM2.5,73497,73497,2.8250881745723935,7.007795178528987,Q1 (2.8-7 ug/m3),3.5
1308.8125,Death/delisted too sick,0.13903346435011196,Q1,Heart,PM2.5,73497,73497,2.8250881745723935,7.007795178528987,Q1 (2.8-7 ug/m3),3.5833333333333335
1308.8125,Transplant,0.7703978875716583,Q1,Heart,PM2.5,73497,73497,2.8250881745723935,7.007795178528987,Q1 (2.8-7 ug/m3),3.5833333333333335
1339.25,Death/delisted too sick,0.13925546917096257,Q1,Heart,PM2.5,73497,73497,2.8250881745723935,7.007795178528987,Q1 (2.8-7 ug/m3),3.6666666666666665
1339.25,Transplant,0.7731329063806777,Q1,Heart,PM2.5,73497,73497,2.8250881745723935,7.007795178528987,Q1 (2.8-7 ug/m3),3.6666666666666665
1369.6875,Death/delisted too sick,0.1402662458450346,Q1,Heart,PM2.5,73497,73497,2.8250881745723935,7.007795178528987,Q1 (2.8-7 ug/m3),3.75
1369.6875,Transplant,0.7757520695592184,Q1,Heart,PM2.5,73497,73497,2.8250881745723935,7.007795178528987,Q1 (2.8-7 ug/m3),3.75
1400.125,Death/delisted too sick,0.14141851283674456,Q1,Heart,PM2.5,73497,73497,2.8250881745723935,7.007795178528987,Q1 (2.8-7 ug/m3),3.8333333333333335
1400.125,Transplant,0.7772281751478299,Q1,Heart,PM2.5,73497,73497,2.8250881745723935,7.007795178528987,Q1 (2.8-7 ug/m3),3.8333333333333335
1430.5625,Death/delisted too sick,0.14245362123510105,Q1,Heart,PM2.5,73497,73497,2.8250881745723935,7.007795178528987,Q1 (2.8-7 ug/m3),3.9166666666666665
1430.5625,Transplant,0.777884783187561,Q1,Heart,PM2.5,73497,73497,2.8250881745723935,7.007795178528987,Q1 (2.8-7 ug/m3),3.9166666666666665
1461,Death/delisted too sick,0.14273030929591815,Q1,Heart,PM2.5,73497,73497,2.8250881745723935,7.007795178528987,Q1 (2.8-7 ug/m3),4
1461,Transplant,0.7792438971986281,Q1,Heart,PM2.5,73497,73497,2.8250881745723935,7.007795178528987,Q1 (2.8-7 ug/m3),4
1491.4375,Death/delisted too sick,0.14332108437744484,Q1,Heart,PM2.5,73497,73497,2.8250881745723935,7.007795178528987,Q1 (2.8-7 ug/m3),4.083333333333333
1491.4375,Transplant,0.7819771348242817,Q1,Heart,PM2.5,73497,73497,2.8250881745723935,7.007795178528987,Q1 (2.8-7 ug/m3),4.083333333333333
1521.875,Death/delisted too sick,0.1436006879059754,Q1,Heart,PM2.5,73497,73497,2.8250881745723935,7.007795178528987,Q1 (2.8-7 ug/m3),4.166666666666667
1521.875,Transplant,0.7825013895773086,Q1,Heart,PM2.5,73497,73497,2.8250881745723935,7.007795178528987,Q1 (2.8-7 ug/m3),4.166666666666667
1552.3125,Death/delisted too sick,0.14384759626651383,Q1,Heart,PM2.5,73497,73497,2.8250881745723935,7.007795178528987,Q1 (2.8-7 ug/m3),4.25
1552.3125,Transplant,0.7836520372177541,Q1,Heart,PM2.5,73497,73497,2.8250881745723935,7.007795178528987,Q1 (2.8-7 ug/m3),4.25
1582.75,Death/delisted too sick,0.14416220474976357,Q1,Heart,PM2.5,73497,73497,2.8250881745723935,7.007795178528987,Q1 (2.8-7 ug/m3),4.333333333333333
1582.75,Transplant,0.7859195214702542,Q1,Heart,PM2.5,73497,73497,2.8250881745723935,7.007795178528987,Q1 (2.8-7 ug/m3),4.333333333333333
1613.1875,Death/delisted too sick,0.14514515468450262,Q1,Heart,PM2.5,73497,73497,2.8250881745723935,7.007795178528987,Q1 (2.8-7 ug/m3),4.416666666666667
1613.1875,Transplant,0.7876821020456907,Q1,Heart,PM2.5,73497,73497,2.8250881745723935,7.007795178528987,Q1 (2.8-7 ug/m3),4.416666666666667
1643.625,Death/delisted too sick,0.1461079683244049,Q1,Heart,PM2.5,73497,73497,2.8250881745723935,7.007795178528987,Q1 (2.8-7 ug/m3),4.5
1643.625,Transplant,0.7890637495123309,Q1,Heart,PM2.5,73497,73497,2.8250881745723935,7.007795178528987,Q1 (2.8-7 ug/m3),4.5
1674.0625,Death/delisted too sick,0.14704695047660996,Q1,Heart,PM2.5,73497,73497,2.8250881745723935,7.007795178528987,Q1 (2.8-7 ug/m3),4.583333333333333
1674.0625,Transplant,0.7912282765054186,Q1,Heart,PM2.5,73497,73497,2.8250881745723935,7.007795178528987,Q1 (2.8-7 ug/m3),4.583333333333333
1704.5,Death/delisted too sick,0.14711111360198806,Q1,Heart,PM2.5,73497,73497,2.8250881745723935,7.007795178528987,Q1 (2.8-7 ug/m3),4.666666666666667
1704.5,Transplant,0.7923486631992603,Q1,Heart,PM2.5,73497,73497,2.8250881745723935,7.007795178528987,Q1 (2.8-7 ug/m3),4.666666666666667
1734.9375,Death/delisted too sick,0.1474200161226635,Q1,Heart,PM2.5,73497,73497,2.8250881745723935,7.007795178528987,Q1 (2.8-7 ug/m3),4.75
1734.9375,Transplant,0.7934205853038103,Q1,Heart,PM2.5,73497,73497,2.8250881745723935,7.007795178528987,Q1 (2.8-7 ug/m3),4.75
1765.375,Death/delisted too sick,0.14760993283892967,Q1,Heart,PM2.5,73497,73497,2.8250881745723935,7.007795178528987,Q1 (2.8-7 ug/m3),4.833333333333333
1765.375,Transplant,0.7938460741936321,Q1,Heart,PM2.5,73497,73497,2.8250881745723935,7.007795178528987,Q1 (2.8-7 ug/m3),4.833333333333333
1795.8125,Death/delisted too sick,0.14856642482607457,Q1,Heart,PM2.5,73497,73497,2.8250881745723935,7.007795178528987,Q1 (2.8-7 ug/m3),4.916666666666667
1795.8125,Transplant,0.7952162230728956,Q1,Heart,PM2.5,73497,73497,2.8250881745723935,7.007795178528987,Q1 (2.8-7 ug/m3),4.916666666666667
1826.25,Death/delisted too sick,0.14924554140415022,Q1,Heart,PM2.5,73497,73497,2.8250881745723935,7.007795178528987,Q1 (2.8-7 ug/m3),5
1826.25,Transplant,0.79700639987694,Q1,Heart,PM2.5,73497,73497,2.8250881745723935,7.007795178528987,Q1 (2.8-7 ug/m3),5
0,Death/delisted too sick,0,Q2,Heart,PM2.5,73497,73497,7.007795178528987,8.162267424007158,Q2 (7-8.2 ug/m3),0
0,Transplant,0,Q2,Heart,PM2.5,73497,73497,7.007795178528987,8.162267424007158,Q2 (7-8.2 ug/m3),0
30.4375,Death/delisted too sick,0.03641335627807508,Q2,Heart,PM2.5,73497,73497,7.007795178528987,8.162267424007158,Q2 (7-8.2 ug/m3),0.08333333333333333
30.4375,Transplant,0.24013145205928485,Q2,Heart,PM2.5,73497,73497,7.007795178528987,8.162267424007158,Q2 (7-8.2 ug/m3),0.08333333333333333
60.875,Death/delisted too sick,0.05551149082490886,Q2,Heart,PM2.5,73497,73497,7.007795178528987,8.162267424007158,Q2 (7-8.2 ug/m3),0.16666666666666666
60.875,Transplant,0.33399742439032315,Q2,Heart,PM2.5,73497,73497,7.007795178528987,8.162267424007158,Q2 (7-8.2 ug/m3),0.16666666666666666
91.3125,Death/delisted too sick,0.06612066922540022,Q2,Heart,PM2.5,73497,73497,7.007795178528987,8.162267424007158,Q2 (7-8.2 ug/m3),0.25
91.3125,Transplant,0.4001622526336268,Q2,Heart,PM2.5,73497,73497,7.007795178528987,8.162267424007158,Q2 (7-8.2 ug/m3),0.25
121.75,Death/delisted too sick,0.07312581832464564,Q2,Heart,PM2.5,73497,73497,7.007795178528987,8.162267424007158,Q2 (7-8.2 ug/m3),0.3333333333333333
121.75,Transplant,0.446046578010798,Q2,Heart,PM2.5,73497,73497,7.007795178528987,8.162267424007158,Q2 (7-8.2 ug/m3),0.3333333333333333
152.1875,Death/delisted too sick,0.08033381793802478,Q2,Heart,PM2.5,73497,73497,7.007795178528987,8.162267424007158,Q2 (7-8.2 ug/m3),0.4166666666666667
152.1875,Transplant,0.4791535035165706,Q2,Heart,PM2.5,73497,73497,7.007795178528987,8.162267424007158,Q2 (7-8.2 ug/m3),0.4166666666666667
182.625,Death/delisted too sick,0.08450113113351802,Q2,Heart,PM2.5,73497,73497,7.007795178528987,8.162267424007158,Q2 (7-8.2 ug/m3),0.5
182.625,Transplant,0.5095011490906101,Q2,Heart,PM2.5,73497,73497,7.007795178528987,8.162267424007158,Q2 (7-8.2 ug/m3),0.5
213.0625,Death/delisted too sick,0.08809793017321467,Q2,Heart,PM2.5,73497,73497,7.007795178528987,8.162267424007158,Q2 (7-8.2 ug/m3),0.5833333333333334
213.0625,Transplant,0.5348878681757416,Q2,Heart,PM2.5,73497,73497,7.007795178528987,8.162267424007158,Q2 (7-8.2 ug/m3),0.5833333333333334
243.5,Death/delisted too sick,0.09210241321154831,Q2,Heart,PM2.5,73497,73497,7.007795178528987,8.162267424007158,Q2 (7-8.2 ug/m3),0.6666666666666666
243.5,Transplant,0.5563054435290085,Q2,Heart,PM2.5,73497,73497,7.007795178528987,8.162267424007158,Q2 (7-8.2 ug/m3),0.6666666666666666
273.9375,Death/delisted too sick,0.09669444269607978,Q2,Heart,PM2.5,73497,73497,7.007795178528987,8.162267424007158,Q2 (7-8.2 ug/m3),0.75
273.9375,Transplant,0.572022869711811,Q2,Heart,PM2.5,73497,73497,7.007795178528987,8.162267424007158,Q2 (7-8.2 ug/m3),0.75
304.375,Death/delisted too sick,0.10069228752661501,Q2,Heart,PM2.5,73497,73497,7.007795178528987,8.162267424007158,Q2 (7-8.2 ug/m3),0.8333333333333334
304.375,Transplant,0.5890640041216112,Q2,Heart,PM2.5,73497,73497,7.007795178528987,8.162267424007158,Q2 (7-8.2 ug/m3),0.8333333333333334
334.8125,Death/delisted too sick,0.10323130818256625,Q2,Heart,PM2.5,73497,73497,7.007795178528987,8.162267424007158,Q2 (7-8.2 ug/m3),0.9166666666666666
334.8125,Transplant,0.6034890321004265,Q2,Heart,PM2.5,73497,73497,7.007795178528987,8.162267424007158,Q2 (7-8.2 ug/m3),0.9166666666666666
365.25,Death/delisted too sick,0.10588553449374964,Q2,Heart,PM2.5,73497,73497,7.007795178528987,8.162267424007158,Q2 (7-8.2 ug/m3),1
365.25,Transplant,0.6139001530054582,Q2,Heart,PM2.5,73497,73497,7.007795178528987,8.162267424007158,Q2 (7-8.2 ug/m3),1
395.6875,Death/delisted too sick,0.1085269166200829,Q2,Heart,PM2.5,73497,73497,7.007795178528987,8.162267424007158,Q2 (7-8.2 ug/m3),1.0833333333333333
395.6875,Transplant,0.6224167787489194,Q2,Heart,PM2.5,73497,73497,7.007795178528987,8.162267424007158,Q2 (7-8.2 ug/m3),1.0833333333333333
426.125,Death/delisted too sick,0.11148300937792527,Q2,Heart,PM2.5,73497,73497,7.007795178528987,8.162267424007158,Q2 (7-8.2 ug/m3),1.1666666666666667
426.125,Transplant,0.6327316575711792,Q2,Heart,PM2.5,73497,73497,7.007795178528987,8.162267424007158,Q2 (7-8.2 ug/m3),1.1666666666666667
456.5625,Death/delisted too sick,0.11358210212737203,Q2,Heart,PM2.5,73497,73497,7.007795178528987,8.162267424007158,Q2 (7-8.2 ug/m3),1.25
456.5625,Transplant,0.6412541443375956,Q2,Heart,PM2.5,73497,73497,7.007795178528987,8.162267424007158,Q2 (7-8.2 ug/m3),1.25
487,Death/delisted too sick,0.11615363486276345,Q2,Heart,PM2.5,73497,73497,7.007795178528987,8.162267424007158,Q2 (7-8.2 ug/m3),1.3333333333333333
487,Transplant,0.6510064543752687,Q2,Heart,PM2.5,73497,73497,7.007795178528987,8.162267424007158,Q2 (7-8.2 ug/m3),1.3333333333333333
517.4375,Death/delisted too sick,0.11802467298173942,Q2,Heart,PM2.5,73497,73497,7.007795178528987,8.162267424007158,Q2 (7-8.2 ug/m3),1.4166666666666667
517.4375,Transplant,0.6581647236119312,Q2,Heart,PM2.5,73497,73497,7.007795178528987,8.162267424007158,Q2 (7-8.2 ug/m3),1.4166666666666667
547.875,Death/delisted too sick,0.11957870739929927,Q2,Heart,PM2.5,73497,73497,7.007795178528987,8.162267424007158,Q2 (7-8.2 ug/m3),1.5
547.875,Transplant,0.6668925435683222,Q2,Heart,PM2.5,73497,73497,7.007795178528987,8.162267424007158,Q2 (7-8.2 ug/m3),1.5
578.3125,Death/delisted too sick,0.12065786784866227,Q2,Heart,PM2.5,73497,73497,7.007795178528987,8.162267424007158,Q2 (7-8.2 ug/m3),1.5833333333333333
578.3125,Transplant,0.6733698594825676,Q2,Heart,PM2.5,73497,73497,7.007795178528987,8.162267424007158,Q2 (7-8.2 ug/m3),1.5833333333333333
608.75,Death/delisted too sick,0.1231069912062199,Q2,Heart,PM2.5,73497,73497,7.007795178528987,8.162267424007158,Q2 (7-8.2 ug/m3),1.6666666666666667
608.75,Transplant,0.6794174984521867,Q2,Heart,PM2.5,73497,73497,7.007795178528987,8.162267424007158,Q2 (7-8.2 ug/m3),1.6666666666666667
639.1875,Death/delisted too sick,0.12474216632577446,Q2,Heart,PM2.5,73497,73497,7.007795178528987,8.162267424007158,Q2 (7-8.2 ug/m3),1.75
639.1875,Transplant,0.685222983468936,Q2,Heart,PM2.5,73497,73497,7.007795178528987,8.162267424007158,Q2 (7-8.2 ug/m3),1.75
669.625,Death/delisted too sick,0.1265347329232395,Q2,Heart,PM2.5,73497,73497,7.007795178528987,8.162267424007158,Q2 (7-8.2 ug/m3),1.8333333333333333
669.625,Transplant,0.691895576649993,Q2,Heart,PM2.5,73497,73497,7.007795178528987,8.162267424007158,Q2 (7-8.2 ug/m3),1.8333333333333333
700.0625,Death/delisted too sick,0.12787788115613868,Q2,Heart,PM2.5,73497,73497,7.007795178528987,8.162267424007158,Q2 (7-8.2 ug/m3),1.9166666666666667
700.0625,Transplant,0.6967994409675156,Q2,Heart,PM2.5,73497,73497,7.007795178528987,8.162267424007158,Q2 (7-8.2 ug/m3),1.9166666666666667
730.5,Death/delisted too sick,0.1295650339327458,Q2,Heart,PM2.5,73497,73497,7.007795178528987,8.162267424007158,Q2 (7-8.2 ug/m3),2
730.5,Transplant,0.7023741048598879,Q2,Heart,PM2.5,73497,73497,7.007795178528987,8.162267424007158,Q2 (7-8.2 ug/m3),2
760.9375,Death/delisted too sick,0.12992356390410667,Q2,Heart,PM2.5,73497,73497,7.007795178528987,8.162267424007158,Q2 (7-8.2 ug/m3),2.0833333333333335
760.9375,Transplant,0.7062269224265689,Q2,Heart,PM2.5,73497,73497,7.007795178528987,8.162267424007158,Q2 (7-8.2 ug/m3),2.0833333333333335
791.375,Death/delisted too sick,0.13186414436531918,Q2,Heart,PM2.5,73497,73497,7.007795178528987,8.162267424007158,Q2 (7-8.2 ug/m3),2.1666666666666665
791.375,Transplant,0.7096644867921622,Q2,Heart,PM2.5,73497,73497,7.007795178528987,8.162267424007158,Q2 (7-8.2 ug/m3),2.1666666666666665
821.8125,Death/delisted too sick,0.13335119101770343,Q2,Heart,PM2.5,73497,73497,7.007795178528987,8.162267424007158,Q2 (7-8.2 ug/m3),2.25
821.8125,Transplant,0.7136104400599976,Q2,Heart,PM2.5,73497,73497,7.007795178528987,8.162267424007158,Q2 (7-8.2 ug/m3),2.25
852.25,Death/delisted too sick,0.1348965447048908,Q2,Heart,PM2.5,73497,73497,7.007795178528987,8.162267424007158,Q2 (7-8.2 ug/m3),2.3333333333333335
852.25,Transplant,0.7182361203459352,Q2,Heart,PM2.5,73497,73497,7.007795178528987,8.162267424007158,Q2 (7-8.2 ug/m3),2.3333333333333335
882.6875,Death/delisted too sick,0.13594209618723455,Q2,Heart,PM2.5,73497,73497,7.007795178528987,8.162267424007158,Q2 (7-8.2 ug/m3),2.4166666666666665
882.6875,Transplant,0.7216569347948507,Q2,Heart,PM2.5,73497,73497,7.007795178528987,8.162267424007158,Q2 (7-8.2 ug/m3),2.4166666666666665
913.125,Death/delisted too sick,0.13714807621346084,Q2,Heart,PM2.5,73497,73497,7.007795178528987,8.162267424007158,Q2 (7-8.2 ug/m3),2.5
913.125,Transplant,0.7249861359639669,Q2,Heart,PM2.5,73497,73497,7.007795178528987,8.162267424007158,Q2 (7-8.2 ug/m3),2.5
943.5625,Death/delisted too sick,0.1390750619304118,Q2,Heart,PM2.5,73497,73497,7.007795178528987,8.162267424007158,Q2 (7-8.2 ug/m3),2.5833333333333335
943.5625,Transplant,0.7272166370036832,Q2,Heart,PM2.5,73497,73497,7.007795178528987,8.162267424007158,Q2 (7-8.2 ug/m3),2.5833333333333335
974,Death/delisted too sick,0.1399852151136532,Q2,Heart,PM2.5,73497,73497,7.007795178528987,8.162267424007158,Q2 (7-8.2 ug/m3),2.6666666666666665
974,Transplant,0.7308490768530673,Q2,Heart,PM2.5,73497,73497,7.007795178528987,8.162267424007158,Q2 (7-8.2 ug/m3),2.6666666666666665
1004.4375,Death/delisted too sick,0.1406276088634369,Q2,Heart,PM2.5,73497,73497,7.007795178528987,8.162267424007158,Q2 (7-8.2 ug/m3),2.75
1004.4375,Transplant,0.73200670930903,Q2,Heart,PM2.5,73497,73497,7.007795178528987,8.162267424007158,Q2 (7-8.2 ug/m3),2.75
1034.875,Death/delisted too sick,0.14174252205612725,Q2,Heart,PM2.5,73497,73497,7.007795178528987,8.162267424007158,Q2 (7-8.2 ug/m3),2.8333333333333335
1034.875,Transplant,0.7366749282203072,Q2,Heart,PM2.5,73497,73497,7.007795178528987,8.162267424007158,Q2 (7-8.2 ug/m3),2.8333333333333335
1065.3125,Death/delisted too sick,0.14248639989329973,Q2,Heart,PM2.5,73497,73497,7.007795178528987,8.162267424007158,Q2 (7-8.2 ug/m3),2.9166666666666665
1065.3125,Transplant,0.7398395571427728,Q2,Heart,PM2.5,73497,73497,7.007795178528987,8.162267424007158,Q2 (7-8.2 ug/m3),2.9166666666666665
1095.75,Death/delisted too sick,0.14267383217005883,Q2,Heart,PM2.5,73497,73497,7.007795178528987,8.162267424007158,Q2 (7-8.2 ug/m3),3
1095.75,Transplant,0.7420218940597001,Q2,Heart,PM2.5,73497,73497,7.007795178528987,8.162267424007158,Q2 (7-8.2 ug/m3),3
1126.1875,Death/delisted too sick,0.14356711517509443,Q2,Heart,PM2.5,73497,73497,7.007795178528987,8.162267424007158,Q2 (7-8.2 ug/m3),3.0833333333333335
1126.1875,Transplant,0.7445829672573986,Q2,Heart,PM2.5,73497,73497,7.007795178528987,8.162267424007158,Q2 (7-8.2 ug/m3),3.0833333333333335
1156.625,Death/delisted too sick,0.14405725069443284,Q2,Heart,PM2.5,73497,73497,7.007795178528987,8.162267424007158,Q2 (7-8.2 ug/m3),3.1666666666666665
1156.625,Transplant,0.7461520708523747,Q2,Heart,PM2.5,73497,73497,7.007795178528987,8.162267424007158,Q2 (7-8.2 ug/m3),3.1666666666666665
1187.0625,Death/delisted too sick,0.14523656936799484,Q2,Heart,PM2.5,73497,73497,7.007795178528987,8.162267424007158,Q2 (7-8.2 ug/m3),3.25
1187.0625,Transplant,0.7479267719971066,Q2,Heart,PM2.5,73497,73497,7.007795178528987,8.162267424007158,Q2 (7-8.2 ug/m3),3.25
1217.5,Death/delisted too sick,0.14607177860105292,Q2,Heart,PM2.5,73497,73497,7.007795178528987,8.162267424007158,Q2 (7-8.2 ug/m3),3.3333333333333335
1217.5,Transplant,0.7504144947148655,Q2,Heart,PM2.5,73497,73497,7.007795178528987,8.162267424007158,Q2 (7-8.2 ug/m3),3.3333333333333335
1247.9375,Death/delisted too sick,0.1463461858795548,Q2,Heart,PM2.5,73497,73497,7.007795178528987,8.162267424007158,Q2 (7-8.2 ug/m3),3.4166666666666665
1247.9375,Transplant,0.7535141708841631,Q2,Heart,PM2.5,73497,73497,7.007795178528987,8.162267424007158,Q2 (7-8.2 ug/m3),3.4166666666666665
1278.375,Death/delisted too sick,0.14675229466556247,Q2,Heart,PM2.5,73497,73497,7.007795178528987,8.162267424007158,Q2 (7-8.2 ug/m3),3.5
1278.375,Transplant,0.7550537513168574,Q2,Heart,PM2.5,73497,73497,7.007795178528987,8.162267424007158,Q2 (7-8.2 ug/m3),3.5
1308.8125,Death/delisted too sick,0.1481082539642242,Q2,Heart,PM2.5,73497,73497,7.007795178528987,8.162267424007158,Q2 (7-8.2 ug/m3),3.5833333333333335
1308.8125,Transplant,0.7565068467499945,Q2,Heart,PM2.5,73497,73497,7.007795178528987,8.162267424007158,Q2 (7-8.2 ug/m3),3.5833333333333335
1339.25,Death/delisted too sick,0.14971914953478577,Q2,Heart,PM2.5,73497,73497,7.007795178528987,8.162267424007158,Q2 (7-8.2 ug/m3),3.6666666666666665
1339.25,Transplant,0.7582257693412381,Q2,Heart,PM2.5,73497,73497,7.007795178528987,8.162267424007158,Q2 (7-8.2 ug/m3),3.6666666666666665
1369.6875,Death/delisted too sick,0.15002039962116973,Q2,Heart,PM2.5,73497,73497,7.007795178528987,8.162267424007158,Q2 (7-8.2 ug/m3),3.75
1369.6875,Transplant,0.7610694384016982,Q2,Heart,PM2.5,73497,73497,7.007795178528987,8.162267424007158,Q2 (7-8.2 ug/m3),3.75
1400.125,Death/delisted too sick,0.15014503830585757,Q2,Heart,PM2.5,73497,73497,7.007795178528987,8.162267424007158,Q2 (7-8.2 ug/m3),3.8333333333333335
1400.125,Transplant,0.7625958946956878,Q2,Heart,PM2.5,73497,73497,7.007795178528987,8.162267424007158,Q2 (7-8.2 ug/m3),3.8333333333333335
1430.5625,Death/delisted too sick,0.15122745015903158,Q2,Heart,PM2.5,73497,73497,7.007795178528987,8.162267424007158,Q2 (7-8.2 ug/m3),3.9166666666666665
1430.5625,Transplant,0.7647423910074241,Q2,Heart,PM2.5,73497,73497,7.007795178528987,8.162267424007158,Q2 (7-8.2 ug/m3),3.9166666666666665
1461,Death/delisted too sick,0.15255049583055105,Q2,Heart,PM2.5,73497,73497,7.007795178528987,8.162267424007158,Q2 (7-8.2 ug/m3),4
1461,Transplant,0.7673979418135504,Q2,Heart,PM2.5,73497,73497,7.007795178528987,8.162267424007158,Q2 (7-8.2 ug/m3),4
1491.4375,Death/delisted too sick,0.1530413078743319,Q2,Heart,PM2.5,73497,73497,7.007795178528987,8.162267424007158,Q2 (7-8.2 ug/m3),4.083333333333333
1491.4375,Transplant,0.7683701205440732,Q2,Heart,PM2.5,73497,73497,7.007795178528987,8.162267424007158,Q2 (7-8.2 ug/m3),4.083333333333333
1521.875,Death/delisted too sick,0.1530413078743319,Q2,Heart,PM2.5,73497,73497,7.007795178528987,8.162267424007158,Q2 (7-8.2 ug/m3),4.166666666666667
1521.875,Transplant,0.7695980305043207,Q2,Heart,PM2.5,73497,73497,7.007795178528987,8.162267424007158,Q2 (7-8.2 ug/m3),4.166666666666667
1552.3125,Death/delisted too sick,0.15328508427762588,Q2,Heart,PM2.5,73497,73497,7.007795178528987,8.162267424007158,Q2 (7-8.2 ug/m3),4.25
1552.3125,Transplant,0.7710245729648352,Q2,Heart,PM2.5,73497,73497,7.007795178528987,8.162267424007158,Q2 (7-8.2 ug/m3),4.25
1582.75,Death/delisted too sick,0.153464609696725,Q2,Heart,PM2.5,73497,73497,7.007795178528987,8.162267424007158,Q2 (7-8.2 ug/m3),4.333333333333333
1582.75,Transplant,0.7711823852795482,Q2,Heart,PM2.5,73497,73497,7.007795178528987,8.162267424007158,Q2 (7-8.2 ug/m3),4.333333333333333
1613.1875,Death/delisted too sick,0.1546074098631616,Q2,Heart,PM2.5,73497,73497,7.007795178528987,8.162267424007158,Q2 (7-8.2 ug/m3),4.416666666666667
1613.1875,Transplant,0.773022375835713,Q2,Heart,PM2.5,73497,73497,7.007795178528987,8.162267424007158,Q2 (7-8.2 ug/m3),4.416666666666667
1643.625,Death/delisted too sick,0.1552613777672811,Q2,Heart,PM2.5,73497,73497,7.007795178528987,8.162267424007158,Q2 (7-8.2 ug/m3),4.5
1643.625,Transplant,0.775152843993141,Q2,Heart,PM2.5,73497,73497,7.007795178528987,8.162267424007158,Q2 (7-8.2 ug/m3),4.5
1674.0625,Death/delisted too sick,0.15569145779592963,Q2,Heart,PM2.5,73497,73497,7.007795178528987,8.162267424007158,Q2 (7-8.2 ug/m3),4.583333333333333
1674.0625,Transplant,0.7767649667812009,Q2,Heart,PM2.5,73497,73497,7.007795178528987,8.162267424007158,Q2 (7-8.2 ug/m3),4.583333333333333
1704.5,Death/delisted too sick,0.1562594513534253,Q2,Heart,PM2.5,73497,73497,7.007795178528987,8.162267424007158,Q2 (7-8.2 ug/m3),4.666666666666667
1704.5,Transplant,0.7777164988545834,Q2,Heart,PM2.5,73497,73497,7.007795178528987,8.162267424007158,Q2 (7-8.2 ug/m3),4.666666666666667
1734.9375,Death/delisted too sick,0.1584748139309135,Q2,Heart,PM2.5,73497,73497,7.007795178528987,8.162267424007158,Q2 (7-8.2 ug/m3),4.75
1734.9375,Transplant,0.7789153243088511,Q2,Heart,PM2.5,73497,73497,7.007795178528987,8.162267424007158,Q2 (7-8.2 ug/m3),4.75
1765.375,Death/delisted too sick,0.15942041558281655,Q2,Heart,PM2.5,73497,73497,7.007795178528987,8.162267424007158,Q2 (7-8.2 ug/m3),4.833333333333333
1765.375,Transplant,0.7802322011413676,Q2,Heart,PM2.5,73497,73497,7.007795178528987,8.162267424007158,Q2 (7-8.2 ug/m3),4.833333333333333
1795.8125,Death/delisted too sick,0.15987946909093534,Q2,Heart,PM2.5,73497,73497,7.007795178528987,8.162267424007158,Q2 (7-8.2 ug/m3),4.916666666666667
1795.8125,Transplant,0.782034924432109,Q2,Heart,PM2.5,73497,73497,7.007795178528987,8.162267424007158,Q2 (7-8.2 ug/m3),4.916666666666667
1826.25,Death/delisted too sick,0.16034974866564738,Q2,Heart,PM2.5,73497,73497,7.007795178528987,8.162267424007158,Q2 (7-8.2 ug/m3),5
1826.25,Transplant,0.783555761769098,Q2,Heart,PM2.5,73497,73497,7.007795178528987,8.162267424007158,Q2 (7-8.2 ug/m3),5
0,Death/delisted too sick,0,Q3,Heart,PM2.5,73497,73497,8.162267424007158,9.70957664331776,Q3 (8.2-9.7 ug/m3),0
0,Transplant,0,Q3,Heart,PM2.5,73497,73497,8.162267424007158,9.70957664331776,Q3 (8.2-9.7 ug/m3),0
30.4375,Death/delisted too sick,0.0332438160896287,Q3,Heart,PM2.5,73497,73497,8.162267424007158,9.70957664331776,Q3 (8.2-9.7 ug/m3),0.08333333333333333
30.4375,Transplant,0.2493499361829666,Q3,Heart,PM2.5,73497,73497,8.162267424007158,9.70957664331776,Q3 (8.2-9.7 ug/m3),0.08333333333333333
60.875,Death/delisted too sick,0.05053269481950447,Q3,Heart,PM2.5,73497,73497,8.162267424007158,9.70957664331776,Q3 (8.2-9.7 ug/m3),0.16666666666666666
60.875,Transplant,0.3486830298355411,Q3,Heart,PM2.5,73497,73497,8.162267424007158,9.70957664331776,Q3 (8.2-9.7 ug/m3),0.16666666666666666
91.3125,Death/delisted too sick,0.06320073036436201,Q3,Heart,PM2.5,73497,73497,8.162267424007158,9.70957664331776,Q3 (8.2-9.7 ug/m3),0.25
91.3125,Transplant,0.4126466829345536,Q3,Heart,PM2.5,73497,73497,8.162267424007158,9.70957664331776,Q3 (8.2-9.7 ug/m3),0.25
121.75,Death/delisted too sick,0.07039084310936318,Q3,Heart,PM2.5,73497,73497,8.162267424007158,9.70957664331776,Q3 (8.2-9.7 ug/m3),0.3333333333333333
121.75,Transplant,0.4570603646835363,Q3,Heart,PM2.5,73497,73497,8.162267424007158,9.70957664331776,Q3 (8.2-9.7 ug/m3),0.3333333333333333
152.1875,Death/delisted too sick,0.07691496664585012,Q3,Heart,PM2.5,73497,73497,8.162267424007158,9.70957664331776,Q3 (8.2-9.7 ug/m3),0.4166666666666667
152.1875,Transplant,0.4934742111541497,Q3,Heart,PM2.5,73497,73497,8.162267424007158,9.70957664331776,Q3 (8.2-9.7 ug/m3),0.4166666666666667
182.625,Death/delisted too sick,0.08225001978108872,Q3,Heart,PM2.5,73497,73497,8.162267424007158,9.70957664331776,Q3 (8.2-9.7 ug/m3),0.5
182.625,Transplant,0.523645539247479,Q3,Heart,PM2.5,73497,73497,8.162267424007158,9.70957664331776,Q3 (8.2-9.7 ug/m3),0.5
213.0625,Death/delisted too sick,0.08589744352913244,Q3,Heart,PM2.5,73497,73497,8.162267424007158,9.70957664331776,Q3 (8.2-9.7 ug/m3),0.5833333333333334
213.0625,Transplant,0.5473727475809047,Q3,Heart,PM2.5,73497,73497,8.162267424007158,9.70957664331776,Q3 (8.2-9.7 ug/m3),0.5833333333333334
243.5,Death/delisted too sick,0.08965748316836597,Q3,Heart,PM2.5,73497,73497,8.162267424007158,9.70957664331776,Q3 (8.2-9.7 ug/m3),0.6666666666666666
243.5,Transplant,0.5676044600539204,Q3,Heart,PM2.5,73497,73497,8.162267424007158,9.70957664331776,Q3 (8.2-9.7 ug/m3),0.6666666666666666
273.9375,Death/delisted too sick,0.09300801504014837,Q3,Heart,PM2.5,73497,73497,8.162267424007158,9.70957664331776,Q3 (8.2-9.7 ug/m3),0.75
273.9375,Transplant,0.5851581814752732,Q3,Heart,PM2.5,73497,73497,8.162267424007158,9.70957664331776,Q3 (8.2-9.7 ug/m3),0.75
304.375,Death/delisted too sick,0.09670549210301627,Q3,Heart,PM2.5,73497,73497,8.162267424007158,9.70957664331776,Q3 (8.2-9.7 ug/m3),0.8333333333333334
304.375,Transplant,0.6010669554225831,Q3,Heart,PM2.5,73497,73497,8.162267424007158,9.70957664331776,Q3 (8.2-9.7 ug/m3),0.8333333333333334
334.8125,Death/delisted too sick,0.09896670546882139,Q3,Heart,PM2.5,73497,73497,8.162267424007158,9.70957664331776,Q3 (8.2-9.7 ug/m3),0.9166666666666666
334.8125,Transplant,0.613692850570036,Q3,Heart,PM2.5,73497,73497,8.162267424007158,9.70957664331776,Q3 (8.2-9.7 ug/m3),0.9166666666666666
365.25,Death/delisted too sick,0.10211001758492413,Q3,Heart,PM2.5,73497,73497,8.162267424007158,9.70957664331776,Q3 (8.2-9.7 ug/m3),1
365.25,Transplant,0.6263799425263459,Q3,Heart,PM2.5,73497,73497,8.162267424007158,9.70957664331776,Q3 (8.2-9.7 ug/m3),1
395.6875,Death/delisted too sick,0.10515942930994789,Q3,Heart,PM2.5,73497,73497,8.162267424007158,9.70957664331776,Q3 (8.2-9.7 ug/m3),1.0833333333333333
395.6875,Transplant,0.6367557887242487,Q3,Heart,PM2.5,73497,73497,8.162267424007158,9.70957664331776,Q3 (8.2-9.7 ug/m3),1.0833333333333333
426.125,Death/delisted too sick,0.10751461918565468,Q3,Heart,PM2.5,73497,73497,8.162267424007158,9.70957664331776,Q3 (8.2-9.7 ug/m3),1.1666666666666667
426.125,Transplant,0.6476330670440716,Q3,Heart,PM2.5,73497,73497,8.162267424007158,9.70957664331776,Q3 (8.2-9.7 ug/m3),1.1666666666666667
456.5625,Death/delisted too sick,0.10990567610852918,Q3,Heart,PM2.5,73497,73497,8.162267424007158,9.70957664331776,Q3 (8.2-9.7 ug/m3),1.25
456.5625,Transplant,0.657609029688069,Q3,Heart,PM2.5,73497,73497,8.162267424007158,9.70957664331776,Q3 (8.2-9.7 ug/m3),1.25
487,Death/delisted too sick,0.11141821459511922,Q3,Heart,PM2.5,73497,73497,8.162267424007158,9.70957664331776,Q3 (8.2-9.7 ug/m3),1.3333333333333333
487,Transplant,0.6652616242918108,Q3,Heart,PM2.5,73497,73497,8.162267424007158,9.70957664331776,Q3 (8.2-9.7 ug/m3),1.3333333333333333
517.4375,Death/delisted too sick,0.11323431507364616,Q3,Heart,PM2.5,73497,73497,8.162267424007158,9.70957664331776,Q3 (8.2-9.7 ug/m3),1.4166666666666667
517.4375,Transplant,0.6713920442158045,Q3,Heart,PM2.5,73497,73497,8.162267424007158,9.70957664331776,Q3 (8.2-9.7 ug/m3),1.4166666666666667
547.875,Death/delisted too sick,0.11490458058011091,Q3,Heart,PM2.5,73497,73497,8.162267424007158,9.70957664331776,Q3 (8.2-9.7 ug/m3),1.5
547.875,Transplant,0.6784513778521394,Q3,Heart,PM2.5,73497,73497,8.162267424007158,9.70957664331776,Q3 (8.2-9.7 ug/m3),1.5
578.3125,Death/delisted too sick,0.11597135686550226,Q3,Heart,PM2.5,73497,73497,8.162267424007158,9.70957664331776,Q3 (8.2-9.7 ug/m3),1.5833333333333333
578.3125,Transplant,0.6847000427468476,Q3,Heart,PM2.5,73497,73497,8.162267424007158,9.70957664331776,Q3 (8.2-9.7 ug/m3),1.5833333333333333
608.75,Death/delisted too sick,0.11803242679359867,Q3,Heart,PM2.5,73497,73497,8.162267424007158,9.70957664331776,Q3 (8.2-9.7 ug/m3),1.6666666666666667
608.75,Transplant,0.69118532437383,Q3,Heart,PM2.5,73497,73497,8.162267424007158,9.70957664331776,Q3 (8.2-9.7 ug/m3),1.6666666666666667
639.1875,Death/delisted too sick,0.12019410406911007,Q3,Heart,PM2.5,73497,73497,8.162267424007158,9.70957664331776,Q3 (8.2-9.7 ug/m3),1.75
639.1875,Transplant,0.6960305900600408,Q3,Heart,PM2.5,73497,73497,8.162267424007158,9.70957664331776,Q3 (8.2-9.7 ug/m3),1.75
669.625,Death/delisted too sick,0.12206628664596123,Q3,Heart,PM2.5,73497,73497,8.162267424007158,9.70957664331776,Q3 (8.2-9.7 ug/m3),1.8333333333333333
669.625,Transplant,0.7010333073508657,Q3,Heart,PM2.5,73497,73497,8.162267424007158,9.70957664331776,Q3 (8.2-9.7 ug/m3),1.8333333333333333
700.0625,Death/delisted too sick,0.12342213481707255,Q3,Heart,PM2.5,73497,73497,8.162267424007158,9.70957664331776,Q3 (8.2-9.7 ug/m3),1.9166666666666667
700.0625,Transplant,0.7058511345833792,Q3,Heart,PM2.5,73497,73497,8.162267424007158,9.70957664331776,Q3 (8.2-9.7 ug/m3),1.9166666666666667
730.5,Death/delisted too sick,0.1243861500963242,Q3,Heart,PM2.5,73497,73497,8.162267424007158,9.70957664331776,Q3 (8.2-9.7 ug/m3),2
730.5,Transplant,0.710535162839662,Q3,Heart,PM2.5,73497,73497,8.162267424007158,9.70957664331776,Q3 (8.2-9.7 ug/m3),2
760.9375,Death/delisted too sick,0.12575381521341794,Q3,Heart,PM2.5,73497,73497,8.162267424007158,9.70957664331776,Q3 (8.2-9.7 ug/m3),2.0833333333333335
760.9375,Transplant,0.7150611119051277,Q3,Heart,PM2.5,73497,73497,8.162267424007158,9.70957664331776,Q3 (8.2-9.7 ug/m3),2.0833333333333335
791.375,Death/delisted too sick,0.1273045866544467,Q3,Heart,PM2.5,73497,73497,8.162267424007158,9.70957664331776,Q3 (8.2-9.7 ug/m3),2.1666666666666665
791.375,Transplant,0.719385618644043,Q3,Heart,PM2.5,73497,73497,8.162267424007158,9.70957664331776,Q3 (8.2-9.7 ug/m3),2.1666666666666665
821.8125,Death/delisted too sick,0.12882804697960892,Q3,Heart,PM2.5,73497,73497,8.162267424007158,9.70957664331776,Q3 (8.2-9.7 ug/m3),2.25
821.8125,Transplant,0.7228707635529941,Q3,Heart,PM2.5,73497,73497,8.162267424007158,9.70957664331776,Q3 (8.2-9.7 ug/m3),2.25
852.25,Death/delisted too sick,0.13046969867215255,Q3,Heart,PM2.5,73497,73497,8.162267424007158,9.70957664331776,Q3 (8.2-9.7 ug/m3),2.3333333333333335
852.25,Transplant,0.7265633538166384,Q3,Heart,PM2.5,73497,73497,8.162267424007158,9.70957664331776,Q3 (8.2-9.7 ug/m3),2.3333333333333335
882.6875,Death/delisted too sick,0.1313518398427704,Q3,Heart,PM2.5,73497,73497,8.162267424007158,9.70957664331776,Q3 (8.2-9.7 ug/m3),2.4166666666666665
882.6875,Transplant,0.7292559289968112,Q3,Heart,PM2.5,73497,73497,8.162267424007158,9.70957664331776,Q3 (8.2-9.7 ug/m3),2.4166666666666665
913.125,Death/delisted too sick,0.13305470143605627,Q3,Heart,PM2.5,73497,73497,8.162267424007158,9.70957664331776,Q3 (8.2-9.7 ug/m3),2.5
913.125,Transplant,0.7331528469758392,Q3,Heart,PM2.5,73497,73497,8.162267424007158,9.70957664331776,Q3 (8.2-9.7 ug/m3),2.5
943.5625,Death/delisted too sick,0.13362460012711447,Q3,Heart,PM2.5,73497,73497,8.162267424007158,9.70957664331776,Q3 (8.2-9.7 ug/m3),2.5833333333333335
943.5625,Transplant,0.7369915984857972,Q3,Heart,PM2.5,73497,73497,8.162267424007158,9.70957664331776,Q3 (8.2-9.7 ug/m3),2.5833333333333335
974,Death/delisted too sick,0.1346192723821098,Q3,Heart,PM2.5,73497,73497,8.162267424007158,9.70957664331776,Q3 (8.2-9.7 ug/m3),2.6666666666666665
974,Transplant,0.7396745885404022,Q3,Heart,PM2.5,73497,73497,8.162267424007158,9.70957664331776,Q3 (8.2-9.7 ug/m3),2.6666666666666665
1004.4375,Death/delisted too sick,0.13548866025734174,Q3,Heart,PM2.5,73497,73497,8.162267424007158,9.70957664331776,Q3 (8.2-9.7 ug/m3),2.75
1004.4375,Transplant,0.7427761363656946,Q3,Heart,PM2.5,73497,73497,8.162267424007158,9.70957664331776,Q3 (8.2-9.7 ug/m3),2.75
1034.875,Death/delisted too sick,0.13678074715753472,Q3,Heart,PM2.5,73497,73497,8.162267424007158,9.70957664331776,Q3 (8.2-9.7 ug/m3),2.8333333333333335
1034.875,Transplant,0.7447758750921939,Q3,Heart,PM2.5,73497,73497,8.162267424007158,9.70957664331776,Q3 (8.2-9.7 ug/m3),2.8333333333333335
1065.3125,Death/delisted too sick,0.1376751768741678,Q3,Heart,PM2.5,73497,73497,8.162267424007158,9.70957664331776,Q3 (8.2-9.7 ug/m3),2.9166666666666665
1065.3125,Transplant,0.7476742633720314,Q3,Heart,PM2.5,73497,73497,8.162267424007158,9.70957664331776,Q3 (8.2-9.7 ug/m3),2.9166666666666665
1095.75,Death/delisted too sick,0.13824537272685497,Q3,Heart,PM2.5,73497,73497,8.162267424007158,9.70957664331776,Q3 (8.2-9.7 ug/m3),3
1095.75,Transplant,0.7496129786969781,Q3,Heart,PM2.5,73497,73497,8.162267424007158,9.70957664331776,Q3 (8.2-9.7 ug/m3),3
1126.1875,Death/delisted too sick,0.13928285046695077,Q3,Heart,PM2.5,73497,73497,8.162267424007158,9.70957664331776,Q3 (8.2-9.7 ug/m3),3.0833333333333335
1126.1875,Transplant,0.7520816796441933,Q3,Heart,PM2.5,73497,73497,8.162267424007158,9.70957664331776,Q3 (8.2-9.7 ug/m3),3.0833333333333335
1156.625,Death/delisted too sick,0.14014091946783616,Q3,Heart,PM2.5,73497,73497,8.162267424007158,9.70957664331776,Q3 (8.2-9.7 ug/m3),3.1666666666666665
1156.625,Transplant,0.7536236015606024,Q3,Heart,PM2.5,73497,73497,8.162267424007158,9.70957664331776,Q3 (8.2-9.7 ug/m3),3.1666666666666665
1187.0625,Death/delisted too sick,0.1411543592190785,Q3,Heart,PM2.5,73497,73497,8.162267424007158,9.70957664331776,Q3 (8.2-9.7 ug/m3),3.25
1187.0625,Transplant,0.7551402123094618,Q3,Heart,PM2.5,73497,73497,8.162267424007158,9.70957664331776,Q3 (8.2-9.7 ug/m3),3.25
1217.5,Death/delisted too sick,0.14182023547033057,Q3,Heart,PM2.5,73497,73497,8.162267424007158,9.70957664331776,Q3 (8.2-9.7 ug/m3),3.3333333333333335
1217.5,Transplant,0.7560760582251276,Q3,Heart,PM2.5,73497,73497,8.162267424007158,9.70957664331776,Q3 (8.2-9.7 ug/m3),3.3333333333333335
1247.9375,Death/delisted too sick,0.14298829264104046,Q3,Heart,PM2.5,73497,73497,8.162267424007158,9.70957664331776,Q3 (8.2-9.7 ug/m3),3.4166666666666665
1247.9375,Transplant,0.7586229009729737,Q3,Heart,PM2.5,73497,73497,8.162267424007158,9.70957664331776,Q3 (8.2-9.7 ug/m3),3.4166666666666665
1278.375,Death/delisted too sick,0.14411626822139548,Q3,Heart,PM2.5,73497,73497,8.162267424007158,9.70957664331776,Q3 (8.2-9.7 ug/m3),3.5
1278.375,Transplant,0.7591089963536248,Q3,Heart,PM2.5,73497,73497,8.162267424007158,9.70957664331776,Q3 (8.2-9.7 ug/m3),3.5
1308.8125,Death/delisted too sick,0.1448351043122059,Q3,Heart,PM2.5,73497,73497,8.162267424007158,9.70957664331776,Q3 (8.2-9.7 ug/m3),3.5833333333333335
1308.8125,Transplant,0.7605990719400193,Q3,Heart,PM2.5,73497,73497,8.162267424007158,9.70957664331776,Q3 (8.2-9.7 ug/m3),3.5833333333333335
1339.25,Death/delisted too sick,0.14588999325059201,Q3,Heart,PM2.5,73497,73497,8.162267424007158,9.70957664331776,Q3 (8.2-9.7 ug/m3),3.6666666666666665
1339.25,Transplant,0.7616290187647234,Q3,Heart,PM2.5,73497,73497,8.162267424007158,9.70957664331776,Q3 (8.2-9.7 ug/m3),3.6666666666666665
1369.6875,Death/delisted too sick,0.1461665126606775,Q3,Heart,PM2.5,73497,73497,8.162267424007158,9.70957664331776,Q3 (8.2-9.7 ug/m3),3.75
1369.6875,Transplant,0.7635578142613523,Q3,Heart,PM2.5,73497,73497,8.162267424007158,9.70957664331776,Q3 (8.2-9.7 ug/m3),3.75
1400.125,Death/delisted too sick,0.14656588388357522,Q3,Heart,PM2.5,73497,73497,8.162267424007158,9.70957664331776,Q3 (8.2-9.7 ug/m3),3.8333333333333335
1400.125,Transplant,0.7647018402733974,Q3,Heart,PM2.5,73497,73497,8.162267424007158,9.70957664331776,Q3 (8.2-9.7 ug/m3),3.8333333333333335
1430.5625,Death/delisted too sick,0.1480882012193317,Q3,Heart,PM2.5,73497,73497,8.162267424007158,9.70957664331776,Q3 (8.2-9.7 ug/m3),3.9166666666666665
1430.5625,Transplant,0.765661829859233,Q3,Heart,PM2.5,73497,73497,8.162267424007158,9.70957664331776,Q3 (8.2-9.7 ug/m3),3.9166666666666665
1461,Death/delisted too sick,0.14903712974158645,Q3,Heart,PM2.5,73497,73497,8.162267424007158,9.70957664331776,Q3 (8.2-9.7 ug/m3),4
1461,Transplant,0.7669404782669254,Q3,Heart,PM2.5,73497,73497,8.162267424007158,9.70957664331776,Q3 (8.2-9.7 ug/m3),4
1491.4375,Death/delisted too sick,0.1495821002991613,Q3,Heart,PM2.5,73497,73497,8.162267424007158,9.70957664331776,Q3 (8.2-9.7 ug/m3),4.083333333333333
1491.4375,Transplant,0.7675619207557528,Q3,Heart,PM2.5,73497,73497,8.162267424007158,9.70957664331776,Q3 (8.2-9.7 ug/m3),4.083333333333333
1521.875,Death/delisted too sick,0.14991782178020452,Q3,Heart,PM2.5,73497,73497,8.162267424007158,9.70957664331776,Q3 (8.2-9.7 ug/m3),4.166666666666667
1521.875,Transplant,0.7690042182669473,Q3,Heart,PM2.5,73497,73497,8.162267424007158,9.70957664331776,Q3 (8.2-9.7 ug/m3),4.166666666666667
1552.3125,Death/delisted too sick,0.1502264880498787,Q3,Heart,PM2.5,73497,73497,8.162267424007158,9.70957664331776,Q3 (8.2-9.7 ug/m3),4.25
1552.3125,Transplant,0.7709882101544119,Q3,Heart,PM2.5,73497,73497,8.162267424007158,9.70957664331776,Q3 (8.2-9.7 ug/m3),4.25
1582.75,Death/delisted too sick,0.15062536950840028,Q3,Heart,PM2.5,73497,73497,8.162267424007158,9.70957664331776,Q3 (8.2-9.7 ug/m3),4.333333333333333
1582.75,Transplant,0.7734472920588108,Q3,Heart,PM2.5,73497,73497,8.162267424007158,9.70957664331776,Q3 (8.2-9.7 ug/m3),4.333333333333333
1613.1875,Death/delisted too sick,0.15094775304598915,Q3,Heart,PM2.5,73497,73497,8.162267424007158,9.70957664331776,Q3 (8.2-9.7 ug/m3),4.416666666666667
1613.1875,Transplant,0.7746767266722425,Q3,Heart,PM2.5,73497,73497,8.162267424007158,9.70957664331776,Q3 (8.2-9.7 ug/m3),4.416666666666667
1643.625,Death/delisted too sick,0.15150080885081268,Q3,Heart,PM2.5,73497,73497,8.162267424007158,9.70957664331776,Q3 (8.2-9.7 ug/m3),4.5
1643.625,Transplant,0.7777760555017593,Q3,Heart,PM2.5,73497,73497,8.162267424007158,9.70957664331776,Q3 (8.2-9.7 ug/m3),4.5
1674.0625,Death/delisted too sick,0.15200260118082845,Q3,Heart,PM2.5,73497,73497,8.162267424007158,9.70957664331776,Q3 (8.2-9.7 ug/m3),4.583333333333333
1674.0625,Transplant,0.7786804677359787,Q3,Heart,PM2.5,73497,73497,8.162267424007158,9.70957664331776,Q3 (8.2-9.7 ug/m3),4.583333333333333
1704.5,Death/delisted too sick,0.15274683232337327,Q3,Heart,PM2.5,73497,73497,8.162267424007158,9.70957664331776,Q3 (8.2-9.7 ug/m3),4.666666666666667
1704.5,Transplant,0.7803945266186765,Q3,Heart,PM2.5,73497,73497,8.162267424007158,9.70957664331776,Q3 (8.2-9.7 ug/m3),4.666666666666667
1734.9375,Death/delisted too sick,0.15346331439894467,Q3,Heart,PM2.5,73497,73497,8.162267424007158,9.70957664331776,Q3 (8.2-9.7 ug/m3),4.75
1734.9375,Transplant,0.781373245650435,Q3,Heart,PM2.5,73497,73497,8.162267424007158,9.70957664331776,Q3 (8.2-9.7 ug/m3),4.75
1765.375,Death/delisted too sick,0.15364671590672188,Q3,Heart,PM2.5,73497,73497,8.162267424007158,9.70957664331776,Q3 (8.2-9.7 ug/m3),4.833333333333333
1765.375,Transplant,0.7828719311835983,Q3,Heart,PM2.5,73497,73497,8.162267424007158,9.70957664331776,Q3 (8.2-9.7 ug/m3),4.833333333333333
1795.8125,Death/delisted too sick,0.1538495677276764,Q3,Heart,PM2.5,73497,73497,8.162267424007158,9.70957664331776,Q3 (8.2-9.7 ug/m3),4.916666666666667
1795.8125,Transplant,0.7838891271235707,Q3,Heart,PM2.5,73497,73497,8.162267424007158,9.70957664331776,Q3 (8.2-9.7 ug/m3),4.916666666666667
1826.25,Death/delisted too sick,0.15430715430018838,Q3,Heart,PM2.5,73497,73497,8.162267424007158,9.70957664331776,Q3 (8.2-9.7 ug/m3),5
1826.25,Transplant,0.7851007596997511,Q3,Heart,PM2.5,73497,73497,8.162267424007158,9.70957664331776,Q3 (8.2-9.7 ug/m3),5
0,Death/delisted too sick,0,Q4,Heart,PM2.5,73497,73497,9.709673126538597,30.00512942783934,Q4 (9.7-30 ug/m3),0
0,Transplant,0,Q4,Heart,PM2.5,73497,73497,9.709673126538597,30.00512942783934,Q4 (9.7-30 ug/m3),0
30.4375,Death/delisted too sick,0.03800077174834827,Q4,Heart,PM2.5,73497,73497,9.709673126538597,30.00512942783934,Q4 (9.7-30 ug/m3),0.08333333333333333
30.4375,Transplant,0.2745704011412788,Q4,Heart,PM2.5,73497,73497,9.709673126538597,30.00512942783934,Q4 (9.7-30 ug/m3),0.08333333333333333
60.875,Death/delisted too sick,0.059380604615526064,Q4,Heart,PM2.5,73497,73497,9.709673126538597,30.00512942783934,Q4 (9.7-30 ug/m3),0.16666666666666666
60.875,Transplant,0.3793567794956015,Q4,Heart,PM2.5,73497,73497,9.709673126538597,30.00512942783934,Q4 (9.7-30 ug/m3),0.16666666666666666
91.3125,Death/delisted too sick,0.06840047602773064,Q4,Heart,PM2.5,73497,73497,9.709673126538597,30.00512942783934,Q4 (9.7-30 ug/m3),0.25
91.3125,Transplant,0.4499830159261147,Q4,Heart,PM2.5,73497,73497,9.709673126538597,30.00512942783934,Q4 (9.7-30 ug/m3),0.25
121.75,Death/delisted too sick,0.07525122171665831,Q4,Heart,PM2.5,73497,73497,9.709673126538597,30.00512942783934,Q4 (9.7-30 ug/m3),0.3333333333333333
121.75,Transplant,0.489846936512342,Q4,Heart,PM2.5,73497,73497,9.709673126538597,30.00512942783934,Q4 (9.7-30 ug/m3),0.3333333333333333
152.1875,Death/delisted too sick,0.07938936383647485,Q4,Heart,PM2.5,73497,73497,9.709673126538597,30.00512942783934,Q4 (9.7-30 ug/m3),0.4166666666666667
152.1875,Transplant,0.522515234828872,Q4,Heart,PM2.5,73497,73497,9.709673126538597,30.00512942783934,Q4 (9.7-30 ug/m3),0.4166666666666667
182.625,Death/delisted too sick,0.08419981830351786,Q4,Heart,PM2.5,73497,73497,9.709673126538597,30.00512942783934,Q4 (9.7-30 ug/m3),0.5
182.625,Transplant,0.5527117457966572,Q4,Heart,PM2.5,73497,73497,9.709673126538597,30.00512942783934,Q4 (9.7-30 ug/m3),0.5
213.0625,Death/delisted too sick,0.08798899426669671,Q4,Heart,PM2.5,73497,73497,9.709673126538597,30.00512942783934,Q4 (9.7-30 ug/m3),0.5833333333333334
213.0625,Transplant,0.5754433005233754,Q4,Heart,PM2.5,73497,73497,9.709673126538597,30.00512942783934,Q4 (9.7-30 ug/m3),0.5833333333333334
243.5,Death/delisted too sick,0.09180115106990809,Q4,Heart,PM2.5,73497,73497,9.709673126538597,30.00512942783934,Q4 (9.7-30 ug/m3),0.6666666666666666
243.5,Transplant,0.5949387364706099,Q4,Heart,PM2.5,73497,73497,9.709673126538597,30.00512942783934,Q4 (9.7-30 ug/m3),0.6666666666666666
273.9375,Death/delisted too sick,0.09458916109667706,Q4,Heart,PM2.5,73497,73497,9.709673126538597,30.00512942783934,Q4 (9.7-30 ug/m3),0.75
273.9375,Transplant,0.6125747096946094,Q4,Heart,PM2.5,73497,73497,9.709673126538597,30.00512942783934,Q4 (9.7-30 ug/m3),0.75
304.375,Death/delisted too sick,0.09719209408539843,Q4,Heart,PM2.5,73497,73497,9.709673126538597,30.00512942783934,Q4 (9.7-30 ug/m3),0.8333333333333334
304.375,Transplant,0.6257449591020148,Q4,Heart,PM2.5,73497,73497,9.709673126538597,30.00512942783934,Q4 (9.7-30 ug/m3),0.8333333333333334
334.8125,Death/delisted too sick,0.09959866730614701,Q4,Heart,PM2.5,73497,73497,9.709673126538597,30.00512942783934,Q4 (9.7-30 ug/m3),0.9166666666666666
334.8125,Transplant,0.6376422982061406,Q4,Heart,PM2.5,73497,73497,9.709673126538597,30.00512942783934,Q4 (9.7-30 ug/m3),0.9166666666666666
365.25,Death/delisted too sick,0.10152905413256127,Q4,Heart,PM2.5,73497,73497,9.709673126538597,30.00512942783934,Q4 (9.7-30 ug/m3),1
365.25,Transplant,0.6501557174539649,Q4,Heart,PM2.5,73497,73497,9.709673126538597,30.00512942783934,Q4 (9.7-30 ug/m3),1
395.6875,Death/delisted too sick,0.10422996704007446,Q4,Heart,PM2.5,73497,73497,9.709673126538597,30.00512942783934,Q4 (9.7-30 ug/m3),1.0833333333333333
395.6875,Transplant,0.6595431085808064,Q4,Heart,PM2.5,73497,73497,9.709673126538597,30.00512942783934,Q4 (9.7-30 ug/m3),1.0833333333333333
426.125,Death/delisted too sick,0.10691773240978808,Q4,Heart,PM2.5,73497,73497,9.709673126538597,30.00512942783934,Q4 (9.7-30 ug/m3),1.1666666666666667
426.125,Transplant,0.6687649548800756,Q4,Heart,PM2.5,73497,73497,9.709673126538597,30.00512942783934,Q4 (9.7-30 ug/m3),1.1666666666666667
456.5625,Death/delisted too sick,0.10920657885286152,Q4,Heart,PM2.5,73497,73497,9.709673126538597,30.00512942783934,Q4 (9.7-30 ug/m3),1.25
456.5625,Transplant,0.6766939549513068,Q4,Heart,PM2.5,73497,73497,9.709673126538597,30.00512942783934,Q4 (9.7-30 ug/m3),1.25
487,Death/delisted too sick,0.11083531875612214,Q4,Heart,PM2.5,73497,73497,9.709673126538597,30.00512942783934,Q4 (9.7-30 ug/m3),1.3333333333333333
487,Transplant,0.6845111022401471,Q4,Heart,PM2.5,73497,73497,9.709673126538597,30.00512942783934,Q4 (9.7-30 ug/m3),1.3333333333333333
517.4375,Death/delisted too sick,0.11227860483417706,Q4,Heart,PM2.5,73497,73497,9.709673126538597,30.00512942783934,Q4 (9.7-30 ug/m3),1.4166666666666667
517.4375,Transplant,0.6928385850899553,Q4,Heart,PM2.5,73497,73497,9.709673126538597,30.00512942783934,Q4 (9.7-30 ug/m3),1.4166666666666667
547.875,Death/delisted too sick,0.11457837722809108,Q4,Heart,PM2.5,73497,73497,9.709673126538597,30.00512942783934,Q4 (9.7-30 ug/m3),1.5
547.875,Transplant,0.6979886157337348,Q4,Heart,PM2.5,73497,73497,9.709673126538597,30.00512942783934,Q4 (9.7-30 ug/m3),1.5
578.3125,Death/delisted too sick,0.11650881073557638,Q4,Heart,PM2.5,73497,73497,9.709673126538597,30.00512942783934,Q4 (9.7-30 ug/m3),1.5833333333333333
578.3125,Transplant,0.7032766430173664,Q4,Heart,PM2.5,73497,73497,9.709673126538597,30.00512942783934,Q4 (9.7-30 ug/m3),1.5833333333333333
608.75,Death/delisted too sick,0.1185191660122679,Q4,Heart,PM2.5,73497,73497,9.709673126538597,30.00512942783934,Q4 (9.7-30 ug/m3),1.6666666666666667
608.75,Transplant,0.7083302636282099,Q4,Heart,PM2.5,73497,73497,9.709673126538597,30.00512942783934,Q4 (9.7-30 ug/m3),1.6666666666666667
639.1875,Death/delisted too sick,0.11963766072639115,Q4,Heart,PM2.5,73497,73497,9.709673126538597,30.00512942783934,Q4 (9.7-30 ug/m3),1.75
639.1875,Transplant,0.7121262553722245,Q4,Heart,PM2.5,73497,73497,9.709673126538597,30.00512942783934,Q4 (9.7-30 ug/m3),1.75
669.625,Death/delisted too sick,0.12149870691720556,Q4,Heart,PM2.5,73497,73497,9.709673126538597,30.00512942783934,Q4 (9.7-30 ug/m3),1.8333333333333333
669.625,Transplant,0.7164731442785826,Q4,Heart,PM2.5,73497,73497,9.709673126538597,30.00512942783934,Q4 (9.7-30 ug/m3),1.8333333333333333
700.0625,Death/delisted too sick,0.12343497917942216,Q4,Heart,PM2.5,73497,73497,9.709673126538597,30.00512942783934,Q4 (9.7-30 ug/m3),1.9166666666666667
700.0625,Transplant,0.7196521443232945,Q4,Heart,PM2.5,73497,73497,9.709673126538597,30.00512942783934,Q4 (9.7-30 ug/m3),1.9166666666666667
730.5,Death/delisted too sick,0.12512033260040784,Q4,Heart,PM2.5,73497,73497,9.709673126538597,30.00512942783934,Q4 (9.7-30 ug/m3),2
730.5,Transplant,0.7240552153852143,Q4,Heart,PM2.5,73497,73497,9.709673126538597,30.00512942783934,Q4 (9.7-30 ug/m3),2
760.9375,Death/delisted too sick,0.12689857551234757,Q4,Heart,PM2.5,73497,73497,9.709673126538597,30.00512942783934,Q4 (9.7-30 ug/m3),2.0833333333333335
760.9375,Transplant,0.72970458350695,Q4,Heart,PM2.5,73497,73497,9.709673126538597,30.00512942783934,Q4 (9.7-30 ug/m3),2.0833333333333335
791.375,Death/delisted too sick,0.12858933486800445,Q4,Heart,PM2.5,73497,73497,9.709673126538597,30.00512942783934,Q4 (9.7-30 ug/m3),2.1666666666666665
791.375,Transplant,0.7350575205541127,Q4,Heart,PM2.5,73497,73497,9.709673126538597,30.00512942783934,Q4 (9.7-30 ug/m3),2.1666666666666665
821.8125,Death/delisted too sick,0.12967212929706448,Q4,Heart,PM2.5,73497,73497,9.709673126538597,30.00512942783934,Q4 (9.7-30 ug/m3),2.25
821.8125,Transplant,0.7381489117368076,Q4,Heart,PM2.5,73497,73497,9.709673126538597,30.00512942783934,Q4 (9.7-30 ug/m3),2.25
852.25,Death/delisted too sick,0.13072990221102762,Q4,Heart,PM2.5,73497,73497,9.709673126538597,30.00512942783934,Q4 (9.7-30 ug/m3),2.3333333333333335
852.25,Transplant,0.7418560479459427,Q4,Heart,PM2.5,73497,73497,9.709673126538597,30.00512942783934,Q4 (9.7-30 ug/m3),2.3333333333333335
882.6875,Death/delisted too sick,0.13147386299535585,Q4,Heart,PM2.5,73497,73497,9.709673126538597,30.00512942783934,Q4 (9.7-30 ug/m3),2.4166666666666665
882.6875,Transplant,0.7444235925080247,Q4,Heart,PM2.5,73497,73497,9.709673126538597,30.00512942783934,Q4 (9.7-30 ug/m3),2.4166666666666665
913.125,Death/delisted too sick,0.13225007086880966,Q4,Heart,PM2.5,73497,73497,9.709673126538597,30.00512942783934,Q4 (9.7-30 ug/m3),2.5
913.125,Transplant,0.7460508235805614,Q4,Heart,PM2.5,73497,73497,9.709673126538597,30.00512942783934,Q4 (9.7-30 ug/m3),2.5
943.5625,Death/delisted too sick,0.13334681422152797,Q4,Heart,PM2.5,73497,73497,9.709673126538597,30.00512942783934,Q4 (9.7-30 ug/m3),2.5833333333333335
943.5625,Transplant,0.7488667004410464,Q4,Heart,PM2.5,73497,73497,9.709673126538597,30.00512942783934,Q4 (9.7-30 ug/m3),2.5833333333333335
974,Death/delisted too sick,0.13452606257542116,Q4,Heart,PM2.5,73497,73497,9.709673126538597,30.00512942783934,Q4 (9.7-30 ug/m3),2.6666666666666665
974,Transplant,0.7515533296779948,Q4,Heart,PM2.5,73497,73497,9.709673126538597,30.00512942783934,Q4 (9.7-30 ug/m3),2.6666666666666665
1004.4375,Death/delisted too sick,0.13553464330722606,Q4,Heart,PM2.5,73497,73497,9.709673126538597,30.00512942783934,Q4 (9.7-30 ug/m3),2.75
1004.4375,Transplant,0.7530418816124518,Q4,Heart,PM2.5,73497,73497,9.709673126538597,30.00512942783934,Q4 (9.7-30 ug/m3),2.75
1034.875,Death/delisted too sick,0.1360169473542975,Q4,Heart,PM2.5,73497,73497,9.709673126538597,30.00512942783934,Q4 (9.7-30 ug/m3),2.8333333333333335
1034.875,Transplant,0.7553830736338105,Q4,Heart,PM2.5,73497,73497,9.709673126538597,30.00512942783934,Q4 (9.7-30 ug/m3),2.8333333333333335
1065.3125,Death/delisted too sick,0.13682609356190892,Q4,Heart,PM2.5,73497,73497,9.709673126538597,30.00512942783934,Q4 (9.7-30 ug/m3),2.9166666666666665
1065.3125,Transplant,0.7572838856626114,Q4,Heart,PM2.5,73497,73497,9.709673126538597,30.00512942783934,Q4 (9.7-30 ug/m3),2.9166666666666665
1095.75,Death/delisted too sick,0.1378367153850557,Q4,Heart,PM2.5,73497,73497,9.709673126538597,30.00512942783934,Q4 (9.7-30 ug/m3),3
1095.75,Transplant,0.7608972341784743,Q4,Heart,PM2.5,73497,73497,9.709673126538597,30.00512942783934,Q4 (9.7-30 ug/m3),3
1126.1875,Death/delisted too sick,0.13933801659496392,Q4,Heart,PM2.5,73497,73497,9.709673126538597,30.00512942783934,Q4 (9.7-30 ug/m3),3.0833333333333335
1126.1875,Transplant,0.7629770996241555,Q4,Heart,PM2.5,73497,73497,9.709673126538597,30.00512942783934,Q4 (9.7-30 ug/m3),3.0833333333333335
1156.625,Death/delisted too sick,0.14052345250423257,Q4,Heart,PM2.5,73497,73497,9.709673126538597,30.00512942783934,Q4 (9.7-30 ug/m3),3.1666666666666665
1156.625,Transplant,0.7645012453327398,Q4,Heart,PM2.5,73497,73497,9.709673126538597,30.00512942783934,Q4 (9.7-30 ug/m3),3.1666666666666665
1187.0625,Death/delisted too sick,0.1413494099163244,Q4,Heart,PM2.5,73497,73497,9.709673126538597,30.00512942783934,Q4 (9.7-30 ug/m3),3.25
1187.0625,Transplant,0.7660016517471167,Q4,Heart,PM2.5,73497,73497,9.709673126538597,30.00512942783934,Q4 (9.7-30 ug/m3),3.25
1217.5,Death/delisted too sick,0.14193641472877846,Q4,Heart,PM2.5,73497,73497,9.709673126538597,30.00512942783934,Q4 (9.7-30 ug/m3),3.3333333333333335
1217.5,Transplant,0.7680197230262982,Q4,Heart,PM2.5,73497,73497,9.709673126538597,30.00512942783934,Q4 (9.7-30 ug/m3),3.3333333333333335
1247.9375,Death/delisted too sick,0.14277404622333903,Q4,Heart,PM2.5,73497,73497,9.709673126538597,30.00512942783934,Q4 (9.7-30 ug/m3),3.4166666666666665
1247.9375,Transplant,0.769533908600121,Q4,Heart,PM2.5,73497,73497,9.709673126538597,30.00512942783934,Q4 (9.7-30 ug/m3),3.4166666666666665
1278.375,Death/delisted too sick,0.14372176021563385,Q4,Heart,PM2.5,73497,73497,9.709673126538597,30.00512942783934,Q4 (9.7-30 ug/m3),3.5
1278.375,Transplant,0.7706504702295511,Q4,Heart,PM2.5,73497,73497,9.709673126538597,30.00512942783934,Q4 (9.7-30 ug/m3),3.5
1308.8125,Death/delisted too sick,0.14431425547847315,Q4,Heart,PM2.5,73497,73497,9.709673126538597,30.00512942783934,Q4 (9.7-30 ug/m3),3.5833333333333335
1308.8125,Transplant,0.7728955345066516,Q4,Heart,PM2.5,73497,73497,9.709673126538597,30.00512942783934,Q4 (9.7-30 ug/m3),3.5833333333333335
1339.25,Death/delisted too sick,0.14532298397236895,Q4,Heart,PM2.5,73497,73497,9.709673126538597,30.00512942783934,Q4 (9.7-30 ug/m3),3.6666666666666665
1339.25,Transplant,0.7739186349627195,Q4,Heart,PM2.5,73497,73497,9.709673126538597,30.00512942783934,Q4 (9.7-30 ug/m3),3.6666666666666665
1369.6875,Death/delisted too sick,0.14586610808838504,Q4,Heart,PM2.5,73497,73497,9.709673126538597,30.00512942783934,Q4 (9.7-30 ug/m3),3.75
1369.6875,Transplant,0.775407073485611,Q4,Heart,PM2.5,73497,73497,9.709673126538597,30.00512942783934,Q4 (9.7-30 ug/m3),3.75
1400.125,Death/delisted too sick,0.1467065932649155,Q4,Heart,PM2.5,73497,73497,9.709673126538597,30.00512942783934,Q4 (9.7-30 ug/m3),3.8333333333333335
1400.125,Transplant,0.7768271265958562,Q4,Heart,PM2.5,73497,73497,9.709673126538597,30.00512942783934,Q4 (9.7-30 ug/m3),3.8333333333333335
1430.5625,Death/delisted too sick,0.14727991457126727,Q4,Heart,PM2.5,73497,73497,9.709673126538597,30.00512942783934,Q4 (9.7-30 ug/m3),3.9166666666666665
1430.5625,Transplant,0.7782408804973987,Q4,Heart,PM2.5,73497,73497,9.709673126538597,30.00512942783934,Q4 (9.7-30 ug/m3),3.9166666666666665
1461,Death/delisted too sick,0.1482747212012968,Q4,Heart,PM2.5,73497,73497,9.709673126538597,30.00512942783934,Q4 (9.7-30 ug/m3),4
1461,Transplant,0.7793214916716616,Q4,Heart,PM2.5,73497,73497,9.709673126538597,30.00512942783934,Q4 (9.7-30 ug/m3),4
1491.4375,Death/delisted too sick,0.14908775839390054,Q4,Heart,PM2.5,73497,73497,9.709673126538597,30.00512942783934,Q4 (9.7-30 ug/m3),4.083333333333333
1491.4375,Transplant,0.780289021345782,Q4,Heart,PM2.5,73497,73497,9.709673126538597,30.00512942783934,Q4 (9.7-30 ug/m3),4.083333333333333
1521.875,Death/delisted too sick,0.1502321954908609,Q4,Heart,PM2.5,73497,73497,9.709673126538597,30.00512942783934,Q4 (9.7-30 ug/m3),4.166666666666667
1521.875,Transplant,0.7809887231318329,Q4,Heart,PM2.5,73497,73497,9.709673126538597,30.00512942783934,Q4 (9.7-30 ug/m3),4.166666666666667
1552.3125,Death/delisted too sick,0.15077756238039283,Q4,Heart,PM2.5,73497,73497,9.709673126538597,30.00512942783934,Q4 (9.7-30 ug/m3),4.25
1552.3125,Transplant,0.7827707351878945,Q4,Heart,PM2.5,73497,73497,9.709673126538597,30.00512942783934,Q4 (9.7-30 ug/m3),4.25
1582.75,Death/delisted too sick,0.15164215181353422,Q4,Heart,PM2.5,73497,73497,9.709673126538597,30.00512942783934,Q4 (9.7-30 ug/m3),4.333333333333333
1582.75,Transplant,0.7834539301438985,Q4,Heart,PM2.5,73497,73497,9.709673126538597,30.00512942783934,Q4 (9.7-30 ug/m3),4.333333333333333
1613.1875,Death/delisted too sick,0.15190259583456944,Q4,Heart,PM2.5,73497,73497,9.709673126538597,30.00512942783934,Q4 (9.7-30 ug/m3),4.416666666666667
1613.1875,Transplant,0.7845966139502337,Q4,Heart,PM2.5,73497,73497,9.709673126538597,30.00512942783934,Q4 (9.7-30 ug/m3),4.416666666666667
1643.625,Death/delisted too sick,0.15204831199805874,Q4,Heart,PM2.5,73497,73497,9.709673126538597,30.00512942783934,Q4 (9.7-30 ug/m3),4.5
1643.625,Transplant,0.7854605194387819,Q4,Heart,PM2.5,73497,73497,9.709673126538597,30.00512942783934,Q4 (9.7-30 ug/m3),4.5
1674.0625,Death/delisted too sick,0.15308142598815563,Q4,Heart,PM2.5,73497,73497,9.709673126538597,30.00512942783934,Q4 (9.7-30 ug/m3),4.583333333333333
1674.0625,Transplant,0.7858407754793905,Q4,Heart,PM2.5,73497,73497,9.709673126538597,30.00512942783934,Q4 (9.7-30 ug/m3),4.583333333333333
1704.5,Death/delisted too sick,0.15388406022796275,Q4,Heart,PM2.5,73497,73497,9.709673126538597,30.00512942783934,Q4 (9.7-30 ug/m3),4.666666666666667
1704.5,Transplant,0.7861206117562684,Q4,Heart,PM2.5,73497,73497,9.709673126538597,30.00512942783934,Q4 (9.7-30 ug/m3),4.666666666666667
1734.9375,Death/delisted too sick,0.1542992422212535,Q4,Heart,PM2.5,73497,73497,9.709673126538597,30.00512942783934,Q4 (9.7-30 ug/m3),4.75
1734.9375,Transplant,0.7864013171269658,Q4,Heart,PM2.5,73497,73497,9.709673126538597,30.00512942783934,Q4 (9.7-30 ug/m3),4.75
1765.375,Death/delisted too sick,0.15515090804315387,Q4,Heart,PM2.5,73497,73497,9.709673126538597,30.00512942783934,Q4 (9.7-30 ug/m3),4.833333333333333
1765.375,Transplant,0.7872774727467101,Q4,Heart,PM2.5,73497,73497,9.709673126538597,30.00512942783934,Q4 (9.7-30 ug/m3),4.833333333333333
1795.8125,Death/delisted too sick,0.1553715303971727,Q4,Heart,PM2.5,73497,73497,9.709673126538597,30.00512942783934,Q4 (9.7-30 ug/m3),4.916666666666667
1795.8125,Transplant,0.788306987232721,Q4,Heart,PM2.5,73497,73497,9.709673126538597,30.00512942783934,Q4 (9.7-30 ug/m3),4.916666666666667
1826.25,Death/delisted too sick,0.15608511427837998,Q4,Heart,PM2.5,73497,73497,9.709673126538597,30.00512942783934,Q4 (9.7-30 ug/m3),5
1826.25,Transplant,0.788923005619729,Q4,Heart,PM2.5,73497,73497,9.709673126538597,30.00512942783934,Q4 (9.7-30 ug/m3),5
0,Death/delisted too sick,0,Q1,Kidney,PM2.5,79994,677201,2.744432108248679,7.23297257301135,Q1 (2.7-7.2 ug/m3),0
0,Transplant,0,Q1,Kidney,PM2.5,79994,677201,2.744432108248679,7.23297257301135,Q1 (2.7-7.2 ug/m3),0
30.4375,Death/delisted too sick,0.0026645525677802717,Q1,Kidney,PM2.5,79994,677201,2.744432108248679,7.23297257301135,Q1 (2.7-7.2 ug/m3),0.08333333333333333
30.4375,Transplant,0.018252005421837456,Q1,Kidney,PM2.5,79994,677201,2.744432108248679,7.23297257301135,Q1 (2.7-7.2 ug/m3),0.08333333333333333
60.875,Death/delisted too sick,0.004625759912575836,Q1,Kidney,PM2.5,79994,677201,2.744432108248679,7.23297257301135,Q1 (2.7-7.2 ug/m3),0.16666666666666666
60.875,Transplant,0.03160053994940356,Q1,Kidney,PM2.5,79994,677201,2.744432108248679,7.23297257301135,Q1 (2.7-7.2 ug/m3),0.16666666666666666
91.3125,Death/delisted too sick,0.0064719974749326906,Q1,Kidney,PM2.5,79994,677201,2.744432108248679,7.23297257301135,Q1 (2.7-7.2 ug/m3),0.25
91.3125,Transplant,0.04550189158431682,Q1,Kidney,PM2.5,79994,677201,2.744432108248679,7.23297257301135,Q1 (2.7-7.2 ug/m3),0.25
121.75,Death/delisted too sick,0.007851619411781762,Q1,Kidney,PM2.5,79994,677201,2.744432108248679,7.23297257301135,Q1 (2.7-7.2 ug/m3),0.3333333333333333
121.75,Transplant,0.05884671338955164,Q1,Kidney,PM2.5,79994,677201,2.744432108248679,7.23297257301135,Q1 (2.7-7.2 ug/m3),0.3333333333333333
152.1875,Death/delisted too sick,0.009576815664815967,Q1,Kidney,PM2.5,79994,677201,2.744432108248679,7.23297257301135,Q1 (2.7-7.2 ug/m3),0.4166666666666667
152.1875,Transplant,0.07260856563548115,Q1,Kidney,PM2.5,79994,677201,2.744432108248679,7.23297257301135,Q1 (2.7-7.2 ug/m3),0.4166666666666667
182.625,Death/delisted too sick,0.010975617852255728,Q1,Kidney,PM2.5,79994,677201,2.744432108248679,7.23297257301135,Q1 (2.7-7.2 ug/m3),0.5
182.625,Transplant,0.08498495322137418,Q1,Kidney,PM2.5,79994,677201,2.744432108248679,7.23297257301135,Q1 (2.7-7.2 ug/m3),0.5
213.0625,Death/delisted too sick,0.012480466257898015,Q1,Kidney,PM2.5,79994,677201,2.744432108248679,7.23297257301135,Q1 (2.7-7.2 ug/m3),0.5833333333333334
213.0625,Transplant,0.0982301405264103,Q1,Kidney,PM2.5,79994,677201,2.744432108248679,7.23297257301135,Q1 (2.7-7.2 ug/m3),0.5833333333333334
243.5,Death/delisted too sick,0.01408993285101755,Q1,Kidney,PM2.5,79994,677201,2.744432108248679,7.23297257301135,Q1 (2.7-7.2 ug/m3),0.6666666666666666
243.5,Transplant,0.10970587729124544,Q1,Kidney,PM2.5,79994,677201,2.744432108248679,7.23297257301135,Q1 (2.7-7.2 ug/m3),0.6666666666666666
273.9375,Death/delisted too sick,0.01584855665940564,Q1,Kidney,PM2.5,79994,677201,2.744432108248679,7.23297257301135,Q1 (2.7-7.2 ug/m3),0.75
273.9375,Transplant,0.12122021320253129,Q1,Kidney,PM2.5,79994,677201,2.744432108248679,7.23297257301135,Q1 (2.7-7.2 ug/m3),0.75
304.375,Death/delisted too sick,0.017655569545459476,Q1,Kidney,PM2.5,79994,677201,2.744432108248679,7.23297257301135,Q1 (2.7-7.2 ug/m3),0.8333333333333334
304.375,Transplant,0.13277983022445622,Q1,Kidney,PM2.5,79994,677201,2.744432108248679,7.23297257301135,Q1 (2.7-7.2 ug/m3),0.8333333333333334
334.8125,Death/delisted too sick,0.01955290172235293,Q1,Kidney,PM2.5,79994,677201,2.744432108248679,7.23297257301135,Q1 (2.7-7.2 ug/m3),0.9166666666666666
334.8125,Transplant,0.1441337388435654,Q1,Kidney,PM2.5,79994,677201,2.744432108248679,7.23297257301135,Q1 (2.7-7.2 ug/m3),0.9166666666666666
365.25,Death/delisted too sick,0.021473817022147543,Q1,Kidney,PM2.5,79994,677201,2.744432108248679,7.23297257301135,Q1 (2.7-7.2 ug/m3),1
365.25,Transplant,0.15448552986053504,Q1,Kidney,PM2.5,79994,677201,2.744432108248679,7.23297257301135,Q1 (2.7-7.2 ug/m3),1
395.6875,Death/delisted too sick,0.023314352828781224,Q1,Kidney,PM2.5,79994,677201,2.744432108248679,7.23297257301135,Q1 (2.7-7.2 ug/m3),1.0833333333333333
395.6875,Transplant,0.16624554600080269,Q1,Kidney,PM2.5,79994,677201,2.744432108248679,7.23297257301135,Q1 (2.7-7.2 ug/m3),1.0833333333333333
426.125,Death/delisted too sick,0.02553730473944587,Q1,Kidney,PM2.5,79994,677201,2.744432108248679,7.23297257301135,Q1 (2.7-7.2 ug/m3),1.1666666666666667
426.125,Transplant,0.17700261213934693,Q1,Kidney,PM2.5,79994,677201,2.744432108248679,7.23297257301135,Q1 (2.7-7.2 ug/m3),1.1666666666666667
456.5625,Death/delisted too sick,0.027583415853614866,Q1,Kidney,PM2.5,79994,677201,2.744432108248679,7.23297257301135,Q1 (2.7-7.2 ug/m3),1.25
456.5625,Transplant,0.18755111832186233,Q1,Kidney,PM2.5,79994,677201,2.744432108248679,7.23297257301135,Q1 (2.7-7.2 ug/m3),1.25
487,Death/delisted too sick,0.029493050886282287,Q1,Kidney,PM2.5,79994,677201,2.744432108248679,7.23297257301135,Q1 (2.7-7.2 ug/m3),1.3333333333333333
487,Transplant,0.19696592927514392,Q1,Kidney,PM2.5,79994,677201,2.744432108248679,7.23297257301135,Q1 (2.7-7.2 ug/m3),1.3333333333333333
517.4375,Death/delisted too sick,0.0316695771696348,Q1,Kidney,PM2.5,79994,677201,2.744432108248679,7.23297257301135,Q1 (2.7-7.2 ug/m3),1.4166666666666667
517.4375,Transplant,0.2071962365882924,Q1,Kidney,PM2.5,79994,677201,2.744432108248679,7.23297257301135,Q1 (2.7-7.2 ug/m3),1.4166666666666667
547.875,Death/delisted too sick,0.03348070418696687,Q1,Kidney,PM2.5,79994,677201,2.744432108248679,7.23297257301135,Q1 (2.7-7.2 ug/m3),1.5
547.875,Transplant,0.2172502998743768,Q1,Kidney,PM2.5,79994,677201,2.744432108248679,7.23297257301135,Q1 (2.7-7.2 ug/m3),1.5
578.3125,Death/delisted too sick,0.035747441843417715,Q1,Kidney,PM2.5,79994,677201,2.744432108248679,7.23297257301135,Q1 (2.7-7.2 ug/m3),1.5833333333333333
578.3125,Transplant,0.22579531293196825,Q1,Kidney,PM2.5,79994,677201,2.744432108248679,7.23297257301135,Q1 (2.7-7.2 ug/m3),1.5833333333333333
608.75,Death/delisted too sick,0.0380584426021828,Q1,Kidney,PM2.5,79994,677201,2.744432108248679,7.23297257301135,Q1 (2.7-7.2 ug/m3),1.6666666666666667
608.75,Transplant,0.2341759860193355,Q1,Kidney,PM2.5,79994,677201,2.744432108248679,7.23297257301135,Q1 (2.7-7.2 ug/m3),1.6666666666666667
639.1875,Death/delisted too sick,0.04036014355271668,Q1,Kidney,PM2.5,79994,677201,2.744432108248679,7.23297257301135,Q1 (2.7-7.2 ug/m3),1.75
639.1875,Transplant,0.24319664937743518,Q1,Kidney,PM2.5,79994,677201,2.744432108248679,7.23297257301135,Q1 (2.7-7.2 ug/m3),1.75
669.625,Death/delisted too sick,0.042923942066556864,Q1,Kidney,PM2.5,79994,677201,2.744432108248679,7.23297257301135,Q1 (2.7-7.2 ug/m3),1.8333333333333333
669.625,Transplant,0.25110724113667865,Q1,Kidney,PM2.5,79994,677201,2.744432108248679,7.23297257301135,Q1 (2.7-7.2 ug/m3),1.8333333333333333
700.0625,Death/delisted too sick,0.04520657631427416,Q1,Kidney,PM2.5,79994,677201,2.744432108248679,7.23297257301135,Q1 (2.7-7.2 ug/m3),1.9166666666666667
700.0625,Transplant,0.25953985100203225,Q1,Kidney,PM2.5,79994,677201,2.744432108248679,7.23297257301135,Q1 (2.7-7.2 ug/m3),1.9166666666666667
730.5,Death/delisted too sick,0.04732087421851972,Q1,Kidney,PM2.5,79994,677201,2.744432108248679,7.23297257301135,Q1 (2.7-7.2 ug/m3),2
730.5,Transplant,0.2668273789132292,Q1,Kidney,PM2.5,79994,677201,2.744432108248679,7.23297257301135,Q1 (2.7-7.2 ug/m3),2
760.9375,Death/delisted too sick,0.04944168944637969,Q1,Kidney,PM2.5,79994,677201,2.744432108248679,7.23297257301135,Q1 (2.7-7.2 ug/m3),2.0833333333333335
760.9375,Transplant,0.2753012566834107,Q1,Kidney,PM2.5,79994,677201,2.744432108248679,7.23297257301135,Q1 (2.7-7.2 ug/m3),2.0833333333333335
791.375,Death/delisted too sick,0.05184287612036974,Q1,Kidney,PM2.5,79994,677201,2.744432108248679,7.23297257301135,Q1 (2.7-7.2 ug/m3),2.1666666666666665
791.375,Transplant,0.2840456086522121,Q1,Kidney,PM2.5,79994,677201,2.744432108248679,7.23297257301135,Q1 (2.7-7.2 ug/m3),2.1666666666666665
821.8125,Death/delisted too sick,0.054438175662430845,Q1,Kidney,PM2.5,79994,677201,2.744432108248679,7.23297257301135,Q1 (2.7-7.2 ug/m3),2.25
821.8125,Transplant,0.29288864509701545,Q1,Kidney,PM2.5,79994,677201,2.744432108248679,7.23297257301135,Q1 (2.7-7.2 ug/m3),2.25
852.25,Death/delisted too sick,0.05696379463292357,Q1,Kidney,PM2.5,79994,677201,2.744432108248679,7.23297257301135,Q1 (2.7-7.2 ug/m3),2.3333333333333335
852.25,Transplant,0.30127755572131065,Q1,Kidney,PM2.5,79994,677201,2.744432108248679,7.23297257301135,Q1 (2.7-7.2 ug/m3),2.3333333333333335
882.6875,Death/delisted too sick,0.05970298032580936,Q1,Kidney,PM2.5,79994,677201,2.744432108248679,7.23297257301135,Q1 (2.7-7.2 ug/m3),2.4166666666666665
882.6875,Transplant,0.3092583013481318,Q1,Kidney,PM2.5,79994,677201,2.744432108248679,7.23297257301135,Q1 (2.7-7.2 ug/m3),2.4166666666666665
913.125,Death/delisted too sick,0.06246142806136974,Q1,Kidney,PM2.5,79994,677201,2.744432108248679,7.23297257301135,Q1 (2.7-7.2 ug/m3),2.5
913.125,Transplant,0.3170333098872172,Q1,Kidney,PM2.5,79994,677201,2.744432108248679,7.23297257301135,Q1 (2.7-7.2 ug/m3),2.5
943.5625,Death/delisted too sick,0.0651230728755776,Q1,Kidney,PM2.5,79994,677201,2.744432108248679,7.23297257301135,Q1 (2.7-7.2 ug/m3),2.5833333333333335
943.5625,Transplant,0.32414274421471906,Q1,Kidney,PM2.5,79994,677201,2.744432108248679,7.23297257301135,Q1 (2.7-7.2 ug/m3),2.5833333333333335
974,Death/delisted too sick,0.06771375493276804,Q1,Kidney,PM2.5,79994,677201,2.744432108248679,7.23297257301135,Q1 (2.7-7.2 ug/m3),2.6666666666666665
974,Transplant,0.33152259175772797,Q1,Kidney,PM2.5,79994,677201,2.744432108248679,7.23297257301135,Q1 (2.7-7.2 ug/m3),2.6666666666666665
1004.4375,Death/delisted too sick,0.0702223777779386,Q1,Kidney,PM2.5,79994,677201,2.744432108248679,7.23297257301135,Q1 (2.7-7.2 ug/m3),2.75
1004.4375,Transplant,0.33864624033096224,Q1,Kidney,PM2.5,79994,677201,2.744432108248679,7.23297257301135,Q1 (2.7-7.2 ug/m3),2.75
1034.875,Death/delisted too sick,0.07256413296418966,Q1,Kidney,PM2.5,79994,677201,2.744432108248679,7.23297257301135,Q1 (2.7-7.2 ug/m3),2.8333333333333335
1034.875,Transplant,0.3462415920856566,Q1,Kidney,PM2.5,79994,677201,2.744432108248679,7.23297257301135,Q1 (2.7-7.2 ug/m3),2.8333333333333335
1065.3125,Death/delisted too sick,0.07529836901803252,Q1,Kidney,PM2.5,79994,677201,2.744432108248679,7.23297257301135,Q1 (2.7-7.2 ug/m3),2.9166666666666665
1065.3125,Transplant,0.3538276976109222,Q1,Kidney,PM2.5,79994,677201,2.744432108248679,7.23297257301135,Q1 (2.7-7.2 ug/m3),2.9166666666666665
1095.75,Death/delisted too sick,0.07815532010139038,Q1,Kidney,PM2.5,79994,677201,2.744432108248679,7.23297257301135,Q1 (2.7-7.2 ug/m3),3
1095.75,Transplant,0.36121431265955367,Q1,Kidney,PM2.5,79994,677201,2.744432108248679,7.23297257301135,Q1 (2.7-7.2 ug/m3),3
1126.1875,Death/delisted too sick,0.08047072109079789,Q1,Kidney,PM2.5,79994,677201,2.744432108248679,7.23297257301135,Q1 (2.7-7.2 ug/m3),3.0833333333333335
1126.1875,Transplant,0.37015030261517523,Q1,Kidney,PM2.5,79994,677201,2.744432108248679,7.23297257301135,Q1 (2.7-7.2 ug/m3),3.0833333333333335
1156.625,Death/delisted too sick,0.08326451122728737,Q1,Kidney,PM2.5,79994,677201,2.744432108248679,7.23297257301135,Q1 (2.7-7.2 ug/m3),3.1666666666666665
1156.625,Transplant,0.37815367134367556,Q1,Kidney,PM2.5,79994,677201,2.744432108248679,7.23297257301135,Q1 (2.7-7.2 ug/m3),3.1666666666666665
1187.0625,Death/delisted too sick,0.08616787973818826,Q1,Kidney,PM2.5,79994,677201,2.744432108248679,7.23297257301135,Q1 (2.7-7.2 ug/m3),3.25
1187.0625,Transplant,0.3860948799309045,Q1,Kidney,PM2.5,79994,677201,2.744432108248679,7.23297257301135,Q1 (2.7-7.2 ug/m3),3.25
1217.5,Death/delisted too sick,0.08899334297903048,Q1,Kidney,PM2.5,79994,677201,2.744432108248679,7.23297257301135,Q1 (2.7-7.2 ug/m3),3.3333333333333335
1217.5,Transplant,0.3933823887380499,Q1,Kidney,PM2.5,79994,677201,2.744432108248679,7.23297257301135,Q1 (2.7-7.2 ug/m3),3.3333333333333335
1247.9375,Death/delisted too sick,0.09166095055693849,Q1,Kidney,PM2.5,79994,677201,2.744432108248679,7.23297257301135,Q1 (2.7-7.2 ug/m3),3.4166666666666665
1247.9375,Transplant,0.40038916835833466,Q1,Kidney,PM2.5,79994,677201,2.744432108248679,7.23297257301135,Q1 (2.7-7.2 ug/m3),3.4166666666666665
1278.375,Death/delisted too sick,0.0943891816993583,Q1,Kidney,PM2.5,79994,677201,2.744432108248679,7.23297257301135,Q1 (2.7-7.2 ug/m3),3.5
1278.375,Transplant,0.40790557532388716,Q1,Kidney,PM2.5,79994,677201,2.744432108248679,7.23297257301135,Q1 (2.7-7.2 ug/m3),3.5
1308.8125,Death/delisted too sick,0.09743141583034133,Q1,Kidney,PM2.5,79994,677201,2.744432108248679,7.23297257301135,Q1 (2.7-7.2 ug/m3),3.5833333333333335
1308.8125,Transplant,0.4150897281636404,Q1,Kidney,PM2.5,79994,677201,2.744432108248679,7.23297257301135,Q1 (2.7-7.2 ug/m3),3.5833333333333335
1339.25,Death/delisted too sick,0.10044424109561263,Q1,Kidney,PM2.5,79994,677201,2.744432108248679,7.23297257301135,Q1 (2.7-7.2 ug/m3),3.6666666666666665
1339.25,Transplant,0.4220550458942153,Q1,Kidney,PM2.5,79994,677201,2.744432108248679,7.23297257301135,Q1 (2.7-7.2 ug/m3),3.6666666666666665
1369.6875,Death/delisted too sick,0.10316062588526734,Q1,Kidney,PM2.5,79994,677201,2.744432108248679,7.23297257301135,Q1 (2.7-7.2 ug/m3),3.75
1369.6875,Transplant,0.4294713370406059,Q1,Kidney,PM2.5,79994,677201,2.744432108248679,7.23297257301135,Q1 (2.7-7.2 ug/m3),3.75
1400.125,Death/delisted too sick,0.10622069607181714,Q1,Kidney,PM2.5,79994,677201,2.744432108248679,7.23297257301135,Q1 (2.7-7.2 ug/m3),3.8333333333333335
1400.125,Transplant,0.4362002491036185,Q1,Kidney,PM2.5,79994,677201,2.744432108248679,7.23297257301135,Q1 (2.7-7.2 ug/m3),3.8333333333333335
1430.5625,Death/delisted too sick,0.10895198336566586,Q1,Kidney,PM2.5,79994,677201,2.744432108248679,7.23297257301135,Q1 (2.7-7.2 ug/m3),3.9166666666666665
1430.5625,Transplant,0.44287534456117733,Q1,Kidney,PM2.5,79994,677201,2.744432108248679,7.23297257301135,Q1 (2.7-7.2 ug/m3),3.9166666666666665
1461,Death/delisted too sick,0.11157102477474524,Q1,Kidney,PM2.5,79994,677201,2.744432108248679,7.23297257301135,Q1 (2.7-7.2 ug/m3),4
1461,Transplant,0.45021821536012324,Q1,Kidney,PM2.5,79994,677201,2.744432108248679,7.23297257301135,Q1 (2.7-7.2 ug/m3),4
1491.4375,Death/delisted too sick,0.11424584041280096,Q1,Kidney,PM2.5,79994,677201,2.744432108248679,7.23297257301135,Q1 (2.7-7.2 ug/m3),4.083333333333333
1491.4375,Transplant,0.45779907513258017,Q1,Kidney,PM2.5,79994,677201,2.744432108248679,7.23297257301135,Q1 (2.7-7.2 ug/m3),4.083333333333333
1521.875,Death/delisted too sick,0.1171366955110857,Q1,Kidney,PM2.5,79994,677201,2.744432108248679,7.23297257301135,Q1 (2.7-7.2 ug/m3),4.166666666666667
1521.875,Transplant,0.4646826624844552,Q1,Kidney,PM2.5,79994,677201,2.744432108248679,7.23297257301135,Q1 (2.7-7.2 ug/m3),4.166666666666667
1552.3125,Death/delisted too sick,0.12001982363232433,Q1,Kidney,PM2.5,79994,677201,2.744432108248679,7.23297257301135,Q1 (2.7-7.2 ug/m3),4.25
1552.3125,Transplant,0.47224472942366774,Q1,Kidney,PM2.5,79994,677201,2.744432108248679,7.23297257301135,Q1 (2.7-7.2 ug/m3),4.25
1582.75,Death/delisted too sick,0.12240508319367738,Q1,Kidney,PM2.5,79994,677201,2.744432108248679,7.23297257301135,Q1 (2.7-7.2 ug/m3),4.333333333333333
1582.75,Transplant,0.47883497188252994,Q1,Kidney,PM2.5,79994,677201,2.744432108248679,7.23297257301135,Q1 (2.7-7.2 ug/m3),4.333333333333333
1613.1875,Death/delisted too sick,0.12491571232470397,Q1,Kidney,PM2.5,79994,677201,2.744432108248679,7.23297257301135,Q1 (2.7-7.2 ug/m3),4.416666666666667
1613.1875,Transplant,0.4854264762407197,Q1,Kidney,PM2.5,79994,677201,2.744432108248679,7.23297257301135,Q1 (2.7-7.2 ug/m3),4.416666666666667
1643.625,Death/delisted too sick,0.12763583574637669,Q1,Kidney,PM2.5,79994,677201,2.744432108248679,7.23297257301135,Q1 (2.7-7.2 ug/m3),4.5
1643.625,Transplant,0.49174231687487446,Q1,Kidney,PM2.5,79994,677201,2.744432108248679,7.23297257301135,Q1 (2.7-7.2 ug/m3),4.5
1674.0625,Death/delisted too sick,0.12991195451270365,Q1,Kidney,PM2.5,79994,677201,2.744432108248679,7.23297257301135,Q1 (2.7-7.2 ug/m3),4.583333333333333
1674.0625,Transplant,0.4980362402417493,Q1,Kidney,PM2.5,79994,677201,2.744432108248679,7.23297257301135,Q1 (2.7-7.2 ug/m3),4.583333333333333
1704.5,Death/delisted too sick,0.13234578056246366,Q1,Kidney,PM2.5,79994,677201,2.744432108248679,7.23297257301135,Q1 (2.7-7.2 ug/m3),4.666666666666667
1704.5,Transplant,0.5043757538781107,Q1,Kidney,PM2.5,79994,677201,2.744432108248679,7.23297257301135,Q1 (2.7-7.2 ug/m3),4.666666666666667
1734.9375,Death/delisted too sick,0.13503059148681654,Q1,Kidney,PM2.5,79994,677201,2.744432108248679,7.23297257301135,Q1 (2.7-7.2 ug/m3),4.75
1734.9375,Transplant,0.510016628252587,Q1,Kidney,PM2.5,79994,677201,2.744432108248679,7.23297257301135,Q1 (2.7-7.2 ug/m3),4.75
1765.375,Death/delisted too sick,0.13730245736525737,Q1,Kidney,PM2.5,79994,677201,2.744432108248679,7.23297257301135,Q1 (2.7-7.2 ug/m3),4.833333333333333
1765.375,Transplant,0.5161970213780259,Q1,Kidney,PM2.5,79994,677201,2.744432108248679,7.23297257301135,Q1 (2.7-7.2 ug/m3),4.833333333333333
1795.8125,Death/delisted too sick,0.13988348379248655,Q1,Kidney,PM2.5,79994,677201,2.744432108248679,7.23297257301135,Q1 (2.7-7.2 ug/m3),4.916666666666667
1795.8125,Transplant,0.521663007621434,Q1,Kidney,PM2.5,79994,677201,2.744432108248679,7.23297257301135,Q1 (2.7-7.2 ug/m3),4.916666666666667
1826.25,Death/delisted too sick,0.14302482781829332,Q1,Kidney,PM2.5,79994,677201,2.744432108248679,7.23297257301135,Q1 (2.7-7.2 ug/m3),5
1826.25,Transplant,0.5273264753259432,Q1,Kidney,PM2.5,79994,677201,2.744432108248679,7.23297257301135,Q1 (2.7-7.2 ug/m3),5
0,Death/delisted too sick,0,Q2,Kidney,PM2.5,79994,677201,7.23297257301135,8.547339428505397,Q2 (7.2-8.5 ug/m3),0
0,Transplant,0,Q2,Kidney,PM2.5,79994,677201,7.23297257301135,8.547339428505397,Q2 (7.2-8.5 ug/m3),0
30.4375,Death/delisted too sick,0.0028371401441805956,Q2,Kidney,PM2.5,79994,677201,7.23297257301135,8.547339428505397,Q2 (7.2-8.5 ug/m3),0.08333333333333333
30.4375,Transplant,0.01958097409346303,Q2,Kidney,PM2.5,79994,677201,7.23297257301135,8.547339428505397,Q2 (7.2-8.5 ug/m3),0.08333333333333333
60.875,Death/delisted too sick,0.004881627423472249,Q2,Kidney,PM2.5,79994,677201,7.23297257301135,8.547339428505397,Q2 (7.2-8.5 ug/m3),0.16666666666666666
60.875,Transplant,0.033937813162352136,Q2,Kidney,PM2.5,79994,677201,7.23297257301135,8.547339428505397,Q2 (7.2-8.5 ug/m3),0.16666666666666666
91.3125,Death/delisted too sick,0.006522511366285449,Q2,Kidney,PM2.5,79994,677201,7.23297257301135,8.547339428505397,Q2 (7.2-8.5 ug/m3),0.25
91.3125,Transplant,0.049060896145912025,Q2,Kidney,PM2.5,79994,677201,7.23297257301135,8.547339428505397,Q2 (7.2-8.5 ug/m3),0.25
121.75,Death/delisted too sick,0.008070136146747769,Q2,Kidney,PM2.5,79994,677201,7.23297257301135,8.547339428505397,Q2 (7.2-8.5 ug/m3),0.3333333333333333
121.75,Transplant,0.06293720097167906,Q2,Kidney,PM2.5,79994,677201,7.23297257301135,8.547339428505397,Q2 (7.2-8.5 ug/m3),0.3333333333333333
152.1875,Death/delisted too sick,0.00970298677519001,Q2,Kidney,PM2.5,79994,677201,7.23297257301135,8.547339428505397,Q2 (7.2-8.5 ug/m3),0.4166666666666667
152.1875,Transplant,0.07636662558321872,Q2,Kidney,PM2.5,79994,677201,7.23297257301135,8.547339428505397,Q2 (7.2-8.5 ug/m3),0.4166666666666667
182.625,Death/delisted too sick,0.011294027188191143,Q2,Kidney,PM2.5,79994,677201,7.23297257301135,8.547339428505397,Q2 (7.2-8.5 ug/m3),0.5
182.625,Transplant,0.08921242168765765,Q2,Kidney,PM2.5,79994,677201,7.23297257301135,8.547339428505397,Q2 (7.2-8.5 ug/m3),0.5
213.0625,Death/delisted too sick,0.013187737670608036,Q2,Kidney,PM2.5,79994,677201,7.23297257301135,8.547339428505397,Q2 (7.2-8.5 ug/m3),0.5833333333333334
213.0625,Transplant,0.10193080628211007,Q2,Kidney,PM2.5,79994,677201,7.23297257301135,8.547339428505397,Q2 (7.2-8.5 ug/m3),0.5833333333333334
243.5,Death/delisted too sick,0.014777110048421938,Q2,Kidney,PM2.5,79994,677201,7.23297257301135,8.547339428505397,Q2 (7.2-8.5 ug/m3),0.6666666666666666
243.5,Transplant,0.11365197422970545,Q2,Kidney,PM2.5,79994,677201,7.23297257301135,8.547339428505397,Q2 (7.2-8.5 ug/m3),0.6666666666666666
273.9375,Death/delisted too sick,0.016947203731370448,Q2,Kidney,PM2.5,79994,677201,7.23297257301135,8.547339428505397,Q2 (7.2-8.5 ug/m3),0.75
273.9375,Transplant,0.12510738254429718,Q2,Kidney,PM2.5,79994,677201,7.23297257301135,8.547339428505397,Q2 (7.2-8.5 ug/m3),0.75
304.375,Death/delisted too sick,0.018759861744514526,Q2,Kidney,PM2.5,79994,677201,7.23297257301135,8.547339428505397,Q2 (7.2-8.5 ug/m3),0.8333333333333334
304.375,Transplant,0.13578457931645646,Q2,Kidney,PM2.5,79994,677201,7.23297257301135,8.547339428505397,Q2 (7.2-8.5 ug/m3),0.8333333333333334
334.8125,Death/delisted too sick,0.020635692288920954,Q2,Kidney,PM2.5,79994,677201,7.23297257301135,8.547339428505397,Q2 (7.2-8.5 ug/m3),0.9166666666666666
334.8125,Transplant,0.14633917414611125,Q2,Kidney,PM2.5,79994,677201,7.23297257301135,8.547339428505397,Q2 (7.2-8.5 ug/m3),0.9166666666666666
365.25,Death/delisted too sick,0.022893381112378392,Q2,Kidney,PM2.5,79994,677201,7.23297257301135,8.547339428505397,Q2 (7.2-8.5 ug/m3),1
365.25,Transplant,0.1574725528949137,Q2,Kidney,PM2.5,79994,677201,7.23297257301135,8.547339428505397,Q2 (7.2-8.5 ug/m3),1
395.6875,Death/delisted too sick,0.024989530328576884,Q2,Kidney,PM2.5,79994,677201,7.23297257301135,8.547339428505397,Q2 (7.2-8.5 ug/m3),1.0833333333333333
395.6875,Transplant,0.16793765475296618,Q2,Kidney,PM2.5,79994,677201,7.23297257301135,8.547339428505397,Q2 (7.2-8.5 ug/m3),1.0833333333333333
426.125,Death/delisted too sick,0.027252978838713016,Q2,Kidney,PM2.5,79994,677201,7.23297257301135,8.547339428505397,Q2 (7.2-8.5 ug/m3),1.1666666666666667
426.125,Transplant,0.17887655124736587,Q2,Kidney,PM2.5,79994,677201,7.23297257301135,8.547339428505397,Q2 (7.2-8.5 ug/m3),1.1666666666666667
456.5625,Death/delisted too sick,0.02920439318905452,Q2,Kidney,PM2.5,79994,677201,7.23297257301135,8.547339428505397,Q2 (7.2-8.5 ug/m3),1.25
456.5625,Transplant,0.18853516383707578,Q2,Kidney,PM2.5,79994,677201,7.23297257301135,8.547339428505397,Q2 (7.2-8.5 ug/m3),1.25
487,Death/delisted too sick,0.03143048554582084,Q2,Kidney,PM2.5,79994,677201,7.23297257301135,8.547339428505397,Q2 (7.2-8.5 ug/m3),1.3333333333333333
487,Transplant,0.19810297304120203,Q2,Kidney,PM2.5,79994,677201,7.23297257301135,8.547339428505397,Q2 (7.2-8.5 ug/m3),1.3333333333333333
517.4375,Death/delisted too sick,0.03374721912689522,Q2,Kidney,PM2.5,79994,677201,7.23297257301135,8.547339428505397,Q2 (7.2-8.5 ug/m3),1.4166666666666667
517.4375,Transplant,0.2072167934896956,Q2,Kidney,PM2.5,79994,677201,7.23297257301135,8.547339428505397,Q2 (7.2-8.5 ug/m3),1.4166666666666667
547.875,Death/delisted too sick,0.035850512122406794,Q2,Kidney,PM2.5,79994,677201,7.23297257301135,8.547339428505397,Q2 (7.2-8.5 ug/m3),1.5
547.875,Transplant,0.21609266408282787,Q2,Kidney,PM2.5,79994,677201,7.23297257301135,8.547339428505397,Q2 (7.2-8.5 ug/m3),1.5
578.3125,Death/delisted too sick,0.03813081854710471,Q2,Kidney,PM2.5,79994,677201,7.23297257301135,8.547339428505397,Q2 (7.2-8.5 ug/m3),1.5833333333333333
578.3125,Transplant,0.22477884858650576,Q2,Kidney,PM2.5,79994,677201,7.23297257301135,8.547339428505397,Q2 (7.2-8.5 ug/m3),1.5833333333333333
608.75,Death/delisted too sick,0.04040081062887326,Q2,Kidney,PM2.5,79994,677201,7.23297257301135,8.547339428505397,Q2 (7.2-8.5 ug/m3),1.6666666666666667
608.75,Transplant,0.23378381368050638,Q2,Kidney,PM2.5,79994,677201,7.23297257301135,8.547339428505397,Q2 (7.2-8.5 ug/m3),1.6666666666666667
639.1875,Death/delisted too sick,0.0428928112109191,Q2,Kidney,PM2.5,79994,677201,7.23297257301135,8.547339428505397,Q2 (7.2-8.5 ug/m3),1.75
639.1875,Transplant,0.2427944915359264,Q2,Kidney,PM2.5,79994,677201,7.23297257301135,8.547339428505397,Q2 (7.2-8.5 ug/m3),1.75
669.625,Death/delisted too sick,0.04524120691995243,Q2,Kidney,PM2.5,79994,677201,7.23297257301135,8.547339428505397,Q2 (7.2-8.5 ug/m3),1.8333333333333333
669.625,Transplant,0.2503909408537724,Q2,Kidney,PM2.5,79994,677201,7.23297257301135,8.547339428505397,Q2 (7.2-8.5 ug/m3),1.8333333333333333
700.0625,Death/delisted too sick,0.0477872839495494,Q2,Kidney,PM2.5,79994,677201,7.23297257301135,8.547339428505397,Q2 (7.2-8.5 ug/m3),1.9166666666666667
700.0625,Transplant,0.2585223478640015,Q2,Kidney,PM2.5,79994,677201,7.23297257301135,8.547339428505397,Q2 (7.2-8.5 ug/m3),1.9166666666666667
730.5,Death/delisted too sick,0.05029790026342195,Q2,Kidney,PM2.5,79994,677201,7.23297257301135,8.547339428505397,Q2 (7.2-8.5 ug/m3),2
730.5,Transplant,0.2664242668205166,Q2,Kidney,PM2.5,79994,677201,7.23297257301135,8.547339428505397,Q2 (7.2-8.5 ug/m3),2
760.9375,Death/delisted too sick,0.05302613188537142,Q2,Kidney,PM2.5,79994,677201,7.23297257301135,8.547339428505397,Q2 (7.2-8.5 ug/m3),2.0833333333333335
760.9375,Transplant,0.27498053504032816,Q2,Kidney,PM2.5,79994,677201,7.23297257301135,8.547339428505397,Q2 (7.2-8.5 ug/m3),2.0833333333333335
791.375,Death/delisted too sick,0.055583754406625094,Q2,Kidney,PM2.5,79994,677201,7.23297257301135,8.547339428505397,Q2 (7.2-8.5 ug/m3),2.1666666666666665
791.375,Transplant,0.2841083847761309,Q2,Kidney,PM2.5,79994,677201,7.23297257301135,8.547339428505397,Q2 (7.2-8.5 ug/m3),2.1666666666666665
821.8125,Death/delisted too sick,0.05796289105821792,Q2,Kidney,PM2.5,79994,677201,7.23297257301135,8.547339428505397,Q2 (7.2-8.5 ug/m3),2.25
821.8125,Transplant,0.29222463708745217,Q2,Kidney,PM2.5,79994,677201,7.23297257301135,8.547339428505397,Q2 (7.2-8.5 ug/m3),2.25
852.25,Death/delisted too sick,0.06064717542168596,Q2,Kidney,PM2.5,79994,677201,7.23297257301135,8.547339428505397,Q2 (7.2-8.5 ug/m3),2.3333333333333335
852.25,Transplant,0.30070997772848806,Q2,Kidney,PM2.5,79994,677201,7.23297257301135,8.547339428505397,Q2 (7.2-8.5 ug/m3),2.3333333333333335
882.6875,Death/delisted too sick,0.06347539453874512,Q2,Kidney,PM2.5,79994,677201,7.23297257301135,8.547339428505397,Q2 (7.2-8.5 ug/m3),2.4166666666666665
882.6875,Transplant,0.3086962196683437,Q2,Kidney,PM2.5,79994,677201,7.23297257301135,8.547339428505397,Q2 (7.2-8.5 ug/m3),2.4166666666666665
913.125,Death/delisted too sick,0.06619288729205926,Q2,Kidney,PM2.5,79994,677201,7.23297257301135,8.547339428505397,Q2 (7.2-8.5 ug/m3),2.5
913.125,Transplant,0.3166900587670627,Q2,Kidney,PM2.5,79994,677201,7.23297257301135,8.547339428505397,Q2 (7.2-8.5 ug/m3),2.5
943.5625,Death/delisted too sick,0.06944575788470624,Q2,Kidney,PM2.5,79994,677201,7.23297257301135,8.547339428505397,Q2 (7.2-8.5 ug/m3),2.5833333333333335
943.5625,Transplant,0.3235858165262115,Q2,Kidney,PM2.5,79994,677201,7.23297257301135,8.547339428505397,Q2 (7.2-8.5 ug/m3),2.5833333333333335
974,Death/delisted too sick,0.07221231332480661,Q2,Kidney,PM2.5,79994,677201,7.23297257301135,8.547339428505397,Q2 (7.2-8.5 ug/m3),2.6666666666666665
974,Transplant,0.3310685410521506,Q2,Kidney,PM2.5,79994,677201,7.23297257301135,8.547339428505397,Q2 (7.2-8.5 ug/m3),2.6666666666666665
1004.4375,Death/delisted too sick,0.07487822588669023,Q2,Kidney,PM2.5,79994,677201,7.23297257301135,8.547339428505397,Q2 (7.2-8.5 ug/m3),2.75
1004.4375,Transplant,0.33814118436760554,Q2,Kidney,PM2.5,79994,677201,7.23297257301135,8.547339428505397,Q2 (7.2-8.5 ug/m3),2.75
1034.875,Death/delisted too sick,0.07756661468632314,Q2,Kidney,PM2.5,79994,677201,7.23297257301135,8.547339428505397,Q2 (7.2-8.5 ug/m3),2.8333333333333335
1034.875,Transplant,0.34483659883380724,Q2,Kidney,PM2.5,79994,677201,7.23297257301135,8.547339428505397,Q2 (7.2-8.5 ug/m3),2.8333333333333335
1065.3125,Death/delisted too sick,0.08062864450774193,Q2,Kidney,PM2.5,79994,677201,7.23297257301135,8.547339428505397,Q2 (7.2-8.5 ug/m3),2.9166666666666665
1065.3125,Transplant,0.35199766126673426,Q2,Kidney,PM2.5,79994,677201,7.23297257301135,8.547339428505397,Q2 (7.2-8.5 ug/m3),2.9166666666666665
1095.75,Death/delisted too sick,0.0831836111518129,Q2,Kidney,PM2.5,79994,677201,7.23297257301135,8.547339428505397,Q2 (7.2-8.5 ug/m3),3
1095.75,Transplant,0.3588724868954363,Q2,Kidney,PM2.5,79994,677201,7.23297257301135,8.547339428505397,Q2 (7.2-8.5 ug/m3),3
1126.1875,Death/delisted too sick,0.08600151517849079,Q2,Kidney,PM2.5,79994,677201,7.23297257301135,8.547339428505397,Q2 (7.2-8.5 ug/m3),3.0833333333333335
1126.1875,Transplant,0.3668177275837216,Q2,Kidney,PM2.5,79994,677201,7.23297257301135,8.547339428505397,Q2 (7.2-8.5 ug/m3),3.0833333333333335
1156.625,Death/delisted too sick,0.08869016969618036,Q2,Kidney,PM2.5,79994,677201,7.23297257301135,8.547339428505397,Q2 (7.2-8.5 ug/m3),3.1666666666666665
1156.625,Transplant,0.3743054475596588,Q2,Kidney,PM2.5,79994,677201,7.23297257301135,8.547339428505397,Q2 (7.2-8.5 ug/m3),3.1666666666666665
1187.0625,Death/delisted too sick,0.09146034091430033,Q2,Kidney,PM2.5,79994,677201,7.23297257301135,8.547339428505397,Q2 (7.2-8.5 ug/m3),3.25
1187.0625,Transplant,0.38147458279170127,Q2,Kidney,PM2.5,79994,677201,7.23297257301135,8.547339428505397,Q2 (7.2-8.5 ug/m3),3.25
1217.5,Death/delisted too sick,0.09455501563941822,Q2,Kidney,PM2.5,79994,677201,7.23297257301135,8.547339428505397,Q2 (7.2-8.5 ug/m3),3.3333333333333335
1217.5,Transplant,0.3883797684714353,Q2,Kidney,PM2.5,79994,677201,7.23297257301135,8.547339428505397,Q2 (7.2-8.5 ug/m3),3.3333333333333335
1247.9375,Death/delisted too sick,0.09750864713913741,Q2,Kidney,PM2.5,79994,677201,7.23297257301135,8.547339428505397,Q2 (7.2-8.5 ug/m3),3.4166666666666665
1247.9375,Transplant,0.39475156636956255,Q2,Kidney,PM2.5,79994,677201,7.23297257301135,8.547339428505397,Q2 (7.2-8.5 ug/m3),3.4166666666666665
1278.375,Death/delisted too sick,0.10039806040610348,Q2,Kidney,PM2.5,79994,677201,7.23297257301135,8.547339428505397,Q2 (7.2-8.5 ug/m3),3.5
1278.375,Transplant,0.40163624234071665,Q2,Kidney,PM2.5,79994,677201,7.23297257301135,8.547339428505397,Q2 (7.2-8.5 ug/m3),3.5
1308.8125,Death/delisted too sick,0.1033240000363573,Q2,Kidney,PM2.5,79994,677201,7.23297257301135,8.547339428505397,Q2 (7.2-8.5 ug/m3),3.5833333333333335
1308.8125,Transplant,0.4083544779854883,Q2,Kidney,PM2.5,79994,677201,7.23297257301135,8.547339428505397,Q2 (7.2-8.5 ug/m3),3.5833333333333335
1339.25,Death/delisted too sick,0.10665616636849959,Q2,Kidney,PM2.5,79994,677201,7.23297257301135,8.547339428505397,Q2 (7.2-8.5 ug/m3),3.6666666666666665
1339.25,Transplant,0.41510305598241193,Q2,Kidney,PM2.5,79994,677201,7.23297257301135,8.547339428505397,Q2 (7.2-8.5 ug/m3),3.6666666666666665
1369.6875,Death/delisted too sick,0.10930862598188994,Q2,Kidney,PM2.5,79994,677201,7.23297257301135,8.547339428505397,Q2 (7.2-8.5 ug/m3),3.75
1369.6875,Transplant,0.42120479356902385,Q2,Kidney,PM2.5,79994,677201,7.23297257301135,8.547339428505397,Q2 (7.2-8.5 ug/m3),3.75
1400.125,Death/delisted too sick,0.11208477425800875,Q2,Kidney,PM2.5,79994,677201,7.23297257301135,8.547339428505397,Q2 (7.2-8.5 ug/m3),3.8333333333333335
1400.125,Transplant,0.42745770796523763,Q2,Kidney,PM2.5,79994,677201,7.23297257301135,8.547339428505397,Q2 (7.2-8.5 ug/m3),3.8333333333333335
1430.5625,Death/delisted too sick,0.1148051121528025,Q2,Kidney,PM2.5,79994,677201,7.23297257301135,8.547339428505397,Q2 (7.2-8.5 ug/m3),3.9166666666666665
1430.5625,Transplant,0.4330796343605103,Q2,Kidney,PM2.5,79994,677201,7.23297257301135,8.547339428505397,Q2 (7.2-8.5 ug/m3),3.9166666666666665
1461,Death/delisted too sick,0.11755404065602487,Q2,Kidney,PM2.5,79994,677201,7.23297257301135,8.547339428505397,Q2 (7.2-8.5 ug/m3),4
1461,Transplant,0.4392465123622375,Q2,Kidney,PM2.5,79994,677201,7.23297257301135,8.547339428505397,Q2 (7.2-8.5 ug/m3),4
1491.4375,Death/delisted too sick,0.12027546616151313,Q2,Kidney,PM2.5,79994,677201,7.23297257301135,8.547339428505397,Q2 (7.2-8.5 ug/m3),4.083333333333333
1491.4375,Transplant,0.4454341937008668,Q2,Kidney,PM2.5,79994,677201,7.23297257301135,8.547339428505397,Q2 (7.2-8.5 ug/m3),4.083333333333333
1521.875,Death/delisted too sick,0.12309754212196436,Q2,Kidney,PM2.5,79994,677201,7.23297257301135,8.547339428505397,Q2 (7.2-8.5 ug/m3),4.166666666666667
1521.875,Transplant,0.45150072110144207,Q2,Kidney,PM2.5,79994,677201,7.23297257301135,8.547339428505397,Q2 (7.2-8.5 ug/m3),4.166666666666667
1552.3125,Death/delisted too sick,0.12581911206800303,Q2,Kidney,PM2.5,79994,677201,7.23297257301135,8.547339428505397,Q2 (7.2-8.5 ug/m3),4.25
1552.3125,Transplant,0.45777283451552087,Q2,Kidney,PM2.5,79994,677201,7.23297257301135,8.547339428505397,Q2 (7.2-8.5 ug/m3),4.25
1582.75,Death/delisted too sick,0.12847383155007874,Q2,Kidney,PM2.5,79994,677201,7.23297257301135,8.547339428505397,Q2 (7.2-8.5 ug/m3),4.333333333333333
1582.75,Transplant,0.46408461567679066,Q2,Kidney,PM2.5,79994,677201,7.23297257301135,8.547339428505397,Q2 (7.2-8.5 ug/m3),4.333333333333333
1613.1875,Death/delisted too sick,0.13101797030141776,Q2,Kidney,PM2.5,79994,677201,7.23297257301135,8.547339428505397,Q2 (7.2-8.5 ug/m3),4.416666666666667
1613.1875,Transplant,0.47039309953593833,Q2,Kidney,PM2.5,79994,677201,7.23297257301135,8.547339428505397,Q2 (7.2-8.5 ug/m3),4.416666666666667
1643.625,Death/delisted too sick,0.1335566565899941,Q2,Kidney,PM2.5,79994,677201,7.23297257301135,8.547339428505397,Q2 (7.2-8.5 ug/m3),4.5
1643.625,Transplant,0.4764644668765027,Q2,Kidney,PM2.5,79994,677201,7.23297257301135,8.547339428505397,Q2 (7.2-8.5 ug/m3),4.5
1674.0625,Death/delisted too sick,0.1359779147315409,Q2,Kidney,PM2.5,79994,677201,7.23297257301135,8.547339428505397,Q2 (7.2-8.5 ug/m3),4.583333333333333
1674.0625,Transplant,0.48284362352078813,Q2,Kidney,PM2.5,79994,677201,7.23297257301135,8.547339428505397,Q2 (7.2-8.5 ug/m3),4.583333333333333
1704.5,Death/delisted too sick,0.13854857017281325,Q2,Kidney,PM2.5,79994,677201,7.23297257301135,8.547339428505397,Q2 (7.2-8.5 ug/m3),4.666666666666667
1704.5,Transplant,0.4883032331139272,Q2,Kidney,PM2.5,79994,677201,7.23297257301135,8.547339428505397,Q2 (7.2-8.5 ug/m3),4.666666666666667
1734.9375,Death/delisted too sick,0.140856935365531,Q2,Kidney,PM2.5,79994,677201,7.23297257301135,8.547339428505397,Q2 (7.2-8.5 ug/m3),4.75
1734.9375,Transplant,0.49386733210033373,Q2,Kidney,PM2.5,79994,677201,7.23297257301135,8.547339428505397,Q2 (7.2-8.5 ug/m3),4.75
1765.375,Death/delisted too sick,0.14323318590958373,Q2,Kidney,PM2.5,79994,677201,7.23297257301135,8.547339428505397,Q2 (7.2-8.5 ug/m3),4.833333333333333
1765.375,Transplant,0.49936012935483465,Q2,Kidney,PM2.5,79994,677201,7.23297257301135,8.547339428505397,Q2 (7.2-8.5 ug/m3),4.833333333333333
1795.8125,Death/delisted too sick,0.146067333121847,Q2,Kidney,PM2.5,79994,677201,7.23297257301135,8.547339428505397,Q2 (7.2-8.5 ug/m3),4.916666666666667
1795.8125,Transplant,0.5046685863498983,Q2,Kidney,PM2.5,79994,677201,7.23297257301135,8.547339428505397,Q2 (7.2-8.5 ug/m3),4.916666666666667
1826.25,Death/delisted too sick,0.14841301838934925,Q2,Kidney,PM2.5,79994,677201,7.23297257301135,8.547339428505397,Q2 (7.2-8.5 ug/m3),5
1826.25,Transplant,0.5097283288424664,Q2,Kidney,PM2.5,79994,677201,7.23297257301135,8.547339428505397,Q2 (7.2-8.5 ug/m3),5
0,Death/delisted too sick,0,Q3,Kidney,PM2.5,79994,677201,8.547339428505397,10.189393538668531,Q3 (8.5-10.2 ug/m3),0
0,Transplant,0,Q3,Kidney,PM2.5,79994,677201,8.547339428505397,10.189393538668531,Q3 (8.5-10.2 ug/m3),0
30.4375,Death/delisted too sick,0.003636152889822589,Q3,Kidney,PM2.5,79994,677201,8.547339428505397,10.189393538668531,Q3 (8.5-10.2 ug/m3),0.08333333333333333
30.4375,Transplant,0.021578891639934598,Q3,Kidney,PM2.5,79994,677201,8.547339428505397,10.189393538668531,Q3 (8.5-10.2 ug/m3),0.08333333333333333
60.875,Death/delisted too sick,0.005828143465597723,Q3,Kidney,PM2.5,79994,677201,8.547339428505397,10.189393538668531,Q3 (8.5-10.2 ug/m3),0.16666666666666666
60.875,Transplant,0.036423054532357224,Q3,Kidney,PM2.5,79994,677201,8.547339428505397,10.189393538668531,Q3 (8.5-10.2 ug/m3),0.16666666666666666
91.3125,Death/delisted too sick,0.0077684154440300366,Q3,Kidney,PM2.5,79994,677201,8.547339428505397,10.189393538668531,Q3 (8.5-10.2 ug/m3),0.25
91.3125,Transplant,0.05257694757853853,Q3,Kidney,PM2.5,79994,677201,8.547339428505397,10.189393538668531,Q3 (8.5-10.2 ug/m3),0.25
121.75,Death/delisted too sick,0.009662142642785258,Q3,Kidney,PM2.5,79994,677201,8.547339428505397,10.189393538668531,Q3 (8.5-10.2 ug/m3),0.3333333333333333
121.75,Transplant,0.06672004597763867,Q3,Kidney,PM2.5,79994,677201,8.547339428505397,10.189393538668531,Q3 (8.5-10.2 ug/m3),0.3333333333333333
152.1875,Death/delisted too sick,0.011488548160836729,Q3,Kidney,PM2.5,79994,677201,8.547339428505397,10.189393538668531,Q3 (8.5-10.2 ug/m3),0.4166666666666667
152.1875,Transplant,0.08027714837039085,Q3,Kidney,PM2.5,79994,677201,8.547339428505397,10.189393538668531,Q3 (8.5-10.2 ug/m3),0.4166666666666667
182.625,Death/delisted too sick,0.01318184233451578,Q3,Kidney,PM2.5,79994,677201,8.547339428505397,10.189393538668531,Q3 (8.5-10.2 ug/m3),0.5
182.625,Transplant,0.09344664699512469,Q3,Kidney,PM2.5,79994,677201,8.547339428505397,10.189393538668531,Q3 (8.5-10.2 ug/m3),0.5
213.0625,Death/delisted too sick,0.015256123542687535,Q3,Kidney,PM2.5,79994,677201,8.547339428505397,10.189393538668531,Q3 (8.5-10.2 ug/m3),0.5833333333333334
213.0625,Transplant,0.10542925913954325,Q3,Kidney,PM2.5,79994,677201,8.547339428505397,10.189393538668531,Q3 (8.5-10.2 ug/m3),0.5833333333333334
243.5,Death/delisted too sick,0.016893404831768155,Q3,Kidney,PM2.5,79994,677201,8.547339428505397,10.189393538668531,Q3 (8.5-10.2 ug/m3),0.6666666666666666
243.5,Transplant,0.11727833541599485,Q3,Kidney,PM2.5,79994,677201,8.547339428505397,10.189393538668531,Q3 (8.5-10.2 ug/m3),0.6666666666666666
273.9375,Death/delisted too sick,0.01891066942384302,Q3,Kidney,PM2.5,79994,677201,8.547339428505397,10.189393538668531,Q3 (8.5-10.2 ug/m3),0.75
273.9375,Transplant,0.1281523686392533,Q3,Kidney,PM2.5,79994,677201,8.547339428505397,10.189393538668531,Q3 (8.5-10.2 ug/m3),0.75
304.375,Death/delisted too sick,0.02082662431422063,Q3,Kidney,PM2.5,79994,677201,8.547339428505397,10.189393538668531,Q3 (8.5-10.2 ug/m3),0.8333333333333334
304.375,Transplant,0.13878976208151936,Q3,Kidney,PM2.5,79994,677201,8.547339428505397,10.189393538668531,Q3 (8.5-10.2 ug/m3),0.8333333333333334
334.8125,Death/delisted too sick,0.022827733078504553,Q3,Kidney,PM2.5,79994,677201,8.547339428505397,10.189393538668531,Q3 (8.5-10.2 ug/m3),0.9166666666666666
334.8125,Transplant,0.1483500037319854,Q3,Kidney,PM2.5,79994,677201,8.547339428505397,10.189393538668531,Q3 (8.5-10.2 ug/m3),0.9166666666666666
365.25,Death/delisted too sick,0.024954956261298726,Q3,Kidney,PM2.5,79994,677201,8.547339428505397,10.189393538668531,Q3 (8.5-10.2 ug/m3),1
365.25,Transplant,0.15876881071919446,Q3,Kidney,PM2.5,79994,677201,8.547339428505397,10.189393538668531,Q3 (8.5-10.2 ug/m3),1
395.6875,Death/delisted too sick,0.027088199041020243,Q3,Kidney,PM2.5,79994,677201,8.547339428505397,10.189393538668531,Q3 (8.5-10.2 ug/m3),1.0833333333333333
395.6875,Transplant,0.16921485266396497,Q3,Kidney,PM2.5,79994,677201,8.547339428505397,10.189393538668531,Q3 (8.5-10.2 ug/m3),1.0833333333333333
426.125,Death/delisted too sick,0.02907164588460884,Q3,Kidney,PM2.5,79994,677201,8.547339428505397,10.189393538668531,Q3 (8.5-10.2 ug/m3),1.1666666666666667
426.125,Transplant,0.17933121559597293,Q3,Kidney,PM2.5,79994,677201,8.547339428505397,10.189393538668531,Q3 (8.5-10.2 ug/m3),1.1666666666666667
456.5625,Death/delisted too sick,0.030952138183983985,Q3,Kidney,PM2.5,79994,677201,8.547339428505397,10.189393538668531,Q3 (8.5-10.2 ug/m3),1.25
456.5625,Transplant,0.1888695145761505,Q3,Kidney,PM2.5,79994,677201,8.547339428505397,10.189393538668531,Q3 (8.5-10.2 ug/m3),1.25
487,Death/delisted too sick,0.03282862474393561,Q3,Kidney,PM2.5,79994,677201,8.547339428505397,10.189393538668531,Q3 (8.5-10.2 ug/m3),1.3333333333333333
487,Transplant,0.1979895570209417,Q3,Kidney,PM2.5,79994,677201,8.547339428505397,10.189393538668531,Q3 (8.5-10.2 ug/m3),1.3333333333333333
517.4375,Death/delisted too sick,0.035184809024877785,Q3,Kidney,PM2.5,79994,677201,8.547339428505397,10.189393538668531,Q3 (8.5-10.2 ug/m3),1.4166666666666667
517.4375,Transplant,0.20671032665117373,Q3,Kidney,PM2.5,79994,677201,8.547339428505397,10.189393538668531,Q3 (8.5-10.2 ug/m3),1.4166666666666667
547.875,Death/delisted too sick,0.03727719120337173,Q3,Kidney,PM2.5,79994,677201,8.547339428505397,10.189393538668531,Q3 (8.5-10.2 ug/m3),1.5
547.875,Transplant,0.2152954794827217,Q3,Kidney,PM2.5,79994,677201,8.547339428505397,10.189393538668531,Q3 (8.5-10.2 ug/m3),1.5
578.3125,Death/delisted too sick,0.03952392973092913,Q3,Kidney,PM2.5,79994,677201,8.547339428505397,10.189393538668531,Q3 (8.5-10.2 ug/m3),1.5833333333333333
578.3125,Transplant,0.22351264462509562,Q3,Kidney,PM2.5,79994,677201,8.547339428505397,10.189393538668531,Q3 (8.5-10.2 ug/m3),1.5833333333333333
608.75,Death/delisted too sick,0.04191655626801812,Q3,Kidney,PM2.5,79994,677201,8.547339428505397,10.189393538668531,Q3 (8.5-10.2 ug/m3),1.6666666666666667
608.75,Transplant,0.2324763626552528,Q3,Kidney,PM2.5,79994,677201,8.547339428505397,10.189393538668531,Q3 (8.5-10.2 ug/m3),1.6666666666666667
639.1875,Death/delisted too sick,0.0444151542086805,Q3,Kidney,PM2.5,79994,677201,8.547339428505397,10.189393538668531,Q3 (8.5-10.2 ug/m3),1.75
639.1875,Transplant,0.2403811488407728,Q3,Kidney,PM2.5,79994,677201,8.547339428505397,10.189393538668531,Q3 (8.5-10.2 ug/m3),1.75
669.625,Death/delisted too sick,0.046652737676202385,Q3,Kidney,PM2.5,79994,677201,8.547339428505397,10.189393538668531,Q3 (8.5-10.2 ug/m3),1.8333333333333333
669.625,Transplant,0.24855367837089112,Q3,Kidney,PM2.5,79994,677201,8.547339428505397,10.189393538668531,Q3 (8.5-10.2 ug/m3),1.8333333333333333
700.0625,Death/delisted too sick,0.04921782722232225,Q3,Kidney,PM2.5,79994,677201,8.547339428505397,10.189393538668531,Q3 (8.5-10.2 ug/m3),1.9166666666666667
700.0625,Transplant,0.25666497012212325,Q3,Kidney,PM2.5,79994,677201,8.547339428505397,10.189393538668531,Q3 (8.5-10.2 ug/m3),1.9166666666666667
730.5,Death/delisted too sick,0.052249171568311326,Q3,Kidney,PM2.5,79994,677201,8.547339428505397,10.189393538668531,Q3 (8.5-10.2 ug/m3),2
730.5,Transplant,0.26439711319702247,Q3,Kidney,PM2.5,79994,677201,8.547339428505397,10.189393538668531,Q3 (8.5-10.2 ug/m3),2
760.9375,Death/delisted too sick,0.054845699474244565,Q3,Kidney,PM2.5,79994,677201,8.547339428505397,10.189393538668531,Q3 (8.5-10.2 ug/m3),2.0833333333333335
760.9375,Transplant,0.2729254842193093,Q3,Kidney,PM2.5,79994,677201,8.547339428505397,10.189393538668531,Q3 (8.5-10.2 ug/m3),2.0833333333333335
791.375,Death/delisted too sick,0.0577042299844468,Q3,Kidney,PM2.5,79994,677201,8.547339428505397,10.189393538668531,Q3 (8.5-10.2 ug/m3),2.1666666666666665
791.375,Transplant,0.28207712728529943,Q3,Kidney,PM2.5,79994,677201,8.547339428505397,10.189393538668531,Q3 (8.5-10.2 ug/m3),2.1666666666666665
821.8125,Death/delisted too sick,0.06061047499761797,Q3,Kidney,PM2.5,79994,677201,8.547339428505397,10.189393538668531,Q3 (8.5-10.2 ug/m3),2.25
821.8125,Transplant,0.28992264557832526,Q3,Kidney,PM2.5,79994,677201,8.547339428505397,10.189393538668531,Q3 (8.5-10.2 ug/m3),2.25
852.25,Death/delisted too sick,0.06333560469065222,Q3,Kidney,PM2.5,79994,677201,8.547339428505397,10.189393538668531,Q3 (8.5-10.2 ug/m3),2.3333333333333335
852.25,Transplant,0.2971036572306454,Q3,Kidney,PM2.5,79994,677201,8.547339428505397,10.189393538668531,Q3 (8.5-10.2 ug/m3),2.3333333333333335
882.6875,Death/delisted too sick,0.06633970252727014,Q3,Kidney,PM2.5,79994,677201,8.547339428505397,10.189393538668531,Q3 (8.5-10.2 ug/m3),2.4166666666666665
882.6875,Transplant,0.304476422109852,Q3,Kidney,PM2.5,79994,677201,8.547339428505397,10.189393538668531,Q3 (8.5-10.2 ug/m3),2.4166666666666665
913.125,Death/delisted too sick,0.06930208501551285,Q3,Kidney,PM2.5,79994,677201,8.547339428505397,10.189393538668531,Q3 (8.5-10.2 ug/m3),2.5
913.125,Transplant,0.3121846924241882,Q3,Kidney,PM2.5,79994,677201,8.547339428505397,10.189393538668531,Q3 (8.5-10.2 ug/m3),2.5
943.5625,Death/delisted too sick,0.07188326251595778,Q3,Kidney,PM2.5,79994,677201,8.547339428505397,10.189393538668531,Q3 (8.5-10.2 ug/m3),2.5833333333333335
943.5625,Transplant,0.31902311640970715,Q3,Kidney,PM2.5,79994,677201,8.547339428505397,10.189393538668531,Q3 (8.5-10.2 ug/m3),2.5833333333333335
974,Death/delisted too sick,0.07493912168964699,Q3,Kidney,PM2.5,79994,677201,8.547339428505397,10.189393538668531,Q3 (8.5-10.2 ug/m3),2.6666666666666665
974,Transplant,0.3264038546327844,Q3,Kidney,PM2.5,79994,677201,8.547339428505397,10.189393538668531,Q3 (8.5-10.2 ug/m3),2.6666666666666665
1004.4375,Death/delisted too sick,0.07768111385211815,Q3,Kidney,PM2.5,79994,677201,8.547339428505397,10.189393538668531,Q3 (8.5-10.2 ug/m3),2.75
1004.4375,Transplant,0.333587265252556,Q3,Kidney,PM2.5,79994,677201,8.547339428505397,10.189393538668531,Q3 (8.5-10.2 ug/m3),2.75
1034.875,Death/delisted too sick,0.08085850920799141,Q3,Kidney,PM2.5,79994,677201,8.547339428505397,10.189393538668531,Q3 (8.5-10.2 ug/m3),2.8333333333333335
1034.875,Transplant,0.3405028515500957,Q3,Kidney,PM2.5,79994,677201,8.547339428505397,10.189393538668531,Q3 (8.5-10.2 ug/m3),2.8333333333333335
1065.3125,Death/delisted too sick,0.08362112616207362,Q3,Kidney,PM2.5,79994,677201,8.547339428505397,10.189393538668531,Q3 (8.5-10.2 ug/m3),2.9166666666666665
1065.3125,Transplant,0.3472795542293152,Q3,Kidney,PM2.5,79994,677201,8.547339428505397,10.189393538668531,Q3 (8.5-10.2 ug/m3),2.9166666666666665
1095.75,Death/delisted too sick,0.08660316972460093,Q3,Kidney,PM2.5,79994,677201,8.547339428505397,10.189393538668531,Q3 (8.5-10.2 ug/m3),3
1095.75,Transplant,0.35356999284358226,Q3,Kidney,PM2.5,79994,677201,8.547339428505397,10.189393538668531,Q3 (8.5-10.2 ug/m3),3
1126.1875,Death/delisted too sick,0.08969878977860923,Q3,Kidney,PM2.5,79994,677201,8.547339428505397,10.189393538668531,Q3 (8.5-10.2 ug/m3),3.0833333333333335
1126.1875,Transplant,0.3607827203269122,Q3,Kidney,PM2.5,79994,677201,8.547339428505397,10.189393538668531,Q3 (8.5-10.2 ug/m3),3.0833333333333335
1156.625,Death/delisted too sick,0.09263777207787814,Q3,Kidney,PM2.5,79994,677201,8.547339428505397,10.189393538668531,Q3 (8.5-10.2 ug/m3),3.1666666666666665
1156.625,Transplant,0.3674699398289099,Q3,Kidney,PM2.5,79994,677201,8.547339428505397,10.189393538668531,Q3 (8.5-10.2 ug/m3),3.1666666666666665
1187.0625,Death/delisted too sick,0.09570618000337283,Q3,Kidney,PM2.5,79994,677201,8.547339428505397,10.189393538668531,Q3 (8.5-10.2 ug/m3),3.25
1187.0625,Transplant,0.3738026756553687,Q3,Kidney,PM2.5,79994,677201,8.547339428505397,10.189393538668531,Q3 (8.5-10.2 ug/m3),3.25
1217.5,Death/delisted too sick,0.09841509280201916,Q3,Kidney,PM2.5,79994,677201,8.547339428505397,10.189393538668531,Q3 (8.5-10.2 ug/m3),3.3333333333333335
1217.5,Transplant,0.37979290403822524,Q3,Kidney,PM2.5,79994,677201,8.547339428505397,10.189393538668531,Q3 (8.5-10.2 ug/m3),3.3333333333333335
1247.9375,Death/delisted too sick,0.10149388470925803,Q3,Kidney,PM2.5,79994,677201,8.547339428505397,10.189393538668531,Q3 (8.5-10.2 ug/m3),3.4166666666666665
1247.9375,Transplant,0.38596923974995295,Q3,Kidney,PM2.5,79994,677201,8.547339428505397,10.189393538668531,Q3 (8.5-10.2 ug/m3),3.4166666666666665
1278.375,Death/delisted too sick,0.1042645705415755,Q3,Kidney,PM2.5,79994,677201,8.547339428505397,10.189393538668531,Q3 (8.5-10.2 ug/m3),3.5
1278.375,Transplant,0.3919248337020153,Q3,Kidney,PM2.5,79994,677201,8.547339428505397,10.189393538668531,Q3 (8.5-10.2 ug/m3),3.5
1308.8125,Death/delisted too sick,0.10701543679930232,Q3,Kidney,PM2.5,79994,677201,8.547339428505397,10.189393538668531,Q3 (8.5-10.2 ug/m3),3.5833333333333335
1308.8125,Transplant,0.3972983621758889,Q3,Kidney,PM2.5,79994,677201,8.547339428505397,10.189393538668531,Q3 (8.5-10.2 ug/m3),3.5833333333333335
1339.25,Death/delisted too sick,0.10999178940673403,Q3,Kidney,PM2.5,79994,677201,8.547339428505397,10.189393538668531,Q3 (8.5-10.2 ug/m3),3.6666666666666665
1339.25,Transplant,0.4036104608809454,Q3,Kidney,PM2.5,79994,677201,8.547339428505397,10.189393538668531,Q3 (8.5-10.2 ug/m3),3.6666666666666665
1369.6875,Death/delisted too sick,0.11254955396231194,Q3,Kidney,PM2.5,79994,677201,8.547339428505397,10.189393538668531,Q3 (8.5-10.2 ug/m3),3.75
1369.6875,Transplant,0.40904196307951585,Q3,Kidney,PM2.5,79994,677201,8.547339428505397,10.189393538668531,Q3 (8.5-10.2 ug/m3),3.75
1400.125,Death/delisted too sick,0.11578315956220252,Q3,Kidney,PM2.5,79994,677201,8.547339428505397,10.189393538668531,Q3 (8.5-10.2 ug/m3),3.8333333333333335
1400.125,Transplant,0.4149198801719881,Q3,Kidney,PM2.5,79994,677201,8.547339428505397,10.189393538668531,Q3 (8.5-10.2 ug/m3),3.8333333333333335
1430.5625,Death/delisted too sick,0.11833702490860566,Q3,Kidney,PM2.5,79994,677201,8.547339428505397,10.189393538668531,Q3 (8.5-10.2 ug/m3),3.9166666666666665
1430.5625,Transplant,0.4204453189245919,Q3,Kidney,PM2.5,79994,677201,8.547339428505397,10.189393538668531,Q3 (8.5-10.2 ug/m3),3.9166666666666665
1461,Death/delisted too sick,0.12135455060404646,Q3,Kidney,PM2.5,79994,677201,8.547339428505397,10.189393538668531,Q3 (8.5-10.2 ug/m3),4
1461,Transplant,0.42667952015390853,Q3,Kidney,PM2.5,79994,677201,8.547339428505397,10.189393538668531,Q3 (8.5-10.2 ug/m3),4
1491.4375,Death/delisted too sick,0.12399496958467197,Q3,Kidney,PM2.5,79994,677201,8.547339428505397,10.189393538668531,Q3 (8.5-10.2 ug/m3),4.083333333333333
1491.4375,Transplant,0.43304204351168124,Q3,Kidney,PM2.5,79994,677201,8.547339428505397,10.189393538668531,Q3 (8.5-10.2 ug/m3),4.083333333333333
1521.875,Death/delisted too sick,0.12688687409288574,Q3,Kidney,PM2.5,79994,677201,8.547339428505397,10.189393538668531,Q3 (8.5-10.2 ug/m3),4.166666666666667
1521.875,Transplant,0.43863509835694375,Q3,Kidney,PM2.5,79994,677201,8.547339428505397,10.189393538668531,Q3 (8.5-10.2 ug/m3),4.166666666666667
1552.3125,Death/delisted too sick,0.12980959438187822,Q3,Kidney,PM2.5,79994,677201,8.547339428505397,10.189393538668531,Q3 (8.5-10.2 ug/m3),4.25
1552.3125,Transplant,0.44422847665893955,Q3,Kidney,PM2.5,79994,677201,8.547339428505397,10.189393538668531,Q3 (8.5-10.2 ug/m3),4.25
1582.75,Death/delisted too sick,0.13248536475704498,Q3,Kidney,PM2.5,79994,677201,8.547339428505397,10.189393538668531,Q3 (8.5-10.2 ug/m3),4.333333333333333
1582.75,Transplant,0.4494786787280624,Q3,Kidney,PM2.5,79994,677201,8.547339428505397,10.189393538668531,Q3 (8.5-10.2 ug/m3),4.333333333333333
1613.1875,Death/delisted too sick,0.1352458875903917,Q3,Kidney,PM2.5,79994,677201,8.547339428505397,10.189393538668531,Q3 (8.5-10.2 ug/m3),4.416666666666667
1613.1875,Transplant,0.4550270571826972,Q3,Kidney,PM2.5,79994,677201,8.547339428505397,10.189393538668531,Q3 (8.5-10.2 ug/m3),4.416666666666667
1643.625,Death/delisted too sick,0.13782246369813347,Q3,Kidney,PM2.5,79994,677201,8.547339428505397,10.189393538668531,Q3 (8.5-10.2 ug/m3),4.5
1643.625,Transplant,0.4601558860443872,Q3,Kidney,PM2.5,79994,677201,8.547339428505397,10.189393538668531,Q3 (8.5-10.2 ug/m3),4.5
1674.0625,Death/delisted too sick,0.14071319787405104,Q3,Kidney,PM2.5,79994,677201,8.547339428505397,10.189393538668531,Q3 (8.5-10.2 ug/m3),4.583333333333333
1674.0625,Transplant,0.4658775742701052,Q3,Kidney,PM2.5,79994,677201,8.547339428505397,10.189393538668531,Q3 (8.5-10.2 ug/m3),4.583333333333333
1704.5,Death/delisted too sick,0.14335318423915885,Q3,Kidney,PM2.5,79994,677201,8.547339428505397,10.189393538668531,Q3 (8.5-10.2 ug/m3),4.666666666666667
1704.5,Transplant,0.47078587920643433,Q3,Kidney,PM2.5,79994,677201,8.547339428505397,10.189393538668531,Q3 (8.5-10.2 ug/m3),4.666666666666667
1734.9375,Death/delisted too sick,0.14607550945288836,Q3,Kidney,PM2.5,79994,677201,8.547339428505397,10.189393538668531,Q3 (8.5-10.2 ug/m3),4.75
1734.9375,Transplant,0.4763276745627913,Q3,Kidney,PM2.5,79994,677201,8.547339428505397,10.189393538668531,Q3 (8.5-10.2 ug/m3),4.75
1765.375,Death/delisted too sick,0.14865972632389998,Q3,Kidney,PM2.5,79994,677201,8.547339428505397,10.189393538668531,Q3 (8.5-10.2 ug/m3),4.833333333333333
1765.375,Transplant,0.48185394011731963,Q3,Kidney,PM2.5,79994,677201,8.547339428505397,10.189393538668531,Q3 (8.5-10.2 ug/m3),4.833333333333333
1795.8125,Death/delisted too sick,0.15100910256568473,Q3,Kidney,PM2.5,79994,677201,8.547339428505397,10.189393538668531,Q3 (8.5-10.2 ug/m3),4.916666666666667
1795.8125,Transplant,0.48669741667121885,Q3,Kidney,PM2.5,79994,677201,8.547339428505397,10.189393538668531,Q3 (8.5-10.2 ug/m3),4.916666666666667
1826.25,Death/delisted too sick,0.1534571181940013,Q3,Kidney,PM2.5,79994,677201,8.547339428505397,10.189393538668531,Q3 (8.5-10.2 ug/m3),5
1826.25,Transplant,0.4922328691321681,Q3,Kidney,PM2.5,79994,677201,8.547339428505397,10.189393538668531,Q3 (8.5-10.2 ug/m3),5
0,Death/delisted too sick,0,Q4,Kidney,PM2.5,79994,677201,10.189393538668531,41.53357354526488,Q4 (10.2-41.5 ug/m3),0
0,Transplant,0,Q4,Kidney,PM2.5,79994,677201,10.189393538668531,41.53357354526488,Q4 (10.2-41.5 ug/m3),0
30.4375,Death/delisted too sick,0.00394538655574354,Q4,Kidney,PM2.5,79994,677201,10.189393538668531,41.53357354526488,Q4 (10.2-41.5 ug/m3),0.08333333333333333
30.4375,Transplant,0.02292692843035307,Q4,Kidney,PM2.5,79994,677201,10.189393538668531,41.53357354526488,Q4 (10.2-41.5 ug/m3),0.08333333333333333
60.875,Death/delisted too sick,0.006524089671868867,Q4,Kidney,PM2.5,79994,677201,10.189393538668531,41.53357354526488,Q4 (10.2-41.5 ug/m3),0.16666666666666666
60.875,Transplant,0.037490497086584584,Q4,Kidney,PM2.5,79994,677201,10.189393538668531,41.53357354526488,Q4 (10.2-41.5 ug/m3),0.16666666666666666
91.3125,Death/delisted too sick,0.008468389883605862,Q4,Kidney,PM2.5,79994,677201,10.189393538668531,41.53357354526488,Q4 (10.2-41.5 ug/m3),0.25
91.3125,Transplant,0.05164043705362014,Q4,Kidney,PM2.5,79994,677201,10.189393538668531,41.53357354526488,Q4 (10.2-41.5 ug/m3),0.25
121.75,Death/delisted too sick,0.010263929042172822,Q4,Kidney,PM2.5,79994,677201,10.189393538668531,41.53357354526488,Q4 (10.2-41.5 ug/m3),0.3333333333333333
121.75,Transplant,0.06434442510717284,Q4,Kidney,PM2.5,79994,677201,10.189393538668531,41.53357354526488,Q4 (10.2-41.5 ug/m3),0.3333333333333333
152.1875,Death/delisted too sick,0.012123009029082686,Q4,Kidney,PM2.5,79994,677201,10.189393538668531,41.53357354526488,Q4 (10.2-41.5 ug/m3),0.4166666666666667
152.1875,Transplant,0.0779382459503462,Q4,Kidney,PM2.5,79994,677201,10.189393538668531,41.53357354526488,Q4 (10.2-41.5 ug/m3),0.4166666666666667
182.625,Death/delisted too sick,0.013672548992115563,Q4,Kidney,PM2.5,79994,677201,10.189393538668531,41.53357354526488,Q4 (10.2-41.5 ug/m3),0.5
182.625,Transplant,0.08986178953941247,Q4,Kidney,PM2.5,79994,677201,10.189393538668531,41.53357354526488,Q4 (10.2-41.5 ug/m3),0.5
213.0625,Death/delisted too sick,0.015366816295538089,Q4,Kidney,PM2.5,79994,677201,10.189393538668531,41.53357354526488,Q4 (10.2-41.5 ug/m3),0.5833333333333334
213.0625,Transplant,0.10128055730173934,Q4,Kidney,PM2.5,79994,677201,10.189393538668531,41.53357354526488,Q4 (10.2-41.5 ug/m3),0.5833333333333334
243.5,Death/delisted too sick,0.017089026574873056,Q4,Kidney,PM2.5,79994,677201,10.189393538668531,41.53357354526488,Q4 (10.2-41.5 ug/m3),0.6666666666666666
243.5,Transplant,0.11208045600667987,Q4,Kidney,PM2.5,79994,677201,10.189393538668531,41.53357354526488,Q4 (10.2-41.5 ug/m3),0.6666666666666666
273.9375,Death/delisted too sick,0.01888941500567937,Q4,Kidney,PM2.5,79994,677201,10.189393538668531,41.53357354526488,Q4 (10.2-41.5 ug/m3),0.75
273.9375,Transplant,0.12315391061445359,Q4,Kidney,PM2.5,79994,677201,10.189393538668531,41.53357354526488,Q4 (10.2-41.5 ug/m3),0.75
304.375,Death/delisted too sick,0.02075399412138767,Q4,Kidney,PM2.5,79994,677201,10.189393538668531,41.53357354526488,Q4 (10.2-41.5 ug/m3),0.8333333333333334
304.375,Transplant,0.13234331767225818,Q4,Kidney,PM2.5,79994,677201,10.189393538668531,41.53357354526488,Q4 (10.2-41.5 ug/m3),0.8333333333333334
334.8125,Death/delisted too sick,0.022943606404329263,Q4,Kidney,PM2.5,79994,677201,10.189393538668531,41.53357354526488,Q4 (10.2-41.5 ug/m3),0.9166666666666666
334.8125,Transplant,0.14064925176348037,Q4,Kidney,PM2.5,79994,677201,10.189393538668531,41.53357354526488,Q4 (10.2-41.5 ug/m3),0.9166666666666666
365.25,Death/delisted too sick,0.025103992428252654,Q4,Kidney,PM2.5,79994,677201,10.189393538668531,41.53357354526488,Q4 (10.2-41.5 ug/m3),1
365.25,Transplant,0.14907534713711162,Q4,Kidney,PM2.5,79994,677201,10.189393538668531,41.53357354526488,Q4 (10.2-41.5 ug/m3),1
395.6875,Death/delisted too sick,0.027010883240276794,Q4,Kidney,PM2.5,79994,677201,10.189393538668531,41.53357354526488,Q4 (10.2-41.5 ug/m3),1.0833333333333333
395.6875,Transplant,0.15748232340709253,Q4,Kidney,PM2.5,79994,677201,10.189393538668531,41.53357354526488,Q4 (10.2-41.5 ug/m3),1.0833333333333333
426.125,Death/delisted too sick,0.029153289280595716,Q4,Kidney,PM2.5,79994,677201,10.189393538668531,41.53357354526488,Q4 (10.2-41.5 ug/m3),1.1666666666666667
426.125,Transplant,0.16700840047041657,Q4,Kidney,PM2.5,79994,677201,10.189393538668531,41.53357354526488,Q4 (10.2-41.5 ug/m3),1.1666666666666667
456.5625,Death/delisted too sick,0.03143808064117644,Q4,Kidney,PM2.5,79994,677201,10.189393538668531,41.53357354526488,Q4 (10.2-41.5 ug/m3),1.25
456.5625,Transplant,0.1751853178927352,Q4,Kidney,PM2.5,79994,677201,10.189393538668531,41.53357354526488,Q4 (10.2-41.5 ug/m3),1.25
487,Death/delisted too sick,0.03381111397799517,Q4,Kidney,PM2.5,79994,677201,10.189393538668531,41.53357354526488,Q4 (10.2-41.5 ug/m3),1.3333333333333333
487,Transplant,0.18345656014204748,Q4,Kidney,PM2.5,79994,677201,10.189393538668531,41.53357354526488,Q4 (10.2-41.5 ug/m3),1.3333333333333333
517.4375,Death/delisted too sick,0.036025273516359764,Q4,Kidney,PM2.5,79994,677201,10.189393538668531,41.53357354526488,Q4 (10.2-41.5 ug/m3),1.4166666666666667
517.4375,Transplant,0.1918863224840571,Q4,Kidney,PM2.5,79994,677201,10.189393538668531,41.53357354526488,Q4 (10.2-41.5 ug/m3),1.4166666666666667
547.875,Death/delisted too sick,0.038498653322969846,Q4,Kidney,PM2.5,79994,677201,10.189393538668531,41.53357354526488,Q4 (10.2-41.5 ug/m3),1.5
547.875,Transplant,0.19951737794051913,Q4,Kidney,PM2.5,79994,677201,10.189393538668531,41.53357354526488,Q4 (10.2-41.5 ug/m3),1.5
578.3125,Death/delisted too sick,0.04066447160246713,Q4,Kidney,PM2.5,79994,677201,10.189393538668531,41.53357354526488,Q4 (10.2-41.5 ug/m3),1.5833333333333333
578.3125,Transplant,0.20778194365677113,Q4,Kidney,PM2.5,79994,677201,10.189393538668531,41.53357354526488,Q4 (10.2-41.5 ug/m3),1.5833333333333333
608.75,Death/delisted too sick,0.04284807509698504,Q4,Kidney,PM2.5,79994,677201,10.189393538668531,41.53357354526488,Q4 (10.2-41.5 ug/m3),1.6666666666666667
608.75,Transplant,0.21490886085663907,Q4,Kidney,PM2.5,79994,677201,10.189393538668531,41.53357354526488,Q4 (10.2-41.5 ug/m3),1.6666666666666667
639.1875,Death/delisted too sick,0.04527625885183073,Q4,Kidney,PM2.5,79994,677201,10.189393538668531,41.53357354526488,Q4 (10.2-41.5 ug/m3),1.75
639.1875,Transplant,0.22221487339002224,Q4,Kidney,PM2.5,79994,677201,10.189393538668531,41.53357354526488,Q4 (10.2-41.5 ug/m3),1.75
669.625,Death/delisted too sick,0.04771192592202875,Q4,Kidney,PM2.5,79994,677201,10.189393538668531,41.53357354526488,Q4 (10.2-41.5 ug/m3),1.8333333333333333
669.625,Transplant,0.22872727674366056,Q4,Kidney,PM2.5,79994,677201,10.189393538668531,41.53357354526488,Q4 (10.2-41.5 ug/m3),1.8333333333333333
700.0625,Death/delisted too sick,0.0506177118390355,Q4,Kidney,PM2.5,79994,677201,10.189393538668531,41.53357354526488,Q4 (10.2-41.5 ug/m3),1.9166666666666667
700.0625,Transplant,0.23620182866871808,Q4,Kidney,PM2.5,79994,677201,10.189393538668531,41.53357354526488,Q4 (10.2-41.5 ug/m3),1.9166666666666667
730.5,Death/delisted too sick,0.05325076622763654,Q4,Kidney,PM2.5,79994,677201,10.189393538668531,41.53357354526488,Q4 (10.2-41.5 ug/m3),2
730.5,Transplant,0.2428748003123446,Q4,Kidney,PM2.5,79994,677201,10.189393538668531,41.53357354526488,Q4 (10.2-41.5 ug/m3),2
760.9375,Death/delisted too sick,0.05558577780399575,Q4,Kidney,PM2.5,79994,677201,10.189393538668531,41.53357354526488,Q4 (10.2-41.5 ug/m3),2.0833333333333335
760.9375,Transplant,0.2506711754806522,Q4,Kidney,PM2.5,79994,677201,10.189393538668531,41.53357354526488,Q4 (10.2-41.5 ug/m3),2.0833333333333335
791.375,Death/delisted too sick,0.05793992150128037,Q4,Kidney,PM2.5,79994,677201,10.189393538668531,41.53357354526488,Q4 (10.2-41.5 ug/m3),2.1666666666666665
791.375,Transplant,0.2582968881871872,Q4,Kidney,PM2.5,79994,677201,10.189393538668531,41.53357354526488,Q4 (10.2-41.5 ug/m3),2.1666666666666665
821.8125,Death/delisted too sick,0.06063304586021904,Q4,Kidney,PM2.5,79994,677201,10.189393538668531,41.53357354526488,Q4 (10.2-41.5 ug/m3),2.25
821.8125,Transplant,0.26537632918675597,Q4,Kidney,PM2.5,79994,677201,10.189393538668531,41.53357354526488,Q4 (10.2-41.5 ug/m3),2.25
852.25,Death/delisted too sick,0.06323671352841014,Q4,Kidney,PM2.5,79994,677201,10.189393538668531,41.53357354526488,Q4 (10.2-41.5 ug/m3),2.3333333333333335
852.25,Transplant,0.27283428581617014,Q4,Kidney,PM2.5,79994,677201,10.189393538668531,41.53357354526488,Q4 (10.2-41.5 ug/m3),2.3333333333333335
882.6875,Death/delisted too sick,0.0658655470957892,Q4,Kidney,PM2.5,79994,677201,10.189393538668531,41.53357354526488,Q4 (10.2-41.5 ug/m3),2.4166666666666665
882.6875,Transplant,0.2793610128491779,Q4,Kidney,PM2.5,79994,677201,10.189393538668531,41.53357354526488,Q4 (10.2-41.5 ug/m3),2.4166666666666665
913.125,Death/delisted too sick,0.0684245732228999,Q4,Kidney,PM2.5,79994,677201,10.189393538668531,41.53357354526488,Q4 (10.2-41.5 ug/m3),2.5
913.125,Transplant,0.2859345041705276,Q4,Kidney,PM2.5,79994,677201,10.189393538668531,41.53357354526488,Q4 (10.2-41.5 ug/m3),2.5
943.5625,Death/delisted too sick,0.0710245032513379,Q4,Kidney,PM2.5,79994,677201,10.189393538668531,41.53357354526488,Q4 (10.2-41.5 ug/m3),2.5833333333333335
943.5625,Transplant,0.2912976690598121,Q4,Kidney,PM2.5,79994,677201,10.189393538668531,41.53357354526488,Q4 (10.2-41.5 ug/m3),2.5833333333333335
974,Death/delisted too sick,0.07417100179215852,Q4,Kidney,PM2.5,79994,677201,10.189393538668531,41.53357354526488,Q4 (10.2-41.5 ug/m3),2.6666666666666665
974,Transplant,0.2978050505438058,Q4,Kidney,PM2.5,79994,677201,10.189393538668531,41.53357354526488,Q4 (10.2-41.5 ug/m3),2.6666666666666665
1004.4375,Death/delisted too sick,0.07681962288921884,Q4,Kidney,PM2.5,79994,677201,10.189393538668531,41.53357354526488,Q4 (10.2-41.5 ug/m3),2.75
1004.4375,Transplant,0.304563044330659,Q4,Kidney,PM2.5,79994,677201,10.189393538668531,41.53357354526488,Q4 (10.2-41.5 ug/m3),2.75
1034.875,Death/delisted too sick,0.07929301064548919,Q4,Kidney,PM2.5,79994,677201,10.189393538668531,41.53357354526488,Q4 (10.2-41.5 ug/m3),2.8333333333333335
1034.875,Transplant,0.31037050452755044,Q4,Kidney,PM2.5,79994,677201,10.189393538668531,41.53357354526488,Q4 (10.2-41.5 ug/m3),2.8333333333333335
1065.3125,Death/delisted too sick,0.0819869396708505,Q4,Kidney,PM2.5,79994,677201,10.189393538668531,41.53357354526488,Q4 (10.2-41.5 ug/m3),2.9166666666666665
1065.3125,Transplant,0.31626415591219387,Q4,Kidney,PM2.5,79994,677201,10.189393538668531,41.53357354526488,Q4 (10.2-41.5 ug/m3),2.9166666666666665
1095.75,Death/delisted too sick,0.08511085965385552,Q4,Kidney,PM2.5,79994,677201,10.189393538668531,41.53357354526488,Q4 (10.2-41.5 ug/m3),3
1095.75,Transplant,0.3214601042559519,Q4,Kidney,PM2.5,79994,677201,10.189393538668531,41.53357354526488,Q4 (10.2-41.5 ug/m3),3
1126.1875,Death/delisted too sick,0.08781107692322564,Q4,Kidney,PM2.5,79994,677201,10.189393538668531,41.53357354526488,Q4 (10.2-41.5 ug/m3),3.0833333333333335
1126.1875,Transplant,0.32810564619831234,Q4,Kidney,PM2.5,79994,677201,10.189393538668531,41.53357354526488,Q4 (10.2-41.5 ug/m3),3.0833333333333335
1156.625,Death/delisted too sick,0.09052661633155253,Q4,Kidney,PM2.5,79994,677201,10.189393538668531,41.53357354526488,Q4 (10.2-41.5 ug/m3),3.1666666666666665
1156.625,Transplant,0.3340118296107324,Q4,Kidney,PM2.5,79994,677201,10.189393538668531,41.53357354526488,Q4 (10.2-41.5 ug/m3),3.1666666666666665
1187.0625,Death/delisted too sick,0.0932243017802089,Q4,Kidney,PM2.5,79994,677201,10.189393538668531,41.53357354526488,Q4 (10.2-41.5 ug/m3),3.25
1187.0625,Transplant,0.340060296895468,Q4,Kidney,PM2.5,79994,677201,10.189393538668531,41.53357354526488,Q4 (10.2-41.5 ug/m3),3.25
1217.5,Death/delisted too sick,0.09611091463907498,Q4,Kidney,PM2.5,79994,677201,10.189393538668531,41.53357354526488,Q4 (10.2-41.5 ug/m3),3.3333333333333335
1217.5,Transplant,0.3453610113472234,Q4,Kidney,PM2.5,79994,677201,10.189393538668531,41.53357354526488,Q4 (10.2-41.5 ug/m3),3.3333333333333335
1247.9375,Death/delisted too sick,0.09865032675492677,Q4,Kidney,PM2.5,79994,677201,10.189393538668531,41.53357354526488,Q4 (10.2-41.5 ug/m3),3.4166666666666665
1247.9375,Transplant,0.35092560698302083,Q4,Kidney,PM2.5,79994,677201,10.189393538668531,41.53357354526488,Q4 (10.2-41.5 ug/m3),3.4166666666666665
1278.375,Death/delisted too sick,0.10151376345698657,Q4,Kidney,PM2.5,79994,677201,10.189393538668531,41.53357354526488,Q4 (10.2-41.5 ug/m3),3.5
1278.375,Transplant,0.3566242591883961,Q4,Kidney,PM2.5,79994,677201,10.189393538668531,41.53357354526488,Q4 (10.2-41.5 ug/m3),3.5
1308.8125,Death/delisted too sick,0.10447931748110033,Q4,Kidney,PM2.5,79994,677201,10.189393538668531,41.53357354526488,Q4 (10.2-41.5 ug/m3),3.5833333333333335
1308.8125,Transplant,0.36170544062535,Q4,Kidney,PM2.5,79994,677201,10.189393538668531,41.53357354526488,Q4 (10.2-41.5 ug/m3),3.5833333333333335
1339.25,Death/delisted too sick,0.10742923816931431,Q4,Kidney,PM2.5,79994,677201,10.189393538668531,41.53357354526488,Q4 (10.2-41.5 ug/m3),3.6666666666666665
1339.25,Transplant,0.36656463046307114,Q4,Kidney,PM2.5,79994,677201,10.189393538668531,41.53357354526488,Q4 (10.2-41.5 ug/m3),3.6666666666666665
1369.6875,Death/delisted too sick,0.11004105107434237,Q4,Kidney,PM2.5,79994,677201,10.189393538668531,41.53357354526488,Q4 (10.2-41.5 ug/m3),3.75
1369.6875,Transplant,0.3712197633947134,Q4,Kidney,PM2.5,79994,677201,10.189393538668531,41.53357354526488,Q4 (10.2-41.5 ug/m3),3.75
1400.125,Death/delisted too sick,0.1126006574207619,Q4,Kidney,PM2.5,79994,677201,10.189393538668531,41.53357354526488,Q4 (10.2-41.5 ug/m3),3.8333333333333335
1400.125,Transplant,0.37638671649660754,Q4,Kidney,PM2.5,79994,677201,10.189393538668531,41.53357354526488,Q4 (10.2-41.5 ug/m3),3.8333333333333335
1430.5625,Death/delisted too sick,0.11539379596903296,Q4,Kidney,PM2.5,79994,677201,10.189393538668531,41.53357354526488,Q4 (10.2-41.5 ug/m3),3.9166666666666665
1430.5625,Transplant,0.38219874451939567,Q4,Kidney,PM2.5,79994,677201,10.189393538668531,41.53357354526488,Q4 (10.2-41.5 ug/m3),3.9166666666666665
1461,Death/delisted too sick,0.11826456678939738,Q4,Kidney,PM2.5,79994,677201,10.189393538668531,41.53357354526488,Q4 (10.2-41.5 ug/m3),4
1461,Transplant,0.3879532957055626,Q4,Kidney,PM2.5,79994,677201,10.189393538668531,41.53357354526488,Q4 (10.2-41.5 ug/m3),4
1491.4375,Death/delisted too sick,0.12106792597571042,Q4,Kidney,PM2.5,79994,677201,10.189393538668531,41.53357354526488,Q4 (10.2-41.5 ug/m3),4.083333333333333
1491.4375,Transplant,0.39394705409466507,Q4,Kidney,PM2.5,79994,677201,10.189393538668531,41.53357354526488,Q4 (10.2-41.5 ug/m3),4.083333333333333
1521.875,Death/delisted too sick,0.12372838531002349,Q4,Kidney,PM2.5,79994,677201,10.189393538668531,41.53357354526488,Q4 (10.2-41.5 ug/m3),4.166666666666667
1521.875,Transplant,0.3988379411654956,Q4,Kidney,PM2.5,79994,677201,10.189393538668531,41.53357354526488,Q4 (10.2-41.5 ug/m3),4.166666666666667
1552.3125,Death/delisted too sick,0.12631163102316573,Q4,Kidney,PM2.5,79994,677201,10.189393538668531,41.53357354526488,Q4 (10.2-41.5 ug/m3),4.25
1552.3125,Transplant,0.4039665297111174,Q4,Kidney,PM2.5,79994,677201,10.189393538668531,41.53357354526488,Q4 (10.2-41.5 ug/m3),4.25
1582.75,Death/delisted too sick,0.1291036452352854,Q4,Kidney,PM2.5,79994,677201,10.189393538668531,41.53357354526488,Q4 (10.2-41.5 ug/m3),4.333333333333333
1582.75,Transplant,0.4086384109822806,Q4,Kidney,PM2.5,79994,677201,10.189393538668531,41.53357354526488,Q4 (10.2-41.5 ug/m3),4.333333333333333
1613.1875,Death/delisted too sick,0.13184418634529546,Q4,Kidney,PM2.5,79994,677201,10.189393538668531,41.53357354526488,Q4 (10.2-41.5 ug/m3),4.416666666666667
1613.1875,Transplant,0.413513151341141,Q4,Kidney,PM2.5,79994,677201,10.189393538668531,41.53357354526488,Q4 (10.2-41.5 ug/m3),4.416666666666667
1643.625,Death/delisted too sick,0.13468745021232637,Q4,Kidney,PM2.5,79994,677201,10.189393538668531,41.53357354526488,Q4 (10.2-41.5 ug/m3),4.5
1643.625,Transplant,0.4177858309258181,Q4,Kidney,PM2.5,79994,677201,10.189393538668531,41.53357354526488,Q4 (10.2-41.5 ug/m3),4.5
1674.0625,Death/delisted too sick,0.13725506632904103,Q4,Kidney,PM2.5,79994,677201,10.189393538668531,41.53357354526488,Q4 (10.2-41.5 ug/m3),4.583333333333333
1674.0625,Transplant,0.4238182299030256,Q4,Kidney,PM2.5,79994,677201,10.189393538668531,41.53357354526488,Q4 (10.2-41.5 ug/m3),4.583333333333333
1704.5,Death/delisted too sick,0.13970656714464516,Q4,Kidney,PM2.5,79994,677201,10.189393538668531,41.53357354526488,Q4 (10.2-41.5 ug/m3),4.666666666666667
1704.5,Transplant,0.42916157434943786,Q4,Kidney,PM2.5,79994,677201,10.189393538668531,41.53357354526488,Q4 (10.2-41.5 ug/m3),4.666666666666667
1734.9375,Death/delisted too sick,0.14216933830130363,Q4,Kidney,PM2.5,79994,677201,10.189393538668531,41.53357354526488,Q4 (10.2-41.5 ug/m3),4.75
1734.9375,Transplant,0.4337897538765114,Q4,Kidney,PM2.5,79994,677201,10.189393538668531,41.53357354526488,Q4 (10.2-41.5 ug/m3),4.75
1765.375,Death/delisted too sick,0.1450594911825607,Q4,Kidney,PM2.5,79994,677201,10.189393538668531,41.53357354526488,Q4 (10.2-41.5 ug/m3),4.833333333333333
1765.375,Transplant,0.43819767885433725,Q4,Kidney,PM2.5,79994,677201,10.189393538668531,41.53357354526488,Q4 (10.2-41.5 ug/m3),4.833333333333333
1795.8125,Death/delisted too sick,0.14767130071951046,Q4,Kidney,PM2.5,79994,677201,10.189393538668531,41.53357354526488,Q4 (10.2-41.5 ug/m3),4.916666666666667
1795.8125,Transplant,0.4426626972900408,Q4,Kidney,PM2.5,79994,677201,10.189393538668531,41.53357354526488,Q4 (10.2-41.5 ug/m3),4.916666666666667
1826.25,Death/delisted too sick,0.150065127273186,Q4,Kidney,PM2.5,79994,677201,10.189393538668531,41.53357354526488,Q4 (10.2-41.5 ug/m3),5
1826.25,Transplant,0.44780232393500335,Q4,Kidney,PM2.5,79994,677201,10.189393538668531,41.53357354526488,Q4 (10.2-41.5 ug/m3),5
0,Death/delisted too sick,0,Q1,Liver,PM2.5,79992,217244,2.4471264037170584,7.03757112979889,Q1 (2.4-7 ug/m3),0
0,Transplant,0,Q1,Liver,PM2.5,79992,217244,2.4471264037170584,7.03757112979889,Q1 (2.4-7 ug/m3),0
30.4375,Death/delisted too sick,0.03947963603120594,Q1,Liver,PM2.5,79992,217244,2.4471264037170584,7.03757112979889,Q1 (2.4-7 ug/m3),0.08333333333333333
30.4375,Transplant,0.21230411268486649,Q1,Liver,PM2.5,79992,217244,2.4471264037170584,7.03757112979889,Q1 (2.4-7 ug/m3),0.08333333333333333
60.875,Death/delisted too sick,0.055034127219175916,Q1,Liver,PM2.5,79992,217244,2.4471264037170584,7.03757112979889,Q1 (2.4-7 ug/m3),0.16666666666666666
60.875,Transplant,0.2708449110749885,Q1,Liver,PM2.5,79992,217244,2.4471264037170584,7.03757112979889,Q1 (2.4-7 ug/m3),0.16666666666666666
91.3125,Death/delisted too sick,0.06894100661561932,Q1,Liver,PM2.5,79992,217244,2.4471264037170584,7.03757112979889,Q1 (2.4-7 ug/m3),0.25
91.3125,Transplant,0.3119642515187623,Q1,Liver,PM2.5,79992,217244,2.4471264037170584,7.03757112979889,Q1 (2.4-7 ug/m3),0.25
121.75,Death/delisted too sick,0.08066884666720824,Q1,Liver,PM2.5,79992,217244,2.4471264037170584,7.03757112979889,Q1 (2.4-7 ug/m3),0.3333333333333333
121.75,Transplant,0.34638151465941464,Q1,Liver,PM2.5,79992,217244,2.4471264037170584,7.03757112979889,Q1 (2.4-7 ug/m3),0.3333333333333333
152.1875,Death/delisted too sick,0.09063890071159361,Q1,Liver,PM2.5,79992,217244,2.4471264037170584,7.03757112979889,Q1 (2.4-7 ug/m3),0.4166666666666667
152.1875,Transplant,0.3734177078003694,Q1,Liver,PM2.5,79992,217244,2.4471264037170584,7.03757112979889,Q1 (2.4-7 ug/m3),0.4166666666666667
182.625,Death/delisted too sick,0.0994575026442073,Q1,Liver,PM2.5,79992,217244,2.4471264037170584,7.03757112979889,Q1 (2.4-7 ug/m3),0.5
182.625,Transplant,0.39566384838640045,Q1,Liver,PM2.5,79992,217244,2.4471264037170584,7.03757112979889,Q1 (2.4-7 ug/m3),0.5
213.0625,Death/delisted too sick,0.10791295398545268,Q1,Liver,PM2.5,79992,217244,2.4471264037170584,7.03757112979889,Q1 (2.4-7 ug/m3),0.5833333333333334
213.0625,Transplant,0.42397805936851424,Q1,Liver,PM2.5,79992,217244,2.4471264037170584,7.03757112979889,Q1 (2.4-7 ug/m3),0.5833333333333334
243.5,Death/delisted too sick,0.11381794636739843,Q1,Liver,PM2.5,79992,217244,2.4471264037170584,7.03757112979889,Q1 (2.4-7 ug/m3),0.6666666666666666
243.5,Transplant,0.44593211552999656,Q1,Liver,PM2.5,79992,217244,2.4471264037170584,7.03757112979889,Q1 (2.4-7 ug/m3),0.6666666666666666
273.9375,Death/delisted too sick,0.12028936771636389,Q1,Liver,PM2.5,79992,217244,2.4471264037170584,7.03757112979889,Q1 (2.4-7 ug/m3),0.75
273.9375,Transplant,0.4646923537244245,Q1,Liver,PM2.5,79992,217244,2.4471264037170584,7.03757112979889,Q1 (2.4-7 ug/m3),0.75
304.375,Death/delisted too sick,0.12660255734317744,Q1,Liver,PM2.5,79992,217244,2.4471264037170584,7.03757112979889,Q1 (2.4-7 ug/m3),0.8333333333333334
304.375,Transplant,0.4801167785160363,Q1,Liver,PM2.5,79992,217244,2.4471264037170584,7.03757112979889,Q1 (2.4-7 ug/m3),0.8333333333333334
334.8125,Death/delisted too sick,0.13179370994860956,Q1,Liver,PM2.5,79992,217244,2.4471264037170584,7.03757112979889,Q1 (2.4-7 ug/m3),0.9166666666666666
334.8125,Transplant,0.49480384420228807,Q1,Liver,PM2.5,79992,217244,2.4471264037170584,7.03757112979889,Q1 (2.4-7 ug/m3),0.9166666666666666
365.25,Death/delisted too sick,0.1365572204533659,Q1,Liver,PM2.5,79992,217244,2.4471264037170584,7.03757112979889,Q1 (2.4-7 ug/m3),1
365.25,Transplant,0.5072978981282985,Q1,Liver,PM2.5,79992,217244,2.4471264037170584,7.03757112979889,Q1 (2.4-7 ug/m3),1
395.6875,Death/delisted too sick,0.14173387768455967,Q1,Liver,PM2.5,79992,217244,2.4471264037170584,7.03757112979889,Q1 (2.4-7 ug/m3),1.0833333333333333
395.6875,Transplant,0.5185583009103548,Q1,Liver,PM2.5,79992,217244,2.4471264037170584,7.03757112979889,Q1 (2.4-7 ug/m3),1.0833333333333333
426.125,Death/delisted too sick,0.1462760948644835,Q1,Liver,PM2.5,79992,217244,2.4471264037170584,7.03757112979889,Q1 (2.4-7 ug/m3),1.1666666666666667
426.125,Transplant,0.5291698264526525,Q1,Liver,PM2.5,79992,217244,2.4471264037170584,7.03757112979889,Q1 (2.4-7 ug/m3),1.1666666666666667
456.5625,Death/delisted too sick,0.14914767636110018,Q1,Liver,PM2.5,79992,217244,2.4471264037170584,7.03757112979889,Q1 (2.4-7 ug/m3),1.25
456.5625,Transplant,0.5393065436526324,Q1,Liver,PM2.5,79992,217244,2.4471264037170584,7.03757112979889,Q1 (2.4-7 ug/m3),1.25
487,Death/delisted too sick,0.1531695308874861,Q1,Liver,PM2.5,79992,217244,2.4471264037170584,7.03757112979889,Q1 (2.4-7 ug/m3),1.3333333333333333
487,Transplant,0.5485874735921298,Q1,Liver,PM2.5,79992,217244,2.4471264037170584,7.03757112979889,Q1 (2.4-7 ug/m3),1.3333333333333333
517.4375,Death/delisted too sick,0.15686218115706344,Q1,Liver,PM2.5,79992,217244,2.4471264037170584,7.03757112979889,Q1 (2.4-7 ug/m3),1.4166666666666667
517.4375,Transplant,0.556434785926666,Q1,Liver,PM2.5,79992,217244,2.4471264037170584,7.03757112979889,Q1 (2.4-7 ug/m3),1.4166666666666667
547.875,Death/delisted too sick,0.15963170871445684,Q1,Liver,PM2.5,79992,217244,2.4471264037170584,7.03757112979889,Q1 (2.4-7 ug/m3),1.5
547.875,Transplant,0.5649793441487515,Q1,Liver,PM2.5,79992,217244,2.4471264037170584,7.03757112979889,Q1 (2.4-7 ug/m3),1.5
578.3125,Death/delisted too sick,0.16259510931262608,Q1,Liver,PM2.5,79992,217244,2.4471264037170584,7.03757112979889,Q1 (2.4-7 ug/m3),1.5833333333333333
578.3125,Transplant,0.5717612323376997,Q1,Liver,PM2.5,79992,217244,2.4471264037170584,7.03757112979889,Q1 (2.4-7 ug/m3),1.5833333333333333
608.75,Death/delisted too sick,0.16623587164608464,Q1,Liver,PM2.5,79992,217244,2.4471264037170584,7.03757112979889,Q1 (2.4-7 ug/m3),1.6666666666666667
608.75,Transplant,0.5771054679056193,Q1,Liver,PM2.5,79992,217244,2.4471264037170584,7.03757112979889,Q1 (2.4-7 ug/m3),1.6666666666666667
639.1875,Death/delisted too sick,0.16833037186056768,Q1,Liver,PM2.5,79992,217244,2.4471264037170584,7.03757112979889,Q1 (2.4-7 ug/m3),1.75
639.1875,Transplant,0.5819935872351572,Q1,Liver,PM2.5,79992,217244,2.4471264037170584,7.03757112979889,Q1 (2.4-7 ug/m3),1.75
669.625,Death/delisted too sick,0.17091267501872087,Q1,Liver,PM2.5,79992,217244,2.4471264037170584,7.03757112979889,Q1 (2.4-7 ug/m3),1.8333333333333333
669.625,Transplant,0.5868773456718227,Q1,Liver,PM2.5,79992,217244,2.4471264037170584,7.03757112979889,Q1 (2.4-7 ug/m3),1.8333333333333333
700.0625,Death/delisted too sick,0.1731405977391327,Q1,Liver,PM2.5,79992,217244,2.4471264037170584,7.03757112979889,Q1 (2.4-7 ug/m3),1.9166666666666667
700.0625,Transplant,0.5909919331624924,Q1,Liver,PM2.5,79992,217244,2.4471264037170584,7.03757112979889,Q1 (2.4-7 ug/m3),1.9166666666666667
730.5,Death/delisted too sick,0.1752960509648168,Q1,Liver,PM2.5,79992,217244,2.4471264037170584,7.03757112979889,Q1 (2.4-7 ug/m3),2
730.5,Transplant,0.5950323321525465,Q1,Liver,PM2.5,79992,217244,2.4471264037170584,7.03757112979889,Q1 (2.4-7 ug/m3),2
760.9375,Death/delisted too sick,0.1769708459515003,Q1,Liver,PM2.5,79992,217244,2.4471264037170584,7.03757112979889,Q1 (2.4-7 ug/m3),2.0833333333333335
760.9375,Transplant,0.5984179281732738,Q1,Liver,PM2.5,79992,217244,2.4471264037170584,7.03757112979889,Q1 (2.4-7 ug/m3),2.0833333333333335
791.375,Death/delisted too sick,0.1796690750345467,Q1,Liver,PM2.5,79992,217244,2.4471264037170584,7.03757112979889,Q1 (2.4-7 ug/m3),2.1666666666666665
791.375,Transplant,0.6012011170449744,Q1,Liver,PM2.5,79992,217244,2.4471264037170584,7.03757112979889,Q1 (2.4-7 ug/m3),2.1666666666666665
821.8125,Death/delisted too sick,0.18188714494663596,Q1,Liver,PM2.5,79992,217244,2.4471264037170584,7.03757112979889,Q1 (2.4-7 ug/m3),2.25
821.8125,Transplant,0.604040447315542,Q1,Liver,PM2.5,79992,217244,2.4471264037170584,7.03757112979889,Q1 (2.4-7 ug/m3),2.25
852.25,Death/delisted too sick,0.1845515598816253,Q1,Liver,PM2.5,79992,217244,2.4471264037170584,7.03757112979889,Q1 (2.4-7 ug/m3),2.3333333333333335
852.25,Transplant,0.606789180919387,Q1,Liver,PM2.5,79992,217244,2.4471264037170584,7.03757112979889,Q1 (2.4-7 ug/m3),2.3333333333333335
882.6875,Death/delisted too sick,0.18702749325722792,Q1,Liver,PM2.5,79992,217244,2.4471264037170584,7.03757112979889,Q1 (2.4-7 ug/m3),2.4166666666666665
882.6875,Transplant,0.6099943020079558,Q1,Liver,PM2.5,79992,217244,2.4471264037170584,7.03757112979889,Q1 (2.4-7 ug/m3),2.4166666666666665
913.125,Death/delisted too sick,0.18924193143100349,Q1,Liver,PM2.5,79992,217244,2.4471264037170584,7.03757112979889,Q1 (2.4-7 ug/m3),2.5
913.125,Transplant,0.612019088089841,Q1,Liver,PM2.5,79992,217244,2.4471264037170584,7.03757112979889,Q1 (2.4-7 ug/m3),2.5
943.5625,Death/delisted too sick,0.1915672420517521,Q1,Liver,PM2.5,79992,217244,2.4471264037170584,7.03757112979889,Q1 (2.4-7 ug/m3),2.5833333333333335
943.5625,Transplant,0.6140539308147841,Q1,Liver,PM2.5,79992,217244,2.4471264037170584,7.03757112979889,Q1 (2.4-7 ug/m3),2.5833333333333335
974,Death/delisted too sick,0.19387794016412382,Q1,Liver,PM2.5,79992,217244,2.4471264037170584,7.03757112979889,Q1 (2.4-7 ug/m3),2.6666666666666665
974,Transplant,0.6166663629506961,Q1,Liver,PM2.5,79992,217244,2.4471264037170584,7.03757112979889,Q1 (2.4-7 ug/m3),2.6666666666666665
1004.4375,Death/delisted too sick,0.1959577520726779,Q1,Liver,PM2.5,79992,217244,2.4471264037170584,7.03757112979889,Q1 (2.4-7 ug/m3),2.75
1004.4375,Transplant,0.6185370185516598,Q1,Liver,PM2.5,79992,217244,2.4471264037170584,7.03757112979889,Q1 (2.4-7 ug/m3),2.75
1034.875,Death/delisted too sick,0.19774376320276885,Q1,Liver,PM2.5,79992,217244,2.4471264037170584,7.03757112979889,Q1 (2.4-7 ug/m3),2.8333333333333335
1034.875,Transplant,0.6208784353549496,Q1,Liver,PM2.5,79992,217244,2.4471264037170584,7.03757112979889,Q1 (2.4-7 ug/m3),2.8333333333333335
1065.3125,Death/delisted too sick,0.19944599666394514,Q1,Liver,PM2.5,79992,217244,2.4471264037170584,7.03757112979889,Q1 (2.4-7 ug/m3),2.9166666666666665
1065.3125,Transplant,0.622709955172265,Q1,Liver,PM2.5,79992,217244,2.4471264037170584,7.03757112979889,Q1 (2.4-7 ug/m3),2.9166666666666665
1095.75,Death/delisted too sick,0.20161430467901523,Q1,Liver,PM2.5,79992,217244,2.4471264037170584,7.03757112979889,Q1 (2.4-7 ug/m3),3
1095.75,Transplant,0.6251159948600198,Q1,Liver,PM2.5,79992,217244,2.4471264037170584,7.03757112979889,Q1 (2.4-7 ug/m3),3
1126.1875,Death/delisted too sick,0.20293166656973452,Q1,Liver,PM2.5,79992,217244,2.4471264037170584,7.03757112979889,Q1 (2.4-7 ug/m3),3.0833333333333335
1126.1875,Transplant,0.6268665991937408,Q1,Liver,PM2.5,79992,217244,2.4471264037170584,7.03757112979889,Q1 (2.4-7 ug/m3),3.0833333333333335
1156.625,Death/delisted too sick,0.20474676890885374,Q1,Liver,PM2.5,79992,217244,2.4471264037170584,7.03757112979889,Q1 (2.4-7 ug/m3),3.1666666666666665
1156.625,Transplant,0.6284765448767021,Q1,Liver,PM2.5,79992,217244,2.4471264037170584,7.03757112979889,Q1 (2.4-7 ug/m3),3.1666666666666665
1187.0625,Death/delisted too sick,0.2067656831424579,Q1,Liver,PM2.5,79992,217244,2.4471264037170584,7.03757112979889,Q1 (2.4-7 ug/m3),3.25
1187.0625,Transplant,0.6302104070047861,Q1,Liver,PM2.5,79992,217244,2.4471264037170584,7.03757112979889,Q1 (2.4-7 ug/m3),3.25
1217.5,Death/delisted too sick,0.2080891666074865,Q1,Liver,PM2.5,79992,217244,2.4471264037170584,7.03757112979889,Q1 (2.4-7 ug/m3),3.3333333333333335
1217.5,Transplant,0.6319334466518896,Q1,Liver,PM2.5,79992,217244,2.4471264037170584,7.03757112979889,Q1 (2.4-7 ug/m3),3.3333333333333335
1247.9375,Death/delisted too sick,0.20955257334627445,Q1,Liver,PM2.5,79992,217244,2.4471264037170584,7.03757112979889,Q1 (2.4-7 ug/m3),3.4166666666666665
1247.9375,Transplant,0.6335286636995434,Q1,Liver,PM2.5,79992,217244,2.4471264037170584,7.03757112979889,Q1 (2.4-7 ug/m3),3.4166666666666665
1278.375,Death/delisted too sick,0.2107465916176203,Q1,Liver,PM2.5,79992,217244,2.4471264037170584,7.03757112979889,Q1 (2.4-7 ug/m3),3.5
1278.375,Transplant,0.6351196522266337,Q1,Liver,PM2.5,79992,217244,2.4471264037170584,7.03757112979889,Q1 (2.4-7 ug/m3),3.5
1308.8125,Death/delisted too sick,0.21213352293875667,Q1,Liver,PM2.5,79992,217244,2.4471264037170584,7.03757112979889,Q1 (2.4-7 ug/m3),3.5833333333333335
1308.8125,Transplant,0.6367725293131657,Q1,Liver,PM2.5,79992,217244,2.4471264037170584,7.03757112979889,Q1 (2.4-7 ug/m3),3.5833333333333335
1339.25,Death/delisted too sick,0.2136374595317351,Q1,Liver,PM2.5,79992,217244,2.4471264037170584,7.03757112979889,Q1 (2.4-7 ug/m3),3.6666666666666665
1339.25,Transplant,0.6379836920949353,Q1,Liver,PM2.5,79992,217244,2.4471264037170584,7.03757112979889,Q1 (2.4-7 ug/m3),3.6666666666666665
1369.6875,Death/delisted too sick,0.2146986785516905,Q1,Liver,PM2.5,79992,217244,2.4471264037170584,7.03757112979889,Q1 (2.4-7 ug/m3),3.75
1369.6875,Transplant,0.6395008411761632,Q1,Liver,PM2.5,79992,217244,2.4471264037170584,7.03757112979889,Q1 (2.4-7 ug/m3),3.75
1400.125,Death/delisted too sick,0.21557497779172102,Q1,Liver,PM2.5,79992,217244,2.4471264037170584,7.03757112979889,Q1 (2.4-7 ug/m3),3.8333333333333335
1400.125,Transplant,0.6405169512437732,Q1,Liver,PM2.5,79992,217244,2.4471264037170584,7.03757112979889,Q1 (2.4-7 ug/m3),3.8333333333333335
1430.5625,Death/delisted too sick,0.21713891965808949,Q1,Liver,PM2.5,79992,217244,2.4471264037170584,7.03757112979889,Q1 (2.4-7 ug/m3),3.9166666666666665
1430.5625,Transplant,0.64164713389824235,Q1,Liver,PM2.5,79992,217244,2.4471264037170584,7.03757112979889,Q1 (2.4-7 ug/m3),3.9166666666666665
1461,Death/delisted too sick,0.21804506217605377,Q1,Liver,PM2.5,79992,217244,2.4471264037170584,7.03757112979889,Q1 (2.4-7 ug/m3),4
1461,Transplant,0.6428399576007793,Q1,Liver,PM2.5,79992,217244,2.4471264037170584,7.03757112979889,Q1 (2.4-7 ug/m3),4
1491.4375,Death/delisted too sick,0.2190153510793109,Q1,Liver,PM2.5,79992,217244,2.4471264037170584,7.03757112979889,Q1 (2.4-7 ug/m3),4.083333333333333
1491.4375,Transplant,0.644195151888616,Q1,Liver,PM2.5,79992,217244,2.4471264037170584,7.03757112979889,Q1 (2.4-7 ug/m3),4.083333333333333
1521.875,Death/delisted too sick,0.22069723754901066,Q1,Liver,PM2.5,79992,217244,2.4471264037170584,7.03757112979889,Q1 (2.4-7 ug/m3),4.166666666666667
1521.875,Transplant,0.6458788751926251,Q1,Liver,PM2.5,79992,217244,2.4471264037170584,7.03757112979889,Q1 (2.4-7 ug/m3),4.166666666666667
1552.3125,Death/delisted too sick,0.22189295192741182,Q1,Liver,PM2.5,79992,217244,2.4471264037170584,7.03757112979889,Q1 (2.4-7 ug/m3),4.25
1552.3125,Transplant,0.6479848554429678,Q1,Liver,PM2.5,79992,217244,2.4471264037170584,7.03757112979889,Q1 (2.4-7 ug/m3),4.25
1582.75,Death/delisted too sick,0.22288564535806155,Q1,Liver,PM2.5,79992,217244,2.4471264037170584,7.03757112979889,Q1 (2.4-7 ug/m3),4.333333333333333
1582.75,Transplant,0.6488177789218292,Q1,Liver,PM2.5,79992,217244,2.4471264037170584,7.03757112979889,Q1 (2.4-7 ug/m3),4.333333333333333
1613.1875,Death/delisted too sick,0.2234357987075688,Q1,Liver,PM2.5,79992,217244,2.4471264037170584,7.03757112979889,Q1 (2.4-7 ug/m3),4.416666666666667
1613.1875,Transplant,0.6497889680665285,Q1,Liver,PM2.5,79992,217244,2.4471264037170584,7.03757112979889,Q1 (2.4-7 ug/m3),4.416666666666667
1643.625,Death/delisted too sick,0.2237198152115413,Q1,Liver,PM2.5,79992,217244,2.4471264037170584,7.03757112979889,Q1 (2.4-7 ug/m3),4.5
1643.625,Transplant,0.6505769993565588,Q1,Liver,PM2.5,79992,217244,2.4471264037170584,7.03757112979889,Q1 (2.4-7 ug/m3),4.5
1674.0625,Death/delisted too sick,0.2243179288219154,Q1,Liver,PM2.5,79992,217244,2.4471264037170584,7.03757112979889,Q1 (2.4-7 ug/m3),4.583333333333333
1674.0625,Transplant,0.6515607321547685,Q1,Liver,PM2.5,79992,217244,2.4471264037170584,7.03757112979889,Q1 (2.4-7 ug/m3),4.583333333333333
1704.5,Death/delisted too sick,0.22668195132118468,Q1,Liver,PM2.5,79992,217244,2.4471264037170584,7.03757112979889,Q1 (2.4-7 ug/m3),4.666666666666667
1704.5,Transplant,0.6521010528832221,Q1,Liver,PM2.5,79992,217244,2.4471264037170584,7.03757112979889,Q1 (2.4-7 ug/m3),4.666666666666667
1734.9375,Death/delisted too sick,0.22777339683100878,Q1,Liver,PM2.5,79992,217244,2.4471264037170584,7.03757112979889,Q1 (2.4-7 ug/m3),4.75
1734.9375,Transplant,0.6532886212173321,Q1,Liver,PM2.5,79992,217244,2.4471264037170584,7.03757112979889,Q1 (2.4-7 ug/m3),4.75
1765.375,Death/delisted too sick,0.22847545439950556,Q1,Liver,PM2.5,79992,217244,2.4471264037170584,7.03757112979889,Q1 (2.4-7 ug/m3),4.833333333333333
1765.375,Transplant,0.6547026028953243,Q1,Liver,PM2.5,79992,217244,2.4471264037170584,7.03757112979889,Q1 (2.4-7 ug/m3),4.833333333333333
1795.8125,Death/delisted too sick,0.22945993908683812,Q1,Liver,PM2.5,79992,217244,2.4471264037170584,7.03757112979889,Q1 (2.4-7 ug/m3),4.916666666666667
1795.8125,Transplant,0.6551626977970064,Q1,Liver,PM2.5,79992,217244,2.4471264037170584,7.03757112979889,Q1 (2.4-7 ug/m3),4.916666666666667
1826.25,Death/delisted too sick,0.23122618902936332,Q1,Liver,PM2.5,79992,217244,2.4471264037170584,7.03757112979889,Q1 (2.4-7 ug/m3),5
1826.25,Transplant,0.6561263716218987,Q1,Liver,PM2.5,79992,217244,2.4471264037170584,7.03757112979889,Q1 (2.4-7 ug/m3),5
0,Death/delisted too sick,0,Q2,Liver,PM2.5,79992,217244,7.03760005562913,8.297231679161394,Q2 (7-8.3 ug/m3),0
0,Transplant,0,Q2,Liver,PM2.5,79992,217244,7.03760005562913,8.297231679161394,Q2 (7-8.3 ug/m3),0
30.4375,Death/delisted too sick,0.04205524466150148,Q2,Liver,PM2.5,79992,217244,7.03760005562913,8.297231679161394,Q2 (7-8.3 ug/m3),0.08333333333333333
30.4375,Transplant,0.2203064453513653,Q2,Liver,PM2.5,79992,217244,7.03760005562913,8.297231679161394,Q2 (7-8.3 ug/m3),0.08333333333333333
60.875,Death/delisted too sick,0.05862847096724283,Q2,Liver,PM2.5,79992,217244,7.03760005562913,8.297231679161394,Q2 (7-8.3 ug/m3),0.16666666666666666
60.875,Transplant,0.28642437564976614,Q2,Liver,PM2.5,79992,217244,7.03760005562913,8.297231679161394,Q2 (7-8.3 ug/m3),0.16666666666666666
91.3125,Death/delisted too sick,0.0714147510794542,Q2,Liver,PM2.5,79992,217244,7.03760005562913,8.297231679161394,Q2 (7-8.3 ug/m3),0.25
91.3125,Transplant,0.3323707233269116,Q2,Liver,PM2.5,79992,217244,7.03760005562913,8.297231679161394,Q2 (7-8.3 ug/m3),0.25
121.75,Death/delisted too sick,0.0831079530293661,Q2,Liver,PM2.5,79992,217244,7.03760005562913,8.297231679161394,Q2 (7-8.3 ug/m3),0.3333333333333333
121.75,Transplant,0.3684797748340732,Q2,Liver,PM2.5,79992,217244,7.03760005562913,8.297231679161394,Q2 (7-8.3 ug/m3),0.3333333333333333
152.1875,Death/delisted too sick,0.09164456930341759,Q2,Liver,PM2.5,79992,217244,7.03760005562913,8.297231679161394,Q2 (7-8.3 ug/m3),0.4166666666666667
152.1875,Transplant,0.39829816895319103,Q2,Liver,PM2.5,79992,217244,7.03760005562913,8.297231679161394,Q2 (7-8.3 ug/m3),0.4166666666666667
182.625,Death/delisted too sick,0.10008537526787184,Q2,Liver,PM2.5,79992,217244,7.03760005562913,8.297231679161394,Q2 (7-8.3 ug/m3),0.5
182.625,Transplant,0.42182840179886966,Q2,Liver,PM2.5,79992,217244,7.03760005562913,8.297231679161394,Q2 (7-8.3 ug/m3),0.5
213.0625,Death/delisted too sick,0.10761928879500487,Q2,Liver,PM2.5,79992,217244,7.03760005562913,8.297231679161394,Q2 (7-8.3 ug/m3),0.5833333333333334
213.0625,Transplant,0.44936348799747594,Q2,Liver,PM2.5,79992,217244,7.03760005562913,8.297231679161394,Q2 (7-8.3 ug/m3),0.5833333333333334
243.5,Death/delisted too sick,0.11470192896562663,Q2,Liver,PM2.5,79992,217244,7.03760005562913,8.297231679161394,Q2 (7-8.3 ug/m3),0.6666666666666666
243.5,Transplant,0.47469063608864553,Q2,Liver,PM2.5,79992,217244,7.03760005562913,8.297231679161394,Q2 (7-8.3 ug/m3),0.6666666666666666
273.9375,Death/delisted too sick,0.12130467760525276,Q2,Liver,PM2.5,79992,217244,7.03760005562913,8.297231679161394,Q2 (7-8.3 ug/m3),0.75
273.9375,Transplant,0.49333845341859783,Q2,Liver,PM2.5,79992,217244,7.03760005562913,8.297231679161394,Q2 (7-8.3 ug/m3),0.75
304.375,Death/delisted too sick,0.12718378377836614,Q2,Liver,PM2.5,79992,217244,7.03760005562913,8.297231679161394,Q2 (7-8.3 ug/m3),0.8333333333333334
304.375,Transplant,0.5104875714039673,Q2,Liver,PM2.5,79992,217244,7.03760005562913,8.297231679161394,Q2 (7-8.3 ug/m3),0.8333333333333334
334.8125,Death/delisted too sick,0.13248231785323614,Q2,Liver,PM2.5,79992,217244,7.03760005562913,8.297231679161394,Q2 (7-8.3 ug/m3),0.9166666666666666
334.8125,Transplant,0.5243053913327982,Q2,Liver,PM2.5,79992,217244,7.03760005562913,8.297231679161394,Q2 (7-8.3 ug/m3),0.9166666666666666
365.25,Death/delisted too sick,0.13671901552844815,Q2,Liver,PM2.5,79992,217244,7.03760005562913,8.297231679161394,Q2 (7-8.3 ug/m3),1
365.25,Transplant,0.5357393182958113,Q2,Liver,PM2.5,79992,217244,7.03760005562913,8.297231679161394,Q2 (7-8.3 ug/m3),1
395.6875,Death/delisted too sick,0.14124813087687405,Q2,Liver,PM2.5,79992,217244,7.03760005562913,8.297231679161394,Q2 (7-8.3 ug/m3),1.0833333333333333
395.6875,Transplant,0.5469373974620363,Q2,Liver,PM2.5,79992,217244,7.03760005562913,8.297231679161394,Q2 (7-8.3 ug/m3),1.0833333333333333
426.125,Death/delisted too sick,0.14480617603391177,Q2,Liver,PM2.5,79992,217244,7.03760005562913,8.297231679161394,Q2 (7-8.3 ug/m3),1.1666666666666667
426.125,Transplant,0.5573887213441692,Q2,Liver,PM2.5,79992,217244,7.03760005562913,8.297231679161394,Q2 (7-8.3 ug/m3),1.1666666666666667
456.5625,Death/delisted too sick,0.14839328708344107,Q2,Liver,PM2.5,79992,217244,7.03760005562913,8.297231679161394,Q2 (7-8.3 ug/m3),1.25
456.5625,Transplant,0.5658400028781153,Q2,Liver,PM2.5,79992,217244,7.03760005562913,8.297231679161394,Q2 (7-8.3 ug/m3),1.25
487,Death/delisted too sick,0.15182055663034502,Q2,Liver,PM2.5,79992,217244,7.03760005562913,8.297231679161394,Q2 (7-8.3 ug/m3),1.3333333333333333
487,Transplant,0.5747014585317756,Q2,Liver,PM2.5,79992,217244,7.03760005562913,8.297231679161394,Q2 (7-8.3 ug/m3),1.3333333333333333
517.4375,Death/delisted too sick,0.15588364239661937,Q2,Liver,PM2.5,79992,217244,7.03760005562913,8.297231679161394,Q2 (7-8.3 ug/m3),1.4166666666666667
517.4375,Transplant,0.5824879125962886,Q2,Liver,PM2.5,79992,217244,7.03760005562913,8.297231679161394,Q2 (7-8.3 ug/m3),1.4166666666666667
547.875,Death/delisted too sick,0.15888964155610502,Q2,Liver,PM2.5,79992,217244,7.03760005562913,8.297231679161394,Q2 (7-8.3 ug/m3),1.5
547.875,Transplant,0.5884852525600195,Q2,Liver,PM2.5,79992,217244,7.03760005562913,8.297231679161394,Q2 (7-8.3 ug/m3),1.5
578.3125,Death/delisted too sick,0.1621579890984703,Q2,Liver,PM2.5,79992,217244,7.03760005562913,8.297231679161394,Q2 (7-8.3 ug/m3),1.5833333333333333
578.3125,Transplant,0.5947991164082291,Q2,Liver,PM2.5,79992,217244,7.03760005562913,8.297231679161394,Q2 (7-8.3 ug/m3),1.5833333333333333
608.75,Death/delisted too sick,0.16496456140129978,Q2,Liver,PM2.5,79992,217244,7.03760005562913,8.297231679161394,Q2 (7-8.3 ug/m3),1.6666666666666667
608.75,Transplant,0.6004008174135242,Q2,Liver,PM2.5,79992,217244,7.03760005562913,8.297231679161394,Q2 (7-8.3 ug/m3),1.6666666666666667
639.1875,Death/delisted too sick,0.16763636630377887,Q2,Liver,PM2.5,79992,217244,7.03760005562913,8.297231679161394,Q2 (7-8.3 ug/m3),1.75
639.1875,Transplant,0.6055629884270745,Q2,Liver,PM2.5,79992,217244,7.03760005562913,8.297231679161394,Q2 (7-8.3 ug/m3),1.75
669.625,Death/delisted too sick,0.1698847935356141,Q2,Liver,PM2.5,79992,217244,7.03760005562913,8.297231679161394,Q2 (7-8.3 ug/m3),1.8333333333333333
669.625,Transplant,0.6102476026979454,Q2,Liver,PM2.5,79992,217244,7.03760005562913,8.297231679161394,Q2 (7-8.3 ug/m3),1.8333333333333333
700.0625,Death/delisted too sick,0.1721702850020444,Q2,Liver,PM2.5,79992,217244,7.03760005562913,8.297231679161394,Q2 (7-8.3 ug/m3),1.9166666666666667
700.0625,Transplant,0.6135610862768316,Q2,Liver,PM2.5,79992,217244,7.03760005562913,8.297231679161394,Q2 (7-8.3 ug/m3),1.9166666666666667
730.5,Death/delisted too sick,0.1742480338327167,Q2,Liver,PM2.5,79992,217244,7.03760005562913,8.297231679161394,Q2 (7-8.3 ug/m3),2
730.5,Transplant,0.6170994955130061,Q2,Liver,PM2.5,79992,217244,7.03760005562913,8.297231679161394,Q2 (7-8.3 ug/m3),2
760.9375,Death/delisted too sick,0.1762776582490981,Q2,Liver,PM2.5,79992,217244,7.03760005562913,8.297231679161394,Q2 (7-8.3 ug/m3),2.0833333333333335
760.9375,Transplant,0.6201359973387073,Q2,Liver,PM2.5,79992,217244,7.03760005562913,8.297231679161394,Q2 (7-8.3 ug/m3),2.0833333333333335
791.375,Death/delisted too sick,0.17870039181935413,Q2,Liver,PM2.5,79992,217244,7.03760005562913,8.297231679161394,Q2 (7-8.3 ug/m3),2.1666666666666665
791.375,Transplant,0.623018867690376,Q2,Liver,PM2.5,79992,217244,7.03760005562913,8.297231679161394,Q2 (7-8.3 ug/m3),2.1666666666666665
821.8125,Death/delisted too sick,0.18108778033756345,Q2,Liver,PM2.5,79992,217244,7.03760005562913,8.297231679161394,Q2 (7-8.3 ug/m3),2.25
821.8125,Transplant,0.6258365665397329,Q2,Liver,PM2.5,79992,217244,7.03760005562913,8.297231679161394,Q2 (7-8.3 ug/m3),2.25
852.25,Death/delisted too sick,0.18331220436301393,Q2,Liver,PM2.5,79992,217244,7.03760005562913,8.297231679161394,Q2 (7-8.3 ug/m3),2.3333333333333335
852.25,Transplant,0.6287136098039064,Q2,Liver,PM2.5,79992,217244,7.03760005562913,8.297231679161394,Q2 (7-8.3 ug/m3),2.3333333333333335
882.6875,Death/delisted too sick,0.18542107028149366,Q2,Liver,PM2.5,79992,217244,7.03760005562913,8.297231679161394,Q2 (7-8.3 ug/m3),2.4166666666666665
882.6875,Transplant,0.6308473584946613,Q2,Liver,PM2.5,79992,217244,7.03760005562913,8.297231679161394,Q2 (7-8.3 ug/m3),2.4166666666666665
913.125,Death/delisted too sick,0.18687650235485695,Q2,Liver,PM2.5,79992,217244,7.03760005562913,8.297231679161394,Q2 (7-8.3 ug/m3),2.5
913.125,Transplant,0.6333117638715375,Q2,Liver,PM2.5,79992,217244,7.03760005562913,8.297231679161394,Q2 (7-8.3 ug/m3),2.5
943.5625,Death/delisted too sick,0.1885843411341444,Q2,Liver,PM2.5,79992,217244,7.03760005562913,8.297231679161394,Q2 (7-8.3 ug/m3),2.5833333333333335
943.5625,Transplant,0.6348956064422433,Q2,Liver,PM2.5,79992,217244,7.03760005562913,8.297231679161394,Q2 (7-8.3 ug/m3),2.5833333333333335
974,Death/delisted too sick,0.19074434314453975,Q2,Liver,PM2.5,79992,217244,7.03760005562913,8.297231679161394,Q2 (7-8.3 ug/m3),2.6666666666666665
974,Transplant,0.6367431612746051,Q2,Liver,PM2.5,79992,217244,7.03760005562913,8.297231679161394,Q2 (7-8.3 ug/m3),2.6666666666666665
1004.4375,Death/delisted too sick,0.19209616054452652,Q2,Liver,PM2.5,79992,217244,7.03760005562913,8.297231679161394,Q2 (7-8.3 ug/m3),2.75
1004.4375,Transplant,0.6390707024667934,Q2,Liver,PM2.5,79992,217244,7.03760005562913,8.297231679161394,Q2 (7-8.3 ug/m3),2.75
1034.875,Death/delisted too sick,0.19399466502002266,Q2,Liver,PM2.5,79992,217244,7.03760005562913,8.297231679161394,Q2 (7-8.3 ug/m3),2.8333333333333335
1034.875,Transplant,0.6407565883899191,Q2,Liver,PM2.5,79992,217244,7.03760005562913,8.297231679161394,Q2 (7-8.3 ug/m3),2.8333333333333335
1065.3125,Death/delisted too sick,0.19563630852584682,Q2,Liver,PM2.5,79992,217244,7.03760005562913,8.297231679161394,Q2 (7-8.3 ug/m3),2.9166666666666665
1065.3125,Transplant,0.6427254247302212,Q2,Liver,PM2.5,79992,217244,7.03760005562913,8.297231679161394,Q2 (7-8.3 ug/m3),2.9166666666666665
1095.75,Death/delisted too sick,0.19696857890073016,Q2,Liver,PM2.5,79992,217244,7.03760005562913,8.297231679161394,Q2 (7-8.3 ug/m3),3
1095.75,Transplant,0.6440264273748051,Q2,Liver,PM2.5,79992,217244,7.03760005562913,8.297231679161394,Q2 (7-8.3 ug/m3),3
1126.1875,Death/delisted too sick,0.1979715812131795,Q2,Liver,PM2.5,79992,217244,7.03760005562913,8.297231679161394,Q2 (7-8.3 ug/m3),3.0833333333333335
1126.1875,Transplant,0.6456490974691785,Q2,Liver,PM2.5,79992,217244,7.03760005562913,8.297231679161394,Q2 (7-8.3 ug/m3),3.0833333333333335
1156.625,Death/delisted too sick,0.19899219728215806,Q2,Liver,PM2.5,79992,217244,7.03760005562913,8.297231679161394,Q2 (7-8.3 ug/m3),3.1666666666666665
1156.625,Transplant,0.6467693844841986,Q2,Liver,PM2.5,79992,217244,7.03760005562913,8.297231679161394,Q2 (7-8.3 ug/m3),3.1666666666666665
1187.0625,Death/delisted too sick,0.20012625203115542,Q2,Liver,PM2.5,79992,217244,7.03760005562913,8.297231679161394,Q2 (7-8.3 ug/m3),3.25
1187.0625,Transplant,0.6482142267832499,Q2,Liver,PM2.5,79992,217244,7.03760005562913,8.297231679161394,Q2 (7-8.3 ug/m3),3.25
1217.5,Death/delisted too sick,0.2016608763027453,Q2,Liver,PM2.5,79992,217244,7.03760005562913,8.297231679161394,Q2 (7-8.3 ug/m3),3.3333333333333335
1217.5,Transplant,0.6499621633980818,Q2,Liver,PM2.5,79992,217244,7.03760005562913,8.297231679161394,Q2 (7-8.3 ug/m3),3.3333333333333335
1247.9375,Death/delisted too sick,0.2028137673889912,Q2,Liver,PM2.5,79992,217244,7.03760005562913,8.297231679161394,Q2 (7-8.3 ug/m3),3.4166666666666665
1247.9375,Transplant,0.6512475884057164,Q2,Liver,PM2.5,79992,217244,7.03760005562913,8.297231679161394,Q2 (7-8.3 ug/m3),3.4166666666666665
1278.375,Death/delisted too sick,0.2043269008132265,Q2,Liver,PM2.5,79992,217244,7.03760005562913,8.297231679161394,Q2 (7-8.3 ug/m3),3.5
1278.375,Transplant,0.6529500527441102,Q2,Liver,PM2.5,79992,217244,7.03760005562913,8.297231679161394,Q2 (7-8.3 ug/m3),3.5
1308.8125,Death/delisted too sick,0.20580743101481686,Q2,Liver,PM2.5,79992,217244,7.03760005562913,8.297231679161394,Q2 (7-8.3 ug/m3),3.5833333333333335
1308.8125,Transplant,0.6540226504088326,Q2,Liver,PM2.5,79992,217244,7.03760005562913,8.297231679161394,Q2 (7-8.3 ug/m3),3.5833333333333335
1339.25,Death/delisted too sick,0.20727136435761304,Q2,Liver,PM2.5,79992,217244,7.03760005562913,8.297231679161394,Q2 (7-8.3 ug/m3),3.6666666666666665
1339.25,Transplant,0.6552466813707815,Q2,Liver,PM2.5,79992,217244,7.03760005562913,8.297231679161394,Q2 (7-8.3 ug/m3),3.6666666666666665
1369.6875,Death/delisted too sick,0.2086892117381013,Q2,Liver,PM2.5,79992,217244,7.03760005562913,8.297231679161394,Q2 (7-8.3 ug/m3),3.75
1369.6875,Transplant,0.6561816775802796,Q2,Liver,PM2.5,79992,217244,7.03760005562913,8.297231679161394,Q2 (7-8.3 ug/m3),3.75
1400.125,Death/delisted too sick,0.2099864658020445,Q2,Liver,PM2.5,79992,217244,7.03760005562913,8.297231679161394,Q2 (7-8.3 ug/m3),3.8333333333333335
1400.125,Transplant,0.6572359430446892,Q2,Liver,PM2.5,79992,217244,7.03760005562913,8.297231679161394,Q2 (7-8.3 ug/m3),3.8333333333333335
1430.5625,Death/delisted too sick,0.21155021433732146,Q2,Liver,PM2.5,79992,217244,7.03760005562913,8.297231679161394,Q2 (7-8.3 ug/m3),3.9166666666666665
1430.5625,Transplant,0.6578492630817786,Q2,Liver,PM2.5,79992,217244,7.03760005562913,8.297231679161394,Q2 (7-8.3 ug/m3),3.9166666666666665
1461,Death/delisted too sick,0.21246660056156988,Q2,Liver,PM2.5,79992,217244,7.03760005562913,8.297231679161394,Q2 (7-8.3 ug/m3),4
1461,Transplant,0.658632728004832,Q2,Liver,PM2.5,79992,217244,7.03760005562913,8.297231679161394,Q2 (7-8.3 ug/m3),4
1491.4375,Death/delisted too sick,0.21425724796240717,Q2,Liver,PM2.5,79992,217244,7.03760005562913,8.297231679161394,Q2 (7-8.3 ug/m3),4.083333333333333
1491.4375,Transplant,0.6597072868647134,Q2,Liver,PM2.5,79992,217244,7.03760005562913,8.297231679161394,Q2 (7-8.3 ug/m3),4.083333333333333
1521.875,Death/delisted too sick,0.21520198087341882,Q2,Liver,PM2.5,79992,217244,7.03760005562913,8.297231679161394,Q2 (7-8.3 ug/m3),4.166666666666667
1521.875,Transplant,0.6605222443976627,Q2,Liver,PM2.5,79992,217244,7.03760005562913,8.297231679161394,Q2 (7-8.3 ug/m3),4.166666666666667
1552.3125,Death/delisted too sick,0.21573405216283695,Q2,Liver,PM2.5,79992,217244,7.03760005562913,8.297231679161394,Q2 (7-8.3 ug/m3),4.25
1552.3125,Transplant,0.6613913887614778,Q2,Liver,PM2.5,79992,217244,7.03760005562913,8.297231679161394,Q2 (7-8.3 ug/m3),4.25
1582.75,Death/delisted too sick,0.21671755461117007,Q2,Liver,PM2.5,79992,217244,7.03760005562913,8.297231679161394,Q2 (7-8.3 ug/m3),4.333333333333333
1582.75,Transplant,0.6623809256947883,Q2,Liver,PM2.5,79992,217244,7.03760005562913,8.297231679161394,Q2 (7-8.3 ug/m3),4.333333333333333
1613.1875,Death/delisted too sick,0.21738433874235724,Q2,Liver,PM2.5,79992,217244,7.03760005562913,8.297231679161394,Q2 (7-8.3 ug/m3),4.416666666666667
1613.1875,Transplant,0.6633228210424917,Q2,Liver,PM2.5,79992,217244,7.03760005562913,8.297231679161394,Q2 (7-8.3 ug/m3),4.416666666666667
1643.625,Death/delisted too sick,0.21823679038221705,Q2,Liver,PM2.5,79992,217244,7.03760005562913,8.297231679161394,Q2 (7-8.3 ug/m3),4.5
1643.625,Transplant,0.664499975250616,Q2,Liver,PM2.5,79992,217244,7.03760005562913,8.297231679161394,Q2 (7-8.3 ug/m3),4.5
1674.0625,Death/delisted too sick,0.2188928047686324,Q2,Liver,PM2.5,79992,217244,7.03760005562913,8.297231679161394,Q2 (7-8.3 ug/m3),4.583333333333333
1674.0625,Transplant,0.6651330860851291,Q2,Liver,PM2.5,79992,217244,7.03760005562913,8.297231679161394,Q2 (7-8.3 ug/m3),4.583333333333333
1704.5,Death/delisted too sick,0.21963309520267965,Q2,Liver,PM2.5,79992,217244,7.03760005562913,8.297231679161394,Q2 (7-8.3 ug/m3),4.666666666666667
1704.5,Transplant,0.6657646018841369,Q2,Liver,PM2.5,79992,217244,7.03760005562913,8.297231679161394,Q2 (7-8.3 ug/m3),4.666666666666667
1734.9375,Death/delisted too sick,0.22020411866864703,Q2,Liver,PM2.5,79992,217244,7.03760005562913,8.297231679161394,Q2 (7-8.3 ug/m3),4.75
1734.9375,Transplant,0.6665525450026986,Q2,Liver,PM2.5,79992,217244,7.03760005562913,8.297231679161394,Q2 (7-8.3 ug/m3),4.75
1765.375,Death/delisted too sick,0.2210079382488665,Q2,Liver,PM2.5,79992,217244,7.03760005562913,8.297231679161394,Q2 (7-8.3 ug/m3),4.833333333333333
1765.375,Transplant,0.6673736095668972,Q2,Liver,PM2.5,79992,217244,7.03760005562913,8.297231679161394,Q2 (7-8.3 ug/m3),4.833333333333333
1795.8125,Death/delisted too sick,0.2218426206215241,Q2,Liver,PM2.5,79992,217244,7.03760005562913,8.297231679161394,Q2 (7-8.3 ug/m3),4.916666666666667
1795.8125,Transplant,0.668151711365651,Q2,Liver,PM2.5,79992,217244,7.03760005562913,8.297231679161394,Q2 (7-8.3 ug/m3),4.916666666666667
1826.25,Death/delisted too sick,0.2234600897023444,Q2,Liver,PM2.5,79992,217244,7.03760005562913,8.297231679161394,Q2 (7-8.3 ug/m3),5
1826.25,Transplant,0.6684979894071634,Q2,Liver,PM2.5,79992,217244,7.03760005562913,8.297231679161394,Q2 (7-8.3 ug/m3),5
0,Death/delisted too sick,0,Q3,Liver,PM2.5,79992,217244,8.297231679161394,9.925577521324156,Q3 (8.3-9.9 ug/m3),0
0,Transplant,0,Q3,Liver,PM2.5,79992,217244,8.297231679161394,9.925577521324156,Q3 (8.3-9.9 ug/m3),0
30.4375,Death/delisted too sick,0.04149609506020779,Q3,Liver,PM2.5,79992,217244,8.297231679161394,9.925577521324156,Q3 (8.3-9.9 ug/m3),0.08333333333333333
30.4375,Transplant,0.235858050309888,Q3,Liver,PM2.5,79992,217244,8.297231679161394,9.925577521324156,Q3 (8.3-9.9 ug/m3),0.08333333333333333
60.875,Death/delisted too sick,0.05688526144541164,Q3,Liver,PM2.5,79992,217244,8.297231679161394,9.925577521324156,Q3 (8.3-9.9 ug/m3),0.16666666666666666
60.875,Transplant,0.30517320847226487,Q3,Liver,PM2.5,79992,217244,8.297231679161394,9.925577521324156,Q3 (8.3-9.9 ug/m3),0.16666666666666666
91.3125,Death/delisted too sick,0.06930526687437097,Q3,Liver,PM2.5,79992,217244,8.297231679161394,9.925577521324156,Q3 (8.3-9.9 ug/m3),0.25
91.3125,Transplant,0.3514424714620433,Q3,Liver,PM2.5,79992,217244,8.297231679161394,9.925577521324156,Q3 (8.3-9.9 ug/m3),0.25
121.75,Death/delisted too sick,0.07884074784504241,Q3,Liver,PM2.5,79992,217244,8.297231679161394,9.925577521324156,Q3 (8.3-9.9 ug/m3),0.3333333333333333
121.75,Transplant,0.38849469795035885,Q3,Liver,PM2.5,79992,217244,8.297231679161394,9.925577521324156,Q3 (8.3-9.9 ug/m3),0.3333333333333333
152.1875,Death/delisted too sick,0.08794497836339198,Q3,Liver,PM2.5,79992,217244,8.297231679161394,9.925577521324156,Q3 (8.3-9.9 ug/m3),0.4166666666666667
152.1875,Transplant,0.41727315325845293,Q3,Liver,PM2.5,79992,217244,8.297231679161394,9.925577521324156,Q3 (8.3-9.9 ug/m3),0.4166666666666667
182.625,Death/delisted too sick,0.09702970262755406,Q3,Liver,PM2.5,79992,217244,8.297231679161394,9.925577521324156,Q3 (8.3-9.9 ug/m3),0.5
182.625,Transplant,0.4414859675181479,Q3,Liver,PM2.5,79992,217244,8.297231679161394,9.925577521324156,Q3 (8.3-9.9 ug/m3),0.5
213.0625,Death/delisted too sick,0.10433867061264457,Q3,Liver,PM2.5,79992,217244,8.297231679161394,9.925577521324156,Q3 (8.3-9.9 ug/m3),0.5833333333333334
213.0625,Transplant,0.4685974459520353,Q3,Liver,PM2.5,79992,217244,8.297231679161394,9.925577521324156,Q3 (8.3-9.9 ug/m3),0.5833333333333334
243.5,Death/delisted too sick,0.1105590032789476,Q3,Liver,PM2.5,79992,217244,8.297231679161394,9.925577521324156,Q3 (8.3-9.9 ug/m3),0.6666666666666666
243.5,Transplant,0.4918673468533078,Q3,Liver,PM2.5,79992,217244,8.297231679161394,9.925577521324156,Q3 (8.3-9.9 ug/m3),0.6666666666666666
273.9375,Death/delisted too sick,0.1156331635825399,Q3,Liver,PM2.5,79992,217244,8.297231679161394,9.925577521324156,Q3 (8.3-9.9 ug/m3),0.75
273.9375,Transplant,0.5096851594664062,Q3,Liver,PM2.5,79992,217244,8.297231679161394,9.925577521324156,Q3 (8.3-9.9 ug/m3),0.75
304.375,Death/delisted too sick,0.12131860051009925,Q3,Liver,PM2.5,79992,217244,8.297231679161394,9.925577521324156,Q3 (8.3-9.9 ug/m3),0.8333333333333334
304.375,Transplant,0.5268760738654151,Q3,Liver,PM2.5,79992,217244,8.297231679161394,9.925577521324156,Q3 (8.3-9.9 ug/m3),0.8333333333333334
334.8125,Death/delisted too sick,0.12602365855985392,Q3,Liver,PM2.5,79992,217244,8.297231679161394,9.925577521324156,Q3 (8.3-9.9 ug/m3),0.9166666666666666
334.8125,Transplant,0.54070274621936,Q3,Liver,PM2.5,79992,217244,8.297231679161394,9.925577521324156,Q3 (8.3-9.9 ug/m3),0.9166666666666666
365.25,Death/delisted too sick,0.13032671443665844,Q3,Liver,PM2.5,79992,217244,8.297231679161394,9.925577521324156,Q3 (8.3-9.9 ug/m3),1
365.25,Transplant,0.5539040217641331,Q3,Liver,PM2.5,79992,217244,8.297231679161394,9.925577521324156,Q3 (8.3-9.9 ug/m3),1
395.6875,Death/delisted too sick,0.1343796641754025,Q3,Liver,PM2.5,79992,217244,8.297231679161394,9.925577521324156,Q3 (8.3-9.9 ug/m3),1.0833333333333333
395.6875,Transplant,0.5636299435325448,Q3,Liver,PM2.5,79992,217244,8.297231679161394,9.925577521324156,Q3 (8.3-9.9 ug/m3),1.0833333333333333
426.125,Death/delisted too sick,0.13835499770670054,Q3,Liver,PM2.5,79992,217244,8.297231679161394,9.925577521324156,Q3 (8.3-9.9 ug/m3),1.1666666666666667
426.125,Transplant,0.5740160004038445,Q3,Liver,PM2.5,79992,217244,8.297231679161394,9.925577521324156,Q3 (8.3-9.9 ug/m3),1.1666666666666667
456.5625,Death/delisted too sick,0.14233516774847424,Q3,Liver,PM2.5,79992,217244,8.297231679161394,9.925577521324156,Q3 (8.3-9.9 ug/m3),1.25
456.5625,Transplant,0.5833293256603841,Q3,Liver,PM2.5,79992,217244,8.297231679161394,9.925577521324156,Q3 (8.3-9.9 ug/m3),1.25
487,Death/delisted too sick,0.14582743963699052,Q3,Liver,PM2.5,79992,217244,8.297231679161394,9.925577521324156,Q3 (8.3-9.9 ug/m3),1.3333333333333333
487,Transplant,0.5908317373939813,Q3,Liver,PM2.5,79992,217244,8.297231679161394,9.925577521324156,Q3 (8.3-9.9 ug/m3),1.3333333333333333
517.4375,Death/delisted too sick,0.14886287844288718,Q3,Liver,PM2.5,79992,217244,8.297231679161394,9.925577521324156,Q3 (8.3-9.9 ug/m3),1.4166666666666667
517.4375,Transplant,0.5982768462805513,Q3,Liver,PM2.5,79992,217244,8.297231679161394,9.925577521324156,Q3 (8.3-9.9 ug/m3),1.4166666666666667
547.875,Death/delisted too sick,0.151942930315179,Q3,Liver,PM2.5,79992,217244,8.297231679161394,9.925577521324156,Q3 (8.3-9.9 ug/m3),1.5
547.875,Transplant,0.6050731181207116,Q3,Liver,PM2.5,79992,217244,8.297231679161394,9.925577521324156,Q3 (8.3-9.9 ug/m3),1.5
578.3125,Death/delisted too sick,0.15478331773139445,Q3,Liver,PM2.5,79992,217244,8.297231679161394,9.925577521324156,Q3 (8.3-9.9 ug/m3),1.5833333333333333
578.3125,Transplant,0.6114818983851765,Q3,Liver,PM2.5,79992,217244,8.297231679161394,9.925577521324156,Q3 (8.3-9.9 ug/m3),1.5833333333333333
608.75,Death/delisted too sick,0.15710565104220217,Q3,Liver,PM2.5,79992,217244,8.297231679161394,9.925577521324156,Q3 (8.3-9.9 ug/m3),1.6666666666666667
608.75,Transplant,0.6171257837638898,Q3,Liver,PM2.5,79992,217244,8.297231679161394,9.925577521324156,Q3 (8.3-9.9 ug/m3),1.6666666666666667
639.1875,Death/delisted too sick,0.1596319324141328,Q3,Liver,PM2.5,79992,217244,8.297231679161394,9.925577521324156,Q3 (8.3-9.9 ug/m3),1.75
639.1875,Transplant,0.6220495655060865,Q3,Liver,PM2.5,79992,217244,8.297231679161394,9.925577521324156,Q3 (8.3-9.9 ug/m3),1.75
669.625,Death/delisted too sick,0.16233129752244546,Q3,Liver,PM2.5,79992,217244,8.297231679161394,9.925577521324156,Q3 (8.3-9.9 ug/m3),1.8333333333333333
669.625,Transplant,0.6262409414712944,Q3,Liver,PM2.5,79992,217244,8.297231679161394,9.925577521324156,Q3 (8.3-9.9 ug/m3),1.8333333333333333
700.0625,Death/delisted too sick,0.1643944174239713,Q3,Liver,PM2.5,79992,217244,8.297231679161394,9.925577521324156,Q3 (8.3-9.9 ug/m3),1.9166666666666667
700.0625,Transplant,0.6298626211965106,Q3,Liver,PM2.5,79992,217244,8.297231679161394,9.925577521324156,Q3 (8.3-9.9 ug/m3),1.9166666666666667
730.5,Death/delisted too sick,0.16641202851483763,Q3,Liver,PM2.5,79992,217244,8.297231679161394,9.925577521324156,Q3 (8.3-9.9 ug/m3),2
730.5,Transplant,0.633130432389815,Q3,Liver,PM2.5,79992,217244,8.297231679161394,9.925577521324156,Q3 (8.3-9.9 ug/m3),2
760.9375,Death/delisted too sick,0.1681047754816915,Q3,Liver,PM2.5,79992,217244,8.297231679161394,9.925577521324156,Q3 (8.3-9.9 ug/m3),2.0833333333333335
760.9375,Transplant,0.6361233670042359,Q3,Liver,PM2.5,79992,217244,8.297231679161394,9.925577521324156,Q3 (8.3-9.9 ug/m3),2.0833333333333335
791.375,Death/delisted too sick,0.17010401086124327,Q3,Liver,PM2.5,79992,217244,8.297231679161394,9.925577521324156,Q3 (8.3-9.9 ug/m3),2.1666666666666665
791.375,Transplant,0.638783878156032,Q3,Liver,PM2.5,79992,217244,8.297231679161394,9.925577521324156,Q3 (8.3-9.9 ug/m3),2.1666666666666665
821.8125,Death/delisted too sick,0.17244295696507972,Q3,Liver,PM2.5,79992,217244,8.297231679161394,9.925577521324156,Q3 (8.3-9.9 ug/m3),2.25
821.8125,Transplant,0.6412862769297586,Q3,Liver,PM2.5,79992,217244,8.297231679161394,9.925577521324156,Q3 (8.3-9.9 ug/m3),2.25
852.25,Death/delisted too sick,0.17451674465121475,Q3,Liver,PM2.5,79992,217244,8.297231679161394,9.925577521324156,Q3 (8.3-9.9 ug/m3),2.3333333333333335
852.25,Transplant,0.6440296129274955,Q3,Liver,PM2.5,79992,217244,8.297231679161394,9.925577521324156,Q3 (8.3-9.9 ug/m3),2.3333333333333335
882.6875,Death/delisted too sick,0.17621024953744344,Q3,Liver,PM2.5,79992,217244,8.297231679161394,9.925577521324156,Q3 (8.3-9.9 ug/m3),2.4166666666666665
882.6875,Transplant,0.6460980983559527,Q3,Liver,PM2.5,79992,217244,8.297231679161394,9.925577521324156,Q3 (8.3-9.9 ug/m3),2.4166666666666665
913.125,Death/delisted too sick,0.17834502338709068,Q3,Liver,PM2.5,79992,217244,8.297231679161394,9.925577521324156,Q3 (8.3-9.9 ug/m3),2.5
913.125,Transplant,0.6483710371356493,Q3,Liver,PM2.5,79992,217244,8.297231679161394,9.925577521324156,Q3 (8.3-9.9 ug/m3),2.5
943.5625,Death/delisted too sick,0.1796589051188605,Q3,Liver,PM2.5,79992,217244,8.297231679161394,9.925577521324156,Q3 (8.3-9.9 ug/m3),2.5833333333333335
943.5625,Transplant,0.6503351835986013,Q3,Liver,PM2.5,79992,217244,8.297231679161394,9.925577521324156,Q3 (8.3-9.9 ug/m3),2.5833333333333335
974,Death/delisted too sick,0.18125178305565567,Q3,Liver,PM2.5,79992,217244,8.297231679161394,9.925577521324156,Q3 (8.3-9.9 ug/m3),2.6666666666666665
974,Transplant,0.652908950444021,Q3,Liver,PM2.5,79992,217244,8.297231679161394,9.925577521324156,Q3 (8.3-9.9 ug/m3),2.6666666666666665
1004.4375,Death/delisted too sick,0.18258753900613908,Q3,Liver,PM2.5,79992,217244,8.297231679161394,9.925577521324156,Q3 (8.3-9.9 ug/m3),2.75
1004.4375,Transplant,0.6547667896428435,Q3,Liver,PM2.5,79992,217244,8.297231679161394,9.925577521324156,Q3 (8.3-9.9 ug/m3),2.75
1034.875,Death/delisted too sick,0.18421644478705373,Q3,Liver,PM2.5,79992,217244,8.297231679161394,9.925577521324156,Q3 (8.3-9.9 ug/m3),2.8333333333333335
1034.875,Transplant,0.6564121951077432,Q3,Liver,PM2.5,79992,217244,8.297231679161394,9.925577521324156,Q3 (8.3-9.9 ug/m3),2.8333333333333335
1065.3125,Death/delisted too sick,0.18657113461508143,Q3,Liver,PM2.5,79992,217244,8.297231679161394,9.925577521324156,Q3 (8.3-9.9 ug/m3),2.9166666666666665
1065.3125,Transplant,0.6581896499723795,Q3,Liver,PM2.5,79992,217244,8.297231679161394,9.925577521324156,Q3 (8.3-9.9 ug/m3),2.9166666666666665
1095.75,Death/delisted too sick,0.1884837096759782,Q3,Liver,PM2.5,79992,217244,8.297231679161394,9.925577521324156,Q3 (8.3-9.9 ug/m3),3
1095.75,Transplant,0.6593610859409874,Q3,Liver,PM2.5,79992,217244,8.297231679161394,9.925577521324156,Q3 (8.3-9.9 ug/m3),3
1126.1875,Death/delisted too sick,0.19027071060992215,Q3,Liver,PM2.5,79992,217244,8.297231679161394,9.925577521324156,Q3 (8.3-9.9 ug/m3),3.0833333333333335
1126.1875,Transplant,0.6609598569852863,Q3,Liver,PM2.5,79992,217244,8.297231679161394,9.925577521324156,Q3 (8.3-9.9 ug/m3),3.0833333333333335
1156.625,Death/delisted too sick,0.1922245067146188,Q3,Liver,PM2.5,79992,217244,8.297231679161394,9.925577521324156,Q3 (8.3-9.9 ug/m3),3.1666666666666665
1156.625,Transplant,0.6625876624873788,Q3,Liver,PM2.5,79992,217244,8.297231679161394,9.925577521324156,Q3 (8.3-9.9 ug/m3),3.1666666666666665
1187.0625,Death/delisted too sick,0.19398314652566198,Q3,Liver,PM2.5,79992,217244,8.297231679161394,9.925577521324156,Q3 (8.3-9.9 ug/m3),3.25
1187.0625,Transplant,0.6638369921635665,Q3,Liver,PM2.5,79992,217244,8.297231679161394,9.925577521324156,Q3 (8.3-9.9 ug/m3),3.25
1217.5,Death/delisted too sick,0.19557365619022912,Q3,Liver,PM2.5,79992,217244,8.297231679161394,9.925577521324156,Q3 (8.3-9.9 ug/m3),3.3333333333333335
1217.5,Transplant,0.6653168187110691,Q3,Liver,PM2.5,79992,217244,8.297231679161394,9.925577521324156,Q3 (8.3-9.9 ug/m3),3.3333333333333335
1247.9375,Death/delisted too sick,0.19693318457469677,Q3,Liver,PM2.5,79992,217244,8.297231679161394,9.925577521324156,Q3 (8.3-9.9 ug/m3),3.4166666666666665
1247.9375,Transplant,0.6666053775449469,Q3,Liver,PM2.5,79992,217244,8.297231679161394,9.925577521324156,Q3 (8.3-9.9 ug/m3),3.4166666666666665
1278.375,Death/delisted too sick,0.19818317919954442,Q3,Liver,PM2.5,79992,217244,8.297231679161394,9.925577521324156,Q3 (8.3-9.9 ug/m3),3.5
1278.375,Transplant,0.6680051209077592,Q3,Liver,PM2.5,79992,217244,8.297231679161394,9.925577521324156,Q3 (8.3-9.9 ug/m3),3.5
1308.8125,Death/delisted too sick,0.19913881028745395,Q3,Liver,PM2.5,79992,217244,8.297231679161394,9.925577521324156,Q3 (8.3-9.9 ug/m3),3.5833333333333335
1308.8125,Transplant,0.6693065406423908,Q3,Liver,PM2.5,79992,217244,8.297231679161394,9.925577521324156,Q3 (8.3-9.9 ug/m3),3.5833333333333335
1339.25,Death/delisted too sick,0.20025968579540182,Q3,Liver,PM2.5,79992,217244,8.297231679161394,9.925577521324156,Q3 (8.3-9.9 ug/m3),3.6666666666666665
1339.25,Transplant,0.6706585958657998,Q3,Liver,PM2.5,79992,217244,8.297231679161394,9.925577521324156,Q3 (8.3-9.9 ug/m3),3.6666666666666665
1369.6875,Death/delisted too sick,0.2009013584137144,Q3,Liver,PM2.5,79992,217244,8.297231679161394,9.925577521324156,Q3 (8.3-9.9 ug/m3),3.75
1369.6875,Transplant,0.671993125136145,Q3,Liver,PM2.5,79992,217244,8.297231679161394,9.925577521324156,Q3 (8.3-9.9 ug/m3),3.75
1400.125,Death/delisted too sick,0.20249995703375556,Q3,Liver,PM2.5,79992,217244,8.297231679161394,9.925577521324156,Q3 (8.3-9.9 ug/m3),3.8333333333333335
1400.125,Transplant,0.6729176686389647,Q3,Liver,PM2.5,79992,217244,8.297231679161394,9.925577521324156,Q3 (8.3-9.9 ug/m3),3.8333333333333335
1430.5625,Death/delisted too sick,0.2034871754320482,Q3,Liver,PM2.5,79992,217244,8.297231679161394,9.925577521324156,Q3 (8.3-9.9 ug/m3),3.9166666666666665
1430.5625,Transplant,0.6746424953540464,Q3,Liver,PM2.5,79992,217244,8.297231679161394,9.925577521324156,Q3 (8.3-9.9 ug/m3),3.9166666666666665
1461,Death/delisted too sick,0.20460397972273875,Q3,Liver,PM2.5,79992,217244,8.297231679161394,9.925577521324156,Q3 (8.3-9.9 ug/m3),4
1461,Transplant,0.675903586729335,Q3,Liver,PM2.5,79992,217244,8.297231679161394,9.925577521324156,Q3 (8.3-9.9 ug/m3),4
1491.4375,Death/delisted too sick,0.20572934964639475,Q3,Liver,PM2.5,79992,217244,8.297231679161394,9.925577521324156,Q3 (8.3-9.9 ug/m3),4.083333333333333
1491.4375,Transplant,0.6769588524293665,Q3,Liver,PM2.5,79992,217244,8.297231679161394,9.925577521324156,Q3 (8.3-9.9 ug/m3),4.083333333333333
1521.875,Death/delisted too sick,0.20729884931167022,Q3,Liver,PM2.5,79992,217244,8.297231679161394,9.925577521324156,Q3 (8.3-9.9 ug/m3),4.166666666666667
1521.875,Transplant,0.6777042053947704,Q3,Liver,PM2.5,79992,217244,8.297231679161394,9.925577521324156,Q3 (8.3-9.9 ug/m3),4.166666666666667
1552.3125,Death/delisted too sick,0.20835163364294493,Q3,Liver,PM2.5,79992,217244,8.297231679161394,9.925577521324156,Q3 (8.3-9.9 ug/m3),4.25
1552.3125,Transplant,0.6785553409254196,Q3,Liver,PM2.5,79992,217244,8.297231679161394,9.925577521324156,Q3 (8.3-9.9 ug/m3),4.25
1582.75,Death/delisted too sick,0.20948257749237426,Q3,Liver,PM2.5,79992,217244,8.297231679161394,9.925577521324156,Q3 (8.3-9.9 ug/m3),4.333333333333333
1582.75,Transplant,0.6796205062958562,Q3,Liver,PM2.5,79992,217244,8.297231679161394,9.925577521324156,Q3 (8.3-9.9 ug/m3),4.333333333333333
1613.1875,Death/delisted too sick,0.21034994095558193,Q3,Liver,PM2.5,79992,217244,8.297231679161394,9.925577521324156,Q3 (8.3-9.9 ug/m3),4.416666666666667
1613.1875,Transplant,0.68034171001983,Q3,Liver,PM2.5,79992,217244,8.297231679161394,9.925577521324156,Q3 (8.3-9.9 ug/m3),4.416666666666667
1643.625,Death/delisted too sick,0.21137246614287225,Q3,Liver,PM2.5,79992,217244,8.297231679161394,9.925577521324156,Q3 (8.3-9.9 ug/m3),4.5
1643.625,Transplant,0.6810983016849511,Q3,Liver,PM2.5,79992,217244,8.297231679161394,9.925577521324156,Q3 (8.3-9.9 ug/m3),4.5
1674.0625,Death/delisted too sick,0.21164882786565506,Q3,Liver,PM2.5,79992,217244,8.297231679161394,9.925577521324156,Q3 (8.3-9.9 ug/m3),4.583333333333333
1674.0625,Transplant,0.6819569744654653,Q3,Liver,PM2.5,79992,217244,8.297231679161394,9.925577521324156,Q3 (8.3-9.9 ug/m3),4.583333333333333
1704.5,Death/delisted too sick,0.21257769513006217,Q3,Liver,PM2.5,79992,217244,8.297231679161394,9.925577521324156,Q3 (8.3-9.9 ug/m3),4.666666666666667
1704.5,Transplant,0.6828142072108015,Q3,Liver,PM2.5,79992,217244,8.297231679161394,9.925577521324156,Q3 (8.3-9.9 ug/m3),4.666666666666667
1734.9375,Death/delisted too sick,0.21311582173577834,Q3,Liver,PM2.5,79992,217244,8.297231679161394,9.925577521324156,Q3 (8.3-9.9 ug/m3),4.75
1734.9375,Transplant,0.6836534119955806,Q3,Liver,PM2.5,79992,217244,8.297231679161394,9.925577521324156,Q3 (8.3-9.9 ug/m3),4.75
1765.375,Death/delisted too sick,0.21425335674416135,Q3,Liver,PM2.5,79992,217244,8.297231679161394,9.925577521324156,Q3 (8.3-9.9 ug/m3),4.833333333333333
1765.375,Transplant,0.684377586181689,Q3,Liver,PM2.5,79992,217244,8.297231679161394,9.925577521324156,Q3 (8.3-9.9 ug/m3),4.833333333333333
1795.8125,Death/delisted too sick,0.21535480804546175,Q3,Liver,PM2.5,79992,217244,8.297231679161394,9.925577521324156,Q3 (8.3-9.9 ug/m3),4.916666666666667
1795.8125,Transplant,0.685139885314876,Q3,Liver,PM2.5,79992,217244,8.297231679161394,9.925577521324156,Q3 (8.3-9.9 ug/m3),4.916666666666667
1826.25,Death/delisted too sick,0.21638202690974942,Q3,Liver,PM2.5,79992,217244,8.297231679161394,9.925577521324156,Q3 (8.3-9.9 ug/m3),5
1826.25,Transplant,0.6858872699555117,Q3,Liver,PM2.5,79992,217244,8.297231679161394,9.925577521324156,Q3 (8.3-9.9 ug/m3),5
0,Death/delisted too sick,0,Q4,Liver,PM2.5,79992,217244,9.925577521324156,37.72952562685071,Q4 (9.9-37.7 ug/m3),0
0,Transplant,0,Q4,Liver,PM2.5,79992,217244,9.925577521324156,37.72952562685071,Q4 (9.9-37.7 ug/m3),0
30.4375,Death/delisted too sick,0.04451380876551601,Q4,Liver,PM2.5,79992,217244,9.925577521324156,37.72952562685071,Q4 (9.9-37.7 ug/m3),0.08333333333333333
30.4375,Transplant,0.21947957130557952,Q4,Liver,PM2.5,79992,217244,9.925577521324156,37.72952562685071,Q4 (9.9-37.7 ug/m3),0.08333333333333333
60.875,Death/delisted too sick,0.05993831345150292,Q4,Liver,PM2.5,79992,217244,9.925577521324156,37.72952562685071,Q4 (9.9-37.7 ug/m3),0.16666666666666666
60.875,Transplant,0.28156206627368935,Q4,Liver,PM2.5,79992,217244,9.925577521324156,37.72952562685071,Q4 (9.9-37.7 ug/m3),0.16666666666666666
91.3125,Death/delisted too sick,0.0724666432084234,Q4,Liver,PM2.5,79992,217244,9.925577521324156,37.72952562685071,Q4 (9.9-37.7 ug/m3),0.25
91.3125,Transplant,0.3280866235243102,Q4,Liver,PM2.5,79992,217244,9.925577521324156,37.72952562685071,Q4 (9.9-37.7 ug/m3),0.25
121.75,Death/delisted too sick,0.08306071132826351,Q4,Liver,PM2.5,79992,217244,9.925577521324156,37.72952562685071,Q4 (9.9-37.7 ug/m3),0.3333333333333333
121.75,Transplant,0.360864979478041,Q4,Liver,PM2.5,79992,217244,9.925577521324156,37.72952562685071,Q4 (9.9-37.7 ug/m3),0.3333333333333333
152.1875,Death/delisted too sick,0.09181348116475573,Q4,Liver,PM2.5,79992,217244,9.925577521324156,37.72952562685071,Q4 (9.9-37.7 ug/m3),0.4166666666666667
152.1875,Transplant,0.3898910832420995,Q4,Liver,PM2.5,79992,217244,9.925577521324156,37.72952562685071,Q4 (9.9-37.7 ug/m3),0.4166666666666667
182.625,Death/delisted too sick,0.10101567717676531,Q4,Liver,PM2.5,79992,217244,9.925577521324156,37.72952562685071,Q4 (9.9-37.7 ug/m3),0.5
182.625,Transplant,0.4123914163281409,Q4,Liver,PM2.5,79992,217244,9.925577521324156,37.72952562685071,Q4 (9.9-37.7 ug/m3),0.5
213.0625,Death/delisted too sick,0.10843457313779209,Q4,Liver,PM2.5,79992,217244,9.925577521324156,37.72952562685071,Q4 (9.9-37.7 ug/m3),0.5833333333333334
213.0625,Transplant,0.43785889122134486,Q4,Liver,PM2.5,79992,217244,9.925577521324156,37.72952562685071,Q4 (9.9-37.7 ug/m3),0.5833333333333334
243.5,Death/delisted too sick,0.11504378743845932,Q4,Liver,PM2.5,79992,217244,9.925577521324156,37.72952562685071,Q4 (9.9-37.7 ug/m3),0.6666666666666666
243.5,Transplant,0.45893898477660156,Q4,Liver,PM2.5,79992,217244,9.925577521324156,37.72952562685071,Q4 (9.9-37.7 ug/m3),0.6666666666666666
273.9375,Death/delisted too sick,0.12086716898185879,Q4,Liver,PM2.5,79992,217244,9.925577521324156,37.72952562685071,Q4 (9.9-37.7 ug/m3),0.75
273.9375,Transplant,0.4761892173995182,Q4,Liver,PM2.5,79992,217244,9.925577521324156,37.72952562685071,Q4 (9.9-37.7 ug/m3),0.75
304.375,Death/delisted too sick,0.12676843979751953,Q4,Liver,PM2.5,79992,217244,9.925577521324156,37.72952562685071,Q4 (9.9-37.7 ug/m3),0.8333333333333334
304.375,Transplant,0.49292645383222433,Q4,Liver,PM2.5,79992,217244,9.925577521324156,37.72952562685071,Q4 (9.9-37.7 ug/m3),0.8333333333333334
334.8125,Death/delisted too sick,0.13108774957803834,Q4,Liver,PM2.5,79992,217244,9.925577521324156,37.72952562685071,Q4 (9.9-37.7 ug/m3),0.9166666666666666
334.8125,Transplant,0.507480728592144,Q4,Liver,PM2.5,79992,217244,9.925577521324156,37.72952562685071,Q4 (9.9-37.7 ug/m3),0.9166666666666666
365.25,Death/delisted too sick,0.13624925282409325,Q4,Liver,PM2.5,79992,217244,9.925577521324156,37.72952562685071,Q4 (9.9-37.7 ug/m3),1
365.25,Transplant,0.5201457760097056,Q4,Liver,PM2.5,79992,217244,9.925577521324156,37.72952562685071,Q4 (9.9-37.7 ug/m3),1
395.6875,Death/delisted too sick,0.14095632853327886,Q4,Liver,PM2.5,79992,217244,9.925577521324156,37.72952562685071,Q4 (9.9-37.7 ug/m3),1.0833333333333333
395.6875,Transplant,0.5319024667677407,Q4,Liver,PM2.5,79992,217244,9.925577521324156,37.72952562685071,Q4 (9.9-37.7 ug/m3),1.0833333333333333
426.125,Death/delisted too sick,0.14525836168031256,Q4,Liver,PM2.5,79992,217244,9.925577521324156,37.72952562685071,Q4 (9.9-37.7 ug/m3),1.1666666666666667
426.125,Transplant,0.5414748234812979,Q4,Liver,PM2.5,79992,217244,9.925577521324156,37.72952562685071,Q4 (9.9-37.7 ug/m3),1.1666666666666667
456.5625,Death/delisted too sick,0.149036453476635,Q4,Liver,PM2.5,79992,217244,9.925577521324156,37.72952562685071,Q4 (9.9-37.7 ug/m3),1.25
456.5625,Transplant,0.5500612084225487,Q4,Liver,PM2.5,79992,217244,9.925577521324156,37.72952562685071,Q4 (9.9-37.7 ug/m3),1.25
487,Death/delisted too sick,0.15284596029639433,Q4,Liver,PM2.5,79992,217244,9.925577521324156,37.72952562685071,Q4 (9.9-37.7 ug/m3),1.3333333333333333
487,Transplant,0.5590639194574064,Q4,Liver,PM2.5,79992,217244,9.925577521324156,37.72952562685071,Q4 (9.9-37.7 ug/m3),1.3333333333333333
517.4375,Death/delisted too sick,0.15615176677822362,Q4,Liver,PM2.5,79992,217244,9.925577521324156,37.72952562685071,Q4 (9.9-37.7 ug/m3),1.4166666666666667
517.4375,Transplant,0.5656126659971477,Q4,Liver,PM2.5,79992,217244,9.925577521324156,37.72952562685071,Q4 (9.9-37.7 ug/m3),1.4166666666666667
547.875,Death/delisted too sick,0.15924833660275492,Q4,Liver,PM2.5,79992,217244,9.925577521324156,37.72952562685071,Q4 (9.9-37.7 ug/m3),1.5
547.875,Transplant,0.5719586888249375,Q4,Liver,PM2.5,79992,217244,9.925577521324156,37.72952562685071,Q4 (9.9-37.7 ug/m3),1.5
578.3125,Death/delisted too sick,0.16265716150106987,Q4,Liver,PM2.5,79992,217244,9.925577521324156,37.72952562685071,Q4 (9.9-37.7 ug/m3),1.5833333333333333
578.3125,Transplant,0.5782369353771066,Q4,Liver,PM2.5,79992,217244,9.925577521324156,37.72952562685071,Q4 (9.9-37.7 ug/m3),1.5833333333333333
608.75,Death/delisted too sick,0.16491752404580046,Q4,Liver,PM2.5,79992,217244,9.925577521324156,37.72952562685071,Q4 (9.9-37.7 ug/m3),1.6666666666666667
608.75,Transplant,0.5839271753941356,Q4,Liver,PM2.5,79992,217244,9.925577521324156,37.72952562685071,Q4 (9.9-37.7 ug/m3),1.6666666666666667
639.1875,Death/delisted too sick,0.167991493880702,Q4,Liver,PM2.5,79992,217244,9.925577521324156,37.72952562685071,Q4 (9.9-37.7 ug/m3),1.75
639.1875,Transplant,0.5905494776667652,Q4,Liver,PM2.5,79992,217244,9.925577521324156,37.72952562685071,Q4 (9.9-37.7 ug/m3),1.75
669.625,Death/delisted too sick,0.17030392095035854,Q4,Liver,PM2.5,79992,217244,9.925577521324156,37.72952562685071,Q4 (9.9-37.7 ug/m3),1.8333333333333333
669.625,Transplant,0.5949314483343439,Q4,Liver,PM2.5,79992,217244,9.925577521324156,37.72952562685071,Q4 (9.9-37.7 ug/m3),1.8333333333333333
700.0625,Death/delisted too sick,0.17316592136876707,Q4,Liver,PM2.5,79992,217244,9.925577521324156,37.72952562685071,Q4 (9.9-37.7 ug/m3),1.9166666666666667
700.0625,Transplant,0.5997731527910174,Q4,Liver,PM2.5,79992,217244,9.925577521324156,37.72952562685071,Q4 (9.9-37.7 ug/m3),1.9166666666666667
730.5,Death/delisted too sick,0.17576447394797098,Q4,Liver,PM2.5,79992,217244,9.925577521324156,37.72952562685071,Q4 (9.9-37.7 ug/m3),2
730.5,Transplant,0.6035411404793389,Q4,Liver,PM2.5,79992,217244,9.925577521324156,37.72952562685071,Q4 (9.9-37.7 ug/m3),2
760.9375,Death/delisted too sick,0.17781481700617793,Q4,Liver,PM2.5,79992,217244,9.925577521324156,37.72952562685071,Q4 (9.9-37.7 ug/m3),2.0833333333333335
760.9375,Transplant,0.6072496980043204,Q4,Liver,PM2.5,79992,217244,9.925577521324156,37.72952562685071,Q4 (9.9-37.7 ug/m3),2.0833333333333335
791.375,Death/delisted too sick,0.1794407885556818,Q4,Liver,PM2.5,79992,217244,9.925577521324156,37.72952562685071,Q4 (9.9-37.7 ug/m3),2.1666666666666665
791.375,Transplant,0.6099655583797546,Q4,Liver,PM2.5,79992,217244,9.925577521324156,37.72952562685071,Q4 (9.9-37.7 ug/m3),2.1666666666666665
821.8125,Death/delisted too sick,0.18189033708450517,Q4,Liver,PM2.5,79992,217244,9.925577521324156,37.72952562685071,Q4 (9.9-37.7 ug/m3),2.25
821.8125,Transplant,0.6123022271425907,Q4,Liver,PM2.5,79992,217244,9.925577521324156,37.72952562685071,Q4 (9.9-37.7 ug/m3),2.25
852.25,Death/delisted too sick,0.18382165284559623,Q4,Liver,PM2.5,79992,217244,9.925577521324156,37.72952562685071,Q4 (9.9-37.7 ug/m3),2.3333333333333335
852.25,Transplant,0.6149800064953728,Q4,Liver,PM2.5,79992,217244,9.925577521324156,37.72952562685071,Q4 (9.9-37.7 ug/m3),2.3333333333333335
882.6875,Death/delisted too sick,0.18564936936434132,Q4,Liver,PM2.5,79992,217244,9.925577521324156,37.72952562685071,Q4 (9.9-37.7 ug/m3),2.4166666666666665
882.6875,Transplant,0.6173915781125104,Q4,Liver,PM2.5,79992,217244,9.925577521324156,37.72952562685071,Q4 (9.9-37.7 ug/m3),2.4166666666666665
913.125,Death/delisted too sick,0.18774292096007966,Q4,Liver,PM2.5,79992,217244,9.925577521324156,37.72952562685071,Q4 (9.9-37.7 ug/m3),2.5
913.125,Transplant,0.6196236192360515,Q4,Liver,PM2.5,79992,217244,9.925577521324156,37.72952562685071,Q4 (9.9-37.7 ug/m3),2.5
943.5625,Death/delisted too sick,0.18945067578764277,Q4,Liver,PM2.5,79992,217244,9.925577521324156,37.72952562685071,Q4 (9.9-37.7 ug/m3),2.5833333333333335
943.5625,Transplant,0.6215219516952097,Q4,Liver,PM2.5,79992,217244,9.925577521324156,37.72952562685071,Q4 (9.9-37.7 ug/m3),2.5833333333333335
974,Death/delisted too sick,0.19144918085377768,Q4,Liver,PM2.5,79992,217244,9.925577521324156,37.72952562685071,Q4 (9.9-37.7 ug/m3),2.6666666666666665
974,Transplant,0.623412672898889,Q4,Liver,PM2.5,79992,217244,9.925577521324156,37.72952562685071,Q4 (9.9-37.7 ug/m3),2.6666666666666665
1004.4375,Death/delisted too sick,0.19294670273986927,Q4,Liver,PM2.5,79992,217244,9.925577521324156,37.72952562685071,Q4 (9.9-37.7 ug/m3),2.75
1004.4375,Transplant,0.6257792992976744,Q4,Liver,PM2.5,79992,217244,9.925577521324156,37.72952562685071,Q4 (9.9-37.7 ug/m3),2.75
1034.875,Death/delisted too sick,0.19449198740402165,Q4,Liver,PM2.5,79992,217244,9.925577521324156,37.72952562685071,Q4 (9.9-37.7 ug/m3),2.8333333333333335
1034.875,Transplant,0.6283653236152429,Q4,Liver,PM2.5,79992,217244,9.925577521324156,37.72952562685071,Q4 (9.9-37.7 ug/m3),2.8333333333333335
1065.3125,Death/delisted too sick,0.19558934311459547,Q4,Liver,PM2.5,79992,217244,9.925577521324156,37.72952562685071,Q4 (9.9-37.7 ug/m3),2.9166666666666665
1065.3125,Transplant,0.6303196802263759,Q4,Liver,PM2.5,79992,217244,9.925577521324156,37.72952562685071,Q4 (9.9-37.7 ug/m3),2.9166666666666665
1095.75,Death/delisted too sick,0.19736354544545573,Q4,Liver,PM2.5,79992,217244,9.925577521324156,37.72952562685071,Q4 (9.9-37.7 ug/m3),3
1095.75,Transplant,0.6324211322080078,Q4,Liver,PM2.5,79992,217244,9.925577521324156,37.72952562685071,Q4 (9.9-37.7 ug/m3),3
1126.1875,Death/delisted too sick,0.19958103311588488,Q4,Liver,PM2.5,79992,217244,9.925577521324156,37.72952562685071,Q4 (9.9-37.7 ug/m3),3.0833333333333335
1126.1875,Transplant,0.6343897924474127,Q4,Liver,PM2.5,79992,217244,9.925577521324156,37.72952562685071,Q4 (9.9-37.7 ug/m3),3.0833333333333335
1156.625,Death/delisted too sick,0.20137601572940206,Q4,Liver,PM2.5,79992,217244,9.925577521324156,37.72952562685071,Q4 (9.9-37.7 ug/m3),3.1666666666666665
1156.625,Transplant,0.6362221364371581,Q4,Liver,PM2.5,79992,217244,9.925577521324156,37.72952562685071,Q4 (9.9-37.7 ug/m3),3.1666666666666665
1187.0625,Death/delisted too sick,0.20254950742368216,Q4,Liver,PM2.5,79992,217244,9.925577521324156,37.72952562685071,Q4 (9.9-37.7 ug/m3),3.25
1187.0625,Transplant,0.638135146598378,Q4,Liver,PM2.5,79992,217244,9.925577521324156,37.72952562685071,Q4 (9.9-37.7 ug/m3),3.25
1217.5,Death/delisted too sick,0.20396857839751542,Q4,Liver,PM2.5,79992,217244,9.925577521324156,37.72952562685071,Q4 (9.9-37.7 ug/m3),3.3333333333333335
1217.5,Transplant,0.6402279910844529,Q4,Liver,PM2.5,79992,217244,9.925577521324156,37.72952562685071,Q4 (9.9-37.7 ug/m3),3.3333333333333335
1247.9375,Death/delisted too sick,0.20510412703959158,Q4,Liver,PM2.5,79992,217244,9.925577521324156,37.72952562685071,Q4 (9.9-37.7 ug/m3),3.4166666666666665
1247.9375,Transplant,0.6415056795276127,Q4,Liver,PM2.5,79992,217244,9.925577521324156,37.72952562685071,Q4 (9.9-37.7 ug/m3),3.4166666666666665
1278.375,Death/delisted too sick,0.20572520391467408,Q4,Liver,PM2.5,79992,217244,9.925577521324156,37.72952562685071,Q4 (9.9-37.7 ug/m3),3.5
1278.375,Transplant,0.643284731733024,Q4,Liver,PM2.5,79992,217244,9.925577521324156,37.72952562685071,Q4 (9.9-37.7 ug/m3),3.5
1308.8125,Death/delisted too sick,0.20806857475572765,Q4,Liver,PM2.5,79992,217244,9.925577521324156,37.72952562685071,Q4 (9.9-37.7 ug/m3),3.5833333333333335
1308.8125,Transplant,0.6443881237187477,Q4,Liver,PM2.5,79992,217244,9.925577521324156,37.72952562685071,Q4 (9.9-37.7 ug/m3),3.5833333333333335
1339.25,Death/delisted too sick,0.20920655405638863,Q4,Liver,PM2.5,79992,217244,9.925577521324156,37.72952562685071,Q4 (9.9-37.7 ug/m3),3.6666666666666665
1339.25,Transplant,0.6455305659957807,Q4,Liver,PM2.5,79992,217244,9.925577521324156,37.72952562685071,Q4 (9.9-37.7 ug/m3),3.6666666666666665
1369.6875,Death/delisted too sick,0.21059833307304315,Q4,Liver,PM2.5,79992,217244,9.925577521324156,37.72952562685071,Q4 (9.9-37.7 ug/m3),3.75
1369.6875,Transplant,0.6472148548301659,Q4,Liver,PM2.5,79992,217244,9.925577521324156,37.72952562685071,Q4 (9.9-37.7 ug/m3),3.75
1400.125,Death/delisted too sick,0.21244447979390862,Q4,Liver,PM2.5,79992,217244,9.925577521324156,37.72952562685071,Q4 (9.9-37.7 ug/m3),3.8333333333333335
1400.125,Transplant,0.6487381135448239,Q4,Liver,PM2.5,79992,217244,9.925577521324156,37.72952562685071,Q4 (9.9-37.7 ug/m3),3.8333333333333335
1430.5625,Death/delisted too sick,0.21397767112676191,Q4,Liver,PM2.5,79992,217244,9.925577521324156,37.72952562685071,Q4 (9.9-37.7 ug/m3),3.9166666666666665
1430.5625,Transplant,0.6495564132393938,Q4,Liver,PM2.5,79992,217244,9.925577521324156,37.72952562685071,Q4 (9.9-37.7 ug/m3),3.9166666666666665
1461,Death/delisted too sick,0.2150592185969759,Q4,Liver,PM2.5,79992,217244,9.925577521324156,37.72952562685071,Q4 (9.9-37.7 ug/m3),4
1461,Transplant,0.6506478695077719,Q4,Liver,PM2.5,79992,217244,9.925577521324156,37.72952562685071,Q4 (9.9-37.7 ug/m3),4
1491.4375,Death/delisted too sick,0.21661809828285866,Q4,Liver,PM2.5,79992,217244,9.925577521324156,37.72952562685071,Q4 (9.9-37.7 ug/m3),4.083333333333333
1491.4375,Transplant,0.652383983519292,Q4,Liver,PM2.5,79992,217244,9.925577521324156,37.72952562685071,Q4 (9.9-37.7 ug/m3),4.083333333333333
1521.875,Death/delisted too sick,0.21751430735385424,Q4,Liver,PM2.5,79992,217244,9.925577521324156,37.72952562685071,Q4 (9.9-37.7 ug/m3),4.166666666666667
1521.875,Transplant,0.6532684611565848,Q4,Liver,PM2.5,79992,217244,9.925577521324156,37.72952562685071,Q4 (9.9-37.7 ug/m3),4.166666666666667
1552.3125,Death/delisted too sick,0.21851439400225997,Q4,Liver,PM2.5,79992,217244,9.925577521324156,37.72952562685071,Q4 (9.9-37.7 ug/m3),4.25
1552.3125,Transplant,0.6543889709462123,Q4,Liver,PM2.5,79992,217244,9.925577521324156,37.72952562685071,Q4 (9.9-37.7 ug/m3),4.25
1582.75,Death/delisted too sick,0.21967715465899337,Q4,Liver,PM2.5,79992,217244,9.925577521324156,37.72952562685071,Q4 (9.9-37.7 ug/m3),4.333333333333333
1582.75,Transplant,0.6554079288398338,Q4,Liver,PM2.5,79992,217244,9.925577521324156,37.72952562685071,Q4 (9.9-37.7 ug/m3),4.333333333333333
1613.1875,Death/delisted too sick,0.22060884681282075,Q4,Liver,PM2.5,79992,217244,9.925577521324156,37.72952562685071,Q4 (9.9-37.7 ug/m3),4.416666666666667
1613.1875,Transplant,0.6560491718468844,Q4,Liver,PM2.5,79992,217244,9.925577521324156,37.72952562685071,Q4 (9.9-37.7 ug/m3),4.416666666666667
1643.625,Death/delisted too sick,0.2219357449366142,Q4,Liver,PM2.5,79992,217244,9.925577521324156,37.72952562685071,Q4 (9.9-37.7 ug/m3),4.5
1643.625,Transplant,0.6567074659005014,Q4,Liver,PM2.5,79992,217244,9.925577521324156,37.72952562685071,Q4 (9.9-37.7 ug/m3),4.5
1674.0625,Death/delisted too sick,0.222794243885102,Q4,Liver,PM2.5,79992,217244,9.925577521324156,37.72952562685071,Q4 (9.9-37.7 ug/m3),4.583333333333333
1674.0625,Transplant,0.6578872705238142,Q4,Liver,PM2.5,79992,217244,9.925577521324156,37.72952562685071,Q4 (9.9-37.7 ug/m3),4.583333333333333
1704.5,Death/delisted too sick,0.2240348517509281,Q4,Liver,PM2.5,79992,217244,9.925577521324156,37.72952562685071,Q4 (9.9-37.7 ug/m3),4.666666666666667
1704.5,Transplant,0.6589352148150742,Q4,Liver,PM2.5,79992,217244,9.925577521324156,37.72952562685071,Q4 (9.9-37.7 ug/m3),4.666666666666667
1734.9375,Death/delisted too sick,0.22456075840128342,Q4,Liver,PM2.5,79992,217244,9.925577521324156,37.72952562685071,Q4 (9.9-37.7 ug/m3),4.75
1734.9375,Transplant,0.6599923955413627,Q4,Liver,PM2.5,79992,217244,9.925577521324156,37.72952562685071,Q4 (9.9-37.7 ug/m3),4.75
1765.375,Death/delisted too sick,0.22537230836081948,Q4,Liver,PM2.5,79992,217244,9.925577521324156,37.72952562685071,Q4 (9.9-37.7 ug/m3),4.833333333333333
1765.375,Transplant,0.6605731175841834,Q4,Liver,PM2.5,79992,217244,9.925577521324156,37.72952562685071,Q4 (9.9-37.7 ug/m3),4.833333333333333
1795.8125,Death/delisted too sick,0.22662571094558853,Q4,Liver,PM2.5,79992,217244,9.925577521324156,37.72952562685071,Q4 (9.9-37.7 ug/m3),4.916666666666667
1795.8125,Transplant,0.6614410582398542,Q4,Liver,PM2.5,79992,217244,9.925577521324156,37.72952562685071,Q4 (9.9-37.7 ug/m3),4.916666666666667
1826.25,Death/delisted too sick,0.22757526095232933,Q4,Liver,PM2.5,79992,217244,9.925577521324156,37.72952562685071,Q4 (9.9-37.7 ug/m3),5
1826.25,Transplant,0.662063708339688,Q4,Liver,PM2.5,79992,217244,9.925577521324156,37.72952562685071,Q4 (9.9-37.7 ug/m3),5
0,Death/delisted too sick,0,Q1,Lung,PM2.5,46614,46614,2.8250881745723935,6.970600318081374,Q1 (2.8-7 ug/m3),0
0,Transplant,0,Q1,Lung,PM2.5,46614,46614,2.8250881745723935,6.970600318081374,Q1 (2.8-7 ug/m3),0
30.4375,Death/delisted too sick,0.04189541666706575,Q1,Lung,PM2.5,46614,46614,2.8250881745723935,6.970600318081374,Q1 (2.8-7 ug/m3),0.08333333333333333
30.4375,Transplant,0.30424746835035626,Q1,Lung,PM2.5,46614,46614,2.8250881745723935,6.970600318081374,Q1 (2.8-7 ug/m3),0.08333333333333333
60.875,Death/delisted too sick,0.05963186466160321,Q1,Lung,PM2.5,46614,46614,2.8250881745723935,6.970600318081374,Q1 (2.8-7 ug/m3),0.16666666666666666
60.875,Transplant,0.4304714561754427,Q1,Lung,PM2.5,46614,46614,2.8250881745723935,6.970600318081374,Q1 (2.8-7 ug/m3),0.16666666666666666
91.3125,Death/delisted too sick,0.06618767231141803,Q1,Lung,PM2.5,46614,46614,2.8250881745723935,6.970600318081374,Q1 (2.8-7 ug/m3),0.25
91.3125,Transplant,0.5051585354312788,Q1,Lung,PM2.5,46614,46614,2.8250881745723935,6.970600318081374,Q1 (2.8-7 ug/m3),0.25
121.75,Death/delisted too sick,0.07485565341476262,Q1,Lung,PM2.5,46614,46614,2.8250881745723935,6.970600318081374,Q1 (2.8-7 ug/m3),0.3333333333333333
121.75,Transplant,0.551359832116319,Q1,Lung,PM2.5,46614,46614,2.8250881745723935,6.970600318081374,Q1 (2.8-7 ug/m3),0.3333333333333333
152.1875,Death/delisted too sick,0.08155755812671639,Q1,Lung,PM2.5,46614,46614,2.8250881745723935,6.970600318081374,Q1 (2.8-7 ug/m3),0.4166666666666667
152.1875,Transplant,0.5899664088407428,Q1,Lung,PM2.5,46614,46614,2.8250881745723935,6.970600318081374,Q1 (2.8-7 ug/m3),0.4166666666666667
182.625,Death/delisted too sick,0.08564769090196296,Q1,Lung,PM2.5,46614,46614,2.8250881745723935,6.970600318081374,Q1 (2.8-7 ug/m3),0.5
182.625,Transplant,0.6202929526608708,Q1,Lung,PM2.5,46614,46614,2.8250881745723935,6.970600318081374,Q1 (2.8-7 ug/m3),0.5
213.0625,Death/delisted too sick,0.0919736260270878,Q1,Lung,PM2.5,46614,46614,2.8250881745723935,6.970600318081374,Q1 (2.8-7 ug/m3),0.5833333333333334
213.0625,Transplant,0.647652454886829,Q1,Lung,PM2.5,46614,46614,2.8250881745723935,6.970600318081374,Q1 (2.8-7 ug/m3),0.5833333333333334
243.5,Death/delisted too sick,0.09619279421936382,Q1,Lung,PM2.5,46614,46614,2.8250881745723935,6.970600318081374,Q1 (2.8-7 ug/m3),0.6666666666666666
243.5,Transplant,0.6686329364214548,Q1,Lung,PM2.5,46614,46614,2.8250881745723935,6.970600318081374,Q1 (2.8-7 ug/m3),0.6666666666666666
273.9375,Death/delisted too sick,0.09853812312690315,Q1,Lung,PM2.5,46614,46614,2.8250881745723935,6.970600318081374,Q1 (2.8-7 ug/m3),0.75
273.9375,Transplant,0.6871597037295761,Q1,Lung,PM2.5,46614,46614,2.8250881745723935,6.970600318081374,Q1 (2.8-7 ug/m3),0.75
304.375,Death/delisted too sick,0.09978846377322254,Q1,Lung,PM2.5,46614,46614,2.8250881745723935,6.970600318081374,Q1 (2.8-7 ug/m3),0.8333333333333334
304.375,Transplant,0.7082241064493251,Q1,Lung,PM2.5,46614,46614,2.8250881745723935,6.970600318081374,Q1 (2.8-7 ug/m3),0.8333333333333334
334.8125,Death/delisted too sick,0.10387263198191105,Q1,Lung,PM2.5,46614,46614,2.8250881745723935,6.970600318081374,Q1 (2.8-7 ug/m3),0.9166666666666666
334.8125,Transplant,0.7220539106284533,Q1,Lung,PM2.5,46614,46614,2.8250881745723935,6.970600318081374,Q1 (2.8-7 ug/m3),0.9166666666666666
365.25,Death/delisted too sick,0.10539867661305323,Q1,Lung,PM2.5,46614,46614,2.8250881745723935,6.970600318081374,Q1 (2.8-7 ug/m3),1
365.25,Transplant,0.7344362305437008,Q1,Lung,PM2.5,46614,46614,2.8250881745723935,6.970600318081374,Q1 (2.8-7 ug/m3),1
395.6875,Death/delisted too sick,0.10786070714071118,Q1,Lung,PM2.5,46614,46614,2.8250881745723935,6.970600318081374,Q1 (2.8-7 ug/m3),1.0833333333333333
395.6875,Transplant,0.7448891267040718,Q1,Lung,PM2.5,46614,46614,2.8250881745723935,6.970600318081374,Q1 (2.8-7 ug/m3),1.0833333333333333
426.125,Death/delisted too sick,0.10887108465360087,Q1,Lung,PM2.5,46614,46614,2.8250881745723935,6.970600318081374,Q1 (2.8-7 ug/m3),1.1666666666666667
426.125,Transplant,0.7514385055833411,Q1,Lung,PM2.5,46614,46614,2.8250881745723935,6.970600318081374,Q1 (2.8-7 ug/m3),1.1666666666666667
456.5625,Death/delisted too sick,0.109985024506555,Q1,Lung,PM2.5,46614,46614,2.8250881745723935,6.970600318081374,Q1 (2.8-7 ug/m3),1.25
456.5625,Transplant,0.761560251474004,Q1,Lung,PM2.5,46614,46614,2.8250881745723935,6.970600318081374,Q1 (2.8-7 ug/m3),1.25
487,Death/delisted too sick,0.1107678310977979,Q1,Lung,PM2.5,46614,46614,2.8250881745723935,6.970600318081374,Q1 (2.8-7 ug/m3),1.3333333333333333
487,Transplant,0.7656900700184268,Q1,Lung,PM2.5,46614,46614,2.8250881745723935,6.970600318081374,Q1 (2.8-7 ug/m3),1.3333333333333333
517.4375,Death/delisted too sick,0.11227969882897565,Q1,Lung,PM2.5,46614,46614,2.8250881745723935,6.970600318081374,Q1 (2.8-7 ug/m3),1.4166666666666667
517.4375,Transplant,0.7702582861100868,Q1,Lung,PM2.5,46614,46614,2.8250881745723935,6.970600318081374,Q1 (2.8-7 ug/m3),1.4166666666666667
547.875,Death/delisted too sick,0.11254423353507656,Q1,Lung,PM2.5,46614,46614,2.8250881745723935,6.970600318081374,Q1 (2.8-7 ug/m3),1.5
547.875,Transplant,0.7752755062717245,Q1,Lung,PM2.5,46614,46614,2.8250881745723935,6.970600318081374,Q1 (2.8-7 ug/m3),1.5
578.3125,Death/delisted too sick,0.11435245407884613,Q1,Lung,PM2.5,46614,46614,2.8250881745723935,6.970600318081374,Q1 (2.8-7 ug/m3),1.5833333333333333
578.3125,Transplant,0.7804966199492469,Q1,Lung,PM2.5,46614,46614,2.8250881745723935,6.970600318081374,Q1 (2.8-7 ug/m3),1.5833333333333333
608.75,Death/delisted too sick,0.11481242518696134,Q1,Lung,PM2.5,46614,46614,2.8250881745723935,6.970600318081374,Q1 (2.8-7 ug/m3),1.6666666666666667
608.75,Transplant,0.7834907084298192,Q1,Lung,PM2.5,46614,46614,2.8250881745723935,6.970600318081374,Q1 (2.8-7 ug/m3),1.6666666666666667
639.1875,Death/delisted too sick,0.11633108389924143,Q1,Lung,PM2.5,46614,46614,2.8250881745723935,6.970600318081374,Q1 (2.8-7 ug/m3),1.75
639.1875,Transplant,0.787261106979831,Q1,Lung,PM2.5,46614,46614,2.8250881745723935,6.970600318081374,Q1 (2.8-7 ug/m3),1.75
669.625,Death/delisted too sick,0.11693964813729013,Q1,Lung,PM2.5,46614,46614,2.8250881745723935,6.970600318081374,Q1 (2.8-7 ug/m3),1.8333333333333333
669.625,Transplant,0.7933026405096258,Q1,Lung,PM2.5,46614,46614,2.8250881745723935,6.970600318081374,Q1 (2.8-7 ug/m3),1.8333333333333333
700.0625,Death/delisted too sick,0.11825265205322612,Q1,Lung,PM2.5,46614,46614,2.8250881745723935,6.970600318081374,Q1 (2.8-7 ug/m3),1.9166666666666667
700.0625,Transplant,0.7955059366424295,Q1,Lung,PM2.5,46614,46614,2.8250881745723935,6.970600318081374,Q1 (2.8-7 ug/m3),1.9166666666666667
730.5,Death/delisted too sick,0.11956824717404688,Q1,Lung,PM2.5,46614,46614,2.8250881745723935,6.970600318081374,Q1 (2.8-7 ug/m3),2
730.5,Transplant,0.7988233974147882,Q1,Lung,PM2.5,46614,46614,2.8250881745723935,6.970600318081374,Q1 (2.8-7 ug/m3),2
760.9375,Death/delisted too sick,0.1205985597785514,Q1,Lung,PM2.5,46614,46614,2.8250881745723935,6.970600318081374,Q1 (2.8-7 ug/m3),2.0833333333333335
760.9375,Transplant,0.8013442811095851,Q1,Lung,PM2.5,46614,46614,2.8250881745723935,6.970600318081374,Q1 (2.8-7 ug/m3),2.0833333333333335
791.375,Death/delisted too sick,0.12097003107741881,Q1,Lung,PM2.5,46614,46614,2.8250881745723935,6.970600318081374,Q1 (2.8-7 ug/m3),2.1666666666666665
791.375,Transplant,0.803912737936551,Q1,Lung,PM2.5,46614,46614,2.8250881745723935,6.970600318081374,Q1 (2.8-7 ug/m3),2.1666666666666665
821.8125,Death/delisted too sick,0.1228541367293386,Q1,Lung,PM2.5,46614,46614,2.8250881745723935,6.970600318081374,Q1 (2.8-7 ug/m3),2.25
821.8125,Transplant,0.8067302086236081,Q1,Lung,PM2.5,46614,46614,2.8250881745723935,6.970600318081374,Q1 (2.8-7 ug/m3),2.25
852.25,Death/delisted too sick,0.12362611645593032,Q1,Lung,PM2.5,46614,46614,2.8250881745723935,6.970600318081374,Q1 (2.8-7 ug/m3),2.3333333333333335
852.25,Transplant,0.8080131342850462,Q1,Lung,PM2.5,46614,46614,2.8250881745723935,6.970600318081374,Q1 (2.8-7 ug/m3),2.3333333333333335
882.6875,Death/delisted too sick,0.12382482607488518,Q1,Lung,PM2.5,46614,46614,2.8250881745723935,6.970600318081374,Q1 (2.8-7 ug/m3),2.4166666666666665
882.6875,Transplant,0.8112108794072754,Q1,Lung,PM2.5,46614,46614,2.8250881745723935,6.970600318081374,Q1 (2.8-7 ug/m3),2.4166666666666665
913.125,Death/delisted too sick,0.12413907847194713,Q1,Lung,PM2.5,46614,46614,2.8250881745723935,6.970600318081374,Q1 (2.8-7 ug/m3),2.5
913.125,Transplant,0.8145573026492429,Q1,Lung,PM2.5,46614,46614,2.8250881745723935,6.970600318081374,Q1 (2.8-7 ug/m3),2.5
943.5625,Death/delisted too sick,0.12428968513369386,Q1,Lung,PM2.5,46614,46614,2.8250881745723935,6.970600318081374,Q1 (2.8-7 ug/m3),2.5833333333333335
943.5625,Transplant,0.8164589227558875,Q1,Lung,PM2.5,46614,46614,2.8250881745723935,6.970600318081374,Q1 (2.8-7 ug/m3),2.5833333333333335
974,Death/delisted too sick,0.1253804078606096,Q1,Lung,PM2.5,46614,46614,2.8250881745723935,6.970600318081374,Q1 (2.8-7 ug/m3),2.6666666666666665
974,Transplant,0.8198081743431469,Q1,Lung,PM2.5,46614,46614,2.8250881745723935,6.970600318081374,Q1 (2.8-7 ug/m3),2.6666666666666665
1004.4375,Death/delisted too sick,0.1264580043680845,Q1,Lung,PM2.5,46614,46614,2.8250881745723935,6.970600318081374,Q1 (2.8-7 ug/m3),2.75
1004.4375,Transplant,0.8224498578596119,Q1,Lung,PM2.5,46614,46614,2.8250881745723935,6.970600318081374,Q1 (2.8-7 ug/m3),2.75
1034.875,Death/delisted too sick,0.12655474948889034,Q1,Lung,PM2.5,46614,46614,2.8250881745723935,6.970600318081374,Q1 (2.8-7 ug/m3),2.8333333333333335
1034.875,Transplant,0.823976858676047,Q1,Lung,PM2.5,46614,46614,2.8250881745723935,6.970600318081374,Q1 (2.8-7 ug/m3),2.8333333333333335
1065.3125,Death/delisted too sick,0.12655474948889034,Q1,Lung,PM2.5,46614,46614,2.8250881745723935,6.970600318081374,Q1 (2.8-7 ug/m3),2.9166666666666665
1065.3125,Transplant,0.8247133589882896,Q1,Lung,PM2.5,46614,46614,2.8250881745723935,6.970600318081374,Q1 (2.8-7 ug/m3),2.9166666666666665
1095.75,Death/delisted too sick,0.12655474948889034,Q1,Lung,PM2.5,46614,46614,2.8250881745723935,6.970600318081374,Q1 (2.8-7 ug/m3),3
1095.75,Transplant,0.8259606316353588,Q1,Lung,PM2.5,46614,46614,2.8250881745723935,6.970600318081374,Q1 (2.8-7 ug/m3),3
1126.1875,Death/delisted too sick,0.12779344194297568,Q1,Lung,PM2.5,46614,46614,2.8250881745723935,6.970600318081374,Q1 (2.8-7 ug/m3),3.0833333333333335
1126.1875,Transplant,0.8287727405659004,Q1,Lung,PM2.5,46614,46614,2.8250881745723935,6.970600318081374,Q1 (2.8-7 ug/m3),3.0833333333333335
1156.625,Death/delisted too sick,0.12874489487176224,Q1,Lung,PM2.5,46614,46614,2.8250881745723935,6.970600318081374,Q1 (2.8-7 ug/m3),3.1666666666666665
1156.625,Transplant,0.829558543192288,Q1,Lung,PM2.5,46614,46614,2.8250881745723935,6.970600318081374,Q1 (2.8-7 ug/m3),3.1666666666666665
1187.0625,Death/delisted too sick,0.12917423010153364,Q1,Lung,PM2.5,46614,46614,2.8250881745723935,6.970600318081374,Q1 (2.8-7 ug/m3),3.25
1187.0625,Transplant,0.8303604443810157,Q1,Lung,PM2.5,46614,46614,2.8250881745723935,6.970600318081374,Q1 (2.8-7 ug/m3),3.25
1217.5,Death/delisted too sick,0.1293572533492523,Q1,Lung,PM2.5,46614,46614,2.8250881745723935,6.970600318081374,Q1 (2.8-7 ug/m3),3.3333333333333335
1217.5,Transplant,0.831651877290369,Q1,Lung,PM2.5,46614,46614,2.8250881745723935,6.970600318081374,Q1 (2.8-7 ug/m3),3.3333333333333335
1247.9375,Death/delisted too sick,0.1293572533492523,Q1,Lung,PM2.5,46614,46614,2.8250881745723935,6.970600318081374,Q1 (2.8-7 ug/m3),3.4166666666666665
1247.9375,Transplant,0.832875024250951,Q1,Lung,PM2.5,46614,46614,2.8250881745723935,6.970600318081374,Q1 (2.8-7 ug/m3),3.4166666666666665
1278.375,Death/delisted too sick,0.12955586338078703,Q1,Lung,PM2.5,46614,46614,2.8250881745723935,6.970600318081374,Q1 (2.8-7 ug/m3),3.5
1278.375,Transplant,0.8337632968364448,Q1,Lung,PM2.5,46614,46614,2.8250881745723935,6.970600318081374,Q1 (2.8-7 ug/m3),3.5
1308.8125,Death/delisted too sick,0.12980858394587205,Q1,Lung,PM2.5,46614,46614,2.8250881745723935,6.970600318081374,Q1 (2.8-7 ug/m3),3.5833333333333335
1308.8125,Transplant,0.8353452970398647,Q1,Lung,PM2.5,46614,46614,2.8250881745723935,6.970600318081374,Q1 (2.8-7 ug/m3),3.5833333333333335
1339.25,Death/delisted too sick,0.1309220098529436,Q1,Lung,PM2.5,46614,46614,2.8250881745723935,6.970600318081374,Q1 (2.8-7 ug/m3),3.6666666666666665
1339.25,Transplant,0.836557063043502,Q1,Lung,PM2.5,46614,46614,2.8250881745723935,6.970600318081374,Q1 (2.8-7 ug/m3),3.6666666666666665
1369.6875,Death/delisted too sick,0.1309220098529436,Q1,Lung,PM2.5,46614,46614,2.8250881745723935,6.970600318081374,Q1 (2.8-7 ug/m3),3.75
1369.6875,Transplant,0.8370716364577916,Q1,Lung,PM2.5,46614,46614,2.8250881745723935,6.970600318081374,Q1 (2.8-7 ug/m3),3.75
1400.125,Death/delisted too sick,0.1312886719277303,Q1,Lung,PM2.5,46614,46614,2.8250881745723935,6.970600318081374,Q1 (2.8-7 ug/m3),3.8333333333333335
1400.125,Transplant,0.8380568958751434,Q1,Lung,PM2.5,46614,46614,2.8250881745723935,6.970600318081374,Q1 (2.8-7 ug/m3),3.8333333333333335
1430.5625,Death/delisted too sick,0.13138628301096142,Q1,Lung,PM2.5,46614,46614,2.8250881745723935,6.970600318081374,Q1 (2.8-7 ug/m3),3.9166666666666665
1430.5625,Transplant,0.8387079810274667,Q1,Lung,PM2.5,46614,46614,2.8250881745723935,6.970600318081374,Q1 (2.8-7 ug/m3),3.9166666666666665
1461,Death/delisted too sick,0.13205870511503928,Q1,Lung,PM2.5,46614,46614,2.8250881745723935,6.970600318081374,Q1 (2.8-7 ug/m3),4
1461,Transplant,0.8389077008340324,Q1,Lung,PM2.5,46614,46614,2.8250881745723935,6.970600318081374,Q1 (2.8-7 ug/m3),4
1491.4375,Death/delisted too sick,0.13261677232326835,Q1,Lung,PM2.5,46614,46614,2.8250881745723935,6.970600318081374,Q1 (2.8-7 ug/m3),4.083333333333333
1491.4375,Transplant,0.8389785340864159,Q1,Lung,PM2.5,46614,46614,2.8250881745723935,6.970600318081374,Q1 (2.8-7 ug/m3),4.083333333333333
1521.875,Death/delisted too sick,0.13261677232326835,Q1,Lung,PM2.5,46614,46614,2.8250881745723935,6.970600318081374,Q1 (2.8-7 ug/m3),4.166666666666667
1521.875,Transplant,0.839076165306619,Q1,Lung,PM2.5,46614,46614,2.8250881745723935,6.970600318081374,Q1 (2.8-7 ug/m3),4.166666666666667
1552.3125,Death/delisted too sick,0.13349219766849507,Q1,Lung,PM2.5,46614,46614,2.8250881745723935,6.970600318081374,Q1 (2.8-7 ug/m3),4.25
1552.3125,Transplant,0.8393937710064194,Q1,Lung,PM2.5,46614,46614,2.8250881745723935,6.970600318081374,Q1 (2.8-7 ug/m3),4.25
1582.75,Death/delisted too sick,0.13349219766849507,Q1,Lung,PM2.5,46614,46614,2.8250881745723935,6.970600318081374,Q1 (2.8-7 ug/m3),4.333333333333333
1582.75,Transplant,0.8404549746924894,Q1,Lung,PM2.5,46614,46614,2.8250881745723935,6.970600318081374,Q1 (2.8-7 ug/m3),4.333333333333333
1613.1875,Death/delisted too sick,0.13390595561281038,Q1,Lung,PM2.5,46614,46614,2.8250881745723935,6.970600318081374,Q1 (2.8-7 ug/m3),4.416666666666667
1613.1875,Transplant,0.8406160600520446,Q1,Lung,PM2.5,46614,46614,2.8250881745723935,6.970600318081374,Q1 (2.8-7 ug/m3),4.416666666666667
1643.625,Death/delisted too sick,0.13390595561281038,Q1,Lung,PM2.5,46614,46614,2.8250881745723935,6.970600318081374,Q1 (2.8-7 ug/m3),4.5
1643.625,Transplant,0.8413701375740922,Q1,Lung,PM2.5,46614,46614,2.8250881745723935,6.970600318081374,Q1 (2.8-7 ug/m3),4.5
1674.0625,Death/delisted too sick,0.13399480663693875,Q1,Lung,PM2.5,46614,46614,2.8250881745723935,6.970600318081374,Q1 (2.8-7 ug/m3),4.583333333333333
1674.0625,Transplant,0.8423513009796296,Q1,Lung,PM2.5,46614,46614,2.8250881745723935,6.970600318081374,Q1 (2.8-7 ug/m3),4.583333333333333
1704.5,Death/delisted too sick,0.13515761110227184,Q1,Lung,PM2.5,46614,46614,2.8250881745723935,6.970600318081374,Q1 (2.8-7 ug/m3),4.666666666666667
1704.5,Transplant,0.8432181444877435,Q1,Lung,PM2.5,46614,46614,2.8250881745723935,6.970600318081374,Q1 (2.8-7 ug/m3),4.666666666666667
1734.9375,Death/delisted too sick,0.13515761110227184,Q1,Lung,PM2.5,46614,46614,2.8250881745723935,6.970600318081374,Q1 (2.8-7 ug/m3),4.75
1734.9375,Transplant,0.8435133696386272,Q1,Lung,PM2.5,46614,46614,2.8250881745723935,6.970600318081374,Q1 (2.8-7 ug/m3),4.75
1765.375,Death/delisted too sick,0.13515761110227184,Q1,Lung,PM2.5,46614,46614,2.8250881745723935,6.970600318081374,Q1 (2.8-7 ug/m3),4.833333333333333
1765.375,Transplant,0.8437407720578345,Q1,Lung,PM2.5,46614,46614,2.8250881745723935,6.970600318081374,Q1 (2.8-7 ug/m3),4.833333333333333
1795.8125,Death/delisted too sick,0.13515761110227184,Q1,Lung,PM2.5,46614,46614,2.8250881745723935,6.970600318081374,Q1 (2.8-7 ug/m3),4.916666666666667
1795.8125,Transplant,0.8437407720578345,Q1,Lung,PM2.5,46614,46614,2.8250881745723935,6.970600318081374,Q1 (2.8-7 ug/m3),4.916666666666667
1826.25,Death/delisted too sick,0.1352659972626135,Q1,Lung,PM2.5,46614,46614,2.8250881745723935,6.970600318081374,Q1 (2.8-7 ug/m3),5
1826.25,Transplant,0.8437407720578345,Q1,Lung,PM2.5,46614,46614,2.8250881745723935,6.970600318081374,Q1 (2.8-7 ug/m3),5
0,Death/delisted too sick,0,Q2,Lung,PM2.5,46614,46614,6.970760820434406,8.136853721406725,Q2 (7-8.1 ug/m3),0
0,Transplant,0,Q2,Lung,PM2.5,46614,46614,6.970760820434406,8.136853721406725,Q2 (7-8.1 ug/m3),0
30.4375,Death/delisted too sick,0.04148964396957435,Q2,Lung,PM2.5,46614,46614,6.970760820434406,8.136853721406725,Q2 (7-8.1 ug/m3),0.08333333333333333
30.4375,Transplant,0.32134135690289356,Q2,Lung,PM2.5,46614,46614,6.970760820434406,8.136853721406725,Q2 (7-8.1 ug/m3),0.08333333333333333
60.875,Death/delisted too sick,0.05623557491743046,Q2,Lung,PM2.5,46614,46614,6.970760820434406,8.136853721406725,Q2 (7-8.1 ug/m3),0.16666666666666666
60.875,Transplant,0.4428360154621285,Q2,Lung,PM2.5,46614,46614,6.970760820434406,8.136853721406725,Q2 (7-8.1 ug/m3),0.16666666666666666
91.3125,Death/delisted too sick,0.06437629166714362,Q2,Lung,PM2.5,46614,46614,6.970760820434406,8.136853721406725,Q2 (7-8.1 ug/m3),0.25
91.3125,Transplant,0.5247575970504307,Q2,Lung,PM2.5,46614,46614,6.970760820434406,8.136853721406725,Q2 (7-8.1 ug/m3),0.25
121.75,Death/delisted too sick,0.07355505416606457,Q2,Lung,PM2.5,46614,46614,6.970760820434406,8.136853721406725,Q2 (7-8.1 ug/m3),0.3333333333333333
121.75,Transplant,0.5750847099789559,Q2,Lung,PM2.5,46614,46614,6.970760820434406,8.136853721406725,Q2 (7-8.1 ug/m3),0.3333333333333333
152.1875,Death/delisted too sick,0.07852003001809799,Q2,Lung,PM2.5,46614,46614,6.970760820434406,8.136853721406725,Q2 (7-8.1 ug/m3),0.4166666666666667
152.1875,Transplant,0.6118624639488693,Q2,Lung,PM2.5,46614,46614,6.970760820434406,8.136853721406725,Q2 (7-8.1 ug/m3),0.4166666666666667
182.625,Death/delisted too sick,0.08145037372297563,Q2,Lung,PM2.5,46614,46614,6.970760820434406,8.136853721406725,Q2 (7-8.1 ug/m3),0.5
182.625,Transplant,0.640376530555408,Q2,Lung,PM2.5,46614,46614,6.970760820434406,8.136853721406725,Q2 (7-8.1 ug/m3),0.5
213.0625,Death/delisted too sick,0.08581866059987137,Q2,Lung,PM2.5,46614,46614,6.970760820434406,8.136853721406725,Q2 (7-8.1 ug/m3),0.5833333333333334
213.0625,Transplant,0.6649856309579711,Q2,Lung,PM2.5,46614,46614,6.970760820434406,8.136853721406725,Q2 (7-8.1 ug/m3),0.5833333333333334
243.5,Death/delisted too sick,0.08820551460047979,Q2,Lung,PM2.5,46614,46614,6.970760820434406,8.136853721406725,Q2 (7-8.1 ug/m3),0.6666666666666666
243.5,Transplant,0.685062356579401,Q2,Lung,PM2.5,46614,46614,6.970760820434406,8.136853721406725,Q2 (7-8.1 ug/m3),0.6666666666666666
273.9375,Death/delisted too sick,0.09076840422883489,Q2,Lung,PM2.5,46614,46614,6.970760820434406,8.136853721406725,Q2 (7-8.1 ug/m3),0.75
273.9375,Transplant,0.7017093326470357,Q2,Lung,PM2.5,46614,46614,6.970760820434406,8.136853721406725,Q2 (7-8.1 ug/m3),0.75
304.375,Death/delisted too sick,0.09424338036446014,Q2,Lung,PM2.5,46614,46614,6.970760820434406,8.136853721406725,Q2 (7-8.1 ug/m3),0.8333333333333334
304.375,Transplant,0.7166228143769603,Q2,Lung,PM2.5,46614,46614,6.970760820434406,8.136853721406725,Q2 (7-8.1 ug/m3),0.8333333333333334
334.8125,Death/delisted too sick,0.09685641611046013,Q2,Lung,PM2.5,46614,46614,6.970760820434406,8.136853721406725,Q2 (7-8.1 ug/m3),0.9166666666666666
334.8125,Transplant,0.7285922013872342,Q2,Lung,PM2.5,46614,46614,6.970760820434406,8.136853721406725,Q2 (7-8.1 ug/m3),0.9166666666666666
365.25,Death/delisted too sick,0.0987727680809247,Q2,Lung,PM2.5,46614,46614,6.970760820434406,8.136853721406725,Q2 (7-8.1 ug/m3),1
365.25,Transplant,0.7381220761671288,Q2,Lung,PM2.5,46614,46614,6.970760820434406,8.136853721406725,Q2 (7-8.1 ug/m3),1
395.6875,Death/delisted too sick,0.1015162004751449,Q2,Lung,PM2.5,46614,46614,6.970760820434406,8.136853721406725,Q2 (7-8.1 ug/m3),1.0833333333333333
395.6875,Transplant,0.7478735173208495,Q2,Lung,PM2.5,46614,46614,6.970760820434406,8.136853721406725,Q2 (7-8.1 ug/m3),1.0833333333333333
426.125,Death/delisted too sick,0.10304456783591265,Q2,Lung,PM2.5,46614,46614,6.970760820434406,8.136853721406725,Q2 (7-8.1 ug/m3),1.1666666666666667
426.125,Transplant,0.7550774275807368,Q2,Lung,PM2.5,46614,46614,6.970760820434406,8.136853721406725,Q2 (7-8.1 ug/m3),1.1666666666666667
456.5625,Death/delisted too sick,0.10445467623134273,Q2,Lung,PM2.5,46614,46614,6.970760820434406,8.136853721406725,Q2 (7-8.1 ug/m3),1.25
456.5625,Transplant,0.762201011591742,Q2,Lung,PM2.5,46614,46614,6.970760820434406,8.136853721406725,Q2 (7-8.1 ug/m3),1.25
487,Death/delisted too sick,0.10586820572348445,Q2,Lung,PM2.5,46614,46614,6.970760820434406,8.136853721406725,Q2 (7-8.1 ug/m3),1.3333333333333333
487,Transplant,0.7691707488037415,Q2,Lung,PM2.5,46614,46614,6.970760820434406,8.136853721406725,Q2 (7-8.1 ug/m3),1.3333333333333333
517.4375,Death/delisted too sick,0.10835447781569629,Q2,Lung,PM2.5,46614,46614,6.970760820434406,8.136853721406725,Q2 (7-8.1 ug/m3),1.4166666666666667
517.4375,Transplant,0.7744648899441173,Q2,Lung,PM2.5,46614,46614,6.970760820434406,8.136853721406725,Q2 (7-8.1 ug/m3),1.4166666666666667
547.875,Death/delisted too sick,0.109241526214155,Q2,Lung,PM2.5,46614,46614,6.970760820434406,8.136853721406725,Q2 (7-8.1 ug/m3),1.5
547.875,Transplant,0.7801371030208858,Q2,Lung,PM2.5,46614,46614,6.970760820434406,8.136853721406725,Q2 (7-8.1 ug/m3),1.5
578.3125,Death/delisted too sick,0.10997297774683075,Q2,Lung,PM2.5,46614,46614,6.970760820434406,8.136853721406725,Q2 (7-8.1 ug/m3),1.5833333333333333
578.3125,Transplant,0.7847226163748953,Q2,Lung,PM2.5,46614,46614,6.970760820434406,8.136853721406725,Q2 (7-8.1 ug/m3),1.5833333333333333
608.75,Death/delisted too sick,0.11316168098561406,Q2,Lung,PM2.5,46614,46614,6.970760820434406,8.136853721406725,Q2 (7-8.1 ug/m3),1.6666666666666667
608.75,Transplant,0.7889823674303333,Q2,Lung,PM2.5,46614,46614,6.970760820434406,8.136853721406725,Q2 (7-8.1 ug/m3),1.6666666666666667
639.1875,Death/delisted too sick,0.11545060220594147,Q2,Lung,PM2.5,46614,46614,6.970760820434406,8.136853721406725,Q2 (7-8.1 ug/m3),1.75
639.1875,Transplant,0.793628301565311,Q2,Lung,PM2.5,46614,46614,6.970760820434406,8.136853721406725,Q2 (7-8.1 ug/m3),1.75
669.625,Death/delisted too sick,0.11610750168774295,Q2,Lung,PM2.5,46614,46614,6.970760820434406,8.136853721406725,Q2 (7-8.1 ug/m3),1.8333333333333333
669.625,Transplant,0.7959980443165958,Q2,Lung,PM2.5,46614,46614,6.970760820434406,8.136853721406725,Q2 (7-8.1 ug/m3),1.8333333333333333
700.0625,Death/delisted too sick,0.1183833438061825,Q2,Lung,PM2.5,46614,46614,6.970760820434406,8.136853721406725,Q2 (7-8.1 ug/m3),1.9166666666666667
700.0625,Transplant,0.7993564513017353,Q2,Lung,PM2.5,46614,46614,6.970760820434406,8.136853721406725,Q2 (7-8.1 ug/m3),1.9166666666666667
730.5,Death/delisted too sick,0.12013134327805639,Q2,Lung,PM2.5,46614,46614,6.970760820434406,8.136853721406725,Q2 (7-8.1 ug/m3),2
730.5,Transplant,0.8055252743496062,Q2,Lung,PM2.5,46614,46614,6.970760820434406,8.136853721406725,Q2 (7-8.1 ug/m3),2
760.9375,Death/delisted too sick,0.12045654115288966,Q2,Lung,PM2.5,46614,46614,6.970760820434406,8.136853721406725,Q2 (7-8.1 ug/m3),2.0833333333333335
760.9375,Transplant,0.8096232730489981,Q2,Lung,PM2.5,46614,46614,6.970760820434406,8.136853721406725,Q2 (7-8.1 ug/m3),2.0833333333333335
791.375,Death/delisted too sick,0.12123271059661213,Q2,Lung,PM2.5,46614,46614,6.970760820434406,8.136853721406725,Q2 (7-8.1 ug/m3),2.1666666666666665
791.375,Transplant,0.8118932137768743,Q2,Lung,PM2.5,46614,46614,6.970760820434406,8.136853721406725,Q2 (7-8.1 ug/m3),2.1666666666666665
821.8125,Death/delisted too sick,0.12237711765326595,Q2,Lung,PM2.5,46614,46614,6.970760820434406,8.136853721406725,Q2 (7-8.1 ug/m3),2.25
821.8125,Transplant,0.8139720117022174,Q2,Lung,PM2.5,46614,46614,6.970760820434406,8.136853721406725,Q2 (7-8.1 ug/m3),2.25
852.25,Death/delisted too sick,0.12258958146877165,Q2,Lung,PM2.5,46614,46614,6.970760820434406,8.136853721406725,Q2 (7-8.1 ug/m3),2.3333333333333335
852.25,Transplant,0.8172133330609064,Q2,Lung,PM2.5,46614,46614,6.970760820434406,8.136853721406725,Q2 (7-8.1 ug/m3),2.3333333333333335
882.6875,Death/delisted too sick,0.12272408409609706,Q2,Lung,PM2.5,46614,46614,6.970760820434406,8.136853721406725,Q2 (7-8.1 ug/m3),2.4166666666666665
882.6875,Transplant,0.8189814359600595,Q2,Lung,PM2.5,46614,46614,6.970760820434406,8.136853721406725,Q2 (7-8.1 ug/m3),2.4166666666666665
913.125,Death/delisted too sick,0.12404671694049393,Q2,Lung,PM2.5,46614,46614,6.970760820434406,8.136853721406725,Q2 (7-8.1 ug/m3),2.5
913.125,Transplant,0.8207582752608242,Q2,Lung,PM2.5,46614,46614,6.970760820434406,8.136853721406725,Q2 (7-8.1 ug/m3),2.5
943.5625,Death/delisted too sick,0.12489392035964958,Q2,Lung,PM2.5,46614,46614,6.970760820434406,8.136853721406725,Q2 (7-8.1 ug/m3),2.5833333333333335
943.5625,Transplant,0.8226632465980719,Q2,Lung,PM2.5,46614,46614,6.970760820434406,8.136853721406725,Q2 (7-8.1 ug/m3),2.5833333333333335
974,Death/delisted too sick,0.1252875503245231,Q2,Lung,PM2.5,46614,46614,6.970760820434406,8.136853721406725,Q2 (7-8.1 ug/m3),2.6666666666666665
974,Transplant,0.8257005979581303,Q2,Lung,PM2.5,46614,46614,6.970760820434406,8.136853721406725,Q2 (7-8.1 ug/m3),2.6666666666666665
1004.4375,Death/delisted too sick,0.12590645449221077,Q2,Lung,PM2.5,46614,46614,6.970760820434406,8.136853721406725,Q2 (7-8.1 ug/m3),2.75
1004.4375,Transplant,0.8264104106655545,Q2,Lung,PM2.5,46614,46614,6.970760820434406,8.136853721406725,Q2 (7-8.1 ug/m3),2.75
1034.875,Death/delisted too sick,0.12590645449221077,Q2,Lung,PM2.5,46614,46614,6.970760820434406,8.136853721406725,Q2 (7-8.1 ug/m3),2.8333333333333335
1034.875,Transplant,0.827456955826517,Q2,Lung,PM2.5,46614,46614,6.970760820434406,8.136853721406725,Q2 (7-8.1 ug/m3),2.8333333333333335
1065.3125,Death/delisted too sick,0.12603315230871862,Q2,Lung,PM2.5,46614,46614,6.970760820434406,8.136853721406725,Q2 (7-8.1 ug/m3),2.9166666666666665
1065.3125,Transplant,0.8286087167999747,Q2,Lung,PM2.5,46614,46614,6.970760820434406,8.136853721406725,Q2 (7-8.1 ug/m3),2.9166666666666665
1095.75,Death/delisted too sick,0.12672262046317456,Q2,Lung,PM2.5,46614,46614,6.970760820434406,8.136853721406725,Q2 (7-8.1 ug/m3),3
1095.75,Transplant,0.8303893081910061,Q2,Lung,PM2.5,46614,46614,6.970760820434406,8.136853721406725,Q2 (7-8.1 ug/m3),3
1126.1875,Death/delisted too sick,0.1271399067998802,Q2,Lung,PM2.5,46614,46614,6.970760820434406,8.136853721406725,Q2 (7-8.1 ug/m3),3.0833333333333335
1126.1875,Transplant,0.8307027450378405,Q2,Lung,PM2.5,46614,46614,6.970760820434406,8.136853721406725,Q2 (7-8.1 ug/m3),3.0833333333333335
1156.625,Death/delisted too sick,0.12757135794602964,Q2,Lung,PM2.5,46614,46614,6.970760820434406,8.136853721406725,Q2 (7-8.1 ug/m3),3.1666666666666665
1156.625,Transplant,0.8328410230400083,Q2,Lung,PM2.5,46614,46614,6.970760820434406,8.136853721406725,Q2 (7-8.1 ug/m3),3.1666666666666665
1187.0625,Death/delisted too sick,0.1276581727916245,Q2,Lung,PM2.5,46614,46614,6.970760820434406,8.136853721406725,Q2 (7-8.1 ug/m3),3.25
1187.0625,Transplant,0.8331564686017598,Q2,Lung,PM2.5,46614,46614,6.970760820434406,8.136853721406725,Q2 (7-8.1 ug/m3),3.25
1217.5,Death/delisted too sick,0.12876177270858422,Q2,Lung,PM2.5,46614,46614,6.970760820434406,8.136853721406725,Q2 (7-8.1 ug/m3),3.3333333333333335
1217.5,Transplant,0.8338111686013535,Q2,Lung,PM2.5,46614,46614,6.970760820434406,8.136853721406725,Q2 (7-8.1 ug/m3),3.3333333333333335
1247.9375,Death/delisted too sick,0.12887260010862964,Q2,Lung,PM2.5,46614,46614,6.970760820434406,8.136853721406725,Q2 (7-8.1 ug/m3),3.4166666666666665
1247.9375,Transplant,0.8341189193873211,Q2,Lung,PM2.5,46614,46614,6.970760820434406,8.136853721406725,Q2 (7-8.1 ug/m3),3.4166666666666665
1278.375,Death/delisted too sick,0.12899608891437786,Q2,Lung,PM2.5,46614,46614,6.970760820434406,8.136853721406725,Q2 (7-8.1 ug/m3),3.5
1278.375,Transplant,0.8344344982574682,Q2,Lung,PM2.5,46614,46614,6.970760820434406,8.136853721406725,Q2 (7-8.1 ug/m3),3.5
1308.8125,Death/delisted too sick,0.12969288985141786,Q2,Lung,PM2.5,46614,46614,6.970760820434406,8.136853721406725,Q2 (7-8.1 ug/m3),3.5833333333333335
1308.8125,Transplant,0.8353558710728026,Q2,Lung,PM2.5,46614,46614,6.970760820434406,8.136853721406725,Q2 (7-8.1 ug/m3),3.5833333333333335
1339.25,Death/delisted too sick,0.12993624825165587,Q2,Lung,PM2.5,46614,46614,6.970760820434406,8.136853721406725,Q2 (7-8.1 ug/m3),3.6666666666666665
1339.25,Transplant,0.8358487559163468,Q2,Lung,PM2.5,46614,46614,6.970760820434406,8.136853721406725,Q2 (7-8.1 ug/m3),3.6666666666666665
1369.6875,Death/delisted too sick,0.13024602689124853,Q2,Lung,PM2.5,46614,46614,6.970760820434406,8.136853721406725,Q2 (7-8.1 ug/m3),3.75
1369.6875,Transplant,0.8362244042714462,Q2,Lung,PM2.5,46614,46614,6.970760820434406,8.136853721406725,Q2 (7-8.1 ug/m3),3.75
1400.125,Death/delisted too sick,0.13024602689124853,Q2,Lung,PM2.5,46614,46614,6.970760820434406,8.136853721406725,Q2 (7-8.1 ug/m3),3.8333333333333335
1400.125,Transplant,0.8366707784041313,Q2,Lung,PM2.5,46614,46614,6.970760820434406,8.136853721406725,Q2 (7-8.1 ug/m3),3.8333333333333335
1430.5625,Death/delisted too sick,0.13024602689124853,Q2,Lung,PM2.5,46614,46614,6.970760820434406,8.136853721406725,Q2 (7-8.1 ug/m3),3.9166666666666665
1430.5625,Transplant,0.8381157411654314,Q2,Lung,PM2.5,46614,46614,6.970760820434406,8.136853721406725,Q2 (7-8.1 ug/m3),3.9166666666666665
1461,Death/delisted too sick,0.13024602689124853,Q2,Lung,PM2.5,46614,46614,6.970760820434406,8.136853721406725,Q2 (7-8.1 ug/m3),4
1461,Transplant,0.8394128987637952,Q2,Lung,PM2.5,46614,46614,6.970760820434406,8.136853721406725,Q2 (7-8.1 ug/m3),4
1491.4375,Death/delisted too sick,0.13024602689124853,Q2,Lung,PM2.5,46614,46614,6.970760820434406,8.136853721406725,Q2 (7-8.1 ug/m3),4.083333333333333
1491.4375,Transplant,0.8394128987637952,Q2,Lung,PM2.5,46614,46614,6.970760820434406,8.136853721406725,Q2 (7-8.1 ug/m3),4.083333333333333
1521.875,Death/delisted too sick,0.13024602689124853,Q2,Lung,PM2.5,46614,46614,6.970760820434406,8.136853721406725,Q2 (7-8.1 ug/m3),4.166666666666667
1521.875,Transplant,0.8402545329175033,Q2,Lung,PM2.5,46614,46614,6.970760820434406,8.136853721406725,Q2 (7-8.1 ug/m3),4.166666666666667
1552.3125,Death/delisted too sick,0.13043001062225187,Q2,Lung,PM2.5,46614,46614,6.970760820434406,8.136853721406725,Q2 (7-8.1 ug/m3),4.25
1552.3125,Transplant,0.8403634768805662,Q2,Lung,PM2.5,46614,46614,6.970760820434406,8.136853721406725,Q2 (7-8.1 ug/m3),4.25
1582.75,Death/delisted too sick,0.13054203391357086,Q2,Lung,PM2.5,46614,46614,6.970760820434406,8.136853721406725,Q2 (7-8.1 ug/m3),4.333333333333333
1582.75,Transplant,0.8411859078245012,Q2,Lung,PM2.5,46614,46614,6.970760820434406,8.136853721406725,Q2 (7-8.1 ug/m3),4.333333333333333
1613.1875,Death/delisted too sick,0.13054203391357086,Q2,Lung,PM2.5,46614,46614,6.970760820434406,8.136853721406725,Q2 (7-8.1 ug/m3),4.416666666666667
1613.1875,Transplant,0.8419202907769308,Q2,Lung,PM2.5,46614,46614,6.970760820434406,8.136853721406725,Q2 (7-8.1 ug/m3),4.416666666666667
1643.625,Death/delisted too sick,0.13067725681572193,Q2,Lung,PM2.5,46614,46614,6.970760820434406,8.136853721406725,Q2 (7-8.1 ug/m3),4.5
1643.625,Transplant,0.8430445916743506,Q2,Lung,PM2.5,46614,46614,6.970760820434406,8.136853721406725,Q2 (7-8.1 ug/m3),4.5
1674.0625,Death/delisted too sick,0.131415703350486,Q2,Lung,PM2.5,46614,46614,6.970760820434406,8.136853721406725,Q2 (7-8.1 ug/m3),4.583333333333333
1674.0625,Transplant,0.8441298380491068,Q2,Lung,PM2.5,46614,46614,6.970760820434406,8.136853721406725,Q2 (7-8.1 ug/m3),4.583333333333333
1704.5,Death/delisted too sick,0.13178356966256335,Q2,Lung,PM2.5,46614,46614,6.970760820434406,8.136853721406725,Q2 (7-8.1 ug/m3),4.666666666666667
1704.5,Transplant,0.8441298380491068,Q2,Lung,PM2.5,46614,46614,6.970760820434406,8.136853721406725,Q2 (7-8.1 ug/m3),4.666666666666667
1734.9375,Death/delisted too sick,0.13266565006811085,Q2,Lung,PM2.5,46614,46614,6.970760820434406,8.136853721406725,Q2 (7-8.1 ug/m3),4.75
1734.9375,Transplant,0.8443233413713978,Q2,Lung,PM2.5,46614,46614,6.970760820434406,8.136853721406725,Q2 (7-8.1 ug/m3),4.75
1765.375,Death/delisted too sick,0.13266565006811085,Q2,Lung,PM2.5,46614,46614,6.970760820434406,8.136853721406725,Q2 (7-8.1 ug/m3),4.833333333333333
1765.375,Transplant,0.8444724925915791,Q2,Lung,PM2.5,46614,46614,6.970760820434406,8.136853721406725,Q2 (7-8.1 ug/m3),4.833333333333333
1795.8125,Death/delisted too sick,0.13266565006811085,Q2,Lung,PM2.5,46614,46614,6.970760820434406,8.136853721406725,Q2 (7-8.1 ug/m3),4.916666666666667
1795.8125,Transplant,0.8445962636996472,Q2,Lung,PM2.5,46614,46614,6.970760820434406,8.136853721406725,Q2 (7-8.1 ug/m3),4.916666666666667
1826.25,Death/delisted too sick,0.13266565006811085,Q2,Lung,PM2.5,46614,46614,6.970760820434406,8.136853721406725,Q2 (7-8.1 ug/m3),5
1826.25,Transplant,0.847282084024097,Q2,Lung,PM2.5,46614,46614,6.970760820434406,8.136853721406725,Q2 (7-8.1 ug/m3),5
0,Death/delisted too sick,0,Q3,Lung,PM2.5,46614,46614,8.136976174443783,9.638671137491864,Q3 (8.1-9.6 ug/m3),0
0,Transplant,0,Q3,Lung,PM2.5,46614,46614,8.136976174443783,9.638671137491864,Q3 (8.1-9.6 ug/m3),0
30.4375,Death/delisted too sick,0.04117375773260577,Q3,Lung,PM2.5,46614,46614,8.136976174443783,9.638671137491864,Q3 (8.1-9.6 ug/m3),0.08333333333333333
30.4375,Transplant,0.3299624701681479,Q3,Lung,PM2.5,46614,46614,8.136976174443783,9.638671137491864,Q3 (8.1-9.6 ug/m3),0.08333333333333333
60.875,Death/delisted too sick,0.05670749829274818,Q3,Lung,PM2.5,46614,46614,8.136976174443783,9.638671137491864,Q3 (8.1-9.6 ug/m3),0.16666666666666666
60.875,Transplant,0.4625282626509337,Q3,Lung,PM2.5,46614,46614,8.136976174443783,9.638671137491864,Q3 (8.1-9.6 ug/m3),0.16666666666666666
91.3125,Death/delisted too sick,0.0658624548607772,Q3,Lung,PM2.5,46614,46614,8.136976174443783,9.638671137491864,Q3 (8.1-9.6 ug/m3),0.25
91.3125,Transplant,0.5373505454684063,Q3,Lung,PM2.5,46614,46614,8.136976174443783,9.638671137491864,Q3 (8.1-9.6 ug/m3),0.25
121.75,Death/delisted too sick,0.07249807689306738,Q3,Lung,PM2.5,46614,46614,8.136976174443783,9.638671137491864,Q3 (8.1-9.6 ug/m3),0.3333333333333333
121.75,Transplant,0.5851965973221918,Q3,Lung,PM2.5,46614,46614,8.136976174443783,9.638671137491864,Q3 (8.1-9.6 ug/m3),0.3333333333333333
152.1875,Death/delisted too sick,0.07792782872329208,Q3,Lung,PM2.5,46614,46614,8.136976174443783,9.638671137491864,Q3 (8.1-9.6 ug/m3),0.4166666666666667
152.1875,Transplant,0.6219381281715398,Q3,Lung,PM2.5,46614,46614,8.136976174443783,9.638671137491864,Q3 (8.1-9.6 ug/m3),0.4166666666666667
182.625,Death/delisted too sick,0.08311012136152507,Q3,Lung,PM2.5,46614,46614,8.136976174443783,9.638671137491864,Q3 (8.1-9.6 ug/m3),0.5
182.625,Transplant,0.6516082728130667,Q3,Lung,PM2.5,46614,46614,8.136976174443783,9.638671137491864,Q3 (8.1-9.6 ug/m3),0.5
213.0625,Death/delisted too sick,0.08791101713532992,Q3,Lung,PM2.5,46614,46614,8.136976174443783,9.638671137491864,Q3 (8.1-9.6 ug/m3),0.5833333333333334
213.0625,Transplant,0.6739217125985223,Q3,Lung,PM2.5,46614,46614,8.136976174443783,9.638671137491864,Q3 (8.1-9.6 ug/m3),0.5833333333333334
243.5,Death/delisted too sick,0.09155996853409695,Q3,Lung,PM2.5,46614,46614,8.136976174443783,9.638671137491864,Q3 (8.1-9.6 ug/m3),0.6666666666666666
243.5,Transplant,0.692690161863635,Q3,Lung,PM2.5,46614,46614,8.136976174443783,9.638671137491864,Q3 (8.1-9.6 ug/m3),0.6666666666666666
273.9375,Death/delisted too sick,0.09516078516252836,Q3,Lung,PM2.5,46614,46614,8.136976174443783,9.638671137491864,Q3 (8.1-9.6 ug/m3),0.75
273.9375,Transplant,0.7091489559368989,Q3,Lung,PM2.5,46614,46614,8.136976174443783,9.638671137491864,Q3 (8.1-9.6 ug/m3),0.75
304.375,Death/delisted too sick,0.09768399651146056,Q3,Lung,PM2.5,46614,46614,8.136976174443783,9.638671137491864,Q3 (8.1-9.6 ug/m3),0.8333333333333334
304.375,Transplant,0.7255482273897418,Q3,Lung,PM2.5,46614,46614,8.136976174443783,9.638671137491864,Q3 (8.1-9.6 ug/m3),0.8333333333333334
334.8125,Death/delisted too sick,0.10071061266773923,Q3,Lung,PM2.5,46614,46614,8.136976174443783,9.638671137491864,Q3 (8.1-9.6 ug/m3),0.9166666666666666
334.8125,Transplant,0.736611590265558,Q3,Lung,PM2.5,46614,46614,8.136976174443783,9.638671137491864,Q3 (8.1-9.6 ug/m3),0.9166666666666666
365.25,Death/delisted too sick,0.10304007220578833,Q3,Lung,PM2.5,46614,46614,8.136976174443783,9.638671137491864,Q3 (8.1-9.6 ug/m3),1
365.25,Transplant,0.7453733990564908,Q3,Lung,PM2.5,46614,46614,8.136976174443783,9.638671137491864,Q3 (8.1-9.6 ug/m3),1
395.6875,Death/delisted too sick,0.10442873846244705,Q3,Lung,PM2.5,46614,46614,8.136976174443783,9.638671137491864,Q3 (8.1-9.6 ug/m3),1.0833333333333333
395.6875,Transplant,0.7539595411822115,Q3,Lung,PM2.5,46614,46614,8.136976174443783,9.638671137491864,Q3 (8.1-9.6 ug/m3),1.0833333333333333
426.125,Death/delisted too sick,0.10714709396927487,Q3,Lung,PM2.5,46614,46614,8.136976174443783,9.638671137491864,Q3 (8.1-9.6 ug/m3),1.1666666666666667
426.125,Transplant,0.7621282340778077,Q3,Lung,PM2.5,46614,46614,8.136976174443783,9.638671137491864,Q3 (8.1-9.6 ug/m3),1.1666666666666667
456.5625,Death/delisted too sick,0.10833134754369221,Q3,Lung,PM2.5,46614,46614,8.136976174443783,9.638671137491864,Q3 (8.1-9.6 ug/m3),1.25
456.5625,Transplant,0.7689430369954883,Q3,Lung,PM2.5,46614,46614,8.136976174443783,9.638671137491864,Q3 (8.1-9.6 ug/m3),1.25
487,Death/delisted too sick,0.10961141070999263,Q3,Lung,PM2.5,46614,46614,8.136976174443783,9.638671137491864,Q3 (8.1-9.6 ug/m3),1.3333333333333333
487,Transplant,0.7756736766196,Q3,Lung,PM2.5,46614,46614,8.136976174443783,9.638671137491864,Q3 (8.1-9.6 ug/m3),1.3333333333333333
517.4375,Death/delisted too sick,0.11120927326180784,Q3,Lung,PM2.5,46614,46614,8.136976174443783,9.638671137491864,Q3 (8.1-9.6 ug/m3),1.4166666666666667
517.4375,Transplant,0.7810483584247854,Q3,Lung,PM2.5,46614,46614,8.136976174443783,9.638671137491864,Q3 (8.1-9.6 ug/m3),1.4166666666666667
547.875,Death/delisted too sick,0.11206863075346171,Q3,Lung,PM2.5,46614,46614,8.136976174443783,9.638671137491864,Q3 (8.1-9.6 ug/m3),1.5
547.875,Transplant,0.7863595194218143,Q3,Lung,PM2.5,46614,46614,8.136976174443783,9.638671137491864,Q3 (8.1-9.6 ug/m3),1.5
578.3125,Death/delisted too sick,0.11328358668714142,Q3,Lung,PM2.5,46614,46614,8.136976174443783,9.638671137491864,Q3 (8.1-9.6 ug/m3),1.5833333333333333
578.3125,Transplant,0.791658692383019,Q3,Lung,PM2.5,46614,46614,8.136976174443783,9.638671137491864,Q3 (8.1-9.6 ug/m3),1.5833333333333333
608.75,Death/delisted too sick,0.11402629668797402,Q3,Lung,PM2.5,46614,46614,8.136976174443783,9.638671137491864,Q3 (8.1-9.6 ug/m3),1.6666666666666667
608.75,Transplant,0.7947912441876178,Q3,Lung,PM2.5,46614,46614,8.136976174443783,9.638671137491864,Q3 (8.1-9.6 ug/m3),1.6666666666666667
639.1875,Death/delisted too sick,0.1150311788909048,Q3,Lung,PM2.5,46614,46614,8.136976174443783,9.638671137491864,Q3 (8.1-9.6 ug/m3),1.75
639.1875,Transplant,0.7996979466946726,Q3,Lung,PM2.5,46614,46614,8.136976174443783,9.638671137491864,Q3 (8.1-9.6 ug/m3),1.75
669.625,Death/delisted too sick,0.11610441919762422,Q3,Lung,PM2.5,46614,46614,8.136976174443783,9.638671137491864,Q3 (8.1-9.6 ug/m3),1.8333333333333333
669.625,Transplant,0.8029695999258986,Q3,Lung,PM2.5,46614,46614,8.136976174443783,9.638671137491864,Q3 (8.1-9.6 ug/m3),1.8333333333333333
700.0625,Death/delisted too sick,0.11739823870471151,Q3,Lung,PM2.5,46614,46614,8.136976174443783,9.638671137491864,Q3 (8.1-9.6 ug/m3),1.9166666666666667
700.0625,Transplant,0.8050430109075573,Q3,Lung,PM2.5,46614,46614,8.136976174443783,9.638671137491864,Q3 (8.1-9.6 ug/m3),1.9166666666666667
730.5,Death/delisted too sick,0.11853552857281024,Q3,Lung,PM2.5,46614,46614,8.136976174443783,9.638671137491864,Q3 (8.1-9.6 ug/m3),2
730.5,Transplant,0.8073095896802306,Q3,Lung,PM2.5,46614,46614,8.136976174443783,9.638671137491864,Q3 (8.1-9.6 ug/m3),2
760.9375,Death/delisted too sick,0.11933744090548941,Q3,Lung,PM2.5,46614,46614,8.136976174443783,9.638671137491864,Q3 (8.1-9.6 ug/m3),2.0833333333333335
760.9375,Transplant,0.8093986437172181,Q3,Lung,PM2.5,46614,46614,8.136976174443783,9.638671137491864,Q3 (8.1-9.6 ug/m3),2.0833333333333335
791.375,Death/delisted too sick,0.12045578554908172,Q3,Lung,PM2.5,46614,46614,8.136976174443783,9.638671137491864,Q3 (8.1-9.6 ug/m3),2.1666666666666665
791.375,Transplant,0.8127947572345042,Q3,Lung,PM2.5,46614,46614,8.136976174443783,9.638671137491864,Q3 (8.1-9.6 ug/m3),2.1666666666666665
821.8125,Death/delisted too sick,0.12068677545604813,Q3,Lung,PM2.5,46614,46614,8.136976174443783,9.638671137491864,Q3 (8.1-9.6 ug/m3),2.25
821.8125,Transplant,0.8150392510239516,Q3,Lung,PM2.5,46614,46614,8.136976174443783,9.638671137491864,Q3 (8.1-9.6 ug/m3),2.25
852.25,Death/delisted too sick,0.12112542763194216,Q3,Lung,PM2.5,46614,46614,8.136976174443783,9.638671137491864,Q3 (8.1-9.6 ug/m3),2.3333333333333335
852.25,Transplant,0.8166403873232672,Q3,Lung,PM2.5,46614,46614,8.136976174443783,9.638671137491864,Q3 (8.1-9.6 ug/m3),2.3333333333333335
882.6875,Death/delisted too sick,0.12233538533268501,Q3,Lung,PM2.5,46614,46614,8.136976174443783,9.638671137491864,Q3 (8.1-9.6 ug/m3),2.4166666666666665
882.6875,Transplant,0.8193792467324772,Q3,Lung,PM2.5,46614,46614,8.136976174443783,9.638671137491864,Q3 (8.1-9.6 ug/m3),2.4166666666666665
913.125,Death/delisted too sick,0.12268237558307671,Q3,Lung,PM2.5,46614,46614,8.136976174443783,9.638671137491864,Q3 (8.1-9.6 ug/m3),2.5
913.125,Transplant,0.8206752794672758,Q3,Lung,PM2.5,46614,46614,8.136976174443783,9.638671137491864,Q3 (8.1-9.6 ug/m3),2.5
943.5625,Death/delisted too sick,0.12300303148340584,Q3,Lung,PM2.5,46614,46614,8.136976174443783,9.638671137491864,Q3 (8.1-9.6 ug/m3),2.5833333333333335
943.5625,Transplant,0.8214434856524543,Q3,Lung,PM2.5,46614,46614,8.136976174443783,9.638671137491864,Q3 (8.1-9.6 ug/m3),2.5833333333333335
974,Death/delisted too sick,0.12351507062721548,Q3,Lung,PM2.5,46614,46614,8.136976174443783,9.638671137491864,Q3 (8.1-9.6 ug/m3),2.6666666666666665
974,Transplant,0.8229987476548103,Q3,Lung,PM2.5,46614,46614,8.136976174443783,9.638671137491864,Q3 (8.1-9.6 ug/m3),2.6666666666666665
1004.4375,Death/delisted too sick,0.1256584945221883,Q3,Lung,PM2.5,46614,46614,8.136976174443783,9.638671137491864,Q3 (8.1-9.6 ug/m3),2.75
1004.4375,Transplant,0.8248238517488213,Q3,Lung,PM2.5,46614,46614,8.136976174443783,9.638671137491864,Q3 (8.1-9.6 ug/m3),2.75
1034.875,Death/delisted too sick,0.1265424184889321,Q3,Lung,PM2.5,46614,46614,8.136976174443783,9.638671137491864,Q3 (8.1-9.6 ug/m3),2.8333333333333335
1034.875,Transplant,0.8253741380197219,Q3,Lung,PM2.5,46614,46614,8.136976174443783,9.638671137491864,Q3 (8.1-9.6 ug/m3),2.8333333333333335
1065.3125,Death/delisted too sick,0.12747591725595672,Q3,Lung,PM2.5,46614,46614,8.136976174443783,9.638671137491864,Q3 (8.1-9.6 ug/m3),2.9166666666666665
1065.3125,Transplant,0.8274007040015035,Q3,Lung,PM2.5,46614,46614,8.136976174443783,9.638671137491864,Q3 (8.1-9.6 ug/m3),2.9166666666666665
1095.75,Death/delisted too sick,0.12815274266852753,Q3,Lung,PM2.5,46614,46614,8.136976174443783,9.638671137491864,Q3 (8.1-9.6 ug/m3),3
1095.75,Transplant,0.8285709951312817,Q3,Lung,PM2.5,46614,46614,8.136976174443783,9.638671137491864,Q3 (8.1-9.6 ug/m3),3
1126.1875,Death/delisted too sick,0.12887018070360812,Q3,Lung,PM2.5,46614,46614,8.136976174443783,9.638671137491864,Q3 (8.1-9.6 ug/m3),3.0833333333333335
1126.1875,Transplant,0.8296422373530323,Q3,Lung,PM2.5,46614,46614,8.136976174443783,9.638671137491864,Q3 (8.1-9.6 ug/m3),3.0833333333333335
1156.625,Death/delisted too sick,0.12922846082186937,Q3,Lung,PM2.5,46614,46614,8.136976174443783,9.638671137491864,Q3 (8.1-9.6 ug/m3),3.1666666666666665
1156.625,Transplant,0.8305849833687095,Q3,Lung,PM2.5,46614,46614,8.136976174443783,9.638671137491864,Q3 (8.1-9.6 ug/m3),3.1666666666666665
1187.0625,Death/delisted too sick,0.12941137155992344,Q3,Lung,PM2.5,46614,46614,8.136976174443783,9.638671137491864,Q3 (8.1-9.6 ug/m3),3.25
1187.0625,Transplant,0.8317381546412489,Q3,Lung,PM2.5,46614,46614,8.136976174443783,9.638671137491864,Q3 (8.1-9.6 ug/m3),3.25
1217.5,Death/delisted too sick,0.12996362682851537,Q3,Lung,PM2.5,46614,46614,8.136976174443783,9.638671137491864,Q3 (8.1-9.6 ug/m3),3.3333333333333335
1217.5,Transplant,0.8329296307196331,Q3,Lung,PM2.5,46614,46614,8.136976174443783,9.638671137491864,Q3 (8.1-9.6 ug/m3),3.3333333333333335
1247.9375,Death/delisted too sick,0.130323768318255,Q3,Lung,PM2.5,46614,46614,8.136976174443783,9.638671137491864,Q3 (8.1-9.6 ug/m3),3.4166666666666665
1247.9375,Transplant,0.8342229908632679,Q3,Lung,PM2.5,46614,46614,8.136976174443783,9.638671137491864,Q3 (8.1-9.6 ug/m3),3.4166666666666665
1278.375,Death/delisted too sick,0.13064482630467347,Q3,Lung,PM2.5,46614,46614,8.136976174443783,9.638671137491864,Q3 (8.1-9.6 ug/m3),3.5
1278.375,Transplant,0.834827773941703,Q3,Lung,PM2.5,46614,46614,8.136976174443783,9.638671137491864,Q3 (8.1-9.6 ug/m3),3.5
1308.8125,Death/delisted too sick,0.13140316847190578,Q3,Lung,PM2.5,46614,46614,8.136976174443783,9.638671137491864,Q3 (8.1-9.6 ug/m3),3.5833333333333335
1308.8125,Transplant,0.8356441271722401,Q3,Lung,PM2.5,46614,46614,8.136976174443783,9.638671137491864,Q3 (8.1-9.6 ug/m3),3.5833333333333335
1339.25,Death/delisted too sick,0.1314786169150146,Q3,Lung,PM2.5,46614,46614,8.136976174443783,9.638671137491864,Q3 (8.1-9.6 ug/m3),3.6666666666666665
1339.25,Transplant,0.8367138687466337,Q3,Lung,PM2.5,46614,46614,8.136976174443783,9.638671137491864,Q3 (8.1-9.6 ug/m3),3.6666666666666665
1369.6875,Death/delisted too sick,0.13171658788298907,Q3,Lung,PM2.5,46614,46614,8.136976174443783,9.638671137491864,Q3 (8.1-9.6 ug/m3),3.75
1369.6875,Transplant,0.837458822930081,Q3,Lung,PM2.5,46614,46614,8.136976174443783,9.638671137491864,Q3 (8.1-9.6 ug/m3),3.75
1400.125,Death/delisted too sick,0.13179116304164776,Q3,Lung,PM2.5,46614,46614,8.136976174443783,9.638671137491864,Q3 (8.1-9.6 ug/m3),3.8333333333333335
1400.125,Transplant,0.8379730140400848,Q3,Lung,PM2.5,46614,46614,8.136976174443783,9.638671137491864,Q3 (8.1-9.6 ug/m3),3.8333333333333335
1430.5625,Death/delisted too sick,0.13216167006057003,Q3,Lung,PM2.5,46614,46614,8.136976174443783,9.638671137491864,Q3 (8.1-9.6 ug/m3),3.9166666666666665
1430.5625,Transplant,0.8387085085494631,Q3,Lung,PM2.5,46614,46614,8.136976174443783,9.638671137491864,Q3 (8.1-9.6 ug/m3),3.9166666666666665
1461,Death/delisted too sick,0.13277459928835988,Q3,Lung,PM2.5,46614,46614,8.136976174443783,9.638671137491864,Q3 (8.1-9.6 ug/m3),4
1461,Transplant,0.8391204308928555,Q3,Lung,PM2.5,46614,46614,8.136976174443783,9.638671137491864,Q3 (8.1-9.6 ug/m3),4
1491.4375,Death/delisted too sick,0.13277459928835988,Q3,Lung,PM2.5,46614,46614,8.136976174443783,9.638671137491864,Q3 (8.1-9.6 ug/m3),4.083333333333333
1491.4375,Transplant,0.8395112307017835,Q3,Lung,PM2.5,46614,46614,8.136976174443783,9.638671137491864,Q3 (8.1-9.6 ug/m3),4.083333333333333
1521.875,Death/delisted too sick,0.13301109624526397,Q3,Lung,PM2.5,46614,46614,8.136976174443783,9.638671137491864,Q3 (8.1-9.6 ug/m3),4.166666666666667
1521.875,Transplant,0.8401778055933009,Q3,Lung,PM2.5,46614,46614,8.136976174443783,9.638671137491864,Q3 (8.1-9.6 ug/m3),4.166666666666667
1552.3125,Death/delisted too sick,0.1336573327938626,Q3,Lung,PM2.5,46614,46614,8.136976174443783,9.638671137491864,Q3 (8.1-9.6 ug/m3),4.25
1552.3125,Transplant,0.8407257160072449,Q3,Lung,PM2.5,46614,46614,8.136976174443783,9.638671137491864,Q3 (8.1-9.6 ug/m3),4.25
1582.75,Death/delisted too sick,0.1340865408666438,Q3,Lung,PM2.5,46614,46614,8.136976174443783,9.638671137491864,Q3 (8.1-9.6 ug/m3),4.333333333333333
1582.75,Transplant,0.8413077342825306,Q3,Lung,PM2.5,46614,46614,8.136976174443783,9.638671137491864,Q3 (8.1-9.6 ug/m3),4.333333333333333
1613.1875,Death/delisted too sick,0.1340865408666438,Q3,Lung,PM2.5,46614,46614,8.136976174443783,9.638671137491864,Q3 (8.1-9.6 ug/m3),4.416666666666667
1613.1875,Transplant,0.8418605112598617,Q3,Lung,PM2.5,46614,46614,8.136976174443783,9.638671137491864,Q3 (8.1-9.6 ug/m3),4.416666666666667
1643.625,Death/delisted too sick,0.1345127528570616,Q3,Lung,PM2.5,46614,46614,8.136976174443783,9.638671137491864,Q3 (8.1-9.6 ug/m3),4.5
1643.625,Transplant,0.8418605112598617,Q3,Lung,PM2.5,46614,46614,8.136976174443783,9.638671137491864,Q3 (8.1-9.6 ug/m3),4.5
1674.0625,Death/delisted too sick,0.13463555146217643,Q3,Lung,PM2.5,46614,46614,8.136976174443783,9.638671137491864,Q3 (8.1-9.6 ug/m3),4.583333333333333
1674.0625,Transplant,0.8420050958720976,Q3,Lung,PM2.5,46614,46614,8.136976174443783,9.638671137491864,Q3 (8.1-9.6 ug/m3),4.583333333333333
1704.5,Death/delisted too sick,0.13479537388310883,Q3,Lung,PM2.5,46614,46614,8.136976174443783,9.638671137491864,Q3 (8.1-9.6 ug/m3),4.666666666666667
1704.5,Transplant,0.8429873364118629,Q3,Lung,PM2.5,46614,46614,8.136976174443783,9.638671137491864,Q3 (8.1-9.6 ug/m3),4.666666666666667
1734.9375,Death/delisted too sick,0.13479537388310883,Q3,Lung,PM2.5,46614,46614,8.136976174443783,9.638671137491864,Q3 (8.1-9.6 ug/m3),4.75
1734.9375,Transplant,0.8438718947455621,Q3,Lung,PM2.5,46614,46614,8.136976174443783,9.638671137491864,Q3 (8.1-9.6 ug/m3),4.75
1765.375,Death/delisted too sick,0.13489665279655694,Q3,Lung,PM2.5,46614,46614,8.136976174443783,9.638671137491864,Q3 (8.1-9.6 ug/m3),4.833333333333333
1765.375,Transplant,0.8443033145305527,Q3,Lung,PM2.5,46614,46614,8.136976174443783,9.638671137491864,Q3 (8.1-9.6 ug/m3),4.833333333333333
1795.8125,Death/delisted too sick,0.13489665279655694,Q3,Lung,PM2.5,46614,46614,8.136976174443783,9.638671137491864,Q3 (8.1-9.6 ug/m3),4.916666666666667
1795.8125,Transplant,0.8452028725114956,Q3,Lung,PM2.5,46614,46614,8.136976174443783,9.638671137491864,Q3 (8.1-9.6 ug/m3),4.916666666666667
1826.25,Death/delisted too sick,0.13489665279655694,Q3,Lung,PM2.5,46614,46614,8.136976174443783,9.638671137491864,Q3 (8.1-9.6 ug/m3),5
1826.25,Transplant,0.845368034678707,Q3,Lung,PM2.5,46614,46614,8.136976174443783,9.638671137491864,Q3 (8.1-9.6 ug/m3),5
0,Death/delisted too sick,0,Q4,Lung,PM2.5,46614,46614,9.638855246530069,34.762101420275265,Q4 (9.6-34.8 ug/m3),0
0,Transplant,0,Q4,Lung,PM2.5,46614,46614,9.638855246530069,34.762101420275265,Q4 (9.6-34.8 ug/m3),0
30.4375,Death/delisted too sick,0.039328134862360004,Q4,Lung,PM2.5,46614,46614,9.638855246530069,34.762101420275265,Q4 (9.6-34.8 ug/m3),0.08333333333333333
30.4375,Transplant,0.3015700890983437,Q4,Lung,PM2.5,46614,46614,9.638855246530069,34.762101420275265,Q4 (9.6-34.8 ug/m3),0.08333333333333333
60.875,Death/delisted too sick,0.04927061463356238,Q4,Lung,PM2.5,46614,46614,9.638855246530069,34.762101420275265,Q4 (9.6-34.8 ug/m3),0.16666666666666666
60.875,Transplant,0.4266748037963266,Q4,Lung,PM2.5,46614,46614,9.638855246530069,34.762101420275265,Q4 (9.6-34.8 ug/m3),0.16666666666666666
91.3125,Death/delisted too sick,0.05701493397490684,Q4,Lung,PM2.5,46614,46614,9.638855246530069,34.762101420275265,Q4 (9.6-34.8 ug/m3),0.25
91.3125,Transplant,0.505612835092516,Q4,Lung,PM2.5,46614,46614,9.638855246530069,34.762101420275265,Q4 (9.6-34.8 ug/m3),0.25
121.75,Death/delisted too sick,0.06351195383708058,Q4,Lung,PM2.5,46614,46614,9.638855246530069,34.762101420275265,Q4 (9.6-34.8 ug/m3),0.3333333333333333
121.75,Transplant,0.560546036216063,Q4,Lung,PM2.5,46614,46614,9.638855246530069,34.762101420275265,Q4 (9.6-34.8 ug/m3),0.3333333333333333
152.1875,Death/delisted too sick,0.07011644894761754,Q4,Lung,PM2.5,46614,46614,9.638855246530069,34.762101420275265,Q4 (9.6-34.8 ug/m3),0.4166666666666667
152.1875,Transplant,0.6027450528197171,Q4,Lung,PM2.5,46614,46614,9.638855246530069,34.762101420275265,Q4 (9.6-34.8 ug/m3),0.4166666666666667
182.625,Death/delisted too sick,0.07509440699534639,Q4,Lung,PM2.5,46614,46614,9.638855246530069,34.762101420275265,Q4 (9.6-34.8 ug/m3),0.5
182.625,Transplant,0.6344881497403478,Q4,Lung,PM2.5,46614,46614,9.638855246530069,34.762101420275265,Q4 (9.6-34.8 ug/m3),0.5
213.0625,Death/delisted too sick,0.07936092853153907,Q4,Lung,PM2.5,46614,46614,9.638855246530069,34.762101420275265,Q4 (9.6-34.8 ug/m3),0.5833333333333334
213.0625,Transplant,0.6609172930160911,Q4,Lung,PM2.5,46614,46614,9.638855246530069,34.762101420275265,Q4 (9.6-34.8 ug/m3),0.5833333333333334
243.5,Death/delisted too sick,0.08218338140951592,Q4,Lung,PM2.5,46614,46614,9.638855246530069,34.762101420275265,Q4 (9.6-34.8 ug/m3),0.6666666666666666
243.5,Transplant,0.6807941866073441,Q4,Lung,PM2.5,46614,46614,9.638855246530069,34.762101420275265,Q4 (9.6-34.8 ug/m3),0.6666666666666666
273.9375,Death/delisted too sick,0.0855778426928957,Q4,Lung,PM2.5,46614,46614,9.638855246530069,34.762101420275265,Q4 (9.6-34.8 ug/m3),0.75
273.9375,Transplant,0.6963503606640514,Q4,Lung,PM2.5,46614,46614,9.638855246530069,34.762101420275265,Q4 (9.6-34.8 ug/m3),0.75
304.375,Death/delisted too sick,0.08920771898900244,Q4,Lung,PM2.5,46614,46614,9.638855246530069,34.762101420275265,Q4 (9.6-34.8 ug/m3),0.8333333333333334
304.375,Transplant,0.7106543623381845,Q4,Lung,PM2.5,46614,46614,9.638855246530069,34.762101420275265,Q4 (9.6-34.8 ug/m3),0.8333333333333334
334.8125,Death/delisted too sick,0.09163136805887165,Q4,Lung,PM2.5,46614,46614,9.638855246530069,34.762101420275265,Q4 (9.6-34.8 ug/m3),0.9166666666666666
334.8125,Transplant,0.7233907906371367,Q4,Lung,PM2.5,46614,46614,9.638855246530069,34.762101420275265,Q4 (9.6-34.8 ug/m3),0.9166666666666666
365.25,Death/delisted too sick,0.0936965804317503,Q4,Lung,PM2.5,46614,46614,9.638855246530069,34.762101420275265,Q4 (9.6-34.8 ug/m3),1
365.25,Transplant,0.7329445105347945,Q4,Lung,PM2.5,46614,46614,9.638855246530069,34.762101420275265,Q4 (9.6-34.8 ug/m3),1
395.6875,Death/delisted too sick,0.09699027894462109,Q4,Lung,PM2.5,46614,46614,9.638855246530069,34.762101420275265,Q4 (9.6-34.8 ug/m3),1.0833333333333333
395.6875,Transplant,0.7425891620524281,Q4,Lung,PM2.5,46614,46614,9.638855246530069,34.762101420275265,Q4 (9.6-34.8 ug/m3),1.0833333333333333
426.125,Death/delisted too sick,0.0987647519341553,Q4,Lung,PM2.5,46614,46614,9.638855246530069,34.762101420275265,Q4 (9.6-34.8 ug/m3),1.1666666666666667
426.125,Transplant,0.7500036361089291,Q4,Lung,PM2.5,46614,46614,9.638855246530069,34.762101420275265,Q4 (9.6-34.8 ug/m3),1.1666666666666667
456.5625,Death/delisted too sick,0.10052894227442871,Q4,Lung,PM2.5,46614,46614,9.638855246530069,34.762101420275265,Q4 (9.6-34.8 ug/m3),1.25
456.5625,Transplant,0.7575802658313286,Q4,Lung,PM2.5,46614,46614,9.638855246530069,34.762101420275265,Q4 (9.6-34.8 ug/m3),1.25
487,Death/delisted too sick,0.10253176185543661,Q4,Lung,PM2.5,46614,46614,9.638855246530069,34.762101420275265,Q4 (9.6-34.8 ug/m3),1.3333333333333333
487,Transplant,0.763744378719638,Q4,Lung,PM2.5,46614,46614,9.638855246530069,34.762101420275265,Q4 (9.6-34.8 ug/m3),1.3333333333333333
517.4375,Death/delisted too sick,0.10390152551204544,Q4,Lung,PM2.5,46614,46614,9.638855246530069,34.762101420275265,Q4 (9.6-34.8 ug/m3),1.4166666666666667
517.4375,Transplant,0.7696379852880324,Q4,Lung,PM2.5,46614,46614,9.638855246530069,34.762101420275265,Q4 (9.6-34.8 ug/m3),1.4166666666666667
547.875,Death/delisted too sick,0.1052538507062323,Q4,Lung,PM2.5,46614,46614,9.638855246530069,34.762101420275265,Q4 (9.6-34.8 ug/m3),1.5
547.875,Transplant,0.7749743899149395,Q4,Lung,PM2.5,46614,46614,9.638855246530069,34.762101420275265,Q4 (9.6-34.8 ug/m3),1.5
578.3125,Death/delisted too sick,0.10723854779653093,Q4,Lung,PM2.5,46614,46614,9.638855246530069,34.762101420275265,Q4 (9.6-34.8 ug/m3),1.5833333333333333
578.3125,Transplant,0.7801461998022915,Q4,Lung,PM2.5,46614,46614,9.638855246530069,34.762101420275265,Q4 (9.6-34.8 ug/m3),1.5833333333333333
608.75,Death/delisted too sick,0.10845535121324743,Q4,Lung,PM2.5,46614,46614,9.638855246530069,34.762101420275265,Q4 (9.6-34.8 ug/m3),1.6666666666666667
608.75,Transplant,0.7848200738901007,Q4,Lung,PM2.5,46614,46614,9.638855246530069,34.762101420275265,Q4 (9.6-34.8 ug/m3),1.6666666666666667
639.1875,Death/delisted too sick,0.10969224896475117,Q4,Lung,PM2.5,46614,46614,9.638855246530069,34.762101420275265,Q4 (9.6-34.8 ug/m3),1.75
639.1875,Transplant,0.7900589841185316,Q4,Lung,PM2.5,46614,46614,9.638855246530069,34.762101420275265,Q4 (9.6-34.8 ug/m3),1.75
669.625,Death/delisted too sick,0.1104499632937202,Q4,Lung,PM2.5,46614,46614,9.638855246530069,34.762101420275265,Q4 (9.6-34.8 ug/m3),1.8333333333333333
669.625,Transplant,0.7927963876641038,Q4,Lung,PM2.5,46614,46614,9.638855246530069,34.762101420275265,Q4 (9.6-34.8 ug/m3),1.8333333333333333
700.0625,Death/delisted too sick,0.11121031812996095,Q4,Lung,PM2.5,46614,46614,9.638855246530069,34.762101420275265,Q4 (9.6-34.8 ug/m3),1.9166666666666667
700.0625,Transplant,0.7988328605204676,Q4,Lung,PM2.5,46614,46614,9.638855246530069,34.762101420275265,Q4 (9.6-34.8 ug/m3),1.9166666666666667
730.5,Death/delisted too sick,0.11265790011409593,Q4,Lung,PM2.5,46614,46614,9.638855246530069,34.762101420275265,Q4 (9.6-34.8 ug/m3),2
730.5,Transplant,0.8032649356952073,Q4,Lung,PM2.5,46614,46614,9.638855246530069,34.762101420275265,Q4 (9.6-34.8 ug/m3),2
760.9375,Death/delisted too sick,0.11519354038471376,Q4,Lung,PM2.5,46614,46614,9.638855246530069,34.762101420275265,Q4 (9.6-34.8 ug/m3),2.0833333333333335
760.9375,Transplant,0.8056677229524647,Q4,Lung,PM2.5,46614,46614,9.638855246530069,34.762101420275265,Q4 (9.6-34.8 ug/m3),2.0833333333333335
791.375,Death/delisted too sick,0.11551417705861063,Q4,Lung,PM2.5,46614,46614,9.638855246530069,34.762101420275265,Q4 (9.6-34.8 ug/m3),2.1666666666666665
791.375,Transplant,0.8076990691588911,Q4,Lung,PM2.5,46614,46614,9.638855246530069,34.762101420275265,Q4 (9.6-34.8 ug/m3),2.1666666666666665
821.8125,Death/delisted too sick,0.11583460797980935,Q4,Lung,PM2.5,46614,46614,9.638855246530069,34.762101420275265,Q4 (9.6-34.8 ug/m3),2.25
821.8125,Transplant,0.8100458980109018,Q4,Lung,PM2.5,46614,46614,9.638855246530069,34.762101420275265,Q4 (9.6-34.8 ug/m3),2.25
852.25,Death/delisted too sick,0.1164393292055161,Q4,Lung,PM2.5,46614,46614,9.638855246530069,34.762101420275265,Q4 (9.6-34.8 ug/m3),2.3333333333333335
852.25,Transplant,0.8138291587509693,Q4,Lung,PM2.5,46614,46614,9.638855246530069,34.762101420275265,Q4 (9.6-34.8 ug/m3),2.3333333333333335
882.6875,Death/delisted too sick,0.11717381978464551,Q4,Lung,PM2.5,46614,46614,9.638855246530069,34.762101420275265,Q4 (9.6-34.8 ug/m3),2.4166666666666665
882.6875,Transplant,0.8168385841822894,Q4,Lung,PM2.5,46614,46614,9.638855246530069,34.762101420275265,Q4 (9.6-34.8 ug/m3),2.4166666666666665
913.125,Death/delisted too sick,0.1176250847684813,Q4,Lung,PM2.5,46614,46614,9.638855246530069,34.762101420275265,Q4 (9.6-34.8 ug/m3),2.5
913.125,Transplant,0.8193009321605363,Q4,Lung,PM2.5,46614,46614,9.638855246530069,34.762101420275265,Q4 (9.6-34.8 ug/m3),2.5
943.5625,Death/delisted too sick,0.11835068501175161,Q4,Lung,PM2.5,46614,46614,9.638855246530069,34.762101420275265,Q4 (9.6-34.8 ug/m3),2.5833333333333335
943.5625,Transplant,0.8217892637365974,Q4,Lung,PM2.5,46614,46614,9.638855246530069,34.762101420275265,Q4 (9.6-34.8 ug/m3),2.5833333333333335
974,Death/delisted too sick,0.11884772078340443,Q4,Lung,PM2.5,46614,46614,9.638855246530069,34.762101420275265,Q4 (9.6-34.8 ug/m3),2.6666666666666665
974,Transplant,0.8244162490101671,Q4,Lung,PM2.5,46614,46614,9.638855246530069,34.762101420275265,Q4 (9.6-34.8 ug/m3),2.6666666666666665
1004.4375,Death/delisted too sick,0.11946357044109844,Q4,Lung,PM2.5,46614,46614,9.638855246530069,34.762101420275265,Q4 (9.6-34.8 ug/m3),2.75
1004.4375,Transplant,0.8264534806476426,Q4,Lung,PM2.5,46614,46614,9.638855246530069,34.762101420275265,Q4 (9.6-34.8 ug/m3),2.75
1034.875,Death/delisted too sick,0.12093857811349162,Q4,Lung,PM2.5,46614,46614,9.638855246530069,34.762101420275265,Q4 (9.6-34.8 ug/m3),2.8333333333333335
1034.875,Transplant,0.8280099233013501,Q4,Lung,PM2.5,46614,46614,9.638855246530069,34.762101420275265,Q4 (9.6-34.8 ug/m3),2.8333333333333335
1065.3125,Death/delisted too sick,0.12234749424415105,Q4,Lung,PM2.5,46614,46614,9.638855246530069,34.762101420275265,Q4 (9.6-34.8 ug/m3),2.9166666666666665
1065.3125,Transplant,0.8295240845406819,Q4,Lung,PM2.5,46614,46614,9.638855246530069,34.762101420275265,Q4 (9.6-34.8 ug/m3),2.9166666666666665
1095.75,Death/delisted too sick,0.12285116705693852,Q4,Lung,PM2.5,46614,46614,9.638855246530069,34.762101420275265,Q4 (9.6-34.8 ug/m3),3
1095.75,Transplant,0.8321800821785905,Q4,Lung,PM2.5,46614,46614,9.638855246530069,34.762101420275265,Q4 (9.6-34.8 ug/m3),3
1126.1875,Death/delisted too sick,0.1231616486937624,Q4,Lung,PM2.5,46614,46614,9.638855246530069,34.762101420275265,Q4 (9.6-34.8 ug/m3),3.0833333333333335
1126.1875,Transplant,0.8334094005400562,Q4,Lung,PM2.5,46614,46614,9.638855246530069,34.762101420275265,Q4 (9.6-34.8 ug/m3),3.0833333333333335
1156.625,Death/delisted too sick,0.12358438688144295,Q4,Lung,PM2.5,46614,46614,9.638855246530069,34.762101420275265,Q4 (9.6-34.8 ug/m3),3.1666666666666665
1156.625,Transplant,0.8347906378554646,Q4,Lung,PM2.5,46614,46614,9.638855246530069,34.762101420275265,Q4 (9.6-34.8 ug/m3),3.1666666666666665
1187.0625,Death/delisted too sick,0.12388714373019918,Q4,Lung,PM2.5,46614,46614,9.638855246530069,34.762101420275265,Q4 (9.6-34.8 ug/m3),3.25
1187.0625,Transplant,0.8362719490904822,Q4,Lung,PM2.5,46614,46614,9.638855246530069,34.762101420275265,Q4 (9.6-34.8 ug/m3),3.25
1217.5,Death/delisted too sick,0.1244161926068621,Q4,Lung,PM2.5,46614,46614,9.638855246530069,34.762101420275265,Q4 (9.6-34.8 ug/m3),3.3333333333333335
1217.5,Transplant,0.8373611458839765,Q4,Lung,PM2.5,46614,46614,9.638855246530069,34.762101420275265,Q4 (9.6-34.8 ug/m3),3.3333333333333335
1247.9375,Death/delisted too sick,0.12482736974255798,Q4,Lung,PM2.5,46614,46614,9.638855246530069,34.762101420275265,Q4 (9.6-34.8 ug/m3),3.4166666666666665
1247.9375,Transplant,0.837920914108287,Q4,Lung,PM2.5,46614,46614,9.638855246530069,34.762101420275265,Q4 (9.6-34.8 ug/m3),3.4166666666666665
1278.375,Death/delisted too sick,0.12540273991118406,Q4,Lung,PM2.5,46614,46614,9.638855246530069,34.762101420275265,Q4 (9.6-34.8 ug/m3),3.5
1278.375,Transplant,0.8386560401109007,Q4,Lung,PM2.5,46614,46614,9.638855246530069,34.762101420275265,Q4 (9.6-34.8 ug/m3),3.5
1308.8125,Death/delisted too sick,0.12693030304430894,Q4,Lung,PM2.5,46614,46614,9.638855246530069,34.762101420275265,Q4 (9.6-34.8 ug/m3),3.5833333333333335
1308.8125,Transplant,0.8397391519458275,Q4,Lung,PM2.5,46614,46614,9.638855246530069,34.762101420275265,Q4 (9.6-34.8 ug/m3),3.5833333333333335
1339.25,Death/delisted too sick,0.12723752378273162,Q4,Lung,PM2.5,46614,46614,9.638855246530069,34.762101420275265,Q4 (9.6-34.8 ug/m3),3.6666666666666665
1339.25,Transplant,0.8403651668230109,Q4,Lung,PM2.5,46614,46614,9.638855246530069,34.762101420275265,Q4 (9.6-34.8 ug/m3),3.6666666666666665
1369.6875,Death/delisted too sick,0.12731093834387508,Q4,Lung,PM2.5,46614,46614,9.638855246530069,34.762101420275265,Q4 (9.6-34.8 ug/m3),3.75
1369.6875,Transplant,0.8415779181169296,Q4,Lung,PM2.5,46614,46614,9.638855246530069,34.762101420275265,Q4 (9.6-34.8 ug/m3),3.75
1400.125,Death/delisted too sick,0.12743341363769392,Q4,Lung,PM2.5,46614,46614,9.638855246530069,34.762101420275265,Q4 (9.6-34.8 ug/m3),3.8333333333333335
1400.125,Transplant,0.8429409895034857,Q4,Lung,PM2.5,46614,46614,9.638855246530069,34.762101420275265,Q4 (9.6-34.8 ug/m3),3.8333333333333335
1430.5625,Death/delisted too sick,0.12783774547261112,Q4,Lung,PM2.5,46614,46614,9.638855246530069,34.762101420275265,Q4 (9.6-34.8 ug/m3),3.9166666666666665
1430.5625,Transplant,0.8430767121065437,Q4,Lung,PM2.5,46614,46614,9.638855246530069,34.762101420275265,Q4 (9.6-34.8 ug/m3),3.9166666666666665
1461,Death/delisted too sick,0.12790177304532432,Q4,Lung,PM2.5,46614,46614,9.638855246530069,34.762101420275265,Q4 (9.6-34.8 ug/m3),4
1461,Transplant,0.8430767121065437,Q4,Lung,PM2.5,46614,46614,9.638855246530069,34.762101420275265,Q4 (9.6-34.8 ug/m3),4
1491.4375,Death/delisted too sick,0.12808225804895046,Q4,Lung,PM2.5,46614,46614,9.638855246530069,34.762101420275265,Q4 (9.6-34.8 ug/m3),4.083333333333333
1491.4375,Transplant,0.8436350027798545,Q4,Lung,PM2.5,46614,46614,9.638855246530069,34.762101420275265,Q4 (9.6-34.8 ug/m3),4.083333333333333
1521.875,Death/delisted too sick,0.12840817379964692,Q4,Lung,PM2.5,46614,46614,9.638855246530069,34.762101420275265,Q4 (9.6-34.8 ug/m3),4.166666666666667
1521.875,Transplant,0.844537976161778,Q4,Lung,PM2.5,46614,46614,9.638855246530069,34.762101420275265,Q4 (9.6-34.8 ug/m3),4.166666666666667
1552.3125,Death/delisted too sick,0.12851951047952986,Q4,Lung,PM2.5,46614,46614,9.638855246530069,34.762101420275265,Q4 (9.6-34.8 ug/m3),4.25
1552.3125,Transplant,0.8450483126774208,Q4,Lung,PM2.5,46614,46614,9.638855246530069,34.762101420275265,Q4 (9.6-34.8 ug/m3),4.25
1582.75,Death/delisted too sick,0.12917415527731288,Q4,Lung,PM2.5,46614,46614,9.638855246530069,34.762101420275265,Q4 (9.6-34.8 ug/m3),4.333333333333333
1582.75,Transplant,0.8453252636135484,Q4,Lung,PM2.5,46614,46614,9.638855246530069,34.762101420275265,Q4 (9.6-34.8 ug/m3),4.333333333333333
1613.1875,Death/delisted too sick,0.12982963391859495,Q4,Lung,PM2.5,46614,46614,9.638855246530069,34.762101420275265,Q4 (9.6-34.8 ug/m3),4.416666666666667
1613.1875,Transplant,0.8457200742946352,Q4,Lung,PM2.5,46614,46614,9.638855246530069,34.762101420275265,Q4 (9.6-34.8 ug/m3),4.416666666666667
1643.625,Death/delisted too sick,0.1299667322423574,Q4,Lung,PM2.5,46614,46614,9.638855246530069,34.762101420275265,Q4 (9.6-34.8 ug/m3),4.5
1643.625,Transplant,0.8477773561742987,Q4,Lung,PM2.5,46614,46614,9.638855246530069,34.762101420275265,Q4 (9.6-34.8 ug/m3),4.5
1674.0625,Death/delisted too sick,0.1299667322423574,Q4,Lung,PM2.5,46614,46614,9.638855246530069,34.762101420275265,Q4 (9.6-34.8 ug/m3),4.583333333333333
1674.0625,Transplant,0.8479357907190855,Q4,Lung,PM2.5,46614,46614,9.638855246530069,34.762101420275265,Q4 (9.6-34.8 ug/m3),4.583333333333333
1704.5,Death/delisted too sick,0.13015082359520266,Q4,Lung,PM2.5,46614,46614,9.638855246530069,34.762101420275265,Q4 (9.6-34.8 ug/m3),4.666666666666667
1704.5,Transplant,0.8487330682804717,Q4,Lung,PM2.5,46614,46614,9.638855246530069,34.762101420275265,Q4 (9.6-34.8 ug/m3),4.666666666666667
1734.9375,Death/delisted too sick,0.13024484340302114,Q4,Lung,PM2.5,46614,46614,9.638855246530069,34.762101420275265,Q4 (9.6-34.8 ug/m3),4.75
1734.9375,Transplant,0.8500842399233924,Q4,Lung,PM2.5,46614,46614,9.638855246530069,34.762101420275265,Q4 (9.6-34.8 ug/m3),4.75
1765.375,Death/delisted too sick,0.13036553816924526,Q4,Lung,PM2.5,46614,46614,9.638855246530069,34.762101420275265,Q4 (9.6-34.8 ug/m3),4.833333333333333
1765.375,Transplant,0.8523902717875624,Q4,Lung,PM2.5,46614,46614,9.638855246530069,34.762101420275265,Q4 (9.6-34.8 ug/m3),4.833333333333333
1795.8125,Death/delisted too sick,0.13044333792596638,Q4,Lung,PM2.5,46614,46614,9.638855246530069,34.762101420275265,Q4 (9.6-34.8 ug/m3),4.916666666666667
1795.8125,Transplant,0.8527739876890341,Q4,Lung,PM2.5,46614,46614,9.638855246530069,34.762101420275265,Q4 (9.6-34.8 ug/m3),4.916666666666667
1826.25,Death/delisted too sick,0.1306730080927901,Q4,Lung,PM2.5,46614,46614,9.638855246530069,34.762101420275265,Q4 (9.6-34.8 ug/m3),5
1826.25,Transplant,0.8527739876890341,Q4,Lung,PM2.5,46614,46614,9.638855246530069,34.762101420275265,Q4 (9.6-34.8 ug/m3),5
0,Death/delisted too sick,0,Q1,Heart,Ozone,73497,73497,24.05848757425944,36.38929348332541,Q1 (24.1-36.4 ppb),0
0,Transplant,0,Q1,Heart,Ozone,73497,73497,24.05848757425944,36.38929348332541,Q1 (24.1-36.4 ppb),0
30.4375,Death/delisted too sick,0.03238281700364535,Q1,Heart,Ozone,73497,73497,24.05848757425944,36.38929348332541,Q1 (24.1-36.4 ppb),0.08333333333333333
30.4375,Transplant,0.23933431218492954,Q1,Heart,Ozone,73497,73497,24.05848757425944,36.38929348332541,Q1 (24.1-36.4 ppb),0.08333333333333333
60.875,Death/delisted too sick,0.04937569050007738,Q1,Heart,Ozone,73497,73497,24.05848757425944,36.38929348332541,Q1 (24.1-36.4 ppb),0.16666666666666666
60.875,Transplant,0.332235147532731,Q1,Heart,Ozone,73497,73497,24.05848757425944,36.38929348332541,Q1 (24.1-36.4 ppb),0.16666666666666666
91.3125,Death/delisted too sick,0.06053539199474354,Q1,Heart,Ozone,73497,73497,24.05848757425944,36.38929348332541,Q1 (24.1-36.4 ppb),0.25
91.3125,Transplant,0.39429663575100277,Q1,Heart,Ozone,73497,73497,24.05848757425944,36.38929348332541,Q1 (24.1-36.4 ppb),0.25
121.75,Death/delisted too sick,0.06889289674727755,Q1,Heart,Ozone,73497,73497,24.05848757425944,36.38929348332541,Q1 (24.1-36.4 ppb),0.3333333333333333
121.75,Transplant,0.4409929944705966,Q1,Heart,Ozone,73497,73497,24.05848757425944,36.38929348332541,Q1 (24.1-36.4 ppb),0.3333333333333333
152.1875,Death/delisted too sick,0.07493147246087839,Q1,Heart,Ozone,73497,73497,24.05848757425944,36.38929348332541,Q1 (24.1-36.4 ppb),0.4166666666666667
152.1875,Transplant,0.48101912209420994,Q1,Heart,Ozone,73497,73497,24.05848757425944,36.38929348332541,Q1 (24.1-36.4 ppb),0.4166666666666667
182.625,Death/delisted too sick,0.08068920142899848,Q1,Heart,Ozone,73497,73497,24.05848757425944,36.38929348332541,Q1 (24.1-36.4 ppb),0.5
182.625,Transplant,0.5110523451404897,Q1,Heart,Ozone,73497,73497,24.05848757425944,36.38929348332541,Q1 (24.1-36.4 ppb),0.5
213.0625,Death/delisted too sick,0.0852468043519036,Q1,Heart,Ozone,73497,73497,24.05848757425944,36.38929348332541,Q1 (24.1-36.4 ppb),0.5833333333333334
213.0625,Transplant,0.5350442061627847,Q1,Heart,Ozone,73497,73497,24.05848757425944,36.38929348332541,Q1 (24.1-36.4 ppb),0.5833333333333334
243.5,Death/delisted too sick,0.08845333619388221,Q1,Heart,Ozone,73497,73497,24.05848757425944,36.38929348332541,Q1 (24.1-36.4 ppb),0.6666666666666666
243.5,Transplant,0.5548379291038723,Q1,Heart,Ozone,73497,73497,24.05848757425944,36.38929348332541,Q1 (24.1-36.4 ppb),0.6666666666666666
273.9375,Death/delisted too sick,0.09216494975212347,Q1,Heart,Ozone,73497,73497,24.05848757425944,36.38929348332541,Q1 (24.1-36.4 ppb),0.75
273.9375,Transplant,0.5703977441848899,Q1,Heart,Ozone,73497,73497,24.05848757425944,36.38929348332541,Q1 (24.1-36.4 ppb),0.75
304.375,Death/delisted too sick,0.09534223474916147,Q1,Heart,Ozone,73497,73497,24.05848757425944,36.38929348332541,Q1 (24.1-36.4 ppb),0.8333333333333334
304.375,Transplant,0.5863812582987371,Q1,Heart,Ozone,73497,73497,24.05848757425944,36.38929348332541,Q1 (24.1-36.4 ppb),0.8333333333333334
334.8125,Death/delisted too sick,0.09815274366551568,Q1,Heart,Ozone,73497,73497,24.05848757425944,36.38929348332541,Q1 (24.1-36.4 ppb),0.9166666666666666
334.8125,Transplant,0.598398167929149,Q1,Heart,Ozone,73497,73497,24.05848757425944,36.38929348332541,Q1 (24.1-36.4 ppb),0.9166666666666666
365.25,Death/delisted too sick,0.10033746944204258,Q1,Heart,Ozone,73497,73497,24.05848757425944,36.38929348332541,Q1 (24.1-36.4 ppb),1
365.25,Transplant,0.6103334944802299,Q1,Heart,Ozone,73497,73497,24.05848757425944,36.38929348332541,Q1 (24.1-36.4 ppb),1
395.6875,Death/delisted too sick,0.1016504060503399,Q1,Heart,Ozone,73497,73497,24.05848757425944,36.38929348332541,Q1 (24.1-36.4 ppb),1.0833333333333333
395.6875,Transplant,0.6213042461417878,Q1,Heart,Ozone,73497,73497,24.05848757425944,36.38929348332541,Q1 (24.1-36.4 ppb),1.0833333333333333
426.125,Death/delisted too sick,0.10437468714997715,Q1,Heart,Ozone,73497,73497,24.05848757425944,36.38929348332541,Q1 (24.1-36.4 ppb),1.1666666666666667
426.125,Transplant,0.631317076542913,Q1,Heart,Ozone,73497,73497,24.05848757425944,36.38929348332541,Q1 (24.1-36.4 ppb),1.1666666666666667
456.5625,Death/delisted too sick,0.10646022565040751,Q1,Heart,Ozone,73497,73497,24.05848757425944,36.38929348332541,Q1 (24.1-36.4 ppb),1.25
456.5625,Transplant,0.6399986330723997,Q1,Heart,Ozone,73497,73497,24.05848757425944,36.38929348332541,Q1 (24.1-36.4 ppb),1.25
487,Death/delisted too sick,0.10862757429023438,Q1,Heart,Ozone,73497,73497,24.05848757425944,36.38929348332541,Q1 (24.1-36.4 ppb),1.3333333333333333
487,Transplant,0.6484312403621987,Q1,Heart,Ozone,73497,73497,24.05848757425944,36.38929348332541,Q1 (24.1-36.4 ppb),1.3333333333333333
517.4375,Death/delisted too sick,0.10984872578181455,Q1,Heart,Ozone,73497,73497,24.05848757425944,36.38929348332541,Q1 (24.1-36.4 ppb),1.4166666666666667
517.4375,Transplant,0.6569430645955278,Q1,Heart,Ozone,73497,73497,24.05848757425944,36.38929348332541,Q1 (24.1-36.4 ppb),1.4166666666666667
547.875,Death/delisted too sick,0.11168026373586443,Q1,Heart,Ozone,73497,73497,24.05848757425944,36.38929348332541,Q1 (24.1-36.4 ppb),1.5
547.875,Transplant,0.6648795218311164,Q1,Heart,Ozone,73497,73497,24.05848757425944,36.38929348332541,Q1 (24.1-36.4 ppb),1.5
578.3125,Death/delisted too sick,0.11282331361827502,Q1,Heart,Ozone,73497,73497,24.05848757425944,36.38929348332541,Q1 (24.1-36.4 ppb),1.5833333333333333
578.3125,Transplant,0.67316329633355,Q1,Heart,Ozone,73497,73497,24.05848757425944,36.38929348332541,Q1 (24.1-36.4 ppb),1.5833333333333333
608.75,Death/delisted too sick,0.11481115784795183,Q1,Heart,Ozone,73497,73497,24.05848757425944,36.38929348332541,Q1 (24.1-36.4 ppb),1.6666666666666667
608.75,Transplant,0.6794715576939869,Q1,Heart,Ozone,73497,73497,24.05848757425944,36.38929348332541,Q1 (24.1-36.4 ppb),1.6666666666666667
639.1875,Death/delisted too sick,0.11606896895336048,Q1,Heart,Ozone,73497,73497,24.05848757425944,36.38929348332541,Q1 (24.1-36.4 ppb),1.75
639.1875,Transplant,0.6858506895261463,Q1,Heart,Ozone,73497,73497,24.05848757425944,36.38929348332541,Q1 (24.1-36.4 ppb),1.75
669.625,Death/delisted too sick,0.11754882323086116,Q1,Heart,Ozone,73497,73497,24.05848757425944,36.38929348332541,Q1 (24.1-36.4 ppb),1.8333333333333333
669.625,Transplant,0.6913547481508369,Q1,Heart,Ozone,73497,73497,24.05848757425944,36.38929348332541,Q1 (24.1-36.4 ppb),1.8333333333333333
700.0625,Death/delisted too sick,0.11834719157752678,Q1,Heart,Ozone,73497,73497,24.05848757425944,36.38929348332541,Q1 (24.1-36.4 ppb),1.9166666666666667
700.0625,Transplant,0.6971506843481732,Q1,Heart,Ozone,73497,73497,24.05848757425944,36.38929348332541,Q1 (24.1-36.4 ppb),1.9166666666666667
730.5,Death/delisted too sick,0.12038906142345868,Q1,Heart,Ozone,73497,73497,24.05848757425944,36.38929348332541,Q1 (24.1-36.4 ppb),2
730.5,Transplant,0.7018407630373507,Q1,Heart,Ozone,73497,73497,24.05848757425944,36.38929348332541,Q1 (24.1-36.4 ppb),2
760.9375,Death/delisted too sick,0.12174922664394709,Q1,Heart,Ozone,73497,73497,24.05848757425944,36.38929348332541,Q1 (24.1-36.4 ppb),2.0833333333333335
760.9375,Transplant,0.7057519150909132,Q1,Heart,Ozone,73497,73497,24.05848757425944,36.38929348332541,Q1 (24.1-36.4 ppb),2.0833333333333335
791.375,Death/delisted too sick,0.12301901394770919,Q1,Heart,Ozone,73497,73497,24.05848757425944,36.38929348332541,Q1 (24.1-36.4 ppb),2.1666666666666665
791.375,Transplant,0.7104305822395014,Q1,Heart,Ozone,73497,73497,24.05848757425944,36.38929348332541,Q1 (24.1-36.4 ppb),2.1666666666666665
821.8125,Death/delisted too sick,0.1240696281890019,Q1,Heart,Ozone,73497,73497,24.05848757425944,36.38929348332541,Q1 (24.1-36.4 ppb),2.25
821.8125,Transplant,0.7140304536124372,Q1,Heart,Ozone,73497,73497,24.05848757425944,36.38929348332541,Q1 (24.1-36.4 ppb),2.25
852.25,Death/delisted too sick,0.1262555489763369,Q1,Heart,Ozone,73497,73497,24.05848757425944,36.38929348332541,Q1 (24.1-36.4 ppb),2.3333333333333335
852.25,Transplant,0.7184604160747396,Q1,Heart,Ozone,73497,73497,24.05848757425944,36.38929348332541,Q1 (24.1-36.4 ppb),2.3333333333333335
882.6875,Death/delisted too sick,0.12751509802544894,Q1,Heart,Ozone,73497,73497,24.05848757425944,36.38929348332541,Q1 (24.1-36.4 ppb),2.4166666666666665
882.6875,Transplant,0.7213797376155814,Q1,Heart,Ozone,73497,73497,24.05848757425944,36.38929348332541,Q1 (24.1-36.4 ppb),2.4166666666666665
913.125,Death/delisted too sick,0.12886089581348864,Q1,Heart,Ozone,73497,73497,24.05848757425944,36.38929348332541,Q1 (24.1-36.4 ppb),2.5
913.125,Transplant,0.7254482827016075,Q1,Heart,Ozone,73497,73497,24.05848757425944,36.38929348332541,Q1 (24.1-36.4 ppb),2.5
943.5625,Death/delisted too sick,0.13030589856418312,Q1,Heart,Ozone,73497,73497,24.05848757425944,36.38929348332541,Q1 (24.1-36.4 ppb),2.5833333333333335
943.5625,Transplant,0.7284199653391247,Q1,Heart,Ozone,73497,73497,24.05848757425944,36.38929348332541,Q1 (24.1-36.4 ppb),2.5833333333333335
974,Death/delisted too sick,0.13187118138007342,Q1,Heart,Ozone,73497,73497,24.05848757425944,36.38929348332541,Q1 (24.1-36.4 ppb),2.6666666666666665
974,Transplant,0.7321127802595212,Q1,Heart,Ozone,73497,73497,24.05848757425944,36.38929348332541,Q1 (24.1-36.4 ppb),2.6666666666666665
1004.4375,Death/delisted too sick,0.13294301265077402,Q1,Heart,Ozone,73497,73497,24.05848757425944,36.38929348332541,Q1 (24.1-36.4 ppb),2.75
1004.4375,Transplant,0.7336301361100948,Q1,Heart,Ozone,73497,73497,24.05848757425944,36.38929348332541,Q1 (24.1-36.4 ppb),2.75
1034.875,Death/delisted too sick,0.1337502401630268,Q1,Heart,Ozone,73497,73497,24.05848757425944,36.38929348332541,Q1 (24.1-36.4 ppb),2.8333333333333335
1034.875,Transplant,0.7354433313461641,Q1,Heart,Ozone,73497,73497,24.05848757425944,36.38929348332541,Q1 (24.1-36.4 ppb),2.8333333333333335
1065.3125,Death/delisted too sick,0.13514778203727873,Q1,Heart,Ozone,73497,73497,24.05848757425944,36.38929348332541,Q1 (24.1-36.4 ppb),2.9166666666666665
1065.3125,Transplant,0.7377645709063885,Q1,Heart,Ozone,73497,73497,24.05848757425944,36.38929348332541,Q1 (24.1-36.4 ppb),2.9166666666666665
1095.75,Death/delisted too sick,0.1361295548006086,Q1,Heart,Ozone,73497,73497,24.05848757425944,36.38929348332541,Q1 (24.1-36.4 ppb),3
1095.75,Transplant,0.7397494553928522,Q1,Heart,Ozone,73497,73497,24.05848757425944,36.38929348332541,Q1 (24.1-36.4 ppb),3
1126.1875,Death/delisted too sick,0.13723975834704777,Q1,Heart,Ozone,73497,73497,24.05848757425944,36.38929348332541,Q1 (24.1-36.4 ppb),3.0833333333333335
1126.1875,Transplant,0.7423655987161104,Q1,Heart,Ozone,73497,73497,24.05848757425944,36.38929348332541,Q1 (24.1-36.4 ppb),3.0833333333333335
1156.625,Death/delisted too sick,0.1377913825270088,Q1,Heart,Ozone,73497,73497,24.05848757425944,36.38929348332541,Q1 (24.1-36.4 ppb),3.1666666666666665
1156.625,Transplant,0.743607231496088,Q1,Heart,Ozone,73497,73497,24.05848757425944,36.38929348332541,Q1 (24.1-36.4 ppb),3.1666666666666665
1187.0625,Death/delisted too sick,0.13877865123340888,Q1,Heart,Ozone,73497,73497,24.05848757425944,36.38929348332541,Q1 (24.1-36.4 ppb),3.25
1187.0625,Transplant,0.7454465617202913,Q1,Heart,Ozone,73497,73497,24.05848757425944,36.38929348332541,Q1 (24.1-36.4 ppb),3.25
1217.5,Death/delisted too sick,0.13981804519394667,Q1,Heart,Ozone,73497,73497,24.05848757425944,36.38929348332541,Q1 (24.1-36.4 ppb),3.3333333333333335
1217.5,Transplant,0.7470033769051215,Q1,Heart,Ozone,73497,73497,24.05848757425944,36.38929348332541,Q1 (24.1-36.4 ppb),3.3333333333333335
1247.9375,Death/delisted too sick,0.14013017641880265,Q1,Heart,Ozone,73497,73497,24.05848757425944,36.38929348332541,Q1 (24.1-36.4 ppb),3.4166666666666665
1247.9375,Transplant,0.7501421169090591,Q1,Heart,Ozone,73497,73497,24.05848757425944,36.38929348332541,Q1 (24.1-36.4 ppb),3.4166666666666665
1278.375,Death/delisted too sick,0.1407196722371447,Q1,Heart,Ozone,73497,73497,24.05848757425944,36.38929348332541,Q1 (24.1-36.4 ppb),3.5
1278.375,Transplant,0.7527078947159906,Q1,Heart,Ozone,73497,73497,24.05848757425944,36.38929348332541,Q1 (24.1-36.4 ppb),3.5
1308.8125,Death/delisted too sick,0.14133400862675025,Q1,Heart,Ozone,73497,73497,24.05848757425944,36.38929348332541,Q1 (24.1-36.4 ppb),3.5833333333333335
1308.8125,Transplant,0.7552051685003796,Q1,Heart,Ozone,73497,73497,24.05848757425944,36.38929348332541,Q1 (24.1-36.4 ppb),3.5833333333333335
1339.25,Death/delisted too sick,0.14242616112278078,Q1,Heart,Ozone,73497,73497,24.05848757425944,36.38929348332541,Q1 (24.1-36.4 ppb),3.6666666666666665
1339.25,Transplant,0.7568426847876619,Q1,Heart,Ozone,73497,73497,24.05848757425944,36.38929348332541,Q1 (24.1-36.4 ppb),3.6666666666666665
1369.6875,Death/delisted too sick,0.14282070703210648,Q1,Heart,Ozone,73497,73497,24.05848757425944,36.38929348332541,Q1 (24.1-36.4 ppb),3.75
1369.6875,Transplant,0.7585023600285417,Q1,Heart,Ozone,73497,73497,24.05848757425944,36.38929348332541,Q1 (24.1-36.4 ppb),3.75
1400.125,Death/delisted too sick,0.1433772688882265,Q1,Heart,Ozone,73497,73497,24.05848757425944,36.38929348332541,Q1 (24.1-36.4 ppb),3.8333333333333335
1400.125,Transplant,0.7590034857585738,Q1,Heart,Ozone,73497,73497,24.05848757425944,36.38929348332541,Q1 (24.1-36.4 ppb),3.8333333333333335
1430.5625,Death/delisted too sick,0.14436572243029017,Q1,Heart,Ozone,73497,73497,24.05848757425944,36.38929348332541,Q1 (24.1-36.4 ppb),3.9166666666666665
1430.5625,Transplant,0.760925528437406,Q1,Heart,Ozone,73497,73497,24.05848757425944,36.38929348332541,Q1 (24.1-36.4 ppb),3.9166666666666665
1461,Death/delisted too sick,0.14623496208325928,Q1,Heart,Ozone,73497,73497,24.05848757425944,36.38929348332541,Q1 (24.1-36.4 ppb),4
1461,Transplant,0.7618513983855283,Q1,Heart,Ozone,73497,73497,24.05848757425944,36.38929348332541,Q1 (24.1-36.4 ppb),4
1491.4375,Death/delisted too sick,0.1469301395617623,Q1,Heart,Ozone,73497,73497,24.05848757425944,36.38929348332541,Q1 (24.1-36.4 ppb),4.083333333333333
1491.4375,Transplant,0.7634392201180923,Q1,Heart,Ozone,73497,73497,24.05848757425944,36.38929348332541,Q1 (24.1-36.4 ppb),4.083333333333333
1521.875,Death/delisted too sick,0.14728866531165608,Q1,Heart,Ozone,73497,73497,24.05848757425944,36.38929348332541,Q1 (24.1-36.4 ppb),4.166666666666667
1521.875,Transplant,0.763967553328487,Q1,Heart,Ozone,73497,73497,24.05848757425944,36.38929348332541,Q1 (24.1-36.4 ppb),4.166666666666667
1552.3125,Death/delisted too sick,0.1476925688951088,Q1,Heart,Ozone,73497,73497,24.05848757425944,36.38929348332541,Q1 (24.1-36.4 ppb),4.25
1552.3125,Transplant,0.7665605582359036,Q1,Heart,Ozone,73497,73497,24.05848757425944,36.38929348332541,Q1 (24.1-36.4 ppb),4.25
1582.75,Death/delisted too sick,0.14801441869637777,Q1,Heart,Ozone,73497,73497,24.05848757425944,36.38929348332541,Q1 (24.1-36.4 ppb),4.333333333333333
1582.75,Transplant,0.7682932592662016,Q1,Heart,Ozone,73497,73497,24.05848757425944,36.38929348332541,Q1 (24.1-36.4 ppb),4.333333333333333
1613.1875,Death/delisted too sick,0.14861496673134977,Q1,Heart,Ozone,73497,73497,24.05848757425944,36.38929348332541,Q1 (24.1-36.4 ppb),4.416666666666667
1613.1875,Transplant,0.7704351702608029,Q1,Heart,Ozone,73497,73497,24.05848757425944,36.38929348332541,Q1 (24.1-36.4 ppb),4.416666666666667
1643.625,Death/delisted too sick,0.14953750048737807,Q1,Heart,Ozone,73497,73497,24.05848757425944,36.38929348332541,Q1 (24.1-36.4 ppb),4.5
1643.625,Transplant,0.7718030475569374,Q1,Heart,Ozone,73497,73497,24.05848757425944,36.38929348332541,Q1 (24.1-36.4 ppb),4.5
1674.0625,Death/delisted too sick,0.15003271663644363,Q1,Heart,Ozone,73497,73497,24.05848757425944,36.38929348332541,Q1 (24.1-36.4 ppb),4.583333333333333
1674.0625,Transplant,0.7730037893027358,Q1,Heart,Ozone,73497,73497,24.05848757425944,36.38929348332541,Q1 (24.1-36.4 ppb),4.583333333333333
1704.5,Death/delisted too sick,0.15061994724331812,Q1,Heart,Ozone,73497,73497,24.05848757425944,36.38929348332541,Q1 (24.1-36.4 ppb),4.666666666666667
1704.5,Transplant,0.7737403846789171,Q1,Heart,Ozone,73497,73497,24.05848757425944,36.38929348332541,Q1 (24.1-36.4 ppb),4.666666666666667
1734.9375,Death/delisted too sick,0.15180551362925002,Q1,Heart,Ozone,73497,73497,24.05848757425944,36.38929348332541,Q1 (24.1-36.4 ppb),4.75
1734.9375,Transplant,0.7753099569747102,Q1,Heart,Ozone,73497,73497,24.05848757425944,36.38929348332541,Q1 (24.1-36.4 ppb),4.75
1765.375,Death/delisted too sick,0.15263726437974484,Q1,Heart,Ozone,73497,73497,24.05848757425944,36.38929348332541,Q1 (24.1-36.4 ppb),4.833333333333333
1765.375,Transplant,0.7770234575727719,Q1,Heart,Ozone,73497,73497,24.05848757425944,36.38929348332541,Q1 (24.1-36.4 ppb),4.833333333333333
1795.8125,Death/delisted too sick,0.15317273900322564,Q1,Heart,Ozone,73497,73497,24.05848757425944,36.38929348332541,Q1 (24.1-36.4 ppb),4.916666666666667
1795.8125,Transplant,0.7785178799243457,Q1,Heart,Ozone,73497,73497,24.05848757425944,36.38929348332541,Q1 (24.1-36.4 ppb),4.916666666666667
1826.25,Death/delisted too sick,0.15362336826711054,Q1,Heart,Ozone,73497,73497,24.05848757425944,36.38929348332541,Q1 (24.1-36.4 ppb),5
1826.25,Transplant,0.7793452285407085,Q1,Heart,Ozone,73497,73497,24.05848757425944,36.38929348332541,Q1 (24.1-36.4 ppb),5
0,Death/delisted too sick,0,Q2,Heart,Ozone,73497,73497,36.38929348332541,38.088097799391974,Q2 (36.4-38.1 ppb),0
0,Transplant,0,Q2,Heart,Ozone,73497,73497,36.38929348332541,38.088097799391974,Q2 (36.4-38.1 ppb),0
30.4375,Death/delisted too sick,0.03328252328917252,Q2,Heart,Ozone,73497,73497,36.38929348332541,38.088097799391974,Q2 (36.4-38.1 ppb),0.08333333333333333
30.4375,Transplant,0.23835774831947693,Q2,Heart,Ozone,73497,73497,36.38929348332541,38.088097799391974,Q2 (36.4-38.1 ppb),0.08333333333333333
60.875,Death/delisted too sick,0.05111411333879702,Q2,Heart,Ozone,73497,73497,36.38929348332541,38.088097799391974,Q2 (36.4-38.1 ppb),0.16666666666666666
60.875,Transplant,0.3367960623334032,Q2,Heart,Ozone,73497,73497,36.38929348332541,38.088097799391974,Q2 (36.4-38.1 ppb),0.16666666666666666
91.3125,Death/delisted too sick,0.062215753846690584,Q2,Heart,Ozone,73497,73497,36.38929348332541,38.088097799391974,Q2 (36.4-38.1 ppb),0.25
91.3125,Transplant,0.402952011972457,Q2,Heart,Ozone,73497,73497,36.38929348332541,38.088097799391974,Q2 (36.4-38.1 ppb),0.25
121.75,Death/delisted too sick,0.06936420367781913,Q2,Heart,Ozone,73497,73497,36.38929348332541,38.088097799391974,Q2 (36.4-38.1 ppb),0.3333333333333333
121.75,Transplant,0.449794463047891,Q2,Heart,Ozone,73497,73497,36.38929348332541,38.088097799391974,Q2 (36.4-38.1 ppb),0.3333333333333333
152.1875,Death/delisted too sick,0.07722606307666056,Q2,Heart,Ozone,73497,73497,36.38929348332541,38.088097799391974,Q2 (36.4-38.1 ppb),0.4166666666666667
152.1875,Transplant,0.483634082785742,Q2,Heart,Ozone,73497,73497,36.38929348332541,38.088097799391974,Q2 (36.4-38.1 ppb),0.4166666666666667
182.625,Death/delisted too sick,0.0834575585858469,Q2,Heart,Ozone,73497,73497,36.38929348332541,38.088097799391974,Q2 (36.4-38.1 ppb),0.5
182.625,Transplant,0.5099307858681748,Q2,Heart,Ozone,73497,73497,36.38929348332541,38.088097799391974,Q2 (36.4-38.1 ppb),0.5
213.0625,Death/delisted too sick,0.0879777077498237,Q2,Heart,Ozone,73497,73497,36.38929348332541,38.088097799391974,Q2 (36.4-38.1 ppb),0.5833333333333334
213.0625,Transplant,0.5352925670890812,Q2,Heart,Ozone,73497,73497,36.38929348332541,38.088097799391974,Q2 (36.4-38.1 ppb),0.5833333333333334
243.5,Death/delisted too sick,0.09115726497183149,Q2,Heart,Ozone,73497,73497,36.38929348332541,38.088097799391974,Q2 (36.4-38.1 ppb),0.6666666666666666
243.5,Transplant,0.5539937729399044,Q2,Heart,Ozone,73497,73497,36.38929348332541,38.088097799391974,Q2 (36.4-38.1 ppb),0.6666666666666666
273.9375,Death/delisted too sick,0.09435849982047559,Q2,Heart,Ozone,73497,73497,36.38929348332541,38.088097799391974,Q2 (36.4-38.1 ppb),0.75
273.9375,Transplant,0.5725854911390481,Q2,Heart,Ozone,73497,73497,36.38929348332541,38.088097799391974,Q2 (36.4-38.1 ppb),0.75
304.375,Death/delisted too sick,0.09729958413378825,Q2,Heart,Ozone,73497,73497,36.38929348332541,38.088097799391974,Q2 (36.4-38.1 ppb),0.8333333333333334
304.375,Transplant,0.5904607455092891,Q2,Heart,Ozone,73497,73497,36.38929348332541,38.088097799391974,Q2 (36.4-38.1 ppb),0.8333333333333334
334.8125,Death/delisted too sick,0.09913666660453117,Q2,Heart,Ozone,73497,73497,36.38929348332541,38.088097799391974,Q2 (36.4-38.1 ppb),0.9166666666666666
334.8125,Transplant,0.6038811838622307,Q2,Heart,Ozone,73497,73497,36.38929348332541,38.088097799391974,Q2 (36.4-38.1 ppb),0.9166666666666666
365.25,Death/delisted too sick,0.10122974369601802,Q2,Heart,Ozone,73497,73497,36.38929348332541,38.088097799391974,Q2 (36.4-38.1 ppb),1
365.25,Transplant,0.6161902054108532,Q2,Heart,Ozone,73497,73497,36.38929348332541,38.088097799391974,Q2 (36.4-38.1 ppb),1
395.6875,Death/delisted too sick,0.10369528126991692,Q2,Heart,Ozone,73497,73497,36.38929348332541,38.088097799391974,Q2 (36.4-38.1 ppb),1.0833333333333333
395.6875,Transplant,0.6254313441304795,Q2,Heart,Ozone,73497,73497,36.38929348332541,38.088097799391974,Q2 (36.4-38.1 ppb),1.0833333333333333
426.125,Death/delisted too sick,0.10563928352631248,Q2,Heart,Ozone,73497,73497,36.38929348332541,38.088097799391974,Q2 (36.4-38.1 ppb),1.1666666666666667
426.125,Transplant,0.6344688013905828,Q2,Heart,Ozone,73497,73497,36.38929348332541,38.088097799391974,Q2 (36.4-38.1 ppb),1.1666666666666667
456.5625,Death/delisted too sick,0.10778594520233924,Q2,Heart,Ozone,73497,73497,36.38929348332541,38.088097799391974,Q2 (36.4-38.1 ppb),1.25
456.5625,Transplant,0.6426876304590853,Q2,Heart,Ozone,73497,73497,36.38929348332541,38.088097799391974,Q2 (36.4-38.1 ppb),1.25
487,Death/delisted too sick,0.10916475365816876,Q2,Heart,Ozone,73497,73497,36.38929348332541,38.088097799391974,Q2 (36.4-38.1 ppb),1.3333333333333333
487,Transplant,0.6508833169525162,Q2,Heart,Ozone,73497,73497,36.38929348332541,38.088097799391974,Q2 (36.4-38.1 ppb),1.3333333333333333
517.4375,Death/delisted too sick,0.11129897845112477,Q2,Heart,Ozone,73497,73497,36.38929348332541,38.088097799391974,Q2 (36.4-38.1 ppb),1.4166666666666667
517.4375,Transplant,0.6586885576343066,Q2,Heart,Ozone,73497,73497,36.38929348332541,38.088097799391974,Q2 (36.4-38.1 ppb),1.4166666666666667
547.875,Death/delisted too sick,0.1135527452768142,Q2,Heart,Ozone,73497,73497,36.38929348332541,38.088097799391974,Q2 (36.4-38.1 ppb),1.5
547.875,Transplant,0.6657827151445074,Q2,Heart,Ozone,73497,73497,36.38929348332541,38.088097799391974,Q2 (36.4-38.1 ppb),1.5
578.3125,Death/delisted too sick,0.11502795240735253,Q2,Heart,Ozone,73497,73497,36.38929348332541,38.088097799391974,Q2 (36.4-38.1 ppb),1.5833333333333333
578.3125,Transplant,0.6704876169647479,Q2,Heart,Ozone,73497,73497,36.38929348332541,38.088097799391974,Q2 (36.4-38.1 ppb),1.5833333333333333
608.75,Death/delisted too sick,0.11685228892959926,Q2,Heart,Ozone,73497,73497,36.38929348332541,38.088097799391974,Q2 (36.4-38.1 ppb),1.6666666666666667
608.75,Transplant,0.677568109538339,Q2,Heart,Ozone,73497,73497,36.38929348332541,38.088097799391974,Q2 (36.4-38.1 ppb),1.6666666666666667
639.1875,Death/delisted too sick,0.11885756062271718,Q2,Heart,Ozone,73497,73497,36.38929348332541,38.088097799391974,Q2 (36.4-38.1 ppb),1.75
639.1875,Transplant,0.6826845747771655,Q2,Heart,Ozone,73497,73497,36.38929348332541,38.088097799391974,Q2 (36.4-38.1 ppb),1.75
669.625,Death/delisted too sick,0.12088826938892691,Q2,Heart,Ozone,73497,73497,36.38929348332541,38.088097799391974,Q2 (36.4-38.1 ppb),1.8333333333333333
669.625,Transplant,0.6889981725930837,Q2,Heart,Ozone,73497,73497,36.38929348332541,38.088097799391974,Q2 (36.4-38.1 ppb),1.8333333333333333
700.0625,Death/delisted too sick,0.12225210248551958,Q2,Heart,Ozone,73497,73497,36.38929348332541,38.088097799391974,Q2 (36.4-38.1 ppb),1.9166666666666667
700.0625,Transplant,0.6938337027816143,Q2,Heart,Ozone,73497,73497,36.38929348332541,38.088097799391974,Q2 (36.4-38.1 ppb),1.9166666666666667
730.5,Death/delisted too sick,0.12314840076358079,Q2,Heart,Ozone,73497,73497,36.38929348332541,38.088097799391974,Q2 (36.4-38.1 ppb),2
730.5,Transplant,0.6980692989504954,Q2,Heart,Ozone,73497,73497,36.38929348332541,38.088097799391974,Q2 (36.4-38.1 ppb),2
760.9375,Death/delisted too sick,0.12424539276330228,Q2,Heart,Ozone,73497,73497,36.38929348332541,38.088097799391974,Q2 (36.4-38.1 ppb),2.0833333333333335
760.9375,Transplant,0.7020986563142124,Q2,Heart,Ozone,73497,73497,36.38929348332541,38.088097799391974,Q2 (36.4-38.1 ppb),2.0833333333333335
791.375,Death/delisted too sick,0.1251952601574006,Q2,Heart,Ozone,73497,73497,36.38929348332541,38.088097799391974,Q2 (36.4-38.1 ppb),2.1666666666666665
791.375,Transplant,0.7077958572578344,Q2,Heart,Ozone,73497,73497,36.38929348332541,38.088097799391974,Q2 (36.4-38.1 ppb),2.1666666666666665
821.8125,Death/delisted too sick,0.1269596004689317,Q2,Heart,Ozone,73497,73497,36.38929348332541,38.088097799391974,Q2 (36.4-38.1 ppb),2.25
821.8125,Transplant,0.7125350658222873,Q2,Heart,Ozone,73497,73497,36.38929348332541,38.088097799391974,Q2 (36.4-38.1 ppb),2.25
852.25,Death/delisted too sick,0.12885081548816746,Q2,Heart,Ozone,73497,73497,36.38929348332541,38.088097799391974,Q2 (36.4-38.1 ppb),2.3333333333333335
852.25,Transplant,0.718158913583132,Q2,Heart,Ozone,73497,73497,36.38929348332541,38.088097799391974,Q2 (36.4-38.1 ppb),2.3333333333333335
882.6875,Death/delisted too sick,0.12982017737849513,Q2,Heart,Ozone,73497,73497,36.38929348332541,38.088097799391974,Q2 (36.4-38.1 ppb),2.4166666666666665
882.6875,Transplant,0.7209699318665358,Q2,Heart,Ozone,73497,73497,36.38929348332541,38.088097799391974,Q2 (36.4-38.1 ppb),2.4166666666666665
913.125,Death/delisted too sick,0.1308032597540584,Q2,Heart,Ozone,73497,73497,36.38929348332541,38.088097799391974,Q2 (36.4-38.1 ppb),2.5
913.125,Transplant,0.7239087098738964,Q2,Heart,Ozone,73497,73497,36.38929348332541,38.088097799391974,Q2 (36.4-38.1 ppb),2.5
943.5625,Death/delisted too sick,0.13143765606319405,Q2,Heart,Ozone,73497,73497,36.38929348332541,38.088097799391974,Q2 (36.4-38.1 ppb),2.5833333333333335
943.5625,Transplant,0.7273356313009908,Q2,Heart,Ozone,73497,73497,36.38929348332541,38.088097799391974,Q2 (36.4-38.1 ppb),2.5833333333333335
974,Death/delisted too sick,0.13227846790134357,Q2,Heart,Ozone,73497,73497,36.38929348332541,38.088097799391974,Q2 (36.4-38.1 ppb),2.6666666666666665
974,Transplant,0.7296383463116098,Q2,Heart,Ozone,73497,73497,36.38929348332541,38.088097799391974,Q2 (36.4-38.1 ppb),2.6666666666666665
1004.4375,Death/delisted too sick,0.13326291392595765,Q2,Heart,Ozone,73497,73497,36.38929348332541,38.088097799391974,Q2 (36.4-38.1 ppb),2.75
1004.4375,Transplant,0.7326539707632045,Q2,Heart,Ozone,73497,73497,36.38929348332541,38.088097799391974,Q2 (36.4-38.1 ppb),2.75
1034.875,Death/delisted too sick,0.13444518440381822,Q2,Heart,Ozone,73497,73497,36.38929348332541,38.088097799391974,Q2 (36.4-38.1 ppb),2.8333333333333335
1034.875,Transplant,0.7353937556740018,Q2,Heart,Ozone,73497,73497,36.38929348332541,38.088097799391974,Q2 (36.4-38.1 ppb),2.8333333333333335
1065.3125,Death/delisted too sick,0.13539689362192509,Q2,Heart,Ozone,73497,73497,36.38929348332541,38.088097799391974,Q2 (36.4-38.1 ppb),2.9166666666666665
1065.3125,Transplant,0.7388345051891995,Q2,Heart,Ozone,73497,73497,36.38929348332541,38.088097799391974,Q2 (36.4-38.1 ppb),2.9166666666666665
1095.75,Death/delisted too sick,0.13589090009668114,Q2,Heart,Ozone,73497,73497,36.38929348332541,38.088097799391974,Q2 (36.4-38.1 ppb),3
1095.75,Transplant,0.7416174924015292,Q2,Heart,Ozone,73497,73497,36.38929348332541,38.088097799391974,Q2 (36.4-38.1 ppb),3
1126.1875,Death/delisted too sick,0.1372641288286144,Q2,Heart,Ozone,73497,73497,36.38929348332541,38.088097799391974,Q2 (36.4-38.1 ppb),3.0833333333333335
1126.1875,Transplant,0.7447913116010025,Q2,Heart,Ozone,73497,73497,36.38929348332541,38.088097799391974,Q2 (36.4-38.1 ppb),3.0833333333333335
1156.625,Death/delisted too sick,0.13825420181187204,Q2,Heart,Ozone,73497,73497,36.38929348332541,38.088097799391974,Q2 (36.4-38.1 ppb),3.1666666666666665
1156.625,Transplant,0.7477070606276112,Q2,Heart,Ozone,73497,73497,36.38929348332541,38.088097799391974,Q2 (36.4-38.1 ppb),3.1666666666666665
1187.0625,Death/delisted too sick,0.13975419545750703,Q2,Heart,Ozone,73497,73497,36.38929348332541,38.088097799391974,Q2 (36.4-38.1 ppb),3.25
1187.0625,Transplant,0.7490541641947208,Q2,Heart,Ozone,73497,73497,36.38929348332541,38.088097799391974,Q2 (36.4-38.1 ppb),3.25
1217.5,Death/delisted too sick,0.14113658503621382,Q2,Heart,Ozone,73497,73497,36.38929348332541,38.088097799391974,Q2 (36.4-38.1 ppb),3.3333333333333335
1217.5,Transplant,0.7517053066835934,Q2,Heart,Ozone,73497,73497,36.38929348332541,38.088097799391974,Q2 (36.4-38.1 ppb),3.3333333333333335
1247.9375,Death/delisted too sick,0.14296024721621206,Q2,Heart,Ozone,73497,73497,36.38929348332541,38.088097799391974,Q2 (36.4-38.1 ppb),3.4166666666666665
1247.9375,Transplant,0.7535098406077476,Q2,Heart,Ozone,73497,73497,36.38929348332541,38.088097799391974,Q2 (36.4-38.1 ppb),3.4166666666666665
1278.375,Death/delisted too sick,0.1441319386811043,Q2,Heart,Ozone,73497,73497,36.38929348332541,38.088097799391974,Q2 (36.4-38.1 ppb),3.5
1278.375,Transplant,0.7552895262836891,Q2,Heart,Ozone,73497,73497,36.38929348332541,38.088097799391974,Q2 (36.4-38.1 ppb),3.5
1308.8125,Death/delisted too sick,0.14573483047092564,Q2,Heart,Ozone,73497,73497,36.38929348332541,38.088097799391974,Q2 (36.4-38.1 ppb),3.5833333333333335
1308.8125,Transplant,0.7566708029336555,Q2,Heart,Ozone,73497,73497,36.38929348332541,38.088097799391974,Q2 (36.4-38.1 ppb),3.5833333333333335
1339.25,Death/delisted too sick,0.1465994920825223,Q2,Heart,Ozone,73497,73497,36.38929348332541,38.088097799391974,Q2 (36.4-38.1 ppb),3.6666666666666665
1339.25,Transplant,0.7578145903432311,Q2,Heart,Ozone,73497,73497,36.38929348332541,38.088097799391974,Q2 (36.4-38.1 ppb),3.6666666666666665
1369.6875,Death/delisted too sick,0.14758103602894235,Q2,Heart,Ozone,73497,73497,36.38929348332541,38.088097799391974,Q2 (36.4-38.1 ppb),3.75
1369.6875,Transplant,0.7596606924229952,Q2,Heart,Ozone,73497,73497,36.38929348332541,38.088097799391974,Q2 (36.4-38.1 ppb),3.75
1400.125,Death/delisted too sick,0.1478840115480686,Q2,Heart,Ozone,73497,73497,36.38929348332541,38.088097799391974,Q2 (36.4-38.1 ppb),3.8333333333333335
1400.125,Transplant,0.7608389917255716,Q2,Heart,Ozone,73497,73497,36.38929348332541,38.088097799391974,Q2 (36.4-38.1 ppb),3.8333333333333335
1430.5625,Death/delisted too sick,0.14928270413158964,Q2,Heart,Ozone,73497,73497,36.38929348332541,38.088097799391974,Q2 (36.4-38.1 ppb),3.9166666666666665
1430.5625,Transplant,0.761859572813396,Q2,Heart,Ozone,73497,73497,36.38929348332541,38.088097799391974,Q2 (36.4-38.1 ppb),3.9166666666666665
1461,Death/delisted too sick,0.15016752427749644,Q2,Heart,Ozone,73497,73497,36.38929348332541,38.088097799391974,Q2 (36.4-38.1 ppb),4
1461,Transplant,0.7635383062714459,Q2,Heart,Ozone,73497,73497,36.38929348332541,38.088097799391974,Q2 (36.4-38.1 ppb),4
1491.4375,Death/delisted too sick,0.15065096472788275,Q2,Heart,Ozone,73497,73497,36.38929348332541,38.088097799391974,Q2 (36.4-38.1 ppb),4.083333333333333
1491.4375,Transplant,0.764558913170998,Q2,Heart,Ozone,73497,73497,36.38929348332541,38.088097799391974,Q2 (36.4-38.1 ppb),4.083333333333333
1521.875,Death/delisted too sick,0.1514445388206599,Q2,Heart,Ozone,73497,73497,36.38929348332541,38.088097799391974,Q2 (36.4-38.1 ppb),4.166666666666667
1521.875,Transplant,0.7654386651608343,Q2,Heart,Ozone,73497,73497,36.38929348332541,38.088097799391974,Q2 (36.4-38.1 ppb),4.166666666666667
1552.3125,Death/delisted too sick,0.15206858649560595,Q2,Heart,Ozone,73497,73497,36.38929348332541,38.088097799391974,Q2 (36.4-38.1 ppb),4.25
1552.3125,Transplant,0.7665184211616259,Q2,Heart,Ozone,73497,73497,36.38929348332541,38.088097799391974,Q2 (36.4-38.1 ppb),4.25
1582.75,Death/delisted too sick,0.15307717537269072,Q2,Heart,Ozone,73497,73497,36.38929348332541,38.088097799391974,Q2 (36.4-38.1 ppb),4.333333333333333
1582.75,Transplant,0.7680665307090498,Q2,Heart,Ozone,73497,73497,36.38929348332541,38.088097799391974,Q2 (36.4-38.1 ppb),4.333333333333333
1613.1875,Death/delisted too sick,0.15307717537269072,Q2,Heart,Ozone,73497,73497,36.38929348332541,38.088097799391974,Q2 (36.4-38.1 ppb),4.416666666666667
1613.1875,Transplant,0.7705124618558065,Q2,Heart,Ozone,73497,73497,36.38929348332541,38.088097799391974,Q2 (36.4-38.1 ppb),4.416666666666667
1643.625,Death/delisted too sick,0.15384648353775934,Q2,Heart,Ozone,73497,73497,36.38929348332541,38.088097799391974,Q2 (36.4-38.1 ppb),4.5
1643.625,Transplant,0.7721955575970592,Q2,Heart,Ozone,73497,73497,36.38929348332541,38.088097799391974,Q2 (36.4-38.1 ppb),4.5
1674.0625,Death/delisted too sick,0.155102473698851,Q2,Heart,Ozone,73497,73497,36.38929348332541,38.088097799391974,Q2 (36.4-38.1 ppb),4.583333333333333
1674.0625,Transplant,0.7736258745943101,Q2,Heart,Ozone,73497,73497,36.38929348332541,38.088097799391974,Q2 (36.4-38.1 ppb),4.583333333333333
1704.5,Death/delisted too sick,0.15548719200037814,Q2,Heart,Ozone,73497,73497,36.38929348332541,38.088097799391974,Q2 (36.4-38.1 ppb),4.666666666666667
1704.5,Transplant,0.7742378697148183,Q2,Heart,Ozone,73497,73497,36.38929348332541,38.088097799391974,Q2 (36.4-38.1 ppb),4.666666666666667
1734.9375,Death/delisted too sick,0.15611051924109495,Q2,Heart,Ozone,73497,73497,36.38929348332541,38.088097799391974,Q2 (36.4-38.1 ppb),4.75
1734.9375,Transplant,0.7751178716335109,Q2,Heart,Ozone,73497,73497,36.38929348332541,38.088097799391974,Q2 (36.4-38.1 ppb),4.75
1765.375,Death/delisted too sick,0.15723985398691231,Q2,Heart,Ozone,73497,73497,36.38929348332541,38.088097799391974,Q2 (36.4-38.1 ppb),4.833333333333333
1765.375,Transplant,0.775949444540377,Q2,Heart,Ozone,73497,73497,36.38929348332541,38.088097799391974,Q2 (36.4-38.1 ppb),4.833333333333333
1795.8125,Death/delisted too sick,0.157683588822293,Q2,Heart,Ozone,73497,73497,36.38929348332541,38.088097799391974,Q2 (36.4-38.1 ppb),4.916666666666667
1795.8125,Transplant,0.7775426679172067,Q2,Heart,Ozone,73497,73497,36.38929348332541,38.088097799391974,Q2 (36.4-38.1 ppb),4.916666666666667
1826.25,Death/delisted too sick,0.15801017352345967,Q2,Heart,Ozone,73497,73497,36.38929348332541,38.088097799391974,Q2 (36.4-38.1 ppb),5
1826.25,Transplant,0.7791547304625263,Q2,Heart,Ozone,73497,73497,36.38929348332541,38.088097799391974,Q2 (36.4-38.1 ppb),5
0,Death/delisted too sick,0,Q3,Heart,Ozone,73497,73497,38.088097799391974,40.248315239070216,Q3 (38.1-40.2 ppb),0
0,Transplant,0,Q3,Heart,Ozone,73497,73497,38.088097799391974,40.248315239070216,Q3 (38.1-40.2 ppb),0
30.4375,Death/delisted too sick,0.03616137723718906,Q3,Heart,Ozone,73497,73497,38.088097799391974,40.248315239070216,Q3 (38.1-40.2 ppb),0.08333333333333333
30.4375,Transplant,0.26113132879430845,Q3,Heart,Ozone,73497,73497,38.088097799391974,40.248315239070216,Q3 (38.1-40.2 ppb),0.08333333333333333
60.875,Death/delisted too sick,0.05596767913632482,Q3,Heart,Ozone,73497,73497,38.088097799391974,40.248315239070216,Q3 (38.1-40.2 ppb),0.16666666666666666
60.875,Transplant,0.3636711052295829,Q3,Heart,Ozone,73497,73497,38.088097799391974,40.248315239070216,Q3 (38.1-40.2 ppb),0.16666666666666666
91.3125,Death/delisted too sick,0.06683306192396854,Q3,Heart,Ozone,73497,73497,38.088097799391974,40.248315239070216,Q3 (38.1-40.2 ppb),0.25
91.3125,Transplant,0.42485092307896427,Q3,Heart,Ozone,73497,73497,38.088097799391974,40.248315239070216,Q3 (38.1-40.2 ppb),0.25
121.75,Death/delisted too sick,0.07567420377868263,Q3,Heart,Ozone,73497,73497,38.088097799391974,40.248315239070216,Q3 (38.1-40.2 ppb),0.3333333333333333
121.75,Transplant,0.4672866601974441,Q3,Heart,Ozone,73497,73497,38.088097799391974,40.248315239070216,Q3 (38.1-40.2 ppb),0.3333333333333333
152.1875,Death/delisted too sick,0.08195577595077494,Q3,Heart,Ozone,73497,73497,38.088097799391974,40.248315239070216,Q3 (38.1-40.2 ppb),0.4166666666666667
152.1875,Transplant,0.501506843808934,Q3,Heart,Ozone,73497,73497,38.088097799391974,40.248315239070216,Q3 (38.1-40.2 ppb),0.4166666666666667
182.625,Death/delisted too sick,0.08750872922363166,Q3,Heart,Ozone,73497,73497,38.088097799391974,40.248315239070216,Q3 (38.1-40.2 ppb),0.5
182.625,Transplant,0.5303384865931469,Q3,Heart,Ozone,73497,73497,38.088097799391974,40.248315239070216,Q3 (38.1-40.2 ppb),0.5
213.0625,Death/delisted too sick,0.09123814767404763,Q3,Heart,Ozone,73497,73497,38.088097799391974,40.248315239070216,Q3 (38.1-40.2 ppb),0.5833333333333334
213.0625,Transplant,0.5551756089909637,Q3,Heart,Ozone,73497,73497,38.088097799391974,40.248315239070216,Q3 (38.1-40.2 ppb),0.5833333333333334
243.5,Death/delisted too sick,0.09504017905631029,Q3,Heart,Ozone,73497,73497,38.088097799391974,40.248315239070216,Q3 (38.1-40.2 ppb),0.6666666666666666
243.5,Transplant,0.5751598094840462,Q3,Heart,Ozone,73497,73497,38.088097799391974,40.248315239070216,Q3 (38.1-40.2 ppb),0.6666666666666666
273.9375,Death/delisted too sick,0.09920240566520652,Q3,Heart,Ozone,73497,73497,38.088097799391974,40.248315239070216,Q3 (38.1-40.2 ppb),0.75
273.9375,Transplant,0.5927049262190682,Q3,Heart,Ozone,73497,73497,38.088097799391974,40.248315239070216,Q3 (38.1-40.2 ppb),0.75
304.375,Death/delisted too sick,0.10302860669785131,Q3,Heart,Ozone,73497,73497,38.088097799391974,40.248315239070216,Q3 (38.1-40.2 ppb),0.8333333333333334
304.375,Transplant,0.6072022047539135,Q3,Heart,Ozone,73497,73497,38.088097799391974,40.248315239070216,Q3 (38.1-40.2 ppb),0.8333333333333334
334.8125,Death/delisted too sick,0.10585929161683362,Q3,Heart,Ozone,73497,73497,38.088097799391974,40.248315239070216,Q3 (38.1-40.2 ppb),0.9166666666666666
334.8125,Transplant,0.6215113294004848,Q3,Heart,Ozone,73497,73497,38.088097799391974,40.248315239070216,Q3 (38.1-40.2 ppb),0.9166666666666666
365.25,Death/delisted too sick,0.11021301061831794,Q3,Heart,Ozone,73497,73497,38.088097799391974,40.248315239070216,Q3 (38.1-40.2 ppb),1
365.25,Transplant,0.6341213599002403,Q3,Heart,Ozone,73497,73497,38.088097799391974,40.248315239070216,Q3 (38.1-40.2 ppb),1
395.6875,Death/delisted too sick,0.11311438128557719,Q3,Heart,Ozone,73497,73497,38.088097799391974,40.248315239070216,Q3 (38.1-40.2 ppb),1.0833333333333333
395.6875,Transplant,0.6432937618861271,Q3,Heart,Ozone,73497,73497,38.088097799391974,40.248315239070216,Q3 (38.1-40.2 ppb),1.0833333333333333
426.125,Death/delisted too sick,0.11537663705610907,Q3,Heart,Ozone,73497,73497,38.088097799391974,40.248315239070216,Q3 (38.1-40.2 ppb),1.1666666666666667
426.125,Transplant,0.6538021464909266,Q3,Heart,Ozone,73497,73497,38.088097799391974,40.248315239070216,Q3 (38.1-40.2 ppb),1.1666666666666667
456.5625,Death/delisted too sick,0.11689348180005335,Q3,Heart,Ozone,73497,73497,38.088097799391974,40.248315239070216,Q3 (38.1-40.2 ppb),1.25
456.5625,Transplant,0.6618720304702886,Q3,Heart,Ozone,73497,73497,38.088097799391974,40.248315239070216,Q3 (38.1-40.2 ppb),1.25
487,Death/delisted too sick,0.11837175291389422,Q3,Heart,Ozone,73497,73497,38.088097799391974,40.248315239070216,Q3 (38.1-40.2 ppb),1.3333333333333333
487,Transplant,0.6707032142798138,Q3,Heart,Ozone,73497,73497,38.088097799391974,40.248315239070216,Q3 (38.1-40.2 ppb),1.3333333333333333
517.4375,Death/delisted too sick,0.12020558568551996,Q3,Heart,Ozone,73497,73497,38.088097799391974,40.248315239070216,Q3 (38.1-40.2 ppb),1.4166666666666667
517.4375,Transplant,0.6781643436145329,Q3,Heart,Ozone,73497,73497,38.088097799391974,40.248315239070216,Q3 (38.1-40.2 ppb),1.4166666666666667
547.875,Death/delisted too sick,0.12165722929464011,Q3,Heart,Ozone,73497,73497,38.088097799391974,40.248315239070216,Q3 (38.1-40.2 ppb),1.5
547.875,Transplant,0.685240463751732,Q3,Heart,Ozone,73497,73497,38.088097799391974,40.248315239070216,Q3 (38.1-40.2 ppb),1.5
578.3125,Death/delisted too sick,0.12329389957604268,Q3,Heart,Ozone,73497,73497,38.088097799391974,40.248315239070216,Q3 (38.1-40.2 ppb),1.5833333333333333
578.3125,Transplant,0.6910202077938156,Q3,Heart,Ozone,73497,73497,38.088097799391974,40.248315239070216,Q3 (38.1-40.2 ppb),1.5833333333333333
608.75,Death/delisted too sick,0.12483701574181269,Q3,Heart,Ozone,73497,73497,38.088097799391974,40.248315239070216,Q3 (38.1-40.2 ppb),1.6666666666666667
608.75,Transplant,0.695818136242391,Q3,Heart,Ozone,73497,73497,38.088097799391974,40.248315239070216,Q3 (38.1-40.2 ppb),1.6666666666666667
639.1875,Death/delisted too sick,0.12633708782937045,Q3,Heart,Ozone,73497,73497,38.088097799391974,40.248315239070216,Q3 (38.1-40.2 ppb),1.75
639.1875,Transplant,0.7010363019080119,Q3,Heart,Ozone,73497,73497,38.088097799391974,40.248315239070216,Q3 (38.1-40.2 ppb),1.75
669.625,Death/delisted too sick,0.1272897320679255,Q3,Heart,Ozone,73497,73497,38.088097799391974,40.248315239070216,Q3 (38.1-40.2 ppb),1.8333333333333333
669.625,Transplant,0.7060454730856883,Q3,Heart,Ozone,73497,73497,38.088097799391974,40.248315239070216,Q3 (38.1-40.2 ppb),1.8333333333333333
700.0625,Death/delisted too sick,0.1292680577104618,Q3,Heart,Ozone,73497,73497,38.088097799391974,40.248315239070216,Q3 (38.1-40.2 ppb),1.9166666666666667
700.0625,Transplant,0.7108623243701269,Q3,Heart,Ozone,73497,73497,38.088097799391974,40.248315239070216,Q3 (38.1-40.2 ppb),1.9166666666666667
730.5,Death/delisted too sick,0.13041207987100706,Q3,Heart,Ozone,73497,73497,38.088097799391974,40.248315239070216,Q3 (38.1-40.2 ppb),2
730.5,Transplant,0.7151618524580718,Q3,Heart,Ozone,73497,73497,38.088097799391974,40.248315239070216,Q3 (38.1-40.2 ppb),2
760.9375,Death/delisted too sick,0.13207953829884247,Q3,Heart,Ozone,73497,73497,38.088097799391974,40.248315239070216,Q3 (38.1-40.2 ppb),2.0833333333333335
760.9375,Transplant,0.7206243851457592,Q3,Heart,Ozone,73497,73497,38.088097799391974,40.248315239070216,Q3 (38.1-40.2 ppb),2.0833333333333335
791.375,Death/delisted too sick,0.13308226694433917,Q3,Heart,Ozone,73497,73497,38.088097799391974,40.248315239070216,Q3 (38.1-40.2 ppb),2.1666666666666665
791.375,Transplant,0.7245276716010819,Q3,Heart,Ozone,73497,73497,38.088097799391974,40.248315239070216,Q3 (38.1-40.2 ppb),2.1666666666666665
821.8125,Death/delisted too sick,0.13504821042185286,Q3,Heart,Ozone,73497,73497,38.088097799391974,40.248315239070216,Q3 (38.1-40.2 ppb),2.25
821.8125,Transplant,0.7286232311061234,Q3,Heart,Ozone,73497,73497,38.088097799391974,40.248315239070216,Q3 (38.1-40.2 ppb),2.25
852.25,Death/delisted too sick,0.13617884004972433,Q3,Heart,Ozone,73497,73497,38.088097799391974,40.248315239070216,Q3 (38.1-40.2 ppb),2.3333333333333335
852.25,Transplant,0.731769856141715,Q3,Heart,Ozone,73497,73497,38.088097799391974,40.248315239070216,Q3 (38.1-40.2 ppb),2.3333333333333335
882.6875,Death/delisted too sick,0.13763444965203667,Q3,Heart,Ozone,73497,73497,38.088097799391974,40.248315239070216,Q3 (38.1-40.2 ppb),2.4166666666666665
882.6875,Transplant,0.7355522270550855,Q3,Heart,Ozone,73497,73497,38.088097799391974,40.248315239070216,Q3 (38.1-40.2 ppb),2.4166666666666665
913.125,Death/delisted too sick,0.13892916473523134,Q3,Heart,Ozone,73497,73497,38.088097799391974,40.248315239070216,Q3 (38.1-40.2 ppb),2.5
913.125,Transplant,0.7376102487612051,Q3,Heart,Ozone,73497,73497,38.088097799391974,40.248315239070216,Q3 (38.1-40.2 ppb),2.5
943.5625,Death/delisted too sick,0.1399008430343629,Q3,Heart,Ozone,73497,73497,38.088097799391974,40.248315239070216,Q3 (38.1-40.2 ppb),2.5833333333333335
943.5625,Transplant,0.7399928161562231,Q3,Heart,Ozone,73497,73497,38.088097799391974,40.248315239070216,Q3 (38.1-40.2 ppb),2.5833333333333335
974,Death/delisted too sick,0.1413303711206455,Q3,Heart,Ozone,73497,73497,38.088097799391974,40.248315239070216,Q3 (38.1-40.2 ppb),2.6666666666666665
974,Transplant,0.7418700779761589,Q3,Heart,Ozone,73497,73497,38.088097799391974,40.248315239070216,Q3 (38.1-40.2 ppb),2.6666666666666665
1004.4375,Death/delisted too sick,0.1416986598269359,Q3,Heart,Ozone,73497,73497,38.088097799391974,40.248315239070216,Q3 (38.1-40.2 ppb),2.75
1004.4375,Transplant,0.7446742545617379,Q3,Heart,Ozone,73497,73497,38.088097799391974,40.248315239070216,Q3 (38.1-40.2 ppb),2.75
1034.875,Death/delisted too sick,0.14324149676930165,Q3,Heart,Ozone,73497,73497,38.088097799391974,40.248315239070216,Q3 (38.1-40.2 ppb),2.8333333333333335
1034.875,Transplant,0.7468482665235936,Q3,Heart,Ozone,73497,73497,38.088097799391974,40.248315239070216,Q3 (38.1-40.2 ppb),2.8333333333333335
1065.3125,Death/delisted too sick,0.1443661152831785,Q3,Heart,Ozone,73497,73497,38.088097799391974,40.248315239070216,Q3 (38.1-40.2 ppb),2.9166666666666665
1065.3125,Transplant,0.7487653501925016,Q3,Heart,Ozone,73497,73497,38.088097799391974,40.248315239070216,Q3 (38.1-40.2 ppb),2.9166666666666665
1095.75,Death/delisted too sick,0.1451304754921977,Q3,Heart,Ozone,73497,73497,38.088097799391974,40.248315239070216,Q3 (38.1-40.2 ppb),3
1095.75,Transplant,0.7508070568578513,Q3,Heart,Ozone,73497,73497,38.088097799391974,40.248315239070216,Q3 (38.1-40.2 ppb),3
1126.1875,Death/delisted too sick,0.14605311370179988,Q3,Heart,Ozone,73497,73497,38.088097799391974,40.248315239070216,Q3 (38.1-40.2 ppb),3.0833333333333335
1126.1875,Transplant,0.7531140497033689,Q3,Heart,Ozone,73497,73497,38.088097799391974,40.248315239070216,Q3 (38.1-40.2 ppb),3.0833333333333335
1156.625,Death/delisted too sick,0.14681478153870386,Q3,Heart,Ozone,73497,73497,38.088097799391974,40.248315239070216,Q3 (38.1-40.2 ppb),3.1666666666666665
1156.625,Transplant,0.756060358285675,Q3,Heart,Ozone,73497,73497,38.088097799391974,40.248315239070216,Q3 (38.1-40.2 ppb),3.1666666666666665
1187.0625,Death/delisted too sick,0.14760750148938592,Q3,Heart,Ozone,73497,73497,38.088097799391974,40.248315239070216,Q3 (38.1-40.2 ppb),3.25
1187.0625,Transplant,0.7578726117824002,Q3,Heart,Ozone,73497,73497,38.088097799391974,40.248315239070216,Q3 (38.1-40.2 ppb),3.25
1217.5,Death/delisted too sick,0.14857619545904405,Q3,Heart,Ozone,73497,73497,38.088097799391974,40.248315239070216,Q3 (38.1-40.2 ppb),3.3333333333333335
1217.5,Transplant,0.7598690321997524,Q3,Heart,Ozone,73497,73497,38.088097799391974,40.248315239070216,Q3 (38.1-40.2 ppb),3.3333333333333335
1247.9375,Death/delisted too sick,0.1492799481427966,Q3,Heart,Ozone,73497,73497,38.088097799391974,40.248315239070216,Q3 (38.1-40.2 ppb),3.4166666666666665
1247.9375,Transplant,0.7621605898214664,Q3,Heart,Ozone,73497,73497,38.088097799391974,40.248315239070216,Q3 (38.1-40.2 ppb),3.4166666666666665
1278.375,Death/delisted too sick,0.1501450117346351,Q3,Heart,Ozone,73497,73497,38.088097799391974,40.248315239070216,Q3 (38.1-40.2 ppb),3.5
1278.375,Transplant,0.7634532403062617,Q3,Heart,Ozone,73497,73497,38.088097799391974,40.248315239070216,Q3 (38.1-40.2 ppb),3.5
1308.8125,Death/delisted too sick,0.15077520627279153,Q3,Heart,Ozone,73497,73497,38.088097799391974,40.248315239070216,Q3 (38.1-40.2 ppb),3.5833333333333335
1308.8125,Transplant,0.7648577816646954,Q3,Heart,Ozone,73497,73497,38.088097799391974,40.248315239070216,Q3 (38.1-40.2 ppb),3.5833333333333335
1339.25,Death/delisted too sick,0.1515257803015244,Q3,Heart,Ozone,73497,73497,38.088097799391974,40.248315239070216,Q3 (38.1-40.2 ppb),3.6666666666666665
1339.25,Transplant,0.7669176924108744,Q3,Heart,Ozone,73497,73497,38.088097799391974,40.248315239070216,Q3 (38.1-40.2 ppb),3.6666666666666665
1369.6875,Death/delisted too sick,0.15223880473085163,Q3,Heart,Ozone,73497,73497,38.088097799391974,40.248315239070216,Q3 (38.1-40.2 ppb),3.75
1369.6875,Transplant,0.7688520874331594,Q3,Heart,Ozone,73497,73497,38.088097799391974,40.248315239070216,Q3 (38.1-40.2 ppb),3.75
1400.125,Death/delisted too sick,0.15259277416908607,Q3,Heart,Ozone,73497,73497,38.088097799391974,40.248315239070216,Q3 (38.1-40.2 ppb),3.8333333333333335
1400.125,Transplant,0.7715470430615077,Q3,Heart,Ozone,73497,73497,38.088097799391974,40.248315239070216,Q3 (38.1-40.2 ppb),3.8333333333333335
1430.5625,Death/delisted too sick,0.15380327164715468,Q3,Heart,Ozone,73497,73497,38.088097799391974,40.248315239070216,Q3 (38.1-40.2 ppb),3.9166666666666665
1430.5625,Transplant,0.7727327980102888,Q3,Heart,Ozone,73497,73497,38.088097799391974,40.248315239070216,Q3 (38.1-40.2 ppb),3.9166666666666665
1461,Death/delisted too sick,0.15437534294507543,Q3,Heart,Ozone,73497,73497,38.088097799391974,40.248315239070216,Q3 (38.1-40.2 ppb),4
1461,Transplant,0.773649410535644,Q3,Heart,Ozone,73497,73497,38.088097799391974,40.248315239070216,Q3 (38.1-40.2 ppb),4
1491.4375,Death/delisted too sick,0.15494859095217597,Q3,Heart,Ozone,73497,73497,38.088097799391974,40.248315239070216,Q3 (38.1-40.2 ppb),4.083333333333333
1491.4375,Transplant,0.7748208663895249,Q3,Heart,Ozone,73497,73497,38.088097799391974,40.248315239070216,Q3 (38.1-40.2 ppb),4.083333333333333
1521.875,Death/delisted too sick,0.1556634100245779,Q3,Heart,Ozone,73497,73497,38.088097799391974,40.248315239070216,Q3 (38.1-40.2 ppb),4.166666666666667
1521.875,Transplant,0.7767277456368844,Q3,Heart,Ozone,73497,73497,38.088097799391974,40.248315239070216,Q3 (38.1-40.2 ppb),4.166666666666667
1552.3125,Death/delisted too sick,0.15610871765112894,Q3,Heart,Ozone,73497,73497,38.088097799391974,40.248315239070216,Q3 (38.1-40.2 ppb),4.25
1552.3125,Transplant,0.7777981921670479,Q3,Heart,Ozone,73497,73497,38.088097799391974,40.248315239070216,Q3 (38.1-40.2 ppb),4.25
1582.75,Death/delisted too sick,0.15691803382949254,Q3,Heart,Ozone,73497,73497,38.088097799391974,40.248315239070216,Q3 (38.1-40.2 ppb),4.333333333333333
1582.75,Transplant,0.7783941476470694,Q3,Heart,Ozone,73497,73497,38.088097799391974,40.248315239070216,Q3 (38.1-40.2 ppb),4.333333333333333
1613.1875,Death/delisted too sick,0.15724707505877122,Q3,Heart,Ozone,73497,73497,38.088097799391974,40.248315239070216,Q3 (38.1-40.2 ppb),4.416666666666667
1613.1875,Transplant,0.7794748347558804,Q3,Heart,Ozone,73497,73497,38.088097799391974,40.248315239070216,Q3 (38.1-40.2 ppb),4.416666666666667
1643.625,Death/delisted too sick,0.15771073312852935,Q3,Heart,Ozone,73497,73497,38.088097799391974,40.248315239070216,Q3 (38.1-40.2 ppb),4.5
1643.625,Transplant,0.7809934512301248,Q3,Heart,Ozone,73497,73497,38.088097799391974,40.248315239070216,Q3 (38.1-40.2 ppb),4.5
1674.0625,Death/delisted too sick,0.15860209112513415,Q3,Heart,Ozone,73497,73497,38.088097799391974,40.248315239070216,Q3 (38.1-40.2 ppb),4.583333333333333
1674.0625,Transplant,0.7816514147212468,Q3,Heart,Ozone,73497,73497,38.088097799391974,40.248315239070216,Q3 (38.1-40.2 ppb),4.583333333333333
1704.5,Death/delisted too sick,0.1594607519098218,Q3,Heart,Ozone,73497,73497,38.088097799391974,40.248315239070216,Q3 (38.1-40.2 ppb),4.666666666666667
1704.5,Transplant,0.7826993255264786,Q3,Heart,Ozone,73497,73497,38.088097799391974,40.248315239070216,Q3 (38.1-40.2 ppb),4.666666666666667
1734.9375,Death/delisted too sick,0.16043957146647506,Q3,Heart,Ozone,73497,73497,38.088097799391974,40.248315239070216,Q3 (38.1-40.2 ppb),4.75
1734.9375,Transplant,0.7836047112072388,Q3,Heart,Ozone,73497,73497,38.088097799391974,40.248315239070216,Q3 (38.1-40.2 ppb),4.75
1765.375,Death/delisted too sick,0.16043957146647506,Q3,Heart,Ozone,73497,73497,38.088097799391974,40.248315239070216,Q3 (38.1-40.2 ppb),4.833333333333333
1765.375,Transplant,0.7846630371563349,Q3,Heart,Ozone,73497,73497,38.088097799391974,40.248315239070216,Q3 (38.1-40.2 ppb),4.833333333333333
1795.8125,Death/delisted too sick,0.16070938267973187,Q3,Heart,Ozone,73497,73497,38.088097799391974,40.248315239070216,Q3 (38.1-40.2 ppb),4.916666666666667
1795.8125,Transplant,0.7858105989690122,Q3,Heart,Ozone,73497,73497,38.088097799391974,40.248315239070216,Q3 (38.1-40.2 ppb),4.916666666666667
1826.25,Death/delisted too sick,0.1614995246354516,Q3,Heart,Ozone,73497,73497,38.088097799391974,40.248315239070216,Q3 (38.1-40.2 ppb),5
1826.25,Transplant,0.7865155851923272,Q3,Heart,Ozone,73497,73497,38.088097799391974,40.248315239070216,Q3 (38.1-40.2 ppb),5
0,Death/delisted too sick,0,Q4,Heart,Ozone,73497,73497,40.24856433151949,57.35702352997261,Q4 (40.2-57.4 ppb),0
0,Transplant,0,Q4,Heart,Ozone,73497,73497,40.24856433151949,57.35702352997261,Q4 (40.2-57.4 ppb),0
30.4375,Death/delisted too sick,0.03617511813437042,Q4,Heart,Ozone,73497,73497,40.24856433151949,57.35702352997261,Q4 (40.2-57.4 ppb),0.08333333333333333
30.4375,Transplant,0.27448023723570836,Q4,Heart,Ozone,73497,73497,40.24856433151949,57.35702352997261,Q4 (40.2-57.4 ppb),0.08333333333333333
60.875,Death/delisted too sick,0.05440303787358329,Q4,Heart,Ozone,73497,73497,40.24856433151949,57.35702352997261,Q4 (40.2-57.4 ppb),0.16666666666666666
60.875,Transplant,0.38608783241412836,Q4,Heart,Ozone,73497,73497,40.24856433151949,57.35702352997261,Q4 (40.2-57.4 ppb),0.16666666666666666
91.3125,Death/delisted too sick,0.06387967999882925,Q4,Heart,Ozone,73497,73497,40.24856433151949,57.35702352997261,Q4 (40.2-57.4 ppb),0.25
91.3125,Transplant,0.4498708258622688,Q4,Heart,Ozone,73497,73497,40.24856433151949,57.35702352997261,Q4 (40.2-57.4 ppb),0.25
121.75,Death/delisted too sick,0.07129786311370577,Q4,Heart,Ozone,73497,73497,40.24856433151949,57.35702352997261,Q4 (40.2-57.4 ppb),0.3333333333333333
121.75,Transplant,0.4964742934650629,Q4,Heart,Ozone,73497,73497,40.24856433151949,57.35702352997261,Q4 (40.2-57.4 ppb),0.3333333333333333
152.1875,Death/delisted too sick,0.07627141063554362,Q4,Heart,Ozone,73497,73497,40.24856433151949,57.35702352997261,Q4 (40.2-57.4 ppb),0.4166666666666667
152.1875,Transplant,0.5310867017178856,Q4,Heart,Ozone,73497,73497,40.24856433151949,57.35702352997261,Q4 (40.2-57.4 ppb),0.4166666666666667
182.625,Death/delisted too sick,0.07977188839640864,Q4,Heart,Ozone,73497,73497,40.24856433151949,57.35702352997261,Q4 (40.2-57.4 ppb),0.5
182.625,Transplant,0.5611332754454629,Q4,Heart,Ozone,73497,73497,40.24856433151949,57.35702352997261,Q4 (40.2-57.4 ppb),0.5
213.0625,Death/delisted too sick,0.08313611988142398,Q4,Heart,Ozone,73497,73497,40.24856433151949,57.35702352997261,Q4 (40.2-57.4 ppb),0.5833333333333334
213.0625,Transplant,0.5847123290977778,Q4,Heart,Ozone,73497,73497,40.24856433151949,57.35702352997261,Q4 (40.2-57.4 ppb),0.5833333333333334
243.5,Death/delisted too sick,0.08713406733148042,Q4,Heart,Ozone,73497,73497,40.24856433151949,57.35702352997261,Q4 (40.2-57.4 ppb),0.6666666666666666
243.5,Transplant,0.6051038640007506,Q4,Heart,Ozone,73497,73497,40.24856433151949,57.35702352997261,Q4 (40.2-57.4 ppb),0.6666666666666666
273.9375,Death/delisted too sick,0.08962578736224557,Q4,Heart,Ozone,73497,73497,40.24856433151949,57.35702352997261,Q4 (40.2-57.4 ppb),0.75
273.9375,Transplant,0.6222697370570818,Q4,Heart,Ozone,73497,73497,40.24856433151949,57.35702352997261,Q4 (40.2-57.4 ppb),0.75
304.375,Death/delisted too sick,0.0919597474687294,Q4,Heart,Ozone,73497,73497,40.24856433151949,57.35702352997261,Q4 (40.2-57.4 ppb),0.8333333333333334
304.375,Transplant,0.6357952576382465,Q4,Heart,Ozone,73497,73497,40.24856433151949,57.35702352997261,Q4 (40.2-57.4 ppb),0.8333333333333334
334.8125,Death/delisted too sick,0.09398132896477902,Q4,Heart,Ozone,73497,73497,40.24856433151949,57.35702352997261,Q4 (40.2-57.4 ppb),0.9166666666666666
334.8125,Transplant,0.647928322826729,Q4,Heart,Ozone,73497,73497,40.24856433151949,57.35702352997261,Q4 (40.2-57.4 ppb),0.9166666666666666
365.25,Death/delisted too sick,0.09607889873771856,Q4,Heart,Ozone,73497,73497,40.24856433151949,57.35702352997261,Q4 (40.2-57.4 ppb),1
365.25,Transplant,0.657345688292777,Q4,Heart,Ozone,73497,73497,40.24856433151949,57.35702352997261,Q4 (40.2-57.4 ppb),1
395.6875,Death/delisted too sick,0.0978330960107598,Q4,Heart,Ozone,73497,73497,40.24856433151949,57.35702352997261,Q4 (40.2-57.4 ppb),1.0833333333333333
395.6875,Transplant,0.666529170025588,Q4,Heart,Ozone,73497,73497,40.24856433151949,57.35702352997261,Q4 (40.2-57.4 ppb),1.0833333333333333
426.125,Death/delisted too sick,0.09956195760645029,Q4,Heart,Ozone,73497,73497,40.24856433151949,57.35702352997261,Q4 (40.2-57.4 ppb),1.1666666666666667
426.125,Transplant,0.6755980544238566,Q4,Heart,Ozone,73497,73497,40.24856433151949,57.35702352997261,Q4 (40.2-57.4 ppb),1.1666666666666667
456.5625,Death/delisted too sick,0.1018802940953005,Q4,Heart,Ozone,73497,73497,40.24856433151949,57.35702352997261,Q4 (40.2-57.4 ppb),1.25
456.5625,Transplant,0.684808788284668,Q4,Heart,Ozone,73497,73497,40.24856433151949,57.35702352997261,Q4 (40.2-57.4 ppb),1.25
487,Death/delisted too sick,0.10441922629498816,Q4,Heart,Ozone,73497,73497,40.24856433151949,57.35702352997261,Q4 (40.2-57.4 ppb),1.3333333333333333
487,Transplant,0.6927485469414215,Q4,Heart,Ozone,73497,73497,40.24856433151949,57.35702352997261,Q4 (40.2-57.4 ppb),1.3333333333333333
517.4375,Death/delisted too sick,0.10560891142209002,Q4,Heart,Ozone,73497,73497,40.24856433151949,57.35702352997261,Q4 (40.2-57.4 ppb),1.4166666666666667
517.4375,Transplant,0.6997551585028133,Q4,Heart,Ozone,73497,73497,40.24856433151949,57.35702352997261,Q4 (40.2-57.4 ppb),1.4166666666666667
547.875,Death/delisted too sick,0.1069955529173806,Q4,Heart,Ozone,73497,73497,40.24856433151949,57.35702352997261,Q4 (40.2-57.4 ppb),1.5
547.875,Transplant,0.705077206840595,Q4,Heart,Ozone,73497,73497,40.24856433151949,57.35702352997261,Q4 (40.2-57.4 ppb),1.5
578.3125,Death/delisted too sick,0.10848156716877615,Q4,Heart,Ozone,73497,73497,40.24856433151949,57.35702352997261,Q4 (40.2-57.4 ppb),1.5833333333333333
578.3125,Transplant,0.7112707720547468,Q4,Heart,Ozone,73497,73497,40.24856433151949,57.35702352997261,Q4 (40.2-57.4 ppb),1.5833333333333333
608.75,Death/delisted too sick,0.10990470739215552,Q4,Heart,Ozone,73497,73497,40.24856433151949,57.35702352997261,Q4 (40.2-57.4 ppb),1.6666666666666667
608.75,Transplant,0.7172295732489539,Q4,Heart,Ozone,73497,73497,40.24856433151949,57.35702352997261,Q4 (40.2-57.4 ppb),1.6666666666666667
639.1875,Death/delisted too sick,0.11169136109720428,Q4,Heart,Ozone,73497,73497,40.24856433151949,57.35702352997261,Q4 (40.2-57.4 ppb),1.75
639.1875,Transplant,0.7223055074387837,Q4,Heart,Ozone,73497,73497,40.24856433151949,57.35702352997261,Q4 (40.2-57.4 ppb),1.75
669.625,Death/delisted too sick,0.11339771734199204,Q4,Heart,Ozone,73497,73497,40.24856433151949,57.35702352997261,Q4 (40.2-57.4 ppb),1.8333333333333333
669.625,Transplant,0.7270484096244114,Q4,Heart,Ozone,73497,73497,40.24856433151949,57.35702352997261,Q4 (40.2-57.4 ppb),1.8333333333333333
700.0625,Death/delisted too sick,0.11440971016572378,Q4,Heart,Ozone,73497,73497,40.24856433151949,57.35702352997261,Q4 (40.2-57.4 ppb),1.9166666666666667
700.0625,Transplant,0.730053712708649,Q4,Heart,Ozone,73497,73497,40.24856433151949,57.35702352997261,Q4 (40.2-57.4 ppb),1.9166666666666667
730.5,Death/delisted too sick,0.11507982160728399,Q4,Heart,Ozone,73497,73497,40.24856433151949,57.35702352997261,Q4 (40.2-57.4 ppb),2
730.5,Transplant,0.7338534857452226,Q4,Heart,Ozone,73497,73497,40.24856433151949,57.35702352997261,Q4 (40.2-57.4 ppb),2
760.9375,Death/delisted too sick,0.11637419201020038,Q4,Heart,Ozone,73497,73497,40.24856433151949,57.35702352997261,Q4 (40.2-57.4 ppb),2.0833333333333335
760.9375,Transplant,0.737905919009028,Q4,Heart,Ozone,73497,73497,40.24856433151949,57.35702352997261,Q4 (40.2-57.4 ppb),2.0833333333333335
791.375,Death/delisted too sick,0.11780181422377665,Q4,Heart,Ozone,73497,73497,40.24856433151949,57.35702352997261,Q4 (40.2-57.4 ppb),2.1666666666666665
791.375,Transplant,0.7424185593783036,Q4,Heart,Ozone,73497,73497,40.24856433151949,57.35702352997261,Q4 (40.2-57.4 ppb),2.1666666666666665
821.8125,Death/delisted too sick,0.11937258937960146,Q4,Heart,Ozone,73497,73497,40.24856433151949,57.35702352997261,Q4 (40.2-57.4 ppb),2.25
821.8125,Transplant,0.7451652909386844,Q4,Heart,Ozone,73497,73497,40.24856433151949,57.35702352997261,Q4 (40.2-57.4 ppb),2.25
852.25,Death/delisted too sick,0.12006453699419092,Q4,Heart,Ozone,73497,73497,40.24856433151949,57.35702352997261,Q4 (40.2-57.4 ppb),2.3333333333333335
852.25,Transplant,0.7483162534534586,Q4,Heart,Ozone,73497,73497,40.24856433151949,57.35702352997261,Q4 (40.2-57.4 ppb),2.3333333333333335
882.6875,Death/delisted too sick,0.12172349200323108,Q4,Heart,Ozone,73497,73497,40.24856433151949,57.35702352997261,Q4 (40.2-57.4 ppb),2.4166666666666665
882.6875,Transplant,0.7511257972070383,Q4,Heart,Ozone,73497,73497,40.24856433151949,57.35702352997261,Q4 (40.2-57.4 ppb),2.4166666666666665
913.125,Death/delisted too sick,0.12206399465200309,Q4,Heart,Ozone,73497,73497,40.24856433151949,57.35702352997261,Q4 (40.2-57.4 ppb),2.5
913.125,Transplant,0.753690288402446,Q4,Heart,Ozone,73497,73497,40.24856433151949,57.35702352997261,Q4 (40.2-57.4 ppb),2.5
943.5625,Death/delisted too sick,0.12319278865752531,Q4,Heart,Ozone,73497,73497,40.24856433151949,57.35702352997261,Q4 (40.2-57.4 ppb),2.5833333333333335
943.5625,Transplant,0.7573880950338755,Q4,Heart,Ozone,73497,73497,40.24856433151949,57.35702352997261,Q4 (40.2-57.4 ppb),2.5833333333333335
974,Death/delisted too sick,0.12395899600551419,Q4,Heart,Ozone,73497,73497,40.24856433151949,57.35702352997261,Q4 (40.2-57.4 ppb),2.6666666666666665
974,Transplant,0.7602483200182073,Q4,Heart,Ozone,73497,73497,40.24856433151949,57.35702352997261,Q4 (40.2-57.4 ppb),2.6666666666666665
1004.4375,Death/delisted too sick,0.12559557722277803,Q4,Heart,Ozone,73497,73497,40.24856433151949,57.35702352997261,Q4 (40.2-57.4 ppb),2.75
1004.4375,Transplant,0.7620813296180191,Q4,Heart,Ozone,73497,73497,40.24856433151949,57.35702352997261,Q4 (40.2-57.4 ppb),2.75
1034.875,Death/delisted too sick,0.12616116886466686,Q4,Heart,Ozone,73497,73497,40.24856433151949,57.35702352997261,Q4 (40.2-57.4 ppb),2.8333333333333335
1034.875,Transplant,0.7648043754905088,Q4,Heart,Ozone,73497,73497,40.24856433151949,57.35702352997261,Q4 (40.2-57.4 ppb),2.8333333333333335
1065.3125,Death/delisted too sick,0.12668962163356712,Q4,Heart,Ozone,73497,73497,40.24856433151949,57.35702352997261,Q4 (40.2-57.4 ppb),2.9166666666666665
1065.3125,Transplant,0.7674713385274081,Q4,Heart,Ozone,73497,73497,40.24856433151949,57.35702352997261,Q4 (40.2-57.4 ppb),2.9166666666666665
1095.75,Death/delisted too sick,0.12853868711723104,Q4,Heart,Ozone,73497,73497,40.24856433151949,57.35702352997261,Q4 (40.2-57.4 ppb),3
1095.75,Transplant,0.7701926716521991,Q4,Heart,Ozone,73497,73497,40.24856433151949,57.35702352997261,Q4 (40.2-57.4 ppb),3
1126.1875,Death/delisted too sick,0.13005101376141,Q4,Heart,Ozone,73497,73497,40.24856433151949,57.35702352997261,Q4 (40.2-57.4 ppb),3.0833333333333335
1126.1875,Transplant,0.770982382772321,Q4,Heart,Ozone,73497,73497,40.24856433151949,57.35702352997261,Q4 (40.2-57.4 ppb),3.0833333333333335
1156.625,Death/delisted too sick,0.13054481833943557,Q4,Heart,Ozone,73497,73497,40.24856433151949,57.35702352997261,Q4 (40.2-57.4 ppb),3.1666666666666665
1156.625,Transplant,0.7721827800365427,Q4,Heart,Ozone,73497,73497,40.24856433151949,57.35702352997261,Q4 (40.2-57.4 ppb),3.1666666666666665
1187.0625,Death/delisted too sick,0.131227953408847,Q4,Heart,Ozone,73497,73497,40.24856433151949,57.35702352997261,Q4 (40.2-57.4 ppb),3.25
1187.0625,Transplant,0.7733925183232924,Q4,Heart,Ozone,73497,73497,40.24856433151949,57.35702352997261,Q4 (40.2-57.4 ppb),3.25
1217.5,Death/delisted too sick,0.13169158417112345,Q4,Heart,Ozone,73497,73497,40.24856433151949,57.35702352997261,Q4 (40.2-57.4 ppb),3.3333333333333335
1217.5,Transplant,0.7751145292519825,Q4,Heart,Ozone,73497,73497,40.24856433151949,57.35702352997261,Q4 (40.2-57.4 ppb),3.3333333333333335
1247.9375,Death/delisted too sick,0.1325639581352224,Q4,Heart,Ozone,73497,73497,40.24856433151949,57.35702352997261,Q4 (40.2-57.4 ppb),3.4166666666666665
1247.9375,Transplant,0.7763739396507793,Q4,Heart,Ozone,73497,73497,40.24856433151949,57.35702352997261,Q4 (40.2-57.4 ppb),3.4166666666666665
1278.375,Death/delisted too sick,0.13378715996340287,Q4,Heart,Ozone,73497,73497,40.24856433151949,57.35702352997261,Q4 (40.2-57.4 ppb),3.5
1278.375,Transplant,0.7780926887836014,Q4,Heart,Ozone,73497,73497,40.24856433151949,57.35702352997261,Q4 (40.2-57.4 ppb),3.5
1308.8125,Death/delisted too sick,0.13481400991951625,Q4,Heart,Ozone,73497,73497,40.24856433151949,57.35702352997261,Q4 (40.2-57.4 ppb),3.5833333333333335
1308.8125,Transplant,0.7798796025879036,Q4,Heart,Ozone,73497,73497,40.24856433151949,57.35702352997261,Q4 (40.2-57.4 ppb),3.5833333333333335
1339.25,Death/delisted too sick,0.13661697811049545,Q4,Heart,Ozone,73497,73497,40.24856433151949,57.35702352997261,Q4 (40.2-57.4 ppb),3.6666666666666665
1339.25,Transplant,0.7810309069119409,Q4,Heart,Ozone,73497,73497,40.24856433151949,57.35702352997261,Q4 (40.2-57.4 ppb),3.6666666666666665
1369.6875,Death/delisted too sick,0.13765290798428176,Q4,Heart,Ozone,73497,73497,40.24856433151949,57.35702352997261,Q4 (40.2-57.4 ppb),3.75
1369.6875,Transplant,0.7823888924524599,Q4,Heart,Ozone,73497,73497,40.24856433151949,57.35702352997261,Q4 (40.2-57.4 ppb),3.75
1400.125,Death/delisted too sick,0.13836163723529518,Q4,Heart,Ozone,73497,73497,40.24856433151949,57.35702352997261,Q4 (40.2-57.4 ppb),3.8333333333333335
1400.125,Transplant,0.7833549843426222,Q4,Heart,Ozone,73497,73497,40.24856433151949,57.35702352997261,Q4 (40.2-57.4 ppb),3.8333333333333335
1430.5625,Death/delisted too sick,0.13889792215955266,Q4,Heart,Ozone,73497,73497,40.24856433151949,57.35702352997261,Q4 (40.2-57.4 ppb),3.9166666666666665
1430.5625,Transplant,0.7854985455774465,Q4,Heart,Ozone,73497,73497,40.24856433151949,57.35702352997261,Q4 (40.2-57.4 ppb),3.9166666666666665
1461,Death/delisted too sick,0.14029649628640445,Q4,Heart,Ozone,73497,73497,40.24856433151949,57.35702352997261,Q4 (40.2-57.4 ppb),4
1461,Transplant,0.7865010783074662,Q4,Heart,Ozone,73497,73497,40.24856433151949,57.35702352997261,Q4 (40.2-57.4 ppb),4
1491.4375,Death/delisted too sick,0.14094696676498888,Q4,Heart,Ozone,73497,73497,40.24856433151949,57.35702352997261,Q4 (40.2-57.4 ppb),4.083333333333333
1491.4375,Transplant,0.7873926447585963,Q4,Heart,Ozone,73497,73497,40.24856433151949,57.35702352997261,Q4 (40.2-57.4 ppb),4.083333333333333
1521.875,Death/delisted too sick,0.14132535374233907,Q4,Heart,Ozone,73497,73497,40.24856433151949,57.35702352997261,Q4 (40.2-57.4 ppb),4.166666666666667
1521.875,Transplant,0.7883332311033602,Q4,Heart,Ozone,73497,73497,40.24856433151949,57.35702352997261,Q4 (40.2-57.4 ppb),4.166666666666667
1552.3125,Death/delisted too sick,0.14192184098237537,Q4,Heart,Ozone,73497,73497,40.24856433151949,57.35702352997261,Q4 (40.2-57.4 ppb),4.25
1552.3125,Transplant,0.7905030753359694,Q4,Heart,Ozone,73497,73497,40.24856433151949,57.35702352997261,Q4 (40.2-57.4 ppb),4.25
1582.75,Death/delisted too sick,0.14204412774527916,Q4,Heart,Ozone,73497,73497,40.24856433151949,57.35702352997261,Q4 (40.2-57.4 ppb),4.333333333333333
1582.75,Transplant,0.791407775513475,Q4,Heart,Ozone,73497,73497,40.24856433151949,57.35702352997261,Q4 (40.2-57.4 ppb),4.333333333333333
1613.1875,Death/delisted too sick,0.1429890437482239,Q4,Heart,Ozone,73497,73497,40.24856433151949,57.35702352997261,Q4 (40.2-57.4 ppb),4.416666666666667
1613.1875,Transplant,0.7926605129728341,Q4,Heart,Ozone,73497,73497,40.24856433151949,57.35702352997261,Q4 (40.2-57.4 ppb),4.416666666666667
1643.625,Death/delisted too sick,0.14320159986984599,Q4,Heart,Ozone,73497,73497,40.24856433151949,57.35702352997261,Q4 (40.2-57.4 ppb),4.5
1643.625,Transplant,0.7940833026112091,Q4,Heart,Ozone,73497,73497,40.24856433151949,57.35702352997261,Q4 (40.2-57.4 ppb),4.5
1674.0625,Death/delisted too sick,0.14385458446990335,Q4,Heart,Ozone,73497,73497,40.24856433151949,57.35702352997261,Q4 (40.2-57.4 ppb),4.583333333333333
1674.0625,Transplant,0.7946691181636194,Q4,Heart,Ozone,73497,73497,40.24856433151949,57.35702352997261,Q4 (40.2-57.4 ppb),4.583333333333333
1704.5,Death/delisted too sick,0.1447655441485472,Q4,Heart,Ozone,73497,73497,40.24856433151949,57.35702352997261,Q4 (40.2-57.4 ppb),4.666666666666667
1704.5,Transplant,0.795706394148524,Q4,Heart,Ozone,73497,73497,40.24856433151949,57.35702352997261,Q4 (40.2-57.4 ppb),4.666666666666667
1734.9375,Death/delisted too sick,0.14540124513309222,Q4,Heart,Ozone,73497,73497,40.24856433151949,57.35702352997261,Q4 (40.2-57.4 ppb),4.75
1734.9375,Transplant,0.7965208214507284,Q4,Heart,Ozone,73497,73497,40.24856433151949,57.35702352997261,Q4 (40.2-57.4 ppb),4.75
1765.375,Death/delisted too sick,0.1460242929037197,Q4,Heart,Ozone,73497,73497,40.24856433151949,57.35702352997261,Q4 (40.2-57.4 ppb),4.833333333333333
1765.375,Transplant,0.7984054239759065,Q4,Heart,Ozone,73497,73497,40.24856433151949,57.35702352997261,Q4 (40.2-57.4 ppb),4.833333333333333
1795.8125,Death/delisted too sick,0.1467192634583173,Q4,Heart,Ozone,73497,73497,40.24856433151949,57.35702352997261,Q4 (40.2-57.4 ppb),4.916666666666667
1795.8125,Transplant,0.7994252654549685,Q4,Heart,Ozone,73497,73497,40.24856433151949,57.35702352997261,Q4 (40.2-57.4 ppb),4.916666666666667
1826.25,Death/delisted too sick,0.14741103771060127,Q4,Heart,Ozone,73497,73497,40.24856433151949,57.35702352997261,Q4 (40.2-57.4 ppb),5
1826.25,Transplant,0.8017474553185463,Q4,Heart,Ozone,73497,73497,40.24856433151949,57.35702352997261,Q4 (40.2-57.4 ppb),5
0,Death/delisted too sick,0,Q1,Kidney,Ozone,79993,677201,23.024419844150557,36.13757442028571,Q1 (23-36.1 ppb),0
0,Transplant,0,Q1,Kidney,Ozone,79993,677201,23.024419844150557,36.13757442028571,Q1 (23-36.1 ppb),0
30.4375,Death/delisted too sick,0.0033528902669628193,Q1,Kidney,Ozone,79993,677201,23.024419844150557,36.13757442028571,Q1 (23-36.1 ppb),0.08333333333333333
30.4375,Transplant,0.020309355972991515,Q1,Kidney,Ozone,79993,677201,23.024419844150557,36.13757442028571,Q1 (23-36.1 ppb),0.08333333333333333
60.875,Death/delisted too sick,0.00531365146772771,Q1,Kidney,Ozone,79993,677201,23.024419844150557,36.13757442028571,Q1 (23-36.1 ppb),0.16666666666666666
60.875,Transplant,0.033248613442664235,Q1,Kidney,Ozone,79993,677201,23.024419844150557,36.13757442028571,Q1 (23-36.1 ppb),0.16666666666666666
91.3125,Death/delisted too sick,0.007150598155554308,Q1,Kidney,Ozone,79993,677201,23.024419844150557,36.13757442028571,Q1 (23-36.1 ppb),0.25
91.3125,Transplant,0.04651660126190572,Q1,Kidney,Ozone,79993,677201,23.024419844150557,36.13757442028571,Q1 (23-36.1 ppb),0.25
121.75,Death/delisted too sick,0.008692942263689121,Q1,Kidney,Ozone,79993,677201,23.024419844150557,36.13757442028571,Q1 (23-36.1 ppb),0.3333333333333333
121.75,Transplant,0.059532219381404475,Q1,Kidney,Ozone,79993,677201,23.024419844150557,36.13757442028571,Q1 (23-36.1 ppb),0.3333333333333333
152.1875,Death/delisted too sick,0.010300347429690578,Q1,Kidney,Ozone,79993,677201,23.024419844150557,36.13757442028571,Q1 (23-36.1 ppb),0.4166666666666667
152.1875,Transplant,0.07227471285042818,Q1,Kidney,Ozone,79993,677201,23.024419844150557,36.13757442028571,Q1 (23-36.1 ppb),0.4166666666666667
182.625,Death/delisted too sick,0.011809040087525972,Q1,Kidney,Ozone,79993,677201,23.024419844150557,36.13757442028571,Q1 (23-36.1 ppb),0.5
182.625,Transplant,0.08491067202282382,Q1,Kidney,Ozone,79993,677201,23.024419844150557,36.13757442028571,Q1 (23-36.1 ppb),0.5
213.0625,Death/delisted too sick,0.013799247879336278,Q1,Kidney,Ozone,79993,677201,23.024419844150557,36.13757442028571,Q1 (23-36.1 ppb),0.5833333333333334
213.0625,Transplant,0.09639574423788082,Q1,Kidney,Ozone,79993,677201,23.024419844150557,36.13757442028571,Q1 (23-36.1 ppb),0.5833333333333334
243.5,Death/delisted too sick,0.015487801507990232,Q1,Kidney,Ozone,79993,677201,23.024419844150557,36.13757442028571,Q1 (23-36.1 ppb),0.6666666666666666
243.5,Transplant,0.10777364045979378,Q1,Kidney,Ozone,79993,677201,23.024419844150557,36.13757442028571,Q1 (23-36.1 ppb),0.6666666666666666
273.9375,Death/delisted too sick,0.017364301163745783,Q1,Kidney,Ozone,79993,677201,23.024419844150557,36.13757442028571,Q1 (23-36.1 ppb),0.75
273.9375,Transplant,0.11823463822292282,Q1,Kidney,Ozone,79993,677201,23.024419844150557,36.13757442028571,Q1 (23-36.1 ppb),0.75
304.375,Death/delisted too sick,0.01909580553668076,Q1,Kidney,Ozone,79993,677201,23.024419844150557,36.13757442028571,Q1 (23-36.1 ppb),0.8333333333333334
304.375,Transplant,0.12924894461973097,Q1,Kidney,Ozone,79993,677201,23.024419844150557,36.13757442028571,Q1 (23-36.1 ppb),0.8333333333333334
334.8125,Death/delisted too sick,0.020851294085957667,Q1,Kidney,Ozone,79993,677201,23.024419844150557,36.13757442028571,Q1 (23-36.1 ppb),0.9166666666666666
334.8125,Transplant,0.13939750697242556,Q1,Kidney,Ozone,79993,677201,23.024419844150557,36.13757442028571,Q1 (23-36.1 ppb),0.9166666666666666
365.25,Death/delisted too sick,0.022958154953286666,Q1,Kidney,Ozone,79993,677201,23.024419844150557,36.13757442028571,Q1 (23-36.1 ppb),1
365.25,Transplant,0.1499570685230925,Q1,Kidney,Ozone,79993,677201,23.024419844150557,36.13757442028571,Q1 (23-36.1 ppb),1
395.6875,Death/delisted too sick,0.02497548861559041,Q1,Kidney,Ozone,79993,677201,23.024419844150557,36.13757442028571,Q1 (23-36.1 ppb),1.0833333333333333
395.6875,Transplant,0.16037240533211408,Q1,Kidney,Ozone,79993,677201,23.024419844150557,36.13757442028571,Q1 (23-36.1 ppb),1.0833333333333333
426.125,Death/delisted too sick,0.02711495794184342,Q1,Kidney,Ozone,79993,677201,23.024419844150557,36.13757442028571,Q1 (23-36.1 ppb),1.1666666666666667
426.125,Transplant,0.1702580640340554,Q1,Kidney,Ozone,79993,677201,23.024419844150557,36.13757442028571,Q1 (23-36.1 ppb),1.1666666666666667
456.5625,Death/delisted too sick,0.029028806171190153,Q1,Kidney,Ozone,79993,677201,23.024419844150557,36.13757442028571,Q1 (23-36.1 ppb),1.25
456.5625,Transplant,0.17951827136175277,Q1,Kidney,Ozone,79993,677201,23.024419844150557,36.13757442028571,Q1 (23-36.1 ppb),1.25
487,Death/delisted too sick,0.03125072877773583,Q1,Kidney,Ozone,79993,677201,23.024419844150557,36.13757442028571,Q1 (23-36.1 ppb),1.3333333333333333
487,Transplant,0.18882382906163114,Q1,Kidney,Ozone,79993,677201,23.024419844150557,36.13757442028571,Q1 (23-36.1 ppb),1.3333333333333333
517.4375,Death/delisted too sick,0.03345382256742968,Q1,Kidney,Ozone,79993,677201,23.024419844150557,36.13757442028571,Q1 (23-36.1 ppb),1.4166666666666667
517.4375,Transplant,0.19732073978729206,Q1,Kidney,Ozone,79993,677201,23.024419844150557,36.13757442028571,Q1 (23-36.1 ppb),1.4166666666666667
547.875,Death/delisted too sick,0.03531126576306883,Q1,Kidney,Ozone,79993,677201,23.024419844150557,36.13757442028571,Q1 (23-36.1 ppb),1.5
547.875,Transplant,0.20603224022903535,Q1,Kidney,Ozone,79993,677201,23.024419844150557,36.13757442028571,Q1 (23-36.1 ppb),1.5
578.3125,Death/delisted too sick,0.037284170442107696,Q1,Kidney,Ozone,79993,677201,23.024419844150557,36.13757442028571,Q1 (23-36.1 ppb),1.5833333333333333
578.3125,Transplant,0.21461756022996786,Q1,Kidney,Ozone,79993,677201,23.024419844150557,36.13757442028571,Q1 (23-36.1 ppb),1.5833333333333333
608.75,Death/delisted too sick,0.03953202934721651,Q1,Kidney,Ozone,79993,677201,23.024419844150557,36.13757442028571,Q1 (23-36.1 ppb),1.6666666666666667
608.75,Transplant,0.22334935183096144,Q1,Kidney,Ozone,79993,677201,23.024419844150557,36.13757442028571,Q1 (23-36.1 ppb),1.6666666666666667
639.1875,Death/delisted too sick,0.042142623975522334,Q1,Kidney,Ozone,79993,677201,23.024419844150557,36.13757442028571,Q1 (23-36.1 ppb),1.75
639.1875,Transplant,0.23192112460683442,Q1,Kidney,Ozone,79993,677201,23.024419844150557,36.13757442028571,Q1 (23-36.1 ppb),1.75
669.625,Death/delisted too sick,0.044387689232651954,Q1,Kidney,Ozone,79993,677201,23.024419844150557,36.13757442028571,Q1 (23-36.1 ppb),1.8333333333333333
669.625,Transplant,0.24020995631352643,Q1,Kidney,Ozone,79993,677201,23.024419844150557,36.13757442028571,Q1 (23-36.1 ppb),1.8333333333333333
700.0625,Death/delisted too sick,0.04691237052247358,Q1,Kidney,Ozone,79993,677201,23.024419844150557,36.13757442028571,Q1 (23-36.1 ppb),1.9166666666666667
700.0625,Transplant,0.2480071363036625,Q1,Kidney,Ozone,79993,677201,23.024419844150557,36.13757442028571,Q1 (23-36.1 ppb),1.9166666666666667
730.5,Death/delisted too sick,0.04947942773922249,Q1,Kidney,Ozone,79993,677201,23.024419844150557,36.13757442028571,Q1 (23-36.1 ppb),2
730.5,Transplant,0.25558379904348444,Q1,Kidney,Ozone,79993,677201,23.024419844150557,36.13757442028571,Q1 (23-36.1 ppb),2
760.9375,Death/delisted too sick,0.052182599959805405,Q1,Kidney,Ozone,79993,677201,23.024419844150557,36.13757442028571,Q1 (23-36.1 ppb),2.0833333333333335
760.9375,Transplant,0.2642964482203598,Q1,Kidney,Ozone,79993,677201,23.024419844150557,36.13757442028571,Q1 (23-36.1 ppb),2.0833333333333335
791.375,Death/delisted too sick,0.054878271829849286,Q1,Kidney,Ozone,79993,677201,23.024419844150557,36.13757442028571,Q1 (23-36.1 ppb),2.1666666666666665
791.375,Transplant,0.27287174985142293,Q1,Kidney,Ozone,79993,677201,23.024419844150557,36.13757442028571,Q1 (23-36.1 ppb),2.1666666666666665
821.8125,Death/delisted too sick,0.05722145346986373,Q1,Kidney,Ozone,79993,677201,23.024419844150557,36.13757442028571,Q1 (23-36.1 ppb),2.25
821.8125,Transplant,0.28083888368269283,Q1,Kidney,Ozone,79993,677201,23.024419844150557,36.13757442028571,Q1 (23-36.1 ppb),2.25
852.25,Death/delisted too sick,0.059961263338708416,Q1,Kidney,Ozone,79993,677201,23.024419844150557,36.13757442028571,Q1 (23-36.1 ppb),2.3333333333333335
852.25,Transplant,0.2892392411534837,Q1,Kidney,Ozone,79993,677201,23.024419844150557,36.13757442028571,Q1 (23-36.1 ppb),2.3333333333333335
882.6875,Death/delisted too sick,0.06275227975187944,Q1,Kidney,Ozone,79993,677201,23.024419844150557,36.13757442028571,Q1 (23-36.1 ppb),2.4166666666666665
882.6875,Transplant,0.29692782766666087,Q1,Kidney,Ozone,79993,677201,23.024419844150557,36.13757442028571,Q1 (23-36.1 ppb),2.4166666666666665
913.125,Death/delisted too sick,0.06544518726764625,Q1,Kidney,Ozone,79993,677201,23.024419844150557,36.13757442028571,Q1 (23-36.1 ppb),2.5
913.125,Transplant,0.3051635268974837,Q1,Kidney,Ozone,79993,677201,23.024419844150557,36.13757442028571,Q1 (23-36.1 ppb),2.5
943.5625,Death/delisted too sick,0.06810075717575738,Q1,Kidney,Ozone,79993,677201,23.024419844150557,36.13757442028571,Q1 (23-36.1 ppb),2.5833333333333335
943.5625,Transplant,0.3122457943974788,Q1,Kidney,Ozone,79993,677201,23.024419844150557,36.13757442028571,Q1 (23-36.1 ppb),2.5833333333333335
974,Death/delisted too sick,0.07129488215512027,Q1,Kidney,Ozone,79993,677201,23.024419844150557,36.13757442028571,Q1 (23-36.1 ppb),2.6666666666666665
974,Transplant,0.3194368558966808,Q1,Kidney,Ozone,79993,677201,23.024419844150557,36.13757442028571,Q1 (23-36.1 ppb),2.6666666666666665
1004.4375,Death/delisted too sick,0.07434977296304628,Q1,Kidney,Ozone,79993,677201,23.024419844150557,36.13757442028571,Q1 (23-36.1 ppb),2.75
1004.4375,Transplant,0.326517460467465,Q1,Kidney,Ozone,79993,677201,23.024419844150557,36.13757442028571,Q1 (23-36.1 ppb),2.75
1034.875,Death/delisted too sick,0.07724307104226018,Q1,Kidney,Ozone,79993,677201,23.024419844150557,36.13757442028571,Q1 (23-36.1 ppb),2.8333333333333335
1034.875,Transplant,0.3335130087515156,Q1,Kidney,Ozone,79993,677201,23.024419844150557,36.13757442028571,Q1 (23-36.1 ppb),2.8333333333333335
1065.3125,Death/delisted too sick,0.07995770235524248,Q1,Kidney,Ozone,79993,677201,23.024419844150557,36.13757442028571,Q1 (23-36.1 ppb),2.9166666666666665
1065.3125,Transplant,0.34088296785235594,Q1,Kidney,Ozone,79993,677201,23.024419844150557,36.13757442028571,Q1 (23-36.1 ppb),2.9166666666666665
1095.75,Death/delisted too sick,0.08263153563851375,Q1,Kidney,Ozone,79993,677201,23.024419844150557,36.13757442028571,Q1 (23-36.1 ppb),3
1095.75,Transplant,0.34777176100671614,Q1,Kidney,Ozone,79993,677201,23.024419844150557,36.13757442028571,Q1 (23-36.1 ppb),3
1126.1875,Death/delisted too sick,0.08529166609676737,Q1,Kidney,Ozone,79993,677201,23.024419844150557,36.13757442028571,Q1 (23-36.1 ppb),3.0833333333333335
1126.1875,Transplant,0.3553055120748106,Q1,Kidney,Ozone,79993,677201,23.024419844150557,36.13757442028571,Q1 (23-36.1 ppb),3.0833333333333335
1156.625,Death/delisted too sick,0.08803596923081441,Q1,Kidney,Ozone,79993,677201,23.024419844150557,36.13757442028571,Q1 (23-36.1 ppb),3.1666666666666665
1156.625,Transplant,0.3628143801128055,Q1,Kidney,Ozone,79993,677201,23.024419844150557,36.13757442028571,Q1 (23-36.1 ppb),3.1666666666666665
1187.0625,Death/delisted too sick,0.09092870248479104,Q1,Kidney,Ozone,79993,677201,23.024419844150557,36.13757442028571,Q1 (23-36.1 ppb),3.25
1187.0625,Transplant,0.3697062713620438,Q1,Kidney,Ozone,79993,677201,23.024419844150557,36.13757442028571,Q1 (23-36.1 ppb),3.25
1217.5,Death/delisted too sick,0.09410363053300526,Q1,Kidney,Ozone,79993,677201,23.024419844150557,36.13757442028571,Q1 (23-36.1 ppb),3.3333333333333335
1217.5,Transplant,0.3758382154553684,Q1,Kidney,Ozone,79993,677201,23.024419844150557,36.13757442028571,Q1 (23-36.1 ppb),3.3333333333333335
1247.9375,Death/delisted too sick,0.0968906534719377,Q1,Kidney,Ozone,79993,677201,23.024419844150557,36.13757442028571,Q1 (23-36.1 ppb),3.4166666666666665
1247.9375,Transplant,0.38249740957513756,Q1,Kidney,Ozone,79993,677201,23.024419844150557,36.13757442028571,Q1 (23-36.1 ppb),3.4166666666666665
1278.375,Death/delisted too sick,0.09996189086878918,Q1,Kidney,Ozone,79993,677201,23.024419844150557,36.13757442028571,Q1 (23-36.1 ppb),3.5
1278.375,Transplant,0.3886857875729847,Q1,Kidney,Ozone,79993,677201,23.024419844150557,36.13757442028571,Q1 (23-36.1 ppb),3.5
1308.8125,Death/delisted too sick,0.10317672896601461,Q1,Kidney,Ozone,79993,677201,23.024419844150557,36.13757442028571,Q1 (23-36.1 ppb),3.5833333333333335
1308.8125,Transplant,0.3946466337831397,Q1,Kidney,Ozone,79993,677201,23.024419844150557,36.13757442028571,Q1 (23-36.1 ppb),3.5833333333333335
1339.25,Death/delisted too sick,0.10613074804642159,Q1,Kidney,Ozone,79993,677201,23.024419844150557,36.13757442028571,Q1 (23-36.1 ppb),3.6666666666666665
1339.25,Transplant,0.4007992962628671,Q1,Kidney,Ozone,79993,677201,23.024419844150557,36.13757442028571,Q1 (23-36.1 ppb),3.6666666666666665
1369.6875,Death/delisted too sick,0.1089825649048768,Q1,Kidney,Ozone,79993,677201,23.024419844150557,36.13757442028571,Q1 (23-36.1 ppb),3.75
1369.6875,Transplant,0.40691952699173833,Q1,Kidney,Ozone,79993,677201,23.024419844150557,36.13757442028571,Q1 (23-36.1 ppb),3.75
1400.125,Death/delisted too sick,0.11175106256158607,Q1,Kidney,Ozone,79993,677201,23.024419844150557,36.13757442028571,Q1 (23-36.1 ppb),3.8333333333333335
1400.125,Transplant,0.41309293421397797,Q1,Kidney,Ozone,79993,677201,23.024419844150557,36.13757442028571,Q1 (23-36.1 ppb),3.8333333333333335
1430.5625,Death/delisted too sick,0.11437469306612649,Q1,Kidney,Ozone,79993,677201,23.024419844150557,36.13757442028571,Q1 (23-36.1 ppb),3.9166666666666665
1430.5625,Transplant,0.4186609757442023,Q1,Kidney,Ozone,79993,677201,23.024419844150557,36.13757442028571,Q1 (23-36.1 ppb),3.9166666666666665
1461,Death/delisted too sick,0.11722152428301864,Q1,Kidney,Ozone,79993,677201,23.024419844150557,36.13757442028571,Q1 (23-36.1 ppb),4
1461,Transplant,0.424932917690525,Q1,Kidney,Ozone,79993,677201,23.024419844150557,36.13757442028571,Q1 (23-36.1 ppb),4
1491.4375,Death/delisted too sick,0.12008232827110307,Q1,Kidney,Ozone,79993,677201,23.024419844150557,36.13757442028571,Q1 (23-36.1 ppb),4.083333333333333
1491.4375,Transplant,0.43129982193683825,Q1,Kidney,Ozone,79993,677201,23.024419844150557,36.13757442028571,Q1 (23-36.1 ppb),4.083333333333333
1521.875,Death/delisted too sick,0.12281934215556112,Q1,Kidney,Ozone,79993,677201,23.024419844150557,36.13757442028571,Q1 (23-36.1 ppb),4.166666666666667
1521.875,Transplant,0.4372742901617171,Q1,Kidney,Ozone,79993,677201,23.024419844150557,36.13757442028571,Q1 (23-36.1 ppb),4.166666666666667
1552.3125,Death/delisted too sick,0.12569795852313098,Q1,Kidney,Ozone,79993,677201,23.024419844150557,36.13757442028571,Q1 (23-36.1 ppb),4.25
1552.3125,Transplant,0.4436734684493616,Q1,Kidney,Ozone,79993,677201,23.024419844150557,36.13757442028571,Q1 (23-36.1 ppb),4.25
1582.75,Death/delisted too sick,0.12859018926680965,Q1,Kidney,Ozone,79993,677201,23.024419844150557,36.13757442028571,Q1 (23-36.1 ppb),4.333333333333333
1582.75,Transplant,0.4496899564875139,Q1,Kidney,Ozone,79993,677201,23.024419844150557,36.13757442028571,Q1 (23-36.1 ppb),4.333333333333333
1613.1875,Death/delisted too sick,0.13126705823981877,Q1,Kidney,Ozone,79993,677201,23.024419844150557,36.13757442028571,Q1 (23-36.1 ppb),4.416666666666667
1613.1875,Transplant,0.45565507685335865,Q1,Kidney,Ozone,79993,677201,23.024419844150557,36.13757442028571,Q1 (23-36.1 ppb),4.416666666666667
1643.625,Death/delisted too sick,0.13399211270951444,Q1,Kidney,Ozone,79993,677201,23.024419844150557,36.13757442028571,Q1 (23-36.1 ppb),4.5
1643.625,Transplant,0.46118177369865,Q1,Kidney,Ozone,79993,677201,23.024419844150557,36.13757442028571,Q1 (23-36.1 ppb),4.5
1674.0625,Death/delisted too sick,0.13706228844889026,Q1,Kidney,Ozone,79993,677201,23.024419844150557,36.13757442028571,Q1 (23-36.1 ppb),4.583333333333333
1674.0625,Transplant,0.4673949193806129,Q1,Kidney,Ozone,79993,677201,23.024419844150557,36.13757442028571,Q1 (23-36.1 ppb),4.583333333333333
1704.5,Death/delisted too sick,0.1397662115843537,Q1,Kidney,Ozone,79993,677201,23.024419844150557,36.13757442028571,Q1 (23-36.1 ppb),4.666666666666667
1704.5,Transplant,0.4730022349781001,Q1,Kidney,Ozone,79993,677201,23.024419844150557,36.13757442028571,Q1 (23-36.1 ppb),4.666666666666667
1734.9375,Death/delisted too sick,0.142277705247347,Q1,Kidney,Ozone,79993,677201,23.024419844150557,36.13757442028571,Q1 (23-36.1 ppb),4.75
1734.9375,Transplant,0.47916901836275133,Q1,Kidney,Ozone,79993,677201,23.024419844150557,36.13757442028571,Q1 (23-36.1 ppb),4.75
1765.375,Death/delisted too sick,0.14466158064405676,Q1,Kidney,Ozone,79993,677201,23.024419844150557,36.13757442028571,Q1 (23-36.1 ppb),4.833333333333333
1765.375,Transplant,0.48471493669919313,Q1,Kidney,Ozone,79993,677201,23.024419844150557,36.13757442028571,Q1 (23-36.1 ppb),4.833333333333333
1795.8125,Death/delisted too sick,0.14746446796583737,Q1,Kidney,Ozone,79993,677201,23.024419844150557,36.13757442028571,Q1 (23-36.1 ppb),4.916666666666667
1795.8125,Transplant,0.4902170685437075,Q1,Kidney,Ozone,79993,677201,23.024419844150557,36.13757442028571,Q1 (23-36.1 ppb),4.916666666666667
1826.25,Death/delisted too sick,0.15011411525065935,Q1,Kidney,Ozone,79993,677201,23.024419844150557,36.13757442028571,Q1 (23-36.1 ppb),5
1826.25,Transplant,0.4955562599568647,Q1,Kidney,Ozone,79993,677201,23.024419844150557,36.13757442028571,Q1 (23-36.1 ppb),5
0,Death/delisted too sick,0,Q2,Kidney,Ozone,79993,677201,36.137577291775834,38.07726185998798,Q2 (36.1-38.1 ppb),0
0,Transplant,0,Q2,Kidney,Ozone,79993,677201,36.137577291775834,38.07726185998798,Q2 (36.1-38.1 ppb),0
30.4375,Death/delisted too sick,0.003647882044386466,Q2,Kidney,Ozone,79993,677201,36.137577291775834,38.07726185998798,Q2 (36.1-38.1 ppb),0.08333333333333333
30.4375,Transplant,0.02070281743503967,Q2,Kidney,Ozone,79993,677201,36.137577291775834,38.07726185998798,Q2 (36.1-38.1 ppb),0.08333333333333333
60.875,Death/delisted too sick,0.005936279866026574,Q2,Kidney,Ozone,79993,677201,36.137577291775834,38.07726185998798,Q2 (36.1-38.1 ppb),0.16666666666666666
60.875,Transplant,0.035675167322902546,Q2,Kidney,Ozone,79993,677201,36.137577291775834,38.07726185998798,Q2 (36.1-38.1 ppb),0.16666666666666666
91.3125,Death/delisted too sick,0.007585761808488689,Q2,Kidney,Ozone,79993,677201,36.137577291775834,38.07726185998798,Q2 (36.1-38.1 ppb),0.25
91.3125,Transplant,0.051119323956290895,Q2,Kidney,Ozone,79993,677201,36.137577291775834,38.07726185998798,Q2 (36.1-38.1 ppb),0.25
121.75,Death/delisted too sick,0.009171382714453266,Q2,Kidney,Ozone,79993,677201,36.137577291775834,38.07726185998798,Q2 (36.1-38.1 ppb),0.3333333333333333
121.75,Transplant,0.06510862554040758,Q2,Kidney,Ozone,79993,677201,36.137577291775834,38.07726185998798,Q2 (36.1-38.1 ppb),0.3333333333333333
152.1875,Death/delisted too sick,0.010956598740651496,Q2,Kidney,Ozone,79993,677201,36.137577291775834,38.07726185998798,Q2 (36.1-38.1 ppb),0.4166666666666667
152.1875,Transplant,0.07882434436171229,Q2,Kidney,Ozone,79993,677201,36.137577291775834,38.07726185998798,Q2 (36.1-38.1 ppb),0.4166666666666667
182.625,Death/delisted too sick,0.012614220161968177,Q2,Kidney,Ozone,79993,677201,36.137577291775834,38.07726185998798,Q2 (36.1-38.1 ppb),0.5
182.625,Transplant,0.09201005322643067,Q2,Kidney,Ozone,79993,677201,36.137577291775834,38.07726185998798,Q2 (36.1-38.1 ppb),0.5
213.0625,Death/delisted too sick,0.014524839162903024,Q2,Kidney,Ozone,79993,677201,36.137577291775834,38.07726185998798,Q2 (36.1-38.1 ppb),0.5833333333333334
213.0625,Transplant,0.10476750172938773,Q2,Kidney,Ozone,79993,677201,36.137577291775834,38.07726185998798,Q2 (36.1-38.1 ppb),0.5833333333333334
243.5,Death/delisted too sick,0.016178067878979685,Q2,Kidney,Ozone,79993,677201,36.137577291775834,38.07726185998798,Q2 (36.1-38.1 ppb),0.6666666666666666
243.5,Transplant,0.11658065386449791,Q2,Kidney,Ozone,79993,677201,36.137577291775834,38.07726185998798,Q2 (36.1-38.1 ppb),0.6666666666666666
273.9375,Death/delisted too sick,0.01805001813166309,Q2,Kidney,Ozone,79993,677201,36.137577291775834,38.07726185998798,Q2 (36.1-38.1 ppb),0.75
273.9375,Transplant,0.12791436209647625,Q2,Kidney,Ozone,79993,677201,36.137577291775834,38.07726185998798,Q2 (36.1-38.1 ppb),0.75
304.375,Death/delisted too sick,0.0199595646580578,Q2,Kidney,Ozone,79993,677201,36.137577291775834,38.07726185998798,Q2 (36.1-38.1 ppb),0.8333333333333334
304.375,Transplant,0.13882250500261523,Q2,Kidney,Ozone,79993,677201,36.137577291775834,38.07726185998798,Q2 (36.1-38.1 ppb),0.8333333333333334
334.8125,Death/delisted too sick,0.02198516810430432,Q2,Kidney,Ozone,79993,677201,36.137577291775834,38.07726185998798,Q2 (36.1-38.1 ppb),0.9166666666666666
334.8125,Transplant,0.14891783020899654,Q2,Kidney,Ozone,79993,677201,36.137577291775834,38.07726185998798,Q2 (36.1-38.1 ppb),0.9166666666666666
365.25,Death/delisted too sick,0.023943321804212037,Q2,Kidney,Ozone,79993,677201,36.137577291775834,38.07726185998798,Q2 (36.1-38.1 ppb),1
365.25,Transplant,0.15935606319667617,Q2,Kidney,Ozone,79993,677201,36.137577291775834,38.07726185998798,Q2 (36.1-38.1 ppb),1
395.6875,Death/delisted too sick,0.025941511558716893,Q2,Kidney,Ozone,79993,677201,36.137577291775834,38.07726185998798,Q2 (36.1-38.1 ppb),1.0833333333333333
395.6875,Transplant,0.16988889345836833,Q2,Kidney,Ozone,79993,677201,36.137577291775834,38.07726185998798,Q2 (36.1-38.1 ppb),1.0833333333333333
426.125,Death/delisted too sick,0.02808163436569153,Q2,Kidney,Ozone,79993,677201,36.137577291775834,38.07726185998798,Q2 (36.1-38.1 ppb),1.1666666666666667
426.125,Transplant,0.1800859884544904,Q2,Kidney,Ozone,79993,677201,36.137577291775834,38.07726185998798,Q2 (36.1-38.1 ppb),1.1666666666666667
456.5625,Death/delisted too sick,0.03023261176875148,Q2,Kidney,Ozone,79993,677201,36.137577291775834,38.07726185998798,Q2 (36.1-38.1 ppb),1.25
456.5625,Transplant,0.18946717892000867,Q2,Kidney,Ozone,79993,677201,36.137577291775834,38.07726185998798,Q2 (36.1-38.1 ppb),1.25
487,Death/delisted too sick,0.032427963436046564,Q2,Kidney,Ozone,79993,677201,36.137577291775834,38.07726185998798,Q2 (36.1-38.1 ppb),1.3333333333333333
487,Transplant,0.19916979513144684,Q2,Kidney,Ozone,79993,677201,36.137577291775834,38.07726185998798,Q2 (36.1-38.1 ppb),1.3333333333333333
517.4375,Death/delisted too sick,0.034391107121557934,Q2,Kidney,Ozone,79993,677201,36.137577291775834,38.07726185998798,Q2 (36.1-38.1 ppb),1.4166666666666667
517.4375,Transplant,0.20838748501260712,Q2,Kidney,Ozone,79993,677201,36.137577291775834,38.07726185998798,Q2 (36.1-38.1 ppb),1.4166666666666667
547.875,Death/delisted too sick,0.03668329818811152,Q2,Kidney,Ozone,79993,677201,36.137577291775834,38.07726185998798,Q2 (36.1-38.1 ppb),1.5
547.875,Transplant,0.21666456185000038,Q2,Kidney,Ozone,79993,677201,36.137577291775834,38.07726185998798,Q2 (36.1-38.1 ppb),1.5
578.3125,Death/delisted too sick,0.03904490188342102,Q2,Kidney,Ozone,79993,677201,36.137577291775834,38.07726185998798,Q2 (36.1-38.1 ppb),1.5833333333333333
578.3125,Transplant,0.2250852082447041,Q2,Kidney,Ozone,79993,677201,36.137577291775834,38.07726185998798,Q2 (36.1-38.1 ppb),1.5833333333333333
608.75,Death/delisted too sick,0.04175718629872119,Q2,Kidney,Ozone,79993,677201,36.137577291775834,38.07726185998798,Q2 (36.1-38.1 ppb),1.6666666666666667
608.75,Transplant,0.23273107928807132,Q2,Kidney,Ozone,79993,677201,36.137577291775834,38.07726185998798,Q2 (36.1-38.1 ppb),1.6666666666666667
639.1875,Death/delisted too sick,0.04452878391735129,Q2,Kidney,Ozone,79993,677201,36.137577291775834,38.07726185998798,Q2 (36.1-38.1 ppb),1.75
639.1875,Transplant,0.2413411856801875,Q2,Kidney,Ozone,79993,677201,36.137577291775834,38.07726185998798,Q2 (36.1-38.1 ppb),1.75
669.625,Death/delisted too sick,0.04703797728188517,Q2,Kidney,Ozone,79993,677201,36.137577291775834,38.07726185998798,Q2 (36.1-38.1 ppb),1.8333333333333333
669.625,Transplant,0.24899582212912416,Q2,Kidney,Ozone,79993,677201,36.137577291775834,38.07726185998798,Q2 (36.1-38.1 ppb),1.8333333333333333
700.0625,Death/delisted too sick,0.049825499460018095,Q2,Kidney,Ozone,79993,677201,36.137577291775834,38.07726185998798,Q2 (36.1-38.1 ppb),1.9166666666666667
700.0625,Transplant,0.25662909152959107,Q2,Kidney,Ozone,79993,677201,36.137577291775834,38.07726185998798,Q2 (36.1-38.1 ppb),1.9166666666666667
730.5,Death/delisted too sick,0.05254072879058731,Q2,Kidney,Ozone,79993,677201,36.137577291775834,38.07726185998798,Q2 (36.1-38.1 ppb),2
730.5,Transplant,0.26376883508278,Q2,Kidney,Ozone,79993,677201,36.137577291775834,38.07726185998798,Q2 (36.1-38.1 ppb),2
760.9375,Death/delisted too sick,0.05493004587340091,Q2,Kidney,Ozone,79993,677201,36.137577291775834,38.07726185998798,Q2 (36.1-38.1 ppb),2.0833333333333335
760.9375,Transplant,0.2717260002285821,Q2,Kidney,Ozone,79993,677201,36.137577291775834,38.07726185998798,Q2 (36.1-38.1 ppb),2.0833333333333335
791.375,Death/delisted too sick,0.057702695633944444,Q2,Kidney,Ozone,79993,677201,36.137577291775834,38.07726185998798,Q2 (36.1-38.1 ppb),2.1666666666666665
791.375,Transplant,0.27974140759343796,Q2,Kidney,Ozone,79993,677201,36.137577291775834,38.07726185998798,Q2 (36.1-38.1 ppb),2.1666666666666665
821.8125,Death/delisted too sick,0.06027506971266856,Q2,Kidney,Ozone,79993,677201,36.137577291775834,38.07726185998798,Q2 (36.1-38.1 ppb),2.25
821.8125,Transplant,0.2872849855604858,Q2,Kidney,Ozone,79993,677201,36.137577291775834,38.07726185998798,Q2 (36.1-38.1 ppb),2.25
852.25,Death/delisted too sick,0.06306160462519356,Q2,Kidney,Ozone,79993,677201,36.137577291775834,38.07726185998798,Q2 (36.1-38.1 ppb),2.3333333333333335
852.25,Transplant,0.2945733806702236,Q2,Kidney,Ozone,79993,677201,36.137577291775834,38.07726185998798,Q2 (36.1-38.1 ppb),2.3333333333333335
882.6875,Death/delisted too sick,0.06603946538097753,Q2,Kidney,Ozone,79993,677201,36.137577291775834,38.07726185998798,Q2 (36.1-38.1 ppb),2.4166666666666665
882.6875,Transplant,0.30206492803664153,Q2,Kidney,Ozone,79993,677201,36.137577291775834,38.07726185998798,Q2 (36.1-38.1 ppb),2.4166666666666665
913.125,Death/delisted too sick,0.06912091664315105,Q2,Kidney,Ozone,79993,677201,36.137577291775834,38.07726185998798,Q2 (36.1-38.1 ppb),2.5
913.125,Transplant,0.3092472730238947,Q2,Kidney,Ozone,79993,677201,36.137577291775834,38.07726185998798,Q2 (36.1-38.1 ppb),2.5
943.5625,Death/delisted too sick,0.071902821081261,Q2,Kidney,Ozone,79993,677201,36.137577291775834,38.07726185998798,Q2 (36.1-38.1 ppb),2.5833333333333335
943.5625,Transplant,0.31610972082109984,Q2,Kidney,Ozone,79993,677201,36.137577291775834,38.07726185998798,Q2 (36.1-38.1 ppb),2.5833333333333335
974,Death/delisted too sick,0.07475668220961848,Q2,Kidney,Ozone,79993,677201,36.137577291775834,38.07726185998798,Q2 (36.1-38.1 ppb),2.6666666666666665
974,Transplant,0.3234710948890844,Q2,Kidney,Ozone,79993,677201,36.137577291775834,38.07726185998798,Q2 (36.1-38.1 ppb),2.6666666666666665
1004.4375,Death/delisted too sick,0.0770532586086926,Q2,Kidney,Ozone,79993,677201,36.137577291775834,38.07726185998798,Q2 (36.1-38.1 ppb),2.75
1004.4375,Transplant,0.33074269713481524,Q2,Kidney,Ozone,79993,677201,36.137577291775834,38.07726185998798,Q2 (36.1-38.1 ppb),2.75
1034.875,Death/delisted too sick,0.07955219419054269,Q2,Kidney,Ozone,79993,677201,36.137577291775834,38.07726185998798,Q2 (36.1-38.1 ppb),2.8333333333333335
1034.875,Transplant,0.3375498640688008,Q2,Kidney,Ozone,79993,677201,36.137577291775834,38.07726185998798,Q2 (36.1-38.1 ppb),2.8333333333333335
1065.3125,Death/delisted too sick,0.08257709146357144,Q2,Kidney,Ozone,79993,677201,36.137577291775834,38.07726185998798,Q2 (36.1-38.1 ppb),2.9166666666666665
1065.3125,Transplant,0.3443073992989516,Q2,Kidney,Ozone,79993,677201,36.137577291775834,38.07726185998798,Q2 (36.1-38.1 ppb),2.9166666666666665
1095.75,Death/delisted too sick,0.08543242576839669,Q2,Kidney,Ozone,79993,677201,36.137577291775834,38.07726185998798,Q2 (36.1-38.1 ppb),3
1095.75,Transplant,0.3503246593861838,Q2,Kidney,Ozone,79993,677201,36.137577291775834,38.07726185998798,Q2 (36.1-38.1 ppb),3
1126.1875,Death/delisted too sick,0.08841767820290437,Q2,Kidney,Ozone,79993,677201,36.137577291775834,38.07726185998798,Q2 (36.1-38.1 ppb),3.0833333333333335
1126.1875,Transplant,0.35703600541684805,Q2,Kidney,Ozone,79993,677201,36.137577291775834,38.07726185998798,Q2 (36.1-38.1 ppb),3.0833333333333335
1156.625,Death/delisted too sick,0.09122833859073633,Q2,Kidney,Ozone,79993,677201,36.137577291775834,38.07726185998798,Q2 (36.1-38.1 ppb),3.1666666666666665
1156.625,Transplant,0.36435547109532,Q2,Kidney,Ozone,79993,677201,36.137577291775834,38.07726185998798,Q2 (36.1-38.1 ppb),3.1666666666666665
1187.0625,Death/delisted too sick,0.09384619909058214,Q2,Kidney,Ozone,79993,677201,36.137577291775834,38.07726185998798,Q2 (36.1-38.1 ppb),3.25
1187.0625,Transplant,0.3709115200903631,Q2,Kidney,Ozone,79993,677201,36.137577291775834,38.07726185998798,Q2 (36.1-38.1 ppb),3.25
1217.5,Death/delisted too sick,0.0965382750674945,Q2,Kidney,Ozone,79993,677201,36.137577291775834,38.07726185998798,Q2 (36.1-38.1 ppb),3.3333333333333335
1217.5,Transplant,0.3774309687709686,Q2,Kidney,Ozone,79993,677201,36.137577291775834,38.07726185998798,Q2 (36.1-38.1 ppb),3.3333333333333335
1247.9375,Death/delisted too sick,0.09919412470790143,Q2,Kidney,Ozone,79993,677201,36.137577291775834,38.07726185998798,Q2 (36.1-38.1 ppb),3.4166666666666665
1247.9375,Transplant,0.38370928257009645,Q2,Kidney,Ozone,79993,677201,36.137577291775834,38.07726185998798,Q2 (36.1-38.1 ppb),3.4166666666666665
1278.375,Death/delisted too sick,0.1020718592943964,Q2,Kidney,Ozone,79993,677201,36.137577291775834,38.07726185998798,Q2 (36.1-38.1 ppb),3.5
1278.375,Transplant,0.3900635806208199,Q2,Kidney,Ozone,79993,677201,36.137577291775834,38.07726185998798,Q2 (36.1-38.1 ppb),3.5
1308.8125,Death/delisted too sick,0.10488805549352637,Q2,Kidney,Ozone,79993,677201,36.137577291775834,38.07726185998798,Q2 (36.1-38.1 ppb),3.5833333333333335
1308.8125,Transplant,0.3961231787693432,Q2,Kidney,Ozone,79993,677201,36.137577291775834,38.07726185998798,Q2 (36.1-38.1 ppb),3.5833333333333335
1339.25,Death/delisted too sick,0.10786136267090643,Q2,Kidney,Ozone,79993,677201,36.137577291775834,38.07726185998798,Q2 (36.1-38.1 ppb),3.6666666666666665
1339.25,Transplant,0.4024301426367252,Q2,Kidney,Ozone,79993,677201,36.137577291775834,38.07726185998798,Q2 (36.1-38.1 ppb),3.6666666666666665
1369.6875,Death/delisted too sick,0.11066541222892286,Q2,Kidney,Ozone,79993,677201,36.137577291775834,38.07726185998798,Q2 (36.1-38.1 ppb),3.75
1369.6875,Transplant,0.40841166675975454,Q2,Kidney,Ozone,79993,677201,36.137577291775834,38.07726185998798,Q2 (36.1-38.1 ppb),3.75
1400.125,Death/delisted too sick,0.11371917645741432,Q2,Kidney,Ozone,79993,677201,36.137577291775834,38.07726185998798,Q2 (36.1-38.1 ppb),3.8333333333333335
1400.125,Transplant,0.41474781180654974,Q2,Kidney,Ozone,79993,677201,36.137577291775834,38.07726185998798,Q2 (36.1-38.1 ppb),3.8333333333333335
1430.5625,Death/delisted too sick,0.11628309080973259,Q2,Kidney,Ozone,79993,677201,36.137577291775834,38.07726185998798,Q2 (36.1-38.1 ppb),3.9166666666666665
1430.5625,Transplant,0.4204039501327243,Q2,Kidney,Ozone,79993,677201,36.137577291775834,38.07726185998798,Q2 (36.1-38.1 ppb),3.9166666666666665
1461,Death/delisted too sick,0.11927202737398508,Q2,Kidney,Ozone,79993,677201,36.137577291775834,38.07726185998798,Q2 (36.1-38.1 ppb),4
1461,Transplant,0.4266958307738773,Q2,Kidney,Ozone,79993,677201,36.137577291775834,38.07726185998798,Q2 (36.1-38.1 ppb),4
1491.4375,Death/delisted too sick,0.12189847928296316,Q2,Kidney,Ozone,79993,677201,36.137577291775834,38.07726185998798,Q2 (36.1-38.1 ppb),4.083333333333333
1491.4375,Transplant,0.4332797955875986,Q2,Kidney,Ozone,79993,677201,36.137577291775834,38.07726185998798,Q2 (36.1-38.1 ppb),4.083333333333333
1521.875,Death/delisted too sick,0.12433664798316181,Q2,Kidney,Ozone,79993,677201,36.137577291775834,38.07726185998798,Q2 (36.1-38.1 ppb),4.166666666666667
1521.875,Transplant,0.4391775825629374,Q2,Kidney,Ozone,79993,677201,36.137577291775834,38.07726185998798,Q2 (36.1-38.1 ppb),4.166666666666667
1552.3125,Death/delisted too sick,0.1270435450530201,Q2,Kidney,Ozone,79993,677201,36.137577291775834,38.07726185998798,Q2 (36.1-38.1 ppb),4.25
1552.3125,Transplant,0.4456357943826615,Q2,Kidney,Ozone,79993,677201,36.137577291775834,38.07726185998798,Q2 (36.1-38.1 ppb),4.25
1582.75,Death/delisted too sick,0.129882481775295,Q2,Kidney,Ozone,79993,677201,36.137577291775834,38.07726185998798,Q2 (36.1-38.1 ppb),4.333333333333333
1582.75,Transplant,0.4511771737288563,Q2,Kidney,Ozone,79993,677201,36.137577291775834,38.07726185998798,Q2 (36.1-38.1 ppb),4.333333333333333
1613.1875,Death/delisted too sick,0.1325563345339824,Q2,Kidney,Ozone,79993,677201,36.137577291775834,38.07726185998798,Q2 (36.1-38.1 ppb),4.416666666666667
1613.1875,Transplant,0.4566163611523912,Q2,Kidney,Ozone,79993,677201,36.137577291775834,38.07726185998798,Q2 (36.1-38.1 ppb),4.416666666666667
1643.625,Death/delisted too sick,0.13522960140671383,Q2,Kidney,Ozone,79993,677201,36.137577291775834,38.07726185998798,Q2 (36.1-38.1 ppb),4.5
1643.625,Transplant,0.4621669642359315,Q2,Kidney,Ozone,79993,677201,36.137577291775834,38.07726185998798,Q2 (36.1-38.1 ppb),4.5
1674.0625,Death/delisted too sick,0.13776729086805392,Q2,Kidney,Ozone,79993,677201,36.137577291775834,38.07726185998798,Q2 (36.1-38.1 ppb),4.583333333333333
1674.0625,Transplant,0.4676863230091487,Q2,Kidney,Ozone,79993,677201,36.137577291775834,38.07726185998798,Q2 (36.1-38.1 ppb),4.583333333333333
1704.5,Death/delisted too sick,0.14047911020941767,Q2,Kidney,Ozone,79993,677201,36.137577291775834,38.07726185998798,Q2 (36.1-38.1 ppb),4.666666666666667
1704.5,Transplant,0.4734761543366547,Q2,Kidney,Ozone,79993,677201,36.137577291775834,38.07726185998798,Q2 (36.1-38.1 ppb),4.666666666666667
1734.9375,Death/delisted too sick,0.14302912472292684,Q2,Kidney,Ozone,79993,677201,36.137577291775834,38.07726185998798,Q2 (36.1-38.1 ppb),4.75
1734.9375,Transplant,0.47840329437445445,Q2,Kidney,Ozone,79993,677201,36.137577291775834,38.07726185998798,Q2 (36.1-38.1 ppb),4.75
1765.375,Death/delisted too sick,0.1461553850244946,Q2,Kidney,Ozone,79993,677201,36.137577291775834,38.07726185998798,Q2 (36.1-38.1 ppb),4.833333333333333
1765.375,Transplant,0.48354627033870184,Q2,Kidney,Ozone,79993,677201,36.137577291775834,38.07726185998798,Q2 (36.1-38.1 ppb),4.833333333333333
1795.8125,Death/delisted too sick,0.148763914105796,Q2,Kidney,Ozone,79993,677201,36.137577291775834,38.07726185998798,Q2 (36.1-38.1 ppb),4.916666666666667
1795.8125,Transplant,0.4883197850423816,Q2,Kidney,Ozone,79993,677201,36.137577291775834,38.07726185998798,Q2 (36.1-38.1 ppb),4.916666666666667
1826.25,Death/delisted too sick,0.15112752105781407,Q2,Kidney,Ozone,79993,677201,36.137577291775834,38.07726185998798,Q2 (36.1-38.1 ppb),5
1826.25,Transplant,0.49339117682539,Q2,Kidney,Ozone,79993,677201,36.137577291775834,38.07726185998798,Q2 (36.1-38.1 ppb),5
0,Death/delisted too sick,0,Q3,Kidney,Ozone,79993,677201,38.07726185998798,40.59348055895637,Q3 (38.1-40.6 ppb),0
0,Transplant,0,Q3,Kidney,Ozone,79993,677201,38.07726185998798,40.59348055895637,Q3 (38.1-40.6 ppb),0
30.4375,Death/delisted too sick,0.0030917840212958602,Q3,Kidney,Ozone,79993,677201,38.07726185998798,40.59348055895637,Q3 (38.1-40.6 ppb),0.08333333333333333
30.4375,Transplant,0.02146115513621764,Q3,Kidney,Ozone,79993,677201,38.07726185998798,40.59348055895637,Q3 (38.1-40.6 ppb),0.08333333333333333
60.875,Death/delisted too sick,0.0054127023724625,Q3,Kidney,Ozone,79993,677201,38.07726185998798,40.59348055895637,Q3 (38.1-40.6 ppb),0.16666666666666666
60.875,Transplant,0.03686955919008253,Q3,Kidney,Ozone,79993,677201,38.07726185998798,40.59348055895637,Q3 (38.1-40.6 ppb),0.16666666666666666
91.3125,Death/delisted too sick,0.007762846725696496,Q3,Kidney,Ozone,79993,677201,38.07726185998798,40.59348055895637,Q3 (38.1-40.6 ppb),0.25
91.3125,Transplant,0.05217846735459126,Q3,Kidney,Ozone,79993,677201,38.07726185998798,40.59348055895637,Q3 (38.1-40.6 ppb),0.25
121.75,Death/delisted too sick,0.009499899525965484,Q3,Kidney,Ozone,79993,677201,38.07726185998798,40.59348055895637,Q3 (38.1-40.6 ppb),0.3333333333333333
121.75,Transplant,0.06607348338694816,Q3,Kidney,Ozone,79993,677201,38.07726185998798,40.59348055895637,Q3 (38.1-40.6 ppb),0.3333333333333333
152.1875,Death/delisted too sick,0.011307917090057707,Q3,Kidney,Ozone,79993,677201,38.07726185998798,40.59348055895637,Q3 (38.1-40.6 ppb),0.4166666666666667
152.1875,Transplant,0.08004691151415384,Q3,Kidney,Ozone,79993,677201,38.07726185998798,40.59348055895637,Q3 (38.1-40.6 ppb),0.4166666666666667
182.625,Death/delisted too sick,0.013003805386640612,Q3,Kidney,Ozone,79993,677201,38.07726185998798,40.59348055895637,Q3 (38.1-40.6 ppb),0.5
182.625,Transplant,0.0928656892690473,Q3,Kidney,Ozone,79993,677201,38.07726185998798,40.59348055895637,Q3 (38.1-40.6 ppb),0.5
213.0625,Death/delisted too sick,0.014875649066769818,Q3,Kidney,Ozone,79993,677201,38.07726185998798,40.59348055895637,Q3 (38.1-40.6 ppb),0.5833333333333334
213.0625,Transplant,0.10510290649970104,Q3,Kidney,Ozone,79993,677201,38.07726185998798,40.59348055895637,Q3 (38.1-40.6 ppb),0.5833333333333334
243.5,Death/delisted too sick,0.01650103641442495,Q3,Kidney,Ozone,79993,677201,38.07726185998798,40.59348055895637,Q3 (38.1-40.6 ppb),0.6666666666666666
243.5,Transplant,0.11633703550460198,Q3,Kidney,Ozone,79993,677201,38.07726185998798,40.59348055895637,Q3 (38.1-40.6 ppb),0.6666666666666666
273.9375,Death/delisted too sick,0.018555226332886397,Q3,Kidney,Ozone,79993,677201,38.07726185998798,40.59348055895637,Q3 (38.1-40.6 ppb),0.75
273.9375,Transplant,0.1277493686201708,Q3,Kidney,Ozone,79993,677201,38.07726185998798,40.59348055895637,Q3 (38.1-40.6 ppb),0.75
304.375,Death/delisted too sick,0.020480662764551225,Q3,Kidney,Ozone,79993,677201,38.07726185998798,40.59348055895637,Q3 (38.1-40.6 ppb),0.8333333333333334
304.375,Transplant,0.13898844301752045,Q3,Kidney,Ozone,79993,677201,38.07726185998798,40.59348055895637,Q3 (38.1-40.6 ppb),0.8333333333333334
334.8125,Death/delisted too sick,0.02219249723588913,Q3,Kidney,Ozone,79993,677201,38.07726185998798,40.59348055895637,Q3 (38.1-40.6 ppb),0.9166666666666666
334.8125,Transplant,0.14890437892791591,Q3,Kidney,Ozone,79993,677201,38.07726185998798,40.59348055895637,Q3 (38.1-40.6 ppb),0.9166666666666666
365.25,Death/delisted too sick,0.02429294662420489,Q3,Kidney,Ozone,79993,677201,38.07726185998798,40.59348055895637,Q3 (38.1-40.6 ppb),1
365.25,Transplant,0.1587725381671637,Q3,Kidney,Ozone,79993,677201,38.07726185998798,40.59348055895637,Q3 (38.1-40.6 ppb),1
395.6875,Death/delisted too sick,0.02667482262001258,Q3,Kidney,Ozone,79993,677201,38.07726185998798,40.59348055895637,Q3 (38.1-40.6 ppb),1.0833333333333333
395.6875,Transplant,0.16893967969572316,Q3,Kidney,Ozone,79993,677201,38.07726185998798,40.59348055895637,Q3 (38.1-40.6 ppb),1.0833333333333333
426.125,Death/delisted too sick,0.028660499712557238,Q3,Kidney,Ozone,79993,677201,38.07726185998798,40.59348055895637,Q3 (38.1-40.6 ppb),1.1666666666666667
426.125,Transplant,0.17977504157203134,Q3,Kidney,Ozone,79993,677201,38.07726185998798,40.59348055895637,Q3 (38.1-40.6 ppb),1.1666666666666667
456.5625,Death/delisted too sick,0.030837593038215833,Q3,Kidney,Ozone,79993,677201,38.07726185998798,40.59348055895637,Q3 (38.1-40.6 ppb),1.25
456.5625,Transplant,0.18929661118815924,Q3,Kidney,Ozone,79993,677201,38.07726185998798,40.59348055895637,Q3 (38.1-40.6 ppb),1.25
487,Death/delisted too sick,0.033084095480549976,Q3,Kidney,Ozone,79993,677201,38.07726185998798,40.59348055895637,Q3 (38.1-40.6 ppb),1.3333333333333333
487,Transplant,0.19894266659050813,Q3,Kidney,Ozone,79993,677201,38.07726185998798,40.59348055895637,Q3 (38.1-40.6 ppb),1.3333333333333333
517.4375,Death/delisted too sick,0.035489326503688946,Q3,Kidney,Ozone,79993,677201,38.07726185998798,40.59348055895637,Q3 (38.1-40.6 ppb),1.4166666666666667
517.4375,Transplant,0.20854656582518044,Q3,Kidney,Ozone,79993,677201,38.07726185998798,40.59348055895637,Q3 (38.1-40.6 ppb),1.4166666666666667
547.875,Death/delisted too sick,0.03793325873795952,Q3,Kidney,Ozone,79993,677201,38.07726185998798,40.59348055895637,Q3 (38.1-40.6 ppb),1.5
547.875,Transplant,0.21728484127528344,Q3,Kidney,Ozone,79993,677201,38.07726185998798,40.59348055895637,Q3 (38.1-40.6 ppb),1.5
578.3125,Death/delisted too sick,0.04050440286908883,Q3,Kidney,Ozone,79993,677201,38.07726185998798,40.59348055895637,Q3 (38.1-40.6 ppb),1.5833333333333333
578.3125,Transplant,0.2257192556007551,Q3,Kidney,Ozone,79993,677201,38.07726185998798,40.59348055895637,Q3 (38.1-40.6 ppb),1.5833333333333333
608.75,Death/delisted too sick,0.0428018846484386,Q3,Kidney,Ozone,79993,677201,38.07726185998798,40.59348055895637,Q3 (38.1-40.6 ppb),1.6666666666666667
608.75,Transplant,0.23409278645834142,Q3,Kidney,Ozone,79993,677201,38.07726185998798,40.59348055895637,Q3 (38.1-40.6 ppb),1.6666666666666667
639.1875,Death/delisted too sick,0.04520459093382424,Q3,Kidney,Ozone,79993,677201,38.07726185998798,40.59348055895637,Q3 (38.1-40.6 ppb),1.75
639.1875,Transplant,0.2425478617359893,Q3,Kidney,Ozone,79993,677201,38.07726185998798,40.59348055895637,Q3 (38.1-40.6 ppb),1.75
669.625,Death/delisted too sick,0.04777050019573559,Q3,Kidney,Ozone,79993,677201,38.07726185998798,40.59348055895637,Q3 (38.1-40.6 ppb),1.8333333333333333
669.625,Transplant,0.25055270815471165,Q3,Kidney,Ozone,79993,677201,38.07726185998798,40.59348055895637,Q3 (38.1-40.6 ppb),1.8333333333333333
700.0625,Death/delisted too sick,0.0505134992988867,Q3,Kidney,Ozone,79993,677201,38.07726185998798,40.59348055895637,Q3 (38.1-40.6 ppb),1.9166666666666667
700.0625,Transplant,0.25886364535532774,Q3,Kidney,Ozone,79993,677201,38.07726185998798,40.59348055895637,Q3 (38.1-40.6 ppb),1.9166666666666667
730.5,Death/delisted too sick,0.053071729260176184,Q3,Kidney,Ozone,79993,677201,38.07726185998798,40.59348055895637,Q3 (38.1-40.6 ppb),2
730.5,Transplant,0.2660769575544639,Q3,Kidney,Ozone,79993,677201,38.07726185998798,40.59348055895637,Q3 (38.1-40.6 ppb),2
760.9375,Death/delisted too sick,0.05582428179596009,Q3,Kidney,Ozone,79993,677201,38.07726185998798,40.59348055895637,Q3 (38.1-40.6 ppb),2.0833333333333335
760.9375,Transplant,0.2750264835104872,Q3,Kidney,Ozone,79993,677201,38.07726185998798,40.59348055895637,Q3 (38.1-40.6 ppb),2.0833333333333335
791.375,Death/delisted too sick,0.05825102315638682,Q3,Kidney,Ozone,79993,677201,38.07726185998798,40.59348055895637,Q3 (38.1-40.6 ppb),2.1666666666666665
791.375,Transplant,0.283517597861769,Q3,Kidney,Ozone,79993,677201,38.07726185998798,40.59348055895637,Q3 (38.1-40.6 ppb),2.1666666666666665
821.8125,Death/delisted too sick,0.06096273417882756,Q3,Kidney,Ozone,79993,677201,38.07726185998798,40.59348055895637,Q3 (38.1-40.6 ppb),2.25
821.8125,Transplant,0.2913929984121728,Q3,Kidney,Ozone,79993,677201,38.07726185998798,40.59348055895637,Q3 (38.1-40.6 ppb),2.25
852.25,Death/delisted too sick,0.06354087526363193,Q3,Kidney,Ozone,79993,677201,38.07726185998798,40.59348055895637,Q3 (38.1-40.6 ppb),2.3333333333333335
852.25,Transplant,0.2990132683639699,Q3,Kidney,Ozone,79993,677201,38.07726185998798,40.59348055895637,Q3 (38.1-40.6 ppb),2.3333333333333335
882.6875,Death/delisted too sick,0.06646441800098257,Q3,Kidney,Ozone,79993,677201,38.07726185998798,40.59348055895637,Q3 (38.1-40.6 ppb),2.4166666666666665
882.6875,Transplant,0.3069067887333315,Q3,Kidney,Ozone,79993,677201,38.07726185998798,40.59348055895637,Q3 (38.1-40.6 ppb),2.4166666666666665
913.125,Death/delisted too sick,0.06929875339323961,Q3,Kidney,Ozone,79993,677201,38.07726185998798,40.59348055895637,Q3 (38.1-40.6 ppb),2.5
913.125,Transplant,0.3148526049091595,Q3,Kidney,Ozone,79993,677201,38.07726185998798,40.59348055895637,Q3 (38.1-40.6 ppb),2.5
943.5625,Death/delisted too sick,0.07213815318922367,Q3,Kidney,Ozone,79993,677201,38.07726185998798,40.59348055895637,Q3 (38.1-40.6 ppb),2.5833333333333335
943.5625,Transplant,0.3218893049526216,Q3,Kidney,Ozone,79993,677201,38.07726185998798,40.59348055895637,Q3 (38.1-40.6 ppb),2.5833333333333335
974,Death/delisted too sick,0.07515742237089393,Q3,Kidney,Ozone,79993,677201,38.07726185998798,40.59348055895637,Q3 (38.1-40.6 ppb),2.6666666666666665
974,Transplant,0.32896516021958544,Q3,Kidney,Ozone,79993,677201,38.07726185998798,40.59348055895637,Q3 (38.1-40.6 ppb),2.6666666666666665
1004.4375,Death/delisted too sick,0.07791465465712814,Q3,Kidney,Ozone,79993,677201,38.07726185998798,40.59348055895637,Q3 (38.1-40.6 ppb),2.75
1004.4375,Transplant,0.3361527636230501,Q3,Kidney,Ozone,79993,677201,38.07726185998798,40.59348055895637,Q3 (38.1-40.6 ppb),2.75
1034.875,Death/delisted too sick,0.08079145320504132,Q3,Kidney,Ozone,79993,677201,38.07726185998798,40.59348055895637,Q3 (38.1-40.6 ppb),2.8333333333333335
1034.875,Transplant,0.34303508137015076,Q3,Kidney,Ozone,79993,677201,38.07726185998798,40.59348055895637,Q3 (38.1-40.6 ppb),2.8333333333333335
1065.3125,Death/delisted too sick,0.08390149853453338,Q3,Kidney,Ozone,79993,677201,38.07726185998798,40.59348055895637,Q3 (38.1-40.6 ppb),2.9166666666666665
1065.3125,Transplant,0.35000275130246095,Q3,Kidney,Ozone,79993,677201,38.07726185998798,40.59348055895637,Q3 (38.1-40.6 ppb),2.9166666666666665
1095.75,Death/delisted too sick,0.08694016959599314,Q3,Kidney,Ozone,79993,677201,38.07726185998798,40.59348055895637,Q3 (38.1-40.6 ppb),3
1095.75,Transplant,0.3565579988557752,Q3,Kidney,Ozone,79993,677201,38.07726185998798,40.59348055895637,Q3 (38.1-40.6 ppb),3
1126.1875,Death/delisted too sick,0.08981083613118132,Q3,Kidney,Ozone,79993,677201,38.07726185998798,40.59348055895637,Q3 (38.1-40.6 ppb),3.0833333333333335
1126.1875,Transplant,0.3641507079791221,Q3,Kidney,Ozone,79993,677201,38.07726185998798,40.59348055895637,Q3 (38.1-40.6 ppb),3.0833333333333335
1156.625,Death/delisted too sick,0.09240818964929753,Q3,Kidney,Ozone,79993,677201,38.07726185998798,40.59348055895637,Q3 (38.1-40.6 ppb),3.1666666666666665
1156.625,Transplant,0.370786829322078,Q3,Kidney,Ozone,79993,677201,38.07726185998798,40.59348055895637,Q3 (38.1-40.6 ppb),3.1666666666666665
1187.0625,Death/delisted too sick,0.09527795687483169,Q3,Kidney,Ozone,79993,677201,38.07726185998798,40.59348055895637,Q3 (38.1-40.6 ppb),3.25
1187.0625,Transplant,0.37745764064082765,Q3,Kidney,Ozone,79993,677201,38.07726185998798,40.59348055895637,Q3 (38.1-40.6 ppb),3.25
1217.5,Death/delisted too sick,0.09801961652256401,Q3,Kidney,Ozone,79993,677201,38.07726185998798,40.59348055895637,Q3 (38.1-40.6 ppb),3.3333333333333335
1217.5,Transplant,0.38387948882053874,Q3,Kidney,Ozone,79993,677201,38.07726185998798,40.59348055895637,Q3 (38.1-40.6 ppb),3.3333333333333335
1247.9375,Death/delisted too sick,0.10076753090123954,Q3,Kidney,Ozone,79993,677201,38.07726185998798,40.59348055895637,Q3 (38.1-40.6 ppb),3.4166666666666665
1247.9375,Transplant,0.3898088383223224,Q3,Kidney,Ozone,79993,677201,38.07726185998798,40.59348055895637,Q3 (38.1-40.6 ppb),3.4166666666666665
1278.375,Death/delisted too sick,0.10337861702528016,Q3,Kidney,Ozone,79993,677201,38.07726185998798,40.59348055895637,Q3 (38.1-40.6 ppb),3.5
1278.375,Transplant,0.3963040072144063,Q3,Kidney,Ozone,79993,677201,38.07726185998798,40.59348055895637,Q3 (38.1-40.6 ppb),3.5
1308.8125,Death/delisted too sick,0.1058311260717102,Q3,Kidney,Ozone,79993,677201,38.07726185998798,40.59348055895637,Q3 (38.1-40.6 ppb),3.5833333333333335
1308.8125,Transplant,0.4024607464751013,Q3,Kidney,Ozone,79993,677201,38.07726185998798,40.59348055895637,Q3 (38.1-40.6 ppb),3.5833333333333335
1339.25,Death/delisted too sick,0.10902162487712157,Q3,Kidney,Ozone,79993,677201,38.07726185998798,40.59348055895637,Q3 (38.1-40.6 ppb),3.6666666666666665
1339.25,Transplant,0.4091181812294462,Q3,Kidney,Ozone,79993,677201,38.07726185998798,40.59348055895637,Q3 (38.1-40.6 ppb),3.6666666666666665
1369.6875,Death/delisted too sick,0.11180167701253102,Q3,Kidney,Ozone,79993,677201,38.07726185998798,40.59348055895637,Q3 (38.1-40.6 ppb),3.75
1369.6875,Transplant,0.41486387903796523,Q3,Kidney,Ozone,79993,677201,38.07726185998798,40.59348055895637,Q3 (38.1-40.6 ppb),3.75
1400.125,Death/delisted too sick,0.11471630410661841,Q3,Kidney,Ozone,79993,677201,38.07726185998798,40.59348055895637,Q3 (38.1-40.6 ppb),3.8333333333333335
1400.125,Transplant,0.4209638295401971,Q3,Kidney,Ozone,79993,677201,38.07726185998798,40.59348055895637,Q3 (38.1-40.6 ppb),3.8333333333333335
1430.5625,Death/delisted too sick,0.11743809450888866,Q3,Kidney,Ozone,79993,677201,38.07726185998798,40.59348055895637,Q3 (38.1-40.6 ppb),3.9166666666666665
1430.5625,Transplant,0.4267789219262564,Q3,Kidney,Ozone,79993,677201,38.07726185998798,40.59348055895637,Q3 (38.1-40.6 ppb),3.9166666666666665
1461,Death/delisted too sick,0.12010169175113357,Q3,Kidney,Ozone,79993,677201,38.07726185998798,40.59348055895637,Q3 (38.1-40.6 ppb),4
1461,Transplant,0.43317966597126994,Q3,Kidney,Ozone,79993,677201,38.07726185998798,40.59348055895637,Q3 (38.1-40.6 ppb),4
1491.4375,Death/delisted too sick,0.12258209610627244,Q3,Kidney,Ozone,79993,677201,38.07726185998798,40.59348055895637,Q3 (38.1-40.6 ppb),4.083333333333333
1491.4375,Transplant,0.4395772056451728,Q3,Kidney,Ozone,79993,677201,38.07726185998798,40.59348055895637,Q3 (38.1-40.6 ppb),4.083333333333333
1521.875,Death/delisted too sick,0.12552488870266115,Q3,Kidney,Ozone,79993,677201,38.07726185998798,40.59348055895637,Q3 (38.1-40.6 ppb),4.166666666666667
1521.875,Transplant,0.4451461487753035,Q3,Kidney,Ozone,79993,677201,38.07726185998798,40.59348055895637,Q3 (38.1-40.6 ppb),4.166666666666667
1552.3125,Death/delisted too sick,0.1281805270966545,Q3,Kidney,Ozone,79993,677201,38.07726185998798,40.59348055895637,Q3 (38.1-40.6 ppb),4.25
1552.3125,Transplant,0.45121090300918415,Q3,Kidney,Ozone,79993,677201,38.07726185998798,40.59348055895637,Q3 (38.1-40.6 ppb),4.25
1582.75,Death/delisted too sick,0.1310439150249854,Q3,Kidney,Ozone,79993,677201,38.07726185998798,40.59348055895637,Q3 (38.1-40.6 ppb),4.333333333333333
1582.75,Transplant,0.4572212729984422,Q3,Kidney,Ozone,79993,677201,38.07726185998798,40.59348055895637,Q3 (38.1-40.6 ppb),4.333333333333333
1613.1875,Death/delisted too sick,0.13353513272347237,Q3,Kidney,Ozone,79993,677201,38.07726185998798,40.59348055895637,Q3 (38.1-40.6 ppb),4.416666666666667
1613.1875,Transplant,0.46380286364662804,Q3,Kidney,Ozone,79993,677201,38.07726185998798,40.59348055895637,Q3 (38.1-40.6 ppb),4.416666666666667
1643.625,Death/delisted too sick,0.13626350006278193,Q3,Kidney,Ozone,79993,677201,38.07726185998798,40.59348055895637,Q3 (38.1-40.6 ppb),4.5
1643.625,Transplant,0.46959656364822977,Q3,Kidney,Ozone,79993,677201,38.07726185998798,40.59348055895637,Q3 (38.1-40.6 ppb),4.5
1674.0625,Death/delisted too sick,0.1388895690393708,Q3,Kidney,Ozone,79993,677201,38.07726185998798,40.59348055895637,Q3 (38.1-40.6 ppb),4.583333333333333
1674.0625,Transplant,0.4750799726042742,Q3,Kidney,Ozone,79993,677201,38.07726185998798,40.59348055895637,Q3 (38.1-40.6 ppb),4.583333333333333
1704.5,Death/delisted too sick,0.14136592924817215,Q3,Kidney,Ozone,79993,677201,38.07726185998798,40.59348055895637,Q3 (38.1-40.6 ppb),4.666666666666667
1704.5,Transplant,0.4801897911108677,Q3,Kidney,Ozone,79993,677201,38.07726185998798,40.59348055895637,Q3 (38.1-40.6 ppb),4.666666666666667
1734.9375,Death/delisted too sick,0.1437693781734392,Q3,Kidney,Ozone,79993,677201,38.07726185998798,40.59348055895637,Q3 (38.1-40.6 ppb),4.75
1734.9375,Transplant,0.4857209260316259,Q3,Kidney,Ozone,79993,677201,38.07726185998798,40.59348055895637,Q3 (38.1-40.6 ppb),4.75
1765.375,Death/delisted too sick,0.1462997566155236,Q3,Kidney,Ozone,79993,677201,38.07726185998798,40.59348055895637,Q3 (38.1-40.6 ppb),4.833333333333333
1765.375,Transplant,0.49114305465769453,Q3,Kidney,Ozone,79993,677201,38.07726185998798,40.59348055895637,Q3 (38.1-40.6 ppb),4.833333333333333
1795.8125,Death/delisted too sick,0.14871825079279477,Q3,Kidney,Ozone,79993,677201,38.07726185998798,40.59348055895637,Q3 (38.1-40.6 ppb),4.916666666666667
1795.8125,Transplant,0.4965032345566237,Q3,Kidney,Ozone,79993,677201,38.07726185998798,40.59348055895637,Q3 (38.1-40.6 ppb),4.916666666666667
1826.25,Death/delisted too sick,0.15130709332166845,Q3,Kidney,Ozone,79993,677201,38.07726185998798,40.59348055895637,Q3 (38.1-40.6 ppb),5
1826.25,Transplant,0.5020615291507222,Q3,Kidney,Ozone,79993,677201,38.07726185998798,40.59348055895637,Q3 (38.1-40.6 ppb),5
0,Death/delisted too sick,0,Q4,Kidney,Ozone,79993,677201,40.59348055895637,58.0891342163086,Q4 (40.6-58.1 ppb),0
0,Transplant,0,Q4,Kidney,Ozone,79993,677201,40.59348055895637,58.0891342163086,Q4 (40.6-58.1 ppb),0
30.4375,Death/delisted too sick,0.0033629105621492362,Q4,Kidney,Ozone,79993,677201,40.59348055895637,58.0891342163086,Q4 (40.6-58.1 ppb),0.08333333333333333
30.4375,Transplant,0.02064866065780229,Q4,Kidney,Ozone,79993,677201,40.59348055895637,58.0891342163086,Q4 (40.6-58.1 ppb),0.08333333333333333
60.875,Death/delisted too sick,0.0054517226244179305,Q4,Kidney,Ozone,79993,677201,40.59348055895637,58.0891342163086,Q4 (40.6-58.1 ppb),0.16666666666666666
60.875,Transplant,0.035407210913892484,Q4,Kidney,Ozone,79993,677201,40.59348055895637,58.0891342163086,Q4 (40.6-58.1 ppb),0.16666666666666666
91.3125,Death/delisted too sick,0.007633969479750719,Q4,Kidney,Ozone,79993,677201,40.59348055895637,58.0891342163086,Q4 (40.6-58.1 ppb),0.25
91.3125,Transplant,0.05163006720136191,Q4,Kidney,Ozone,79993,677201,40.59348055895637,58.0891342163086,Q4 (40.6-58.1 ppb),0.25
121.75,Death/delisted too sick,0.00945471036927628,Q4,Kidney,Ozone,79993,677201,40.59348055895637,58.0891342163086,Q4 (40.6-58.1 ppb),0.3333333333333333
121.75,Transplant,0.0661582136698092,Q4,Kidney,Ozone,79993,677201,40.59348055895637,58.0891342163086,Q4 (40.6-58.1 ppb),0.3333333333333333
152.1875,Death/delisted too sick,0.0113751170523642,Q4,Kidney,Ozone,79993,677201,40.59348055895637,58.0891342163086,Q4 (40.6-58.1 ppb),0.4166666666666667
152.1875,Transplant,0.08105204670548619,Q4,Kidney,Ozone,79993,677201,40.59348055895637,58.0891342163086,Q4 (40.6-58.1 ppb),0.4166666666666667
182.625,Death/delisted too sick,0.013296337146115804,Q4,Kidney,Ozone,79993,677201,40.59348055895637,58.0891342163086,Q4 (40.6-58.1 ppb),0.5
182.625,Transplant,0.09416661868408588,Q4,Kidney,Ozone,79993,677201,40.59348055895637,58.0891342163086,Q4 (40.6-58.1 ppb),0.5
213.0625,Death/delisted too sick,0.015150984351022722,Q4,Kidney,Ozone,79993,677201,40.59348055895637,58.0891342163086,Q4 (40.6-58.1 ppb),0.5833333333333334
213.0625,Transplant,0.10713212867492959,Q4,Kidney,Ozone,79993,677201,40.59348055895637,58.0891342163086,Q4 (40.6-58.1 ppb),0.5833333333333334
243.5,Death/delisted too sick,0.01688974160382214,Q4,Kidney,Ozone,79993,677201,40.59348055895637,58.0891342163086,Q4 (40.6-58.1 ppb),0.6666666666666666
243.5,Transplant,0.11898129641923107,Q4,Kidney,Ozone,79993,677201,40.59348055895637,58.0891342163086,Q4 (40.6-58.1 ppb),0.6666666666666666
273.9375,Death/delisted too sick,0.018946527923122538,Q4,Kidney,Ozone,79993,677201,40.59348055895637,58.0891342163086,Q4 (40.6-58.1 ppb),0.75
273.9375,Transplant,0.13105652856569647,Q4,Kidney,Ozone,79993,677201,40.59348055895637,58.0891342163086,Q4 (40.6-58.1 ppb),0.75
304.375,Death/delisted too sick,0.020971610312611865,Q4,Kidney,Ozone,79993,677201,40.59348055895637,58.0891342163086,Q4 (40.6-58.1 ppb),0.8333333333333334
304.375,Transplant,0.14206350461083248,Q4,Kidney,Ozone,79993,677201,40.59348055895637,58.0891342163086,Q4 (40.6-58.1 ppb),0.8333333333333334
334.8125,Death/delisted too sick,0.022950548169009762,Q4,Kidney,Ozone,79993,677201,40.59348055895637,58.0891342163086,Q4 (40.6-58.1 ppb),0.9166666666666666
334.8125,Transplant,0.15210787762185762,Q4,Kidney,Ozone,79993,677201,40.59348055895637,58.0891342163086,Q4 (40.6-58.1 ppb),0.9166666666666666
365.25,Death/delisted too sick,0.02499056356776983,Q4,Kidney,Ozone,79993,677201,40.59348055895637,58.0891342163086,Q4 (40.6-58.1 ppb),1
365.25,Transplant,0.1619342138554915,Q4,Kidney,Ozone,79993,677201,40.59348055895637,58.0891342163086,Q4 (40.6-58.1 ppb),1
395.6875,Death/delisted too sick,0.027161734409173917,Q4,Kidney,Ozone,79993,677201,40.59348055895637,58.0891342163086,Q4 (40.6-58.1 ppb),1.0833333333333333
395.6875,Transplant,0.17219797116125685,Q4,Kidney,Ozone,79993,677201,40.59348055895637,58.0891342163086,Q4 (40.6-58.1 ppb),1.0833333333333333
426.125,Death/delisted too sick,0.029288323405819973,Q4,Kidney,Ozone,79993,677201,40.59348055895637,58.0891342163086,Q4 (40.6-58.1 ppb),1.1666666666666667
426.125,Transplant,0.1828437292771842,Q4,Kidney,Ozone,79993,677201,40.59348055895637,58.0891342163086,Q4 (40.6-58.1 ppb),1.1666666666666667
456.5625,Death/delisted too sick,0.031695944911138904,Q4,Kidney,Ozone,79993,677201,40.59348055895637,58.0891342163086,Q4 (40.6-58.1 ppb),1.25
456.5625,Transplant,0.1923726691559127,Q4,Kidney,Ozone,79993,677201,40.59348055895637,58.0891342163086,Q4 (40.6-58.1 ppb),1.25
487,Death/delisted too sick,0.03399784185144477,Q4,Kidney,Ozone,79993,677201,40.59348055895637,58.0891342163086,Q4 (40.6-58.1 ppb),1.3333333333333333
487,Transplant,0.20169545029959052,Q4,Kidney,Ozone,79993,677201,40.59348055895637,58.0891342163086,Q4 (40.6-58.1 ppb),1.3333333333333333
517.4375,Death/delisted too sick,0.03663250214967231,Q4,Kidney,Ozone,79993,677201,40.59348055895637,58.0891342163086,Q4 (40.6-58.1 ppb),1.4166666666666667
517.4375,Transplant,0.21064988683198746,Q4,Kidney,Ozone,79993,677201,40.59348055895637,58.0891342163086,Q4 (40.6-58.1 ppb),1.4166666666666667
547.875,Death/delisted too sick,0.03886384473700052,Q4,Kidney,Ozone,79993,677201,40.59348055895637,58.0891342163086,Q4 (40.6-58.1 ppb),1.5
547.875,Transplant,0.21924138256174405,Q4,Kidney,Ozone,79993,677201,40.59348055895637,58.0891342163086,Q4 (40.6-58.1 ppb),1.5
578.3125,Death/delisted too sick,0.04118388713436658,Q4,Kidney,Ozone,79993,677201,40.59348055895637,58.0891342163086,Q4 (40.6-58.1 ppb),1.5833333333333333
578.3125,Transplant,0.22777604715341104,Q4,Kidney,Ozone,79993,677201,40.59348055895637,58.0891342163086,Q4 (40.6-58.1 ppb),1.5833333333333333
608.75,Death/delisted too sick,0.04342123880781396,Q4,Kidney,Ozone,79993,677201,40.59348055895637,58.0891342163086,Q4 (40.6-58.1 ppb),1.6666666666666667
608.75,Transplant,0.23570186639560367,Q4,Kidney,Ozone,79993,677201,40.59348055895637,58.0891342163086,Q4 (40.6-58.1 ppb),1.6666666666666667
639.1875,Death/delisted too sick,0.04595061074584805,Q4,Kidney,Ozone,79993,677201,40.59348055895637,58.0891342163086,Q4 (40.6-58.1 ppb),1.75
639.1875,Transplant,0.2434970037592371,Q4,Kidney,Ozone,79993,677201,40.59348055895637,58.0891342163086,Q4 (40.6-58.1 ppb),1.75
669.625,Death/delisted too sick,0.04807650705078948,Q4,Kidney,Ozone,79993,677201,40.59348055895637,58.0891342163086,Q4 (40.6-58.1 ppb),1.8333333333333333
669.625,Transplant,0.25015214516709855,Q4,Kidney,Ozone,79993,677201,40.59348055895637,58.0891342163086,Q4 (40.6-58.1 ppb),1.8333333333333333
700.0625,Death/delisted too sick,0.05072514346632332,Q4,Kidney,Ozone,79993,677201,40.59348055895637,58.0891342163086,Q4 (40.6-58.1 ppb),1.9166666666666667
700.0625,Transplant,0.25800817260263453,Q4,Kidney,Ozone,79993,677201,40.59348055895637,58.0891342163086,Q4 (40.6-58.1 ppb),1.9166666666666667
730.5,Death/delisted too sick,0.05360295794476236,Q4,Kidney,Ozone,79993,677201,40.59348055895637,58.0891342163086,Q4 (40.6-58.1 ppb),2
730.5,Transplant,0.26509564348387693,Q4,Kidney,Ozone,79993,677201,40.59348055895637,58.0891342163086,Q4 (40.6-58.1 ppb),2
760.9375,Death/delisted too sick,0.05601499544911588,Q4,Kidney,Ozone,79993,677201,40.59348055895637,58.0891342163086,Q4 (40.6-58.1 ppb),2.0833333333333335
760.9375,Transplant,0.27383218362592043,Q4,Kidney,Ozone,79993,677201,40.59348055895637,58.0891342163086,Q4 (40.6-58.1 ppb),2.0833333333333335
791.375,Death/delisted too sick,0.05848258800847102,Q4,Kidney,Ozone,79993,677201,40.59348055895637,58.0891342163086,Q4 (40.6-58.1 ppb),2.1666666666666665
791.375,Transplant,0.2823483085867967,Q4,Kidney,Ozone,79993,677201,40.59348055895637,58.0891342163086,Q4 (40.6-58.1 ppb),2.1666666666666665
821.8125,Death/delisted too sick,0.06089327392381997,Q4,Kidney,Ozone,79993,677201,40.59348055895637,58.0891342163086,Q4 (40.6-58.1 ppb),2.25
821.8125,Transplant,0.29065271440260554,Q4,Kidney,Ozone,79993,677201,40.59348055895637,58.0891342163086,Q4 (40.6-58.1 ppb),2.25
852.25,Death/delisted too sick,0.06378816823231184,Q4,Kidney,Ozone,79993,677201,40.59348055895637,58.0891342163086,Q4 (40.6-58.1 ppb),2.3333333333333335
852.25,Transplant,0.29823511380255235,Q4,Kidney,Ozone,79993,677201,40.59348055895637,58.0891342163086,Q4 (40.6-58.1 ppb),2.3333333333333335
882.6875,Death/delisted too sick,0.06644645045307626,Q4,Kidney,Ozone,79993,677201,40.59348055895637,58.0891342163086,Q4 (40.6-58.1 ppb),2.4166666666666665
882.6875,Transplant,0.3053420687883658,Q4,Kidney,Ozone,79993,677201,40.59348055895637,58.0891342163086,Q4 (40.6-58.1 ppb),2.4166666666666665
913.125,Death/delisted too sick,0.06926564324383713,Q4,Kidney,Ozone,79993,677201,40.59348055895637,58.0891342163086,Q4 (40.6-58.1 ppb),2.5
913.125,Transplant,0.3130165059860196,Q4,Kidney,Ozone,79993,677201,40.59348055895637,58.0891342163086,Q4 (40.6-58.1 ppb),2.5
943.5625,Death/delisted too sick,0.0719262698789261,Q4,Kidney,Ozone,79993,677201,40.59348055895637,58.0891342163086,Q4 (40.6-58.1 ppb),2.5833333333333335
943.5625,Transplant,0.3195026586082258,Q4,Kidney,Ozone,79993,677201,40.59348055895637,58.0891342163086,Q4 (40.6-58.1 ppb),2.5833333333333335
974,Death/delisted too sick,0.07441291463504639,Q4,Kidney,Ozone,79993,677201,40.59348055895637,58.0891342163086,Q4 (40.6-58.1 ppb),2.6666666666666665
974,Transplant,0.3265775534413922,Q4,Kidney,Ozone,79993,677201,40.59348055895637,58.0891342163086,Q4 (40.6-58.1 ppb),2.6666666666666665
1004.4375,Death/delisted too sick,0.07714244098037575,Q4,Kidney,Ozone,79993,677201,40.59348055895637,58.0891342163086,Q4 (40.6-58.1 ppb),2.75
1004.4375,Transplant,0.3331775069116993,Q4,Kidney,Ozone,79993,677201,40.59348055895637,58.0891342163086,Q4 (40.6-58.1 ppb),2.75
1034.875,Death/delisted too sick,0.07993948841810929,Q4,Kidney,Ozone,79993,677201,40.59348055895637,58.0891342163086,Q4 (40.6-58.1 ppb),2.8333333333333335
1034.875,Transplant,0.3394758242443451,Q4,Kidney,Ozone,79993,677201,40.59348055895637,58.0891342163086,Q4 (40.6-58.1 ppb),2.8333333333333335
1065.3125,Death/delisted too sick,0.08290513529360871,Q4,Kidney,Ozone,79993,677201,40.59348055895637,58.0891342163086,Q4 (40.6-58.1 ppb),2.9166666666666665
1065.3125,Transplant,0.3460859094531739,Q4,Kidney,Ozone,79993,677201,40.59348055895637,58.0891342163086,Q4 (40.6-58.1 ppb),2.9166666666666665
1095.75,Death/delisted too sick,0.08586267054648133,Q4,Kidney,Ozone,79993,677201,40.59348055895637,58.0891342163086,Q4 (40.6-58.1 ppb),3
1095.75,Transplant,0.3519275236029666,Q4,Kidney,Ozone,79993,677201,40.59348055895637,58.0891342163086,Q4 (40.6-58.1 ppb),3
1126.1875,Death/delisted too sick,0.08821860808200209,Q4,Kidney,Ozone,79993,677201,40.59348055895637,58.0891342163086,Q4 (40.6-58.1 ppb),3.0833333333333335
1126.1875,Transplant,0.3588998017049988,Q4,Kidney,Ozone,79993,677201,40.59348055895637,58.0891342163086,Q4 (40.6-58.1 ppb),3.0833333333333335
1156.625,Death/delisted too sick,0.09102052522679419,Q4,Kidney,Ozone,79993,677201,40.59348055895637,58.0891342163086,Q4 (40.6-58.1 ppb),3.1666666666666665
1156.625,Transplant,0.36553875841433403,Q4,Kidney,Ozone,79993,677201,40.59348055895637,58.0891342163086,Q4 (40.6-58.1 ppb),3.1666666666666665
1187.0625,Death/delisted too sick,0.09395107673734315,Q4,Kidney,Ozone,79993,677201,40.59348055895637,58.0891342163086,Q4 (40.6-58.1 ppb),3.25
1187.0625,Transplant,0.3725561669136207,Q4,Kidney,Ozone,79993,677201,40.59348055895637,58.0891342163086,Q4 (40.6-58.1 ppb),3.25
1217.5,Death/delisted too sick,0.09697061120959641,Q4,Kidney,Ozone,79993,677201,40.59348055895637,58.0891342163086,Q4 (40.6-58.1 ppb),3.3333333333333335
1217.5,Transplant,0.37878323657148744,Q4,Kidney,Ozone,79993,677201,40.59348055895637,58.0891342163086,Q4 (40.6-58.1 ppb),3.3333333333333335
1247.9375,Death/delisted too sick,0.09992428778690925,Q4,Kidney,Ozone,79993,677201,40.59348055895637,58.0891342163086,Q4 (40.6-58.1 ppb),3.4166666666666665
1247.9375,Transplant,0.3846959201122436,Q4,Kidney,Ozone,79993,677201,40.59348055895637,58.0891342163086,Q4 (40.6-58.1 ppb),3.4166666666666665
1278.375,Death/delisted too sick,0.10275181411413016,Q4,Kidney,Ozone,79993,677201,40.59348055895637,58.0891342163086,Q4 (40.6-58.1 ppb),3.5
1278.375,Transplant,0.39158771667262704,Q4,Kidney,Ozone,79993,677201,40.59348055895637,58.0891342163086,Q4 (40.6-58.1 ppb),3.5
1308.8125,Death/delisted too sick,0.10546721557477992,Q4,Kidney,Ozone,79993,677201,40.59348055895637,58.0891342163086,Q4 (40.6-58.1 ppb),3.5833333333333335
1308.8125,Transplant,0.3977389037808677,Q4,Kidney,Ozone,79993,677201,40.59348055895637,58.0891342163086,Q4 (40.6-58.1 ppb),3.5833333333333335
1339.25,Death/delisted too sick,0.10859481322204184,Q4,Kidney,Ozone,79993,677201,40.59348055895637,58.0891342163086,Q4 (40.6-58.1 ppb),3.6666666666666665
1339.25,Transplant,0.40420310743318527,Q4,Kidney,Ozone,79993,677201,40.59348055895637,58.0891342163086,Q4 (40.6-58.1 ppb),3.6666666666666665
1369.6875,Death/delisted too sick,0.1111730998656272,Q4,Kidney,Ozone,79993,677201,40.59348055895637,58.0891342163086,Q4 (40.6-58.1 ppb),3.75
1369.6875,Transplant,0.4099169744747283,Q4,Kidney,Ozone,79993,677201,40.59348055895637,58.0891342163086,Q4 (40.6-58.1 ppb),3.75
1400.125,Death/delisted too sick,0.11363820557967223,Q4,Kidney,Ozone,79993,677201,40.59348055895637,58.0891342163086,Q4 (40.6-58.1 ppb),3.8333333333333335
1400.125,Transplant,0.4156864406645241,Q4,Kidney,Ozone,79993,677201,40.59348055895637,58.0891342163086,Q4 (40.6-58.1 ppb),3.8333333333333335
1430.5625,Death/delisted too sick,0.116590112393255,Q4,Kidney,Ozone,79993,677201,40.59348055895637,58.0891342163086,Q4 (40.6-58.1 ppb),3.9166666666666665
1430.5625,Transplant,0.4211316787540056,Q4,Kidney,Ozone,79993,677201,40.59348055895637,58.0891342163086,Q4 (40.6-58.1 ppb),3.9166666666666665
1461,Death/delisted too sick,0.11947277006446491,Q4,Kidney,Ozone,79993,677201,40.59348055895637,58.0891342163086,Q4 (40.6-58.1 ppb),4
1461,Transplant,0.42728365883168956,Q4,Kidney,Ozone,79993,677201,40.59348055895637,58.0891342163086,Q4 (40.6-58.1 ppb),4
1491.4375,Death/delisted too sick,0.12193257153268208,Q4,Kidney,Ozone,79993,677201,40.59348055895637,58.0891342163086,Q4 (40.6-58.1 ppb),4.083333333333333
1491.4375,Transplant,0.4333994854936193,Q4,Kidney,Ozone,79993,677201,40.59348055895637,58.0891342163086,Q4 (40.6-58.1 ppb),4.083333333333333
1521.875,Death/delisted too sick,0.12473188762052319,Q4,Kidney,Ozone,79993,677201,40.59348055895637,58.0891342163086,Q4 (40.6-58.1 ppb),4.166666666666667
1521.875,Transplant,0.4389197020790358,Q4,Kidney,Ozone,79993,677201,40.59348055895637,58.0891342163086,Q4 (40.6-58.1 ppb),4.166666666666667
1552.3125,Death/delisted too sick,0.12727340979286556,Q4,Kidney,Ozone,79993,677201,40.59348055895637,58.0891342163086,Q4 (40.6-58.1 ppb),4.25
1552.3125,Transplant,0.44454474588175935,Q4,Kidney,Ozone,79993,677201,40.59348055895637,58.0891342163086,Q4 (40.6-58.1 ppb),4.25
1582.75,Death/delisted too sick,0.12994649033517441,Q4,Kidney,Ozone,79993,677201,40.59348055895637,58.0891342163086,Q4 (40.6-58.1 ppb),4.333333333333333
1582.75,Transplant,0.44953796282578934,Q4,Kidney,Ozone,79993,677201,40.59348055895637,58.0891342163086,Q4 (40.6-58.1 ppb),4.333333333333333
1613.1875,Death/delisted too sick,0.13249483454905742,Q4,Kidney,Ozone,79993,677201,40.59348055895637,58.0891342163086,Q4 (40.6-58.1 ppb),4.416666666666667
1613.1875,Transplant,0.45465819660798223,Q4,Kidney,Ozone,79993,677201,40.59348055895637,58.0891342163086,Q4 (40.6-58.1 ppb),4.416666666666667
1643.625,Death/delisted too sick,0.13486703572572917,Q4,Kidney,Ozone,79993,677201,40.59348055895637,58.0891342163086,Q4 (40.6-58.1 ppb),4.5
1643.625,Transplant,0.45982523781948886,Q4,Kidney,Ozone,79993,677201,40.59348055895637,58.0891342163086,Q4 (40.6-58.1 ppb),4.5
1674.0625,Death/delisted too sick,0.13749243421605384,Q4,Kidney,Ozone,79993,677201,40.59348055895637,58.0891342163086,Q4 (40.6-58.1 ppb),4.583333333333333
1674.0625,Transplant,0.4652782426982829,Q4,Kidney,Ozone,79993,677201,40.59348055895637,58.0891342163086,Q4 (40.6-58.1 ppb),4.583333333333333
1704.5,Death/delisted too sick,0.13981506371183636,Q4,Kidney,Ozone,79993,677201,40.59348055895637,58.0891342163086,Q4 (40.6-58.1 ppb),4.666666666666667
1704.5,Transplant,0.47042747257388173,Q4,Kidney,Ozone,79993,677201,40.59348055895637,58.0891342163086,Q4 (40.6-58.1 ppb),4.666666666666667
1734.9375,Death/delisted too sick,0.14248726619921215,Q4,Kidney,Ozone,79993,677201,40.59348055895637,58.0891342163086,Q4 (40.6-58.1 ppb),4.75
1734.9375,Transplant,0.4749861003124786,Q4,Kidney,Ozone,79993,677201,40.59348055895637,58.0891342163086,Q4 (40.6-58.1 ppb),4.75
1765.375,Death/delisted too sick,0.14497420783770956,Q4,Kidney,Ozone,79993,677201,40.59348055895637,58.0891342163086,Q4 (40.6-58.1 ppb),4.833333333333333
1765.375,Transplant,0.479964302716169,Q4,Kidney,Ozone,79993,677201,40.59348055895637,58.0891342163086,Q4 (40.6-58.1 ppb),4.833333333333333
1795.8125,Death/delisted too sick,0.14744863643052306,Q4,Kidney,Ozone,79993,677201,40.59348055895637,58.0891342163086,Q4 (40.6-58.1 ppb),4.916666666666667
1795.8125,Transplant,0.4846551290833952,Q4,Kidney,Ozone,79993,677201,40.59348055895637,58.0891342163086,Q4 (40.6-58.1 ppb),4.916666666666667
1826.25,Death/delisted too sick,0.1498395766610109,Q4,Kidney,Ozone,79993,677201,40.59348055895637,58.0891342163086,Q4 (40.6-58.1 ppb),5
1826.25,Transplant,0.4893962023101776,Q4,Kidney,Ozone,79993,677201,40.59348055895637,58.0891342163086,Q4 (40.6-58.1 ppb),5
0,Death/delisted too sick,0,Q1,Liver,Ozone,79995,217244,23.024419844150557,36.40123929341634,Q1 (23-36.4 ppb),0
0,Transplant,0,Q1,Liver,Ozone,79995,217244,23.024419844150557,36.40123929341634,Q1 (23-36.4 ppb),0
30.4375,Death/delisted too sick,0.0427638887954771,Q1,Liver,Ozone,79995,217244,23.024419844150557,36.40123929341634,Q1 (23-36.4 ppb),0.08333333333333333
30.4375,Transplant,0.21805950359120688,Q1,Liver,Ozone,79995,217244,23.024419844150557,36.40123929341634,Q1 (23-36.4 ppb),0.08333333333333333
60.875,Death/delisted too sick,0.05978185481895247,Q1,Liver,Ozone,79995,217244,23.024419844150557,36.40123929341634,Q1 (23-36.4 ppb),0.16666666666666666
60.875,Transplant,0.2806139271097411,Q1,Liver,Ozone,79995,217244,23.024419844150557,36.40123929341634,Q1 (23-36.4 ppb),0.16666666666666666
91.3125,Death/delisted too sick,0.07292951542315183,Q1,Liver,Ozone,79995,217244,23.024419844150557,36.40123929341634,Q1 (23-36.4 ppb),0.25
91.3125,Transplant,0.32561248543478316,Q1,Liver,Ozone,79995,217244,23.024419844150557,36.40123929341634,Q1 (23-36.4 ppb),0.25
121.75,Death/delisted too sick,0.08374475594640093,Q1,Liver,Ozone,79995,217244,23.024419844150557,36.40123929341634,Q1 (23-36.4 ppb),0.3333333333333333
121.75,Transplant,0.3615508713378417,Q1,Liver,Ozone,79995,217244,23.024419844150557,36.40123929341634,Q1 (23-36.4 ppb),0.3333333333333333
152.1875,Death/delisted too sick,0.09303388795120714,Q1,Liver,Ozone,79995,217244,23.024419844150557,36.40123929341634,Q1 (23-36.4 ppb),0.4166666666666667
152.1875,Transplant,0.3896047448480109,Q1,Liver,Ozone,79995,217244,23.024419844150557,36.40123929341634,Q1 (23-36.4 ppb),0.4166666666666667
182.625,Death/delisted too sick,0.1028076435342691,Q1,Liver,Ozone,79995,217244,23.024419844150557,36.40123929341634,Q1 (23-36.4 ppb),0.5
182.625,Transplant,0.4114621682421593,Q1,Liver,Ozone,79995,217244,23.024419844150557,36.40123929341634,Q1 (23-36.4 ppb),0.5
213.0625,Death/delisted too sick,0.11033299978056728,Q1,Liver,Ozone,79995,217244,23.024419844150557,36.40123929341634,Q1 (23-36.4 ppb),0.5833333333333334
213.0625,Transplant,0.43939564838776213,Q1,Liver,Ozone,79995,217244,23.024419844150557,36.40123929341634,Q1 (23-36.4 ppb),0.5833333333333334
243.5,Death/delisted too sick,0.11711182543611041,Q1,Liver,Ozone,79995,217244,23.024419844150557,36.40123929341634,Q1 (23-36.4 ppb),0.6666666666666666
243.5,Transplant,0.4626451278493165,Q1,Liver,Ozone,79995,217244,23.024419844150557,36.40123929341634,Q1 (23-36.4 ppb),0.6666666666666666
273.9375,Death/delisted too sick,0.12369544575602273,Q1,Liver,Ozone,79995,217244,23.024419844150557,36.40123929341634,Q1 (23-36.4 ppb),0.75
273.9375,Transplant,0.4819602229988017,Q1,Liver,Ozone,79995,217244,23.024419844150557,36.40123929341634,Q1 (23-36.4 ppb),0.75
304.375,Death/delisted too sick,0.13039418370954234,Q1,Liver,Ozone,79995,217244,23.024419844150557,36.40123929341634,Q1 (23-36.4 ppb),0.8333333333333334
304.375,Transplant,0.4985330669877551,Q1,Liver,Ozone,79995,217244,23.024419844150557,36.40123929341634,Q1 (23-36.4 ppb),0.8333333333333334
334.8125,Death/delisted too sick,0.13606557119625537,Q1,Liver,Ozone,79995,217244,23.024419844150557,36.40123929341634,Q1 (23-36.4 ppb),0.9166666666666666
334.8125,Transplant,0.5132969012270205,Q1,Liver,Ozone,79995,217244,23.024419844150557,36.40123929341634,Q1 (23-36.4 ppb),0.9166666666666666
365.25,Death/delisted too sick,0.1403943618224171,Q1,Liver,Ozone,79995,217244,23.024419844150557,36.40123929341634,Q1 (23-36.4 ppb),1
365.25,Transplant,0.5274078891168114,Q1,Liver,Ozone,79995,217244,23.024419844150557,36.40123929341634,Q1 (23-36.4 ppb),1
395.6875,Death/delisted too sick,0.14486909586287977,Q1,Liver,Ozone,79995,217244,23.024419844150557,36.40123929341634,Q1 (23-36.4 ppb),1.0833333333333333
395.6875,Transplant,0.5408438456911112,Q1,Liver,Ozone,79995,217244,23.024419844150557,36.40123929341634,Q1 (23-36.4 ppb),1.0833333333333333
426.125,Death/delisted too sick,0.1488851349889153,Q1,Liver,Ozone,79995,217244,23.024419844150557,36.40123929341634,Q1 (23-36.4 ppb),1.1666666666666667
426.125,Transplant,0.5513551914631953,Q1,Liver,Ozone,79995,217244,23.024419844150557,36.40123929341634,Q1 (23-36.4 ppb),1.1666666666666667
456.5625,Death/delisted too sick,0.15247574724274232,Q1,Liver,Ozone,79995,217244,23.024419844150557,36.40123929341634,Q1 (23-36.4 ppb),1.25
456.5625,Transplant,0.5612936552844472,Q1,Liver,Ozone,79995,217244,23.024419844150557,36.40123929341634,Q1 (23-36.4 ppb),1.25
487,Death/delisted too sick,0.156577796720825,Q1,Liver,Ozone,79995,217244,23.024419844150557,36.40123929341634,Q1 (23-36.4 ppb),1.3333333333333333
487,Transplant,0.5726187582109503,Q1,Liver,Ozone,79995,217244,23.024419844150557,36.40123929341634,Q1 (23-36.4 ppb),1.3333333333333333
517.4375,Death/delisted too sick,0.16051651696584338,Q1,Liver,Ozone,79995,217244,23.024419844150557,36.40123929341634,Q1 (23-36.4 ppb),1.4166666666666667
517.4375,Transplant,0.5803456227107634,Q1,Liver,Ozone,79995,217244,23.024419844150557,36.40123929341634,Q1 (23-36.4 ppb),1.4166666666666667
547.875,Death/delisted too sick,0.16316323564499544,Q1,Liver,Ozone,79995,217244,23.024419844150557,36.40123929341634,Q1 (23-36.4 ppb),1.5
547.875,Transplant,0.5880096828575796,Q1,Liver,Ozone,79995,217244,23.024419844150557,36.40123929341634,Q1 (23-36.4 ppb),1.5
578.3125,Death/delisted too sick,0.1660288781905827,Q1,Liver,Ozone,79995,217244,23.024419844150557,36.40123929341634,Q1 (23-36.4 ppb),1.5833333333333333
578.3125,Transplant,0.5947907079097005,Q1,Liver,Ozone,79995,217244,23.024419844150557,36.40123929341634,Q1 (23-36.4 ppb),1.5833333333333333
608.75,Death/delisted too sick,0.16850157769802765,Q1,Liver,Ozone,79995,217244,23.024419844150557,36.40123929341634,Q1 (23-36.4 ppb),1.6666666666666667
608.75,Transplant,0.6007519790646707,Q1,Liver,Ozone,79995,217244,23.024419844150557,36.40123929341634,Q1 (23-36.4 ppb),1.6666666666666667
639.1875,Death/delisted too sick,0.17161650938835923,Q1,Liver,Ozone,79995,217244,23.024419844150557,36.40123929341634,Q1 (23-36.4 ppb),1.75
639.1875,Transplant,0.6067319445144053,Q1,Liver,Ozone,79995,217244,23.024419844150557,36.40123929341634,Q1 (23-36.4 ppb),1.75
669.625,Death/delisted too sick,0.1737846909412434,Q1,Liver,Ozone,79995,217244,23.024419844150557,36.40123929341634,Q1 (23-36.4 ppb),1.8333333333333333
669.625,Transplant,0.6122460840820249,Q1,Liver,Ozone,79995,217244,23.024419844150557,36.40123929341634,Q1 (23-36.4 ppb),1.8333333333333333
700.0625,Death/delisted too sick,0.17639611601514124,Q1,Liver,Ozone,79995,217244,23.024419844150557,36.40123929341634,Q1 (23-36.4 ppb),1.9166666666666667
700.0625,Transplant,0.6164285310984003,Q1,Liver,Ozone,79995,217244,23.024419844150557,36.40123929341634,Q1 (23-36.4 ppb),1.9166666666666667
730.5,Death/delisted too sick,0.17838003097343483,Q1,Liver,Ozone,79995,217244,23.024419844150557,36.40123929341634,Q1 (23-36.4 ppb),2
730.5,Transplant,0.6196831273356724,Q1,Liver,Ozone,79995,217244,23.024419844150557,36.40123929341634,Q1 (23-36.4 ppb),2
760.9375,Death/delisted too sick,0.1804961121149536,Q1,Liver,Ozone,79995,217244,23.024419844150557,36.40123929341634,Q1 (23-36.4 ppb),2.0833333333333335
760.9375,Transplant,0.6233431470993266,Q1,Liver,Ozone,79995,217244,23.024419844150557,36.40123929341634,Q1 (23-36.4 ppb),2.0833333333333335
791.375,Death/delisted too sick,0.1828472967746847,Q1,Liver,Ozone,79995,217244,23.024419844150557,36.40123929341634,Q1 (23-36.4 ppb),2.1666666666666665
791.375,Transplant,0.6267433197532255,Q1,Liver,Ozone,79995,217244,23.024419844150557,36.40123929341634,Q1 (23-36.4 ppb),2.1666666666666665
821.8125,Death/delisted too sick,0.18523313427789942,Q1,Liver,Ozone,79995,217244,23.024419844150557,36.40123929341634,Q1 (23-36.4 ppb),2.25
821.8125,Transplant,0.629688061571673,Q1,Liver,Ozone,79995,217244,23.024419844150557,36.40123929341634,Q1 (23-36.4 ppb),2.25
852.25,Death/delisted too sick,0.1874783541887541,Q1,Liver,Ozone,79995,217244,23.024419844150557,36.40123929341634,Q1 (23-36.4 ppb),2.3333333333333335
852.25,Transplant,0.6320911221731392,Q1,Liver,Ozone,79995,217244,23.024419844150557,36.40123929341634,Q1 (23-36.4 ppb),2.3333333333333335
882.6875,Death/delisted too sick,0.18937954179367966,Q1,Liver,Ozone,79995,217244,23.024419844150557,36.40123929341634,Q1 (23-36.4 ppb),2.4166666666666665
882.6875,Transplant,0.6346730593939708,Q1,Liver,Ozone,79995,217244,23.024419844150557,36.40123929341634,Q1 (23-36.4 ppb),2.4166666666666665
913.125,Death/delisted too sick,0.19105623989681914,Q1,Liver,Ozone,79995,217244,23.024419844150557,36.40123929341634,Q1 (23-36.4 ppb),2.5
913.125,Transplant,0.6367142625879749,Q1,Liver,Ozone,79995,217244,23.024419844150557,36.40123929341634,Q1 (23-36.4 ppb),2.5
943.5625,Death/delisted too sick,0.19350877341050052,Q1,Liver,Ozone,79995,217244,23.024419844150557,36.40123929341634,Q1 (23-36.4 ppb),2.5833333333333335
943.5625,Transplant,0.6388954526454579,Q1,Liver,Ozone,79995,217244,23.024419844150557,36.40123929341634,Q1 (23-36.4 ppb),2.5833333333333335
974,Death/delisted too sick,0.19516321294978453,Q1,Liver,Ozone,79995,217244,23.024419844150557,36.40123929341634,Q1 (23-36.4 ppb),2.6666666666666665
974,Transplant,0.6408999124654927,Q1,Liver,Ozone,79995,217244,23.024419844150557,36.40123929341634,Q1 (23-36.4 ppb),2.6666666666666665
1004.4375,Death/delisted too sick,0.19677245257850806,Q1,Liver,Ozone,79995,217244,23.024419844150557,36.40123929341634,Q1 (23-36.4 ppb),2.75
1004.4375,Transplant,0.6432625181040618,Q1,Liver,Ozone,79995,217244,23.024419844150557,36.40123929341634,Q1 (23-36.4 ppb),2.75
1034.875,Death/delisted too sick,0.1986407500046941,Q1,Liver,Ozone,79995,217244,23.024419844150557,36.40123929341634,Q1 (23-36.4 ppb),2.8333333333333335
1034.875,Transplant,0.645276180418123,Q1,Liver,Ozone,79995,217244,23.024419844150557,36.40123929341634,Q1 (23-36.4 ppb),2.8333333333333335
1065.3125,Death/delisted too sick,0.20072885415259592,Q1,Liver,Ozone,79995,217244,23.024419844150557,36.40123929341634,Q1 (23-36.4 ppb),2.9166666666666665
1065.3125,Transplant,0.6467325305970887,Q1,Liver,Ozone,79995,217244,23.024419844150557,36.40123929341634,Q1 (23-36.4 ppb),2.9166666666666665
1095.75,Death/delisted too sick,0.20242568275623565,Q1,Liver,Ozone,79995,217244,23.024419844150557,36.40123929341634,Q1 (23-36.4 ppb),3
1095.75,Transplant,0.6483678315797559,Q1,Liver,Ozone,79995,217244,23.024419844150557,36.40123929341634,Q1 (23-36.4 ppb),3
1126.1875,Death/delisted too sick,0.20397169046877703,Q1,Liver,Ozone,79995,217244,23.024419844150557,36.40123929341634,Q1 (23-36.4 ppb),3.0833333333333335
1126.1875,Transplant,0.6498235464146795,Q1,Liver,Ozone,79995,217244,23.024419844150557,36.40123929341634,Q1 (23-36.4 ppb),3.0833333333333335
1156.625,Death/delisted too sick,0.20543092863196924,Q1,Liver,Ozone,79995,217244,23.024419844150557,36.40123929341634,Q1 (23-36.4 ppb),3.1666666666666665
1156.625,Transplant,0.6515503700856926,Q1,Liver,Ozone,79995,217244,23.024419844150557,36.40123929341634,Q1 (23-36.4 ppb),3.1666666666666665
1187.0625,Death/delisted too sick,0.2068334396597524,Q1,Liver,Ozone,79995,217244,23.024419844150557,36.40123929341634,Q1 (23-36.4 ppb),3.25
1187.0625,Transplant,0.6528033330465102,Q1,Liver,Ozone,79995,217244,23.024419844150557,36.40123929341634,Q1 (23-36.4 ppb),3.25
1217.5,Death/delisted too sick,0.20798629883488626,Q1,Liver,Ozone,79995,217244,23.024419844150557,36.40123929341634,Q1 (23-36.4 ppb),3.3333333333333335
1217.5,Transplant,0.6544128505519774,Q1,Liver,Ozone,79995,217244,23.024419844150557,36.40123929341634,Q1 (23-36.4 ppb),3.3333333333333335
1247.9375,Death/delisted too sick,0.2089017846008654,Q1,Liver,Ozone,79995,217244,23.024419844150557,36.40123929341634,Q1 (23-36.4 ppb),3.4166666666666665
1247.9375,Transplant,0.6558824546179249,Q1,Liver,Ozone,79995,217244,23.024419844150557,36.40123929341634,Q1 (23-36.4 ppb),3.4166666666666665
1278.375,Death/delisted too sick,0.20983548380888184,Q1,Liver,Ozone,79995,217244,23.024419844150557,36.40123929341634,Q1 (23-36.4 ppb),3.5
1278.375,Transplant,0.657345501805389,Q1,Liver,Ozone,79995,217244,23.024419844150557,36.40123929341634,Q1 (23-36.4 ppb),3.5
1308.8125,Death/delisted too sick,0.2112237205672406,Q1,Liver,Ozone,79995,217244,23.024419844150557,36.40123929341634,Q1 (23-36.4 ppb),3.5833333333333335
1308.8125,Transplant,0.6592710790057855,Q1,Liver,Ozone,79995,217244,23.024419844150557,36.40123929341634,Q1 (23-36.4 ppb),3.5833333333333335
1339.25,Death/delisted too sick,0.21222656462240955,Q1,Liver,Ozone,79995,217244,23.024419844150557,36.40123929341634,Q1 (23-36.4 ppb),3.6666666666666665
1339.25,Transplant,0.660527377736137,Q1,Liver,Ozone,79995,217244,23.024419844150557,36.40123929341634,Q1 (23-36.4 ppb),3.6666666666666665
1369.6875,Death/delisted too sick,0.21327237601411236,Q1,Liver,Ozone,79995,217244,23.024419844150557,36.40123929341634,Q1 (23-36.4 ppb),3.75
1369.6875,Transplant,0.6623907191591943,Q1,Liver,Ozone,79995,217244,23.024419844150557,36.40123929341634,Q1 (23-36.4 ppb),3.75
1400.125,Death/delisted too sick,0.21426150242314165,Q1,Liver,Ozone,79995,217244,23.024419844150557,36.40123929341634,Q1 (23-36.4 ppb),3.8333333333333335
1400.125,Transplant,0.6632724485985372,Q1,Liver,Ozone,79995,217244,23.024419844150557,36.40123929341634,Q1 (23-36.4 ppb),3.8333333333333335
1430.5625,Death/delisted too sick,0.21535019959999363,Q1,Liver,Ozone,79995,217244,23.024419844150557,36.40123929341634,Q1 (23-36.4 ppb),3.9166666666666665
1430.5625,Transplant,0.6641511730902384,Q1,Liver,Ozone,79995,217244,23.024419844150557,36.40123929341634,Q1 (23-36.4 ppb),3.9166666666666665
1461,Death/delisted too sick,0.2167239117177926,Q1,Liver,Ozone,79995,217244,23.024419844150557,36.40123929341634,Q1 (23-36.4 ppb),4
1461,Transplant,0.6651095235530409,Q1,Liver,Ozone,79995,217244,23.024419844150557,36.40123929341634,Q1 (23-36.4 ppb),4
1491.4375,Death/delisted too sick,0.21767828400810052,Q1,Liver,Ozone,79995,217244,23.024419844150557,36.40123929341634,Q1 (23-36.4 ppb),4.083333333333333
1491.4375,Transplant,0.666187034908345,Q1,Liver,Ozone,79995,217244,23.024419844150557,36.40123929341634,Q1 (23-36.4 ppb),4.083333333333333
1521.875,Death/delisted too sick,0.21858070986706385,Q1,Liver,Ozone,79995,217244,23.024419844150557,36.40123929341634,Q1 (23-36.4 ppb),4.166666666666667
1521.875,Transplant,0.6675570723441508,Q1,Liver,Ozone,79995,217244,23.024419844150557,36.40123929341634,Q1 (23-36.4 ppb),4.166666666666667
1552.3125,Death/delisted too sick,0.21989647564140163,Q1,Liver,Ozone,79995,217244,23.024419844150557,36.40123929341634,Q1 (23-36.4 ppb),4.25
1552.3125,Transplant,0.6684962113059133,Q1,Liver,Ozone,79995,217244,23.024419844150557,36.40123929341634,Q1 (23-36.4 ppb),4.25
1582.75,Death/delisted too sick,0.2208726845694307,Q1,Liver,Ozone,79995,217244,23.024419844150557,36.40123929341634,Q1 (23-36.4 ppb),4.333333333333333
1582.75,Transplant,0.6695240432377385,Q1,Liver,Ozone,79995,217244,23.024419844150557,36.40123929341634,Q1 (23-36.4 ppb),4.333333333333333
1613.1875,Death/delisted too sick,0.2219278110893808,Q1,Liver,Ozone,79995,217244,23.024419844150557,36.40123929341634,Q1 (23-36.4 ppb),4.416666666666667
1613.1875,Transplant,0.6703872026027924,Q1,Liver,Ozone,79995,217244,23.024419844150557,36.40123929341634,Q1 (23-36.4 ppb),4.416666666666667
1643.625,Death/delisted too sick,0.2233340236341354,Q1,Liver,Ozone,79995,217244,23.024419844150557,36.40123929341634,Q1 (23-36.4 ppb),4.5
1643.625,Transplant,0.6710704410209879,Q1,Liver,Ozone,79995,217244,23.024419844150557,36.40123929341634,Q1 (23-36.4 ppb),4.5
1674.0625,Death/delisted too sick,0.2238938624680129,Q1,Liver,Ozone,79995,217244,23.024419844150557,36.40123929341634,Q1 (23-36.4 ppb),4.583333333333333
1674.0625,Transplant,0.6719233672577857,Q1,Liver,Ozone,79995,217244,23.024419844150557,36.40123929341634,Q1 (23-36.4 ppb),4.583333333333333
1704.5,Death/delisted too sick,0.22475886520637567,Q1,Liver,Ozone,79995,217244,23.024419844150557,36.40123929341634,Q1 (23-36.4 ppb),4.666666666666667
1704.5,Transplant,0.6724622449677055,Q1,Liver,Ozone,79995,217244,23.024419844150557,36.40123929341634,Q1 (23-36.4 ppb),4.666666666666667
1734.9375,Death/delisted too sick,0.22552803004404282,Q1,Liver,Ozone,79995,217244,23.024419844150557,36.40123929341634,Q1 (23-36.4 ppb),4.75
1734.9375,Transplant,0.6732753939946776,Q1,Liver,Ozone,79995,217244,23.024419844150557,36.40123929341634,Q1 (23-36.4 ppb),4.75
1765.375,Death/delisted too sick,0.22620704332447505,Q1,Liver,Ozone,79995,217244,23.024419844150557,36.40123929341634,Q1 (23-36.4 ppb),4.833333333333333
1765.375,Transplant,0.6739995019063566,Q1,Liver,Ozone,79995,217244,23.024419844150557,36.40123929341634,Q1 (23-36.4 ppb),4.833333333333333
1795.8125,Death/delisted too sick,0.22702734131061983,Q1,Liver,Ozone,79995,217244,23.024419844150557,36.40123929341634,Q1 (23-36.4 ppb),4.916666666666667
1795.8125,Transplant,0.6748589203584661,Q1,Liver,Ozone,79995,217244,23.024419844150557,36.40123929341634,Q1 (23-36.4 ppb),4.916666666666667
1826.25,Death/delisted too sick,0.2283057906874793,Q1,Liver,Ozone,79995,217244,23.024419844150557,36.40123929341634,Q1 (23-36.4 ppb),5
1826.25,Transplant,0.6755774839853631,Q1,Liver,Ozone,79995,217244,23.024419844150557,36.40123929341634,Q1 (23-36.4 ppb),5
0,Death/delisted too sick,0,Q2,Liver,Ozone,79995,217244,36.40123929341634,38.19688093871401,Q2 (36.4-38.2 ppb),0
0,Transplant,0,Q2,Liver,Ozone,79995,217244,36.40123929341634,38.19688093871401,Q2 (36.4-38.2 ppb),0
30.4375,Death/delisted too sick,0.0441578785075041,Q2,Liver,Ozone,79995,217244,36.40123929341634,38.19688093871401,Q2 (36.4-38.2 ppb),0.08333333333333333
30.4375,Transplant,0.22674944851431483,Q2,Liver,Ozone,79995,217244,36.40123929341634,38.19688093871401,Q2 (36.4-38.2 ppb),0.08333333333333333
60.875,Death/delisted too sick,0.06067898124156691,Q2,Liver,Ozone,79995,217244,36.40123929341634,38.19688093871401,Q2 (36.4-38.2 ppb),0.16666666666666666
60.875,Transplant,0.2921660840886374,Q2,Liver,Ozone,79995,217244,36.40123929341634,38.19688093871401,Q2 (36.4-38.2 ppb),0.16666666666666666
91.3125,Death/delisted too sick,0.07395715538287767,Q2,Liver,Ozone,79995,217244,36.40123929341634,38.19688093871401,Q2 (36.4-38.2 ppb),0.25
91.3125,Transplant,0.3380619901654117,Q2,Liver,Ozone,79995,217244,36.40123929341634,38.19688093871401,Q2 (36.4-38.2 ppb),0.25
121.75,Death/delisted too sick,0.0848053223541016,Q2,Liver,Ozone,79995,217244,36.40123929341634,38.19688093871401,Q2 (36.4-38.2 ppb),0.3333333333333333
121.75,Transplant,0.3726456752105313,Q2,Liver,Ozone,79995,217244,36.40123929341634,38.19688093871401,Q2 (36.4-38.2 ppb),0.3333333333333333
152.1875,Death/delisted too sick,0.09454084892121144,Q2,Liver,Ozone,79995,217244,36.40123929341634,38.19688093871401,Q2 (36.4-38.2 ppb),0.4166666666666667
152.1875,Transplant,0.4007204911319555,Q2,Liver,Ozone,79995,217244,36.40123929341634,38.19688093871401,Q2 (36.4-38.2 ppb),0.4166666666666667
182.625,Death/delisted too sick,0.10328622558213008,Q2,Liver,Ozone,79995,217244,36.40123929341634,38.19688093871401,Q2 (36.4-38.2 ppb),0.5
182.625,Transplant,0.4246428402746942,Q2,Liver,Ozone,79995,217244,36.40123929341634,38.19688093871401,Q2 (36.4-38.2 ppb),0.5
213.0625,Death/delisted too sick,0.11213491218729432,Q2,Liver,Ozone,79995,217244,36.40123929341634,38.19688093871401,Q2 (36.4-38.2 ppb),0.5833333333333334
213.0625,Transplant,0.45203289701530636,Q2,Liver,Ozone,79995,217244,36.40123929341634,38.19688093871401,Q2 (36.4-38.2 ppb),0.5833333333333334
243.5,Death/delisted too sick,0.11898762855158085,Q2,Liver,Ozone,79995,217244,36.40123929341634,38.19688093871401,Q2 (36.4-38.2 ppb),0.6666666666666666
243.5,Transplant,0.47611899918661893,Q2,Liver,Ozone,79995,217244,36.40123929341634,38.19688093871401,Q2 (36.4-38.2 ppb),0.6666666666666666
273.9375,Death/delisted too sick,0.12528166700623988,Q2,Liver,Ozone,79995,217244,36.40123929341634,38.19688093871401,Q2 (36.4-38.2 ppb),0.75
273.9375,Transplant,0.4937804485870974,Q2,Liver,Ozone,79995,217244,36.40123929341634,38.19688093871401,Q2 (36.4-38.2 ppb),0.75
304.375,Death/delisted too sick,0.131422282735287,Q2,Liver,Ozone,79995,217244,36.40123929341634,38.19688093871401,Q2 (36.4-38.2 ppb),0.8333333333333334
304.375,Transplant,0.5110686364990018,Q2,Liver,Ozone,79995,217244,36.40123929341634,38.19688093871401,Q2 (36.4-38.2 ppb),0.8333333333333334
334.8125,Death/delisted too sick,0.13693782102611846,Q2,Liver,Ozone,79995,217244,36.40123929341634,38.19688093871401,Q2 (36.4-38.2 ppb),0.9166666666666666
334.8125,Transplant,0.5240909845889642,Q2,Liver,Ozone,79995,217244,36.40123929341634,38.19688093871401,Q2 (36.4-38.2 ppb),0.9166666666666666
365.25,Death/delisted too sick,0.14144778995287485,Q2,Liver,Ozone,79995,217244,36.40123929341634,38.19688093871401,Q2 (36.4-38.2 ppb),1
365.25,Transplant,0.536681397549087,Q2,Liver,Ozone,79995,217244,36.40123929341634,38.19688093871401,Q2 (36.4-38.2 ppb),1
395.6875,Death/delisted too sick,0.14607527130662895,Q2,Liver,Ozone,79995,217244,36.40123929341634,38.19688093871401,Q2 (36.4-38.2 ppb),1.0833333333333333
395.6875,Transplant,0.5471555839360108,Q2,Liver,Ozone,79995,217244,36.40123929341634,38.19688093871401,Q2 (36.4-38.2 ppb),1.0833333333333333
426.125,Death/delisted too sick,0.15059499383707092,Q2,Liver,Ozone,79995,217244,36.40123929341634,38.19688093871401,Q2 (36.4-38.2 ppb),1.1666666666666667
426.125,Transplant,0.5581280977536542,Q2,Liver,Ozone,79995,217244,36.40123929341634,38.19688093871401,Q2 (36.4-38.2 ppb),1.1666666666666667
456.5625,Death/delisted too sick,0.15368810637800148,Q2,Liver,Ozone,79995,217244,36.40123929341634,38.19688093871401,Q2 (36.4-38.2 ppb),1.25
456.5625,Transplant,0.5668505379652897,Q2,Liver,Ozone,79995,217244,36.40123929341634,38.19688093871401,Q2 (36.4-38.2 ppb),1.25
487,Death/delisted too sick,0.15843258968089927,Q2,Liver,Ozone,79995,217244,36.40123929341634,38.19688093871401,Q2 (36.4-38.2 ppb),1.3333333333333333
487,Transplant,0.5755066547569999,Q2,Liver,Ozone,79995,217244,36.40123929341634,38.19688093871401,Q2 (36.4-38.2 ppb),1.3333333333333333
517.4375,Death/delisted too sick,0.16149185016485493,Q2,Liver,Ozone,79995,217244,36.40123929341634,38.19688093871401,Q2 (36.4-38.2 ppb),1.4166666666666667
517.4375,Transplant,0.5831596650423048,Q2,Liver,Ozone,79995,217244,36.40123929341634,38.19688093871401,Q2 (36.4-38.2 ppb),1.4166666666666667
547.875,Death/delisted too sick,0.16462190817394842,Q2,Liver,Ozone,79995,217244,36.40123929341634,38.19688093871401,Q2 (36.4-38.2 ppb),1.5
547.875,Transplant,0.5899700804659835,Q2,Liver,Ozone,79995,217244,36.40123929341634,38.19688093871401,Q2 (36.4-38.2 ppb),1.5
578.3125,Death/delisted too sick,0.16827916279747246,Q2,Liver,Ozone,79995,217244,36.40123929341634,38.19688093871401,Q2 (36.4-38.2 ppb),1.5833333333333333
578.3125,Transplant,0.5956573453663563,Q2,Liver,Ozone,79995,217244,36.40123929341634,38.19688093871401,Q2 (36.4-38.2 ppb),1.5833333333333333
608.75,Death/delisted too sick,0.170955352723367,Q2,Liver,Ozone,79995,217244,36.40123929341634,38.19688093871401,Q2 (36.4-38.2 ppb),1.6666666666666667
608.75,Transplant,0.6013750411829416,Q2,Liver,Ozone,79995,217244,36.40123929341634,38.19688093871401,Q2 (36.4-38.2 ppb),1.6666666666666667
639.1875,Death/delisted too sick,0.17304109497395997,Q2,Liver,Ozone,79995,217244,36.40123929341634,38.19688093871401,Q2 (36.4-38.2 ppb),1.75
639.1875,Transplant,0.6059285650621474,Q2,Liver,Ozone,79995,217244,36.40123929341634,38.19688093871401,Q2 (36.4-38.2 ppb),1.75
669.625,Death/delisted too sick,0.1754990809929956,Q2,Liver,Ozone,79995,217244,36.40123929341634,38.19688093871401,Q2 (36.4-38.2 ppb),1.8333333333333333
669.625,Transplant,0.6100646391614509,Q2,Liver,Ozone,79995,217244,36.40123929341634,38.19688093871401,Q2 (36.4-38.2 ppb),1.8333333333333333
700.0625,Death/delisted too sick,0.17765274725305888,Q2,Liver,Ozone,79995,217244,36.40123929341634,38.19688093871401,Q2 (36.4-38.2 ppb),1.9166666666666667
700.0625,Transplant,0.6134842310873161,Q2,Liver,Ozone,79995,217244,36.40123929341634,38.19688093871401,Q2 (36.4-38.2 ppb),1.9166666666666667
730.5,Death/delisted too sick,0.1797666699617455,Q2,Liver,Ozone,79995,217244,36.40123929341634,38.19688093871401,Q2 (36.4-38.2 ppb),2
730.5,Transplant,0.6165980418484845,Q2,Liver,Ozone,79995,217244,36.40123929341634,38.19688093871401,Q2 (36.4-38.2 ppb),2
760.9375,Death/delisted too sick,0.18155762107004542,Q2,Liver,Ozone,79995,217244,36.40123929341634,38.19688093871401,Q2 (36.4-38.2 ppb),2.0833333333333335
760.9375,Transplant,0.619780414827972,Q2,Liver,Ozone,79995,217244,36.40123929341634,38.19688093871401,Q2 (36.4-38.2 ppb),2.0833333333333335
791.375,Death/delisted too sick,0.18378071731619333,Q2,Liver,Ozone,79995,217244,36.40123929341634,38.19688093871401,Q2 (36.4-38.2 ppb),2.1666666666666665
791.375,Transplant,0.6226263370218563,Q2,Liver,Ozone,79995,217244,36.40123929341634,38.19688093871401,Q2 (36.4-38.2 ppb),2.1666666666666665
821.8125,Death/delisted too sick,0.18602864911590167,Q2,Liver,Ozone,79995,217244,36.40123929341634,38.19688093871401,Q2 (36.4-38.2 ppb),2.25
821.8125,Transplant,0.6252514817949731,Q2,Liver,Ozone,79995,217244,36.40123929341634,38.19688093871401,Q2 (36.4-38.2 ppb),2.25
852.25,Death/delisted too sick,0.18795796626939784,Q2,Liver,Ozone,79995,217244,36.40123929341634,38.19688093871401,Q2 (36.4-38.2 ppb),2.3333333333333335
852.25,Transplant,0.6279321911373312,Q2,Liver,Ozone,79995,217244,36.40123929341634,38.19688093871401,Q2 (36.4-38.2 ppb),2.3333333333333335
882.6875,Death/delisted too sick,0.18973043115576235,Q2,Liver,Ozone,79995,217244,36.40123929341634,38.19688093871401,Q2 (36.4-38.2 ppb),2.4166666666666665
882.6875,Transplant,0.6300268096048737,Q2,Liver,Ozone,79995,217244,36.40123929341634,38.19688093871401,Q2 (36.4-38.2 ppb),2.4166666666666665
913.125,Death/delisted too sick,0.19275407685034215,Q2,Liver,Ozone,79995,217244,36.40123929341634,38.19688093871401,Q2 (36.4-38.2 ppb),2.5
913.125,Transplant,0.6321763469978919,Q2,Liver,Ozone,79995,217244,36.40123929341634,38.19688093871401,Q2 (36.4-38.2 ppb),2.5
943.5625,Death/delisted too sick,0.19414778482376555,Q2,Liver,Ozone,79995,217244,36.40123929341634,38.19688093871401,Q2 (36.4-38.2 ppb),2.5833333333333335
943.5625,Transplant,0.633890952248125,Q2,Liver,Ozone,79995,217244,36.40123929341634,38.19688093871401,Q2 (36.4-38.2 ppb),2.5833333333333335
974,Death/delisted too sick,0.1961821646118268,Q2,Liver,Ozone,79995,217244,36.40123929341634,38.19688093871401,Q2 (36.4-38.2 ppb),2.6666666666666665
974,Transplant,0.6363990896463243,Q2,Liver,Ozone,79995,217244,36.40123929341634,38.19688093871401,Q2 (36.4-38.2 ppb),2.6666666666666665
1004.4375,Death/delisted too sick,0.1979032765246062,Q2,Liver,Ozone,79995,217244,36.40123929341634,38.19688093871401,Q2 (36.4-38.2 ppb),2.75
1004.4375,Transplant,0.6382700218821773,Q2,Liver,Ozone,79995,217244,36.40123929341634,38.19688093871401,Q2 (36.4-38.2 ppb),2.75
1034.875,Death/delisted too sick,0.1990550908431528,Q2,Liver,Ozone,79995,217244,36.40123929341634,38.19688093871401,Q2 (36.4-38.2 ppb),2.8333333333333335
1034.875,Transplant,0.6397290828833117,Q2,Liver,Ozone,79995,217244,36.40123929341634,38.19688093871401,Q2 (36.4-38.2 ppb),2.8333333333333335
1065.3125,Death/delisted too sick,0.20032131588845303,Q2,Liver,Ozone,79995,217244,36.40123929341634,38.19688093871401,Q2 (36.4-38.2 ppb),2.9166666666666665
1065.3125,Transplant,0.6421448475665191,Q2,Liver,Ozone,79995,217244,36.40123929341634,38.19688093871401,Q2 (36.4-38.2 ppb),2.9166666666666665
1095.75,Death/delisted too sick,0.20262368597323047,Q2,Liver,Ozone,79995,217244,36.40123929341634,38.19688093871401,Q2 (36.4-38.2 ppb),3
1095.75,Transplant,0.6434243955672626,Q2,Liver,Ozone,79995,217244,36.40123929341634,38.19688093871401,Q2 (36.4-38.2 ppb),3
1126.1875,Death/delisted too sick,0.20403227113006228,Q2,Liver,Ozone,79995,217244,36.40123929341634,38.19688093871401,Q2 (36.4-38.2 ppb),3.0833333333333335
1126.1875,Transplant,0.6455414298049806,Q2,Liver,Ozone,79995,217244,36.40123929341634,38.19688093871401,Q2 (36.4-38.2 ppb),3.0833333333333335
1156.625,Death/delisted too sick,0.20537089974507067,Q2,Liver,Ozone,79995,217244,36.40123929341634,38.19688093871401,Q2 (36.4-38.2 ppb),3.1666666666666665
1156.625,Transplant,0.6471265929536083,Q2,Liver,Ozone,79995,217244,36.40123929341634,38.19688093871401,Q2 (36.4-38.2 ppb),3.1666666666666665
1187.0625,Death/delisted too sick,0.2065821846152571,Q2,Liver,Ozone,79995,217244,36.40123929341634,38.19688093871401,Q2 (36.4-38.2 ppb),3.25
1187.0625,Transplant,0.6491907531771381,Q2,Liver,Ozone,79995,217244,36.40123929341634,38.19688093871401,Q2 (36.4-38.2 ppb),3.25
1217.5,Death/delisted too sick,0.20825025815846926,Q2,Liver,Ozone,79995,217244,36.40123929341634,38.19688093871401,Q2 (36.4-38.2 ppb),3.3333333333333335
1217.5,Transplant,0.6504381665407448,Q2,Liver,Ozone,79995,217244,36.40123929341634,38.19688093871401,Q2 (36.4-38.2 ppb),3.3333333333333335
1247.9375,Death/delisted too sick,0.20967368831781932,Q2,Liver,Ozone,79995,217244,36.40123929341634,38.19688093871401,Q2 (36.4-38.2 ppb),3.4166666666666665
1247.9375,Transplant,0.6519687898868282,Q2,Liver,Ozone,79995,217244,36.40123929341634,38.19688093871401,Q2 (36.4-38.2 ppb),3.4166666666666665
1278.375,Death/delisted too sick,0.2111998444405008,Q2,Liver,Ozone,79995,217244,36.40123929341634,38.19688093871401,Q2 (36.4-38.2 ppb),3.5
1278.375,Transplant,0.653251545967944,Q2,Liver,Ozone,79995,217244,36.40123929341634,38.19688093871401,Q2 (36.4-38.2 ppb),3.5
1308.8125,Death/delisted too sick,0.21292766242551417,Q2,Liver,Ozone,79995,217244,36.40123929341634,38.19688093871401,Q2 (36.4-38.2 ppb),3.5833333333333335
1308.8125,Transplant,0.6547160535450467,Q2,Liver,Ozone,79995,217244,36.40123929341634,38.19688093871401,Q2 (36.4-38.2 ppb),3.5833333333333335
1339.25,Death/delisted too sick,0.21404823615378726,Q2,Liver,Ozone,79995,217244,36.40123929341634,38.19688093871401,Q2 (36.4-38.2 ppb),3.6666666666666665
1339.25,Transplant,0.6561796511435269,Q2,Liver,Ozone,79995,217244,36.40123929341634,38.19688093871401,Q2 (36.4-38.2 ppb),3.6666666666666665
1369.6875,Death/delisted too sick,0.21496703505736112,Q2,Liver,Ozone,79995,217244,36.40123929341634,38.19688093871401,Q2 (36.4-38.2 ppb),3.75
1369.6875,Transplant,0.6575346645584822,Q2,Liver,Ozone,79995,217244,36.40123929341634,38.19688093871401,Q2 (36.4-38.2 ppb),3.75
1400.125,Death/delisted too sick,0.21636770095029748,Q2,Liver,Ozone,79995,217244,36.40123929341634,38.19688093871401,Q2 (36.4-38.2 ppb),3.8333333333333335
1400.125,Transplant,0.6585659805715793,Q2,Liver,Ozone,79995,217244,36.40123929341634,38.19688093871401,Q2 (36.4-38.2 ppb),3.8333333333333335
1430.5625,Death/delisted too sick,0.21753291748785486,Q2,Liver,Ozone,79995,217244,36.40123929341634,38.19688093871401,Q2 (36.4-38.2 ppb),3.9166666666666665
1430.5625,Transplant,0.659766883038768,Q2,Liver,Ozone,79995,217244,36.40123929341634,38.19688093871401,Q2 (36.4-38.2 ppb),3.9166666666666665
1461,Death/delisted too sick,0.2188599747287173,Q2,Liver,Ozone,79995,217244,36.40123929341634,38.19688093871401,Q2 (36.4-38.2 ppb),4
1461,Transplant,0.6607819157956165,Q2,Liver,Ozone,79995,217244,36.40123929341634,38.19688093871401,Q2 (36.4-38.2 ppb),4
1491.4375,Death/delisted too sick,0.21987446985289175,Q2,Liver,Ozone,79995,217244,36.40123929341634,38.19688093871401,Q2 (36.4-38.2 ppb),4.083333333333333
1491.4375,Transplant,0.6615580191981184,Q2,Liver,Ozone,79995,217244,36.40123929341634,38.19688093871401,Q2 (36.4-38.2 ppb),4.083333333333333
1521.875,Death/delisted too sick,0.22063472020240418,Q2,Liver,Ozone,79995,217244,36.40123929341634,38.19688093871401,Q2 (36.4-38.2 ppb),4.166666666666667
1521.875,Transplant,0.662626061339356,Q2,Liver,Ozone,79995,217244,36.40123929341634,38.19688093871401,Q2 (36.4-38.2 ppb),4.166666666666667
1552.3125,Death/delisted too sick,0.22160517233588292,Q2,Liver,Ozone,79995,217244,36.40123929341634,38.19688093871401,Q2 (36.4-38.2 ppb),4.25
1552.3125,Transplant,0.6632868737394185,Q2,Liver,Ozone,79995,217244,36.40123929341634,38.19688093871401,Q2 (36.4-38.2 ppb),4.25
1582.75,Death/delisted too sick,0.22280789518627556,Q2,Liver,Ozone,79995,217244,36.40123929341634,38.19688093871401,Q2 (36.4-38.2 ppb),4.333333333333333
1582.75,Transplant,0.6642315679908236,Q2,Liver,Ozone,79995,217244,36.40123929341634,38.19688093871401,Q2 (36.4-38.2 ppb),4.333333333333333
1613.1875,Death/delisted too sick,0.22393837240937017,Q2,Liver,Ozone,79995,217244,36.40123929341634,38.19688093871401,Q2 (36.4-38.2 ppb),4.416666666666667
1613.1875,Transplant,0.6646349797266177,Q2,Liver,Ozone,79995,217244,36.40123929341634,38.19688093871401,Q2 (36.4-38.2 ppb),4.416666666666667
1643.625,Death/delisted too sick,0.22467804792076834,Q2,Liver,Ozone,79995,217244,36.40123929341634,38.19688093871401,Q2 (36.4-38.2 ppb),4.5
1643.625,Transplant,0.66606352805304,Q2,Liver,Ozone,79995,217244,36.40123929341634,38.19688093871401,Q2 (36.4-38.2 ppb),4.5
1674.0625,Death/delisted too sick,0.22554256498580993,Q2,Liver,Ozone,79995,217244,36.40123929341634,38.19688093871401,Q2 (36.4-38.2 ppb),4.583333333333333
1674.0625,Transplant,0.6671902344052353,Q2,Liver,Ozone,79995,217244,36.40123929341634,38.19688093871401,Q2 (36.4-38.2 ppb),4.583333333333333
1704.5,Death/delisted too sick,0.22623151202851194,Q2,Liver,Ozone,79995,217244,36.40123929341634,38.19688093871401,Q2 (36.4-38.2 ppb),4.666666666666667
1704.5,Transplant,0.6684133417814029,Q2,Liver,Ozone,79995,217244,36.40123929341634,38.19688093871401,Q2 (36.4-38.2 ppb),4.666666666666667
1734.9375,Death/delisted too sick,0.22720204677663638,Q2,Liver,Ozone,79995,217244,36.40123929341634,38.19688093871401,Q2 (36.4-38.2 ppb),4.75
1734.9375,Transplant,0.6694422999371726,Q2,Liver,Ozone,79995,217244,36.40123929341634,38.19688093871401,Q2 (36.4-38.2 ppb),4.75
1765.375,Death/delisted too sick,0.22839884111857559,Q2,Liver,Ozone,79995,217244,36.40123929341634,38.19688093871401,Q2 (36.4-38.2 ppb),4.833333333333333
1765.375,Transplant,0.6699807392920216,Q2,Liver,Ozone,79995,217244,36.40123929341634,38.19688093871401,Q2 (36.4-38.2 ppb),4.833333333333333
1795.8125,Death/delisted too sick,0.2295974765424532,Q2,Liver,Ozone,79995,217244,36.40123929341634,38.19688093871401,Q2 (36.4-38.2 ppb),4.916666666666667
1795.8125,Transplant,0.6706314754138385,Q2,Liver,Ozone,79995,217244,36.40123929341634,38.19688093871401,Q2 (36.4-38.2 ppb),4.916666666666667
1826.25,Death/delisted too sick,0.2305840985200304,Q2,Liver,Ozone,79995,217244,36.40123929341634,38.19688093871401,Q2 (36.4-38.2 ppb),5
1826.25,Transplant,0.6710114444855183,Q2,Liver,Ozone,79995,217244,36.40123929341634,38.19688093871401,Q2 (36.4-38.2 ppb),5
0,Death/delisted too sick,0,Q3,Liver,Ozone,79995,217244,38.19690281305557,40.71031404796401,Q3 (38.2-40.7 ppb),0
0,Transplant,0,Q3,Liver,Ozone,79995,217244,38.19690281305557,40.71031404796401,Q3 (38.2-40.7 ppb),0
30.4375,Death/delisted too sick,0.042891119023739994,Q3,Liver,Ozone,79995,217244,38.19690281305557,40.71031404796401,Q3 (38.2-40.7 ppb),0.08333333333333333
30.4375,Transplant,0.23193322199441566,Q3,Liver,Ozone,79995,217244,38.19690281305557,40.71031404796401,Q3 (38.2-40.7 ppb),0.08333333333333333
60.875,Death/delisted too sick,0.05844404849341738,Q3,Liver,Ozone,79995,217244,38.19690281305557,40.71031404796401,Q3 (38.2-40.7 ppb),0.16666666666666666
60.875,Transplant,0.30105111771621185,Q3,Liver,Ozone,79995,217244,38.19690281305557,40.71031404796401,Q3 (38.2-40.7 ppb),0.16666666666666666
91.3125,Death/delisted too sick,0.07087779526809516,Q3,Liver,Ozone,79995,217244,38.19690281305557,40.71031404796401,Q3 (38.2-40.7 ppb),0.25
91.3125,Transplant,0.34951507317886255,Q3,Liver,Ozone,79995,217244,38.19690281305557,40.71031404796401,Q3 (38.2-40.7 ppb),0.25
121.75,Death/delisted too sick,0.08022810397521964,Q3,Liver,Ozone,79995,217244,38.19690281305557,40.71031404796401,Q3 (38.2-40.7 ppb),0.3333333333333333
121.75,Transplant,0.38571845135746724,Q3,Liver,Ozone,79995,217244,38.19690281305557,40.71031404796401,Q3 (38.2-40.7 ppb),0.3333333333333333
152.1875,Death/delisted too sick,0.08867535457113099,Q3,Liver,Ozone,79995,217244,38.19690281305557,40.71031404796401,Q3 (38.2-40.7 ppb),0.4166666666666667
152.1875,Transplant,0.4148873690347172,Q3,Liver,Ozone,79995,217244,38.19690281305557,40.71031404796401,Q3 (38.2-40.7 ppb),0.4166666666666667
182.625,Death/delisted too sick,0.09753115046439993,Q3,Liver,Ozone,79995,217244,38.19690281305557,40.71031404796401,Q3 (38.2-40.7 ppb),0.5
182.625,Transplant,0.43820436598354107,Q3,Liver,Ozone,79995,217244,38.19690281305557,40.71031404796401,Q3 (38.2-40.7 ppb),0.5
213.0625,Death/delisted too sick,0.10389013987743038,Q3,Liver,Ozone,79995,217244,38.19690281305557,40.71031404796401,Q3 (38.2-40.7 ppb),0.5833333333333334
213.0625,Transplant,0.46633231244077195,Q3,Liver,Ozone,79995,217244,38.19690281305557,40.71031404796401,Q3 (38.2-40.7 ppb),0.5833333333333334
243.5,Death/delisted too sick,0.11009686234131125,Q3,Liver,Ozone,79995,217244,38.19690281305557,40.71031404796401,Q3 (38.2-40.7 ppb),0.6666666666666666
243.5,Transplant,0.48870658199828,Q3,Liver,Ozone,79995,217244,38.19690281305557,40.71031404796401,Q3 (38.2-40.7 ppb),0.6666666666666666
273.9375,Death/delisted too sick,0.11641216217764816,Q3,Liver,Ozone,79995,217244,38.19690281305557,40.71031404796401,Q3 (38.2-40.7 ppb),0.75
273.9375,Transplant,0.5069684496881157,Q3,Liver,Ozone,79995,217244,38.19690281305557,40.71031404796401,Q3 (38.2-40.7 ppb),0.75
304.375,Death/delisted too sick,0.1220912524159301,Q3,Liver,Ozone,79995,217244,38.19690281305557,40.71031404796401,Q3 (38.2-40.7 ppb),0.8333333333333334
304.375,Transplant,0.5237274301159549,Q3,Liver,Ozone,79995,217244,38.19690281305557,40.71031404796401,Q3 (38.2-40.7 ppb),0.8333333333333334
334.8125,Death/delisted too sick,0.12683870304183306,Q3,Liver,Ozone,79995,217244,38.19690281305557,40.71031404796401,Q3 (38.2-40.7 ppb),0.9166666666666666
334.8125,Transplant,0.5364943846967116,Q3,Liver,Ozone,79995,217244,38.19690281305557,40.71031404796401,Q3 (38.2-40.7 ppb),0.9166666666666666
365.25,Death/delisted too sick,0.13126736956632815,Q3,Liver,Ozone,79995,217244,38.19690281305557,40.71031404796401,Q3 (38.2-40.7 ppb),1
365.25,Transplant,0.5478186967506363,Q3,Liver,Ozone,79995,217244,38.19690281305557,40.71031404796401,Q3 (38.2-40.7 ppb),1
395.6875,Death/delisted too sick,0.1356890940499196,Q3,Liver,Ozone,79995,217244,38.19690281305557,40.71031404796401,Q3 (38.2-40.7 ppb),1.0833333333333333
395.6875,Transplant,0.5579702559112522,Q3,Liver,Ozone,79995,217244,38.19690281305557,40.71031404796401,Q3 (38.2-40.7 ppb),1.0833333333333333
426.125,Death/delisted too sick,0.140033440451034,Q3,Liver,Ozone,79995,217244,38.19690281305557,40.71031404796401,Q3 (38.2-40.7 ppb),1.1666666666666667
426.125,Transplant,0.5675017988334063,Q3,Liver,Ozone,79995,217244,38.19690281305557,40.71031404796401,Q3 (38.2-40.7 ppb),1.1666666666666667
456.5625,Death/delisted too sick,0.14435934972842862,Q3,Liver,Ozone,79995,217244,38.19690281305557,40.71031404796401,Q3 (38.2-40.7 ppb),1.25
456.5625,Transplant,0.5750581854088241,Q3,Liver,Ozone,79995,217244,38.19690281305557,40.71031404796401,Q3 (38.2-40.7 ppb),1.25
487,Death/delisted too sick,0.1477119422401844,Q3,Liver,Ozone,79995,217244,38.19690281305557,40.71031404796401,Q3 (38.2-40.7 ppb),1.3333333333333333
487,Transplant,0.5822801049072833,Q3,Liver,Ozone,79995,217244,38.19690281305557,40.71031404796401,Q3 (38.2-40.7 ppb),1.3333333333333333
517.4375,Death/delisted too sick,0.15081966190412222,Q3,Liver,Ozone,79995,217244,38.19690281305557,40.71031404796401,Q3 (38.2-40.7 ppb),1.4166666666666667
517.4375,Transplant,0.5894741885301558,Q3,Liver,Ozone,79995,217244,38.19690281305557,40.71031404796401,Q3 (38.2-40.7 ppb),1.4166666666666667
547.875,Death/delisted too sick,0.15413787109047902,Q3,Liver,Ozone,79995,217244,38.19690281305557,40.71031404796401,Q3 (38.2-40.7 ppb),1.5
547.875,Transplant,0.5953278289387769,Q3,Liver,Ozone,79995,217244,38.19690281305557,40.71031404796401,Q3 (38.2-40.7 ppb),1.5
578.3125,Death/delisted too sick,0.15777709416605895,Q3,Liver,Ozone,79995,217244,38.19690281305557,40.71031404796401,Q3 (38.2-40.7 ppb),1.5833333333333333
578.3125,Transplant,0.6007710301075712,Q3,Liver,Ozone,79995,217244,38.19690281305557,40.71031404796401,Q3 (38.2-40.7 ppb),1.5833333333333333
608.75,Death/delisted too sick,0.16024469080324558,Q3,Liver,Ozone,79995,217244,38.19690281305557,40.71031404796401,Q3 (38.2-40.7 ppb),1.6666666666666667
608.75,Transplant,0.6061691685922486,Q3,Liver,Ozone,79995,217244,38.19690281305557,40.71031404796401,Q3 (38.2-40.7 ppb),1.6666666666666667
639.1875,Death/delisted too sick,0.16259884778239753,Q3,Liver,Ozone,79995,217244,38.19690281305557,40.71031404796401,Q3 (38.2-40.7 ppb),1.75
639.1875,Transplant,0.6110125782034722,Q3,Liver,Ozone,79995,217244,38.19690281305557,40.71031404796401,Q3 (38.2-40.7 ppb),1.75
669.625,Death/delisted too sick,0.1648213549168307,Q3,Liver,Ozone,79995,217244,38.19690281305557,40.71031404796401,Q3 (38.2-40.7 ppb),1.8333333333333333
669.625,Transplant,0.6150882963153217,Q3,Liver,Ozone,79995,217244,38.19690281305557,40.71031404796401,Q3 (38.2-40.7 ppb),1.8333333333333333
700.0625,Death/delisted too sick,0.16728275800356263,Q3,Liver,Ozone,79995,217244,38.19690281305557,40.71031404796401,Q3 (38.2-40.7 ppb),1.9166666666666667
700.0625,Transplant,0.6195844972275681,Q3,Liver,Ozone,79995,217244,38.19690281305557,40.71031404796401,Q3 (38.2-40.7 ppb),1.9166666666666667
730.5,Death/delisted too sick,0.1695283248773837,Q3,Liver,Ozone,79995,217244,38.19690281305557,40.71031404796401,Q3 (38.2-40.7 ppb),2
730.5,Transplant,0.6230797833221053,Q3,Liver,Ozone,79995,217244,38.19690281305557,40.71031404796401,Q3 (38.2-40.7 ppb),2
760.9375,Death/delisted too sick,0.17134028360787779,Q3,Liver,Ozone,79995,217244,38.19690281305557,40.71031404796401,Q3 (38.2-40.7 ppb),2.0833333333333335
760.9375,Transplant,0.6261375655069942,Q3,Liver,Ozone,79995,217244,38.19690281305557,40.71031404796401,Q3 (38.2-40.7 ppb),2.0833333333333335
791.375,Death/delisted too sick,0.17342863553939816,Q3,Liver,Ozone,79995,217244,38.19690281305557,40.71031404796401,Q3 (38.2-40.7 ppb),2.1666666666666665
791.375,Transplant,0.6295523630186539,Q3,Liver,Ozone,79995,217244,38.19690281305557,40.71031404796401,Q3 (38.2-40.7 ppb),2.1666666666666665
821.8125,Death/delisted too sick,0.17552099985221947,Q3,Liver,Ozone,79995,217244,38.19690281305557,40.71031404796401,Q3 (38.2-40.7 ppb),2.25
821.8125,Transplant,0.632782517855368,Q3,Liver,Ozone,79995,217244,38.19690281305557,40.71031404796401,Q3 (38.2-40.7 ppb),2.25
852.25,Death/delisted too sick,0.17764718095478182,Q3,Liver,Ozone,79995,217244,38.19690281305557,40.71031404796401,Q3 (38.2-40.7 ppb),2.3333333333333335
852.25,Transplant,0.6356432005037915,Q3,Liver,Ozone,79995,217244,38.19690281305557,40.71031404796401,Q3 (38.2-40.7 ppb),2.3333333333333335
882.6875,Death/delisted too sick,0.17998632685374907,Q3,Liver,Ozone,79995,217244,38.19690281305557,40.71031404796401,Q3 (38.2-40.7 ppb),2.4166666666666665
882.6875,Transplant,0.6382417202117225,Q3,Liver,Ozone,79995,217244,38.19690281305557,40.71031404796401,Q3 (38.2-40.7 ppb),2.4166666666666665
913.125,Death/delisted too sick,0.18141453274403077,Q3,Liver,Ozone,79995,217244,38.19690281305557,40.71031404796401,Q3 (38.2-40.7 ppb),2.5
913.125,Transplant,0.6403993027914959,Q3,Liver,Ozone,79995,217244,38.19690281305557,40.71031404796401,Q3 (38.2-40.7 ppb),2.5
943.5625,Death/delisted too sick,0.18334334144032766,Q3,Liver,Ozone,79995,217244,38.19690281305557,40.71031404796401,Q3 (38.2-40.7 ppb),2.5833333333333335
943.5625,Transplant,0.6430413608950752,Q3,Liver,Ozone,79995,217244,38.19690281305557,40.71031404796401,Q3 (38.2-40.7 ppb),2.5833333333333335
974,Death/delisted too sick,0.1851447544147282,Q3,Liver,Ozone,79995,217244,38.19690281305557,40.71031404796401,Q3 (38.2-40.7 ppb),2.6666666666666665
974,Transplant,0.6450198560221145,Q3,Liver,Ozone,79995,217244,38.19690281305557,40.71031404796401,Q3 (38.2-40.7 ppb),2.6666666666666665
1004.4375,Death/delisted too sick,0.18675481084188802,Q3,Liver,Ozone,79995,217244,38.19690281305557,40.71031404796401,Q3 (38.2-40.7 ppb),2.75
1004.4375,Transplant,0.6472339272748384,Q3,Liver,Ozone,79995,217244,38.19690281305557,40.71031404796401,Q3 (38.2-40.7 ppb),2.75
1034.875,Death/delisted too sick,0.18869273236825318,Q3,Liver,Ozone,79995,217244,38.19690281305557,40.71031404796401,Q3 (38.2-40.7 ppb),2.8333333333333335
1034.875,Transplant,0.6491450026228127,Q3,Liver,Ozone,79995,217244,38.19690281305557,40.71031404796401,Q3 (38.2-40.7 ppb),2.8333333333333335
1065.3125,Death/delisted too sick,0.1905078148777462,Q3,Liver,Ozone,79995,217244,38.19690281305557,40.71031404796401,Q3 (38.2-40.7 ppb),2.9166666666666665
1065.3125,Transplant,0.650855146127231,Q3,Liver,Ozone,79995,217244,38.19690281305557,40.71031404796401,Q3 (38.2-40.7 ppb),2.9166666666666665
1095.75,Death/delisted too sick,0.19212233294087258,Q3,Liver,Ozone,79995,217244,38.19690281305557,40.71031404796401,Q3 (38.2-40.7 ppb),3
1095.75,Transplant,0.6523210593831649,Q3,Liver,Ozone,79995,217244,38.19690281305557,40.71031404796401,Q3 (38.2-40.7 ppb),3
1126.1875,Death/delisted too sick,0.19351650925236696,Q3,Liver,Ozone,79995,217244,38.19690281305557,40.71031404796401,Q3 (38.2-40.7 ppb),3.0833333333333335
1126.1875,Transplant,0.6539129508728118,Q3,Liver,Ozone,79995,217244,38.19690281305557,40.71031404796401,Q3 (38.2-40.7 ppb),3.0833333333333335
1156.625,Death/delisted too sick,0.19508398300810834,Q3,Liver,Ozone,79995,217244,38.19690281305557,40.71031404796401,Q3 (38.2-40.7 ppb),3.1666666666666665
1156.625,Transplant,0.6555246213802193,Q3,Liver,Ozone,79995,217244,38.19690281305557,40.71031404796401,Q3 (38.2-40.7 ppb),3.1666666666666665
1187.0625,Death/delisted too sick,0.1961092205622453,Q3,Liver,Ozone,79995,217244,38.19690281305557,40.71031404796401,Q3 (38.2-40.7 ppb),3.25
1187.0625,Transplant,0.6570843428353311,Q3,Liver,Ozone,79995,217244,38.19690281305557,40.71031404796401,Q3 (38.2-40.7 ppb),3.25
1217.5,Death/delisted too sick,0.19701352028755634,Q3,Liver,Ozone,79995,217244,38.19690281305557,40.71031404796401,Q3 (38.2-40.7 ppb),3.3333333333333335
1217.5,Transplant,0.6586469094626819,Q3,Liver,Ozone,79995,217244,38.19690281305557,40.71031404796401,Q3 (38.2-40.7 ppb),3.3333333333333335
1247.9375,Death/delisted too sick,0.19903800011097977,Q3,Liver,Ozone,79995,217244,38.19690281305557,40.71031404796401,Q3 (38.2-40.7 ppb),3.4166666666666665
1247.9375,Transplant,0.6595589307718303,Q3,Liver,Ozone,79995,217244,38.19690281305557,40.71031404796401,Q3 (38.2-40.7 ppb),3.4166666666666665
1278.375,Death/delisted too sick,0.19977327120137867,Q3,Liver,Ozone,79995,217244,38.19690281305557,40.71031404796401,Q3 (38.2-40.7 ppb),3.5
1278.375,Transplant,0.661259002872408,Q3,Liver,Ozone,79995,217244,38.19690281305557,40.71031404796401,Q3 (38.2-40.7 ppb),3.5
1308.8125,Death/delisted too sick,0.20107486705645955,Q3,Liver,Ozone,79995,217244,38.19690281305557,40.71031404796401,Q3 (38.2-40.7 ppb),3.5833333333333335
1308.8125,Transplant,0.6622022511124922,Q3,Liver,Ozone,79995,217244,38.19690281305557,40.71031404796401,Q3 (38.2-40.7 ppb),3.5833333333333335
1339.25,Death/delisted too sick,0.20248192155366557,Q3,Liver,Ozone,79995,217244,38.19690281305557,40.71031404796401,Q3 (38.2-40.7 ppb),3.6666666666666665
1339.25,Transplant,0.6635906598899081,Q3,Liver,Ozone,79995,217244,38.19690281305557,40.71031404796401,Q3 (38.2-40.7 ppb),3.6666666666666665
1369.6875,Death/delisted too sick,0.20368607174765968,Q3,Liver,Ozone,79995,217244,38.19690281305557,40.71031404796401,Q3 (38.2-40.7 ppb),3.75
1369.6875,Transplant,0.6652484561665073,Q3,Liver,Ozone,79995,217244,38.19690281305557,40.71031404796401,Q3 (38.2-40.7 ppb),3.75
1400.125,Death/delisted too sick,0.20493162260505907,Q3,Liver,Ozone,79995,217244,38.19690281305557,40.71031404796401,Q3 (38.2-40.7 ppb),3.8333333333333335
1400.125,Transplant,0.6668310197442985,Q3,Liver,Ozone,79995,217244,38.19690281305557,40.71031404796401,Q3 (38.2-40.7 ppb),3.8333333333333335
1430.5625,Death/delisted too sick,0.20598053169848052,Q3,Liver,Ozone,79995,217244,38.19690281305557,40.71031404796401,Q3 (38.2-40.7 ppb),3.9166666666666665
1430.5625,Transplant,0.6681770645588291,Q3,Liver,Ozone,79995,217244,38.19690281305557,40.71031404796401,Q3 (38.2-40.7 ppb),3.9166666666666665
1461,Death/delisted too sick,0.20697847851836845,Q3,Liver,Ozone,79995,217244,38.19690281305557,40.71031404796401,Q3 (38.2-40.7 ppb),4
1461,Transplant,0.6691046592867148,Q3,Liver,Ozone,79995,217244,38.19690281305557,40.71031404796401,Q3 (38.2-40.7 ppb),4
1491.4375,Death/delisted too sick,0.2082788815948059,Q3,Liver,Ozone,79995,217244,38.19690281305557,40.71031404796401,Q3 (38.2-40.7 ppb),4.083333333333333
1491.4375,Transplant,0.6698010847178958,Q3,Liver,Ozone,79995,217244,38.19690281305557,40.71031404796401,Q3 (38.2-40.7 ppb),4.083333333333333
1521.875,Death/delisted too sick,0.2093340009571681,Q3,Liver,Ozone,79995,217244,38.19690281305557,40.71031404796401,Q3 (38.2-40.7 ppb),4.166666666666667
1521.875,Transplant,0.670455324205821,Q3,Liver,Ozone,79995,217244,38.19690281305557,40.71031404796401,Q3 (38.2-40.7 ppb),4.166666666666667
1552.3125,Death/delisted too sick,0.20993406225841063,Q3,Liver,Ozone,79995,217244,38.19690281305557,40.71031404796401,Q3 (38.2-40.7 ppb),4.25
1552.3125,Transplant,0.6714619622600259,Q3,Liver,Ozone,79995,217244,38.19690281305557,40.71031404796401,Q3 (38.2-40.7 ppb),4.25
1582.75,Death/delisted too sick,0.21091159991281833,Q3,Liver,Ozone,79995,217244,38.19690281305557,40.71031404796401,Q3 (38.2-40.7 ppb),4.333333333333333
1582.75,Transplant,0.6724262416456213,Q3,Liver,Ozone,79995,217244,38.19690281305557,40.71031404796401,Q3 (38.2-40.7 ppb),4.333333333333333
1613.1875,Death/delisted too sick,0.21206998744233987,Q3,Liver,Ozone,79995,217244,38.19690281305557,40.71031404796401,Q3 (38.2-40.7 ppb),4.416666666666667
1613.1875,Transplant,0.6733382474870541,Q3,Liver,Ozone,79995,217244,38.19690281305557,40.71031404796401,Q3 (38.2-40.7 ppb),4.416666666666667
1643.625,Death/delisted too sick,0.2137125028695401,Q3,Liver,Ozone,79995,217244,38.19690281305557,40.71031404796401,Q3 (38.2-40.7 ppb),4.5
1643.625,Transplant,0.6745102759037246,Q3,Liver,Ozone,79995,217244,38.19690281305557,40.71031404796401,Q3 (38.2-40.7 ppb),4.5
1674.0625,Death/delisted too sick,0.21435804518899837,Q3,Liver,Ozone,79995,217244,38.19690281305557,40.71031404796401,Q3 (38.2-40.7 ppb),4.583333333333333
1674.0625,Transplant,0.6754978437314755,Q3,Liver,Ozone,79995,217244,38.19690281305557,40.71031404796401,Q3 (38.2-40.7 ppb),4.583333333333333
1704.5,Death/delisted too sick,0.21534257326815293,Q3,Liver,Ozone,79995,217244,38.19690281305557,40.71031404796401,Q3 (38.2-40.7 ppb),4.666666666666667
1704.5,Transplant,0.6766129036776454,Q3,Liver,Ozone,79995,217244,38.19690281305557,40.71031404796401,Q3 (38.2-40.7 ppb),4.666666666666667
1734.9375,Death/delisted too sick,0.2163391155527923,Q3,Liver,Ozone,79995,217244,38.19690281305557,40.71031404796401,Q3 (38.2-40.7 ppb),4.75
1734.9375,Transplant,0.6776007639081914,Q3,Liver,Ozone,79995,217244,38.19690281305557,40.71031404796401,Q3 (38.2-40.7 ppb),4.75
1765.375,Death/delisted too sick,0.2175051810694641,Q3,Liver,Ozone,79995,217244,38.19690281305557,40.71031404796401,Q3 (38.2-40.7 ppb),4.833333333333333
1765.375,Transplant,0.6784346837112498,Q3,Liver,Ozone,79995,217244,38.19690281305557,40.71031404796401,Q3 (38.2-40.7 ppb),4.833333333333333
1795.8125,Death/delisted too sick,0.21828919841371172,Q3,Liver,Ozone,79995,217244,38.19690281305557,40.71031404796401,Q3 (38.2-40.7 ppb),4.916666666666667
1795.8125,Transplant,0.679005802281012,Q3,Liver,Ozone,79995,217244,38.19690281305557,40.71031404796401,Q3 (38.2-40.7 ppb),4.916666666666667
1826.25,Death/delisted too sick,0.21963305972906144,Q3,Liver,Ozone,79995,217244,38.19690281305557,40.71031404796401,Q3 (38.2-40.7 ppb),5
1826.25,Transplant,0.6798144114897161,Q3,Liver,Ozone,79995,217244,38.19690281305557,40.71031404796401,Q3 (38.2-40.7 ppb),5
0,Death/delisted too sick,0,Q4,Liver,Ozone,79995,217244,40.710460019490085,58.0891342163086,Q4 (40.7-58.1 ppb),0
0,Transplant,0,Q4,Liver,Ozone,79995,217244,40.710460019490085,58.0891342163086,Q4 (40.7-58.1 ppb),0
30.4375,Death/delisted too sick,0.042454789287637344,Q4,Liver,Ozone,79995,217244,40.710460019490085,58.0891342163086,Q4 (40.7-58.1 ppb),0.08333333333333333
30.4375,Transplant,0.23221379497502467,Q4,Liver,Ozone,79995,217244,40.710460019490085,58.0891342163086,Q4 (40.7-58.1 ppb),0.08333333333333333
60.875,Death/delisted too sick,0.057878859489331635,Q4,Liver,Ozone,79995,217244,40.710460019490085,58.0891342163086,Q4 (40.7-58.1 ppb),0.16666666666666666
60.875,Transplant,0.30160262200836974,Q4,Liver,Ozone,79995,217244,40.710460019490085,58.0891342163086,Q4 (40.7-58.1 ppb),0.16666666666666666
91.3125,Death/delisted too sick,0.07015820141797065,Q4,Liver,Ozone,79995,217244,40.710460019490085,58.0891342163086,Q4 (40.7-58.1 ppb),0.25
91.3125,Transplant,0.34834277587795787,Q4,Liver,Ozone,79995,217244,40.710460019490085,58.0891342163086,Q4 (40.7-58.1 ppb),0.25
121.75,Death/delisted too sick,0.08126812073385845,Q4,Liver,Ozone,79995,217244,40.710460019490085,58.0891342163086,Q4 (40.7-58.1 ppb),0.3333333333333333
121.75,Transplant,0.38636574583374417,Q4,Liver,Ozone,79995,217244,40.710460019490085,58.0891342163086,Q4 (40.7-58.1 ppb),0.3333333333333333
152.1875,Death/delisted too sick,0.09008216170557191,Q4,Liver,Ozone,79995,217244,40.710460019490085,58.0891342163086,Q4 (40.7-58.1 ppb),0.4166666666666667
152.1875,Transplant,0.4157036279620105,Q4,Liver,Ozone,79995,217244,40.710460019490085,58.0891342163086,Q4 (40.7-58.1 ppb),0.4166666666666667
182.625,Death/delisted too sick,0.09805491440916242,Q4,Liver,Ozone,79995,217244,40.710460019490085,58.0891342163086,Q4 (40.7-58.1 ppb),0.5
182.625,Transplant,0.43903680066770373,Q4,Liver,Ozone,79995,217244,40.710460019490085,58.0891342163086,Q4 (40.7-58.1 ppb),0.5
213.0625,Death/delisted too sick,0.10573837175951539,Q4,Liver,Ozone,79995,217244,40.710460019490085,58.0891342163086,Q4 (40.7-58.1 ppb),0.5833333333333334
213.0625,Transplant,0.4650761408502485,Q4,Liver,Ozone,79995,217244,40.710460019490085,58.0891342163086,Q4 (40.7-58.1 ppb),0.5833333333333334
243.5,Death/delisted too sick,0.11202027650182171,Q4,Liver,Ozone,79995,217244,40.710460019490085,58.0891342163086,Q4 (40.7-58.1 ppb),0.6666666666666666
243.5,Transplant,0.48674247876582255,Q4,Liver,Ozone,79995,217244,40.710460019490085,58.0891342163086,Q4 (40.7-58.1 ppb),0.6666666666666666
273.9375,Death/delisted too sick,0.11719065439753253,Q4,Liver,Ozone,79995,217244,40.710460019490085,58.0891342163086,Q4 (40.7-58.1 ppb),0.75
273.9375,Transplant,0.5035405122339793,Q4,Liver,Ozone,79995,217244,40.710460019490085,58.0891342163086,Q4 (40.7-58.1 ppb),0.75
304.375,Death/delisted too sick,0.1222584249317207,Q4,Liver,Ozone,79995,217244,40.710460019490085,58.0891342163086,Q4 (40.7-58.1 ppb),0.8333333333333334
304.375,Transplant,0.5189309711227703,Q4,Liver,Ozone,79995,217244,40.710460019490085,58.0891342163086,Q4 (40.7-58.1 ppb),0.8333333333333334
334.8125,Death/delisted too sick,0.1266237619340568,Q4,Liver,Ozone,79995,217244,40.710460019490085,58.0891342163086,Q4 (40.7-58.1 ppb),0.9166666666666666
334.8125,Transplant,0.5325671653898795,Q4,Liver,Ozone,79995,217244,40.710460019490085,58.0891342163086,Q4 (40.7-58.1 ppb),0.9166666666666666
365.25,Death/delisted too sick,0.1315532886105762,Q4,Liver,Ozone,79995,217244,40.710460019490085,58.0891342163086,Q4 (40.7-58.1 ppb),1
365.25,Transplant,0.5446519687302894,Q4,Liver,Ozone,79995,217244,40.710460019490085,58.0891342163086,Q4 (40.7-58.1 ppb),1
395.6875,Death/delisted too sick,0.13535411039930081,Q4,Liver,Ozone,79995,217244,40.710460019490085,58.0891342163086,Q4 (40.7-58.1 ppb),1.0833333333333333
395.6875,Transplant,0.5541305232704923,Q4,Liver,Ozone,79995,217244,40.710460019490085,58.0891342163086,Q4 (40.7-58.1 ppb),1.0833333333333333
426.125,Death/delisted too sick,0.13920372956052662,Q4,Liver,Ozone,79995,217244,40.710460019490085,58.0891342163086,Q4 (40.7-58.1 ppb),1.1666666666666667
426.125,Transplant,0.5633415888560837,Q4,Liver,Ozone,79995,217244,40.710460019490085,58.0891342163086,Q4 (40.7-58.1 ppb),1.1666666666666667
456.5625,Death/delisted too sick,0.1434920151309117,Q4,Liver,Ozone,79995,217244,40.710460019490085,58.0891342163086,Q4 (40.7-58.1 ppb),1.25
456.5625,Transplant,0.5716045866190511,Q4,Liver,Ozone,79995,217244,40.710460019490085,58.0891342163086,Q4 (40.7-58.1 ppb),1.25
487,Death/delisted too sick,0.14703907882255185,Q4,Liver,Ozone,79995,217244,40.710460019490085,58.0891342163086,Q4 (40.7-58.1 ppb),1.3333333333333333
487,Transplant,0.5787678605540317,Q4,Liver,Ozone,79995,217244,40.710460019490085,58.0891342163086,Q4 (40.7-58.1 ppb),1.3333333333333333
517.4375,Death/delisted too sick,0.1505564550934286,Q4,Liver,Ozone,79995,217244,40.710460019490085,58.0891342163086,Q4 (40.7-58.1 ppb),1.4166666666666667
517.4375,Transplant,0.5853964852844488,Q4,Liver,Ozone,79995,217244,40.710460019490085,58.0891342163086,Q4 (40.7-58.1 ppb),1.4166666666666667
547.875,Death/delisted too sick,0.1535128957236675,Q4,Liver,Ozone,79995,217244,40.710460019490085,58.0891342163086,Q4 (40.7-58.1 ppb),1.5
547.875,Transplant,0.5911903704533987,Q4,Liver,Ozone,79995,217244,40.710460019490085,58.0891342163086,Q4 (40.7-58.1 ppb),1.5
578.3125,Death/delisted too sick,0.15637324124529092,Q4,Liver,Ozone,79995,217244,40.710460019490085,58.0891342163086,Q4 (40.7-58.1 ppb),1.5833333333333333
578.3125,Transplant,0.5970787653103484,Q4,Liver,Ozone,79995,217244,40.710460019490085,58.0891342163086,Q4 (40.7-58.1 ppb),1.5833333333333333
608.75,Death/delisted too sick,0.15905514057047482,Q4,Liver,Ozone,79995,217244,40.710460019490085,58.0891342163086,Q4 (40.7-58.1 ppb),1.6666666666666667
608.75,Transplant,0.6024483842754825,Q4,Liver,Ozone,79995,217244,40.710460019490085,58.0891342163086,Q4 (40.7-58.1 ppb),1.6666666666666667
639.1875,Death/delisted too sick,0.16185739752416475,Q4,Liver,Ozone,79995,217244,40.710460019490085,58.0891342163086,Q4 (40.7-58.1 ppb),1.75
639.1875,Transplant,0.6072368441255336,Q4,Liver,Ozone,79995,217244,40.710460019490085,58.0891342163086,Q4 (40.7-58.1 ppb),1.75
669.625,Death/delisted too sick,0.1639150183269394,Q4,Liver,Ozone,79995,217244,40.710460019490085,58.0891342163086,Q4 (40.7-58.1 ppb),1.8333333333333333
669.625,Transplant,0.611680914770666,Q4,Liver,Ozone,79995,217244,40.710460019490085,58.0891342163086,Q4 (40.7-58.1 ppb),1.8333333333333333
700.0625,Death/delisted too sick,0.16633979856177217,Q4,Liver,Ozone,79995,217244,40.710460019490085,58.0891342163086,Q4 (40.7-58.1 ppb),1.9166666666666667
700.0625,Transplant,0.6155897765397094,Q4,Liver,Ozone,79995,217244,40.710460019490085,58.0891342163086,Q4 (40.7-58.1 ppb),1.9166666666666667
730.5,Death/delisted too sick,0.16851095879189001,Q4,Liver,Ozone,79995,217244,40.710460019490085,58.0891342163086,Q4 (40.7-58.1 ppb),2
730.5,Transplant,0.6189027588818081,Q4,Liver,Ozone,79995,217244,40.710460019490085,58.0891342163086,Q4 (40.7-58.1 ppb),2
760.9375,Death/delisted too sick,0.17041041775580737,Q4,Liver,Ozone,79995,217244,40.710460019490085,58.0891342163086,Q4 (40.7-58.1 ppb),2.0833333333333335
760.9375,Transplant,0.6224068339006558,Q4,Liver,Ozone,79995,217244,40.710460019490085,58.0891342163086,Q4 (40.7-58.1 ppb),2.0833333333333335
791.375,Death/delisted too sick,0.1721196745870692,Q4,Liver,Ozone,79995,217244,40.710460019490085,58.0891342163086,Q4 (40.7-58.1 ppb),2.1666666666666665
791.375,Transplant,0.624923353465544,Q4,Liver,Ozone,79995,217244,40.710460019490085,58.0891342163086,Q4 (40.7-58.1 ppb),2.1666666666666665
821.8125,Death/delisted too sick,0.1747708630732348,Q4,Liver,Ozone,79995,217244,40.710460019490085,58.0891342163086,Q4 (40.7-58.1 ppb),2.25
821.8125,Transplant,0.6283164815457916,Q4,Liver,Ozone,79995,217244,40.710460019490085,58.0891342163086,Q4 (40.7-58.1 ppb),2.25
852.25,Death/delisted too sick,0.1770732326422155,Q4,Liver,Ozone,79995,217244,40.710460019490085,58.0891342163086,Q4 (40.7-58.1 ppb),2.3333333333333335
852.25,Transplant,0.6312966637083836,Q4,Liver,Ozone,79995,217244,40.710460019490085,58.0891342163086,Q4 (40.7-58.1 ppb),2.3333333333333335
882.6875,Death/delisted too sick,0.17891303819234256,Q4,Liver,Ozone,79995,217244,40.710460019490085,58.0891342163086,Q4 (40.7-58.1 ppb),2.4166666666666665
882.6875,Transplant,0.6338097361902324,Q4,Liver,Ozone,79995,217244,40.710460019490085,58.0891342163086,Q4 (40.7-58.1 ppb),2.4166666666666665
913.125,Death/delisted too sick,0.18111323943522176,Q4,Liver,Ozone,79995,217244,40.710460019490085,58.0891342163086,Q4 (40.7-58.1 ppb),2.5
913.125,Transplant,0.6359479818769267,Q4,Liver,Ozone,79995,217244,40.710460019490085,58.0891342163086,Q4 (40.7-58.1 ppb),2.5
943.5625,Death/delisted too sick,0.18280937098417777,Q4,Liver,Ozone,79995,217244,40.710460019490085,58.0891342163086,Q4 (40.7-58.1 ppb),2.5833333333333335
943.5625,Transplant,0.6379934343145446,Q4,Liver,Ozone,79995,217244,40.710460019490085,58.0891342163086,Q4 (40.7-58.1 ppb),2.5833333333333335
974,Death/delisted too sick,0.18468831224293733,Q4,Liver,Ozone,79995,217244,40.710460019490085,58.0891342163086,Q4 (40.7-58.1 ppb),2.6666666666666665
974,Transplant,0.6398912931331372,Q4,Liver,Ozone,79995,217244,40.710460019490085,58.0891342163086,Q4 (40.7-58.1 ppb),2.6666666666666665
1004.4375,Death/delisted too sick,0.18614952563086723,Q4,Liver,Ozone,79995,217244,40.710460019490085,58.0891342163086,Q4 (40.7-58.1 ppb),2.75
1004.4375,Transplant,0.6423318806144351,Q4,Liver,Ozone,79995,217244,40.710460019490085,58.0891342163086,Q4 (40.7-58.1 ppb),2.75
1034.875,Death/delisted too sick,0.18772164744977116,Q4,Liver,Ozone,79995,217244,40.710460019490085,58.0891342163086,Q4 (40.7-58.1 ppb),2.8333333333333335
1034.875,Transplant,0.6445142494859946,Q4,Liver,Ozone,79995,217244,40.710460019490085,58.0891342163086,Q4 (40.7-58.1 ppb),2.8333333333333335
1065.3125,Death/delisted too sick,0.18954112675727383,Q4,Liver,Ozone,79995,217244,40.710460019490085,58.0891342163086,Q4 (40.7-58.1 ppb),2.9166666666666665
1065.3125,Transplant,0.6462635000034287,Q4,Liver,Ozone,79995,217244,40.710460019490085,58.0891342163086,Q4 (40.7-58.1 ppb),2.9166666666666665
1095.75,Death/delisted too sick,0.19107601771448895,Q4,Liver,Ozone,79995,217244,40.710460019490085,58.0891342163086,Q4 (40.7-58.1 ppb),3
1095.75,Transplant,0.6481411652665144,Q4,Liver,Ozone,79995,217244,40.710460019490085,58.0891342163086,Q4 (40.7-58.1 ppb),3
1126.1875,Death/delisted too sick,0.19307253797056553,Q4,Liver,Ozone,79995,217244,40.710460019490085,58.0891342163086,Q4 (40.7-58.1 ppb),3.0833333333333335
1126.1875,Transplant,0.6498606055390286,Q4,Liver,Ozone,79995,217244,40.710460019490085,58.0891342163086,Q4 (40.7-58.1 ppb),3.0833333333333335
1156.625,Death/delisted too sick,0.19455747682780267,Q4,Liver,Ozone,79995,217244,40.710460019490085,58.0891342163086,Q4 (40.7-58.1 ppb),3.1666666666666665
1156.625,Transplant,0.6512993393938369,Q4,Liver,Ozone,79995,217244,40.710460019490085,58.0891342163086,Q4 (40.7-58.1 ppb),3.1666666666666665
1187.0625,Death/delisted too sick,0.19591248399135208,Q4,Liver,Ozone,79995,217244,40.710460019490085,58.0891342163086,Q4 (40.7-58.1 ppb),3.25
1187.0625,Transplant,0.653137132686573,Q4,Liver,Ozone,79995,217244,40.710460019490085,58.0891342163086,Q4 (40.7-58.1 ppb),3.25
1217.5,Death/delisted too sick,0.19704662903483466,Q4,Liver,Ozone,79995,217244,40.710460019490085,58.0891342163086,Q4 (40.7-58.1 ppb),3.3333333333333335
1217.5,Transplant,0.6549021407686583,Q4,Liver,Ozone,79995,217244,40.710460019490085,58.0891342163086,Q4 (40.7-58.1 ppb),3.3333333333333335
1247.9375,Death/delisted too sick,0.19875519144763504,Q4,Liver,Ozone,79995,217244,40.710460019490085,58.0891342163086,Q4 (40.7-58.1 ppb),3.4166666666666665
1247.9375,Transplant,0.6565461973873296,Q4,Liver,Ozone,79995,217244,40.710460019490085,58.0891342163086,Q4 (40.7-58.1 ppb),3.4166666666666665
1278.375,Death/delisted too sick,0.19991936223805312,Q4,Liver,Ozone,79995,217244,40.710460019490085,58.0891342163086,Q4 (40.7-58.1 ppb),3.5
1278.375,Transplant,0.6579840086588828,Q4,Liver,Ozone,79995,217244,40.710460019490085,58.0891342163086,Q4 (40.7-58.1 ppb),3.5
1308.8125,Death/delisted too sick,0.2012780969698941,Q4,Liver,Ozone,79995,217244,40.710460019490085,58.0891342163086,Q4 (40.7-58.1 ppb),3.5833333333333335
1308.8125,Transplant,0.658893750604272,Q4,Liver,Ozone,79995,217244,40.710460019490085,58.0891342163086,Q4 (40.7-58.1 ppb),3.5833333333333335
1339.25,Death/delisted too sick,0.2029937510406045,Q4,Liver,Ozone,79995,217244,40.710460019490085,58.0891342163086,Q4 (40.7-58.1 ppb),3.6666666666666665
1339.25,Transplant,0.6602479618400423,Q4,Liver,Ozone,79995,217244,40.710460019490085,58.0891342163086,Q4 (40.7-58.1 ppb),3.6666666666666665
1369.6875,Death/delisted too sick,0.20443966035136157,Q4,Liver,Ozone,79995,217244,40.710460019490085,58.0891342163086,Q4 (40.7-58.1 ppb),3.75
1369.6875,Transplant,0.6617049328283124,Q4,Liver,Ozone,79995,217244,40.710460019490085,58.0891342163086,Q4 (40.7-58.1 ppb),3.75
1400.125,Death/delisted too sick,0.2059532477559782,Q4,Liver,Ozone,79995,217244,40.710460019490085,58.0891342163086,Q4 (40.7-58.1 ppb),3.8333333333333335
1400.125,Transplant,0.6632742429612998,Q4,Liver,Ozone,79995,217244,40.710460019490085,58.0891342163086,Q4 (40.7-58.1 ppb),3.8333333333333335
1430.5625,Death/delisted too sick,0.2072517088216663,Q4,Liver,Ozone,79995,217244,40.710460019490085,58.0891342163086,Q4 (40.7-58.1 ppb),3.9166666666666665
1430.5625,Transplant,0.6642824576597226,Q4,Liver,Ozone,79995,217244,40.710460019490085,58.0891342163086,Q4 (40.7-58.1 ppb),3.9166666666666665
1461,Death/delisted too sick,0.20847255240132875,Q4,Liver,Ozone,79995,217244,40.710460019490085,58.0891342163086,Q4 (40.7-58.1 ppb),4
1461,Transplant,0.6656181332627298,Q4,Liver,Ozone,79995,217244,40.710460019490085,58.0891342163086,Q4 (40.7-58.1 ppb),4
1491.4375,Death/delisted too sick,0.20954192267594024,Q4,Liver,Ozone,79995,217244,40.710460019490085,58.0891342163086,Q4 (40.7-58.1 ppb),4.083333333333333
1491.4375,Transplant,0.6668783314268943,Q4,Liver,Ozone,79995,217244,40.710460019490085,58.0891342163086,Q4 (40.7-58.1 ppb),4.083333333333333
1521.875,Death/delisted too sick,0.2108681595545208,Q4,Liver,Ozone,79995,217244,40.710460019490085,58.0891342163086,Q4 (40.7-58.1 ppb),4.166666666666667
1521.875,Transplant,0.6679829306351265,Q4,Liver,Ozone,79995,217244,40.710460019490085,58.0891342163086,Q4 (40.7-58.1 ppb),4.166666666666667
1552.3125,Death/delisted too sick,0.21159538477845174,Q4,Liver,Ozone,79995,217244,40.710460019490085,58.0891342163086,Q4 (40.7-58.1 ppb),4.25
1552.3125,Transplant,0.6690933576705534,Q4,Liver,Ozone,79995,217244,40.710460019490085,58.0891342163086,Q4 (40.7-58.1 ppb),4.25
1582.75,Death/delisted too sick,0.21257527185271693,Q4,Liver,Ozone,79995,217244,40.710460019490085,58.0891342163086,Q4 (40.7-58.1 ppb),4.333333333333333
1582.75,Transplant,0.6695841393122051,Q4,Liver,Ozone,79995,217244,40.710460019490085,58.0891342163086,Q4 (40.7-58.1 ppb),4.333333333333333
1613.1875,Death/delisted too sick,0.21385583358393323,Q4,Liver,Ozone,79995,217244,40.710460019490085,58.0891342163086,Q4 (40.7-58.1 ppb),4.416666666666667
1613.1875,Transplant,0.6709306222721227,Q4,Liver,Ozone,79995,217244,40.710460019490085,58.0891342163086,Q4 (40.7-58.1 ppb),4.416666666666667
1643.625,Death/delisted too sick,0.21489380527575672,Q4,Liver,Ozone,79995,217244,40.710460019490085,58.0891342163086,Q4 (40.7-58.1 ppb),4.5
1643.625,Transplant,0.6716632959464303,Q4,Liver,Ozone,79995,217244,40.710460019490085,58.0891342163086,Q4 (40.7-58.1 ppb),4.5
1674.0625,Death/delisted too sick,0.2157809467453162,Q4,Liver,Ozone,79995,217244,40.710460019490085,58.0891342163086,Q4 (40.7-58.1 ppb),4.583333333333333
1674.0625,Transplant,0.6727825193174138,Q4,Liver,Ozone,79995,217244,40.710460019490085,58.0891342163086,Q4 (40.7-58.1 ppb),4.583333333333333
1704.5,Death/delisted too sick,0.21680055794677702,Q4,Liver,Ozone,79995,217244,40.710460019490085,58.0891342163086,Q4 (40.7-58.1 ppb),4.666666666666667
1704.5,Transplant,0.673610707012358,Q4,Liver,Ozone,79995,217244,40.710460019490085,58.0891342163086,Q4 (40.7-58.1 ppb),4.666666666666667
1734.9375,Death/delisted too sick,0.21788999933504513,Q4,Liver,Ozone,79995,217244,40.710460019490085,58.0891342163086,Q4 (40.7-58.1 ppb),4.75
1734.9375,Transplant,0.6745879017862123,Q4,Liver,Ozone,79995,217244,40.710460019490085,58.0891342163086,Q4 (40.7-58.1 ppb),4.75
1765.375,Death/delisted too sick,0.21883733975952505,Q4,Liver,Ozone,79995,217244,40.710460019490085,58.0891342163086,Q4 (40.7-58.1 ppb),4.833333333333333
1765.375,Transplant,0.6750886940500643,Q4,Liver,Ozone,79995,217244,40.710460019490085,58.0891342163086,Q4 (40.7-58.1 ppb),4.833333333333333
1795.8125,Death/delisted too sick,0.2199141148328901,Q4,Liver,Ozone,79995,217244,40.710460019490085,58.0891342163086,Q4 (40.7-58.1 ppb),4.916666666666667
1795.8125,Transplant,0.6762455681103914,Q4,Liver,Ozone,79995,217244,40.710460019490085,58.0891342163086,Q4 (40.7-58.1 ppb),4.916666666666667
1826.25,Death/delisted too sick,0.22099335929909897,Q4,Liver,Ozone,79995,217244,40.710460019490085,58.0891342163086,Q4 (40.7-58.1 ppb),5
1826.25,Transplant,0.6771611292622222,Q4,Liver,Ozone,79995,217244,40.710460019490085,58.0891342163086,Q4 (40.7-58.1 ppb),5
0,Death/delisted too sick,0,Q1,Lung,Ozone,46614,46614,22.862168815400857,36.58701753068245,Q1 (22.9-36.6 ppb),0
0,Transplant,0,Q1,Lung,Ozone,46614,46614,22.862168815400857,36.58701753068245,Q1 (22.9-36.6 ppb),0
30.4375,Death/delisted too sick,0.04311074720057771,Q1,Lung,Ozone,46614,46614,22.862168815400857,36.58701753068245,Q1 (22.9-36.6 ppb),0.08333333333333333
30.4375,Transplant,0.2830222296684251,Q1,Lung,Ozone,46614,46614,22.862168815400857,36.58701753068245,Q1 (22.9-36.6 ppb),0.08333333333333333
60.875,Death/delisted too sick,0.0573745458933232,Q1,Lung,Ozone,46614,46614,22.862168815400857,36.58701753068245,Q1 (22.9-36.6 ppb),0.16666666666666666
60.875,Transplant,0.41300078378297506,Q1,Lung,Ozone,46614,46614,22.862168815400857,36.58701753068245,Q1 (22.9-36.6 ppb),0.16666666666666666
91.3125,Death/delisted too sick,0.06642801409147689,Q1,Lung,Ozone,46614,46614,22.862168815400857,36.58701753068245,Q1 (22.9-36.6 ppb),0.25
91.3125,Transplant,0.49231203737419627,Q1,Lung,Ozone,46614,46614,22.862168815400857,36.58701753068245,Q1 (22.9-36.6 ppb),0.25
121.75,Death/delisted too sick,0.07507063663979095,Q1,Lung,Ozone,46614,46614,22.862168815400857,36.58701753068245,Q1 (22.9-36.6 ppb),0.3333333333333333
121.75,Transplant,0.5433389039414732,Q1,Lung,Ozone,46614,46614,22.862168815400857,36.58701753068245,Q1 (22.9-36.6 ppb),0.3333333333333333
152.1875,Death/delisted too sick,0.08169676341959743,Q1,Lung,Ozone,46614,46614,22.862168815400857,36.58701753068245,Q1 (22.9-36.6 ppb),0.4166666666666667
152.1875,Transplant,0.5806598608764235,Q1,Lung,Ozone,46614,46614,22.862168815400857,36.58701753068245,Q1 (22.9-36.6 ppb),0.4166666666666667
182.625,Death/delisted too sick,0.08672316383529015,Q1,Lung,Ozone,46614,46614,22.862168815400857,36.58701753068245,Q1 (22.9-36.6 ppb),0.5
182.625,Transplant,0.6109587637043794,Q1,Lung,Ozone,46614,46614,22.862168815400857,36.58701753068245,Q1 (22.9-36.6 ppb),0.5
213.0625,Death/delisted too sick,0.09099433264388386,Q1,Lung,Ozone,46614,46614,22.862168815400857,36.58701753068245,Q1 (22.9-36.6 ppb),0.5833333333333334
213.0625,Transplant,0.635057803510948,Q1,Lung,Ozone,46614,46614,22.862168815400857,36.58701753068245,Q1 (22.9-36.6 ppb),0.5833333333333334
243.5,Death/delisted too sick,0.09449405412503356,Q1,Lung,Ozone,46614,46614,22.862168815400857,36.58701753068245,Q1 (22.9-36.6 ppb),0.6666666666666666
243.5,Transplant,0.6559111978164273,Q1,Lung,Ozone,46614,46614,22.862168815400857,36.58701753068245,Q1 (22.9-36.6 ppb),0.6666666666666666
273.9375,Death/delisted too sick,0.09801979318870217,Q1,Lung,Ozone,46614,46614,22.862168815400857,36.58701753068245,Q1 (22.9-36.6 ppb),0.75
273.9375,Transplant,0.6730720732335549,Q1,Lung,Ozone,46614,46614,22.862168815400857,36.58701753068245,Q1 (22.9-36.6 ppb),0.75
304.375,Death/delisted too sick,0.10170567523471043,Q1,Lung,Ozone,46614,46614,22.862168815400857,36.58701753068245,Q1 (22.9-36.6 ppb),0.8333333333333334
304.375,Transplant,0.6884132884692928,Q1,Lung,Ozone,46614,46614,22.862168815400857,36.58701753068245,Q1 (22.9-36.6 ppb),0.8333333333333334
334.8125,Death/delisted too sick,0.10440228678608532,Q1,Lung,Ozone,46614,46614,22.862168815400857,36.58701753068245,Q1 (22.9-36.6 ppb),0.9166666666666666
334.8125,Transplant,0.703782942963004,Q1,Lung,Ozone,46614,46614,22.862168815400857,36.58701753068245,Q1 (22.9-36.6 ppb),0.9166666666666666
365.25,Death/delisted too sick,0.10703440720837684,Q1,Lung,Ozone,46614,46614,22.862168815400857,36.58701753068245,Q1 (22.9-36.6 ppb),1
365.25,Transplant,0.7138194811940168,Q1,Lung,Ozone,46614,46614,22.862168815400857,36.58701753068245,Q1 (22.9-36.6 ppb),1
395.6875,Death/delisted too sick,0.10962775708701078,Q1,Lung,Ozone,46614,46614,22.862168815400857,36.58701753068245,Q1 (22.9-36.6 ppb),1.0833333333333333
395.6875,Transplant,0.7250129643718145,Q1,Lung,Ozone,46614,46614,22.862168815400857,36.58701753068245,Q1 (22.9-36.6 ppb),1.0833333333333333
426.125,Death/delisted too sick,0.11222000016441006,Q1,Lung,Ozone,46614,46614,22.862168815400857,36.58701753068245,Q1 (22.9-36.6 ppb),1.1666666666666667
426.125,Transplant,0.7350090437919943,Q1,Lung,Ozone,46614,46614,22.862168815400857,36.58701753068245,Q1 (22.9-36.6 ppb),1.1666666666666667
456.5625,Death/delisted too sick,0.1138574216190537,Q1,Lung,Ozone,46614,46614,22.862168815400857,36.58701753068245,Q1 (22.9-36.6 ppb),1.25
456.5625,Transplant,0.7423634251060885,Q1,Lung,Ozone,46614,46614,22.862168815400857,36.58701753068245,Q1 (22.9-36.6 ppb),1.25
487,Death/delisted too sick,0.115370459031886,Q1,Lung,Ozone,46614,46614,22.862168815400857,36.58701753068245,Q1 (22.9-36.6 ppb),1.3333333333333333
487,Transplant,0.749488747379882,Q1,Lung,Ozone,46614,46614,22.862168815400857,36.58701753068245,Q1 (22.9-36.6 ppb),1.3333333333333333
517.4375,Death/delisted too sick,0.11786306747895103,Q1,Lung,Ozone,46614,46614,22.862168815400857,36.58701753068245,Q1 (22.9-36.6 ppb),1.4166666666666667
517.4375,Transplant,0.7548440647941631,Q1,Lung,Ozone,46614,46614,22.862168815400857,36.58701753068245,Q1 (22.9-36.6 ppb),1.4166666666666667
547.875,Death/delisted too sick,0.11900236188422253,Q1,Lung,Ozone,46614,46614,22.862168815400857,36.58701753068245,Q1 (22.9-36.6 ppb),1.5
547.875,Transplant,0.7600930548061273,Q1,Lung,Ozone,46614,46614,22.862168815400857,36.58701753068245,Q1 (22.9-36.6 ppb),1.5
578.3125,Death/delisted too sick,0.11990488380913082,Q1,Lung,Ozone,46614,46614,22.862168815400857,36.58701753068245,Q1 (22.9-36.6 ppb),1.5833333333333333
578.3125,Transplant,0.766885558685904,Q1,Lung,Ozone,46614,46614,22.862168815400857,36.58701753068245,Q1 (22.9-36.6 ppb),1.5833333333333333
608.75,Death/delisted too sick,0.12085611132784711,Q1,Lung,Ozone,46614,46614,22.862168815400857,36.58701753068245,Q1 (22.9-36.6 ppb),1.6666666666666667
608.75,Transplant,0.7716970296402742,Q1,Lung,Ozone,46614,46614,22.862168815400857,36.58701753068245,Q1 (22.9-36.6 ppb),1.6666666666666667
639.1875,Death/delisted too sick,0.12184544838939253,Q1,Lung,Ozone,46614,46614,22.862168815400857,36.58701753068245,Q1 (22.9-36.6 ppb),1.75
639.1875,Transplant,0.7761799440136093,Q1,Lung,Ozone,46614,46614,22.862168815400857,36.58701753068245,Q1 (22.9-36.6 ppb),1.75
669.625,Death/delisted too sick,0.12262414057215797,Q1,Lung,Ozone,46614,46614,22.862168815400857,36.58701753068245,Q1 (22.9-36.6 ppb),1.8333333333333333
669.625,Transplant,0.7816891962485253,Q1,Lung,Ozone,46614,46614,22.862168815400857,36.58701753068245,Q1 (22.9-36.6 ppb),1.8333333333333333
700.0625,Death/delisted too sick,0.12352337960023099,Q1,Lung,Ozone,46614,46614,22.862168815400857,36.58701753068245,Q1 (22.9-36.6 ppb),1.9166666666666667
700.0625,Transplant,0.7837981934201875,Q1,Lung,Ozone,46614,46614,22.862168815400857,36.58701753068245,Q1 (22.9-36.6 ppb),1.9166666666666667
730.5,Death/delisted too sick,0.12495926791497933,Q1,Lung,Ozone,46614,46614,22.862168815400857,36.58701753068245,Q1 (22.9-36.6 ppb),2
730.5,Transplant,0.7867161179444292,Q1,Lung,Ozone,46614,46614,22.862168815400857,36.58701753068245,Q1 (22.9-36.6 ppb),2
760.9375,Death/delisted too sick,0.12597068671210665,Q1,Lung,Ozone,46614,46614,22.862168815400857,36.58701753068245,Q1 (22.9-36.6 ppb),2.0833333333333335
760.9375,Transplant,0.7894178295406435,Q1,Lung,Ozone,46614,46614,22.862168815400857,36.58701753068245,Q1 (22.9-36.6 ppb),2.0833333333333335
791.375,Death/delisted too sick,0.12638096535536422,Q1,Lung,Ozone,46614,46614,22.862168815400857,36.58701753068245,Q1 (22.9-36.6 ppb),2.1666666666666665
791.375,Transplant,0.7918266432483416,Q1,Lung,Ozone,46614,46614,22.862168815400857,36.58701753068245,Q1 (22.9-36.6 ppb),2.1666666666666665
821.8125,Death/delisted too sick,0.12700877000713062,Q1,Lung,Ozone,46614,46614,22.862168815400857,36.58701753068245,Q1 (22.9-36.6 ppb),2.25
821.8125,Transplant,0.7953865305351179,Q1,Lung,Ozone,46614,46614,22.862168815400857,36.58701753068245,Q1 (22.9-36.6 ppb),2.25
852.25,Death/delisted too sick,0.12753427016111882,Q1,Lung,Ozone,46614,46614,22.862168815400857,36.58701753068245,Q1 (22.9-36.6 ppb),2.3333333333333335
852.25,Transplant,0.7971313759378824,Q1,Lung,Ozone,46614,46614,22.862168815400857,36.58701753068245,Q1 (22.9-36.6 ppb),2.3333333333333335
882.6875,Death/delisted too sick,0.12787871904691053,Q1,Lung,Ozone,46614,46614,22.862168815400857,36.58701753068245,Q1 (22.9-36.6 ppb),2.4166666666666665
882.6875,Transplant,0.8006226567251798,Q1,Lung,Ozone,46614,46614,22.862168815400857,36.58701753068245,Q1 (22.9-36.6 ppb),2.4166666666666665
913.125,Death/delisted too sick,0.1290965401677471,Q1,Lung,Ozone,46614,46614,22.862168815400857,36.58701753068245,Q1 (22.9-36.6 ppb),2.5
913.125,Transplant,0.8025142761675054,Q1,Lung,Ozone,46614,46614,22.862168815400857,36.58701753068245,Q1 (22.9-36.6 ppb),2.5
943.5625,Death/delisted too sick,0.12986038704262545,Q1,Lung,Ozone,46614,46614,22.862168815400857,36.58701753068245,Q1 (22.9-36.6 ppb),2.5833333333333335
943.5625,Transplant,0.8048413094702015,Q1,Lung,Ozone,46614,46614,22.862168815400857,36.58701753068245,Q1 (22.9-36.6 ppb),2.5833333333333335
974,Death/delisted too sick,0.13021830958473038,Q1,Lung,Ozone,46614,46614,22.862168815400857,36.58701753068245,Q1 (22.9-36.6 ppb),2.6666666666666665
974,Transplant,0.8086753519493048,Q1,Lung,Ozone,46614,46614,22.862168815400857,36.58701753068245,Q1 (22.9-36.6 ppb),2.6666666666666665
1004.4375,Death/delisted too sick,0.1306455372683534,Q1,Lung,Ozone,46614,46614,22.862168815400857,36.58701753068245,Q1 (22.9-36.6 ppb),2.75
1004.4375,Transplant,0.8115770337486204,Q1,Lung,Ozone,46614,46614,22.862168815400857,36.58701753068245,Q1 (22.9-36.6 ppb),2.75
1034.875,Death/delisted too sick,0.1308272401201816,Q1,Lung,Ozone,46614,46614,22.862168815400857,36.58701753068245,Q1 (22.9-36.6 ppb),2.8333333333333335
1034.875,Transplant,0.8125633245877368,Q1,Lung,Ozone,46614,46614,22.862168815400857,36.58701753068245,Q1 (22.9-36.6 ppb),2.8333333333333335
1065.3125,Death/delisted too sick,0.13107720877389853,Q1,Lung,Ozone,46614,46614,22.862168815400857,36.58701753068245,Q1 (22.9-36.6 ppb),2.9166666666666665
1065.3125,Transplant,0.8144267546299633,Q1,Lung,Ozone,46614,46614,22.862168815400857,36.58701753068245,Q1 (22.9-36.6 ppb),2.9166666666666665
1095.75,Death/delisted too sick,0.13137454984155095,Q1,Lung,Ozone,46614,46614,22.862168815400857,36.58701753068245,Q1 (22.9-36.6 ppb),3
1095.75,Transplant,0.8161668555429574,Q1,Lung,Ozone,46614,46614,22.862168815400857,36.58701753068245,Q1 (22.9-36.6 ppb),3
1126.1875,Death/delisted too sick,0.13379884498222128,Q1,Lung,Ozone,46614,46614,22.862168815400857,36.58701753068245,Q1 (22.9-36.6 ppb),3.0833333333333335
1126.1875,Transplant,0.8180384511381853,Q1,Lung,Ozone,46614,46614,22.862168815400857,36.58701753068245,Q1 (22.9-36.6 ppb),3.0833333333333335
1156.625,Death/delisted too sick,0.13379884498222128,Q1,Lung,Ozone,46614,46614,22.862168815400857,36.58701753068245,Q1 (22.9-36.6 ppb),3.1666666666666665
1156.625,Transplant,0.8196344879958919,Q1,Lung,Ozone,46614,46614,22.862168815400857,36.58701753068245,Q1 (22.9-36.6 ppb),3.1666666666666665
1187.0625,Death/delisted too sick,0.13407191502645502,Q1,Lung,Ozone,46614,46614,22.862168815400857,36.58701753068245,Q1 (22.9-36.6 ppb),3.25
1187.0625,Transplant,0.8205232094740307,Q1,Lung,Ozone,46614,46614,22.862168815400857,36.58701753068245,Q1 (22.9-36.6 ppb),3.25
1217.5,Death/delisted too sick,0.13471910665950101,Q1,Lung,Ozone,46614,46614,22.862168815400857,36.58701753068245,Q1 (22.9-36.6 ppb),3.3333333333333335
1217.5,Transplant,0.8225087068264328,Q1,Lung,Ozone,46614,46614,22.862168815400857,36.58701753068245,Q1 (22.9-36.6 ppb),3.3333333333333335
1247.9375,Death/delisted too sick,0.13510259168459807,Q1,Lung,Ozone,46614,46614,22.862168815400857,36.58701753068245,Q1 (22.9-36.6 ppb),3.4166666666666665
1247.9375,Transplant,0.8237418323531667,Q1,Lung,Ozone,46614,46614,22.862168815400857,36.58701753068245,Q1 (22.9-36.6 ppb),3.4166666666666665
1278.375,Death/delisted too sick,0.13527660574226025,Q1,Lung,Ozone,46614,46614,22.862168815400857,36.58701753068245,Q1 (22.9-36.6 ppb),3.5
1278.375,Transplant,0.824620829460469,Q1,Lung,Ozone,46614,46614,22.862168815400857,36.58701753068245,Q1 (22.9-36.6 ppb),3.5
1308.8125,Death/delisted too sick,0.13609806379352826,Q1,Lung,Ozone,46614,46614,22.862168815400857,36.58701753068245,Q1 (22.9-36.6 ppb),3.5833333333333335
1308.8125,Transplant,0.8265585393057943,Q1,Lung,Ozone,46614,46614,22.862168815400857,36.58701753068245,Q1 (22.9-36.6 ppb),3.5833333333333335
1339.25,Death/delisted too sick,0.1361849493820488,Q1,Lung,Ozone,46614,46614,22.862168815400857,36.58701753068245,Q1 (22.9-36.6 ppb),3.6666666666666665
1339.25,Transplant,0.8274281846812616,Q1,Lung,Ozone,46614,46614,22.862168815400857,36.58701753068245,Q1 (22.9-36.6 ppb),3.6666666666666665
1369.6875,Death/delisted too sick,0.1361849493820488,Q1,Lung,Ozone,46614,46614,22.862168815400857,36.58701753068245,Q1 (22.9-36.6 ppb),3.75
1369.6875,Transplant,0.8279606130071446,Q1,Lung,Ozone,46614,46614,22.862168815400857,36.58701753068245,Q1 (22.9-36.6 ppb),3.75
1400.125,Death/delisted too sick,0.13623202594139405,Q1,Lung,Ozone,46614,46614,22.862168815400857,36.58701753068245,Q1 (22.9-36.6 ppb),3.8333333333333335
1400.125,Transplant,0.8285100973656794,Q1,Lung,Ozone,46614,46614,22.862168815400857,36.58701753068245,Q1 (22.9-36.6 ppb),3.8333333333333335
1430.5625,Death/delisted too sick,0.13672919532253286,Q1,Lung,Ozone,46614,46614,22.862168815400857,36.58701753068245,Q1 (22.9-36.6 ppb),3.9166666666666665
1430.5625,Transplant,0.8303231173101072,Q1,Lung,Ozone,46614,46614,22.862168815400857,36.58701753068245,Q1 (22.9-36.6 ppb),3.9166666666666665
1461,Death/delisted too sick,0.1373306932409589,Q1,Lung,Ozone,46614,46614,22.862168815400857,36.58701753068245,Q1 (22.9-36.6 ppb),4
1461,Transplant,0.8312054999573214,Q1,Lung,Ozone,46614,46614,22.862168815400857,36.58701753068245,Q1 (22.9-36.6 ppb),4
1491.4375,Death/delisted too sick,0.13749858325533315,Q1,Lung,Ozone,46614,46614,22.862168815400857,36.58701753068245,Q1 (22.9-36.6 ppb),4.083333333333333
1491.4375,Transplant,0.8316406548411653,Q1,Lung,Ozone,46614,46614,22.862168815400857,36.58701753068245,Q1 (22.9-36.6 ppb),4.083333333333333
1521.875,Death/delisted too sick,0.13768448195562774,Q1,Lung,Ozone,46614,46614,22.862168815400857,36.58701753068245,Q1 (22.9-36.6 ppb),4.166666666666667
1521.875,Transplant,0.8320356999354273,Q1,Lung,Ozone,46614,46614,22.862168815400857,36.58701753068245,Q1 (22.9-36.6 ppb),4.166666666666667
1552.3125,Death/delisted too sick,0.13781773415014154,Q1,Lung,Ozone,46614,46614,22.862168815400857,36.58701753068245,Q1 (22.9-36.6 ppb),4.25
1552.3125,Transplant,0.8324569989127818,Q1,Lung,Ozone,46614,46614,22.862168815400857,36.58701753068245,Q1 (22.9-36.6 ppb),4.25
1582.75,Death/delisted too sick,0.13781773415014154,Q1,Lung,Ozone,46614,46614,22.862168815400857,36.58701753068245,Q1 (22.9-36.6 ppb),4.333333333333333
1582.75,Transplant,0.8338381317528816,Q1,Lung,Ozone,46614,46614,22.862168815400857,36.58701753068245,Q1 (22.9-36.6 ppb),4.333333333333333
1613.1875,Death/delisted too sick,0.13791548956347363,Q1,Lung,Ozone,46614,46614,22.862168815400857,36.58701753068245,Q1 (22.9-36.6 ppb),4.416666666666667
1613.1875,Transplant,0.8345812078249746,Q1,Lung,Ozone,46614,46614,22.862168815400857,36.58701753068245,Q1 (22.9-36.6 ppb),4.416666666666667
1643.625,Death/delisted too sick,0.13802541582966482,Q1,Lung,Ozone,46614,46614,22.862168815400857,36.58701753068245,Q1 (22.9-36.6 ppb),4.5
1643.625,Transplant,0.835034076030891,Q1,Lung,Ozone,46614,46614,22.862168815400857,36.58701753068245,Q1 (22.9-36.6 ppb),4.5
1674.0625,Death/delisted too sick,0.13845688658197394,Q1,Lung,Ozone,46614,46614,22.862168815400857,36.58701753068245,Q1 (22.9-36.6 ppb),4.583333333333333
1674.0625,Transplant,0.8354678047232654,Q1,Lung,Ozone,46614,46614,22.862168815400857,36.58701753068245,Q1 (22.9-36.6 ppb),4.583333333333333
1704.5,Death/delisted too sick,0.1394870997749506,Q1,Lung,Ozone,46614,46614,22.862168815400857,36.58701753068245,Q1 (22.9-36.6 ppb),4.666666666666667
1704.5,Transplant,0.835896913033743,Q1,Lung,Ozone,46614,46614,22.862168815400857,36.58701753068245,Q1 (22.9-36.6 ppb),4.666666666666667
1734.9375,Death/delisted too sick,0.1394870997749506,Q1,Lung,Ozone,46614,46614,22.862168815400857,36.58701753068245,Q1 (22.9-36.6 ppb),4.75
1734.9375,Transplant,0.8362830573599669,Q1,Lung,Ozone,46614,46614,22.862168815400857,36.58701753068245,Q1 (22.9-36.6 ppb),4.75
1765.375,Death/delisted too sick,0.13962560452951803,Q1,Lung,Ozone,46614,46614,22.862168815400857,36.58701753068245,Q1 (22.9-36.6 ppb),4.833333333333333
1765.375,Transplant,0.8379486889293589,Q1,Lung,Ozone,46614,46614,22.862168815400857,36.58701753068245,Q1 (22.9-36.6 ppb),4.833333333333333
1795.8125,Death/delisted too sick,0.1397780774964474,Q1,Lung,Ozone,46614,46614,22.862168815400857,36.58701753068245,Q1 (22.9-36.6 ppb),4.916666666666667
1795.8125,Transplant,0.8380051898190584,Q1,Lung,Ozone,46614,46614,22.862168815400857,36.58701753068245,Q1 (22.9-36.6 ppb),4.916666666666667
1826.25,Death/delisted too sick,0.14007710072802723,Q1,Lung,Ozone,46614,46614,22.862168815400857,36.58701753068245,Q1 (22.9-36.6 ppb),5
1826.25,Transplant,0.8383329268235633,Q1,Lung,Ozone,46614,46614,22.862168815400857,36.58701753068245,Q1 (22.9-36.6 ppb),5
0,Death/delisted too sick,0,Q2,Lung,Ozone,46614,46614,36.58758995027255,38.19450109498994,Q2 (36.6-38.2 ppb),0
0,Transplant,0,Q2,Lung,Ozone,46614,46614,36.58758995027255,38.19450109498994,Q2 (36.6-38.2 ppb),0
30.4375,Death/delisted too sick,0.03759659136670774,Q2,Lung,Ozone,46614,46614,36.58758995027255,38.19450109498994,Q2 (36.6-38.2 ppb),0.08333333333333333
30.4375,Transplant,0.3170911386595213,Q2,Lung,Ozone,46614,46614,36.58758995027255,38.19450109498994,Q2 (36.6-38.2 ppb),0.08333333333333333
60.875,Death/delisted too sick,0.05296067199787662,Q2,Lung,Ozone,46614,46614,36.58758995027255,38.19450109498994,Q2 (36.6-38.2 ppb),0.16666666666666666
60.875,Transplant,0.44358508826265797,Q2,Lung,Ozone,46614,46614,36.58758995027255,38.19450109498994,Q2 (36.6-38.2 ppb),0.16666666666666666
91.3125,Death/delisted too sick,0.06347395059882423,Q2,Lung,Ozone,46614,46614,36.58758995027255,38.19450109498994,Q2 (36.6-38.2 ppb),0.25
91.3125,Transplant,0.5182046824253044,Q2,Lung,Ozone,46614,46614,36.58758995027255,38.19450109498994,Q2 (36.6-38.2 ppb),0.25
121.75,Death/delisted too sick,0.0718878396990026,Q2,Lung,Ozone,46614,46614,36.58758995027255,38.19450109498994,Q2 (36.6-38.2 ppb),0.3333333333333333
121.75,Transplant,0.5696659626890721,Q2,Lung,Ozone,46614,46614,36.58758995027255,38.19450109498994,Q2 (36.6-38.2 ppb),0.3333333333333333
152.1875,Death/delisted too sick,0.07718990436744416,Q2,Lung,Ozone,46614,46614,36.58758995027255,38.19450109498994,Q2 (36.6-38.2 ppb),0.4166666666666667
152.1875,Transplant,0.6100116585625892,Q2,Lung,Ozone,46614,46614,36.58758995027255,38.19450109498994,Q2 (36.6-38.2 ppb),0.4166666666666667
182.625,Death/delisted too sick,0.08183731685010845,Q2,Lung,Ozone,46614,46614,36.58758995027255,38.19450109498994,Q2 (36.6-38.2 ppb),0.5
182.625,Transplant,0.6419242566873089,Q2,Lung,Ozone,46614,46614,36.58758995027255,38.19450109498994,Q2 (36.6-38.2 ppb),0.5
213.0625,Death/delisted too sick,0.086785532998846407,Q2,Lung,Ozone,46614,46614,36.58758995027255,38.19450109498994,Q2 (36.6-38.2 ppb),0.5833333333333334
213.0625,Transplant,0.6680992506286703,Q2,Lung,Ozone,46614,46614,36.58758995027255,38.19450109498994,Q2 (36.6-38.2 ppb),0.5833333333333334
243.5,Death/delisted too sick,0.09020047155641252,Q2,Lung,Ozone,46614,46614,36.58758995027255,38.19450109498994,Q2 (36.6-38.2 ppb),0.6666666666666666
243.5,Transplant,0.6874093055549495,Q2,Lung,Ozone,46614,46614,36.58758995027255,38.19450109498994,Q2 (36.6-38.2 ppb),0.6666666666666666
273.9375,Death/delisted too sick,0.09459115545023564,Q2,Lung,Ozone,46614,46614,36.58758995027255,38.19450109498994,Q2 (36.6-38.2 ppb),0.75
273.9375,Transplant,0.7036337367045385,Q2,Lung,Ozone,46614,46614,36.58758995027255,38.19450109498994,Q2 (36.6-38.2 ppb),0.75
304.375,Death/delisted too sick,0.09788604067466017,Q2,Lung,Ozone,46614,46614,36.58758995027255,38.19450109498994,Q2 (36.6-38.2 ppb),0.8333333333333334
304.375,Transplant,0.7213460728439579,Q2,Lung,Ozone,46614,46614,36.58758995027255,38.19450109498994,Q2 (36.6-38.2 ppb),0.8333333333333334
334.8125,Death/delisted too sick,0.10154584938035265,Q2,Lung,Ozone,46614,46614,36.58758995027255,38.19450109498994,Q2 (36.6-38.2 ppb),0.9166666666666666
334.8125,Transplant,0.7313540750977217,Q2,Lung,Ozone,46614,46614,36.58758995027255,38.19450109498994,Q2 (36.6-38.2 ppb),0.9166666666666666
365.25,Death/delisted too sick,0.10347528392358994,Q2,Lung,Ozone,46614,46614,36.58758995027255,38.19450109498994,Q2 (36.6-38.2 ppb),1
365.25,Transplant,0.7408611705173728,Q2,Lung,Ozone,46614,46614,36.58758995027255,38.19450109498994,Q2 (36.6-38.2 ppb),1
395.6875,Death/delisted too sick,0.10631597607300108,Q2,Lung,Ozone,46614,46614,36.58758995027255,38.19450109498994,Q2 (36.6-38.2 ppb),1.0833333333333333
395.6875,Transplant,0.7500034923933825,Q2,Lung,Ozone,46614,46614,36.58758995027255,38.19450109498994,Q2 (36.6-38.2 ppb),1.0833333333333333
426.125,Death/delisted too sick,0.10799609746404851,Q2,Lung,Ozone,46614,46614,36.58758995027255,38.19450109498994,Q2 (36.6-38.2 ppb),1.1666666666666667
426.125,Transplant,0.7570871533036823,Q2,Lung,Ozone,46614,46614,36.58758995027255,38.19450109498994,Q2 (36.6-38.2 ppb),1.1666666666666667
456.5625,Death/delisted too sick,0.11055850016784584,Q2,Lung,Ozone,46614,46614,36.58758995027255,38.19450109498994,Q2 (36.6-38.2 ppb),1.25
456.5625,Transplant,0.7633629661790782,Q2,Lung,Ozone,46614,46614,36.58758995027255,38.19450109498994,Q2 (36.6-38.2 ppb),1.25
487,Death/delisted too sick,0.11162759838398999,Q2,Lung,Ozone,46614,46614,36.58758995027255,38.19450109498994,Q2 (36.6-38.2 ppb),1.3333333333333333
487,Transplant,0.7681341482367307,Q2,Lung,Ozone,46614,46614,36.58758995027255,38.19450109498994,Q2 (36.6-38.2 ppb),1.3333333333333333
517.4375,Death/delisted too sick,0.11314031318416531,Q2,Lung,Ozone,46614,46614,36.58758995027255,38.19450109498994,Q2 (36.6-38.2 ppb),1.4166666666666667
517.4375,Transplant,0.7738909318262409,Q2,Lung,Ozone,46614,46614,36.58758995027255,38.19450109498994,Q2 (36.6-38.2 ppb),1.4166666666666667
547.875,Death/delisted too sick,0.11378234305810915,Q2,Lung,Ozone,46614,46614,36.58758995027255,38.19450109498994,Q2 (36.6-38.2 ppb),1.5
547.875,Transplant,0.7807142811556954,Q2,Lung,Ozone,46614,46614,36.58758995027255,38.19450109498994,Q2 (36.6-38.2 ppb),1.5
578.3125,Death/delisted too sick,0.1155660230098442,Q2,Lung,Ozone,46614,46614,36.58758995027255,38.19450109498994,Q2 (36.6-38.2 ppb),1.5833333333333333
578.3125,Transplant,0.7848886197511423,Q2,Lung,Ozone,46614,46614,36.58758995027255,38.19450109498994,Q2 (36.6-38.2 ppb),1.5833333333333333
608.75,Death/delisted too sick,0.11690960578996132,Q2,Lung,Ozone,46614,46614,36.58758995027255,38.19450109498994,Q2 (36.6-38.2 ppb),1.6666666666666667
608.75,Transplant,0.7888572161704753,Q2,Lung,Ozone,46614,46614,36.58758995027255,38.19450109498994,Q2 (36.6-38.2 ppb),1.6666666666666667
639.1875,Death/delisted too sick,0.11919031915710272,Q2,Lung,Ozone,46614,46614,36.58758995027255,38.19450109498994,Q2 (36.6-38.2 ppb),1.75
639.1875,Transplant,0.7923253977516864,Q2,Lung,Ozone,46614,46614,36.58758995027255,38.19450109498994,Q2 (36.6-38.2 ppb),1.75
669.625,Death/delisted too sick,0.12019935137959403,Q2,Lung,Ozone,46614,46614,36.58758995027255,38.19450109498994,Q2 (36.6-38.2 ppb),1.8333333333333333
669.625,Transplant,0.7975141681272555,Q2,Lung,Ozone,46614,46614,36.58758995027255,38.19450109498994,Q2 (36.6-38.2 ppb),1.8333333333333333
700.0625,Death/delisted too sick,0.12109613701467754,Q2,Lung,Ozone,46614,46614,36.58758995027255,38.19450109498994,Q2 (36.6-38.2 ppb),1.9166666666666667
700.0625,Transplant,0.8013074148782431,Q2,Lung,Ozone,46614,46614,36.58758995027255,38.19450109498994,Q2 (36.6-38.2 ppb),1.9166666666666667
730.5,Death/delisted too sick,0.12163969758843435,Q2,Lung,Ozone,46614,46614,36.58758995027255,38.19450109498994,Q2 (36.6-38.2 ppb),2
730.5,Transplant,0.8036061212888146,Q2,Lung,Ozone,46614,46614,36.58758995027255,38.19450109498994,Q2 (36.6-38.2 ppb),2
760.9375,Death/delisted too sick,0.12251610719081277,Q2,Lung,Ozone,46614,46614,36.58758995027255,38.19450109498994,Q2 (36.6-38.2 ppb),2.0833333333333335
760.9375,Transplant,0.8063250606115612,Q2,Lung,Ozone,46614,46614,36.58758995027255,38.19450109498994,Q2 (36.6-38.2 ppb),2.0833333333333335
791.375,Death/delisted too sick,0.12385936456143459,Q2,Lung,Ozone,46614,46614,36.58758995027255,38.19450109498994,Q2 (36.6-38.2 ppb),2.1666666666666665
791.375,Transplant,0.8081904871269683,Q2,Lung,Ozone,46614,46614,36.58758995027255,38.19450109498994,Q2 (36.6-38.2 ppb),2.1666666666666665
821.8125,Death/delisted too sick,0.12462861749735756,Q2,Lung,Ozone,46614,46614,36.58758995027255,38.19450109498994,Q2 (36.6-38.2 ppb),2.25
821.8125,Transplant,0.8107212238840757,Q2,Lung,Ozone,46614,46614,36.58758995027255,38.19450109498994,Q2 (36.6-38.2 ppb),2.25
852.25,Death/delisted too sick,0.12502726238042308,Q2,Lung,Ozone,46614,46614,36.58758995027255,38.19450109498994,Q2 (36.6-38.2 ppb),2.3333333333333335
852.25,Transplant,0.8122915423523884,Q2,Lung,Ozone,46614,46614,36.58758995027255,38.19450109498994,Q2 (36.6-38.2 ppb),2.3333333333333335
882.6875,Death/delisted too sick,0.12546845249830238,Q2,Lung,Ozone,46614,46614,36.58758995027255,38.19450109498994,Q2 (36.6-38.2 ppb),2.4166666666666665
882.6875,Transplant,0.8155221220163786,Q2,Lung,Ozone,46614,46614,36.58758995027255,38.19450109498994,Q2 (36.6-38.2 ppb),2.4166666666666665
913.125,Death/delisted too sick,0.1258322789977186,Q2,Lung,Ozone,46614,46614,36.58758995027255,38.19450109498994,Q2 (36.6-38.2 ppb),2.5
913.125,Transplant,0.8174061699300346,Q2,Lung,Ozone,46614,46614,36.58758995027255,38.19450109498994,Q2 (36.6-38.2 ppb),2.5
943.5625,Death/delisted too sick,0.12683665337335778,Q2,Lung,Ozone,46614,46614,36.58758995027255,38.19450109498994,Q2 (36.6-38.2 ppb),2.5833333333333335
943.5625,Transplant,0.8192312100347491,Q2,Lung,Ozone,46614,46614,36.58758995027255,38.19450109498994,Q2 (36.6-38.2 ppb),2.5833333333333335
974,Death/delisted too sick,0.12824481595450637,Q2,Lung,Ozone,46614,46614,36.58758995027255,38.19450109498994,Q2 (36.6-38.2 ppb),2.6666666666666665
974,Transplant,0.8210520983642308,Q2,Lung,Ozone,46614,46614,36.58758995027255,38.19450109498994,Q2 (36.6-38.2 ppb),2.6666666666666665
1004.4375,Death/delisted too sick,0.12895506573897708,Q2,Lung,Ozone,46614,46614,36.58758995027255,38.19450109498994,Q2 (36.6-38.2 ppb),2.75
1004.4375,Transplant,0.8224212956990389,Q2,Lung,Ozone,46614,46614,36.58758995027255,38.19450109498994,Q2 (36.6-38.2 ppb),2.75
1034.875,Death/delisted too sick,0.12936682689061288,Q2,Lung,Ozone,46614,46614,36.58758995027255,38.19450109498994,Q2 (36.6-38.2 ppb),2.8333333333333335
1034.875,Transplant,0.8234472931471016,Q2,Lung,Ozone,46614,46614,36.58758995027255,38.19450109498994,Q2 (36.6-38.2 ppb),2.8333333333333335
1065.3125,Death/delisted too sick,0.1297217515814457,Q2,Lung,Ozone,46614,46614,36.58758995027255,38.19450109498994,Q2 (36.6-38.2 ppb),2.9166666666666665
1065.3125,Transplant,0.8242906239226709,Q2,Lung,Ozone,46614,46614,36.58758995027255,38.19450109498994,Q2 (36.6-38.2 ppb),2.9166666666666665
1095.75,Death/delisted too sick,0.1310421073024706,Q2,Lung,Ozone,46614,46614,36.58758995027255,38.19450109498994,Q2 (36.6-38.2 ppb),3
1095.75,Transplant,0.8248851218684607,Q2,Lung,Ozone,46614,46614,36.58758995027255,38.19450109498994,Q2 (36.6-38.2 ppb),3
1126.1875,Death/delisted too sick,0.13138715848431776,Q2,Lung,Ozone,46614,46614,36.58758995027255,38.19450109498994,Q2 (36.6-38.2 ppb),3.0833333333333335
1126.1875,Transplant,0.8258469583135398,Q2,Lung,Ozone,46614,46614,36.58758995027255,38.19450109498994,Q2 (36.6-38.2 ppb),3.0833333333333335
1156.625,Death/delisted too sick,0.13166652941210358,Q2,Lung,Ozone,46614,46614,36.58758995027255,38.19450109498994,Q2 (36.6-38.2 ppb),3.1666666666666665
1156.625,Transplant,0.8263438932282567,Q2,Lung,Ozone,46614,46614,36.58758995027255,38.19450109498994,Q2 (36.6-38.2 ppb),3.1666666666666665
1187.0625,Death/delisted too sick,0.13175670272758747,Q2,Lung,Ozone,46614,46614,36.58758995027255,38.19450109498994,Q2 (36.6-38.2 ppb),3.25
1187.0625,Transplant,0.8269614113629409,Q2,Lung,Ozone,46614,46614,36.58758995027255,38.19450109498994,Q2 (36.6-38.2 ppb),3.25
1217.5,Death/delisted too sick,0.13243844370369087,Q2,Lung,Ozone,46614,46614,36.58758995027255,38.19450109498994,Q2 (36.6-38.2 ppb),3.3333333333333335
1217.5,Transplant,0.8273476737675494,Q2,Lung,Ozone,46614,46614,36.58758995027255,38.19450109498994,Q2 (36.6-38.2 ppb),3.3333333333333335
1247.9375,Death/delisted too sick,0.1326402553240465,Q2,Lung,Ozone,46614,46614,36.58758995027255,38.19450109498994,Q2 (36.6-38.2 ppb),3.4166666666666665
1247.9375,Transplant,0.8277187692136195,Q2,Lung,Ozone,46614,46614,36.58758995027255,38.19450109498994,Q2 (36.6-38.2 ppb),3.4166666666666665
1278.375,Death/delisted too sick,0.13319580800361078,Q2,Lung,Ozone,46614,46614,36.58758995027255,38.19450109498994,Q2 (36.6-38.2 ppb),3.5
1278.375,Transplant,0.8287510308752836,Q2,Lung,Ozone,46614,46614,36.58758995027255,38.19450109498994,Q2 (36.6-38.2 ppb),3.5
1308.8125,Death/delisted too sick,0.13413948071953555,Q2,Lung,Ozone,46614,46614,36.58758995027255,38.19450109498994,Q2 (36.6-38.2 ppb),3.5833333333333335
1308.8125,Transplant,0.8288459162933435,Q2,Lung,Ozone,46614,46614,36.58758995027255,38.19450109498994,Q2 (36.6-38.2 ppb),3.5833333333333335
1339.25,Death/delisted too sick,0.1348088686219151,Q2,Lung,Ozone,46614,46614,36.58758995027255,38.19450109498994,Q2 (36.6-38.2 ppb),3.6666666666666665
1339.25,Transplant,0.8293908438196063,Q2,Lung,Ozone,46614,46614,36.58758995027255,38.19450109498994,Q2 (36.6-38.2 ppb),3.6666666666666665
1369.6875,Death/delisted too sick,0.13506935003035236,Q2,Lung,Ozone,46614,46614,36.58758995027255,38.19450109498994,Q2 (36.6-38.2 ppb),3.75
1369.6875,Transplant,0.8305975949900171,Q2,Lung,Ozone,46614,46614,36.58758995027255,38.19450109498994,Q2 (36.6-38.2 ppb),3.75
1400.125,Death/delisted too sick,0.13506935003035236,Q2,Lung,Ozone,46614,46614,36.58758995027255,38.19450109498994,Q2 (36.6-38.2 ppb),3.8333333333333335
1400.125,Transplant,0.8313021203658367,Q2,Lung,Ozone,46614,46614,36.58758995027255,38.19450109498994,Q2 (36.6-38.2 ppb),3.8333333333333335
1430.5625,Death/delisted too sick,0.13529135610549495,Q2,Lung,Ozone,46614,46614,36.58758995027255,38.19450109498994,Q2 (36.6-38.2 ppb),3.9166666666666665
1430.5625,Transplant,0.831974691742027,Q2,Lung,Ozone,46614,46614,36.58758995027255,38.19450109498994,Q2 (36.6-38.2 ppb),3.9166666666666665
1461,Death/delisted too sick,0.13567270144173563,Q2,Lung,Ozone,46614,46614,36.58758995027255,38.19450109498994,Q2 (36.6-38.2 ppb),4
1461,Transplant,0.8325895045244334,Q2,Lung,Ozone,46614,46614,36.58758995027255,38.19450109498994,Q2 (36.6-38.2 ppb),4
1491.4375,Death/delisted too sick,0.13577077968546314,Q2,Lung,Ozone,46614,46614,36.58758995027255,38.19450109498994,Q2 (36.6-38.2 ppb),4.083333333333333
1491.4375,Transplant,0.8325895045244334,Q2,Lung,Ozone,46614,46614,36.58758995027255,38.19450109498994,Q2 (36.6-38.2 ppb),4.083333333333333
1521.875,Death/delisted too sick,0.13577077968546314,Q2,Lung,Ozone,46614,46614,36.58758995027255,38.19450109498994,Q2 (36.6-38.2 ppb),4.166666666666667
1521.875,Transplant,0.8333606272315391,Q2,Lung,Ozone,46614,46614,36.58758995027255,38.19450109498994,Q2 (36.6-38.2 ppb),4.166666666666667
1552.3125,Death/delisted too sick,0.13742353673074587,Q2,Lung,Ozone,46614,46614,36.58758995027255,38.19450109498994,Q2 (36.6-38.2 ppb),4.25
1552.3125,Transplant,0.8339997896607804,Q2,Lung,Ozone,46614,46614,36.58758995027255,38.19450109498994,Q2 (36.6-38.2 ppb),4.25
1582.75,Death/delisted too sick,0.13766251131014712,Q2,Lung,Ozone,46614,46614,36.58758995027255,38.19450109498994,Q2 (36.6-38.2 ppb),4.333333333333333
1582.75,Transplant,0.8342196979437377,Q2,Lung,Ozone,46614,46614,36.58758995027255,38.19450109498994,Q2 (36.6-38.2 ppb),4.333333333333333
1613.1875,Death/delisted too sick,0.13791309596143025,Q2,Lung,Ozone,46614,46614,36.58758995027255,38.19450109498994,Q2 (36.6-38.2 ppb),4.416666666666667
1613.1875,Transplant,0.8345562004362754,Q2,Lung,Ozone,46614,46614,36.58758995027255,38.19450109498994,Q2 (36.6-38.2 ppb),4.416666666666667
1643.625,Death/delisted too sick,0.1380899179155244,Q2,Lung,Ozone,46614,46614,36.58758995027255,38.19450109498994,Q2 (36.6-38.2 ppb),4.5
1643.625,Transplant,0.8346681361938718,Q2,Lung,Ozone,46614,46614,36.58758995027255,38.19450109498994,Q2 (36.6-38.2 ppb),4.5
1674.0625,Death/delisted too sick,0.13871108543526184,Q2,Lung,Ozone,46614,46614,36.58758995027255,38.19450109498994,Q2 (36.6-38.2 ppb),4.583333333333333
1674.0625,Transplant,0.8346681361938718,Q2,Lung,Ozone,46614,46614,36.58758995027255,38.19450109498994,Q2 (36.6-38.2 ppb),4.583333333333333
1704.5,Death/delisted too sick,0.13936397210847748,Q2,Lung,Ozone,46614,46614,36.58758995027255,38.19450109498994,Q2 (36.6-38.2 ppb),4.666666666666667
1704.5,Transplant,0.8351020019817427,Q2,Lung,Ozone,46614,46614,36.58758995027255,38.19450109498994,Q2 (36.6-38.2 ppb),4.666666666666667
1734.9375,Death/delisted too sick,0.13936397210847748,Q2,Lung,Ozone,46614,46614,36.58758995027255,38.19450109498994,Q2 (36.6-38.2 ppb),4.75
1734.9375,Transplant,0.8368650144075993,Q2,Lung,Ozone,46614,46614,36.58758995027255,38.19450109498994,Q2 (36.6-38.2 ppb),4.75
1765.375,Death/delisted too sick,0.13964173309409098,Q2,Lung,Ozone,46614,46614,36.58758995027255,38.19450109498994,Q2 (36.6-38.2 ppb),4.833333333333333
1765.375,Transplant,0.8371166684168944,Q2,Lung,Ozone,46614,46614,36.58758995027255,38.19450109498994,Q2 (36.6-38.2 ppb),4.833333333333333
1795.8125,Death/delisted too sick,0.13964173309409098,Q2,Lung,Ozone,46614,46614,36.58758995027255,38.19450109498994,Q2 (36.6-38.2 ppb),4.916666666666667
1795.8125,Transplant,0.8374447613854233,Q2,Lung,Ozone,46614,46614,36.58758995027255,38.19450109498994,Q2 (36.6-38.2 ppb),4.916666666666667
1826.25,Death/delisted too sick,0.13964173309409098,Q2,Lung,Ozone,46614,46614,36.58758995027255,38.19450109498994,Q2 (36.6-38.2 ppb),5
1826.25,Transplant,0.8377865836711132,Q2,Lung,Ozone,46614,46614,36.58758995027255,38.19450109498994,Q2 (36.6-38.2 ppb),5
0,Death/delisted too sick,0,Q3,Lung,Ozone,46614,46614,38.19462723876492,40.37601461589617,Q3 (38.2-40.4 ppb),0
0,Transplant,0,Q3,Lung,Ozone,46614,46614,38.19462723876492,40.37601461589617,Q3 (38.2-40.4 ppb),0
30.4375,Death/delisted too sick,0.04285951843450787,Q3,Lung,Ozone,46614,46614,38.19462723876492,40.37601461589617,Q3 (38.2-40.4 ppb),0.08333333333333333
30.4375,Transplant,0.3162854079198065,Q3,Lung,Ozone,46614,46614,38.19462723876492,40.37601461589617,Q3 (38.2-40.4 ppb),0.08333333333333333
60.875,Death/delisted too sick,0.06062593673799877,Q3,Lung,Ozone,46614,46614,38.19462723876492,40.37601461589617,Q3 (38.2-40.4 ppb),0.16666666666666666
60.875,Transplant,0.43626938436866347,Q3,Lung,Ozone,46614,46614,38.19462723876492,40.37601461589617,Q3 (38.2-40.4 ppb),0.16666666666666666
91.3125,Death/delisted too sick,0.07052179116077763,Q3,Lung,Ozone,46614,46614,38.19462723876492,40.37601461589617,Q3 (38.2-40.4 ppb),0.25
91.3125,Transplant,0.513220333510588,Q3,Lung,Ozone,46614,46614,38.19462723876492,40.37601461589617,Q3 (38.2-40.4 ppb),0.25
121.75,Death/delisted too sick,0.07983660814873415,Q3,Lung,Ozone,46614,46614,38.19462723876492,40.37601461589617,Q3 (38.2-40.4 ppb),0.3333333333333333
121.75,Transplant,0.5642080645653288,Q3,Lung,Ozone,46614,46614,38.19462723876492,40.37601461589617,Q3 (38.2-40.4 ppb),0.3333333333333333
152.1875,Death/delisted too sick,0.08642956048277553,Q3,Lung,Ozone,46614,46614,38.19462723876492,40.37601461589617,Q3 (38.2-40.4 ppb),0.4166666666666667
152.1875,Transplant,0.6013663492755542,Q3,Lung,Ozone,46614,46614,38.19462723876492,40.37601461589617,Q3 (38.2-40.4 ppb),0.4166666666666667
182.625,Death/delisted too sick,0.09125823209180349,Q3,Lung,Ozone,46614,46614,38.19462723876492,40.37601461589617,Q3 (38.2-40.4 ppb),0.5
182.625,Transplant,0.6326835636022887,Q3,Lung,Ozone,46614,46614,38.19462723876492,40.37601461589617,Q3 (38.2-40.4 ppb),0.5
213.0625,Death/delisted too sick,0.09603063627567744,Q3,Lung,Ozone,46614,46614,38.19462723876492,40.37601461589617,Q3 (38.2-40.4 ppb),0.5833333333333334
213.0625,Transplant,0.6580374962967812,Q3,Lung,Ozone,46614,46614,38.19462723876492,40.37601461589617,Q3 (38.2-40.4 ppb),0.5833333333333334
243.5,Death/delisted too sick,0.09917013347777266,Q3,Lung,Ozone,46614,46614,38.19462723876492,40.37601461589617,Q3 (38.2-40.4 ppb),0.6666666666666666
243.5,Transplant,0.6780301741436867,Q3,Lung,Ozone,46614,46614,38.19462723876492,40.37601461589617,Q3 (38.2-40.4 ppb),0.6666666666666666
273.9375,Death/delisted too sick,0.10150760713955288,Q3,Lung,Ozone,46614,46614,38.19462723876492,40.37601461589617,Q3 (38.2-40.4 ppb),0.75
273.9375,Transplant,0.6947300687615732,Q3,Lung,Ozone,46614,46614,38.19462723876492,40.37601461589617,Q3 (38.2-40.4 ppb),0.75
304.375,Death/delisted too sick,0.10484441695244244,Q3,Lung,Ozone,46614,46614,38.19462723876492,40.37601461589617,Q3 (38.2-40.4 ppb),0.8333333333333334
304.375,Transplant,0.708854060364624,Q3,Lung,Ozone,46614,46614,38.19462723876492,40.37601461589617,Q3 (38.2-40.4 ppb),0.8333333333333334
334.8125,Death/delisted too sick,0.10755761150518084,Q3,Lung,Ozone,46614,46614,38.19462723876492,40.37601461589617,Q3 (38.2-40.4 ppb),0.9166666666666666
334.8125,Transplant,0.7195739969383809,Q3,Lung,Ozone,46614,46614,38.19462723876492,40.37601461589617,Q3 (38.2-40.4 ppb),0.9166666666666666
365.25,Death/delisted too sick,0.10978804581663876,Q3,Lung,Ozone,46614,46614,38.19462723876492,40.37601461589617,Q3 (38.2-40.4 ppb),1
365.25,Transplant,0.7304305714270213,Q3,Lung,Ozone,46614,46614,38.19462723876492,40.37601461589617,Q3 (38.2-40.4 ppb),1
395.6875,Death/delisted too sick,0.1111541870378483,Q3,Lung,Ozone,46614,46614,38.19462723876492,40.37601461589617,Q3 (38.2-40.4 ppb),1.0833333333333333
395.6875,Transplant,0.7405593126209771,Q3,Lung,Ozone,46614,46614,38.19462723876492,40.37601461589617,Q3 (38.2-40.4 ppb),1.0833333333333333
426.125,Death/delisted too sick,0.11352532972218556,Q3,Lung,Ozone,46614,46614,38.19462723876492,40.37601461589617,Q3 (38.2-40.4 ppb),1.1666666666666667
426.125,Transplant,0.7475182287704284,Q3,Lung,Ozone,46614,46614,38.19462723876492,40.37601461589617,Q3 (38.2-40.4 ppb),1.1666666666666667
456.5625,Death/delisted too sick,0.11486630113398522,Q3,Lung,Ozone,46614,46614,38.19462723876492,40.37601461589617,Q3 (38.2-40.4 ppb),1.25
456.5625,Transplant,0.7563118596891117,Q3,Lung,Ozone,46614,46614,38.19462723876492,40.37601461589617,Q3 (38.2-40.4 ppb),1.25
487,Death/delisted too sick,0.11588172315978654,Q3,Lung,Ozone,46614,46614,38.19462723876492,40.37601461589617,Q3 (38.2-40.4 ppb),1.3333333333333333
487,Transplant,0.7649749286668436,Q3,Lung,Ozone,46614,46614,38.19462723876492,40.37601461589617,Q3 (38.2-40.4 ppb),1.3333333333333333
517.4375,Death/delisted too sick,0.11681206656831003,Q3,Lung,Ozone,46614,46614,38.19462723876492,40.37601461589617,Q3 (38.2-40.4 ppb),1.4166666666666667
517.4375,Transplant,0.7705431326890281,Q3,Lung,Ozone,46614,46614,38.19462723876492,40.37601461589617,Q3 (38.2-40.4 ppb),1.4166666666666667
547.875,Death/delisted too sick,0.11747359949436238,Q3,Lung,Ozone,46614,46614,38.19462723876492,40.37601461589617,Q3 (38.2-40.4 ppb),1.5
547.875,Transplant,0.7767110459419149,Q3,Lung,Ozone,46614,46614,38.19462723876492,40.37601461589617,Q3 (38.2-40.4 ppb),1.5
578.3125,Death/delisted too sick,0.11830074034769256,Q3,Lung,Ozone,46614,46614,38.19462723876492,40.37601461589617,Q3 (38.2-40.4 ppb),1.5833333333333333
578.3125,Transplant,0.7823189234999803,Q3,Lung,Ozone,46614,46614,38.19462723876492,40.37601461589617,Q3 (38.2-40.4 ppb),1.5833333333333333
608.75,Death/delisted too sick,0.11933300768546193,Q3,Lung,Ozone,46614,46614,38.19462723876492,40.37601461589617,Q3 (38.2-40.4 ppb),1.6666666666666667
608.75,Transplant,0.7858148695343501,Q3,Lung,Ozone,46614,46614,38.19462723876492,40.37601461589617,Q3 (38.2-40.4 ppb),1.6666666666666667
639.1875,Death/delisted too sick,0.1207236312772321,Q3,Lung,Ozone,46614,46614,38.19462723876492,40.37601461589617,Q3 (38.2-40.4 ppb),1.75
639.1875,Transplant,0.7911147721903972,Q3,Lung,Ozone,46614,46614,38.19462723876492,40.37601461589617,Q3 (38.2-40.4 ppb),1.75
669.625,Death/delisted too sick,0.12191822830523392,Q3,Lung,Ozone,46614,46614,38.19462723876492,40.37601461589617,Q3 (38.2-40.4 ppb),1.8333333333333333
669.625,Transplant,0.7947324787774719,Q3,Lung,Ozone,46614,46614,38.19462723876492,40.37601461589617,Q3 (38.2-40.4 ppb),1.8333333333333333
700.0625,Death/delisted too sick,0.12235716796046005,Q3,Lung,Ozone,46614,46614,38.19462723876492,40.37601461589617,Q3 (38.2-40.4 ppb),1.9166666666666667
700.0625,Transplant,0.7991586014456508,Q3,Lung,Ozone,46614,46614,38.19462723876492,40.37601461589617,Q3 (38.2-40.4 ppb),1.9166666666666667
730.5,Death/delisted too sick,0.12370366716647256,Q3,Lung,Ozone,46614,46614,38.19462723876492,40.37601461589617,Q3 (38.2-40.4 ppb),2
730.5,Transplant,0.803511348151451,Q3,Lung,Ozone,46614,46614,38.19462723876492,40.37601461589617,Q3 (38.2-40.4 ppb),2
760.9375,Death/delisted too sick,0.1244475081774417,Q3,Lung,Ozone,46614,46614,38.19462723876492,40.37601461589617,Q3 (38.2-40.4 ppb),2.0833333333333335
760.9375,Transplant,0.8069141944707718,Q3,Lung,Ozone,46614,46614,38.19462723876492,40.37601461589617,Q3 (38.2-40.4 ppb),2.0833333333333335
791.375,Death/delisted too sick,0.12467890924474637,Q3,Lung,Ozone,46614,46614,38.19462723876492,40.37601461589617,Q3 (38.2-40.4 ppb),2.1666666666666665
791.375,Transplant,0.8097779762859988,Q3,Lung,Ozone,46614,46614,38.19462723876492,40.37601461589617,Q3 (38.2-40.4 ppb),2.1666666666666665
821.8125,Death/delisted too sick,0.12531163224240005,Q3,Lung,Ozone,46614,46614,38.19462723876492,40.37601461589617,Q3 (38.2-40.4 ppb),2.25
821.8125,Transplant,0.8117222228943002,Q3,Lung,Ozone,46614,46614,38.19462723876492,40.37601461589617,Q3 (38.2-40.4 ppb),2.25
852.25,Death/delisted too sick,0.1257520949722249,Q3,Lung,Ozone,46614,46614,38.19462723876492,40.37601461589617,Q3 (38.2-40.4 ppb),2.3333333333333335
852.25,Transplant,0.8131655080059305,Q3,Lung,Ozone,46614,46614,38.19462723876492,40.37601461589617,Q3 (38.2-40.4 ppb),2.3333333333333335
882.6875,Death/delisted too sick,0.12721562998862262,Q3,Lung,Ozone,46614,46614,38.19462723876492,40.37601461589617,Q3 (38.2-40.4 ppb),2.4166666666666665
882.6875,Transplant,0.8156195179327693,Q3,Lung,Ozone,46614,46614,38.19462723876492,40.37601461589617,Q3 (38.2-40.4 ppb),2.4166666666666665
913.125,Death/delisted too sick,0.12742723799562866,Q3,Lung,Ozone,46614,46614,38.19462723876492,40.37601461589617,Q3 (38.2-40.4 ppb),2.5
913.125,Transplant,0.8167770908565399,Q3,Lung,Ozone,46614,46614,38.19462723876492,40.37601461589617,Q3 (38.2-40.4 ppb),2.5
943.5625,Death/delisted too sick,0.1284278152803844,Q3,Lung,Ozone,46614,46614,38.19462723876492,40.37601461589617,Q3 (38.2-40.4 ppb),2.5833333333333335
943.5625,Transplant,0.8182899295161288,Q3,Lung,Ozone,46614,46614,38.19462723876492,40.37601461589617,Q3 (38.2-40.4 ppb),2.5833333333333335
974,Death/delisted too sick,0.12909901234644466,Q3,Lung,Ozone,46614,46614,38.19462723876492,40.37601461589617,Q3 (38.2-40.4 ppb),2.6666666666666665
974,Transplant,0.8208957784465459,Q3,Lung,Ozone,46614,46614,38.19462723876492,40.37601461589617,Q3 (38.2-40.4 ppb),2.6666666666666665
1004.4375,Death/delisted too sick,0.13032558361177424,Q3,Lung,Ozone,46614,46614,38.19462723876492,40.37601461589617,Q3 (38.2-40.4 ppb),2.75
1004.4375,Transplant,0.8226732539461598,Q3,Lung,Ozone,46614,46614,38.19462723876492,40.37601461589617,Q3 (38.2-40.4 ppb),2.75
1034.875,Death/delisted too sick,0.13091441425508826,Q3,Lung,Ozone,46614,46614,38.19462723876492,40.37601461589617,Q3 (38.2-40.4 ppb),2.8333333333333335
1034.875,Transplant,0.8238131152709068,Q3,Lung,Ozone,46614,46614,38.19462723876492,40.37601461589617,Q3 (38.2-40.4 ppb),2.8333333333333335
1065.3125,Death/delisted too sick,0.13132335714426105,Q3,Lung,Ozone,46614,46614,38.19462723876492,40.37601461589617,Q3 (38.2-40.4 ppb),2.9166666666666665
1065.3125,Transplant,0.8257508206694794,Q3,Lung,Ozone,46614,46614,38.19462723876492,40.37601461589617,Q3 (38.2-40.4 ppb),2.9166666666666665
1095.75,Death/delisted too sick,0.13191913863004118,Q3,Lung,Ozone,46614,46614,38.19462723876492,40.37601461589617,Q3 (38.2-40.4 ppb),3
1095.75,Transplant,0.8278495886361449,Q3,Lung,Ozone,46614,46614,38.19462723876492,40.37601461589617,Q3 (38.2-40.4 ppb),3
1126.1875,Death/delisted too sick,0.13219654959441252,Q3,Lung,Ozone,46614,46614,38.19462723876492,40.37601461589617,Q3 (38.2-40.4 ppb),3.0833333333333335
1126.1875,Transplant,0.8284811300043281,Q3,Lung,Ozone,46614,46614,38.19462723876492,40.37601461589617,Q3 (38.2-40.4 ppb),3.0833333333333335
1156.625,Death/delisted too sick,0.13239062537174276,Q3,Lung,Ozone,46614,46614,38.19462723876492,40.37601461589617,Q3 (38.2-40.4 ppb),3.1666666666666665
1156.625,Transplant,0.8289991858588086,Q3,Lung,Ozone,46614,46614,38.19462723876492,40.37601461589617,Q3 (38.2-40.4 ppb),3.1666666666666665
1187.0625,Death/delisted too sick,0.13321673225450376,Q3,Lung,Ozone,46614,46614,38.19462723876492,40.37601461589617,Q3 (38.2-40.4 ppb),3.25
1187.0625,Transplant,0.8299109829360731,Q3,Lung,Ozone,46614,46614,38.19462723876492,40.37601461589617,Q3 (38.2-40.4 ppb),3.25
1217.5,Death/delisted too sick,0.13390110642296296,Q3,Lung,Ozone,46614,46614,38.19462723876492,40.37601461589617,Q3 (38.2-40.4 ppb),3.3333333333333335
1217.5,Transplant,0.8315075894497161,Q3,Lung,Ozone,46614,46614,38.19462723876492,40.37601461589617,Q3 (38.2-40.4 ppb),3.3333333333333335
1247.9375,Death/delisted too sick,0.13435448647413323,Q3,Lung,Ozone,46614,46614,38.19462723876492,40.37601461589617,Q3 (38.2-40.4 ppb),3.4166666666666665
1247.9375,Transplant,0.8317616338115313,Q3,Lung,Ozone,46614,46614,38.19462723876492,40.37601461589617,Q3 (38.2-40.4 ppb),3.4166666666666665
1278.375,Death/delisted too sick,0.13518972637791069,Q3,Lung,Ozone,46614,46614,38.19462723876492,40.37601461589617,Q3 (38.2-40.4 ppb),3.5
1278.375,Transplant,0.8322018617463444,Q3,Lung,Ozone,46614,46614,38.19462723876492,40.37601461589617,Q3 (38.2-40.4 ppb),3.5
1308.8125,Death/delisted too sick,0.13555790154359088,Q3,Lung,Ozone,46614,46614,38.19462723876492,40.37601461589617,Q3 (38.2-40.4 ppb),3.5833333333333335
1308.8125,Transplant,0.8329858031638209,Q3,Lung,Ozone,46614,46614,38.19462723876492,40.37601461589617,Q3 (38.2-40.4 ppb),3.5833333333333335
1339.25,Death/delisted too sick,0.13609523107519794,Q3,Lung,Ozone,46614,46614,38.19462723876492,40.37601461589617,Q3 (38.2-40.4 ppb),3.6666666666666665
1339.25,Transplant,0.8337399604343675,Q3,Lung,Ozone,46614,46614,38.19462723876492,40.37601461589617,Q3 (38.2-40.4 ppb),3.6666666666666665
1369.6875,Death/delisted too sick,0.13643806115569834,Q3,Lung,Ozone,46614,46614,38.19462723876492,40.37601461589617,Q3 (38.2-40.4 ppb),3.75
1369.6875,Transplant,0.8347122638647598,Q3,Lung,Ozone,46614,46614,38.19462723876492,40.37601461589617,Q3 (38.2-40.4 ppb),3.75
1400.125,Death/delisted too sick,0.13643806115569834,Q3,Lung,Ozone,46614,46614,38.19462723876492,40.37601461589617,Q3 (38.2-40.4 ppb),3.8333333333333335
1400.125,Transplant,0.8354540473170976,Q3,Lung,Ozone,46614,46614,38.19462723876492,40.37601461589617,Q3 (38.2-40.4 ppb),3.8333333333333335
1430.5625,Death/delisted too sick,0.13643806115569834,Q3,Lung,Ozone,46614,46614,38.19462723876492,40.37601461589617,Q3 (38.2-40.4 ppb),3.9166666666666665
1430.5625,Transplant,0.83605425608463535,Q3,Lung,Ozone,46614,46614,38.19462723876492,40.37601461589617,Q3 (38.2-40.4 ppb),3.9166666666666665
1461,Death/delisted too sick,0.13700766446513304,Q3,Lung,Ozone,46614,46614,38.19462723876492,40.37601461589617,Q3 (38.2-40.4 ppb),4
1461,Transplant,0.8362686275265534,Q3,Lung,Ozone,46614,46614,38.19462723876492,40.37601461589617,Q3 (38.2-40.4 ppb),4
1491.4375,Death/delisted too sick,0.13711965984472485,Q3,Lung,Ozone,46614,46614,38.19462723876492,40.37601461589617,Q3 (38.2-40.4 ppb),4.083333333333333
1491.4375,Transplant,0.8362686275265534,Q3,Lung,Ozone,46614,46614,38.19462723876492,40.37601461589617,Q3 (38.2-40.4 ppb),4.083333333333333
1521.875,Death/delisted too sick,0.13727023155378162,Q3,Lung,Ozone,46614,46614,38.19462723876492,40.37601461589617,Q3 (38.2-40.4 ppb),4.166666666666667
1521.875,Transplant,0.8369373503689412,Q3,Lung,Ozone,46614,46614,38.19462723876492,40.37601461589617,Q3 (38.2-40.4 ppb),4.166666666666667
1552.3125,Death/delisted too sick,0.13727023155378162,Q3,Lung,Ozone,46614,46614,38.19462723876492,40.37601461589617,Q3 (38.2-40.4 ppb),4.25
1552.3125,Transplant,0.8377570490675806,Q3,Lung,Ozone,46614,46614,38.19462723876492,40.37601461589617,Q3 (38.2-40.4 ppb),4.25
1582.75,Death/delisted too sick,0.1378218125366724,Q3,Lung,Ozone,46614,46614,38.19462723876492,40.37601461589617,Q3 (38.2-40.4 ppb),4.333333333333333
1582.75,Transplant,0.8382268262258133,Q3,Lung,Ozone,46614,46614,38.19462723876492,40.37601461589617,Q3 (38.2-40.4 ppb),4.333333333333333
1613.1875,Death/delisted too sick,0.1379597355382551,Q3,Lung,Ozone,46614,46614,38.19462723876492,40.37601461589617,Q3 (38.2-40.4 ppb),4.416666666666667
1613.1875,Transplant,0.8391031338099814,Q3,Lung,Ozone,46614,46614,38.19462723876492,40.37601461589617,Q3 (38.2-40.4 ppb),4.416666666666667
1643.625,Death/delisted too sick,0.1382884632376742,Q3,Lung,Ozone,46614,46614,38.19462723876492,40.37601461589617,Q3 (38.2-40.4 ppb),4.5
1643.625,Transplant,0.8393965802361857,Q3,Lung,Ozone,46614,46614,38.19462723876492,40.37601461589617,Q3 (38.2-40.4 ppb),4.5
1674.0625,Death/delisted too sick,0.1382884632376742,Q3,Lung,Ozone,46614,46614,38.19462723876492,40.37601461589617,Q3 (38.2-40.4 ppb),4.583333333333333
1674.0625,Transplant,0.8395219671787914,Q3,Lung,Ozone,46614,46614,38.19462723876492,40.37601461589617,Q3 (38.2-40.4 ppb),4.583333333333333
1704.5,Death/delisted too sick,0.13854534126800883,Q3,Lung,Ozone,46614,46614,38.19462723876492,40.37601461589617,Q3 (38.2-40.4 ppb),4.666666666666667
1704.5,Transplant,0.8405551073035005,Q3,Lung,Ozone,46614,46614,38.19462723876492,40.37601461589617,Q3 (38.2-40.4 ppb),4.666666666666667
1734.9375,Death/delisted too sick,0.13872909503660688,Q3,Lung,Ozone,46614,46614,38.19462723876492,40.37601461589617,Q3 (38.2-40.4 ppb),4.75
1734.9375,Transplant,0.8408160378150816,Q3,Lung,Ozone,46614,46614,38.19462723876492,40.37601461589617,Q3 (38.2-40.4 ppb),4.75
1765.375,Death/delisted too sick,0.13872909503660688,Q3,Lung,Ozone,46614,46614,38.19462723876492,40.37601461589617,Q3 (38.2-40.4 ppb),4.833333333333333
1765.375,Transplant,0.8420768106231828,Q3,Lung,Ozone,46614,46614,38.19462723876492,40.37601461589617,Q3 (38.2-40.4 ppb),4.833333333333333
1795.8125,Death/delisted too sick,0.13872909503660688,Q3,Lung,Ozone,46614,46614,38.19462723876492,40.37601461589617,Q3 (38.2-40.4 ppb),4.916666666666667
1795.8125,Transplant,0.8420768106231828,Q3,Lung,Ozone,46614,46614,38.19462723876492,40.37601461589617,Q3 (38.2-40.4 ppb),4.916666666666667
1826.25,Death/delisted too sick,0.13885234986285783,Q3,Lung,Ozone,46614,46614,38.19462723876492,40.37601461589617,Q3 (38.2-40.4 ppb),5
1826.25,Transplant,0.8421975499566254,Q3,Lung,Ozone,46614,46614,38.19462723876492,40.37601461589617,Q3 (38.2-40.4 ppb),5
0,Death/delisted too sick,0,Q4,Lung,Ozone,46614,46614,40.376057004849514,57.41553692878047,Q4 (40.4-57.4 ppb),0
0,Transplant,0,Q4,Lung,Ozone,46614,46614,40.376057004849514,57.41553692878047,Q4 (40.4-57.4 ppb),0
30.4375,Death/delisted too sick,0.0371309373659047,Q4,Lung,Ozone,46614,46614,40.376057004849514,57.41553692878047,Q4 (40.4-57.4 ppb),0.08333333333333333
30.4375,Transplant,0.34632826556710283,Q4,Lung,Ozone,46614,46614,40.376057004849514,57.41553692878047,Q4 (40.4-57.4 ppb),0.08333333333333333
60.875,Death/delisted too sick,0.05266034792440099,Q4,Lung,Ozone,46614,46614,40.376057004849514,57.41553692878047,Q4 (40.4-57.4 ppb),0.16666666666666666
60.875,Transplant,0.47121658460860616,Q4,Lung,Ozone,46614,46614,40.376057004849514,57.41553692878047,Q4 (40.4-57.4 ppb),0.16666666666666666
91.3125,Death/delisted too sick,0.062459018580396916,Q4,Lung,Ozone,46614,46614,40.376057004849514,57.41553692878047,Q4 (40.4-57.4 ppb),0.25
91.3125,Transplant,0.5491918097466588,Q4,Lung,Ozone,46614,46614,40.376057004849514,57.41553692878047,Q4 (40.4-57.4 ppb),0.25
121.75,Death/delisted too sick,0.06781498224854263,Q4,Lung,Ozone,46614,46614,40.376057004849514,57.41553692878047,Q4 (40.4-57.4 ppb),0.3333333333333333
121.75,Transplant,0.5986412316625025,Q4,Lung,Ozone,46614,46614,40.376057004849514,57.41553692878047,Q4 (40.4-57.4 ppb),0.3333333333333333
152.1875,Death/delisted too sick,0.07350298540807726,Q4,Lung,Ozone,46614,46614,40.376057004849514,57.41553692878047,Q4 (40.4-57.4 ppb),0.4166666666666667
152.1875,Transplant,0.6385802516332156,Q4,Lung,Ozone,46614,46614,40.376057004849514,57.41553692878047,Q4 (40.4-57.4 ppb),0.4166666666666667
182.625,Death/delisted too sick,0.07635081426156656,Q4,Lung,Ozone,46614,46614,40.376057004849514,57.41553692878047,Q4 (40.4-57.4 ppb),0.5
182.625,Transplant,0.6649013056754003,Q4,Lung,Ozone,46614,46614,40.376057004849514,57.41553692878047,Q4 (40.4-57.4 ppb),0.5
213.0625,Death/delisted too sick,0.08102481594955885,Q4,Lung,Ozone,46614,46614,40.376057004849514,57.41553692878047,Q4 (40.4-57.4 ppb),0.5833333333333334
213.0625,Transplant,0.6898638133522494,Q4,Lung,Ozone,46614,46614,40.376057004849514,57.41553692878047,Q4 (40.4-57.4 ppb),0.5833333333333334
243.5,Death/delisted too sick,0.08502191510792903,Q4,Lung,Ozone,46614,46614,40.376057004849514,57.41553692878047,Q4 (40.4-57.4 ppb),0.6666666666666666
243.5,Transplant,0.70896199564473406,Q4,Lung,Ozone,46614,46614,40.376057004849514,57.41553692878047,Q4 (40.4-57.4 ppb),0.6666666666666666
273.9375,Death/delisted too sick,0.08909826731196496,Q4,Lung,Ozone,46614,46614,40.376057004849514,57.41553692878047,Q4 (40.4-57.4 ppb),0.75
273.9375,Transplant,0.723950594612957,Q4,Lung,Ozone,46614,46614,40.376057004849514,57.41553692878047,Q4 (40.4-57.4 ppb),0.75
304.375,Death/delisted too sick,0.09110765524362989,Q4,Lung,Ozone,46614,46614,40.376057004849514,57.41553692878047,Q4 (40.4-57.4 ppb),0.8333333333333334
304.375,Transplant,0.738561561465125,Q4,Lung,Ozone,46614,46614,40.376057004849514,57.41553692878047,Q4 (40.4-57.4 ppb),0.8333333333333334
334.8125,Death/delisted too sick,0.09401286208725466,Q4,Lung,Ozone,46614,46614,40.376057004849514,57.41553692878047,Q4 (40.4-57.4 ppb),0.9166666666666666
334.8125,Transplant,0.7500414368870988,Q4,Lung,Ozone,46614,46614,40.376057004849514,57.41553692878047,Q4 (40.4-57.4 ppb),0.9166666666666666
365.25,Death/delisted too sick,0.09524172340176051,Q4,Lung,Ozone,46614,46614,40.376057004849514,57.41553692878047,Q4 (40.4-57.4 ppb),1
365.25,Transplant,0.7583248383769142,Q4,Lung,Ozone,46614,46614,40.376057004849514,57.41553692878047,Q4 (40.4-57.4 ppb),1
395.6875,Death/delisted too sick,0.09730708457196292,Q4,Lung,Ozone,46614,46614,40.376057004849514,57.41553692878047,Q4 (40.4-57.4 ppb),1.0833333333333333
395.6875,Transplant,0.7649040112711574,Q4,Lung,Ozone,46614,46614,40.376057004849514,57.41553692878047,Q4 (40.4-57.4 ppb),1.0833333333333333
426.125,Death/delisted too sick,0.09864697216873819,Q4,Lung,Ozone,46614,46614,40.376057004849514,57.41553692878047,Q4 (40.4-57.4 ppb),1.1666666666666667
426.125,Transplant,0.7737282208551524,Q4,Lung,Ozone,46614,46614,40.376057004849514,57.41553692878047,Q4 (40.4-57.4 ppb),1.1666666666666667
456.5625,Death/delisted too sick,0.10000723588020884,Q4,Lung,Ozone,46614,46614,40.376057004849514,57.41553692878047,Q4 (40.4-57.4 ppb),1.25
456.5625,Transplant,0.7796179001817312,Q4,Lung,Ozone,46614,46614,40.376057004849514,57.41553692878047,Q4 (40.4-57.4 ppb),1.25
487,Death/delisted too sick,0.10155096142784714,Q4,Lung,Ozone,46614,46614,40.376057004849514,57.41553692878047,Q4 (40.4-57.4 ppb),1.3333333333333333
487,Transplant,0.7854441927467259,Q4,Lung,Ozone,46614,46614,40.376057004849514,57.41553692878047,Q4 (40.4-57.4 ppb),1.3333333333333333
517.4375,Death/delisted too sick,0.10303000304359984,Q4,Lung,Ozone,46614,46614,40.376057004849514,57.41553692878047,Q4 (40.4-57.4 ppb),1.4166666666666667
517.4375,Transplant,0.7899788240601575,Q4,Lung,Ozone,46614,46614,40.376057004849514,57.41553692878047,Q4 (40.4-57.4 ppb),1.4166666666666667
547.875,Death/delisted too sick,0.10395282246650432,Q4,Lung,Ozone,46614,46614,40.376057004849514,57.41553692878047,Q4 (40.4-57.4 ppb),1.5
547.875,Transplant,0.7948170892377517,Q4,Lung,Ozone,46614,46614,40.376057004849514,57.41553692878047,Q4 (40.4-57.4 ppb),1.5
578.3125,Death/delisted too sick,0.10541807401260829,Q4,Lung,Ozone,46614,46614,40.376057004849514,57.41553692878047,Q4 (40.4-57.4 ppb),1.5833333333333333
578.3125,Transplant,0.7993994548737947,Q4,Lung,Ozone,46614,46614,40.376057004849514,57.41553692878047,Q4 (40.4-57.4 ppb),1.5833333333333333
608.75,Death/delisted too sick,0.10688925409403167,Q4,Lung,Ozone,46614,46614,40.376057004849514,57.41553692878047,Q4 (40.4-57.4 ppb),1.6666666666666667
608.75,Transplant,0.8024449225705256,Q4,Lung,Ozone,46614,46614,40.376057004849514,57.41553692878047,Q4 (40.4-57.4 ppb),1.6666666666666667
639.1875,Death/delisted too sick,0.10767310444801564,Q4,Lung,Ozone,46614,46614,40.376057004849514,57.41553692878047,Q4 (40.4-57.4 ppb),1.75
639.1875,Transplant,0.8072783828127205,Q4,Lung,Ozone,46614,46614,40.376057004849514,57.41553692878047,Q4 (40.4-57.4 ppb),1.75
669.625,Death/delisted too sick,0.10813922934535403,Q4,Lung,Ozone,46614,46614,40.376057004849514,57.41553692878047,Q4 (40.4-57.4 ppb),1.8333333333333333
669.625,Transplant,0.8093318718176777,Q4,Lung,Ozone,46614,46614,40.376057004849514,57.41553692878047,Q4 (40.4-57.4 ppb),1.8333333333333333
700.0625,Death/delisted too sick,0.10929872024052364,Q4,Lung,Ozone,46614,46614,40.376057004849514,57.41553692878047,Q4 (40.4-57.4 ppb),1.9166666666666667
700.0625,Transplant,0.8125303059383082,Q4,Lung,Ozone,46614,46614,40.376057004849514,57.41553692878047,Q4 (40.4-57.4 ppb),1.9166666666666667
730.5,Death/delisted too sick,0.11079552326798145,Q4,Lung,Ozone,46614,46614,40.376057004849514,57.41553692878047,Q4 (40.4-57.4 ppb),2
730.5,Transplant,0.8160742702988766,Q4,Lung,Ozone,46614,46614,40.376057004849514,57.41553692878047,Q4 (40.4-57.4 ppb),2
760.9375,Death/delisted too sick,0.11252323865158258,Q4,Lung,Ozone,46614,46614,40.376057004849514,57.41553692878047,Q4 (40.4-57.4 ppb),2.0833333333333335
760.9375,Transplant,0.8184895660032385,Q4,Lung,Ozone,46614,46614,40.376057004849514,57.41553692878047,Q4 (40.4-57.4 ppb),2.0833333333333335
791.375,Death/delisted too sick,0.11336246353707563,Q4,Lung,Ozone,46614,46614,40.376057004849514,57.41553692878047,Q4 (40.4-57.4 ppb),2.1666666666666665
791.375,Transplant,0.8207493031548652,Q4,Lung,Ozone,46614,46614,40.376057004849514,57.41553692878047,Q4 (40.4-57.4 ppb),2.1666666666666665
821.8125,Death/delisted too sick,0.11448283468126288,Q4,Lung,Ozone,46614,46614,40.376057004849514,57.41553692878047,Q4 (40.4-57.4 ppb),2.25
821.8125,Transplant,0.8229482536497713,Q4,Lung,Ozone,46614,46614,40.376057004849514,57.41553692878047,Q4 (40.4-57.4 ppb),2.25
852.25,Death/delisted too sick,0.11525469545306494,Q4,Lung,Ozone,46614,46614,40.376057004849514,57.41553692878047,Q4 (40.4-57.4 ppb),2.3333333333333335
852.25,Transplant,0.8257064727116115,Q4,Lung,Ozone,46614,46614,40.376057004849514,57.41553692878047,Q4 (40.4-57.4 ppb),2.3333333333333335
882.6875,Death/delisted too sick,0.1160991014501989,Q4,Lung,Ozone,46614,46614,40.376057004849514,57.41553692878047,Q4 (40.4-57.4 ppb),2.4166666666666665
882.6875,Transplant,0.8278994306934108,Q4,Lung,Ozone,46614,46614,40.376057004849514,57.41553692878047,Q4 (40.4-57.4 ppb),2.4166666666666665
913.125,Death/delisted too sick,0.11654097727728943,Q4,Lung,Ozone,46614,46614,40.376057004849514,57.41553692878047,Q4 (40.4-57.4 ppb),2.5
913.125,Transplant,0.8296003774359222,Q4,Lung,Ozone,46614,46614,40.376057004849514,57.41553692878047,Q4 (40.4-57.4 ppb),2.5
943.5625,Death/delisted too sick,0.11709990080859842,Q4,Lung,Ozone,46614,46614,40.376057004849514,57.41553692878047,Q4 (40.4-57.4 ppb),2.5833333333333335
943.5625,Transplant,0.8309921487764692,Q4,Lung,Ozone,46614,46614,40.376057004849514,57.41553692878047,Q4 (40.4-57.4 ppb),2.5833333333333335
974,Death/delisted too sick,0.11769000733235327,Q4,Lung,Ozone,46614,46614,40.376057004849514,57.41553692878047,Q4 (40.4-57.4 ppb),2.6666666666666665
974,Transplant,0.8318460545824318,Q4,Lung,Ozone,46614,46614,40.376057004849514,57.41553692878047,Q4 (40.4-57.4 ppb),2.6666666666666665
1004.4375,Death/delisted too sick,0.11820854779157612,Q4,Lung,Ozone,46614,46614,40.376057004849514,57.41553692878047,Q4 (40.4-57.4 ppb),2.75
1004.4375,Transplant,0.8338653908356559,Q4,Lung,Ozone,46614,46614,40.376057004849514,57.41553692878047,Q4 (40.4-57.4 ppb),2.75
1034.875,Death/delisted too sick,0.11966323331244551,Q4,Lung,Ozone,46614,46614,40.376057004849514,57.41553692878047,Q4 (40.4-57.4 ppb),2.8333333333333335
1034.875,Transplant,0.8348758497678,Q4,Lung,Ozone,46614,46614,40.376057004849514,57.41553692878047,Q4 (40.4-57.4 ppb),2.8333333333333335
1065.3125,Death/delisted too sick,0.12022794735196277,Q4,Lung,Ozone,46614,46614,40.376057004849514,57.41553692878047,Q4 (40.4-57.4 ppb),2.9166666666666665
1065.3125,Transplant,0.8356709717469779,Q4,Lung,Ozone,46614,46614,40.376057004849514,57.41553692878047,Q4 (40.4-57.4 ppb),2.9166666666666665
1095.75,Death/delisted too sick,0.12081094637719558,Q4,Lung,Ozone,46614,46614,40.376057004849514,57.41553692878047,Q4 (40.4-57.4 ppb),3
1095.75,Transplant,0.8371315652208079,Q4,Lung,Ozone,46614,46614,40.376057004849514,57.41553692878047,Q4 (40.4-57.4 ppb),3
1126.1875,Death/delisted too sick,0.12096407242541578,Q4,Lung,Ozone,46614,46614,40.376057004849514,57.41553692878047,Q4 (40.4-57.4 ppb),3.0833333333333335
1126.1875,Transplant,0.8387232885854154,Q4,Lung,Ozone,46614,46614,40.376057004849514,57.41553692878047,Q4 (40.4-57.4 ppb),3.0833333333333335
1156.625,Death/delisted too sick,0.121729608681478,Q4,Lung,Ozone,46614,46614,40.376057004849514,57.41553692878047,Q4 (40.4-57.4 ppb),3.1666666666666665
1156.625,Transplant,0.83984975510641,Q4,Lung,Ozone,46614,46614,40.376057004849514,57.41553692878047,Q4 (40.4-57.4 ppb),3.1666666666666665
1187.0625,Death/delisted too sick,0.12234303032047472,Q4,Lung,Ozone,46614,46614,40.376057004849514,57.41553692878047,Q4 (40.4-57.4 ppb),3.25
1187.0625,Transplant,0.8403347374257336,Q4,Lung,Ozone,46614,46614,40.376057004849514,57.41553692878047,Q4 (40.4-57.4 ppb),3.25
1217.5,Death/delisted too sick,0.12264382392119343,Q4,Lung,Ozone,46614,46614,40.376057004849514,57.41553692878047,Q4 (40.4-57.4 ppb),3.3333333333333335
1217.5,Transplant,0.8413953742827732,Q4,Lung,Ozone,46614,46614,40.376057004849514,57.41553692878047,Q4 (40.4-57.4 ppb),3.3333333333333335
1247.9375,Death/delisted too sick,0.1230082829353693,Q4,Lung,Ozone,46614,46614,40.376057004849514,57.41553692878047,Q4 (40.4-57.4 ppb),3.4166666666666665
1247.9375,Transplant,0.8423923641173774,Q4,Lung,Ozone,46614,46614,40.376057004849514,57.41553692878047,Q4 (40.4-57.4 ppb),3.4166666666666665
1278.375,Death/delisted too sick,0.12346619835985971,Q4,Lung,Ozone,46614,46614,40.376057004849514,57.41553692878047,Q4 (40.4-57.4 ppb),3.5
1278.375,Transplant,0.8435534712387899,Q4,Lung,Ozone,46614,46614,40.376057004849514,57.41553692878047,Q4 (40.4-57.4 ppb),3.5
1308.8125,Death/delisted too sick,0.12346619835985971,Q4,Lung,Ozone,46614,46614,40.376057004849514,57.41553692878047,Q4 (40.4-57.4 ppb),3.5833333333333335
1308.8125,Transplant,0.8445792390916388,Q4,Lung,Ozone,46614,46614,40.376057004849514,57.41553692878047,Q4 (40.4-57.4 ppb),3.5833333333333335
1339.25,Death/delisted too sick,0.12376456705566564,Q4,Lung,Ozone,46614,46614,40.376057004849514,57.41553692878047,Q4 (40.4-57.4 ppb),3.6666666666666665
1339.25,Transplant,0.8459353600460716,Q4,Lung,Ozone,46614,46614,40.376057004849514,57.41553692878047,Q4 (40.4-57.4 ppb),3.6666666666666665
1369.6875,Death/delisted too sick,0.12418939477645954,Q4,Lung,Ozone,46614,46614,40.376057004849514,57.41553692878047,Q4 (40.4-57.4 ppb),3.75
1369.6875,Transplant,0.8468078519869568,Q4,Lung,Ozone,46614,46614,40.376057004849514,57.41553692878047,Q4 (40.4-57.4 ppb),3.75
1400.125,Death/delisted too sick,0.12466338394721062,Q4,Lung,Ozone,46614,46614,40.376057004849514,57.41553692878047,Q4 (40.4-57.4 ppb),3.8333333333333335
1400.125,Transplant,0.8473974013623159,Q4,Lung,Ozone,46614,46614,40.376057004849514,57.41553692878047,Q4 (40.4-57.4 ppb),3.8333333333333335
1430.5625,Death/delisted too sick,0.12485065898632088,Q4,Lung,Ozone,46614,46614,40.376057004849514,57.41553692878047,Q4 (40.4-57.4 ppb),3.9166666666666665
1430.5625,Transplant,0.8480400877892509,Q4,Lung,Ozone,46614,46614,40.376057004849514,57.41553692878047,Q4 (40.4-57.4 ppb),3.9166666666666665
1461,Death/delisted too sick,0.1249506817970392,Q4,Lung,Ozone,46614,46614,40.376057004849514,57.41553692878047,Q4 (40.4-57.4 ppb),4
1461,Transplant,0.8485987488008543,Q4,Lung,Ozone,46614,46614,40.376057004849514,57.41553692878047,Q4 (40.4-57.4 ppb),4
1491.4375,Death/delisted too sick,0.12594362978725485,Q4,Lung,Ozone,46614,46614,40.376057004849514,57.41553692878047,Q4 (40.4-57.4 ppb),4.083333333333333
1491.4375,Transplant,0.849703271635628,Q4,Lung,Ozone,46614,46614,40.376057004849514,57.41553692878047,Q4 (40.4-57.4 ppb),4.083333333333333
1521.875,Death/delisted too sick,0.12617995046854358,Q4,Lung,Ozone,46614,46614,40.376057004849514,57.41553692878047,Q4 (40.4-57.4 ppb),4.166666666666667
1521.875,Transplant,0.8498830579441818,Q4,Lung,Ozone,46614,46614,40.376057004849514,57.41553692878047,Q4 (40.4-57.4 ppb),4.166666666666667
1552.3125,Death/delisted too sick,0.1264010190287986,Q4,Lung,Ozone,46614,46614,40.376057004849514,57.41553692878047,Q4 (40.4-57.4 ppb),4.25
1552.3125,Transplant,0.8503759081488765,Q4,Lung,Ozone,46614,46614,40.376057004849514,57.41553692878047,Q4 (40.4-57.4 ppb),4.25
1582.75,Death/delisted too sick,0.12659991616016153,Q4,Lung,Ozone,46614,46614,40.376057004849514,57.41553692878047,Q4 (40.4-57.4 ppb),4.333333333333333
1582.75,Transplant,0.8505439212529536,Q4,Lung,Ozone,46614,46614,40.376057004849514,57.41553692878047,Q4 (40.4-57.4 ppb),4.333333333333333
1613.1875,Death/delisted too sick,0.12671176500758932,Q4,Lung,Ozone,46614,46614,40.376057004849514,57.41553692878047,Q4 (40.4-57.4 ppb),4.416666666666667
1613.1875,Transplant,0.8514927936374742,Q4,Lung,Ozone,46614,46614,40.376057004849514,57.41553692878047,Q4 (40.4-57.4 ppb),4.416666666666667
1643.625,Death/delisted too sick,0.1269368858811532,Q4,Lung,Ozone,46614,46614,40.376057004849514,57.41553692878047,Q4 (40.4-57.4 ppb),4.5
1643.625,Transplant,0.8526013652221484,Q4,Lung,Ozone,46614,46614,40.376057004849514,57.41553692878047,Q4 (40.4-57.4 ppb),4.5
1674.0625,Death/delisted too sick,0.1269368858811532,Q4,Lung,Ozone,46614,46614,40.376057004849514,57.41553692878047,Q4 (40.4-57.4 ppb),4.583333333333333
1674.0625,Transplant,0.8530852422010741,Q4,Lung,Ozone,46614,46614,40.376057004849514,57.41553692878047,Q4 (40.4-57.4 ppb),4.583333333333333
1704.5,Death/delisted too sick,0.1271870788119476,Q4,Lung,Ozone,46614,46614,40.376057004849514,57.41553692878047,Q4 (40.4-57.4 ppb),4.666666666666667
1704.5,Transplant,0.8530852422010741,Q4,Lung,Ozone,46614,46614,40.376057004849514,57.41553692878047,Q4 (40.4-57.4 ppb),4.666666666666667
1734.9375,Death/delisted too sick,0.12728886627243047,Q4,Lung,Ozone,46614,46614,40.376057004849514,57.41553692878047,Q4 (40.4-57.4 ppb),4.75
1734.9375,Transplant,0.8538681120331288,Q4,Lung,Ozone,46614,46614,40.376057004849514,57.41553692878047,Q4 (40.4-57.4 ppb),4.75
1765.375,Death/delisted too sick,0.12728886627243047,Q4,Lung,Ozone,46614,46614,40.376057004849514,57.41553692878047,Q4 (40.4-57.4 ppb),4.833333333333333
1765.375,Transplant,0.8551199138668559,Q4,Lung,Ozone,46614,46614,40.376057004849514,57.41553692878047,Q4 (40.4-57.4 ppb),4.833333333333333
1795.8125,Death/delisted too sick,0.12728886627243047,Q4,Lung,Ozone,46614,46614,40.376057004849514,57.41553692878047,Q4 (40.4-57.4 ppb),4.916666666666667
1795.8125,Transplant,0.8558352901919303,Q4,Lung,Ozone,46614,46614,40.376057004849514,57.41553692878047,Q4 (40.4-57.4 ppb),4.916666666666667
1826.25,Death/delisted too sick,0.1274551647746947,Q4,Lung,Ozone,46614,46614,40.376057004849514,57.41553692878047,Q4 (40.4-57.4 ppb),5
1826.25,Transplant,0.8561289009280919,Q4,Lung,Ozone,46614,46614,40.376057004849514,57.41553692878047,Q4 (40.4-57.4 ppb),5
0,Death/delisted too sick,0,Q1,Heart,NO2,73497,73497,0.233840116012244,4.84919106960297,Q1 (0.2-4.8 units),0
0,Transplant,0,Q1,Heart,NO2,73497,73497,0.233840116012244,4.84919106960297,Q1 (0.2-4.8 units),0
30.4375,Death/delisted too sick,0.03393057218604653,Q1,Heart,NO2,73497,73497,0.233840116012244,4.84919106960297,Q1 (0.2-4.8 units),0.08333333333333333
30.4375,Transplant,0.255601708652891,Q1,Heart,NO2,73497,73497,0.233840116012244,4.84919106960297,Q1 (0.2-4.8 units),0.08333333333333333
60.875,Death/delisted too sick,0.05521343695333018,Q1,Heart,NO2,73497,73497,0.233840116012244,4.84919106960297,Q1 (0.2-4.8 units),0.16666666666666666
60.875,Transplant,0.35152218185945616,Q1,Heart,NO2,73497,73497,0.233840116012244,4.84919106960297,Q1 (0.2-4.8 units),0.16666666666666666
91.3125,Death/delisted too sick,0.06646134619354757,Q1,Heart,NO2,73497,73497,0.233840116012244,4.84919106960297,Q1 (0.2-4.8 units),0.25
91.3125,Transplant,0.4117412910847842,Q1,Heart,NO2,73497,73497,0.233840116012244,4.84919106960297,Q1 (0.2-4.8 units),0.25
121.75,Death/delisted too sick,0.0750294483884805,Q1,Heart,NO2,73497,73497,0.233840116012244,4.84919106960297,Q1 (0.2-4.8 units),0.3333333333333333
121.75,Transplant,0.45849074918068977,Q1,Heart,NO2,73497,73497,0.233840116012244,4.84919106960297,Q1 (0.2-4.8 units),0.3333333333333333
152.1875,Death/delisted too sick,0.08049150545583994,Q1,Heart,NO2,73497,73497,0.233840116012244,4.84919106960297,Q1 (0.2-4.8 units),0.4166666666666667
152.1875,Transplant,0.49508799186648755,Q1,Heart,NO2,73497,73497,0.233840116012244,4.84919106960297,Q1 (0.2-4.8 units),0.4166666666666667
182.625,Death/delisted too sick,0.08449535670253434,Q1,Heart,NO2,73497,73497,0.233840116012244,4.84919106960297,Q1 (0.2-4.8 units),0.5
182.625,Transplant,0.521246322445173,Q1,Heart,NO2,73497,73497,0.233840116012244,4.84919106960297,Q1 (0.2-4.8 units),0.5
213.0625,Death/delisted too sick,0.08893016560099631,Q1,Heart,NO2,73497,73497,0.233840116012244,4.84919106960297,Q1 (0.2-4.8 units),0.5833333333333334
213.0625,Transplant,0.5455782086158845,Q1,Heart,NO2,73497,73497,0.233840116012244,4.84919106960297,Q1 (0.2-4.8 units),0.5833333333333334
243.5,Death/delisted too sick,0.09219860408392647,Q1,Heart,NO2,73497,73497,0.233840116012244,4.84919106960297,Q1 (0.2-4.8 units),0.6666666666666666
243.5,Transplant,0.5655888283928645,Q1,Heart,NO2,73497,73497,0.233840116012244,4.84919106960297,Q1 (0.2-4.8 units),0.6666666666666666
273.9375,Death/delisted too sick,0.09566109720446701,Q1,Heart,NO2,73497,73497,0.233840116012244,4.84919106960297,Q1 (0.2-4.8 units),0.75
273.9375,Transplant,0.5834827624776693,Q1,Heart,NO2,73497,73497,0.233840116012244,4.84919106960297,Q1 (0.2-4.8 units),0.75
304.375,Death/delisted too sick,0.09865125277670327,Q1,Heart,NO2,73497,73497,0.233840116012244,4.84919106960297,Q1 (0.2-4.8 units),0.8333333333333334
304.375,Transplant,0.6030013382868419,Q1,Heart,NO2,73497,73497,0.233840116012244,4.84919106960297,Q1 (0.2-4.8 units),0.8333333333333334
334.8125,Death/delisted too sick,0.10084989099973604,Q1,Heart,NO2,73497,73497,0.233840116012244,4.84919106960297,Q1 (0.2-4.8 units),0.9166666666666666
334.8125,Transplant,0.618307990287675,Q1,Heart,NO2,73497,73497,0.233840116012244,4.84919106960297,Q1 (0.2-4.8 units),0.9166666666666666
365.25,Death/delisted too sick,0.10330648444705073,Q1,Heart,NO2,73497,73497,0.233840116012244,4.84919106960297,Q1 (0.2-4.8 units),1
365.25,Transplant,0.6296688314189308,Q1,Heart,NO2,73497,73497,0.233840116012244,4.84919106960297,Q1 (0.2-4.8 units),1
395.6875,Death/delisted too sick,0.10579223257962461,Q1,Heart,NO2,73497,73497,0.233840116012244,4.84919106960297,Q1 (0.2-4.8 units),1.0833333333333333
395.6875,Transplant,0.6389875492234434,Q1,Heart,NO2,73497,73497,0.233840116012244,4.84919106960297,Q1 (0.2-4.8 units),1.0833333333333333
426.125,Death/delisted too sick,0.10726898070004162,Q1,Heart,NO2,73497,73497,0.233840116012244,4.84919106960297,Q1 (0.2-4.8 units),1.1666666666666667
426.125,Transplant,0.6489583905419007,Q1,Heart,NO2,73497,73497,0.233840116012244,4.84919106960297,Q1 (0.2-4.8 units),1.1666666666666667
456.5625,Death/delisted too sick,0.10924762571300255,Q1,Heart,NO2,73497,73497,0.233840116012244,4.84919106960297,Q1 (0.2-4.8 units),1.25
456.5625,Transplant,0.6563847636348681,Q1,Heart,NO2,73497,73497,0.233840116012244,4.84919106960297,Q1 (0.2-4.8 units),1.25
487,Death/delisted too sick,0.11061756301645831,Q1,Heart,NO2,73497,73497,0.233840116012244,4.84919106960297,Q1 (0.2-4.8 units),1.3333333333333333
487,Transplant,0.667647207626215,Q1,Heart,NO2,73497,73497,0.233840116012244,4.84919106960297,Q1 (0.2-4.8 units),1.3333333333333333
517.4375,Death/delisted too sick,0.11348830048898376,Q1,Heart,NO2,73497,73497,0.233840116012244,4.84919106960297,Q1 (0.2-4.8 units),1.4166666666666667
517.4375,Transplant,0.6759320380702764,Q1,Heart,NO2,73497,73497,0.233840116012244,4.84919106960297,Q1 (0.2-4.8 units),1.4166666666666667
547.875,Death/delisted too sick,0.11525840302146739,Q1,Heart,NO2,73497,73497,0.233840116012244,4.84919106960297,Q1 (0.2-4.8 units),1.5
547.875,Transplant,0.6841754510600486,Q1,Heart,NO2,73497,73497,0.233840116012244,4.84919106960297,Q1 (0.2-4.8 units),1.5
578.3125,Death/delisted too sick,0.11658187004602767,Q1,Heart,NO2,73497,73497,0.233840116012244,4.84919106960297,Q1 (0.2-4.8 units),1.5833333333333333
578.3125,Transplant,0.6906110445586456,Q1,Heart,NO2,73497,73497,0.233840116012244,4.84919106960297,Q1 (0.2-4.8 units),1.5833333333333333
608.75,Death/delisted too sick,0.11844606334085275,Q1,Heart,NO2,73497,73497,0.233840116012244,4.84919106960297,Q1 (0.2-4.8 units),1.6666666666666667
608.75,Transplant,0.6976074978018512,Q1,Heart,NO2,73497,73497,0.233840116012244,4.84919106960297,Q1 (0.2-4.8 units),1.6666666666666667
639.1875,Death/delisted too sick,0.12008024977446442,Q1,Heart,NO2,73497,73497,0.233840116012244,4.84919106960297,Q1 (0.2-4.8 units),1.75
639.1875,Transplant,0.7024414168914376,Q1,Heart,NO2,73497,73497,0.233840116012244,4.84919106960297,Q1 (0.2-4.8 units),1.75
669.625,Death/delisted too sick,0.1216452734896732,Q1,Heart,NO2,73497,73497,0.233840116012244,4.84919106960297,Q1 (0.2-4.8 units),1.8333333333333333
669.625,Transplant,0.7102597236372826,Q1,Heart,NO2,73497,73497,0.233840116012244,4.84919106960297,Q1 (0.2-4.8 units),1.8333333333333333
700.0625,Death/delisted too sick,0.12418520834047392,Q1,Heart,NO2,73497,73497,0.233840116012244,4.84919106960297,Q1 (0.2-4.8 units),1.9166666666666667
700.0625,Transplant,0.7151469514416416,Q1,Heart,NO2,73497,73497,0.233840116012244,4.84919106960297,Q1 (0.2-4.8 units),1.9166666666666667
730.5,Death/delisted too sick,0.12526746946661538,Q1,Heart,NO2,73497,73497,0.233840116012244,4.84919106960297,Q1 (0.2-4.8 units),2
730.5,Transplant,0.7192681094173358,Q1,Heart,NO2,73497,73497,0.233840116012244,4.84919106960297,Q1 (0.2-4.8 units),2
760.9375,Death/delisted too sick,0.12698986067249077,Q1,Heart,NO2,73497,73497,0.233840116012244,4.84919106960297,Q1 (0.2-4.8 units),2.0833333333333335
760.9375,Transplant,0.7226284662923987,Q1,Heart,NO2,73497,73497,0.233840116012244,4.84919106960297,Q1 (0.2-4.8 units),2.0833333333333335
791.375,Death/delisted too sick,0.12811704620424497,Q1,Heart,NO2,73497,73497,0.233840116012244,4.84919106960297,Q1 (0.2-4.8 units),2.1666666666666665
791.375,Transplant,0.7264795306899633,Q1,Heart,NO2,73497,73497,0.233840116012244,4.84919106960297,Q1 (0.2-4.8 units),2.1666666666666665
821.8125,Death/delisted too sick,0.12921442253753418,Q1,Heart,NO2,73497,73497,0.233840116012244,4.84919106960297,Q1 (0.2-4.8 units),2.25
821.8125,Transplant,0.7297553618137823,Q1,Heart,NO2,73497,73497,0.233840116012244,4.84919106960297,Q1 (0.2-4.8 units),2.25
852.25,Death/delisted too sick,0.1306741300849038,Q1,Heart,NO2,73497,73497,0.233840116012244,4.84919106960297,Q1 (0.2-4.8 units),2.3333333333333335
852.25,Transplant,0.7328386449748187,Q1,Heart,NO2,73497,73497,0.233840116012244,4.84919106960297,Q1 (0.2-4.8 units),2.3333333333333335
882.6875,Death/delisted too sick,0.13165021315093178,Q1,Heart,NO2,73497,73497,0.233840116012244,4.84919106960297,Q1 (0.2-4.8 units),2.4166666666666665
882.6875,Transplant,0.7355038508225962,Q1,Heart,NO2,73497,73497,0.233840116012244,4.84919106960297,Q1 (0.2-4.8 units),2.4166666666666665
913.125,Death/delisted too sick,0.13198667211304302,Q1,Heart,NO2,73497,73497,0.233840116012244,4.84919106960297,Q1 (0.2-4.8 units),2.5
913.125,Transplant,0.7378100080952111,Q1,Heart,NO2,73497,73497,0.233840116012244,4.84919106960297,Q1 (0.2-4.8 units),2.5
943.5625,Death/delisted too sick,0.13288619985174088,Q1,Heart,NO2,73497,73497,0.233840116012244,4.84919106960297,Q1 (0.2-4.8 units),2.5833333333333335
943.5625,Transplant,0.7404234346769828,Q1,Heart,NO2,73497,73497,0.233840116012244,4.84919106960297,Q1 (0.2-4.8 units),2.5833333333333335
974,Death/delisted too sick,0.13419736610078653,Q1,Heart,NO2,73497,73497,0.233840116012244,4.84919106960297,Q1 (0.2-4.8 units),2.6666666666666665
974,Transplant,0.7434275777225094,Q1,Heart,NO2,73497,73497,0.233840116012244,4.84919106960297,Q1 (0.2-4.8 units),2.6666666666666665
1004.4375,Death/delisted too sick,0.13507882000315055,Q1,Heart,NO2,73497,73497,0.233840116012244,4.84919106960297,Q1 (0.2-4.8 units),2.75
1004.4375,Transplant,0.7459529735357289,Q1,Heart,NO2,73497,73497,0.233840116012244,4.84919106960297,Q1 (0.2-4.8 units),2.75
1034.875,Death/delisted too sick,0.13675098301970787,Q1,Heart,NO2,73497,73497,0.233840116012244,4.84919106960297,Q1 (0.2-4.8 units),2.8333333333333335
1034.875,Transplant,0.7474516254648087,Q1,Heart,NO2,73497,73497,0.233840116012244,4.84919106960297,Q1 (0.2-4.8 units),2.8333333333333335
1065.3125,Death/delisted too sick,0.13738856665982316,Q1,Heart,NO2,73497,73497,0.233840116012244,4.84919106960297,Q1 (0.2-4.8 units),2.9166666666666665
1065.3125,Transplant,0.7502568874116277,Q1,Heart,NO2,73497,73497,0.233840116012244,4.84919106960297,Q1 (0.2-4.8 units),2.9166666666666665
1095.75,Death/delisted too sick,0.1385167809248468,Q1,Heart,NO2,73497,73497,0.233840116012244,4.84919106960297,Q1 (0.2-4.8 units),3
1095.75,Transplant,0.7535600194257992,Q1,Heart,NO2,73497,73497,0.233840116012244,4.84919106960297,Q1 (0.2-4.8 units),3
1126.1875,Death/delisted too sick,0.13943712387416948,Q1,Heart,NO2,73497,73497,0.233840116012244,4.84919106960297,Q1 (0.2-4.8 units),3.0833333333333335
1126.1875,Transplant,0.7562807534143925,Q1,Heart,NO2,73497,73497,0.233840116012244,4.84919106960297,Q1 (0.2-4.8 units),3.0833333333333335
1156.625,Death/delisted too sick,0.14078583665812971,Q1,Heart,NO2,73497,73497,0.233840116012244,4.84919106960297,Q1 (0.2-4.8 units),3.1666666666666665
1156.625,Transplant,0.7597945537670613,Q1,Heart,NO2,73497,73497,0.233840116012244,4.84919106960297,Q1 (0.2-4.8 units),3.1666666666666665
1187.0625,Death/delisted too sick,0.14113708998070257,Q1,Heart,NO2,73497,73497,0.233840116012244,4.84919106960297,Q1 (0.2-4.8 units),3.25
1187.0625,Transplant,0.760770439063143,Q1,Heart,NO2,73497,73497,0.233840116012244,4.84919106960297,Q1 (0.2-4.8 units),3.25
1217.5,Death/delisted too sick,0.14166282299721034,Q1,Heart,NO2,73497,73497,0.233840116012244,4.84919106960297,Q1 (0.2-4.8 units),3.3333333333333335
1217.5,Transplant,0.7622240237446047,Q1,Heart,NO2,73497,73497,0.233840116012244,4.84919106960297,Q1 (0.2-4.8 units),3.3333333333333335
1247.9375,Death/delisted too sick,0.14245023470090334,Q1,Heart,NO2,73497,73497,0.233840116012244,4.84919106960297,Q1 (0.2-4.8 units),3.4166666666666665
1247.9375,Transplant,0.7637625982513021,Q1,Heart,NO2,73497,73497,0.233840116012244,4.84919106960297,Q1 (0.2-4.8 units),3.4166666666666665
1278.375,Death/delisted too sick,0.143532982213305,Q1,Heart,NO2,73497,73497,0.233840116012244,4.84919106960297,Q1 (0.2-4.8 units),3.5
1278.375,Transplant,0.7653846781280669,Q1,Heart,NO2,73497,73497,0.233840116012244,4.84919106960297,Q1 (0.2-4.8 units),3.5
1308.8125,Death/delisted too sick,0.14396137038020265,Q1,Heart,NO2,73497,73497,0.233840116012244,4.84919106960297,Q1 (0.2-4.8 units),3.5833333333333335
1308.8125,Transplant,0.7664690320050072,Q1,Heart,NO2,73497,73497,0.233840116012244,4.84919106960297,Q1 (0.2-4.8 units),3.5833333333333335
1339.25,Death/delisted too sick,0.14451138902941618,Q1,Heart,NO2,73497,73497,0.233840116012244,4.84919106960297,Q1 (0.2-4.8 units),3.6666666666666665
1339.25,Transplant,0.7679273847443341,Q1,Heart,NO2,73497,73497,0.233840116012244,4.84919106960297,Q1 (0.2-4.8 units),3.6666666666666665
1369.6875,Death/delisted too sick,0.14515364315021004,Q1,Heart,NO2,73497,73497,0.233840116012244,4.84919106960297,Q1 (0.2-4.8 units),3.75
1369.6875,Transplant,0.7694088588897792,Q1,Heart,NO2,73497,73497,0.233840116012244,4.84919106960297,Q1 (0.2-4.8 units),3.75
1400.125,Death/delisted too sick,0.14547381433321538,Q1,Heart,NO2,73497,73497,0.233840116012244,4.84919106960297,Q1 (0.2-4.8 units),3.8333333333333335
1400.125,Transplant,0.7704508799247486,Q1,Heart,NO2,73497,73497,0.233840116012244,4.84919106960297,Q1 (0.2-4.8 units),3.8333333333333335
1430.5625,Death/delisted too sick,0.14602334605839248,Q1,Heart,NO2,73497,73497,0.233840116012244,4.84919106960297,Q1 (0.2-4.8 units),3.9166666666666665
1430.5625,Transplant,0.771995125722423,Q1,Heart,NO2,73497,73497,0.233840116012244,4.84919106960297,Q1 (0.2-4.8 units),3.9166666666666665
1461,Death/delisted too sick,0.1466209964627974,Q1,Heart,NO2,73497,73497,0.233840116012244,4.84919106960297,Q1 (0.2-4.8 units),4
1461,Transplant,0.7728283196735506,Q1,Heart,NO2,73497,73497,0.233840116012244,4.84919106960297,Q1 (0.2-4.8 units),4
1491.4375,Death/delisted too sick,0.14774694240235067,Q1,Heart,NO2,73497,73497,0.233840116012244,4.84919106960297,Q1 (0.2-4.8 units),4.083333333333333
1491.4375,Transplant,0.7737548874616622,Q1,Heart,NO2,73497,73497,0.233840116012244,4.84919106960297,Q1 (0.2-4.8 units),4.083333333333333
1521.875,Death/delisted too sick,0.1478789299131993,Q1,Heart,NO2,73497,73497,0.233840116012244,4.84919106960297,Q1 (0.2-4.8 units),4.166666666666667
1521.875,Transplant,0.7750246312855754,Q1,Heart,NO2,73497,73497,0.233840116012244,4.84919106960297,Q1 (0.2-4.8 units),4.166666666666667
1552.3125,Death/delisted too sick,0.1505595761964181,Q1,Heart,NO2,73497,73497,0.233840116012244,4.84919106960297,Q1 (0.2-4.8 units),4.25
1552.3125,Transplant,0.7766857577923496,Q1,Heart,NO2,73497,73497,0.233840116012244,4.84919106960297,Q1 (0.2-4.8 units),4.25
1582.75,Death/delisted too sick,0.1509581665890748,Q1,Heart,NO2,73497,73497,0.233840116012244,4.84919106960297,Q1 (0.2-4.8 units),4.333333333333333
1582.75,Transplant,0.7780558374248722,Q1,Heart,NO2,73497,73497,0.233840116012244,4.84919106960297,Q1 (0.2-4.8 units),4.333333333333333
1613.1875,Death/delisted too sick,0.15101163450351138,Q1,Heart,NO2,73497,73497,0.233840116012244,4.84919106960297,Q1 (0.2-4.8 units),4.416666666666667
1613.1875,Transplant,0.7799482505451327,Q1,Heart,NO2,73497,73497,0.233840116012244,4.84919106960297,Q1 (0.2-4.8 units),4.416666666666667
1643.625,Death/delisted too sick,0.15115072751378267,Q1,Heart,NO2,73497,73497,0.233840116012244,4.84919106960297,Q1 (0.2-4.8 units),4.5
1643.625,Transplant,0.7819821690174497,Q1,Heart,NO2,73497,73497,0.233840116012244,4.84919106960297,Q1 (0.2-4.8 units),4.5
1674.0625,Death/delisted too sick,0.15179203357073054,Q1,Heart,NO2,73497,73497,0.233840116012244,4.84919106960297,Q1 (0.2-4.8 units),4.583333333333333
1674.0625,Transplant,0.7827834271348708,Q1,Heart,NO2,73497,73497,0.233840116012244,4.84919106960297,Q1 (0.2-4.8 units),4.583333333333333
1704.5,Death/delisted too sick,0.15214442186726707,Q1,Heart,NO2,73497,73497,0.233840116012244,4.84919106960297,Q1 (0.2-4.8 units),4.666666666666667
1704.5,Transplant,0.7847108062802612,Q1,Heart,NO2,73497,73497,0.233840116012244,4.84919106960297,Q1 (0.2-4.8 units),4.666666666666667
1734.9375,Death/delisted too sick,0.1541328492326145,Q1,Heart,NO2,73497,73497,0.233840116012244,4.84919106960297,Q1 (0.2-4.8 units),4.75
1734.9375,Transplant,0.7851873331471417,Q1,Heart,NO2,73497,73497,0.233840116012244,4.84919106960297,Q1 (0.2-4.8 units),4.75
1765.375,Death/delisted too sick,0.15515424257405558,Q1,Heart,NO2,73497,73497,0.233840116012244,4.84919106960297,Q1 (0.2-4.8 units),4.833333333333333
1765.375,Transplant,0.7866013936540821,Q1,Heart,NO2,73497,73497,0.233840116012244,4.84919106960297,Q1 (0.2-4.8 units),4.833333333333333
1795.8125,Death/delisted too sick,0.15533783480860405,Q1,Heart,NO2,73497,73497,0.233840116012244,4.84919106960297,Q1 (0.2-4.8 units),4.916666666666667
1795.8125,Transplant,0.7873848459911041,Q1,Heart,NO2,73497,73497,0.233840116012244,4.84919106960297,Q1 (0.2-4.8 units),4.916666666666667
1826.25,Death/delisted too sick,0.15596569066037333,Q1,Heart,NO2,73497,73497,0.233840116012244,4.84919106960297,Q1 (0.2-4.8 units),5
1826.25,Transplant,0.7883145894592655,Q1,Heart,NO2,73497,73497,0.233840116012244,4.84919106960297,Q1 (0.2-4.8 units),5
0,Death/delisted too sick,0,Q2,Heart,NO2,73497,73497,4.84935953812813,7.67002331359046,Q2 (4.8-7.7 units),0
0,Transplant,0,Q2,Heart,NO2,73497,73497,4.84935953812813,7.67002331359046,Q2 (4.8-7.7 units),0
30.4375,Death/delisted too sick,0.035046887515959434,Q2,Heart,NO2,73497,73497,4.84935953812813,7.67002331359046,Q2 (4.8-7.7 units),0.08333333333333333
30.4375,Transplant,0.24695062468228748,Q2,Heart,NO2,73497,73497,4.84935953812813,7.67002331359046,Q2 (4.8-7.7 units),0.08333333333333333
60.875,Death/delisted too sick,0.052460615292518505,Q2,Heart,NO2,73497,73497,4.84935953812813,7.67002331359046,Q2 (4.8-7.7 units),0.16666666666666666
60.875,Transplant,0.3485071866793714,Q2,Heart,NO2,73497,73497,4.84935953812813,7.67002331359046,Q2 (4.8-7.7 units),0.16666666666666666
91.3125,Death/delisted too sick,0.06299364219564728,Q2,Heart,NO2,73497,73497,4.84935953812813,7.67002331359046,Q2 (4.8-7.7 units),0.25
91.3125,Transplant,0.41015640981913193,Q2,Heart,NO2,73497,73497,4.84935953812813,7.67002331359046,Q2 (4.8-7.7 units),0.25
121.75,Death/delisted too sick,0.07127585554075778,Q2,Heart,NO2,73497,73497,4.84935953812813,7.67002331359046,Q2 (4.8-7.7 units),0.3333333333333333
121.75,Transplant,0.4552679350473359,Q2,Heart,NO2,73497,73497,4.84935953812813,7.67002331359046,Q2 (4.8-7.7 units),0.3333333333333333
152.1875,Death/delisted too sick,0.07699768781505478,Q2,Heart,NO2,73497,73497,4.84935953812813,7.67002331359046,Q2 (4.8-7.7 units),0.4166666666666667
152.1875,Transplant,0.49136161885674734,Q2,Heart,NO2,73497,73497,4.84935953812813,7.67002331359046,Q2 (4.8-7.7 units),0.4166666666666667
182.625,Death/delisted too sick,0.08200372191806121,Q2,Heart,NO2,73497,73497,4.84935953812813,7.67002331359046,Q2 (4.8-7.7 units),0.5
182.625,Transplant,0.5192651002790196,Q2,Heart,NO2,73497,73497,4.84935953812813,7.67002331359046,Q2 (4.8-7.7 units),0.5
213.0625,Death/delisted too sick,0.08611560277660689,Q2,Heart,NO2,73497,73497,4.84935953812813,7.67002331359046,Q2 (4.8-7.7 units),0.5833333333333334
213.0625,Transplant,0.5445599371629426,Q2,Heart,NO2,73497,73497,4.84935953812813,7.67002331359046,Q2 (4.8-7.7 units),0.5833333333333334
243.5,Death/delisted too sick,0.08983877430147115,Q2,Heart,NO2,73497,73497,4.84935953812813,7.67002331359046,Q2 (4.8-7.7 units),0.6666666666666666
243.5,Transplant,0.5653596510600039,Q2,Heart,NO2,73497,73497,4.84935953812813,7.67002331359046,Q2 (4.8-7.7 units),0.6666666666666666
273.9375,Death/delisted too sick,0.09259357416996362,Q2,Heart,NO2,73497,73497,4.84935953812813,7.67002331359046,Q2 (4.8-7.7 units),0.75
273.9375,Transplant,0.5819731368690427,Q2,Heart,NO2,73497,73497,4.84935953812813,7.67002331359046,Q2 (4.8-7.7 units),0.75
304.375,Death/delisted too sick,0.09633426059111141,Q2,Heart,NO2,73497,73497,4.84935953812813,7.67002331359046,Q2 (4.8-7.7 units),0.8333333333333334
304.375,Transplant,0.5996124098824357,Q2,Heart,NO2,73497,73497,4.84935953812813,7.67002331359046,Q2 (4.8-7.7 units),0.8333333333333334
334.8125,Death/delisted too sick,0.09970930900299602,Q2,Heart,NO2,73497,73497,4.84935953812813,7.67002331359046,Q2 (4.8-7.7 units),0.9166666666666666
334.8125,Transplant,0.6129907680279132,Q2,Heart,NO2,73497,73497,4.84935953812813,7.67002331359046,Q2 (4.8-7.7 units),0.9166666666666666
365.25,Death/delisted too sick,0.10224789025273648,Q2,Heart,NO2,73497,73497,4.84935953812813,7.67002331359046,Q2 (4.8-7.7 units),1
365.25,Transplant,0.6264142331157613,Q2,Heart,NO2,73497,73497,4.84935953812813,7.67002331359046,Q2 (4.8-7.7 units),1
395.6875,Death/delisted too sick,0.10478303328608914,Q2,Heart,NO2,73497,73497,4.84935953812813,7.67002331359046,Q2 (4.8-7.7 units),1.0833333333333333
395.6875,Transplant,0.6350257037521194,Q2,Heart,NO2,73497,73497,4.84935953812813,7.67002331359046,Q2 (4.8-7.7 units),1.0833333333333333
426.125,Death/delisted too sick,0.10696375163060447,Q2,Heart,NO2,73497,73497,4.84935953812813,7.67002331359046,Q2 (4.8-7.7 units),1.1666666666666667
426.125,Transplant,0.6438580381242526,Q2,Heart,NO2,73497,73497,4.84935953812813,7.67002331359046,Q2 (4.8-7.7 units),1.1666666666666667
456.5625,Death/delisted too sick,0.10926702579400699,Q2,Heart,NO2,73497,73497,4.84935953812813,7.67002331359046,Q2 (4.8-7.7 units),1.25
456.5625,Transplant,0.6525098532869859,Q2,Heart,NO2,73497,73497,4.84935953812813,7.67002331359046,Q2 (4.8-7.7 units),1.25
487,Death/delisted too sick,0.11049306957244559,Q2,Heart,NO2,73497,73497,4.84935953812813,7.67002331359046,Q2 (4.8-7.7 units),1.3333333333333333
487,Transplant,0.661642658345134,Q2,Heart,NO2,73497,73497,4.84935953812813,7.67002331359046,Q2 (4.8-7.7 units),1.3333333333333333
517.4375,Death/delisted too sick,0.11239934245736438,Q2,Heart,NO2,73497,73497,4.84935953812813,7.67002331359046,Q2 (4.8-7.7 units),1.4166666666666667
517.4375,Transplant,0.6680589595123527,Q2,Heart,NO2,73497,73497,4.84935953812813,7.67002331359046,Q2 (4.8-7.7 units),1.4166666666666667
547.875,Death/delisted too sick,0.11367919243001594,Q2,Heart,NO2,73497,73497,4.84935953812813,7.67002331359046,Q2 (4.8-7.7 units),1.5
547.875,Transplant,0.6756760351670612,Q2,Heart,NO2,73497,73497,4.84935953812813,7.67002331359046,Q2 (4.8-7.7 units),1.5
578.3125,Death/delisted too sick,0.11488432969610891,Q2,Heart,NO2,73497,73497,4.84935953812813,7.67002331359046,Q2 (4.8-7.7 units),1.5833333333333333
578.3125,Transplant,0.6816169292278386,Q2,Heart,NO2,73497,73497,4.84935953812813,7.67002331359046,Q2 (4.8-7.7 units),1.5833333333333333
608.75,Death/delisted too sick,0.11649102268890717,Q2,Heart,NO2,73497,73497,4.84935953812813,7.67002331359046,Q2 (4.8-7.7 units),1.6666666666666667
608.75,Transplant,0.687489960704539,Q2,Heart,NO2,73497,73497,4.84935953812813,7.67002331359046,Q2 (4.8-7.7 units),1.6666666666666667
639.1875,Death/delisted too sick,0.11756067802044644,Q2,Heart,NO2,73497,73497,4.84935953812813,7.67002331359046,Q2 (4.8-7.7 units),1.75
639.1875,Transplant,0.6936525060128793,Q2,Heart,NO2,73497,73497,4.84935953812813,7.67002331359046,Q2 (4.8-7.7 units),1.75
669.625,Death/delisted too sick,0.119213242264613,Q2,Heart,NO2,73497,73497,4.84935953812813,7.67002331359046,Q2 (4.8-7.7 units),1.8333333333333333
669.625,Transplant,0.6988038799704069,Q2,Heart,NO2,73497,73497,4.84935953812813,7.67002331359046,Q2 (4.8-7.7 units),1.8333333333333333
700.0625,Death/delisted too sick,0.1210731436376862,Q2,Heart,NO2,73497,73497,4.84935953812813,7.67002331359046,Q2 (4.8-7.7 units),1.9166666666666667
700.0625,Transplant,0.7035278957724787,Q2,Heart,NO2,73497,73497,4.84935953812813,7.67002331359046,Q2 (4.8-7.7 units),1.9166666666666667
730.5,Death/delisted too sick,0.12194758136854951,Q2,Heart,NO2,73497,73497,4.84935953812813,7.67002331359046,Q2 (4.8-7.7 units),2
730.5,Transplant,0.7085934815024656,Q2,Heart,NO2,73497,73497,4.84935953812813,7.67002331359046,Q2 (4.8-7.7 units),2
760.9375,Death/delisted too sick,0.1229170688406781,Q2,Heart,NO2,73497,73497,4.84935953812813,7.67002331359046,Q2 (4.8-7.7 units),2.0833333333333335
760.9375,Transplant,0.7127400116775195,Q2,Heart,NO2,73497,73497,4.84935953812813,7.67002331359046,Q2 (4.8-7.7 units),2.0833333333333335
791.375,Death/delisted too sick,0.12399133423127323,Q2,Heart,NO2,73497,73497,4.84935953812813,7.67002331359046,Q2 (4.8-7.7 units),2.1666666666666665
791.375,Transplant,0.7165121371136911,Q2,Heart,NO2,73497,73497,4.84935953812813,7.67002331359046,Q2 (4.8-7.7 units),2.1666666666666665
821.8125,Death/delisted too sick,0.12530634515245279,Q2,Heart,NO2,73497,73497,4.84935953812813,7.67002331359046,Q2 (4.8-7.7 units),2.25
821.8125,Transplant,0.7207541561353742,Q2,Heart,NO2,73497,73497,4.84935953812813,7.67002331359046,Q2 (4.8-7.7 units),2.25
852.25,Death/delisted too sick,0.12695247790184985,Q2,Heart,NO2,73497,73497,4.84935953812813,7.67002331359046,Q2 (4.8-7.7 units),2.3333333333333335
852.25,Transplant,0.7246578263585092,Q2,Heart,NO2,73497,73497,4.84935953812813,7.67002331359046,Q2 (4.8-7.7 units),2.3333333333333335
882.6875,Death/delisted too sick,0.12814153692638455,Q2,Heart,NO2,73497,73497,4.84935953812813,7.67002331359046,Q2 (4.8-7.7 units),2.4166666666666665
882.6875,Transplant,0.72808460631341,Q2,Heart,NO2,73497,73497,4.84935953812813,7.67002331359046,Q2 (4.8-7.7 units),2.4166666666666665
913.125,Death/delisted too sick,0.12987843336727403,Q2,Heart,NO2,73497,73497,4.84935953812813,7.67002331359046,Q2 (4.8-7.7 units),2.5
913.125,Transplant,0.7314907492283165,Q2,Heart,NO2,73497,73497,4.84935953812813,7.67002331359046,Q2 (4.8-7.7 units),2.5
943.5625,Death/delisted too sick,0.13144174074417975,Q2,Heart,NO2,73497,73497,4.84935953812813,7.67002331359046,Q2 (4.8-7.7 units),2.5833333333333335
943.5625,Transplant,0.7338003143606943,Q2,Heart,NO2,73497,73497,4.84935953812813,7.67002331359046,Q2 (4.8-7.7 units),2.5833333333333335
974,Death/delisted too sick,0.13235209136024306,Q2,Heart,NO2,73497,73497,4.84935953812813,7.67002331359046,Q2 (4.8-7.7 units),2.6666666666666665
974,Transplant,0.7369208184058048,Q2,Heart,NO2,73497,73497,4.84935953812813,7.67002331359046,Q2 (4.8-7.7 units),2.6666666666666665
1004.4375,Death/delisted too sick,0.1334121603387958,Q2,Heart,NO2,73497,73497,4.84935953812813,7.67002331359046,Q2 (4.8-7.7 units),2.75
1004.4375,Transplant,0.7390445254699788,Q2,Heart,NO2,73497,73497,4.84935953812813,7.67002331359046,Q2 (4.8-7.7 units),2.75
1034.875,Death/delisted too sick,0.133900669227373,Q2,Heart,NO2,73497,73497,4.84935953812813,7.67002331359046,Q2 (4.8-7.7 units),2.8333333333333335
1034.875,Transplant,0.7429053403548266,Q2,Heart,NO2,73497,73497,4.84935953812813,7.67002331359046,Q2 (4.8-7.7 units),2.8333333333333335
1065.3125,Death/delisted too sick,0.134808691264778,Q2,Heart,NO2,73497,73497,4.84935953812813,7.67002331359046,Q2 (4.8-7.7 units),2.9166666666666665
1065.3125,Transplant,0.7455001557198331,Q2,Heart,NO2,73497,73497,4.84935953812813,7.67002331359046,Q2 (4.8-7.7 units),2.9166666666666665
1095.75,Death/delisted too sick,0.13504419032239398,Q2,Heart,NO2,73497,73497,4.84935953812813,7.67002331359046,Q2 (4.8-7.7 units),3
1095.75,Transplant,0.7477636905688031,Q2,Heart,NO2,73497,73497,4.84935953812813,7.67002331359046,Q2 (4.8-7.7 units),3
1126.1875,Death/delisted too sick,0.1360692017415625,Q2,Heart,NO2,73497,73497,4.84935953812813,7.67002331359046,Q2 (4.8-7.7 units),3.0833333333333335
1126.1875,Transplant,0.7494465447808075,Q2,Heart,NO2,73497,73497,4.84935953812813,7.67002331359046,Q2 (4.8-7.7 units),3.0833333333333335
1156.625,Death/delisted too sick,0.13651426527705524,Q2,Heart,NO2,73497,73497,4.84935953812813,7.67002331359046,Q2 (4.8-7.7 units),3.1666666666666665
1156.625,Transplant,0.7519238483724371,Q2,Heart,NO2,73497,73497,4.84935953812813,7.67002331359046,Q2 (4.8-7.7 units),3.1666666666666665
1187.0625,Death/delisted too sick,0.13835706227532446,Q2,Heart,NO2,73497,73497,4.84935953812813,7.67002331359046,Q2 (4.8-7.7 units),3.25
1187.0625,Transplant,0.7525438348159891,Q2,Heart,NO2,73497,73497,4.84935953812813,7.67002331359046,Q2 (4.8-7.7 units),3.25
1217.5,Death/delisted too sick,0.1389736700794096,Q2,Heart,NO2,73497,73497,4.84935953812813,7.67002331359046,Q2 (4.8-7.7 units),3.3333333333333335
1217.5,Transplant,0.7556660901463862,Q2,Heart,NO2,73497,73497,4.84935953812813,7.67002331359046,Q2 (4.8-7.7 units),3.3333333333333335
1247.9375,Death/delisted too sick,0.13981705653493404,Q2,Heart,NO2,73497,73497,4.84935953812813,7.67002331359046,Q2 (4.8-7.7 units),3.4166666666666665
1247.9375,Transplant,0.758554089432087,Q2,Heart,NO2,73497,73497,4.84935953812813,7.67002331359046,Q2 (4.8-7.7 units),3.4166666666666665
1278.375,Death/delisted too sick,0.14034707959199963,Q2,Heart,NO2,73497,73497,4.84935953812813,7.67002331359046,Q2 (4.8-7.7 units),3.5
1278.375,Transplant,0.760403307817166,Q2,Heart,NO2,73497,73497,4.84935953812813,7.67002331359046,Q2 (4.8-7.7 units),3.5
1308.8125,Death/delisted too sick,0.14166657160299495,Q2,Heart,NO2,73497,73497,4.84935953812813,7.67002331359046,Q2 (4.8-7.7 units),3.5833333333333335
1308.8125,Transplant,0.7615135619540045,Q2,Heart,NO2,73497,73497,4.84935953812813,7.67002331359046,Q2 (4.8-7.7 units),3.5833333333333335
1339.25,Death/delisted too sick,0.14314740581759908,Q2,Heart,NO2,73497,73497,4.84935953812813,7.67002331359046,Q2 (4.8-7.7 units),3.6666666666666665
1339.25,Transplant,0.7631766908533518,Q2,Heart,NO2,73497,73497,4.84935953812813,7.67002331359046,Q2 (4.8-7.7 units),3.6666666666666665
1369.6875,Death/delisted too sick,0.14402454829101902,Q2,Heart,NO2,73497,73497,4.84935953812813,7.67002331359046,Q2 (4.8-7.7 units),3.75
1369.6875,Transplant,0.7649820524883333,Q2,Heart,NO2,73497,73497,4.84935953812813,7.67002331359046,Q2 (4.8-7.7 units),3.75
1400.125,Death/delisted too sick,0.14443100080142862,Q2,Heart,NO2,73497,73497,4.84935953812813,7.67002331359046,Q2 (4.8-7.7 units),3.8333333333333335
1400.125,Transplant,0.7662214286214243,Q2,Heart,NO2,73497,73497,4.84935953812813,7.67002331359046,Q2 (4.8-7.7 units),3.8333333333333335
1430.5625,Death/delisted too sick,0.14548262037777981,Q2,Heart,NO2,73497,73497,4.84935953812813,7.67002331359046,Q2 (4.8-7.7 units),3.9166666666666665
1430.5625,Transplant,0.7675063672343861,Q2,Heart,NO2,73497,73497,4.84935953812813,7.67002331359046,Q2 (4.8-7.7 units),3.9166666666666665
1461,Death/delisted too sick,0.14653718607049482,Q2,Heart,NO2,73497,73497,4.84935953812813,7.67002331359046,Q2 (4.8-7.7 units),4
1461,Transplant,0.7682967293460112,Q2,Heart,NO2,73497,73497,4.84935953812813,7.67002331359046,Q2 (4.8-7.7 units),4
1491.4375,Death/delisted too sick,0.1470623547013097,Q2,Heart,NO2,73497,73497,4.84935953812813,7.67002331359046,Q2 (4.8-7.7 units),4.083333333333333
1491.4375,Transplant,0.7698975889482993,Q2,Heart,NO2,73497,73497,4.84935953812813,7.67002331359046,Q2 (4.8-7.7 units),4.083333333333333
1521.875,Death/delisted too sick,0.14753668070707,Q2,Heart,NO2,73497,73497,4.84935953812813,7.67002331359046,Q2 (4.8-7.7 units),4.166666666666667
1521.875,Transplant,0.7710758156354368,Q2,Heart,NO2,73497,73497,4.84935953812813,7.67002331359046,Q2 (4.8-7.7 units),4.166666666666667
1552.3125,Death/delisted too sick,0.14763102043389542,Q2,Heart,NO2,73497,73497,4.84935953812813,7.67002331359046,Q2 (4.8-7.7 units),4.25
1552.3125,Transplant,0.7727383580344259,Q2,Heart,NO2,73497,73497,4.84935953812813,7.67002331359046,Q2 (4.8-7.7 units),4.25
1582.75,Death/delisted too sick,0.14823981583963577,Q2,Heart,NO2,73497,73497,4.84935953812813,7.67002331359046,Q2 (4.8-7.7 units),4.333333333333333
1582.75,Transplant,0.7737235712884164,Q2,Heart,NO2,73497,73497,4.84935953812813,7.67002331359046,Q2 (4.8-7.7 units),4.333333333333333
1613.1875,Death/delisted too sick,0.14949183780919265,Q2,Heart,NO2,73497,73497,4.84935953812813,7.67002331359046,Q2 (4.8-7.7 units),4.416666666666667
1613.1875,Transplant,0.7746381659911546,Q2,Heart,NO2,73497,73497,4.84935953812813,7.67002331359046,Q2 (4.8-7.7 units),4.416666666666667
1643.625,Death/delisted too sick,0.1505609657345882,Q2,Heart,NO2,73497,73497,4.84935953812813,7.67002331359046,Q2 (4.8-7.7 units),4.5
1643.625,Transplant,0.775982683479809,Q2,Heart,NO2,73497,73497,4.84935953812813,7.67002331359046,Q2 (4.8-7.7 units),4.5
1674.0625,Death/delisted too sick,0.15151805295600043,Q2,Heart,NO2,73497,73497,4.84935953812813,7.67002331359046,Q2 (4.8-7.7 units),4.583333333333333
1674.0625,Transplant,0.7768631275144078,Q2,Heart,NO2,73497,73497,4.84935953812813,7.67002331359046,Q2 (4.8-7.7 units),4.583333333333333
1704.5,Death/delisted too sick,0.152551807581669,Q2,Heart,NO2,73497,73497,4.84935953812813,7.67002331359046,Q2 (4.8-7.7 units),4.666666666666667
1704.5,Transplant,0.7780533646036882,Q2,Heart,NO2,73497,73497,4.84935953812813,7.67002331359046,Q2 (4.8-7.7 units),4.666666666666667
1734.9375,Death/delisted too sick,0.1541437292765254,Q2,Heart,NO2,73497,73497,4.84935953812813,7.67002331359046,Q2 (4.8-7.7 units),4.75
1734.9375,Transplant,0.779200732284659,Q2,Heart,NO2,73497,73497,4.84935953812813,7.67002331359046,Q2 (4.8-7.7 units),4.75
1765.375,Death/delisted too sick,0.154492960970556,Q2,Heart,NO2,73497,73497,4.84935953812813,7.67002331359046,Q2 (4.8-7.7 units),4.833333333333333
1765.375,Transplant,0.779668792400949,Q2,Heart,NO2,73497,73497,4.84935953812813,7.67002331359046,Q2 (4.8-7.7 units),4.833333333333333
1795.8125,Death/delisted too sick,0.15572417765568203,Q2,Heart,NO2,73497,73497,4.84935953812813,7.67002331359046,Q2 (4.8-7.7 units),4.916666666666667
1795.8125,Transplant,0.7803173824218618,Q2,Heart,NO2,73497,73497,4.84935953812813,7.67002331359046,Q2 (4.8-7.7 units),4.916666666666667
1826.25,Death/delisted too sick,0.15609521046667174,Q2,Heart,NO2,73497,73497,4.84935953812813,7.67002331359046,Q2 (4.8-7.7 units),5
1826.25,Transplant,0.7809503905264785,Q2,Heart,NO2,73497,73497,4.84935953812813,7.67002331359046,Q2 (4.8-7.7 units),5
0,Death/delisted too sick,0,Q3,Heart,NO2,73497,73497,7.67032318152199,11.9435171920442,Q3 (7.7-11.9 units),0
0,Transplant,0,Q3,Heart,NO2,73497,73497,7.67032318152199,11.9435171920442,Q3 (7.7-11.9 units),0
30.4375,Death/delisted too sick,0.03459672021380713,Q3,Heart,NO2,73497,73497,7.67032318152199,11.9435171920442,Q3 (7.7-11.9 units),0.08333333333333333
30.4375,Transplant,0.24407775527993927,Q3,Heart,NO2,73497,73497,7.67032318152199,11.9435171920442,Q3 (7.7-11.9 units),0.08333333333333333
60.875,Death/delisted too sick,0.05355789451458538,Q3,Heart,NO2,73497,73497,7.67032318152199,11.9435171920442,Q3 (7.7-11.9 units),0.16666666666666666
60.875,Transplant,0.3455990300484751,Q3,Heart,NO2,73497,73497,7.67032318152199,11.9435171920442,Q3 (7.7-11.9 units),0.16666666666666666
91.3125,Death/delisted too sick,0.06591506411741441,Q3,Heart,NO2,73497,73497,7.67032318152199,11.9435171920442,Q3 (7.7-11.9 units),0.25
91.3125,Transplant,0.4123952768351528,Q3,Heart,NO2,73497,73497,7.67032318152199,11.9435171920442,Q3 (7.7-11.9 units),0.25
121.75,Death/delisted too sick,0.07211661839196207,Q3,Heart,NO2,73497,73497,7.67032318152199,11.9435171920442,Q3 (7.7-11.9 units),0.3333333333333333
121.75,Transplant,0.45630382156328836,Q3,Heart,NO2,73497,73497,7.67032318152199,11.9435171920442,Q3 (7.7-11.9 units),0.3333333333333333
152.1875,Death/delisted too sick,0.07945727832766941,Q3,Heart,NO2,73497,73497,7.67032318152199,11.9435171920442,Q3 (7.7-11.9 units),0.4166666666666667
152.1875,Transplant,0.48878459362004145,Q3,Heart,NO2,73497,73497,7.67032318152199,11.9435171920442,Q3 (7.7-11.9 units),0.4166666666666667
182.625,Death/delisted too sick,0.08442330480302289,Q3,Heart,NO2,73497,73497,7.67032318152199,11.9435171920442,Q3 (7.7-11.9 units),0.5
182.625,Transplant,0.5191407741841311,Q3,Heart,NO2,73497,73497,7.67032318152199,11.9435171920442,Q3 (7.7-11.9 units),0.5
213.0625,Death/delisted too sick,0.08823485831322436,Q3,Heart,NO2,73497,73497,7.67032318152199,11.9435171920442,Q3 (7.7-11.9 units),0.5833333333333334
213.0625,Transplant,0.5445331039870853,Q3,Heart,NO2,73497,73497,7.67032318152199,11.9435171920442,Q3 (7.7-11.9 units),0.5833333333333334
243.5,Death/delisted too sick,0.09164931463512205,Q3,Heart,NO2,73497,73497,7.67032318152199,11.9435171920442,Q3 (7.7-11.9 units),0.6666666666666666
243.5,Transplant,0.5640275210603215,Q3,Heart,NO2,73497,73497,7.67032318152199,11.9435171920442,Q3 (7.7-11.9 units),0.6666666666666666
273.9375,Death/delisted too sick,0.09525885176165824,Q3,Heart,NO2,73497,73497,7.67032318152199,11.9435171920442,Q3 (7.7-11.9 units),0.75
273.9375,Transplant,0.582582441224175,Q3,Heart,NO2,73497,73497,7.67032318152199,11.9435171920442,Q3 (7.7-11.9 units),0.75
304.375,Death/delisted too sick,0.09945684338493944,Q3,Heart,NO2,73497,73497,7.67032318152199,11.9435171920442,Q3 (7.7-11.9 units),0.8333333333333334
304.375,Transplant,0.5990721430660293,Q3,Heart,NO2,73497,73497,7.67032318152199,11.9435171920442,Q3 (7.7-11.9 units),0.8333333333333334
334.8125,Death/delisted too sick,0.10137711624349813,Q3,Heart,NO2,73497,73497,7.67032318152199,11.9435171920442,Q3 (7.7-11.9 units),0.9166666666666666
334.8125,Transplant,0.6121741117798667,Q3,Heart,NO2,73497,73497,7.67032318152199,11.9435171920442,Q3 (7.7-11.9 units),0.9166666666666666
365.25,Death/delisted too sick,0.10394332103074078,Q3,Heart,NO2,73497,73497,7.67032318152199,11.9435171920442,Q3 (7.7-11.9 units),1
365.25,Transplant,0.6244932134431683,Q3,Heart,NO2,73497,73497,7.67032318152199,11.9435171920442,Q3 (7.7-11.9 units),1
395.6875,Death/delisted too sick,0.10707027645127533,Q3,Heart,NO2,73497,73497,7.67032318152199,11.9435171920442,Q3 (7.7-11.9 units),1.0833333333333333
395.6875,Transplant,0.6330302997544598,Q3,Heart,NO2,73497,73497,7.67032318152199,11.9435171920442,Q3 (7.7-11.9 units),1.0833333333333333
426.125,Death/delisted too sick,0.11026371100433917,Q3,Heart,NO2,73497,73497,7.67032318152199,11.9435171920442,Q3 (7.7-11.9 units),1.1666666666666667
426.125,Transplant,0.6427977813248739,Q3,Heart,NO2,73497,73497,7.67032318152199,11.9435171920442,Q3 (7.7-11.9 units),1.1666666666666667
456.5625,Death/delisted too sick,0.11191389606010158,Q3,Heart,NO2,73497,73497,7.67032318152199,11.9435171920442,Q3 (7.7-11.9 units),1.25
456.5625,Transplant,0.6522566318154109,Q3,Heart,NO2,73497,73497,7.67032318152199,11.9435171920442,Q3 (7.7-11.9 units),1.25
487,Death/delisted too sick,0.1141505438754763,Q3,Heart,NO2,73497,73497,7.67032318152199,11.9435171920442,Q3 (7.7-11.9 units),1.3333333333333333
487,Transplant,0.6602012636506188,Q3,Heart,NO2,73497,73497,7.67032318152199,11.9435171920442,Q3 (7.7-11.9 units),1.3333333333333333
517.4375,Death/delisted too sick,0.11610562845012597,Q3,Heart,NO2,73497,73497,7.67032318152199,11.9435171920442,Q3 (7.7-11.9 units),1.4166666666666667
517.4375,Transplant,0.6681353540579491,Q3,Heart,NO2,73497,73497,7.67032318152199,11.9435171920442,Q3 (7.7-11.9 units),1.4166666666666667
547.875,Death/delisted too sick,0.11834516150687309,Q3,Heart,NO2,73497,73497,7.67032318152199,11.9435171920442,Q3 (7.7-11.9 units),1.5
547.875,Transplant,0.6749438515006427,Q3,Heart,NO2,73497,73497,7.67032318152199,11.9435171920442,Q3 (7.7-11.9 units),1.5
578.3125,Death/delisted too sick,0.1190176742966261,Q3,Heart,NO2,73497,73497,7.67032318152199,11.9435171920442,Q3 (7.7-11.9 units),1.5833333333333333
578.3125,Transplant,0.6817751388931165,Q3,Heart,NO2,73497,73497,7.67032318152199,11.9435171920442,Q3 (7.7-11.9 units),1.5833333333333333
608.75,Death/delisted too sick,0.12060451613631305,Q3,Heart,NO2,73497,73497,7.67032318152199,11.9435171920442,Q3 (7.7-11.9 units),1.6666666666666667
608.75,Transplant,0.6877626917690298,Q3,Heart,NO2,73497,73497,7.67032318152199,11.9435171920442,Q3 (7.7-11.9 units),1.6666666666666667
639.1875,Death/delisted too sick,0.12236428934825172,Q3,Heart,NO2,73497,73497,7.67032318152199,11.9435171920442,Q3 (7.7-11.9 units),1.75
639.1875,Transplant,0.6928745339382458,Q3,Heart,NO2,73497,73497,7.67032318152199,11.9435171920442,Q3 (7.7-11.9 units),1.75
669.625,Death/delisted too sick,0.12441006686259456,Q3,Heart,NO2,73497,73497,7.67032318152199,11.9435171920442,Q3 (7.7-11.9 units),1.8333333333333333
669.625,Transplant,0.6969264546169184,Q3,Heart,NO2,73497,73497,7.67032318152199,11.9435171920442,Q3 (7.7-11.9 units),1.8333333333333333
700.0625,Death/delisted too sick,0.1254260769405203,Q3,Heart,NO2,73497,73497,7.67032318152199,11.9435171920442,Q3 (7.7-11.9 units),1.9166666666666667
700.0625,Transplant,0.7015298387390251,Q3,Heart,NO2,73497,73497,7.67032318152199,11.9435171920442,Q3 (7.7-11.9 units),1.9166666666666667
730.5,Death/delisted too sick,0.12656655679853754,Q3,Heart,NO2,73497,73497,7.67032318152199,11.9435171920442,Q3 (7.7-11.9 units),2
730.5,Transplant,0.7056256291755512,Q3,Heart,NO2,73497,73497,7.67032318152199,11.9435171920442,Q3 (7.7-11.9 units),2
760.9375,Death/delisted too sick,0.12768721055800641,Q3,Heart,NO2,73497,73497,7.67032318152199,11.9435171920442,Q3 (7.7-11.9 units),2.0833333333333335
760.9375,Transplant,0.7095974760654102,Q3,Heart,NO2,73497,73497,7.67032318152199,11.9435171920442,Q3 (7.7-11.9 units),2.0833333333333335
791.375,Death/delisted too sick,0.12911343382891252,Q3,Heart,NO2,73497,73497,7.67032318152199,11.9435171920442,Q3 (7.7-11.9 units),2.1666666666666665
791.375,Transplant,0.71444784339669,Q3,Heart,NO2,73497,73497,7.67032318152199,11.9435171920442,Q3 (7.7-11.9 units),2.1666666666666665
821.8125,Death/delisted too sick,0.13025643556101477,Q3,Heart,NO2,73497,73497,7.67032318152199,11.9435171920442,Q3 (7.7-11.9 units),2.25
821.8125,Transplant,0.7187868908242102,Q3,Heart,NO2,73497,73497,7.67032318152199,11.9435171920442,Q3 (7.7-11.9 units),2.25
852.25,Death/delisted too sick,0.13196908286314488,Q3,Heart,NO2,73497,73497,7.67032318152199,11.9435171920442,Q3 (7.7-11.9 units),2.3333333333333335
852.25,Transplant,0.7217590875179336,Q3,Heart,NO2,73497,73497,7.67032318152199,11.9435171920442,Q3 (7.7-11.9 units),2.3333333333333335
882.6875,Death/delisted too sick,0.13300786738764117,Q3,Heart,NO2,73497,73497,7.67032318152199,11.9435171920442,Q3 (7.7-11.9 units),2.4166666666666665
882.6875,Transplant,0.7249647369301412,Q3,Heart,NO2,73497,73497,7.67032318152199,11.9435171920442,Q3 (7.7-11.9 units),2.4166666666666665
913.125,Death/delisted too sick,0.13426281739959278,Q3,Heart,NO2,73497,73497,7.67032318152199,11.9435171920442,Q3 (7.7-11.9 units),2.5
913.125,Transplant,0.7281852416083532,Q3,Heart,NO2,73497,73497,7.67032318152199,11.9435171920442,Q3 (7.7-11.9 units),2.5
943.5625,Death/delisted too sick,0.13526436354902335,Q3,Heart,NO2,73497,73497,7.67032318152199,11.9435171920442,Q3 (7.7-11.9 units),2.5833333333333335
943.5625,Transplant,0.7312589823328709,Q3,Heart,NO2,73497,73497,7.67032318152199,11.9435171920442,Q3 (7.7-11.9 units),2.5833333333333335
974,Death/delisted too sick,0.13619517898317615,Q3,Heart,NO2,73497,73497,7.67032318152199,11.9435171920442,Q3 (7.7-11.9 units),2.6666666666666665
974,Transplant,0.7334718275546124,Q3,Heart,NO2,73497,73497,7.67032318152199,11.9435171920442,Q3 (7.7-11.9 units),2.6666666666666665
1004.4375,Death/delisted too sick,0.13708153807977166,Q3,Heart,NO2,73497,73497,7.67032318152199,11.9435171920442,Q3 (7.7-11.9 units),2.75
1004.4375,Transplant,0.7358460742108791,Q3,Heart,NO2,73497,73497,7.67032318152199,11.9435171920442,Q3 (7.7-11.9 units),2.75
1034.875,Death/delisted too sick,0.13807532986629287,Q3,Heart,NO2,73497,73497,7.67032318152199,11.9435171920442,Q3 (7.7-11.9 units),2.8333333333333335
1034.875,Transplant,0.7376372311958255,Q3,Heart,NO2,73497,73497,7.67032318152199,11.9435171920442,Q3 (7.7-11.9 units),2.8333333333333335
1065.3125,Death/delisted too sick,0.13890260081037883,Q3,Heart,NO2,73497,73497,7.67032318152199,11.9435171920442,Q3 (7.7-11.9 units),2.9166666666666665
1065.3125,Transplant,0.7402348190311787,Q3,Heart,NO2,73497,73497,7.67032318152199,11.9435171920442,Q3 (7.7-11.9 units),2.9166666666666665
1095.75,Death/delisted too sick,0.14042464161905097,Q3,Heart,NO2,73497,73497,7.67032318152199,11.9435171920442,Q3 (7.7-11.9 units),3
1095.75,Transplant,0.7421409173216155,Q3,Heart,NO2,73497,73497,7.67032318152199,11.9435171920442,Q3 (7.7-11.9 units),3
1126.1875,Death/delisted too sick,0.141379391240376,Q3,Heart,NO2,73497,73497,7.67032318152199,11.9435171920442,Q3 (7.7-11.9 units),3.0833333333333335
1126.1875,Transplant,0.7440223817601165,Q3,Heart,NO2,73497,73497,7.67032318152199,11.9435171920442,Q3 (7.7-11.9 units),3.0833333333333335
1156.625,Death/delisted too sick,0.1436434508323044,Q3,Heart,NO2,73497,73497,7.67032318152199,11.9435171920442,Q3 (7.7-11.9 units),3.1666666666666665
1156.625,Transplant,0.7455831560274335,Q3,Heart,NO2,73497,73497,7.67032318152199,11.9435171920442,Q3 (7.7-11.9 units),3.1666666666666665
1187.0625,Death/delisted too sick,0.14449816255431755,Q3,Heart,NO2,73497,73497,7.67032318152199,11.9435171920442,Q3 (7.7-11.9 units),3.25
1187.0625,Transplant,0.7479454098193764,Q3,Heart,NO2,73497,73497,7.67032318152199,11.9435171920442,Q3 (7.7-11.9 units),3.25
1217.5,Death/delisted too sick,0.14531938121205187,Q3,Heart,NO2,73497,73497,7.67032318152199,11.9435171920442,Q3 (7.7-11.9 units),3.3333333333333335
1217.5,Transplant,0.7499431614808632,Q3,Heart,NO2,73497,73497,7.67032318152199,11.9435171920442,Q3 (7.7-11.9 units),3.3333333333333335
1247.9375,Death/delisted too sick,0.1461299505418655,Q3,Heart,NO2,73497,73497,7.67032318152199,11.9435171920442,Q3 (7.7-11.9 units),3.4166666666666665
1247.9375,Transplant,0.7525421273815757,Q3,Heart,NO2,73497,73497,7.67032318152199,11.9435171920442,Q3 (7.7-11.9 units),3.4166666666666665
1278.375,Death/delisted too sick,0.14681650527699386,Q3,Heart,NO2,73497,73497,7.67032318152199,11.9435171920442,Q3 (7.7-11.9 units),3.5
1278.375,Transplant,0.7547020322473333,Q3,Heart,NO2,73497,73497,7.67032318152199,11.9435171920442,Q3 (7.7-11.9 units),3.5
1308.8125,Death/delisted too sick,0.147416586790829,Q3,Heart,NO2,73497,73497,7.67032318152199,11.9435171920442,Q3 (7.7-11.9 units),3.5833333333333335
1308.8125,Transplant,0.7565136434126062,Q3,Heart,NO2,73497,73497,7.67032318152199,11.9435171920442,Q3 (7.7-11.9 units),3.5833333333333335
1339.25,Death/delisted too sick,0.14933598938621911,Q3,Heart,NO2,73497,73497,7.67032318152199,11.9435171920442,Q3 (7.7-11.9 units),3.6666666666666665
1339.25,Transplant,0.7582190404291972,Q3,Heart,NO2,73497,73497,7.67032318152199,11.9435171920442,Q3 (7.7-11.9 units),3.6666666666666665
1369.6875,Death/delisted too sick,0.14981156231967016,Q3,Heart,NO2,73497,73497,7.67032318152199,11.9435171920442,Q3 (7.7-11.9 units),3.75
1369.6875,Transplant,0.76014251986750625,Q3,Heart,NO2,73497,73497,7.67032318152199,11.9435171920442,Q3 (7.7-11.9 units),3.75
1400.125,Death/delisted too sick,0.15016740666060455,Q3,Heart,NO2,73497,73497,7.67032318152199,11.9435171920442,Q3 (7.7-11.9 units),3.8333333333333335
1400.125,Transplant,0.7617791779885836,Q3,Heart,NO2,73497,73497,7.67032318152199,11.9435171920442,Q3 (7.7-11.9 units),3.8333333333333335
1430.5625,Death/delisted too sick,0.15130031600011284,Q3,Heart,NO2,73497,73497,7.67032318152199,11.9435171920442,Q3 (7.7-11.9 units),3.9166666666666665
1430.5625,Transplant,0.7626988419408718,Q3,Heart,NO2,73497,73497,7.67032318152199,11.9435171920442,Q3 (7.7-11.9 units),3.9166666666666665
1461,Death/delisted too sick,0.15200658392618996,Q3,Heart,NO2,73497,73497,7.67032318152199,11.9435171920442,Q3 (7.7-11.9 units),4
1461,Transplant,0.7643591072989561,Q3,Heart,NO2,73497,73497,7.67032318152199,11.9435171920442,Q3 (7.7-11.9 units),4
1491.4375,Death/delisted too sick,0.15229504745122238,Q3,Heart,NO2,73497,73497,7.67032318152199,11.9435171920442,Q3 (7.7-11.9 units),4.083333333333333
1491.4375,Transplant,0.7657425947017388,Q3,Heart,NO2,73497,73497,7.67032318152199,11.9435171920442,Q3 (7.7-11.9 units),4.083333333333333
1521.875,Death/delisted too sick,0.15289764319133994,Q3,Heart,NO2,73497,73497,7.67032318152199,11.9435171920442,Q3 (7.7-11.9 units),4.166666666666667
1521.875,Transplant,0.7666795580661973,Q3,Heart,NO2,73497,73497,7.67032318152199,11.9435171920442,Q3 (7.7-11.9 units),4.166666666666667
1552.3125,Death/delisted too sick,0.1536086417187873,Q3,Heart,NO2,73497,73497,7.67032318152199,11.9435171920442,Q3 (7.7-11.9 units),4.25
1552.3125,Transplant,0.7678144879943619,Q3,Heart,NO2,73497,73497,7.67032318152199,11.9435171920442,Q3 (7.7-11.9 units),4.25
1582.75,Death/delisted too sick,0.154749188864933,Q3,Heart,NO2,73497,73497,7.67032318152199,11.9435171920442,Q3 (7.7-11.9 units),4.333333333333333
1582.75,Transplant,0.7686642765218362,Q3,Heart,NO2,73497,73497,7.67032318152199,11.9435171920442,Q3 (7.7-11.9 units),4.333333333333333
1613.1875,Death/delisted too sick,0.155695868690016,Q3,Heart,NO2,73497,73497,7.67032318152199,11.9435171920442,Q3 (7.7-11.9 units),4.416666666666667
1613.1875,Transplant,0.77036583043535,Q3,Heart,NO2,73497,73497,7.67032318152199,11.9435171920442,Q3 (7.7-11.9 units),4.416666666666667
1643.625,Death/delisted too sick,0.1566909735935409,Q3,Heart,NO2,73497,73497,7.67032318152199,11.9435171920442,Q3 (7.7-11.9 units),4.5
1643.625,Transplant,0.7723112500571748,Q3,Heart,NO2,73497,73497,7.67032318152199,11.9435171920442,Q3 (7.7-11.9 units),4.5
1674.0625,Death/delisted too sick,0.15695809669705915,Q3,Heart,NO2,73497,73497,7.67032318152199,11.9435171920442,Q3 (7.7-11.9 units),4.583333333333333
1674.0625,Transplant,0.774632368343416,Q3,Heart,NO2,73497,73497,7.67032318152199,11.9435171920442,Q3 (7.7-11.9 units),4.583333333333333
1704.5,Death/delisted too sick,0.15790774701339017,Q3,Heart,NO2,73497,73497,7.67032318152199,11.9435171920442,Q3 (7.7-11.9 units),4.666666666666667
1704.5,Transplant,0.7752814626804645,Q3,Heart,NO2,73497,73497,7.67032318152199,11.9435171920442,Q3 (7.7-11.9 units),4.666666666666667
1734.9375,Death/delisted too sick,0.15856738019011712,Q3,Heart,NO2,73497,73497,7.67032318152199,11.9435171920442,Q3 (7.7-11.9 units),4.75
1734.9375,Transplant,0.7761106658473563,Q3,Heart,NO2,73497,73497,7.67032318152199,11.9435171920442,Q3 (7.7-11.9 units),4.75
1765.375,Death/delisted too sick,0.15927945582702074,Q3,Heart,NO2,73497,73497,7.67032318152199,11.9435171920442,Q3 (7.7-11.9 units),4.833333333333333
1765.375,Transplant,0.7768356862020189,Q3,Heart,NO2,73497,73497,7.67032318152199,11.9435171920442,Q3 (7.7-11.9 units),4.833333333333333
1795.8125,Death/delisted too sick,0.1593900140653417,Q3,Heart,NO2,73497,73497,7.67032318152199,11.9435171920442,Q3 (7.7-11.9 units),4.916666666666667
1795.8125,Transplant,0.7778767397950128,Q3,Heart,NO2,73497,73497,7.67032318152199,11.9435171920442,Q3 (7.7-11.9 units),4.916666666666667
1826.25,Death/delisted too sick,0.1600977882191635,Q3,Heart,NO2,73497,73497,7.67032318152199,11.9435171920442,Q3 (7.7-11.9 units),5
1826.25,Transplant,0.7791243392976096,Q3,Heart,NO2,73497,73497,7.67032318152199,11.9435171920442,Q3 (7.7-11.9 units),5
0,Death/delisted too sick,0,Q4,Heart,NO2,73497,73497,11.9437105023131,51.1443290710449,Q4 (11.9-51.1 units),0
0,Transplant,0,Q4,Heart,NO2,73497,73497,11.9437105023131,51.1443290710449,Q4 (11.9-51.1 units),0
30.4375,Death/delisted too sick,0.035444151772762396,Q4,Heart,NO2,73497,73497,11.9437105023131,51.1443290710449,Q4 (11.9-51.1 units),0.08333333333333333
30.4375,Transplant,0.24582147339025606,Q4,Heart,NO2,73497,73497,11.9437105023131,51.1443290710449,Q4 (11.9-51.1 units),0.08333333333333333
60.875,Death/delisted too sick,0.0530791157197935,Q4,Heart,NO2,73497,73497,11.9437105023131,51.1443290710449,Q4 (11.9-51.1 units),0.16666666666666666
60.875,Transplant,0.3429552163626962,Q4,Heart,NO2,73497,73497,11.9437105023131,51.1443290710449,Q4 (11.9-51.1 units),0.16666666666666666
91.3125,Death/delisted too sick,0.06400569643620829,Q4,Heart,NO2,73497,73497,11.9437105023131,51.1443290710449,Q4 (11.9-51.1 units),0.25
91.3125,Transplant,0.40766282734512455,Q4,Heart,NO2,73497,73497,11.9437105023131,51.1443290710449,Q4 (11.9-51.1 units),0.25
121.75,Death/delisted too sick,0.07139927170253824,Q4,Heart,NO2,73497,73497,11.9437105023131,51.1443290710449,Q4 (11.9-51.1 units),0.3333333333333333
121.75,Transplant,0.45190919384038913,Q4,Heart,NO2,73497,73497,11.9437105023131,51.1443290710449,Q4 (11.9-51.1 units),0.3333333333333333
152.1875,Death/delisted too sick,0.07693915038540891,Q4,Heart,NO2,73497,73497,11.9437105023131,51.1443290710449,Q4 (11.9-51.1 units),0.4166666666666667
152.1875,Transplant,0.4871400472408725,Q4,Heart,NO2,73497,73497,11.9437105023131,51.1443290710449,Q4 (11.9-51.1 units),0.4166666666666667
182.625,Death/delisted too sick,0.08297308371336129,Q4,Heart,NO2,73497,73497,11.9437105023131,51.1443290710449,Q4 (11.9-51.1 units),0.5
182.625,Transplant,0.5175799730133865,Q4,Heart,NO2,73497,73497,11.9437105023131,51.1443290710449,Q4 (11.9-51.1 units),0.5
213.0625,Death/delisted too sick,0.08773600333536104,Q4,Heart,NO2,73497,73497,11.9437105023131,51.1443290710449,Q4 (11.9-51.1 units),0.5833333333333334
213.0625,Transplant,0.541024148015456,Q4,Heart,NO2,73497,73497,11.9437105023131,51.1443290710449,Q4 (11.9-51.1 units),0.5833333333333334
243.5,Death/delisted too sick,0.0922865698393597,Q4,Heart,NO2,73497,73497,11.9437105023131,51.1443290710449,Q4 (11.9-51.1 units),0.6666666666666666
243.5,Transplant,0.559489985935407,Q4,Heart,NO2,73497,73497,11.9437105023131,51.1443290710449,Q4 (11.9-51.1 units),0.6666666666666666
273.9375,Death/delisted too sick,0.09558452491246361,Q4,Heart,NO2,73497,73497,11.9437105023131,51.1443290710449,Q4 (11.9-51.1 units),0.75
273.9375,Transplant,0.5782659641182392,Q4,Heart,NO2,73497,73497,11.9437105023131,51.1443290710449,Q4 (11.9-51.1 units),0.75
304.375,Death/delisted too sick,0.09915930794251787,Q4,Heart,NO2,73497,73497,11.9437105023131,51.1443290710449,Q4 (11.9-51.1 units),0.8333333333333334
304.375,Transplant,0.5960835817054975,Q4,Heart,NO2,73497,73497,11.9437105023131,51.1443290710449,Q4 (11.9-51.1 units),0.8333333333333334
334.8125,Death/delisted too sick,0.10152906244025635,Q4,Heart,NO2,73497,73497,11.9437105023131,51.1443290710449,Q4 (11.9-51.1 units),0.9166666666666666
334.8125,Transplant,0.6080160289854705,Q4,Heart,NO2,73497,73497,11.9437105023131,51.1443290710449,Q4 (11.9-51.1 units),0.9166666666666666
365.25,Death/delisted too sick,0.1033762778279065,Q4,Heart,NO2,73497,73497,11.9437105023131,51.1443290710449,Q4 (11.9-51.1 units),1
365.25,Transplant,0.61921605883714,Q4,Heart,NO2,73497,73497,11.9437105023131,51.1443290710449,Q4 (11.9-51.1 units),1
395.6875,Death/delisted too sick,0.10556106132185576,Q4,Heart,NO2,73497,73497,11.9437105023131,51.1443290710449,Q4 (11.9-51.1 units),1.0833333333333333
395.6875,Transplant,0.6294335347270139,Q4,Heart,NO2,73497,73497,11.9437105023131,51.1443290710449,Q4 (11.9-51.1 units),1.0833333333333333
426.125,Death/delisted too sick,0.10908519379971966,Q4,Heart,NO2,73497,73497,11.9437105023131,51.1443290710449,Q4 (11.9-51.1 units),1.1666666666666667
426.125,Transplant,0.6385685320569617,Q4,Heart,NO2,73497,73497,11.9437105023131,51.1443290710449,Q4 (11.9-51.1 units),1.1666666666666667
456.5625,Death/delisted too sick,0.11146184527886654,Q4,Heart,NO2,73497,73497,11.9437105023131,51.1443290710449,Q4 (11.9-51.1 units),1.25
456.5625,Transplant,0.6478934017494983,Q4,Heart,NO2,73497,73497,11.9437105023131,51.1443290710449,Q4 (11.9-51.1 units),1.25
487,Death/delisted too sick,0.11295628761913529,Q4,Heart,NO2,73497,73497,11.9437105023131,51.1443290710449,Q4 (11.9-51.1 units),1.3333333333333333
487,Transplant,0.6544881757336104,Q4,Heart,NO2,73497,73497,11.9437105023131,51.1443290710449,Q4 (11.9-51.1 units),1.3333333333333333
517.4375,Death/delisted too sick,0.11492515620934882,Q4,Heart,NO2,73497,73497,11.9437105023131,51.1443290710449,Q4 (11.9-51.1 units),1.4166666666666667
517.4375,Transplant,0.6629355110236047,Q4,Heart,NO2,73497,73497,11.9437105023131,51.1443290710449,Q4 (11.9-51.1 units),1.4166666666666667
547.875,Death/delisted too sick,0.11712007803081226,Q4,Heart,NO2,73497,73497,11.9437105023131,51.1443290710449,Q4 (11.9-51.1 units),1.5
547.875,Transplant,0.6697888742481872,Q4,Heart,NO2,73497,73497,11.9437105023131,51.1443290710449,Q4 (11.9-51.1 units),1.5
578.3125,Death/delisted too sick,0.11858355422870309,Q4,Heart,NO2,73497,73497,11.9437105023131,51.1443290710449,Q4 (11.9-51.1 units),1.5833333333333333
578.3125,Transplant,0.6755054012631146,Q4,Heart,NO2,73497,73497,11.9437105023131,51.1443290710449,Q4 (11.9-51.1 units),1.5833333333333333
608.75,Death/delisted too sick,0.12016477367110588,Q4,Heart,NO2,73497,73497,11.9437105023131,51.1443290710449,Q4 (11.9-51.1 units),1.6666666666666667
608.75,Transplant,0.6819751805133392,Q4,Heart,NO2,73497,73497,11.9437105023131,51.1443290710449,Q4 (11.9-51.1 units),1.6666666666666667
639.1875,Death/delisted too sick,0.12221234948691473,Q4,Heart,NO2,73497,73497,11.9437105023131,51.1443290710449,Q4 (11.9-51.1 units),1.75
639.1875,Transplant,0.687387930815332,Q4,Heart,NO2,73497,73497,11.9437105023131,51.1443290710449,Q4 (11.9-51.1 units),1.75
669.625,Death/delisted too sick,0.1231745610302755,Q4,Heart,NO2,73497,73497,11.9437105023131,51.1443290710449,Q4 (11.9-51.1 units),1.8333333333333333
669.625,Transplant,0.6943061468660977,Q4,Heart,NO2,73497,73497,11.9437105023131,51.1443290710449,Q4 (11.9-51.1 units),1.8333333333333333
700.0625,Death/delisted too sick,0.12424106797932055,Q4,Heart,NO2,73497,73497,11.9437105023131,51.1443290710449,Q4 (11.9-51.1 units),1.9166666666666667
700.0625,Transplant,0.6995797681199586,Q4,Heart,NO2,73497,73497,11.9437105023131,51.1443290710449,Q4 (11.9-51.1 units),1.9166666666666667
730.5,Death/delisted too sick,0.1263608308790128,Q4,Heart,NO2,73497,73497,11.9437105023131,51.1443290710449,Q4 (11.9-51.1 units),2
730.5,Transplant,0.7035487333245208,Q4,Heart,NO2,73497,73497,11.9437105023131,51.1443290710449,Q4 (11.9-51.1 units),2
760.9375,Death/delisted too sick,0.12816240143616406,Q4,Heart,NO2,73497,73497,11.9437105023131,51.1443290710449,Q4 (11.9-51.1 units),2.0833333333333335
760.9375,Transplant,0.7078638436832196,Q4,Heart,NO2,73497,73497,11.9437105023131,51.1443290710449,Q4 (11.9-51.1 units),2.0833333333333335
791.375,Death/delisted too sick,0.12985100690348444,Q4,Heart,NO2,73497,73497,11.9437105023131,51.1443290710449,Q4 (11.9-51.1 units),2.1666666666666665
791.375,Transplant,0.7124761512721547,Q4,Heart,NO2,73497,73497,11.9437105023131,51.1443290710449,Q4 (11.9-51.1 units),2.1666666666666665
821.8125,Death/delisted too sick,0.13157307295851528,Q4,Heart,NO2,73497,73497,11.9437105023131,51.1443290710449,Q4 (11.9-51.1 units),2.25
821.8125,Transplant,0.7173302774972692,Q4,Heart,NO2,73497,73497,11.9437105023131,51.1443290710449,Q4 (11.9-51.1 units),2.25
852.25,Death/delisted too sick,0.13270125130271154,Q4,Heart,NO2,73497,73497,11.9437105023131,51.1443290710449,Q4 (11.9-51.1 units),2.3333333333333335
852.25,Transplant,0.7221734493497239,Q4,Heart,NO2,73497,73497,11.9437105023131,51.1443290710449,Q4 (11.9-51.1 units),2.3333333333333335
882.6875,Death/delisted too sick,0.13357923925943363,Q4,Heart,NO2,73497,73497,11.9437105023131,51.1443290710449,Q4 (11.9-51.1 units),2.4166666666666665
882.6875,Transplant,0.7266242301186908,Q4,Heart,NO2,73497,73497,11.9437105023131,51.1443290710449,Q4 (11.9-51.1 units),2.4166666666666665
913.125,Death/delisted too sick,0.13498120411900422,Q4,Heart,NO2,73497,73497,11.9437105023131,51.1443290710449,Q4 (11.9-51.1 units),2.5
913.125,Transplant,0.7288981065538587,Q4,Heart,NO2,73497,73497,11.9437105023131,51.1443290710449,Q4 (11.9-51.1 units),2.5
943.5625,Death/delisted too sick,0.13573925311956314,Q4,Heart,NO2,73497,73497,11.9437105023131,51.1443290710449,Q4 (11.9-51.1 units),2.5833333333333335
943.5625,Transplant,0.730801775517713,Q4,Heart,NO2,73497,73497,11.9437105023131,51.1443290710449,Q4 (11.9-51.1 units),2.5833333333333335
974,Death/delisted too sick,0.13723239406127774,Q4,Heart,NO2,73497,73497,11.9437105023131,51.1443290710449,Q4 (11.9-51.1 units),2.6666666666666665
974,Transplant,0.734352600174394,Q4,Heart,NO2,73497,73497,11.9437105023131,51.1443290710449,Q4 (11.9-51.1 units),2.6666666666666665
1004.4375,Death/delisted too sick,0.1380378125321874,Q4,Heart,NO2,73497,73497,11.9437105023131,51.1443290710449,Q4 (11.9-51.1 units),2.75
1004.4375,Transplant,0.7372248482101169,Q4,Heart,NO2,73497,73497,11.9437105023131,51.1443290710449,Q4 (11.9-51.1 units),2.75
1034.875,Death/delisted too sick,0.13879914947374,Q4,Heart,NO2,73497,73497,11.9437105023131,51.1443290710449,Q4 (11.9-51.1 units),2.8333333333333335
1034.875,Transplant,0.738757663522666,Q4,Heart,NO2,73497,73497,11.9437105023131,51.1443290710449,Q4 (11.9-51.1 units),2.8333333333333335
1065.3125,Death/delisted too sick,0.14009044348279903,Q4,Heart,NO2,73497,73497,11.9437105023131,51.1443290710449,Q4 (11.9-51.1 units),2.9166666666666665
1065.3125,Transplant,0.7406498596437566,Q4,Heart,NO2,73497,73497,11.9437105023131,51.1443290710449,Q4 (11.9-51.1 units),2.9166666666666665
1095.75,Death/delisted too sick,0.14125146039426345,Q4,Heart,NO2,73497,73497,11.9437105023131,51.1443290710449,Q4 (11.9-51.1 units),3
1095.75,Transplant,0.744132025287461,Q4,Heart,NO2,73497,73497,11.9437105023131,51.1443290710449,Q4 (11.9-51.1 units),3
1126.1875,Death/delisted too sick,0.14230385298152468,Q4,Heart,NO2,73497,73497,11.9437105023131,51.1443290710449,Q4 (11.9-51.1 units),3.0833333333333335
1126.1875,Transplant,0.7462860268466327,Q4,Heart,NO2,73497,73497,11.9437105023131,51.1443290710449,Q4 (11.9-51.1 units),3.0833333333333335
1156.625,Death/delisted too sick,0.14317095980525354,Q4,Heart,NO2,73497,73497,11.9437105023131,51.1443290710449,Q4 (11.9-51.1 units),3.1666666666666665
1156.625,Transplant,0.7477289565876837,Q4,Heart,NO2,73497,73497,11.9437105023131,51.1443290710449,Q4 (11.9-51.1 units),3.1666666666666665
1187.0625,Death/delisted too sick,0.1441811366644817,Q4,Heart,NO2,73497,73497,11.9437105023131,51.1443290710449,Q4 (11.9-51.1 units),3.25
1187.0625,Transplant,0.7499423421388862,Q4,Heart,NO2,73497,73497,11.9437105023131,51.1443290710449,Q4 (11.9-51.1 units),3.25
1217.5,Death/delisted too sick,0.1449248781863027,Q4,Heart,NO2,73497,73497,11.9437105023131,51.1443290710449,Q4 (11.9-51.1 units),3.3333333333333335
1217.5,Transplant,0.7518999004253936,Q4,Heart,NO2,73497,73497,11.9437105023131,51.1443290710449,Q4 (11.9-51.1 units),3.3333333333333335
1247.9375,Death/delisted too sick,0.14639364309517008,Q4,Heart,NO2,73497,73497,11.9437105023131,51.1443290710449,Q4 (11.9-51.1 units),3.4166666666666665
1247.9375,Transplant,0.7550001710009309,Q4,Heart,NO2,73497,73497,11.9437105023131,51.1443290710449,Q4 (11.9-51.1 units),3.4166666666666665
1278.375,Death/delisted too sick,0.14690418483496195,Q4,Heart,NO2,73497,73497,11.9437105023131,51.1443290710449,Q4 (11.9-51.1 units),3.5
1278.375,Transplant,0.7558146536395359,Q4,Heart,NO2,73497,73497,11.9437105023131,51.1443290710449,Q4 (11.9-51.1 units),3.5
1308.8125,Death/delisted too sick,0.14838934403911566,Q4,Heart,NO2,73497,73497,11.9437105023131,51.1443290710449,Q4 (11.9-51.1 units),3.5833333333333335
1308.8125,Transplant,0.7582377856698183,Q4,Heart,NO2,73497,73497,11.9437105023131,51.1443290710449,Q4 (11.9-51.1 units),3.5833333333333335
1339.25,Death/delisted too sick,0.14953084212086232,Q4,Heart,NO2,73497,73497,11.9437105023131,51.1443290710449,Q4 (11.9-51.1 units),3.6666666666666665
1339.25,Transplant,0.7594777974623221,Q4,Heart,NO2,73497,73497,11.9437105023131,51.1443290710449,Q4 (11.9-51.1 units),3.6666666666666665
1369.6875,Death/delisted too sick,0.14999183061470897,Q4,Heart,NO2,73497,73497,11.9437105023131,51.1443290710449,Q4 (11.9-51.1 units),3.75
1369.6875,Transplant,0.7616473439985261,Q4,Heart,NO2,73497,73497,11.9437105023131,51.1443290710449,Q4 (11.9-51.1 units),3.75
1400.125,Death/delisted too sick,0.15117456177088104,Q4,Heart,NO2,73497,73497,11.9437105023131,51.1443290710449,Q4 (11.9-51.1 units),3.8333333333333335
1400.125,Transplant,0.7624631711153744,Q4,Heart,NO2,73497,73497,11.9437105023131,51.1443290710449,Q4 (11.9-51.1 units),3.8333333333333335
1430.5625,Death/delisted too sick,0.15211987080690012,Q4,Heart,NO2,73497,73497,11.9437105023131,51.1443290710449,Q4 (11.9-51.1 units),3.9166666666666665
1430.5625,Transplant,0.7633601975903116,Q4,Heart,NO2,73497,73497,11.9437105023131,51.1443290710449,Q4 (11.9-51.1 units),3.9166666666666665
1461,Death/delisted too sick,0.15279475051729338,Q4,Heart,NO2,73497,73497,11.9437105023131,51.1443290710449,Q4 (11.9-51.1 units),4
1461,Transplant,0.7646645270893441,Q4,Heart,NO2,73497,73497,11.9437105023131,51.1443290710449,Q4 (11.9-51.1 units),4
1491.4375,Death/delisted too sick,0.1533087967408367,Q4,Heart,NO2,73497,73497,11.9437105023131,51.1443290710449,Q4 (11.9-51.1 units),4.083333333333333
1491.4375,Transplant,0.7654523501092706,Q4,Heart,NO2,73497,73497,11.9437105023131,51.1443290710449,Q4 (11.9-51.1 units),4.083333333333333
1521.875,Death/delisted too sick,0.1537144834492384,Q4,Heart,NO2,73497,73497,11.9437105023131,51.1443290710449,Q4 (11.9-51.1 units),4.166666666666667
1521.875,Transplant,0.7659515865336407,Q4,Heart,NO2,73497,73497,11.9437105023131,51.1443290710449,Q4 (11.9-51.1 units),4.166666666666667
1552.3125,Death/delisted too sick,0.15429808090827357,Q4,Heart,NO2,73497,73497,11.9437105023131,51.1443290710449,Q4 (11.9-51.1 units),4.25
1552.3125,Transplant,0.7669171586600323,Q4,Heart,NO2,73497,73497,11.9437105023131,51.1443290710449,Q4 (11.9-51.1 units),4.25
1582.75,Death/delisted too sick,0.15484794851757624,Q4,Heart,NO2,73497,73497,11.9437105023131,51.1443290710449,Q4 (11.9-51.1 units),4.333333333333333
1582.75,Transplant,0.7688056968347338,Q4,Heart,NO2,73497,73497,11.9437105023131,51.1443290710449,Q4 (11.9-51.1 units),4.333333333333333
1613.1875,Death/delisted too sick,0.15527997085543876,Q4,Heart,NO2,73497,73497,11.9437105023131,51.1443290710449,Q4 (11.9-51.1 units),4.416666666666667
1613.1875,Transplant,0.7700741066682938,Q4,Heart,NO2,73497,73497,11.9437105023131,51.1443290710449,Q4 (11.9-51.1 units),4.416666666666667
1643.625,Death/delisted too sick,0.1558050907458827,Q4,Heart,NO2,73497,73497,11.9437105023131,51.1443290710449,Q4 (11.9-51.1 units),4.5
1643.625,Transplant,0.770664816770849,Q4,Heart,NO2,73497,73497,11.9437105023131,51.1443290710449,Q4 (11.9-51.1 units),4.5
1674.0625,Death/delisted too sick,0.1562933901826341,Q4,Heart,NO2,73497,73497,11.9437105023131,51.1443290710449,Q4 (11.9-51.1 units),4.583333333333333
1674.0625,Transplant,0.7728948825428349,Q4,Heart,NO2,73497,73497,11.9437105023131,51.1443290710449,Q4 (11.9-51.1 units),4.583333333333333
1704.5,Death/delisted too sick,0.15768047071502367,Q4,Heart,NO2,73497,73497,11.9437105023131,51.1443290710449,Q4 (11.9-51.1 units),4.666666666666667
1704.5,Transplant,0.7730227523070128,Q4,Heart,NO2,73497,73497,11.9437105023131,51.1443290710449,Q4 (11.9-51.1 units),4.666666666666667
1734.9375,Death/delisted too sick,0.15795155187717042,Q4,Heart,NO2,73497,73497,11.9437105023131,51.1443290710449,Q4 (11.9-51.1 units),4.75
1734.9375,Transplant,0.7747763918811112,Q4,Heart,NO2,73497,73497,11.9437105023131,51.1443290710449,Q4 (11.9-51.1 units),4.75
1765.375,Death/delisted too sick,0.15871923390782214,Q4,Heart,NO2,73497,73497,11.9437105023131,51.1443290710449,Q4 (11.9-51.1 units),4.833333333333333
1765.375,Transplant,0.7757816783679841,Q4,Heart,NO2,73497,73497,11.9437105023131,51.1443290710449,Q4 (11.9-51.1 units),4.833333333333333
1795.8125,Death/delisted too sick,0.15953468513500219,Q4,Heart,NO2,73497,73497,11.9437105023131,51.1443290710449,Q4 (11.9-51.1 units),4.916666666666667
1795.8125,Transplant,0.7774571642372357,Q4,Heart,NO2,73497,73497,11.9437105023131,51.1443290710449,Q4 (11.9-51.1 units),4.916666666666667
1826.25,Death/delisted too sick,0.16002017733054635,Q4,Heart,NO2,73497,73497,11.9437105023131,51.1443290710449,Q4 (11.9-51.1 units),5
1826.25,Transplant,0.7779941896621697,Q4,Heart,NO2,73497,73497,11.9437105023131,51.1443290710449,Q4 (11.9-51.1 units),5
0,Death/delisted too sick,0,Q1,Kidney,NO2,79994,677201,0.19122242089361,5.28988566458654,Q1 (0.2-5.3 units),0
0,Transplant,0,Q1,Kidney,NO2,79994,677201,0.19122242089361,5.28988566458654,Q1 (0.2-5.3 units),0
30.4375,Death/delisted too sick,0.003195085415234703,Q1,Kidney,NO2,79994,677201,0.19122242089361,5.28988566458654,Q1 (0.2-5.3 units),0.08333333333333333
30.4375,Transplant,0.020548188675979222,Q1,Kidney,NO2,79994,677201,0.19122242089361,5.28988566458654,Q1 (0.2-5.3 units),0.08333333333333333
60.875,Death/delisted too sick,0.005634426965762337,Q1,Kidney,NO2,79994,677201,0.19122242089361,5.28988566458654,Q1 (0.2-5.3 units),0.16666666666666666
60.875,Transplant,0.035304299736854713,Q1,Kidney,NO2,79994,677201,0.19122242089361,5.28988566458654,Q1 (0.2-5.3 units),0.16666666666666666
91.3125,Death/delisted too sick,0.0077631975921415245,Q1,Kidney,NO2,79994,677201,0.19122242089361,5.28988566458654,Q1 (0.2-5.3 units),0.25
91.3125,Transplant,0.05155471875651263,Q1,Kidney,NO2,79994,677201,0.19122242089361,5.28988566458654,Q1 (0.2-5.3 units),0.25
121.75,Death/delisted too sick,0.009468111296294164,Q1,Kidney,NO2,79994,677201,0.19122242089361,5.28988566458654,Q1 (0.2-5.3 units),0.3333333333333333
121.75,Transplant,0.06604961368579143,Q1,Kidney,NO2,79994,677201,0.19122242089361,5.28988566458654,Q1 (0.2-5.3 units),0.3333333333333333
152.1875,Death/delisted too sick,0.011577138108310136,Q1,Kidney,NO2,79994,677201,0.19122242089361,5.28988566458654,Q1 (0.2-5.3 units),0.4166666666666667
152.1875,Transplant,0.08034704375761854,Q1,Kidney,NO2,79994,677201,0.19122242089361,5.28988566458654,Q1 (0.2-5.3 units),0.4166666666666667
182.625,Death/delisted too sick,0.01296399936168818,Q1,Kidney,NO2,79994,677201,0.19122242089361,5.28988566458654,Q1 (0.2-5.3 units),0.5
182.625,Transplant,0.09340965249944325,Q1,Kidney,NO2,79994,677201,0.19122242089361,5.28988566458654,Q1 (0.2-5.3 units),0.5
213.0625,Death/delisted too sick,0.014968157146550186,Q1,Kidney,NO2,79994,677201,0.19122242089361,5.28988566458654,Q1 (0.2-5.3 units),0.5833333333333334
213.0625,Transplant,0.10754556717124794,Q1,Kidney,NO2,79994,677201,0.19122242089361,5.28988566458654,Q1 (0.2-5.3 units),0.5833333333333334
243.5,Death/delisted too sick,0.016915402926921112,Q1,Kidney,NO2,79994,677201,0.19122242089361,5.28988566458654,Q1 (0.2-5.3 units),0.6666666666666666
243.5,Transplant,0.11959627629395522,Q1,Kidney,NO2,79994,677201,0.19122242089361,5.28988566458654,Q1 (0.2-5.3 units),0.6666666666666666
273.9375,Death/delisted too sick,0.018959371428041893,Q1,Kidney,NO2,79994,677201,0.19122242089361,5.28988566458654,Q1 (0.2-5.3 units),0.75
273.9375,Transplant,0.13102303060518164,Q1,Kidney,NO2,79994,677201,0.19122242089361,5.28988566458654,Q1 (0.2-5.3 units),0.75
304.375,Death/delisted too sick,0.020920710045923406,Q1,Kidney,NO2,79994,677201,0.19122242089361,5.28988566458654,Q1 (0.2-5.3 units),0.8333333333333334
304.375,Transplant,0.14308240182918466,Q1,Kidney,NO2,79994,677201,0.19122242089361,5.28988566458654,Q1 (0.2-5.3 units),0.8333333333333334
334.8125,Death/delisted too sick,0.022699582924137842,Q1,Kidney,NO2,79994,677201,0.19122242089361,5.28988566458654,Q1 (0.2-5.3 units),0.9166666666666666
334.8125,Transplant,0.1543483701678781,Q1,Kidney,NO2,79994,677201,0.19122242089361,5.28988566458654,Q1 (0.2-5.3 units),0.9166666666666666
365.25,Death/delisted too sick,0.02492989816325745,Q1,Kidney,NO2,79994,677201,0.19122242089361,5.28988566458654,Q1 (0.2-5.3 units),1
365.25,Transplant,0.16500193651637102,Q1,Kidney,NO2,79994,677201,0.19122242089361,5.28988566458654,Q1 (0.2-5.3 units),1
395.6875,Death/delisted too sick,0.02679175570983771,Q1,Kidney,NO2,79994,677201,0.19122242089361,5.28988566458654,Q1 (0.2-5.3 units),1.0833333333333333
395.6875,Transplant,0.1760445152868449,Q1,Kidney,NO2,79994,677201,0.19122242089361,5.28988566458654,Q1 (0.2-5.3 units),1.0833333333333333
426.125,Death/delisted too sick,0.028872770765495014,Q1,Kidney,NO2,79994,677201,0.19122242089361,5.28988566458654,Q1 (0.2-5.3 units),1.1666666666666667
426.125,Transplant,0.18684797008147838,Q1,Kidney,NO2,79994,677201,0.19122242089361,5.28988566458654,Q1 (0.2-5.3 units),1.1666666666666667
456.5625,Death/delisted too sick,0.031132830028146277,Q1,Kidney,NO2,79994,677201,0.19122242089361,5.28988566458654,Q1 (0.2-5.3 units),1.25
456.5625,Transplant,0.19689672463626298,Q1,Kidney,NO2,79994,677201,0.19122242089361,5.28988566458654,Q1 (0.2-5.3 units),1.25
487,Death/delisted too sick,0.033256669532534665,Q1,Kidney,NO2,79994,677201,0.19122242089361,5.28988566458654,Q1 (0.2-5.3 units),1.3333333333333333
487,Transplant,0.20636917931694265,Q1,Kidney,NO2,79994,677201,0.19122242089361,5.28988566458654,Q1 (0.2-5.3 units),1.3333333333333333
517.4375,Death/delisted too sick,0.03558297315862805,Q1,Kidney,NO2,79994,677201,0.19122242089361,5.28988566458654,Q1 (0.2-5.3 units),1.4166666666666667
517.4375,Transplant,0.21561235171818482,Q1,Kidney,NO2,79994,677201,0.19122242089361,5.28988566458654,Q1 (0.2-5.3 units),1.4166666666666667
547.875,Death/delisted too sick,0.0380574995606365,Q1,Kidney,NO2,79994,677201,0.19122242089361,5.28988566458654,Q1 (0.2-5.3 units),1.5
547.875,Transplant,0.22465311947355443,Q1,Kidney,NO2,79994,677201,0.19122242089361,5.28988566458654,Q1 (0.2-5.3 units),1.5
578.3125,Death/delisted too sick,0.040396385023529144,Q1,Kidney,NO2,79994,677201,0.19122242089361,5.28988566458654,Q1 (0.2-5.3 units),1.5833333333333333
578.3125,Transplant,0.23329772461087117,Q1,Kidney,NO2,79994,677201,0.19122242089361,5.28988566458654,Q1 (0.2-5.3 units),1.5833333333333333
608.75,Death/delisted too sick,0.0426638726703113,Q1,Kidney,NO2,79994,677201,0.19122242089361,5.28988566458654,Q1 (0.2-5.3 units),1.6666666666666667
608.75,Transplant,0.24244049066261564,Q1,Kidney,NO2,79994,677201,0.19122242089361,5.28988566458654,Q1 (0.2-5.3 units),1.6666666666666667
639.1875,Death/delisted too sick,0.045549081068043715,Q1,Kidney,NO2,79994,677201,0.19122242089361,5.28988566458654,Q1 (0.2-5.3 units),1.75
639.1875,Transplant,0.2506409833944124,Q1,Kidney,NO2,79994,677201,0.19122242089361,5.28988566458654,Q1 (0.2-5.3 units),1.75
669.625,Death/delisted too sick,0.0479650168005062,Q1,Kidney,NO2,79994,677201,0.19122242089361,5.28988566458654,Q1 (0.2-5.3 units),1.8333333333333333
669.625,Transplant,0.2579539954843674,Q1,Kidney,NO2,79994,677201,0.19122242089361,5.28988566458654,Q1 (0.2-5.3 units),1.8333333333333333
700.0625,Death/delisted too sick,0.05116616549455737,Q1,Kidney,NO2,79994,677201,0.19122242089361,5.28988566458654,Q1 (0.2-5.3 units),1.9166666666666667
700.0625,Transplant,0.2666475768071887,Q1,Kidney,NO2,79994,677201,0.19122242089361,5.28988566458654,Q1 (0.2-5.3 units),1.9166666666666667
730.5,Death/delisted too sick,0.05415350755114121,Q1,Kidney,NO2,79994,677201,0.19122242089361,5.28988566458654,Q1 (0.2-5.3 units),2
730.5,Transplant,0.2743745583935281,Q1,Kidney,NO2,79994,677201,0.19122242089361,5.28988566458654,Q1 (0.2-5.3 units),2
760.9375,Death/delisted too sick,0.056989256671530035,Q1,Kidney,NO2,79994,677201,0.19122242089361,5.28988566458654,Q1 (0.2-5.3 units),2.0833333333333335
760.9375,Transplant,0.28333267852660887,Q1,Kidney,NO2,79994,677201,0.19122242089361,5.28988566458654,Q1 (0.2-5.3 units),2.0833333333333335
791.375,Death/delisted too sick,0.060033531902119915,Q1,Kidney,NO2,79994,677201,0.19122242089361,5.28988566458654,Q1 (0.2-5.3 units),2.1666666666666665
791.375,Transplant,0.29152626534737136,Q1,Kidney,NO2,79994,677201,0.19122242089361,5.28988566458654,Q1 (0.2-5.3 units),2.1666666666666665
821.8125,Death/delisted too sick,0.06275723937402701,Q1,Kidney,NO2,79994,677201,0.19122242089361,5.28988566458654,Q1 (0.2-5.3 units),2.25
821.8125,Transplant,0.2991693096791071,Q1,Kidney,NO2,79994,677201,0.19122242089361,5.28988566458654,Q1 (0.2-5.3 units),2.25
852.25,Death/delisted too sick,0.0656636985936543,Q1,Kidney,NO2,79994,677201,0.19122242089361,5.28988566458654,Q1 (0.2-5.3 units),2.3333333333333335
852.25,Transplant,0.30668909970056435,Q1,Kidney,NO2,79994,677201,0.19122242089361,5.28988566458654,Q1 (0.2-5.3 units),2.3333333333333335
882.6875,Death/delisted too sick,0.0685988672296485,Q1,Kidney,NO2,79994,677201,0.19122242089361,5.28988566458654,Q1 (0.2-5.3 units),2.4166666666666665
882.6875,Transplant,0.3146109815110753,Q1,Kidney,NO2,79994,677201,0.19122242089361,5.28988566458654,Q1 (0.2-5.3 units),2.4166666666666665
913.125,Death/delisted too sick,0.07119859713461343,Q1,Kidney,NO2,79994,677201,0.19122242089361,5.28988566458654,Q1 (0.2-5.3 units),2.5
913.125,Transplant,0.32277549503877623,Q1,Kidney,NO2,79994,677201,0.19122242089361,5.28988566458654,Q1 (0.2-5.3 units),2.5
943.5625,Death/delisted too sick,0.07438258292330614,Q1,Kidney,NO2,79994,677201,0.19122242089361,5.28988566458654,Q1 (0.2-5.3 units),2.5833333333333335
943.5625,Transplant,0.32982682731643836,Q1,Kidney,NO2,79994,677201,0.19122242089361,5.28988566458654,Q1 (0.2-5.3 units),2.5833333333333335
974,Death/delisted too sick,0.07764511445629672,Q1,Kidney,NO2,79994,677201,0.19122242089361,5.28988566458654,Q1 (0.2-5.3 units),2.6666666666666665
974,Transplant,0.3368549600895499,Q1,Kidney,NO2,79994,677201,0.19122242089361,5.28988566458654,Q1 (0.2-5.3 units),2.6666666666666665
1004.4375,Death/delisted too sick,0.08065980686446936,Q1,Kidney,NO2,79994,677201,0.19122242089361,5.28988566458654,Q1 (0.2-5.3 units),2.75
1004.4375,Transplant,0.34350592394252605,Q1,Kidney,NO2,79994,677201,0.19122242089361,5.28988566458654,Q1 (0.2-5.3 units),2.75
1034.875,Death/delisted too sick,0.0836091861290399,Q1,Kidney,NO2,79994,677201,0.19122242089361,5.28988566458654,Q1 (0.2-5.3 units),2.8333333333333335
1034.875,Transplant,0.35011827107348126,Q1,Kidney,NO2,79994,677201,0.19122242089361,5.28988566458654,Q1 (0.2-5.3 units),2.8333333333333335
1065.3125,Death/delisted too sick,0.08657670118693349,Q1,Kidney,NO2,79994,677201,0.19122242089361,5.28988566458654,Q1 (0.2-5.3 units),2.9166666666666665
1065.3125,Transplant,0.3574462859119617,Q1,Kidney,NO2,79994,677201,0.19122242089361,5.28988566458654,Q1 (0.2-5.3 units),2.9166666666666665
1095.75,Death/delisted too sick,0.08964357944392906,Q1,Kidney,NO2,79994,677201,0.19122242089361,5.28988566458654,Q1 (0.2-5.3 units),3
1095.75,Transplant,0.36382141132595996,Q1,Kidney,NO2,79994,677201,0.19122242089361,5.28988566458654,Q1 (0.2-5.3 units),3
1126.1875,Death/delisted too sick,0.09236670070305486,Q1,Kidney,NO2,79994,677201,0.19122242089361,5.28988566458654,Q1 (0.2-5.3 units),3.0833333333333335
1126.1875,Transplant,0.37058643684218645,Q1,Kidney,NO2,79994,677201,0.19122242089361,5.28988566458654,Q1 (0.2-5.3 units),3.0833333333333335
1156.625,Death/delisted too sick,0.09554914163691627,Q1,Kidney,NO2,79994,677201,0.19122242089361,5.28988566458654,Q1 (0.2-5.3 units),3.1666666666666665
1156.625,Transplant,0.37679795756180035,Q1,Kidney,NO2,79994,677201,0.19122242089361,5.28988566458654,Q1 (0.2-5.3 units),3.1666666666666665
1187.0625,Death/delisted too sick,0.09833691151084804,Q1,Kidney,NO2,79994,677201,0.19122242089361,5.28988566458654,Q1 (0.2-5.3 units),3.25
1187.0625,Transplant,0.383854791419255,Q1,Kidney,NO2,79994,677201,0.19122242089361,5.28988566458654,Q1 (0.2-5.3 units),3.25
1217.5,Death/delisted too sick,0.10123682372861918,Q1,Kidney,NO2,79994,677201,0.19122242089361,5.28988566458654,Q1 (0.2-5.3 units),3.3333333333333335
1217.5,Transplant,0.39049792255673005,Q1,Kidney,NO2,79994,677201,0.19122242089361,5.28988566458654,Q1 (0.2-5.3 units),3.3333333333333335
1247.9375,Death/delisted too sick,0.10434568751541609,Q1,Kidney,NO2,79994,677201,0.19122242089361,5.28988566458654,Q1 (0.2-5.3 units),3.4166666666666665
1247.9375,Transplant,0.39649590229469284,Q1,Kidney,NO2,79994,677201,0.19122242089361,5.28988566458654,Q1 (0.2-5.3 units),3.4166666666666665
1278.375,Death/delisted too sick,0.10719534038451418,Q1,Kidney,NO2,79994,677201,0.19122242089361,5.28988566458654,Q1 (0.2-5.3 units),3.5
1278.375,Transplant,0.403548535342025,Q1,Kidney,NO2,79994,677201,0.19122242089361,5.28988566458654,Q1 (0.2-5.3 units),3.5
1308.8125,Death/delisted too sick,0.10991643574886788,Q1,Kidney,NO2,79994,677201,0.19122242089361,5.28988566458654,Q1 (0.2-5.3 units),3.5833333333333335
1308.8125,Transplant,0.40931944732813624,Q1,Kidney,NO2,79994,677201,0.19122242089361,5.28988566458654,Q1 (0.2-5.3 units),3.5833333333333335
1339.25,Death/delisted too sick,0.11301773253347734,Q1,Kidney,NO2,79994,677201,0.19122242089361,5.28988566458654,Q1 (0.2-5.3 units),3.6666666666666665
1339.25,Transplant,0.41499712567630576,Q1,Kidney,NO2,79994,677201,0.19122242089361,5.28988566458654,Q1 (0.2-5.3 units),3.6666666666666665
1369.6875,Death/delisted too sick,0.11582552401458131,Q1,Kidney,NO2,79994,677201,0.19122242089361,5.28988566458654,Q1 (0.2-5.3 units),3.75
1369.6875,Transplant,0.4205202339144531,Q1,Kidney,NO2,79994,677201,0.19122242089361,5.28988566458654,Q1 (0.2-5.3 units),3.75
1400.125,Death/delisted too sick,0.11933709024303818,Q1,Kidney,NO2,79994,677201,0.19122242089361,5.28988566458654,Q1 (0.2-5.3 units),3.8333333333333335
1400.125,Transplant,0.4264397861393313,Q1,Kidney,NO2,79994,677201,0.19122242089361,5.28988566458654,Q1 (0.2-5.3 units),3.8333333333333335
1430.5625,Death/delisted too sick,0.12187994515164931,Q1,Kidney,NO2,79994,677201,0.19122242089361,5.28988566458654,Q1 (0.2-5.3 units),3.9166666666666665
1430.5625,Transplant,0.43273627786177626,Q1,Kidney,NO2,79994,677201,0.19122242089361,5.28988566458654,Q1 (0.2-5.3 units),3.9166666666666665
1461,Death/delisted too sick,0.1248319094383104,Q1,Kidney,NO2,79994,677201,0.19122242089361,5.28988566458654,Q1 (0.2-5.3 units),4
1461,Transplant,0.4387345720878319,Q1,Kidney,NO2,79994,677201,0.19122242089361,5.28988566458654,Q1 (0.2-5.3 units),4
1491.4375,Death/delisted too sick,0.1271201798655785,Q1,Kidney,NO2,79994,677201,0.19122242089361,5.28988566458654,Q1 (0.2-5.3 units),4.083333333333333
1491.4375,Transplant,0.44474202948522756,Q1,Kidney,NO2,79994,677201,0.19122242089361,5.28988566458654,Q1 (0.2-5.3 units),4.083333333333333
1521.875,Death/delisted too sick,0.13006223318544188,Q1,Kidney,NO2,79994,677201,0.19122242089361,5.28988566458654,Q1 (0.2-5.3 units),4.166666666666667
1521.875,Transplant,0.44963617653806087,Q1,Kidney,NO2,79994,677201,0.19122242089361,5.28988566458654,Q1 (0.2-5.3 units),4.166666666666667
1552.3125,Death/delisted too sick,0.13288358981939943,Q1,Kidney,NO2,79994,677201,0.19122242089361,5.28988566458654,Q1 (0.2-5.3 units),4.25
1552.3125,Transplant,0.4555792646420958,Q1,Kidney,NO2,79994,677201,0.19122242089361,5.28988566458654,Q1 (0.2-5.3 units),4.25
1582.75,Death/delisted too sick,0.136095543887676,Q1,Kidney,NO2,79994,677201,0.19122242089361,5.28988566458654,Q1 (0.2-5.3 units),4.333333333333333
1582.75,Transplant,0.4613698217127172,Q1,Kidney,NO2,79994,677201,0.19122242089361,5.28988566458654,Q1 (0.2-5.3 units),4.333333333333333
1613.1875,Death/delisted too sick,0.13901987673204888,Q1,Kidney,NO2,79994,677201,0.19122242089361,5.28988566458654,Q1 (0.2-5.3 units),4.416666666666667
1613.1875,Transplant,0.4665929903155036,Q1,Kidney,NO2,79994,677201,0.19122242089361,5.28988566458654,Q1 (0.2-5.3 units),4.416666666666667
1643.625,Death/delisted too sick,0.14180462041148148,Q1,Kidney,NO2,79994,677201,0.19122242089361,5.28988566458654,Q1 (0.2-5.3 units),4.5
1643.625,Transplant,0.4724239223039304,Q1,Kidney,NO2,79994,677201,0.19122242089361,5.28988566458654,Q1 (0.2-5.3 units),4.5
1674.0625,Death/delisted too sick,0.14449865192942699,Q1,Kidney,NO2,79994,677201,0.19122242089361,5.28988566458654,Q1 (0.2-5.3 units),4.583333333333333
1674.0625,Transplant,0.47772515120946785,Q1,Kidney,NO2,79994,677201,0.19122242089361,5.28988566458654,Q1 (0.2-5.3 units),4.583333333333333
1704.5,Death/delisted too sick,0.1471203198848165,Q1,Kidney,NO2,79994,677201,0.19122242089361,5.28988566458654,Q1 (0.2-5.3 units),4.666666666666667
1704.5,Transplant,0.48308929926013017,Q1,Kidney,NO2,79994,677201,0.19122242089361,5.28988566458654,Q1 (0.2-5.3 units),4.666666666666667
1734.9375,Death/delisted too sick,0.14956322107264436,Q1,Kidney,NO2,79994,677201,0.19122242089361,5.28988566458654,Q1 (0.2-5.3 units),4.75
1734.9375,Transplant,0.4880994268426172,Q1,Kidney,NO2,79994,677201,0.19122242089361,5.28988566458654,Q1 (0.2-5.3 units),4.75
1765.375,Death/delisted too sick,0.15224642946996383,Q1,Kidney,NO2,79994,677201,0.19122242089361,5.28988566458654,Q1 (0.2-5.3 units),4.833333333333333
1765.375,Transplant,0.49287572268453567,Q1,Kidney,NO2,79994,677201,0.19122242089361,5.28988566458654,Q1 (0.2-5.3 units),4.833333333333333
1795.8125,Death/delisted too sick,0.15487135898369742,Q1,Kidney,NO2,79994,677201,0.19122242089361,5.28988566458654,Q1 (0.2-5.3 units),4.916666666666667
1795.8125,Transplant,0.49733348422630247,Q1,Kidney,NO2,79994,677201,0.19122242089361,5.28988566458654,Q1 (0.2-5.3 units),4.916666666666667
1826.25,Death/delisted too sick,0.1575302044274113,Q1,Kidney,NO2,79994,677201,0.19122242089361,5.28988566458654,Q1 (0.2-5.3 units),5
1826.25,Transplant,0.5025418828091688,Q1,Kidney,NO2,79994,677201,0.19122242089361,5.28988566458654,Q1 (0.2-5.3 units),5
0,Death/delisted too sick,0,Q2,Kidney,NO2,79994,677201,5.28988629677257,8.70357090527894,Q2 (5.3-8.7 units),0
0,Transplant,0,Q2,Kidney,NO2,79994,677201,5.28988629677257,8.70357090527894,Q2 (5.3-8.7 units),0
30.4375,Death/delisted too sick,0.0029617232007995986,Q2,Kidney,NO2,79994,677201,5.28988629677257,8.70357090527894,Q2 (5.3-8.7 units),0.08333333333333333
30.4375,Transplant,0.01988669226508319,Q2,Kidney,NO2,79994,677201,5.28988629677257,8.70357090527894,Q2 (5.3-8.7 units),0.08333333333333333
60.875,Death/delisted too sick,0.0048765980431949765,Q2,Kidney,NO2,79994,677201,5.28988629677257,8.70357090527894,Q2 (5.3-8.7 units),0.16666666666666666
60.875,Transplant,0.034206760019450035,Q2,Kidney,NO2,79994,677201,5.28988629677257,8.70357090527894,Q2 (5.3-8.7 units),0.16666666666666666
91.3125,Death/delisted too sick,0.0068969154410639015,Q2,Kidney,NO2,79994,677201,5.28988629677257,8.70357090527894,Q2 (5.3-8.7 units),0.25
91.3125,Transplant,0.04904917316387288,Q2,Kidney,NO2,79994,677201,5.28988629677257,8.70357090527894,Q2 (5.3-8.7 units),0.25
121.75,Death/delisted too sick,0.008640032680689755,Q2,Kidney,NO2,79994,677201,5.28988629677257,8.70357090527894,Q2 (5.3-8.7 units),0.3333333333333333
121.75,Transplant,0.06254726224118501,Q2,Kidney,NO2,79994,677201,5.28988629677257,8.70357090527894,Q2 (5.3-8.7 units),0.3333333333333333
152.1875,Death/delisted too sick,0.010327935678884806,Q2,Kidney,NO2,79994,677201,5.28988629677257,8.70357090527894,Q2 (5.3-8.7 units),0.4166666666666667
152.1875,Transplant,0.07663666976407882,Q2,Kidney,NO2,79994,677201,5.28988629677257,8.70357090527894,Q2 (5.3-8.7 units),0.4166666666666667
182.625,Death/delisted too sick,0.012239749361759662,Q2,Kidney,NO2,79994,677201,5.28988629677257,8.70357090527894,Q2 (5.3-8.7 units),0.5
182.625,Transplant,0.089530834005956475,Q2,Kidney,NO2,79994,677201,5.28988629677257,8.70357090527894,Q2 (5.3-8.7 units),0.5
213.0625,Death/delisted too sick,0.01393298942048005,Q2,Kidney,NO2,79994,677201,5.28988629677257,8.70357090527894,Q2 (5.3-8.7 units),0.5833333333333334
213.0625,Transplant,0.1023014951865749,Q2,Kidney,NO2,79994,677201,5.28988629677257,8.70357090527894,Q2 (5.3-8.7 units),0.5833333333333334
243.5,Death/delisted too sick,0.015863761527169933,Q2,Kidney,NO2,79994,677201,5.28988629677257,8.70357090527894,Q2 (5.3-8.7 units),0.6666666666666666
243.5,Transplant,0.11464868862937717,Q2,Kidney,NO2,79994,677201,5.28988629677257,8.70357090527894,Q2 (5.3-8.7 units),0.6666666666666666
273.9375,Death/delisted too sick,0.017783320073854397,Q2,Kidney,NO2,79994,677201,5.28988629677257,8.70357090527894,Q2 (5.3-8.7 units),0.75
273.9375,Transplant,0.12636813856521475,Q2,Kidney,NO2,79994,677201,5.28988629677257,8.70357090527894,Q2 (5.3-8.7 units),0.75
304.375,Death/delisted too sick,0.019663998073459747,Q2,Kidney,NO2,79994,677201,5.28988629677257,8.70357090527894,Q2 (5.3-8.7 units),0.8333333333333334
304.375,Transplant,0.13752220373667398,Q2,Kidney,NO2,79994,677201,5.28988629677257,8.70357090527894,Q2 (5.3-8.7 units),0.8333333333333334
334.8125,Death/delisted too sick,0.021456439387862347,Q2,Kidney,NO2,79994,677201,5.28988629677257,8.70357090527894,Q2 (5.3-8.7 units),0.9166666666666666
334.8125,Transplant,0.14814474748634918,Q2,Kidney,NO2,79994,677201,5.28988629677257,8.70357090527894,Q2 (5.3-8.7 units),0.9166666666666666
365.25,Death/delisted too sick,0.02361816820926498,Q2,Kidney,NO2,79994,677201,5.28988629677257,8.70357090527894,Q2 (5.3-8.7 units),1
365.25,Transplant,0.15893921592531599,Q2,Kidney,NO2,79994,677201,5.28988629677257,8.70357090527894,Q2 (5.3-8.7 units),1
395.6875,Death/delisted too sick,0.025962608642791627,Q2,Kidney,NO2,79994,677201,5.28988629677257,8.70357090527894,Q2 (5.3-8.7 units),1.0833333333333333
395.6875,Transplant,0.16969414175250544,Q2,Kidney,NO2,79994,677201,5.28988629677257,8.70357090527894,Q2 (5.3-8.7 units),1.0833333333333333
426.125,Death/delisted too sick,0.028325203995214692,Q2,Kidney,NO2,79994,677201,5.28988629677257,8.70357090527894,Q2 (5.3-8.7 units),1.1666666666666667
426.125,Transplant,0.1805640650518601,Q2,Kidney,NO2,79994,677201,5.28988629677257,8.70357090527894,Q2 (5.3-8.7 units),1.1666666666666667
456.5625,Death/delisted too sick,0.030580035563834065,Q2,Kidney,NO2,79994,677201,5.28988629677257,8.70357090527894,Q2 (5.3-8.7 units),1.25
456.5625,Transplant,0.19005980322370347,Q2,Kidney,NO2,79994,677201,5.28988629677257,8.70357090527894,Q2 (5.3-8.7 units),1.25
487,Death/delisted too sick,0.03308889902681818,Q2,Kidney,NO2,79994,677201,5.28988629677257,8.70357090527894,Q2 (5.3-8.7 units),1.3333333333333333
487,Transplant,0.20032270939445684,Q2,Kidney,NO2,79994,677201,5.28988629677257,8.70357090527894,Q2 (5.3-8.7 units),1.3333333333333333
517.4375,Death/delisted too sick,0.03538280333215288,Q2,Kidney,NO2,79994,677201,5.28988629677257,8.70357090527894,Q2 (5.3-8.7 units),1.4166666666666667
517.4375,Transplant,0.20960313921874035,Q2,Kidney,NO2,79994,677201,5.28988629677257,8.70357090527894,Q2 (5.3-8.7 units),1.4166666666666667
547.875,Death/delisted too sick,0.03784951240720391,Q2,Kidney,NO2,79994,677201,5.28988629677257,8.70357090527894,Q2 (5.3-8.7 units),1.5
547.875,Transplant,0.21840316716830702,Q2,Kidney,NO2,79994,677201,5.28988629677257,8.70357090527894,Q2 (5.3-8.7 units),1.5
578.3125,Death/delisted too sick,0.040017948096408955,Q2,Kidney,NO2,79994,677201,5.28988629677257,8.70357090527894,Q2 (5.3-8.7 units),1.5833333333333333
578.3125,Transplant,0.22759889378212098,Q2,Kidney,NO2,79994,677201,5.28988629677257,8.70357090527894,Q2 (5.3-8.7 units),1.5833333333333333
608.75,Death/delisted too sick,0.04230243235945487,Q2,Kidney,NO2,79994,677201,5.28988629677257,8.70357090527894,Q2 (5.3-8.7 units),1.6666666666666667
608.75,Transplant,0.235938865470836,Q2,Kidney,NO2,79994,677201,5.28988629677257,8.70357090527894,Q2 (5.3-8.7 units),1.6666666666666667
639.1875,Death/delisted too sick,0.04472692348956454,Q2,Kidney,NO2,79994,677201,5.28988629677257,8.70357090527894,Q2 (5.3-8.7 units),1.75
639.1875,Transplant,0.2447292198245186,Q2,Kidney,NO2,79994,677201,5.28988629677257,8.70357090527894,Q2 (5.3-8.7 units),1.75
669.625,Death/delisted too sick,0.047260151502601634,Q2,Kidney,NO2,79994,677201,5.28988629677257,8.70357090527894,Q2 (5.3-8.7 units),1.8333333333333333
669.625,Transplant,0.25231300580141514,Q2,Kidney,NO2,79994,677201,5.28988629677257,8.70357090527894,Q2 (5.3-8.7 units),1.8333333333333333
700.0625,Death/delisted too sick,0.04983755660460148,Q2,Kidney,NO2,79994,677201,5.28988629677257,8.70357090527894,Q2 (5.3-8.7 units),1.9166666666666667
700.0625,Transplant,0.2604469282281434,Q2,Kidney,NO2,79994,677201,5.28988629677257,8.70357090527894,Q2 (5.3-8.7 units),1.9166666666666667
730.5,Death/delisted too sick,0.05255431379929735,Q2,Kidney,NO2,79994,677201,5.28988629677257,8.70357090527894,Q2 (5.3-8.7 units),2
730.5,Transplant,0.26787989129742873,Q2,Kidney,NO2,79994,677201,5.28988629677257,8.70357090527894,Q2 (5.3-8.7 units),2
760.9375,Death/delisted too sick,0.055475659195699634,Q2,Kidney,NO2,79994,677201,5.28988629677257,8.70357090527894,Q2 (5.3-8.7 units),2.0833333333333335
760.9375,Transplant,0.27626700412046834,Q2,Kidney,NO2,79994,677201,5.28988629677257,8.70357090527894,Q2 (5.3-8.7 units),2.0833333333333335
791.375,Death/delisted too sick,0.058369449169932086,Q2,Kidney,NO2,79994,677201,5.28988629677257,8.70357090527894,Q2 (5.3-8.7 units),2.1666666666666665
791.375,Transplant,0.2851487829486676,Q2,Kidney,NO2,79994,677201,5.28988629677257,8.70357090527894,Q2 (5.3-8.7 units),2.1666666666666665
821.8125,Death/delisted too sick,0.06101328744007382,Q2,Kidney,NO2,79994,677201,5.28988629677257,8.70357090527894,Q2 (5.3-8.7 units),2.25
821.8125,Transplant,0.293662994869911,Q2,Kidney,NO2,79994,677201,5.28988629677257,8.70357090527894,Q2 (5.3-8.7 units),2.25
852.25,Death/delisted too sick,0.06399144738549165,Q2,Kidney,NO2,79994,677201,5.28988629677257,8.70357090527894,Q2 (5.3-8.7 units),2.3333333333333335
852.25,Transplant,0.3013670512784705,Q2,Kidney,NO2,79994,677201,5.28988629677257,8.70357090527894,Q2 (5.3-8.7 units),2.3333333333333335
882.6875,Death/delisted too sick,0.0669883002048254,Q2,Kidney,NO2,79994,677201,5.28988629677257,8.70357090527894,Q2 (5.3-8.7 units),2.4166666666666665
882.6875,Transplant,0.30919328145219244,Q2,Kidney,NO2,79994,677201,5.28988629677257,8.70357090527894,Q2 (5.3-8.7 units),2.4166666666666665
913.125,Death/delisted too sick,0.07020318953147689,Q2,Kidney,NO2,79994,677201,5.28988629677257,8.70357090527894,Q2 (5.3-8.7 units),2.5
913.125,Transplant,0.31698924894349695,Q2,Kidney,NO2,79994,677201,5.28988629677257,8.70357090527894,Q2 (5.3-8.7 units),2.5
943.5625,Death/delisted too sick,0.07324844634249908,Q2,Kidney,NO2,79994,677201,5.28988629677257,8.70357090527894,Q2 (5.3-8.7 units),2.5833333333333335
943.5625,Transplant,0.3243313465498835,Q2,Kidney,NO2,79994,677201,5.28988629677257,8.70357090527894,Q2 (5.3-8.7 units),2.5833333333333335
974,Death/delisted too sick,0.07609312513970319,Q2,Kidney,NO2,79994,677201,5.28988629677257,8.70357090527894,Q2 (5.3-8.7 units),2.6666666666666665
974,Transplant,0.33130491459055655,Q2,Kidney,NO2,79994,677201,5.28988629677257,8.70357090527894,Q2 (5.3-8.7 units),2.6666666666666665
1004.4375,Death/delisted too sick,0.07854844634737969,Q2,Kidney,NO2,79994,677201,5.28988629677257,8.70357090527894,Q2 (5.3-8.7 units),2.75
1004.4375,Transplant,0.3385318726941745,Q2,Kidney,NO2,79994,677201,5.28988629677257,8.70357090527894,Q2 (5.3-8.7 units),2.75
1034.875,Death/delisted too sick,0.08174112625385001,Q2,Kidney,NO2,79994,677201,5.28988629677257,8.70357090527894,Q2 (5.3-8.7 units),2.8333333333333335
1034.875,Transplant,0.34525860811334125,Q2,Kidney,NO2,79994,677201,5.28988629677257,8.70357090527894,Q2 (5.3-8.7 units),2.8333333333333335
1065.3125,Death/delisted too sick,0.08475215611469573,Q2,Kidney,NO2,79994,677201,5.28988629677257,8.70357090527894,Q2 (5.3-8.7 units),2.9166666666666665
1065.3125,Transplant,0.35271295197095787,Q2,Kidney,NO2,79994,677201,5.28988629677257,8.70357090527894,Q2 (5.3-8.7 units),2.9166666666666665
1095.75,Death/delisted too sick,0.0875037231762206,Q2,Kidney,NO2,79994,677201,5.28988629677257,8.70357090527894,Q2 (5.3-8.7 units),3
1095.75,Transplant,0.35932047758795843,Q2,Kidney,NO2,79994,677201,5.28988629677257,8.70357090527894,Q2 (5.3-8.7 units),3
1126.1875,Death/delisted too sick,0.09053180329589894,Q2,Kidney,NO2,79994,677201,5.28988629677257,8.70357090527894,Q2 (5.3-8.7 units),3.0833333333333335
1126.1875,Transplant,0.36662813631664865,Q2,Kidney,NO2,79994,677201,5.28988629677257,8.70357090527894,Q2 (5.3-8.7 units),3.0833333333333335
1156.625,Death/delisted too sick,0.09347868202476395,Q2,Kidney,NO2,79994,677201,5.28988629677257,8.70357090527894,Q2 (5.3-8.7 units),3.1666666666666665
1156.625,Transplant,0.37463426318024085,Q2,Kidney,NO2,79994,677201,5.28988629677257,8.70357090527894,Q2 (5.3-8.7 units),3.1666666666666665
1187.0625,Death/delisted too sick,0.09645595641693781,Q2,Kidney,NO2,79994,677201,5.28988629677257,8.70357090527894,Q2 (5.3-8.7 units),3.25
1187.0625,Transplant,0.3818077156722714,Q2,Kidney,NO2,79994,677201,5.28988629677257,8.70357090527894,Q2 (5.3-8.7 units),3.25
1217.5,Death/delisted too sick,0.09944292344929337,Q2,Kidney,NO2,79994,677201,5.28988629677257,8.70357090527894,Q2 (5.3-8.7 units),3.3333333333333335
1217.5,Transplant,0.38845926374415146,Q2,Kidney,NO2,79994,677201,5.28988629677257,8.70357090527894,Q2 (5.3-8.7 units),3.3333333333333335
1247.9375,Death/delisted too sick,0.10232771762410409,Q2,Kidney,NO2,79994,677201,5.28988629677257,8.70357090527894,Q2 (5.3-8.7 units),3.4166666666666665
1247.9375,Transplant,0.3950027454251433,Q2,Kidney,NO2,79994,677201,5.28988629677257,8.70357090527894,Q2 (5.3-8.7 units),3.4166666666666665
1278.375,Death/delisted too sick,0.1052145276081872,Q2,Kidney,NO2,79994,677201,5.28988629677257,8.70357090527894,Q2 (5.3-8.7 units),3.5
1278.375,Transplant,0.40147957802624146,Q2,Kidney,NO2,79994,677201,5.28988629677257,8.70357090527894,Q2 (5.3-8.7 units),3.5
1308.8125,Death/delisted too sick,0.10777700559720096,Q2,Kidney,NO2,79994,677201,5.28988629677257,8.70357090527894,Q2 (5.3-8.7 units),3.5833333333333335
1308.8125,Transplant,0.40720541395291776,Q2,Kidney,NO2,79994,677201,5.28988629677257,8.70357090527894,Q2 (5.3-8.7 units),3.5833333333333335
1339.25,Death/delisted too sick,0.11083250859842425,Q2,Kidney,NO2,79994,677201,5.28988629677257,8.70357090527894,Q2 (5.3-8.7 units),3.6666666666666665
1339.25,Transplant,0.414154590463153,Q2,Kidney,NO2,79994,677201,5.28988629677257,8.70357090527894,Q2 (5.3-8.7 units),3.6666666666666665
1369.6875,Death/delisted too sick,0.11357060682105188,Q2,Kidney,NO2,79994,677201,5.28988629677257,8.70357090527894,Q2 (5.3-8.7 units),3.75
1369.6875,Transplant,0.4206571432777475,Q2,Kidney,NO2,79994,677201,5.28988629677257,8.70357090527894,Q2 (5.3-8.7 units),3.75
1400.125,Death/delisted too sick,0.11646451642950699,Q2,Kidney,NO2,79994,677201,5.28988629677257,8.70357090527894,Q2 (5.3-8.7 units),3.8333333333333335
1400.125,Transplant,0.42698846654291844,Q2,Kidney,NO2,79994,677201,5.28988629677257,8.70357090527894,Q2 (5.3-8.7 units),3.8333333333333335
1430.5625,Death/delisted too sick,0.11902818226737906,Q2,Kidney,NO2,79994,677201,5.28988629677257,8.70357090527894,Q2 (5.3-8.7 units),3.9166666666666665
1430.5625,Transplant,0.43284495848477145,Q2,Kidney,NO2,79994,677201,5.28988629677257,8.70357090527894,Q2 (5.3-8.7 units),3.9166666666666665
1461,Death/delisted too sick,0.12190902722758855,Q2,Kidney,NO2,79994,677201,5.28988629677257,8.70357090527894,Q2 (5.3-8.7 units),4
1461,Transplant,0.4393261884742425,Q2,Kidney,NO2,79994,677201,5.28988629677257,8.70357090527894,Q2 (5.3-8.7 units),4
1491.4375,Death/delisted too sick,0.12483656530655733,Q2,Kidney,NO2,79994,677201,5.28988629677257,8.70357090527894,Q2 (5.3-8.7 units),4.083333333333333
1491.4375,Transplant,0.4459948205475541,Q2,Kidney,NO2,79994,677201,5.28988629677257,8.70357090527894,Q2 (5.3-8.7 units),4.083333333333333
1521.875,Death/delisted too sick,0.12780558327478747,Q2,Kidney,NO2,79994,677201,5.28988629677257,8.70357090527894,Q2 (5.3-8.7 units),4.166666666666667
1521.875,Transplant,0.45227521980474183,Q2,Kidney,NO2,79994,677201,5.28988629677257,8.70357090527894,Q2 (5.3-8.7 units),4.166666666666667
1552.3125,Death/delisted too sick,0.13073348524189743,Q2,Kidney,NO2,79994,677201,5.28988629677257,8.70357090527894,Q2 (5.3-8.7 units),4.25
1552.3125,Transplant,0.4582919462672341,Q2,Kidney,NO2,79994,677201,5.28988629677257,8.70357090527894,Q2 (5.3-8.7 units),4.25
1582.75,Death/delisted too sick,0.1336210421479213,Q2,Kidney,NO2,79994,677201,5.28988629677257,8.70357090527894,Q2 (5.3-8.7 units),4.333333333333333
1582.75,Transplant,0.46474519374413875,Q2,Kidney,NO2,79994,677201,5.28988629677257,8.70357090527894,Q2 (5.3-8.7 units),4.333333333333333
1613.1875,Death/delisted too sick,0.1364718688319579,Q2,Kidney,NO2,79994,677201,5.28988629677257,8.70357090527894,Q2 (5.3-8.7 units),4.416666666666667
1613.1875,Transplant,0.47113122729303447,Q2,Kidney,NO2,79994,677201,5.28988629677257,8.70357090527894,Q2 (5.3-8.7 units),4.416666666666667
1643.625,Death/delisted too sick,0.13929287201798196,Q2,Kidney,NO2,79994,677201,5.28988629677257,8.70357090527894,Q2 (5.3-8.7 units),4.5
1643.625,Transplant,0.476705616377252,Q2,Kidney,NO2,79994,677201,5.28988629677257,8.70357090527894,Q2 (5.3-8.7 units),4.5
1674.0625,Death/delisted too sick,0.14204051491222094,Q2,Kidney,NO2,79994,677201,5.28988629677257,8.70357090527894,Q2 (5.3-8.7 units),4.583333333333333
1674.0625,Transplant,0.4828025764775843,Q2,Kidney,NO2,79994,677201,5.28988629677257,8.70357090527894,Q2 (5.3-8.7 units),4.583333333333333
1704.5,Death/delisted too sick,0.14465259065701952,Q2,Kidney,NO2,79994,677201,5.28988629677257,8.70357090527894,Q2 (5.3-8.7 units),4.666666666666667
1704.5,Transplant,0.48869071438065925,Q2,Kidney,NO2,79994,677201,5.28988629677257,8.70357090527894,Q2 (5.3-8.7 units),4.666666666666667
1734.9375,Death/delisted too sick,0.14724686064869152,Q2,Kidney,NO2,79994,677201,5.28988629677257,8.70357090527894,Q2 (5.3-8.7 units),4.75
1734.9375,Transplant,0.493847379617687,Q2,Kidney,NO2,79994,677201,5.28988629677257,8.70357090527894,Q2 (5.3-8.7 units),4.75
1765.375,Death/delisted too sick,0.1495431869673794,Q2,Kidney,NO2,79994,677201,5.28988629677257,8.70357090527894,Q2 (5.3-8.7 units),4.833333333333333
1765.375,Transplant,0.4996151995131121,Q2,Kidney,NO2,79994,677201,5.28988629677257,8.70357090527894,Q2 (5.3-8.7 units),4.833333333333333
1795.8125,Death/delisted too sick,0.15235774747256087,Q2,Kidney,NO2,79994,677201,5.28988629677257,8.70357090527894,Q2 (5.3-8.7 units),4.916666666666667
1795.8125,Transplant,0.5047386921000615,Q2,Kidney,NO2,79994,677201,5.28988629677257,8.70357090527894,Q2 (5.3-8.7 units),4.916666666666667
1826.25,Death/delisted too sick,0.15489374665909117,Q2,Kidney,NO2,79994,677201,5.28988629677257,8.70357090527894,Q2 (5.3-8.7 units),5
1826.25,Transplant,0.5104573356798681,Q2,Kidney,NO2,79994,677201,5.28988629677257,8.70357090527894,Q2 (5.3-8.7 units),5
0,Death/delisted too sick,0,Q3,Kidney,NO2,79994,677201,8.70357090527894,13.5761510225443,Q3 (8.7-13.6 units),0
0,Transplant,0,Q3,Kidney,NO2,79994,677201,8.70357090527894,13.5761510225443,Q3 (8.7-13.6 units),0
30.4375,Death/delisted too sick,0.0037404267105825614,Q3,Kidney,NO2,79994,677201,8.70357090527894,13.5761510225443,Q3 (8.7-13.6 units),0.08333333333333333
30.4375,Transplant,0.021881600051350078,Q3,Kidney,NO2,79994,677201,8.70357090527894,13.5761510225443,Q3 (8.7-13.6 units),0.08333333333333333
60.875,Death/delisted too sick,0.006129895524650638,Q3,Kidney,NO2,79994,677201,8.70357090527894,13.5761510225443,Q3 (8.7-13.6 units),0.16666666666666666
60.875,Transplant,0.036902731716583315,Q3,Kidney,NO2,79994,677201,8.70357090527894,13.5761510225443,Q3 (8.7-13.6 units),0.16666666666666666
91.3125,Death/delisted too sick,0.008224463015978756,Q3,Kidney,NO2,79994,677201,8.70357090527894,13.5761510225443,Q3 (8.7-13.6 units),0.25
91.3125,Transplant,0.052919989916774164,Q3,Kidney,NO2,79994,677201,8.70357090527894,13.5761510225443,Q3 (8.7-13.6 units),0.25
121.75,Death/delisted too sick,0.009976560592579236,Q3,Kidney,NO2,79994,677201,8.70357090527894,13.5761510225443,Q3 (8.7-13.6 units),0.3333333333333333
121.75,Transplant,0.06699583151926931,Q3,Kidney,NO2,79994,677201,8.70357090527894,13.5761510225443,Q3 (8.7-13.6 units),0.3333333333333333
152.1875,Death/delisted too sick,0.011696266514217157,Q3,Kidney,NO2,79994,677201,8.70357090527894,13.5761510225443,Q3 (8.7-13.6 units),0.4166666666666667
152.1875,Transplant,0.08157843675296744,Q3,Kidney,NO2,79994,677201,8.70357090527894,13.5761510225443,Q3 (8.7-13.6 units),0.4166666666666667
182.625,Death/delisted too sick,0.013415233668989663,Q3,Kidney,NO2,79994,677201,8.70357090527894,13.5761510225443,Q3 (8.7-13.6 units),0.5
182.625,Transplant,0.09523572276846316,Q3,Kidney,NO2,79994,677201,8.70357090527894,13.5761510225443,Q3 (8.7-13.6 units),0.5
213.0625,Death/delisted too sick,0.015532548857378219,Q3,Kidney,NO2,79994,677201,8.70357090527894,13.5761510225443,Q3 (8.7-13.6 units),0.5833333333333334
213.0625,Transplant,0.10808147896452329,Q3,Kidney,NO2,79994,677201,8.70357090527894,13.5761510225443,Q3 (8.7-13.6 units),0.5833333333333334
243.5,Death/delisted too sick,0.017313666397775485,Q3,Kidney,NO2,79994,677201,8.70357090527894,13.5761510225443,Q3 (8.7-13.6 units),0.6666666666666666
243.5,Transplant,0.12000775948404627,Q3,Kidney,NO2,79994,677201,8.70357090527894,13.5761510225443,Q3 (8.7-13.6 units),0.6666666666666666
273.9375,Death/delisted too sick,0.019261989225946182,Q3,Kidney,NO2,79994,677201,8.70357090527894,13.5761510225443,Q3 (8.7-13.6 units),0.75
273.9375,Transplant,0.13131177340773495,Q3,Kidney,NO2,79994,677201,8.70357090527894,13.5761510225443,Q3 (8.7-13.6 units),0.75
304.375,Death/delisted too sick,0.0211435717272994,Q3,Kidney,NO2,79994,677201,8.70357090527894,13.5761510225443,Q3 (8.7-13.6 units),0.8333333333333334
304.375,Transplant,0.14223855297748841,Q3,Kidney,NO2,79994,677201,8.70357090527894,13.5761510225443,Q3 (8.7-13.6 units),0.8333333333333334
334.8125,Death/delisted too sick,0.023079419103417285,Q3,Kidney,NO2,79994,677201,8.70357090527894,13.5761510225443,Q3 (8.7-13.6 units),0.9166666666666666
334.8125,Transplant,0.1524794184659343,Q3,Kidney,NO2,79994,677201,8.70357090527894,13.5761510225443,Q3 (8.7-13.6 units),0.9166666666666666
365.25,Death/delisted too sick,0.02543188626822998,Q3,Kidney,NO2,79994,677201,8.70357090527894,13.5761510225443,Q3 (8.7-13.6 units),1
365.25,Transplant,0.16283990690572014,Q3,Kidney,NO2,79994,677201,8.70357090527894,13.5761510225443,Q3 (8.7-13.6 units),1
395.6875,Death/delisted too sick,0.027836288845737283,Q3,Kidney,NO2,79994,677201,8.70357090527894,13.5761510225443,Q3 (8.7-13.6 units),1.0833333333333333
395.6875,Transplant,0.17326300401314573,Q3,Kidney,NO2,79994,677201,8.70357090527894,13.5761510225443,Q3 (8.7-13.6 units),1.0833333333333333
426.125,Death/delisted too sick,0.029858460743768904,Q3,Kidney,NO2,79994,677201,8.70357090527894,13.5761510225443,Q3 (8.7-13.6 units),1.1666666666666667
426.125,Transplant,0.18440654643222212,Q3,Kidney,NO2,79994,677201,8.70357090527894,13.5761510225443,Q3 (8.7-13.6 units),1.1666666666666667
456.5625,Death/delisted too sick,0.03217438396272844,Q3,Kidney,NO2,79994,677201,8.70357090527894,13.5761510225443,Q3 (8.7-13.6 units),1.25
456.5625,Transplant,0.19467413395075073,Q3,Kidney,NO2,79994,677201,8.70357090527894,13.5761510225443,Q3 (8.7-13.6 units),1.25
487,Death/delisted too sick,0.03402759046377966,Q3,Kidney,NO2,79994,677201,8.70357090527894,13.5761510225443,Q3 (8.7-13.6 units),1.3333333333333333
487,Transplant,0.20452565994465705,Q3,Kidney,NO2,79994,677201,8.70357090527894,13.5761510225443,Q3 (8.7-13.6 units),1.3333333333333333
517.4375,Death/delisted too sick,0.0362251076350435,Q3,Kidney,NO2,79994,677201,8.70357090527894,13.5761510225443,Q3 (8.7-13.6 units),1.4166666666666667
517.4375,Transplant,0.21379715882815584,Q3,Kidney,NO2,79994,677201,8.70357090527894,13.5761510225443,Q3 (8.7-13.6 units),1.4166666666666667
547.875,Death/delisted too sick,0.038436347212762255,Q3,Kidney,NO2,79994,677201,8.70357090527894,13.5761510225443,Q3 (8.7-13.6 units),1.5
547.875,Transplant,0.22288938509374592,Q3,Kidney,NO2,79994,677201,8.70357090527894,13.5761510225443,Q3 (8.7-13.6 units),1.5
578.3125,Death/delisted too sick,0.04098625164862515,Q3,Kidney,NO2,79994,677201,8.70357090527894,13.5761510225443,Q3 (8.7-13.6 units),1.5833333333333333
578.3125,Transplant,0.23122954994807476,Q3,Kidney,NO2,79994,677201,8.70357090527894,13.5761510225443,Q3 (8.7-13.6 units),1.5833333333333333
608.75,Death/delisted too sick,0.043182531090607074,Q3,Kidney,NO2,79994,677201,8.70357090527894,13.5761510225443,Q3 (8.7-13.6 units),1.6666666666666667
608.75,Transplant,0.2401898007544541,Q3,Kidney,NO2,79994,677201,8.70357090527894,13.5761510225443,Q3 (8.7-13.6 units),1.6666666666666667
639.1875,Death/delisted too sick,0.04570650851720676,Q3,Kidney,NO2,79994,677201,8.70357090527894,13.5761510225443,Q3 (8.7-13.6 units),1.75
639.1875,Transplant,0.24878211495831773,Q3,Kidney,NO2,79994,677201,8.70357090527894,13.5761510225443,Q3 (8.7-13.6 units),1.75
669.625,Death/delisted too sick,0.04828276806232111,Q3,Kidney,NO2,79994,677201,8.70357090527894,13.5761510225443,Q3 (8.7-13.6 units),1.8333333333333333
669.625,Transplant,0.25699616613807114,Q3,Kidney,NO2,79994,677201,8.70357090527894,13.5761510225443,Q3 (8.7-13.6 units),1.8333333333333333
700.0625,Death/delisted too sick,0.05096575472677704,Q3,Kidney,NO2,79994,677201,8.70357090527894,13.5761510225443,Q3 (8.7-13.6 units),1.9166666666666667
700.0625,Transplant,0.2654348278296196,Q3,Kidney,NO2,79994,677201,8.70357090527894,13.5761510225443,Q3 (8.7-13.6 units),1.9166666666666667
730.5,Death/delisted too sick,0.053511717284471225,Q3,Kidney,NO2,79994,677201,8.70357090527894,13.5761510225443,Q3 (8.7-13.6 units),2
730.5,Transplant,0.2737682591505998,Q3,Kidney,NO2,79994,677201,8.70357090527894,13.5761510225443,Q3 (8.7-13.6 units),2
760.9375,Death/delisted too sick,0.05593569309926515,Q3,Kidney,NO2,79994,677201,8.70357090527894,13.5761510225443,Q3 (8.7-13.6 units),2.0833333333333335
760.9375,Transplant,0.2828100214325875,Q3,Kidney,NO2,79994,677201,8.70357090527894,13.5761510225443,Q3 (8.7-13.6 units),2.0833333333333335
791.375,Death/delisted too sick,0.05884279500563822,Q3,Kidney,NO2,79994,677201,8.70357090527894,13.5761510225443,Q3 (8.7-13.6 units),2.1666666666666665
791.375,Transplant,0.2912515314553343,Q3,Kidney,NO2,79994,677201,8.70357090527894,13.5761510225443,Q3 (8.7-13.6 units),2.1666666666666665
821.8125,Death/delisted too sick,0.06136198761962988,Q3,Kidney,NO2,79994,677201,8.70357090527894,13.5761510225443,Q3 (8.7-13.6 units),2.25
821.8125,Transplant,0.2991579204551919,Q3,Kidney,NO2,79994,677201,8.70357090527894,13.5761510225443,Q3 (8.7-13.6 units),2.25
852.25,Death/delisted too sick,0.06418578063038921,Q3,Kidney,NO2,79994,677201,8.70357090527894,13.5761510225443,Q3 (8.7-13.6 units),2.3333333333333335
852.25,Transplant,0.3072479444469987,Q3,Kidney,NO2,79994,677201,8.70357090527894,13.5761510225443,Q3 (8.7-13.6 units),2.3333333333333335
882.6875,Death/delisted too sick,0.0669055802072441,Q3,Kidney,NO2,79994,677201,8.70357090527894,13.5761510225443,Q3 (8.7-13.6 units),2.4166666666666665
882.6875,Transplant,0.3148026436974403,Q3,Kidney,NO2,79994,677201,8.70357090527894,13.5761510225443,Q3 (8.7-13.6 units),2.4166666666666665
913.125,Death/delisted too sick,0.06954344455408022,Q3,Kidney,NO2,79994,677201,8.70357090527894,13.5761510225443,Q3 (8.7-13.6 units),2.5
913.125,Transplant,0.3226786369792752,Q3,Kidney,NO2,79994,677201,8.70357090527894,13.5761510225443,Q3 (8.7-13.6 units),2.5
943.5625,Death/delisted too sick,0.07241146866870835,Q3,Kidney,NO2,79994,677201,8.70357090527894,13.5761510225443,Q3 (8.7-13.6 units),2.5833333333333335
943.5625,Transplant,0.3295390066409261,Q3,Kidney,NO2,79994,677201,8.70357090527894,13.5761510225443,Q3 (8.7-13.6 units),2.5833333333333335
974,Death/delisted too sick,0.0749589169426228,Q3,Kidney,NO2,79994,677201,8.70357090527894,13.5761510225443,Q3 (8.7-13.6 units),2.6666666666666665
974,Transplant,0.3370835009529884,Q3,Kidney,NO2,79994,677201,8.70357090527894,13.5761510225443,Q3 (8.7-13.6 units),2.6666666666666665
1004.4375,Death/delisted too sick,0.07772328647499746,Q3,Kidney,NO2,79994,677201,8.70357090527894,13.5761510225443,Q3 (8.7-13.6 units),2.75
1004.4375,Transplant,0.34464320841883056,Q3,Kidney,NO2,79994,677201,8.70357090527894,13.5761510225443,Q3 (8.7-13.6 units),2.75
1034.875,Death/delisted too sick,0.08047059881130447,Q3,Kidney,NO2,79994,677201,8.70357090527894,13.5761510225443,Q3 (8.7-13.6 units),2.8333333333333335
1034.875,Transplant,0.35256200403715066,Q3,Kidney,NO2,79994,677201,8.70357090527894,13.5761510225443,Q3 (8.7-13.6 units),2.8333333333333335
1065.3125,Death/delisted too sick,0.08326330739129587,Q3,Kidney,NO2,79994,677201,8.70357090527894,13.5761510225443,Q3 (8.7-13.6 units),2.9166666666666665
1065.3125,Transplant,0.3593745957906371,Q3,Kidney,NO2,79994,677201,8.70357090527894,13.5761510225443,Q3 (8.7-13.6 units),2.9166666666666665
1095.75,Death/delisted too sick,0.0860242992281162,Q3,Kidney,NO2,79994,677201,8.70357090527894,13.5761510225443,Q3 (8.7-13.6 units),3
1095.75,Transplant,0.36576387695794865,Q3,Kidney,NO2,79994,677201,8.70357090527894,13.5761510225443,Q3 (8.7-13.6 units),3
1126.1875,Death/delisted too sick,0.0886169402295033,Q3,Kidney,NO2,79994,677201,8.70357090527894,13.5761510225443,Q3 (8.7-13.6 units),3.0833333333333335
1126.1875,Transplant,0.37348019845074193,Q3,Kidney,NO2,79994,677201,8.70357090527894,13.5761510225443,Q3 (8.7-13.6 units),3.0833333333333335
1156.625,Death/delisted too sick,0.09157877779366817,Q3,Kidney,NO2,79994,677201,8.70357090527894,13.5761510225443,Q3 (8.7-13.6 units),3.1666666666666665
1156.625,Transplant,0.3806107672017948,Q3,Kidney,NO2,79994,677201,8.70357090527894,13.5761510225443,Q3 (8.7-13.6 units),3.1666666666666665
1187.0625,Death/delisted too sick,0.0944518764485687,Q3,Kidney,NO2,79994,677201,8.70357090527894,13.5761510225443,Q3 (8.7-13.6 units),3.25
1187.0625,Transplant,0.3882745403442906,Q3,Kidney,NO2,79994,677201,8.70357090527894,13.5761510225443,Q3 (8.7-13.6 units),3.25
1217.5,Death/delisted too sick,0.0975357515467846,Q3,Kidney,NO2,79994,677201,8.70357090527894,13.5761510225443,Q3 (8.7-13.6 units),3.3333333333333335
1217.5,Transplant,0.3949909820485106,Q3,Kidney,NO2,79994,677201,8.70357090527894,13.5761510225443,Q3 (8.7-13.6 units),3.3333333333333335
1247.9375,Death/delisted too sick,0.1002948674953719,Q3,Kidney,NO2,79994,677201,8.70357090527894,13.5761510225443,Q3 (8.7-13.6 units),3.4166666666666665
1247.9375,Transplant,0.4018331165104488,Q3,Kidney,NO2,79994,677201,8.70357090527894,13.5761510225443,Q3 (8.7-13.6 units),3.4166666666666665
1278.375,Death/delisted too sick,0.10288193810230566,Q3,Kidney,NO2,79994,677201,8.70357090527894,13.5761510225443,Q3 (8.7-13.6 units),3.5
1278.375,Transplant,0.40909555901983485,Q3,Kidney,NO2,79994,677201,8.70357090527894,13.5761510225443,Q3 (8.7-13.6 units),3.5
1308.8125,Death/delisted too sick,0.10556463982524993,Q3,Kidney,NO2,79994,677201,8.70357090527894,13.5761510225443,Q3 (8.7-13.6 units),3.5833333333333335
1308.8125,Transplant,0.41576607486216277,Q3,Kidney,NO2,79994,677201,8.70357090527894,13.5761510225443,Q3 (8.7-13.6 units),3.5833333333333335
1339.25,Death/delisted too sick,0.1086107096202988,Q3,Kidney,NO2,79994,677201,8.70357090527894,13.5761510225443,Q3 (8.7-13.6 units),3.6666666666666665
1339.25,Transplant,0.422694535494353,Q3,Kidney,NO2,79994,677201,8.70357090527894,13.5761510225443,Q3 (8.7-13.6 units),3.6666666666666665
1369.6875,Death/delisted too sick,0.11112881206551839,Q3,Kidney,NO2,79994,677201,8.70357090527894,13.5761510225443,Q3 (8.7-13.6 units),3.75
1369.6875,Transplant,0.4286819199501667,Q3,Kidney,NO2,79994,677201,8.70357090527894,13.5761510225443,Q3 (8.7-13.6 units),3.75
1400.125,Death/delisted too sick,0.11384254284245235,Q3,Kidney,NO2,79994,677201,8.70357090527894,13.5761510225443,Q3 (8.7-13.6 units),3.8333333333333335
1400.125,Transplant,0.4350758329658306,Q3,Kidney,NO2,79994,677201,8.70357090527894,13.5761510225443,Q3 (8.7-13.6 units),3.8333333333333335
1430.5625,Death/delisted too sick,0.1168147098846248,Q3,Kidney,NO2,79994,677201,8.70357090527894,13.5761510225443,Q3 (8.7-13.6 units),3.9166666666666665
1430.5625,Transplant,0.4411738787728958,Q3,Kidney,NO2,79994,677201,8.70357090527894,13.5761510225443,Q3 (8.7-13.6 units),3.9166666666666665
1461,Death/delisted too sick,0.11981103453281593,Q3,Kidney,NO2,79994,677201,8.70357090527894,13.5761510225443,Q3 (8.7-13.6 units),4
1461,Transplant,0.44784651590967045,Q3,Kidney,NO2,79994,677201,8.70357090527894,13.5761510225443,Q3 (8.7-13.6 units),4
1491.4375,Death/delisted too sick,0.12231823570849566,Q3,Kidney,NO2,79994,677201,8.70357090527894,13.5761510225443,Q3 (8.7-13.6 units),4.083333333333333
1491.4375,Transplant,0.4549874382368841,Q3,Kidney,NO2,79994,677201,8.70357090527894,13.5761510225443,Q3 (8.7-13.6 units),4.083333333333333
1521.875,Death/delisted too sick,0.12467076926659296,Q3,Kidney,NO2,79994,677201,8.70357090527894,13.5761510225443,Q3 (8.7-13.6 units),4.166666666666667
1521.875,Transplant,0.46075670378147654,Q3,Kidney,NO2,79994,677201,8.70357090527894,13.5761510225443,Q3 (8.7-13.6 units),4.166666666666667
1552.3125,Death/delisted too sick,0.1273814707374332,Q3,Kidney,NO2,79994,677201,8.70357090527894,13.5761510225443,Q3 (8.7-13.6 units),4.25
1552.3125,Transplant,0.4672697120806597,Q3,Kidney,NO2,79994,677201,8.70357090527894,13.5761510225443,Q3 (8.7-13.6 units),4.25
1582.75,Death/delisted too sick,0.12987134797626643,Q3,Kidney,NO2,79994,677201,8.70357090527894,13.5761510225443,Q3 (8.7-13.6 units),4.333333333333333
1582.75,Transplant,0.47321405822158585,Q3,Kidney,NO2,79994,677201,8.70357090527894,13.5761510225443,Q3 (8.7-13.6 units),4.333333333333333
1613.1875,Death/delisted too sick,0.1324619182697431,Q3,Kidney,NO2,79994,677201,8.70357090527894,13.5761510225443,Q3 (8.7-13.6 units),4.416666666666667
1613.1875,Transplant,0.47947185015321653,Q3,Kidney,NO2,79994,677201,8.70357090527894,13.5761510225443,Q3 (8.7-13.6 units),4.416666666666667
1643.625,Death/delisted too sick,0.13474363114217008,Q3,Kidney,NO2,79994,677201,8.70357090527894,13.5761510225443,Q3 (8.7-13.6 units),4.5
1643.625,Transplant,0.4847624334070935,Q3,Kidney,NO2,79994,677201,8.70357090527894,13.5761510225443,Q3 (8.7-13.6 units),4.5
1674.0625,Death/delisted too sick,0.1373738668263812,Q3,Kidney,NO2,79994,677201,8.70357090527894,13.5761510225443,Q3 (8.7-13.6 units),4.583333333333333
1674.0625,Transplant,0.4905443373971571,Q3,Kidney,NO2,79994,677201,8.70357090527894,13.5761510225443,Q3 (8.7-13.6 units),4.583333333333333
1704.5,Death/delisted too sick,0.13962059892189668,Q3,Kidney,NO2,79994,677201,8.70357090527894,13.5761510225443,Q3 (8.7-13.6 units),4.666666666666667
1704.5,Transplant,0.4962429460313117,Q3,Kidney,NO2,79994,677201,8.70357090527894,13.5761510225443,Q3 (8.7-13.6 units),4.666666666666667
1734.9375,Death/delisted too sick,0.14221417920604212,Q3,Kidney,NO2,79994,677201,8.70357090527894,13.5761510225443,Q3 (8.7-13.6 units),4.75
1734.9375,Transplant,0.5019757842860182,Q3,Kidney,NO2,79994,677201,8.70357090527894,13.5761510225443,Q3 (8.7-13.6 units),4.75
1765.375,Death/delisted too sick,0.1445397164569083,Q3,Kidney,NO2,79994,677201,8.70357090527894,13.5761510225443,Q3 (8.7-13.6 units),4.833333333333333
1765.375,Transplant,0.5071694632071957,Q3,Kidney,NO2,79994,677201,8.70357090527894,13.5761510225443,Q3 (8.7-13.6 units),4.833333333333333
1795.8125,Death/delisted too sick,0.14664874868488664,Q3,Kidney,NO2,79994,677201,8.70357090527894,13.5761510225443,Q3 (8.7-13.6 units),4.916666666666667
1795.8125,Transplant,0.5125952422031906,Q3,Kidney,NO2,79994,677201,8.70357090527894,13.5761510225443,Q3 (8.7-13.6 units),4.916666666666667
1826.25,Death/delisted too sick,0.14925524462415593,Q3,Kidney,NO2,79994,677201,8.70357090527894,13.5761510225443,Q3 (8.7-13.6 units),5
1826.25,Transplant,0.5175793038537941,Q3,Kidney,NO2,79994,677201,8.70357090527894,13.5761510225443,Q3 (8.7-13.6 units),5
0,Death/delisted too sick,0,Q4,Kidney,NO2,79994,677201,13.5761510225443,52.2752151489258,Q4 (13.6-52.3 units),0
0,Transplant,0,Q4,Kidney,NO2,79994,677201,13.5761510225443,52.2752151489258,Q4 (13.6-52.3 units),0
30.4375,Death/delisted too sick,0.0037751759011782305,Q4,Kidney,NO2,79994,677201,13.5761510225443,52.2752151489258,Q4 (13.6-52.3 units),0.08333333333333333
30.4375,Transplant,0.021986827130470624,Q4,Kidney,NO2,79994,677201,13.5761510225443,52.2752151489258,Q4 (13.6-52.3 units),0.08333333333333333
60.875,Death/delisted too sick,0.006063633530406031,Q4,Kidney,NO2,79994,677201,13.5761510225443,52.2752151489258,Q4 (13.6-52.3 units),0.16666666666666666
60.875,Transplant,0.03675584820059886,Q4,Kidney,NO2,79994,677201,13.5761510225443,52.2752151489258,Q4 (13.6-52.3 units),0.16666666666666666
91.3125,Death/delisted too sick,0.008262915720947058,Q4,Kidney,NO2,79994,677201,13.5761510225443,52.2752151489258,Q4 (13.6-52.3 units),0.25
91.3125,Transplant,0.05028850380096476,Q4,Kidney,NO2,79994,677201,13.5761510225443,52.2752151489258,Q4 (13.6-52.3 units),0.25
121.75,Death/delisted too sick,0.010057426803429402,Q4,Kidney,NO2,79994,677201,13.5761510225443,52.2752151489258,Q4 (13.6-52.3 units),0.3333333333333333
121.75,Transplant,0.06407266728192444,Q4,Kidney,NO2,79994,677201,13.5761510225443,52.2752151489258,Q4 (13.6-52.3 units),0.3333333333333333
152.1875,Death/delisted too sick,0.011853866970262856,Q4,Kidney,NO2,79994,677201,13.5761510225443,52.2752151489258,Q4 (13.6-52.3 units),0.4166666666666667
152.1875,Transplant,0.07755404586234825,Q4,Kidney,NO2,79994,677201,13.5761510225443,52.2752151489258,Q4 (13.6-52.3 units),0.4166666666666667
182.625,Death/delisted too sick,0.013807386366540872,Q4,Kidney,NO2,79994,677201,13.5761510225443,52.2752151489258,Q4 (13.6-52.3 units),0.5
182.625,Transplant,0.08933752011937028,Q4,Kidney,NO2,79994,677201,13.5761510225443,52.2752151489258,Q4 (13.6-52.3 units),0.5
213.0625,Death/delisted too sick,0.0158296550766785,Q4,Kidney,NO2,79994,677201,13.5761510225443,52.2752151489258,Q4 (13.6-52.3 units),0.5833333333333334
213.0625,Transplant,0.10069898455089085,Q4,Kidney,NO2,79994,677201,13.5761510225443,52.2752151489258,Q4 (13.6-52.3 units),0.5833333333333334
243.5,Death/delisted too sick,0.017198165586141963,Q4,Kidney,NO2,79994,677201,13.5761510225443,52.2752151489258,Q4 (13.6-52.3 units),0.6666666666666666
243.5,Transplant,0.11081018397552864,Q4,Kidney,NO2,79994,677201,13.5761510225443,52.2752151489258,Q4 (13.6-52.3 units),0.6666666666666666
273.9375,Death/delisted too sick,0.019002396278049154,Q4,Kidney,NO2,79994,677201,13.5761510225443,52.2752151489258,Q4 (13.6-52.3 units),0.75
273.9375,Transplant,0.12146678674867506,Q4,Kidney,NO2,79994,677201,13.5761510225443,52.2752151489258,Q4 (13.6-52.3 units),0.75
304.375,Death/delisted too sick,0.021076910279932866,Q4,Kidney,NO2,79994,677201,13.5761510225443,52.2752151489258,Q4 (13.6-52.3 units),0.8333333333333334
304.375,Transplant,0.13138166508110388,Q4,Kidney,NO2,79994,677201,13.5761510225443,52.2752151489258,Q4 (13.6-52.3 units),0.8333333333333334
334.8125,Death/delisted too sick,0.02339152472356746,Q4,Kidney,NO2,79994,677201,13.5761510225443,52.2752151489258,Q4 (13.6-52.3 units),0.9166666666666666
334.8125,Transplant,0.14052877796142776,Q4,Kidney,NO2,79994,677201,13.5761510225443,52.2752151489258,Q4 (13.6-52.3 units),0.9166666666666666
365.25,Death/delisted too sick,0.025383084658932593,Q4,Kidney,NO2,79994,677201,13.5761510225443,52.2752151489258,Q4 (13.6-52.3 units),1
365.25,Transplant,0.15042099249298999,Q4,Kidney,NO2,79994,677201,13.5761510225443,52.2752151489258,Q4 (13.6-52.3 units),1
395.6875,Death/delisted too sick,0.027164209027041523,Q4,Kidney,NO2,79994,677201,13.5761510225443,52.2752151489258,Q4 (13.6-52.3 units),1.0833333333333333
395.6875,Transplant,0.1599644088068161,Q4,Kidney,NO2,79994,677201,13.5761510225443,52.2752151489258,Q4 (13.6-52.3 units),1.0833333333333333
426.125,Death/delisted too sick,0.028891675019159544,Q4,Kidney,NO2,79994,677201,13.5761510225443,52.2752151489258,Q4 (13.6-52.3 units),1.1666666666666667
426.125,Transplant,0.16902101000580524,Q4,Kidney,NO2,79994,677201,13.5761510225443,52.2752151489258,Q4 (13.6-52.3 units),1.1666666666666667
456.5625,Death/delisted too sick,0.030958519081390697,Q4,Kidney,NO2,79994,677201,13.5761510225443,52.2752151489258,Q4 (13.6-52.3 units),1.25
456.5625,Transplant,0.17766298204957956,Q4,Kidney,NO2,79994,677201,13.5761510225443,52.2752151489258,Q4 (13.6-52.3 units),1.25
487,Death/delisted too sick,0.03303031686950983,Q4,Kidney,NO2,79994,677201,13.5761510225443,52.2752151489258,Q4 (13.6-52.3 units),1.3333333333333333
487,Transplant,0.18658905678066065,Q4,Kidney,NO2,79994,677201,13.5761510225443,52.2752151489258,Q4 (13.6-52.3 units),1.3333333333333333
517.4375,Death/delisted too sick,0.03536876511070698,Q4,Kidney,NO2,79994,677201,13.5761510225443,52.2752151489258,Q4 (13.6-52.3 units),1.4166666666666667
517.4375,Transplant,0.19560497743991764,Q4,Kidney,NO2,79994,677201,13.5761510225443,52.2752151489258,Q4 (13.6-52.3 units),1.4166666666666667
547.875,Death/delisted too sick,0.03722478401389483,Q4,Kidney,NO2,79994,677201,13.5761510225443,52.2752151489258,Q4 (13.6-52.3 units),1.5
547.875,Transplant,0.20307083243177998,Q4,Kidney,NO2,79994,677201,13.5761510225443,52.2752151489258,Q4 (13.6-52.3 units),1.5
578.3125,Death/delisted too sick,0.03931774011612938,Q4,Kidney,NO2,79994,677201,13.5761510225443,52.2752151489258,Q4 (13.6-52.3 units),1.5833333333333333
578.3125,Transplant,0.21076785689283867,Q4,Kidney,NO2,79994,677201,13.5761510225443,52.2752151489258,Q4 (13.6-52.3 units),1.5833333333333333
608.75,Death/delisted too sick,0.04193156435008045,Q4,Kidney,NO2,79994,677201,13.5761510225443,52.2752151489258,Q4 (13.6-52.3 units),1.6666666666666667
608.75,Transplant,0.21754051410954545,Q4,Kidney,NO2,79994,677201,13.5761510225443,52.2752151489258,Q4 (13.6-52.3 units),1.6666666666666667
639.1875,Death/delisted too sick,0.044336065514529364,Q4,Kidney,NO2,79994,677201,13.5761510225443,52.2752151489258,Q4 (13.6-52.3 units),1.75
639.1875,Transplant,0.22477344147213227,Q4,Kidney,NO2,79994,677201,13.5761510225443,52.2752151489258,Q4 (13.6-52.3 units),1.75
669.625,Death/delisted too sick,0.04655244486245216,Q4,Kidney,NO2,79994,677201,13.5761510225443,52.2752151489258,Q4 (13.6-52.3 units),1.8333333333333333
669.625,Transplant,0.2312621238448998,Q4,Kidney,NO2,79994,677201,13.5761510225443,52.2752151489258,Q4 (13.6-52.3 units),1.8333333333333333
700.0625,Death/delisted too sick,0.0489860986702977,Q4,Kidney,NO2,79994,677201,13.5761510225443,52.2752151489258,Q4 (13.6-52.3 units),1.9166666666666667
700.0625,Transplant,0.23862225210930038,Q4,Kidney,NO2,79994,677201,13.5761510225443,52.2752151489258,Q4 (13.6-52.3 units),1.9166666666666667
730.5,Death/delisted too sick,0.051126659064469435,Q4,Kidney,NO2,79994,677201,13.5761510225443,52.2752151489258,Q4 (13.6-52.3 units),2
730.5,Transplant,0.2451465872072517,Q4,Kidney,NO2,79994,677201,13.5761510225443,52.2752151489258,Q4 (13.6-52.3 units),2
760.9375,Death/delisted too sick,0.05370326519405681,Q4,Kidney,NO2,79994,677201,13.5761510225443,52.2752151489258,Q4 (13.6-52.3 units),2.0833333333333335
760.9375,Transplant,0.25329622623656933,Q4,Kidney,NO2,79994,677201,13.5761510225443,52.2752151489258,Q4 (13.6-52.3 units),2.0833333333333335
791.375,Death/delisted too sick,0.05613254498341987,Q4,Kidney,NO2,79994,677201,13.5761510225443,52.2752151489258,Q4 (13.6-52.3 units),2.1666666666666665
791.375,Transplant,0.26128971612363444,Q4,Kidney,NO2,79994,677201,13.5761510225443,52.2752151489258,Q4 (13.6-52.3 units),2.1666666666666665
821.8125,Death/delisted too sick,0.05847520118982947,Q4,Kidney,NO2,79994,677201,13.5761510225443,52.2752151489258,Q4 (13.6-52.3 units),2.25
821.8125,Transplant,0.26861273957113824,Q4,Kidney,NO2,79994,677201,13.5761510225443,52.2752151489258,Q4 (13.6-52.3 units),2.25
852.25,Death/delisted too sick,0.060884138609443327,Q4,Kidney,NO2,79994,677201,13.5761510225443,52.2752151489258,Q4 (13.6-52.3 units),2.3333333333333335
852.25,Transplant,0.27690715668184285,Q4,Kidney,NO2,79994,677201,13.5761510225443,52.2752151489258,Q4 (13.6-52.3 units),2.3333333333333335
882.6875,Death/delisted too sick,0.06356843153896086,Q4,Kidney,NO2,79994,677201,13.5761510225443,52.2752151489258,Q4 (13.6-52.3 units),2.4166666666666665
882.6875,Transplant,0.28370437401055565,Q4,Kidney,NO2,79994,677201,13.5761510225443,52.2752151489258,Q4 (13.6-52.3 units),2.4166666666666665
913.125,Death/delisted too sick,0.06597107469343069,Q4,Kidney,NO2,79994,677201,13.5761510225443,52.2752151489258,Q4 (13.6-52.3 units),2.5
913.125,Transplant,0.29080825361669044,Q4,Kidney,NO2,79994,677201,13.5761510225443,52.2752151489258,Q4 (13.6-52.3 units),2.5
943.5625,Death/delisted too sick,0.0686944474213036,Q4,Kidney,NO2,79994,677201,13.5761510225443,52.2752151489258,Q4 (13.6-52.3 units),2.5833333333333335
943.5625,Transplant,0.2977554927716013,Q4,Kidney,NO2,79994,677201,13.5761510225443,52.2752151489258,Q4 (13.6-52.3 units),2.5833333333333335
974,Death/delisted too sick,0.07130691442472432,Q4,Kidney,NO2,79994,677201,13.5761510225443,52.2752151489258,Q4 (13.6-52.3 units),2.6666666666666665
974,Transplant,0.30540668099661217,Q4,Kidney,NO2,79994,677201,13.5761510225443,52.2752151489258,Q4 (13.6-52.3 units),2.6666666666666665
1004.4375,Death/delisted too sick,0.07391829377362943,Q4,Kidney,NO2,79994,677201,13.5761510225443,52.2752151489258,Q4 (13.6-52.3 units),2.75
1004.4375,Transplant,0.3119862800472201,Q4,Kidney,NO2,79994,677201,13.5761510225443,52.2752151489258,Q4 (13.6-52.3 units),2.75
1034.875,Death/delisted too sick,0.07654390930504062,Q4,Kidney,NO2,79994,677201,13.5761510225443,52.2752151489258,Q4 (13.6-52.3 units),2.8333333333333335
1034.875,Transplant,0.3181850669110602,Q4,Kidney,NO2,79994,677201,13.5761510225443,52.2752151489258,Q4 (13.6-52.3 units),2.8333333333333335
1065.3125,Death/delisted too sick,0.07869742728202835,Q4,Kidney,NO2,79994,677201,13.5761510225443,52.2752151489258,Q4 (13.6-52.3 units),2.9166666666666665
1065.3125,Transplant,0.32408503756084234,Q4,Kidney,NO2,79994,677201,13.5761510225443,52.2752151489258,Q4 (13.6-52.3 units),2.9166666666666665
1095.75,Death/delisted too sick,0.08135176695292155,Q4,Kidney,NO2,79994,677201,13.5761510225443,52.2752151489258,Q4 (13.6-52.3 units),3
1095.75,Transplant,0.32988273077715585,Q4,Kidney,NO2,79994,677201,13.5761510225443,52.2752151489258,Q4 (13.6-52.3 units),3
1126.1875,Death/delisted too sick,0.08370594869715783,Q4,Kidney,NO2,79994,677201,13.5761510225443,52.2752151489258,Q4 (13.6-52.3 units),3.0833333333333335
1126.1875,Transplant,0.337173479013412,Q4,Kidney,NO2,79994,677201,13.5761510225443,52.2752151489258,Q4 (13.6-52.3 units),3.0833333333333335
1156.625,Death/delisted too sick,0.08632470533903659,Q4,Kidney,NO2,79994,677201,13.5761510225443,52.2752151489258,Q4 (13.6-52.3 units),3.1666666666666665
1156.625,Transplant,0.34415201867416423,Q4,Kidney,NO2,79994,677201,13.5761510225443,52.2752151489258,Q4 (13.6-52.3 units),3.1666666666666665
1187.0625,Death/delisted too sick,0.08920260936004995,Q4,Kidney,NO2,79994,677201,13.5761510225443,52.2752151489258,Q4 (13.6-52.3 units),3.25
1187.0625,Transplant,0.35005903240790814,Q4,Kidney,NO2,79994,677201,13.5761510225443,52.2752151489258,Q4 (13.6-52.3 units),3.25
1217.5,Death/delisted too sick,0.09204378852555224,Q4,Kidney,NO2,79994,677201,13.5761510225443,52.2752151489258,Q4 (13.6-52.3 units),3.3333333333333335
1217.5,Transplant,0.356205307944007,Q4,Kidney,NO2,79994,677201,13.5761510225443,52.2752151489258,Q4 (13.6-52.3 units),3.3333333333333335
1247.9375,Death/delisted too sick,0.094724976963159,Q4,Kidney,NO2,79994,677201,13.5761510225443,52.2752151489258,Q4 (13.6-52.3 units),3.4166666666666665
1247.9375,Transplant,0.3621106705025299,Q4,Kidney,NO2,79994,677201,13.5761510225443,52.2752151489258,Q4 (13.6-52.3 units),3.4166666666666665
1278.375,Death/delisted too sick,0.09741788788794022,Q4,Kidney,NO2,79994,677201,13.5761510225443,52.2752151489258,Q4 (13.6-52.3 units),3.5
1278.375,Transplant,0.3682373004095515,Q4,Kidney,NO2,79994,677201,13.5761510225443,52.2752151489258,Q4 (13.6-52.3 units),3.5
1308.8125,Death/delisted too sick,0.10006055917955,Q4,Kidney,NO2,79994,677201,13.5761510225443,52.2752151489258,Q4 (13.6-52.3 units),3.5833333333333335
1308.8125,Transplant,0.37455585014498116,Q4,Kidney,NO2,79994,677201,13.5761510225443,52.2752151489258,Q4 (13.6-52.3 units),3.5833333333333335
1339.25,Death/delisted too sick,0.10275155734612003,Q4,Kidney,NO2,79994,677201,13.5761510225443,52.2752151489258,Q4 (13.6-52.3 units),3.6666666666666665
1339.25,Transplant,0.37988501693020704,Q4,Kidney,NO2,79994,677201,13.5761510225443,52.2752151489258,Q4 (13.6-52.3 units),3.6666666666666665
1369.6875,Death/delisted too sick,0.10558735155603968,Q4,Kidney,NO2,79994,677201,13.5761510225443,52.2752151489258,Q4 (13.6-52.3 units),3.75
1369.6875,Transplant,0.38562445922153143,Q4,Kidney,NO2,79994,677201,13.5761510225443,52.2752151489258,Q4 (13.6-52.3 units),3.75
1400.125,Death/delisted too sick,0.10824822401478,Q4,Kidney,NO2,79994,677201,13.5761510225443,52.2752151489258,Q4 (13.6-52.3 units),3.8333333333333335
1400.125,Transplant,0.39243621479745777,Q4,Kidney,NO2,79994,677201,13.5761510225443,52.2752151489258,Q4 (13.6-52.3 units),3.8333333333333335
1430.5625,Death/delisted too sick,0.11088936663586248,Q4,Kidney,NO2,79994,677201,13.5761510225443,52.2752151489258,Q4 (13.6-52.3 units),3.9166666666666665
1430.5625,Transplant,0.3979750582720123,Q4,Kidney,NO2,79994,677201,13.5761510225443,52.2752151489258,Q4 (13.6-52.3 units),3.9166666666666665
1461,Death/delisted too sick,0.11349730581843498,Q4,Kidney,NO2,79994,677201,13.5761510225443,52.2752151489258,Q4 (13.6-52.3 units),4
1461,Transplant,0.40397103181215066,Q4,Kidney,NO2,79994,677201,13.5761510225443,52.2752151489258,Q4 (13.6-52.3 units),4
1491.4375,Death/delisted too sick,0.1164939667463822,Q4,Kidney,NO2,79994,677201,13.5761510225443,52.2752151489258,Q4 (13.6-52.3 units),4.083333333333333
1491.4375,Transplant,0.40997440619272607,Q4,Kidney,NO2,79994,677201,13.5761510225443,52.2752151489258,Q4 (13.6-52.3 units),4.083333333333333
1521.875,Death/delisted too sick,0.11895823151799788,Q4,Kidney,NO2,79994,677201,13.5761510225443,52.2752151489258,Q4 (13.6-52.3 units),4.166666666666667
1521.875,Transplant,0.41643168522594337,Q4,Kidney,NO2,79994,677201,13.5761510225443,52.2752151489258,Q4 (13.6-52.3 units),4.166666666666667
1552.3125,Death/delisted too sick,0.12166049410322811,Q4,Kidney,NO2,79994,677201,13.5761510225443,52.2752151489258,Q4 (13.6-52.3 units),4.25
1552.3125,Transplant,0.4225536207143741,Q4,Kidney,NO2,79994,677201,13.5761510225443,52.2752151489258,Q4 (13.6-52.3 units),4.25
1582.75,Death/delisted too sick,0.12434142758916088,Q4,Kidney,NO2,79994,677201,13.5761510225443,52.2752151489258,Q4 (13.6-52.3 units),4.333333333333333
1582.75,Transplant,0.42886055053269834,Q4,Kidney,NO2,79994,677201,13.5761510225443,52.2752151489258,Q4 (13.6-52.3 units),4.333333333333333
1613.1875,Death/delisted too sick,0.12697441505435836,Q4,Kidney,NO2,79994,677201,13.5761510225443,52.2752151489258,Q4 (13.6-52.3 units),4.416666666666667
1613.1875,Transplant,0.4344085703407517,Q4,Kidney,NO2,79994,677201,13.5761510225443,52.2752151489258,Q4 (13.6-52.3 units),4.416666666666667
1643.625,Death/delisted too sick,0.12951024405588937,Q4,Kidney,NO2,79994,677201,13.5761510225443,52.2752151489258,Q4 (13.6-52.3 units),4.5
1643.625,Transplant,0.44031203045456757,Q4,Kidney,NO2,79994,677201,13.5761510225443,52.2752151489258,Q4 (13.6-52.3 units),4.5
1674.0625,Death/delisted too sick,0.13231243232981077,Q4,Kidney,NO2,79994,677201,13.5761510225443,52.2752151489258,Q4 (13.6-52.3 units),4.583333333333333
1674.0625,Transplant,0.4463408445455697,Q4,Kidney,NO2,79994,677201,13.5761510225443,52.2752151489258,Q4 (13.6-52.3 units),4.583333333333333
1704.5,Death/delisted too sick,0.13477374047972107,Q4,Kidney,NO2,79994,677201,13.5761510225443,52.2752151489258,Q4 (13.6-52.3 units),4.666666666666667
1704.5,Transplant,0.45156257472982547,Q4,Kidney,NO2,79994,677201,13.5761510225443,52.2752151489258,Q4 (13.6-52.3 units),4.666666666666667
1734.9375,Death/delisted too sick,0.13717565403342677,Q4,Kidney,NO2,79994,677201,13.5761510225443,52.2752151489258,Q4 (13.6-52.3 units),4.75
1734.9375,Transplant,0.4570768151548521,Q4,Kidney,NO2,79994,677201,13.5761510225443,52.2752151489258,Q4 (13.6-52.3 units),4.75
1765.375,Death/delisted too sick,0.14004791686385973,Q4,Kidney,NO2,79994,677201,13.5761510225443,52.2752151489258,Q4 (13.6-52.3 units),4.833333333333333
1765.375,Transplant,0.46255399355561155,Q4,Kidney,NO2,79994,677201,13.5761510225443,52.2752151489258,Q4 (13.6-52.3 units),4.833333333333333
1795.8125,Death/delisted too sick,0.14214982420122602,Q4,Kidney,NO2,79994,677201,13.5761510225443,52.2752151489258,Q4 (13.6-52.3 units),4.916666666666667
1795.8125,Transplant,0.46812543567707543,Q4,Kidney,NO2,79994,677201,13.5761510225443,52.2752151489258,Q4 (13.6-52.3 units),4.916666666666667
1826.25,Death/delisted too sick,0.14445682218634356,Q4,Kidney,NO2,79994,677201,13.5761510225443,52.2752151489258,Q4 (13.6-52.3 units),5
1826.25,Transplant,0.4729282710828758,Q4,Kidney,NO2,79994,677201,13.5761510225443,52.2752151489258,Q4 (13.6-52.3 units),5
0,Death/delisted too sick,0,Q1,Liver,NO2,79994,217244,0.188898659078404,4.87432332699116,Q1 (0.2-4.9 units),0
0,Transplant,0,Q1,Liver,NO2,79994,217244,0.188898659078404,4.87432332699116,Q1 (0.2-4.9 units),0
30.4375,Death/delisted too sick,0.0365644211889633,Q1,Liver,NO2,79994,217244,0.188898659078404,4.87432332699116,Q1 (0.2-4.9 units),0.08333333333333333
30.4375,Transplant,0.23343978810151764,Q1,Liver,NO2,79994,217244,0.188898659078404,4.87432332699116,Q1 (0.2-4.9 units),0.08333333333333333
60.875,Death/delisted too sick,0.05234468587920193,Q1,Liver,NO2,79994,217244,0.188898659078404,4.87432332699116,Q1 (0.2-4.9 units),0.16666666666666666
60.875,Transplant,0.29921502406678613,Q1,Liver,NO2,79994,217244,0.188898659078404,4.87432332699116,Q1 (0.2-4.9 units),0.16666666666666666
91.3125,Death/delisted too sick,0.0655562421585959,Q1,Liver,NO2,79994,217244,0.188898659078404,4.87432332699116,Q1 (0.2-4.9 units),0.25
91.3125,Transplant,0.3426286841716724,Q1,Liver,NO2,79994,217244,0.188898659078404,4.87432332699116,Q1 (0.2-4.9 units),0.25
121.75,Death/delisted too sick,0.0756446034201019,Q1,Liver,NO2,79994,217244,0.188898659078404,4.87432332699116,Q1 (0.2-4.9 units),0.3333333333333333
121.75,Transplant,0.38163182639113147,Q1,Liver,NO2,79994,217244,0.188898659078404,4.87432332699116,Q1 (0.2-4.9 units),0.3333333333333333
152.1875,Death/delisted too sick,0.08478515483239296,Q1,Liver,NO2,79994,217244,0.188898659078404,4.87432332699116,Q1 (0.2-4.9 units),0.4166666666666667
152.1875,Transplant,0.40938496587909357,Q1,Liver,NO2,79994,217244,0.188898659078404,4.87432332699116,Q1 (0.2-4.9 units),0.4166666666666667
182.625,Death/delisted too sick,0.09350412364951348,Q1,Liver,NO2,79994,217244,0.188898659078404,4.87432332699116,Q1 (0.2-4.9 units),0.5
182.625,Transplant,0.43226265428483757,Q1,Liver,NO2,79994,217244,0.188898659078404,4.87432332699116,Q1 (0.2-4.9 units),0.5
213.0625,Death/delisted too sick,0.10100233446773721,Q1,Liver,NO2,79994,217244,0.188898659078404,4.87432332699116,Q1 (0.2-4.9 units),0.5833333333333334
213.0625,Transplant,0.4602332990964789,Q1,Liver,NO2,79994,217244,0.188898659078404,4.87432332699116,Q1 (0.2-4.9 units),0.5833333333333334
243.5,Death/delisted too sick,0.1065229197063682,Q1,Liver,NO2,79994,217244,0.188898659078404,4.87432332699116,Q1 (0.2-4.9 units),0.6666666666666666
243.5,Transplant,0.48208614423077295,Q1,Liver,NO2,79994,217244,0.188898659078404,4.87432332699116,Q1 (0.2-4.9 units),0.6666666666666666
273.9375,Death/delisted too sick,0.1131641725573925,Q1,Liver,NO2,79994,217244,0.188898659078404,4.87432332699116,Q1 (0.2-4.9 units),0.75
273.9375,Transplant,0.5004171336696334,Q1,Liver,NO2,79994,217244,0.188898659078404,4.87432332699116,Q1 (0.2-4.9 units),0.75
304.375,Death/delisted too sick,0.11919300564793882,Q1,Liver,NO2,79994,217244,0.188898659078404,4.87432332699116,Q1 (0.2-4.9 units),0.8333333333333334
304.375,Transplant,0.5172826680061565,Q1,Liver,NO2,79994,217244,0.188898659078404,4.87432332699116,Q1 (0.2-4.9 units),0.8333333333333334
334.8125,Death/delisted too sick,0.12495920948347149,Q1,Liver,NO2,79994,217244,0.188898659078404,4.87432332699116,Q1 (0.2-4.9 units),0.9166666666666666
334.8125,Transplant,0.5297360222004196,Q1,Liver,NO2,79994,217244,0.188898659078404,4.87432332699116,Q1 (0.2-4.9 units),0.9166666666666666
365.25,Death/delisted too sick,0.129879840572821,Q1,Liver,NO2,79994,217244,0.188898659078404,4.87432332699116,Q1 (0.2-4.9 units),1
365.25,Transplant,0.5420792092673598,Q1,Liver,NO2,79994,217244,0.188898659078404,4.87432332699116,Q1 (0.2-4.9 units),1
395.6875,Death/delisted too sick,0.13430893602164967,Q1,Liver,NO2,79994,217244,0.188898659078404,4.87432332699116,Q1 (0.2-4.9 units),1.0833333333333333
395.6875,Transplant,0.5525627351554658,Q1,Liver,NO2,79994,217244,0.188898659078404,4.87432332699116,Q1 (0.2-4.9 units),1.0833333333333333
426.125,Death/delisted too sick,0.13806664017614573,Q1,Liver,NO2,79994,217244,0.188898659078404,4.87432332699116,Q1 (0.2-4.9 units),1.1666666666666667
426.125,Transplant,0.5627119564338197,Q1,Liver,NO2,79994,217244,0.188898659078404,4.87432332699116,Q1 (0.2-4.9 units),1.1666666666666667
456.5625,Death/delisted too sick,0.14099921650640102,Q1,Liver,NO2,79994,217244,0.188898659078404,4.87432332699116,Q1 (0.2-4.9 units),1.25
456.5625,Transplant,0.5719991886987126,Q1,Liver,NO2,79994,217244,0.188898659078404,4.87432332699116,Q1 (0.2-4.9 units),1.25
487,Death/delisted too sick,0.14428335880406123,Q1,Liver,NO2,79994,217244,0.188898659078404,4.87432332699116,Q1 (0.2-4.9 units),1.3333333333333333
487,Transplant,0.5791733474806104,Q1,Liver,NO2,79994,217244,0.188898659078404,4.87432332699116,Q1 (0.2-4.9 units),1.3333333333333333
517.4375,Death/delisted too sick,0.1474517046841752,Q1,Liver,NO2,79994,217244,0.188898659078404,4.87432332699116,Q1 (0.2-4.9 units),1.4166666666666667
517.4375,Transplant,0.5862934449354318,Q1,Liver,NO2,79994,217244,0.188898659078404,4.87432332699116,Q1 (0.2-4.9 units),1.4166666666666667
547.875,Death/delisted too sick,0.15052428782527533,Q1,Liver,NO2,79994,217244,0.188898659078404,4.87432332699116,Q1 (0.2-4.9 units),1.5
547.875,Transplant,0.5918826041605061,Q1,Liver,NO2,79994,217244,0.188898659078404,4.87432332699116,Q1 (0.2-4.9 units),1.5
578.3125,Death/delisted too sick,0.1529078951338195,Q1,Liver,NO2,79994,217244,0.188898659078404,4.87432332699116,Q1 (0.2-4.9 units),1.5833333333333333
578.3125,Transplant,0.5979239403869456,Q1,Liver,NO2,79994,217244,0.188898659078404,4.87432332699116,Q1 (0.2-4.9 units),1.5833333333333333
608.75,Death/delisted too sick,0.15551982562862995,Q1,Liver,NO2,79994,217244,0.188898659078404,4.87432332699116,Q1 (0.2-4.9 units),1.6666666666666667
608.75,Transplant,0.6043018176235704,Q1,Liver,NO2,79994,217244,0.188898659078404,4.87432332699116,Q1 (0.2-4.9 units),1.6666666666666667
639.1875,Death/delisted too sick,0.1571353899458544,Q1,Liver,NO2,79994,217244,0.188898659078404,4.87432332699116,Q1 (0.2-4.9 units),1.75
639.1875,Transplant,0.6101540450462689,Q1,Liver,NO2,79994,217244,0.188898659078404,4.87432332699116,Q1 (0.2-4.9 units),1.75
669.625,Death/delisted too sick,0.15994881284739584,Q1,Liver,NO2,79994,217244,0.188898659078404,4.87432332699116,Q1 (0.2-4.9 units),1.8333333333333333
669.625,Transplant,0.6154039154645069,Q1,Liver,NO2,79994,217244,0.188898659078404,4.87432332699116,Q1 (0.2-4.9 units),1.8333333333333333
700.0625,Death/delisted too sick,0.16247246494716497,Q1,Liver,NO2,79994,217244,0.188898659078404,4.87432332699116,Q1 (0.2-4.9 units),1.9166666666666667
700.0625,Transplant,0.6194509755501582,Q1,Liver,NO2,79994,217244,0.188898659078404,4.87432332699116,Q1 (0.2-4.9 units),1.9166666666666667
730.5,Death/delisted too sick,0.16478135831797477,Q1,Liver,NO2,79994,217244,0.188898659078404,4.87432332699116,Q1 (0.2-4.9 units),2
730.5,Transplant,0.6228219458890935,Q1,Liver,NO2,79994,217244,0.188898659078404,4.87432332699116,Q1 (0.2-4.9 units),2
760.9375,Death/delisted too sick,0.16710990762246572,Q1,Liver,NO2,79994,217244,0.188898659078404,4.87432332699116,Q1 (0.2-4.9 units),2.0833333333333335
760.9375,Transplant,0.6263636587080866,Q1,Liver,NO2,79994,217244,0.188898659078404,4.87432332699116,Q1 (0.2-4.9 units),2.0833333333333335
791.375,Death/delisted too sick,0.16894514309264988,Q1,Liver,NO2,79994,217244,0.188898659078404,4.87432332699116,Q1 (0.2-4.9 units),2.1666666666666665
791.375,Transplant,0.628372051904836,Q1,Liver,NO2,79994,217244,0.188898659078404,4.87432332699116,Q1 (0.2-4.9 units),2.1666666666666665
821.8125,Death/delisted too sick,0.17210145808996619,Q1,Liver,NO2,79994,217244,0.188898659078404,4.87432332699116,Q1 (0.2-4.9 units),2.25
821.8125,Transplant,0.6307777331639239,Q1,Liver,NO2,79994,217244,0.188898659078404,4.87432332699116,Q1 (0.2-4.9 units),2.25
852.25,Death/delisted too sick,0.17478714624941422,Q1,Liver,NO2,79994,217244,0.188898659078404,4.87432332699116,Q1 (0.2-4.9 units),2.3333333333333335
852.25,Transplant,0.6329695358133379,Q1,Liver,NO2,79994,217244,0.188898659078404,4.87432332699116,Q1 (0.2-4.9 units),2.3333333333333335
882.6875,Death/delisted too sick,0.17663288460157267,Q1,Liver,NO2,79994,217244,0.188898659078404,4.87432332699116,Q1 (0.2-4.9 units),2.4166666666666665
882.6875,Transplant,0.6361925143591045,Q1,Liver,NO2,79994,217244,0.188898659078404,4.87432332699116,Q1 (0.2-4.9 units),2.4166666666666665
913.125,Death/delisted too sick,0.17799659325935852,Q1,Liver,NO2,79994,217244,0.188898659078404,4.87432332699116,Q1 (0.2-4.9 units),2.5
913.125,Transplant,0.638169117679097,Q1,Liver,NO2,79994,217244,0.188898659078404,4.87432332699116,Q1 (0.2-4.9 units),2.5
943.5625,Death/delisted too sick,0.17952886392289333,Q1,Liver,NO2,79994,217244,0.188898659078404,4.87432332699116,Q1 (0.2-4.9 units),2.5833333333333335
943.5625,Transplant,0.6400069737597024,Q1,Liver,NO2,79994,217244,0.188898659078404,4.87432332699116,Q1 (0.2-4.9 units),2.5833333333333335
974,Death/delisted too sick,0.1812123343286588,Q1,Liver,NO2,79994,217244,0.188898659078404,4.87432332699116,Q1 (0.2-4.9 units),2.6666666666666665
974,Transplant,0.642451071089497,Q1,Liver,NO2,79994,217244,0.188898659078404,4.87432332699116,Q1 (0.2-4.9 units),2.6666666666666665
1004.4375,Death/delisted too sick,0.18331855710467346,Q1,Liver,NO2,79994,217244,0.188898659078404,4.87432332699116,Q1 (0.2-4.9 units),2.75
1004.4375,Transplant,0.6448911264844682,Q1,Liver,NO2,79994,217244,0.188898659078404,4.87432332699116,Q1 (0.2-4.9 units),2.75
1034.875,Death/delisted too sick,0.18477980792756035,Q1,Liver,NO2,79994,217244,0.188898659078404,4.87432332699116,Q1 (0.2-4.9 units),2.8333333333333335
1034.875,Transplant,0.6469689068552695,Q1,Liver,NO2,79994,217244,0.188898659078404,4.87432332699116,Q1 (0.2-4.9 units),2.8333333333333335
1065.3125,Death/delisted too sick,0.18662757089796894,Q1,Liver,NO2,79994,217244,0.188898659078404,4.87432332699116,Q1 (0.2-4.9 units),2.9166666666666665
1065.3125,Transplant,0.6486805033095462,Q1,Liver,NO2,79994,217244,0.188898659078404,4.87432332699116,Q1 (0.2-4.9 units),2.9166666666666665
1095.75,Death/delisted too sick,0.1883759843800294,Q1,Liver,NO2,79994,217244,0.188898659078404,4.87432332699116,Q1 (0.2-4.9 units),3
1095.75,Transplant,0.6504182942154805,Q1,Liver,NO2,79994,217244,0.188898659078404,4.87432332699116,Q1 (0.2-4.9 units),3
1126.1875,Death/delisted too sick,0.18972429344538969,Q1,Liver,NO2,79994,217244,0.188898659078404,4.87432332699116,Q1 (0.2-4.9 units),3.0833333333333335
1126.1875,Transplant,0.6521676090083287,Q1,Liver,NO2,79994,217244,0.188898659078404,4.87432332699116,Q1 (0.2-4.9 units),3.0833333333333335
1156.625,Death/delisted too sick,0.19127278394683403,Q1,Liver,NO2,79994,217244,0.188898659078404,4.87432332699116,Q1 (0.2-4.9 units),3.1666666666666665
1156.625,Transplant,0.653827603730278,Q1,Liver,NO2,79994,217244,0.188898659078404,4.87432332699116,Q1 (0.2-4.9 units),3.1666666666666665
1187.0625,Death/delisted too sick,0.19324195919855697,Q1,Liver,NO2,79994,217244,0.188898659078404,4.87432332699116,Q1 (0.2-4.9 units),3.25
1187.0625,Transplant,0.6555232941169882,Q1,Liver,NO2,79994,217244,0.188898659078404,4.87432332699116,Q1 (0.2-4.9 units),3.25
1217.5,Death/delisted too sick,0.19524954084786214,Q1,Liver,NO2,79994,217244,0.188898659078404,4.87432332699116,Q1 (0.2-4.9 units),3.3333333333333335
1217.5,Transplant,0.6565701975178067,Q1,Liver,NO2,79994,217244,0.188898659078404,4.87432332699116,Q1 (0.2-4.9 units),3.3333333333333335
1247.9375,Death/delisted too sick,0.196270439859846,Q1,Liver,NO2,79994,217244,0.188898659078404,4.87432332699116,Q1 (0.2-4.9 units),3.4166666666666665
1247.9375,Transplant,0.6572736321576642,Q1,Liver,NO2,79994,217244,0.188898659078404,4.87432332699116,Q1 (0.2-4.9 units),3.4166666666666665
1278.375,Death/delisted too sick,0.19742789981046338,Q1,Liver,NO2,79994,217244,0.188898659078404,4.87432332699116,Q1 (0.2-4.9 units),3.5
1278.375,Transplant,0.6587049022732788,Q1,Liver,NO2,79994,217244,0.188898659078404,4.87432332699116,Q1 (0.2-4.9 units),3.5
1308.8125,Death/delisted too sick,0.1984304444039022,Q1,Liver,NO2,79994,217244,0.188898659078404,4.87432332699116,Q1 (0.2-4.9 units),3.5833333333333335
1308.8125,Transplant,0.6596222026963705,Q1,Liver,NO2,79994,217244,0.188898659078404,4.87432332699116,Q1 (0.2-4.9 units),3.5833333333333335
1339.25,Death/delisted too sick,0.20001821899237598,Q1,Liver,NO2,79994,217244,0.188898659078404,4.87432332699116,Q1 (0.2-4.9 units),3.6666666666666665
1339.25,Transplant,0.6607078462165408,Q1,Liver,NO2,79994,217244,0.188898659078404,4.87432332699116,Q1 (0.2-4.9 units),3.6666666666666665
1369.6875,Death/delisted too sick,0.201412713169495,Q1,Liver,NO2,79994,217244,0.188898659078404,4.87432332699116,Q1 (0.2-4.9 units),3.75
1369.6875,Transplant,0.6620605906289372,Q1,Liver,NO2,79994,217244,0.188898659078404,4.87432332699116,Q1 (0.2-4.9 units),3.75
1400.125,Death/delisted too sick,0.2031414455006532,Q1,Liver,NO2,79994,217244,0.188898659078404,4.87432332699116,Q1 (0.2-4.9 units),3.8333333333333335
1400.125,Transplant,0.662985347659682,Q1,Liver,NO2,79994,217244,0.188898659078404,4.87432332699116,Q1 (0.2-4.9 units),3.8333333333333335
1430.5625,Death/delisted too sick,0.20443791621391041,Q1,Liver,NO2,79994,217244,0.188898659078404,4.87432332699116,Q1 (0.2-4.9 units),3.9166666666666665
1430.5625,Transplant,0.6638607899738664,Q1,Liver,NO2,79994,217244,0.188898659078404,4.87432332699116,Q1 (0.2-4.9 units),3.9166666666666665
1461,Death/delisted too sick,0.20568015395096143,Q1,Liver,NO2,79994,217244,0.188898659078404,4.87432332699116,Q1 (0.2-4.9 units),4
1461,Transplant,0.6646086957720898,Q1,Liver,NO2,79994,217244,0.188898659078404,4.87432332699116,Q1 (0.2-4.9 units),4
1491.4375,Death/delisted too sick,0.20632641320123343,Q1,Liver,NO2,79994,217244,0.188898659078404,4.87432332699116,Q1 (0.2-4.9 units),4.083333333333333
1491.4375,Transplant,0.6660833139097612,Q1,Liver,NO2,79994,217244,0.188898659078404,4.87432332699116,Q1 (0.2-4.9 units),4.083333333333333
1521.875,Death/delisted too sick,0.20774644103068063,Q1,Liver,NO2,79994,217244,0.188898659078404,4.87432332699116,Q1 (0.2-4.9 units),4.166666666666667
1521.875,Transplant,0.6675974605369653,Q1,Liver,NO2,79994,217244,0.188898659078404,4.87432332699116,Q1 (0.2-4.9 units),4.166666666666667
1552.3125,Death/delisted too sick,0.2085901116748001,Q1,Liver,NO2,79994,217244,0.188898659078404,4.87432332699116,Q1 (0.2-4.9 units),4.25
1552.3125,Transplant,0.6683220052008727,Q1,Liver,NO2,79994,217244,0.188898659078404,4.87432332699116,Q1 (0.2-4.9 units),4.25
1582.75,Death/delisted too sick,0.2091177947682206,Q1,Liver,NO2,79994,217244,0.188898659078404,4.87432332699116,Q1 (0.2-4.9 units),4.333333333333333
1582.75,Transplant,0.6692641465824182,Q1,Liver,NO2,79994,217244,0.188898659078404,4.87432332699116,Q1 (0.2-4.9 units),4.333333333333333
1613.1875,Death/delisted too sick,0.20961627528610424,Q1,Liver,NO2,79994,217244,0.188898659078404,4.87432332699116,Q1 (0.2-4.9 units),4.416666666666667
1613.1875,Transplant,0.6702428728946893,Q1,Liver,NO2,79994,217244,0.188898659078404,4.87432332699116,Q1 (0.2-4.9 units),4.416666666666667
1643.625,Death/delisted too sick,0.2099697917501461,Q1,Liver,NO2,79994,217244,0.188898659078404,4.87432332699116,Q1 (0.2-4.9 units),4.5
1643.625,Transplant,0.6708889518663161,Q1,Liver,NO2,79994,217244,0.188898659078404,4.87432332699116,Q1 (0.2-4.9 units),4.5
1674.0625,Death/delisted too sick,0.21049633479841853,Q1,Liver,NO2,79994,217244,0.188898659078404,4.87432332699116,Q1 (0.2-4.9 units),4.583333333333333
1674.0625,Transplant,0.6714273834196703,Q1,Liver,NO2,79994,217244,0.188898659078404,4.87432332699116,Q1 (0.2-4.9 units),4.583333333333333
1704.5,Death/delisted too sick,0.2118806595084593,Q1,Liver,NO2,79994,217244,0.188898659078404,4.87432332699116,Q1 (0.2-4.9 units),4.666666666666667
1704.5,Transplant,0.6720395507770287,Q1,Liver,NO2,79994,217244,0.188898659078404,4.87432332699116,Q1 (0.2-4.9 units),4.666666666666667
1734.9375,Death/delisted too sick,0.2133798797550893,Q1,Liver,NO2,79994,217244,0.188898659078404,4.87432332699116,Q1 (0.2-4.9 units),4.75
1734.9375,Transplant,0.6727587806613079,Q1,Liver,NO2,79994,217244,0.188898659078404,4.87432332699116,Q1 (0.2-4.9 units),4.75
1765.375,Death/delisted too sick,0.21420586962629487,Q1,Liver,NO2,79994,217244,0.188898659078404,4.87432332699116,Q1 (0.2-4.9 units),4.833333333333333
1765.375,Transplant,0.6733805676164566,Q1,Liver,NO2,79994,217244,0.188898659078404,4.87432332699116,Q1 (0.2-4.9 units),4.833333333333333
1795.8125,Death/delisted too sick,0.21469376849679353,Q1,Liver,NO2,79994,217244,0.188898659078404,4.87432332699116,Q1 (0.2-4.9 units),4.916666666666667
1795.8125,Transplant,0.6741413544930878,Q1,Liver,NO2,79994,217244,0.188898659078404,4.87432332699116,Q1 (0.2-4.9 units),4.916666666666667
1826.25,Death/delisted too sick,0.21530421021500976,Q1,Liver,NO2,79994,217244,0.188898659078404,4.87432332699116,Q1 (0.2-4.9 units),5
1826.25,Transplant,0.6751014544800419,Q1,Liver,NO2,79994,217244,0.188898659078404,4.87432332699116,Q1 (0.2-4.9 units),5
0,Death/delisted too sick,0,Q2,Liver,NO2,79994,217244,4.87434576669682,7.90484009385109,Q2 (4.9-7.9 units),0
0,Transplant,0,Q2,Liver,NO2,79994,217244,4.87434576669682,7.90484009385109,Q2 (4.9-7.9 units),0
30.4375,Death/delisted too sick,0.039418794163030804,Q2,Liver,NO2,79994,217244,4.87434576669682,7.90484009385109,Q2 (4.9-7.9 units),0.08333333333333333
30.4375,Transplant,0.23228400875222543,Q2,Liver,NO2,79994,217244,4.87434576669682,7.90484009385109,Q2 (4.9-7.9 units),0.08333333333333333
60.875,Death/delisted too sick,0.05488924237910338,Q2,Liver,NO2,79994,217244,4.87434576669682,7.90484009385109,Q2 (4.9-7.9 units),0.16666666666666666
60.875,Transplant,0.2977243567162917,Q2,Liver,NO2,79994,217244,4.87434576669682,7.90484009385109,Q2 (4.9-7.9 units),0.16666666666666666
91.3125,Death/delisted too sick,0.06755424631097053,Q2,Liver,NO2,79994,217244,4.87434576669682,7.90484009385109,Q2 (4.9-7.9 units),0.25
91.3125,Transplant,0.34393241864163915,Q2,Liver,NO2,79994,217244,4.87434576669682,7.90484009385109,Q2 (4.9-7.9 units),0.25
121.75,Death/delisted too sick,0.07900193707374217,Q2,Liver,NO2,79994,217244,4.87434576669682,7.90484009385109,Q2 (4.9-7.9 units),0.3333333333333333
121.75,Transplant,0.3794017019712313,Q2,Liver,NO2,79994,217244,4.87434576669682,7.90484009385109,Q2 (4.9-7.9 units),0.3333333333333333
152.1875,Death/delisted too sick,0.08833184028481697,Q2,Liver,NO2,79994,217244,4.87434576669682,7.90484009385109,Q2 (4.9-7.9 units),0.4166666666666667
152.1875,Transplant,0.4085508870198748,Q2,Liver,NO2,79994,217244,4.87434576669682,7.90484009385109,Q2 (4.9-7.9 units),0.4166666666666667
182.625,Death/delisted too sick,0.09734194675872998,Q2,Liver,NO2,79994,217244,4.87434576669682,7.90484009385109,Q2 (4.9-7.9 units),0.5
182.625,Transplant,0.43129663039557636,Q2,Liver,NO2,79994,217244,4.87434576669682,7.90484009385109,Q2 (4.9-7.9 units),0.5
213.0625,Death/delisted too sick,0.10521274812672021,Q2,Liver,NO2,79994,217244,4.87434576669682,7.90484009385109,Q2 (4.9-7.9 units),0.5833333333333334
213.0625,Transplant,0.45868291766824515,Q2,Liver,NO2,79994,217244,4.87434576669682,7.90484009385109,Q2 (4.9-7.9 units),0.5833333333333334
243.5,Death/delisted too sick,0.11160465321468734,Q2,Liver,NO2,79994,217244,4.87434576669682,7.90484009385109,Q2 (4.9-7.9 units),0.6666666666666666
243.5,Transplant,0.4817897255296966,Q2,Liver,NO2,79994,217244,4.87434576669682,7.90484009385109,Q2 (4.9-7.9 units),0.6666666666666666
273.9375,Death/delisted too sick,0.11712825108483856,Q2,Liver,NO2,79994,217244,4.87434576669682,7.90484009385109,Q2 (4.9-7.9 units),0.75
273.9375,Transplant,0.4995320309766863,Q2,Liver,NO2,79994,217244,4.87434576669682,7.90484009385109,Q2 (4.9-7.9 units),0.75
304.375,Death/delisted too sick,0.12313686282013787,Q2,Liver,NO2,79994,217244,4.87434576669682,7.90484009385109,Q2 (4.9-7.9 units),0.8333333333333334
304.375,Transplant,0.5155860464109683,Q2,Liver,NO2,79994,217244,4.87434576669682,7.90484009385109,Q2 (4.9-7.9 units),0.8333333333333334
334.8125,Death/delisted too sick,0.128055242327372,Q2,Liver,NO2,79994,217244,4.87434576669682,7.90484009385109,Q2 (4.9-7.9 units),0.9166666666666666
334.8125,Transplant,0.5299516170038794,Q2,Liver,NO2,79994,217244,4.87434576669682,7.90484009385109,Q2 (4.9-7.9 units),0.9166666666666666
365.25,Death/delisted too sick,0.1324432918901312,Q2,Liver,NO2,79994,217244,4.87434576669682,7.90484009385109,Q2 (4.9-7.9 units),1
365.25,Transplant,0.5421758266701467,Q2,Liver,NO2,79994,217244,4.87434576669682,7.90484009385109,Q2 (4.9-7.9 units),1
395.6875,Death/delisted too sick,0.13682186212026884,Q2,Liver,NO2,79994,217244,4.87434576669682,7.90484009385109,Q2 (4.9-7.9 units),1.0833333333333333
395.6875,Transplant,0.5520683977651849,Q2,Liver,NO2,79994,217244,4.87434576669682,7.90484009385109,Q2 (4.9-7.9 units),1.0833333333333333
426.125,Death/delisted too sick,0.1411005520229316,Q2,Liver,NO2,79994,217244,4.87434576669682,7.90484009385109,Q2 (4.9-7.9 units),1.1666666666666667
426.125,Transplant,0.56217553543397,Q2,Liver,NO2,79994,217244,4.87434576669682,7.90484009385109,Q2 (4.9-7.9 units),1.1666666666666667
456.5625,Death/delisted too sick,0.1450516858410638,Q2,Liver,NO2,79994,217244,4.87434576669682,7.90484009385109,Q2 (4.9-7.9 units),1.25
456.5625,Transplant,0.570033293084168,Q2,Liver,NO2,79994,217244,4.87434576669682,7.90484009385109,Q2 (4.9-7.9 units),1.25
487,Death/delisted too sick,0.148318391794577,Q2,Liver,NO2,79994,217244,4.87434576669682,7.90484009385109,Q2 (4.9-7.9 units),1.3333333333333333
487,Transplant,0.5779205867933767,Q2,Liver,NO2,79994,217244,4.87434576669682,7.90484009385109,Q2 (4.9-7.9 units),1.3333333333333333
517.4375,Death/delisted too sick,0.15180799664845163,Q2,Liver,NO2,79994,217244,4.87434576669682,7.90484009385109,Q2 (4.9-7.9 units),1.4166666666666667
517.4375,Transplant,0.5855778877831883,Q2,Liver,NO2,79994,217244,4.87434576669682,7.90484009385109,Q2 (4.9-7.9 units),1.4166666666666667
547.875,Death/delisted too sick,0.15536508666729623,Q2,Liver,NO2,79994,217244,4.87434576669682,7.90484009385109,Q2 (4.9-7.9 units),1.5
547.875,Transplant,0.5914828267130467,Q2,Liver,NO2,79994,217244,4.87434576669682,7.90484009385109,Q2 (4.9-7.9 units),1.5
578.3125,Death/delisted too sick,0.15851033480149324,Q2,Liver,NO2,79994,217244,4.87434576669682,7.90484009385109,Q2 (4.9-7.9 units),1.5833333333333333
578.3125,Transplant,0.5978624340419291,Q2,Liver,NO2,79994,217244,4.87434576669682,7.90484009385109,Q2 (4.9-7.9 units),1.5833333333333333
608.75,Death/delisted too sick,0.16140490848593061,Q2,Liver,NO2,79994,217244,4.87434576669682,7.90484009385109,Q2 (4.9-7.9 units),1.6666666666666667
608.75,Transplant,0.6031454101090106,Q2,Liver,NO2,79994,217244,4.87434576669682,7.90484009385109,Q2 (4.9-7.9 units),1.6666666666666667
639.1875,Death/delisted too sick,0.16440484978052927,Q2,Liver,NO2,79994,217244,4.87434576669682,7.90484009385109,Q2 (4.9-7.9 units),1.75
639.1875,Transplant,0.6080121402183932,Q2,Liver,NO2,79994,217244,4.87434576669682,7.90484009385109,Q2 (4.9-7.9 units),1.75
669.625,Death/delisted too sick,0.16648258954628112,Q2,Liver,NO2,79994,217244,4.87434576669682,7.90484009385109,Q2 (4.9-7.9 units),1.8333333333333333
669.625,Transplant,0.6126149029681289,Q2,Liver,NO2,79994,217244,4.87434576669682,7.90484009385109,Q2 (4.9-7.9 units),1.8333333333333333
700.0625,Death/delisted too sick,0.16843001490527426,Q2,Liver,NO2,79994,217244,4.87434576669682,7.90484009385109,Q2 (4.9-7.9 units),1.9166666666666667
700.0625,Transplant,0.6165159272656635,Q2,Liver,NO2,79994,217244,4.87434576669682,7.90484009385109,Q2 (4.9-7.9 units),1.9166666666666667
730.5,Death/delisted too sick,0.17122419250491627,Q2,Liver,NO2,79994,217244,4.87434576669682,7.90484009385109,Q2 (4.9-7.9 units),2
730.5,Transplant,0.6208840079640672,Q2,Liver,NO2,79994,217244,4.87434576669682,7.90484009385109,Q2 (4.9-7.9 units),2
760.9375,Death/delisted too sick,0.17275910326253047,Q2,Liver,NO2,79994,217244,4.87434576669682,7.90484009385109,Q2 (4.9-7.9 units),2.0833333333333335
760.9375,Transplant,0.6237801580792738,Q2,Liver,NO2,79994,217244,4.87434576669682,7.90484009385109,Q2 (4.9-7.9 units),2.0833333333333335
791.375,Death/delisted too sick,0.17474194485313965,Q2,Liver,NO2,79994,217244,4.87434576669682,7.90484009385109,Q2 (4.9-7.9 units),2.1666666666666665
791.375,Transplant,0.6267494986654228,Q2,Liver,NO2,79994,217244,4.87434576669682,7.90484009385109,Q2 (4.9-7.9 units),2.1666666666666665
821.8125,Death/delisted too sick,0.17746397397744876,Q2,Liver,NO2,79994,217244,4.87434576669682,7.90484009385109,Q2 (4.9-7.9 units),2.25
821.8125,Transplant,0.6295487892058641,Q2,Liver,NO2,79994,217244,4.87434576669682,7.90484009385109,Q2 (4.9-7.9 units),2.25
852.25,Death/delisted too sick,0.17954854338504864,Q2,Liver,NO2,79994,217244,4.87434576669682,7.90484009385109,Q2 (4.9-7.9 units),2.3333333333333335
852.25,Transplant,0.6327775738093513,Q2,Liver,NO2,79994,217244,4.87434576669682,7.90484009385109,Q2 (4.9-7.9 units),2.3333333333333335
882.6875,Death/delisted too sick,0.18151601591348257,Q2,Liver,NO2,79994,217244,4.87434576669682,7.90484009385109,Q2 (4.9-7.9 units),2.4166666666666665
882.6875,Transplant,0.6352492594942322,Q2,Liver,NO2,79994,217244,4.87434576669682,7.90484009385109,Q2 (4.9-7.9 units),2.4166666666666665
913.125,Death/delisted too sick,0.18329643963518005,Q2,Liver,NO2,79994,217244,4.87434576669682,7.90484009385109,Q2 (4.9-7.9 units),2.5
913.125,Transplant,0.6374548333138929,Q2,Liver,NO2,79994,217244,4.87434576669682,7.90484009385109,Q2 (4.9-7.9 units),2.5
943.5625,Death/delisted too sick,0.18523204518364927,Q2,Liver,NO2,79994,217244,4.87434576669682,7.90484009385109,Q2 (4.9-7.9 units),2.5833333333333335
943.5625,Transplant,0.6393770130241249,Q2,Liver,NO2,79994,217244,4.87434576669682,7.90484009385109,Q2 (4.9-7.9 units),2.5833333333333335
974,Death/delisted too sick,0.1879198616640711,Q2,Liver,NO2,79994,217244,4.87434576669682,7.90484009385109,Q2 (4.9-7.9 units),2.6666666666666665
974,Transplant,0.641753200584371,Q2,Liver,NO2,79994,217244,4.87434576669682,7.90484009385109,Q2 (4.9-7.9 units),2.6666666666666665
1004.4375,Death/delisted too sick,0.18945790888736092,Q2,Liver,NO2,79994,217244,4.87434576669682,7.90484009385109,Q2 (4.9-7.9 units),2.75
1004.4375,Transplant,0.6434456788352206,Q2,Liver,NO2,79994,217244,4.87434576669682,7.90484009385109,Q2 (4.9-7.9 units),2.75
1034.875,Death/delisted too sick,0.19117332014610644,Q2,Liver,NO2,79994,217244,4.87434576669682,7.90484009385109,Q2 (4.9-7.9 units),2.8333333333333335
1034.875,Transplant,0.645432217048684,Q2,Liver,NO2,79994,217244,4.87434576669682,7.90484009385109,Q2 (4.9-7.9 units),2.8333333333333335
1065.3125,Death/delisted too sick,0.192953770754094,Q2,Liver,NO2,79994,217244,4.87434576669682,7.90484009385109,Q2 (4.9-7.9 units),2.9166666666666665
1065.3125,Transplant,0.6470695903204848,Q2,Liver,NO2,79994,217244,4.87434576669682,7.90484009385109,Q2 (4.9-7.9 units),2.9166666666666665
1095.75,Death/delisted too sick,0.19518298152105443,Q2,Liver,NO2,79994,217244,4.87434576669682,7.90484009385109,Q2 (4.9-7.9 units),3
1095.75,Transplant,0.649024950127722,Q2,Liver,NO2,79994,217244,4.87434576669682,7.90484009385109,Q2 (4.9-7.9 units),3
1126.1875,Death/delisted too sick,0.19675652921540498,Q2,Liver,NO2,79994,217244,4.87434576669682,7.90484009385109,Q2 (4.9-7.9 units),3.0833333333333335
1126.1875,Transplant,0.6507084595700214,Q2,Liver,NO2,79994,217244,4.87434576669682,7.90484009385109,Q2 (4.9-7.9 units),3.0833333333333335
1156.625,Death/delisted too sick,0.19804720525935904,Q2,Liver,NO2,79994,217244,4.87434576669682,7.90484009385109,Q2 (4.9-7.9 units),3.1666666666666665
1156.625,Transplant,0.6522325604093084,Q2,Liver,NO2,79994,217244,4.87434576669682,7.90484009385109,Q2 (4.9-7.9 units),3.1666666666666665
1187.0625,Death/delisted too sick,0.19909599265044126,Q2,Liver,NO2,79994,217244,4.87434576669682,7.90484009385109,Q2 (4.9-7.9 units),3.25
1187.0625,Transplant,0.6540490537718675,Q2,Liver,NO2,79994,217244,4.87434576669682,7.90484009385109,Q2 (4.9-7.9 units),3.25
1217.5,Death/delisted too sick,0.20020656010447788,Q2,Liver,NO2,79994,217244,4.87434576669682,7.90484009385109,Q2 (4.9-7.9 units),3.3333333333333335
1217.5,Transplant,0.6553552382422172,Q2,Liver,NO2,79994,217244,4.87434576669682,7.90484009385109,Q2 (4.9-7.9 units),3.3333333333333335
1247.9375,Death/delisted too sick,0.2017714381021885,Q2,Liver,NO2,79994,217244,4.87434576669682,7.90484009385109,Q2 (4.9-7.9 units),3.4166666666666665
1247.9375,Transplant,0.6566758457646159,Q2,Liver,NO2,79994,217244,4.87434576669682,7.90484009385109,Q2 (4.9-7.9 units),3.4166666666666665
1278.375,Death/delisted too sick,0.20283876420798383,Q2,Liver,NO2,79994,217244,4.87434576669682,7.90484009385109,Q2 (4.9-7.9 units),3.5
1278.375,Transplant,0.6580783077012257,Q2,Liver,NO2,79994,217244,4.87434576669682,7.90484009385109,Q2 (4.9-7.9 units),3.5
1308.8125,Death/delisted too sick,0.20469565850916352,Q2,Liver,NO2,79994,217244,4.87434576669682,7.90484009385109,Q2 (4.9-7.9 units),3.5833333333333335
1308.8125,Transplant,0.6588519669167443,Q2,Liver,NO2,79994,217244,4.87434576669682,7.90484009385109,Q2 (4.9-7.9 units),3.5833333333333335
1339.25,Death/delisted too sick,0.20603467296289094,Q2,Liver,NO2,79994,217244,4.87434576669682,7.90484009385109,Q2 (4.9-7.9 units),3.6666666666666665
1339.25,Transplant,0.6605859586889282,Q2,Liver,NO2,79994,217244,4.87434576669682,7.90484009385109,Q2 (4.9-7.9 units),3.6666666666666665
1369.6875,Death/delisted too sick,0.20738685488585257,Q2,Liver,NO2,79994,217244,4.87434576669682,7.90484009385109,Q2 (4.9-7.9 units),3.75
1369.6875,Transplant,0.6616616679857543,Q2,Liver,NO2,79994,217244,4.87434576669682,7.90484009385109,Q2 (4.9-7.9 units),3.75
1400.125,Death/delisted too sick,0.20880351649791115,Q2,Liver,NO2,79994,217244,4.87434576669682,7.90484009385109,Q2 (4.9-7.9 units),3.8333333333333335
1400.125,Transplant,0.662619097285219,Q2,Liver,NO2,79994,217244,4.87434576669682,7.90484009385109,Q2 (4.9-7.9 units),3.8333333333333335
1430.5625,Death/delisted too sick,0.21036553026548208,Q2,Liver,NO2,79994,217244,4.87434576669682,7.90484009385109,Q2 (4.9-7.9 units),3.9166666666666665
1430.5625,Transplant,0.6640411955625424,Q2,Liver,NO2,79994,217244,4.87434576669682,7.90484009385109,Q2 (4.9-7.9 units),3.9166666666666665
1461,Death/delisted too sick,0.2117069996043897,Q2,Liver,NO2,79994,217244,4.87434576669682,7.90484009385109,Q2 (4.9-7.9 units),4
1461,Transplant,0.6651972380060792,Q2,Liver,NO2,79994,217244,4.87434576669682,7.90484009385109,Q2 (4.9-7.9 units),4
1491.4375,Death/delisted too sick,0.21420213974210425,Q2,Liver,NO2,79994,217244,4.87434576669682,7.90484009385109,Q2 (4.9-7.9 units),4.083333333333333
1491.4375,Transplant,0.665846182002448,Q2,Liver,NO2,79994,217244,4.87434576669682,7.90484009385109,Q2 (4.9-7.9 units),4.083333333333333
1521.875,Death/delisted too sick,0.21572631686366903,Q2,Liver,NO2,79994,217244,4.87434576669682,7.90484009385109,Q2 (4.9-7.9 units),4.166666666666667
1521.875,Transplant,0.6669906003722824,Q2,Liver,NO2,79994,217244,4.87434576669682,7.90484009385109,Q2 (4.9-7.9 units),4.166666666666667
1552.3125,Death/delisted too sick,0.21656775153827612,Q2,Liver,NO2,79994,217244,4.87434576669682,7.90484009385109,Q2 (4.9-7.9 units),4.25
1552.3125,Transplant,0.6681133752055088,Q2,Liver,NO2,79994,217244,4.87434576669682,7.90484009385109,Q2 (4.9-7.9 units),4.25
1582.75,Death/delisted too sick,0.21755824709599594,Q2,Liver,NO2,79994,217244,4.87434576669682,7.90484009385109,Q2 (4.9-7.9 units),4.333333333333333
1582.75,Transplant,0.6689379884711354,Q2,Liver,NO2,79994,217244,4.87434576669682,7.90484009385109,Q2 (4.9-7.9 units),4.333333333333333
1613.1875,Death/delisted too sick,0.2186411503155744,Q2,Liver,NO2,79994,217244,4.87434576669682,7.90484009385109,Q2 (4.9-7.9 units),4.416666666666667
1613.1875,Transplant,0.6700953115539071,Q2,Liver,NO2,79994,217244,4.87434576669682,7.90484009385109,Q2 (4.9-7.9 units),4.416666666666667
1643.625,Death/delisted too sick,0.2197341675023201,Q2,Liver,NO2,79994,217244,4.87434576669682,7.90484009385109,Q2 (4.9-7.9 units),4.5
1643.625,Transplant,0.6708832661544516,Q2,Liver,NO2,79994,217244,4.87434576669682,7.90484009385109,Q2 (4.9-7.9 units),4.5
1674.0625,Death/delisted too sick,0.22082700922011028,Q2,Liver,NO2,79994,217244,4.87434576669682,7.90484009385109,Q2 (4.9-7.9 units),4.583333333333333
1674.0625,Transplant,0.6715263668232564,Q2,Liver,NO2,79994,217244,4.87434576669682,7.90484009385109,Q2 (4.9-7.9 units),4.583333333333333
1704.5,Death/delisted too sick,0.2218900560465945,Q2,Liver,NO2,79994,217244,4.87434576669682,7.90484009385109,Q2 (4.9-7.9 units),4.666666666666667
1704.5,Transplant,0.672111888713915,Q2,Liver,NO2,79994,217244,4.87434576669682,7.90484009385109,Q2 (4.9-7.9 units),4.666666666666667
1734.9375,Death/delisted too sick,0.22300481209163836,Q2,Liver,NO2,79994,217244,4.87434576669682,7.90484009385109,Q2 (4.9-7.9 units),4.75
1734.9375,Transplant,0.6730382523568263,Q2,Liver,NO2,79994,217244,4.87434576669682,7.90484009385109,Q2 (4.9-7.9 units),4.75
1765.375,Death/delisted too sick,0.2238822212605671,Q2,Liver,NO2,79994,217244,4.87434576669682,7.90484009385109,Q2 (4.9-7.9 units),4.833333333333333
1765.375,Transplant,0.6739257313709001,Q2,Liver,NO2,79994,217244,4.87434576669682,7.90484009385109,Q2 (4.9-7.9 units),4.833333333333333
1795.8125,Death/delisted too sick,0.22453970595000633,Q2,Liver,NO2,79994,217244,4.87434576669682,7.90484009385109,Q2 (4.9-7.9 units),4.916666666666667
1795.8125,Transplant,0.6743219446015749,Q2,Liver,NO2,79994,217244,4.87434576669682,7.90484009385109,Q2 (4.9-7.9 units),4.916666666666667
1826.25,Death/delisted too sick,0.22567048897741138,Q2,Liver,NO2,79994,217244,4.87434576669682,7.90484009385109,Q2 (4.9-7.9 units),5
1826.25,Transplant,0.6749535256703607,Q2,Liver,NO2,79994,217244,4.87434576669682,7.90484009385109,Q2 (4.9-7.9 units),5
0,Death/delisted too sick,0,Q3,Liver,NO2,79994,217244,7.9048927081952,12.5143582026164,Q3 (7.9-12.5 units),0
0,Transplant,0,Q3,Liver,NO2,79994,217244,7.9048927081952,12.5143582026164,Q3 (7.9-12.5 units),0
30.4375,Death/delisted too sick,0.04295648504622993,Q3,Liver,NO2,79994,217244,7.9048927081952,12.5143582026164,Q3 (7.9-12.5 units),0.08333333333333333
30.4375,Transplant,0.23202914868945415,Q3,Liver,NO2,79994,217244,7.9048927081952,12.5143582026164,Q3 (7.9-12.5 units),0.08333333333333333
60.875,Death/delisted too sick,0.059799275820309826,Q3,Liver,NO2,79994,217244,7.9048927081952,12.5143582026164,Q3 (7.9-12.5 units),0.16666666666666666
60.875,Transplant,0.3019444172548404,Q3,Liver,NO2,79994,217244,7.9048927081952,12.5143582026164,Q3 (7.9-12.5 units),0.16666666666666666
91.3125,Death/delisted too sick,0.07334284985058497,Q3,Liver,NO2,79994,217244,7.9048927081952,12.5143582026164,Q3 (7.9-12.5 units),0.25
91.3125,Transplant,0.3501132559252904,Q3,Liver,NO2,79994,217244,7.9048927081952,12.5143582026164,Q3 (7.9-12.5 units),0.25
121.75,Death/delisted too sick,0.08277856695973114,Q3,Liver,NO2,79994,217244,7.9048927081952,12.5143582026164,Q3 (7.9-12.5 units),0.3333333333333333
121.75,Transplant,0.3868362892734531,Q3,Liver,NO2,79994,217244,7.9048927081952,12.5143582026164,Q3 (7.9-12.5 units),0.3333333333333333
152.1875,Death/delisted too sick,0.09140150918423336,Q3,Liver,NO2,79994,217244,7.9048927081952,12.5143582026164,Q3 (7.9-12.5 units),0.4166666666666667
152.1875,Transplant,0.4163825976138753,Q3,Liver,NO2,79994,217244,7.9048927081952,12.5143582026164,Q3 (7.9-12.5 units),0.4166666666666667
182.625,Death/delisted too sick,0.10053865287948768,Q3,Liver,NO2,79994,217244,7.9048927081952,12.5143582026164,Q3 (7.9-12.5 units),0.5
182.625,Transplant,0.44065445105143897,Q3,Liver,NO2,79994,217244,7.9048927081952,12.5143582026164,Q3 (7.9-12.5 units),0.5
213.0625,Death/delisted too sick,0.10802313564766523,Q3,Liver,NO2,79994,217244,7.9048927081952,12.5143582026164,Q3 (7.9-12.5 units),0.5833333333333334
213.0625,Transplant,0.4677207908904371,Q3,Liver,NO2,79994,217244,7.9048927081952,12.5143582026164,Q3 (7.9-12.5 units),0.5833333333333334
243.5,Death/delisted too sick,0.11431299168472296,Q3,Liver,NO2,79994,217244,7.9048927081952,12.5143582026164,Q3 (7.9-12.5 units),0.6666666666666666
243.5,Transplant,0.4912805268084924,Q3,Liver,NO2,79994,217244,7.9048927081952,12.5143582026164,Q3 (7.9-12.5 units),0.6666666666666666
273.9375,Death/delisted too sick,0.11997234932908553,Q3,Liver,NO2,79994,217244,7.9048927081952,12.5143582026164,Q3 (7.9-12.5 units),0.75
273.9375,Transplant,0.5093929232496566,Q3,Liver,NO2,79994,217244,7.9048927081952,12.5143582026164,Q3 (7.9-12.5 units),0.75
304.375,Death/delisted too sick,0.1257086070977356,Q3,Liver,NO2,79994,217244,7.9048927081952,12.5143582026164,Q3 (7.9-12.5 units),0.8333333333333334
304.375,Transplant,0.5264532738266648,Q3,Liver,NO2,79994,217244,7.9048927081952,12.5143582026164,Q3 (7.9-12.5 units),0.8333333333333334
334.8125,Death/delisted too sick,0.1300741860745277,Q3,Liver,NO2,79994,217244,7.9048927081952,12.5143582026164,Q3 (7.9-12.5 units),0.9166666666666666
334.8125,Transplant,0.5405889922712728,Q3,Liver,NO2,79994,217244,7.9048927081952,12.5143582026164,Q3 (7.9-12.5 units),0.9166666666666666
365.25,Death/delisted too sick,0.13482984482776086,Q3,Liver,NO2,79994,217244,7.9048927081952,12.5143582026164,Q3 (7.9-12.5 units),1
365.25,Transplant,0.5518722213107655,Q3,Liver,NO2,79994,217244,7.9048927081952,12.5143582026164,Q3 (7.9-12.5 units),1
395.6875,Death/delisted too sick,0.1394151517059965,Q3,Liver,NO2,79994,217244,7.9048927081952,12.5143582026164,Q3 (7.9-12.5 units),1.0833333333333333
395.6875,Transplant,0.5637908397483623,Q3,Liver,NO2,79994,217244,7.9048927081952,12.5143582026164,Q3 (7.9-12.5 units),1.0833333333333333
426.125,Death/delisted too sick,0.14317005427400123,Q3,Liver,NO2,79994,217244,7.9048927081952,12.5143582026164,Q3 (7.9-12.5 units),1.1666666666666667
426.125,Transplant,0.5739293181505767,Q3,Liver,NO2,79994,217244,7.9048927081952,12.5143582026164,Q3 (7.9-12.5 units),1.1666666666666667
456.5625,Death/delisted too sick,0.14614585388941953,Q3,Liver,NO2,79994,217244,7.9048927081952,12.5143582026164,Q3 (7.9-12.5 units),1.25
456.5625,Transplant,0.5819295947822346,Q3,Liver,NO2,79994,217244,7.9048927081952,12.5143582026164,Q3 (7.9-12.5 units),1.25
487,Death/delisted too sick,0.15021497353845867,Q3,Liver,NO2,79994,217244,7.9048927081952,12.5143582026164,Q3 (7.9-12.5 units),1.3333333333333333
487,Transplant,0.5897031389161926,Q3,Liver,NO2,79994,217244,7.9048927081952,12.5143582026164,Q3 (7.9-12.5 units),1.3333333333333333
517.4375,Death/delisted too sick,0.15313261983746568,Q3,Liver,NO2,79994,217244,7.9048927081952,12.5143582026164,Q3 (7.9-12.5 units),1.4166666666666667
517.4375,Transplant,0.5968455045539465,Q3,Liver,NO2,79994,217244,7.9048927081952,12.5143582026164,Q3 (7.9-12.5 units),1.4166666666666667
547.875,Death/delisted too sick,0.1569046436064964,Q3,Liver,NO2,79994,217244,7.9048927081952,12.5143582026164,Q3 (7.9-12.5 units),1.5
547.875,Transplant,0.6036470807701473,Q3,Liver,NO2,79994,217244,7.9048927081952,12.5143582026164,Q3 (7.9-12.5 units),1.5
578.3125,Death/delisted too sick,0.15993051477949086,Q3,Liver,NO2,79994,217244,7.9048927081952,12.5143582026164,Q3 (7.9-12.5 units),1.5833333333333333
578.3125,Transplant,0.6101318314999286,Q3,Liver,NO2,79994,217244,7.9048927081952,12.5143582026164,Q3 (7.9-12.5 units),1.5833333333333333
608.75,Death/delisted too sick,0.16263290470034295,Q3,Liver,NO2,79994,217244,7.9048927081952,12.5143582026164,Q3 (7.9-12.5 units),1.6666666666666667
608.75,Transplant,0.6157954179898227,Q3,Liver,NO2,79994,217244,7.9048927081952,12.5143582026164,Q3 (7.9-12.5 units),1.6666666666666667
639.1875,Death/delisted too sick,0.16557910556805477,Q3,Liver,NO2,79994,217244,7.9048927081952,12.5143582026164,Q3 (7.9-12.5 units),1.75
639.1875,Transplant,0.6207894054415223,Q3,Liver,NO2,79994,217244,7.9048927081952,12.5143582026164,Q3 (7.9-12.5 units),1.75
669.625,Death/delisted too sick,0.1680379402890527,Q3,Liver,NO2,79994,217244,7.9048927081952,12.5143582026164,Q3 (7.9-12.5 units),1.8333333333333333
669.625,Transplant,0.6247349382437982,Q3,Liver,NO2,79994,217244,7.9048927081952,12.5143582026164,Q3 (7.9-12.5 units),1.8333333333333333
700.0625,Death/delisted too sick,0.17045259397533907,Q3,Liver,NO2,79994,217244,7.9048927081952,12.5143582026164,Q3 (7.9-12.5 units),1.9166666666666667
700.0625,Transplant,0.6295153220846822,Q3,Liver,NO2,79994,217244,7.9048927081952,12.5143582026164,Q3 (7.9-12.5 units),1.9166666666666667
730.5,Death/delisted too sick,0.17260849516674745,Q3,Liver,NO2,79994,217244,7.9048927081952,12.5143582026164,Q3 (7.9-12.5 units),2
730.5,Transplant,0.6325311066692351,Q3,Liver,NO2,79994,217244,7.9048927081952,12.5143582026164,Q3 (7.9-12.5 units),2
760.9375,Death/delisted too sick,0.1745186319166059,Q3,Liver,NO2,79994,217244,7.9048927081952,12.5143582026164,Q3 (7.9-12.5 units),2.0833333333333335
760.9375,Transplant,0.6362390187353961,Q3,Liver,NO2,79994,217244,7.9048927081952,12.5143582026164,Q3 (7.9-12.5 units),2.0833333333333335
791.375,Death/delisted too sick,0.17723420069310747,Q3,Liver,NO2,79994,217244,7.9048927081952,12.5143582026164,Q3 (7.9-12.5 units),2.1666666666666665
791.375,Transplant,0.6392367223489777,Q3,Liver,NO2,79994,217244,7.9048927081952,12.5143582026164,Q3 (7.9-12.5 units),2.1666666666666665
821.8125,Death/delisted too sick,0.17958367994569005,Q3,Liver,NO2,79994,217244,7.9048927081952,12.5143582026164,Q3 (7.9-12.5 units),2.25
821.8125,Transplant,0.6427527590764565,Q3,Liver,NO2,79994,217244,7.9048927081952,12.5143582026164,Q3 (7.9-12.5 units),2.25
852.25,Death/delisted too sick,0.1812202437603402,Q3,Liver,NO2,79994,217244,7.9048927081952,12.5143582026164,Q3 (7.9-12.5 units),2.3333333333333335
852.25,Transplant,0.6451969775002475,Q3,Liver,NO2,79994,217244,7.9048927081952,12.5143582026164,Q3 (7.9-12.5 units),2.3333333333333335
882.6875,Death/delisted too sick,0.18318278211388864,Q3,Liver,NO2,79994,217244,7.9048927081952,12.5143582026164,Q3 (7.9-12.5 units),2.4166666666666665
882.6875,Transplant,0.6477330688292727,Q3,Liver,NO2,79994,217244,7.9048927081952,12.5143582026164,Q3 (7.9-12.5 units),2.4166666666666665
913.125,Death/delisted too sick,0.18545591371380632,Q3,Liver,NO2,79994,217244,7.9048927081952,12.5143582026164,Q3 (7.9-12.5 units),2.5
913.125,Transplant,0.649518532715144,Q3,Liver,NO2,79994,217244,7.9048927081952,12.5143582026164,Q3 (7.9-12.5 units),2.5
943.5625,Death/delisted too sick,0.1870421259614952,Q3,Liver,NO2,79994,217244,7.9048927081952,12.5143582026164,Q3 (7.9-12.5 units),2.5833333333333335
943.5625,Transplant,0.6515094966362409,Q3,Liver,NO2,79994,217244,7.9048927081952,12.5143582026164,Q3 (7.9-12.5 units),2.5833333333333335
974,Death/delisted too sick,0.18884462145321884,Q3,Liver,NO2,79994,217244,7.9048927081952,12.5143582026164,Q3 (7.9-12.5 units),2.6666666666666665
974,Transplant,0.6532556283815809,Q3,Liver,NO2,79994,217244,7.9048927081952,12.5143582026164,Q3 (7.9-12.5 units),2.6666666666666665
1004.4375,Death/delisted too sick,0.19054689167457872,Q3,Liver,NO2,79994,217244,7.9048927081952,12.5143582026164,Q3 (7.9-12.5 units),2.75
1004.4375,Transplant,0.6550337429401378,Q3,Liver,NO2,79994,217244,7.9048927081952,12.5143582026164,Q3 (7.9-12.5 units),2.75
1034.875,Death/delisted too sick,0.1921567591529722,Q3,Liver,NO2,79994,217244,7.9048927081952,12.5143582026164,Q3 (7.9-12.5 units),2.8333333333333335
1034.875,Transplant,0.6562376027984614,Q3,Liver,NO2,79994,217244,7.9048927081952,12.5143582026164,Q3 (7.9-12.5 units),2.8333333333333335
1065.3125,Death/delisted too sick,0.19326640470635698,Q3,Liver,NO2,79994,217244,7.9048927081952,12.5143582026164,Q3 (7.9-12.5 units),2.9166666666666665
1065.3125,Transplant,0.6579264125106528,Q3,Liver,NO2,79994,217244,7.9048927081952,12.5143582026164,Q3 (7.9-12.5 units),2.9166666666666665
1095.75,Death/delisted too sick,0.1944737999444406,Q3,Liver,NO2,79994,217244,7.9048927081952,12.5143582026164,Q3 (7.9-12.5 units),3
1095.75,Transplant,0.6593166153789799,Q3,Liver,NO2,79994,217244,7.9048927081952,12.5143582026164,Q3 (7.9-12.5 units),3
1126.1875,Death/delisted too sick,0.1956804737368642,Q3,Liver,NO2,79994,217244,7.9048927081952,12.5143582026164,Q3 (7.9-12.5 units),3.0833333333333335
1126.1875,Transplant,0.6610762221872444,Q3,Liver,NO2,79994,217244,7.9048927081952,12.5143582026164,Q3 (7.9-12.5 units),3.0833333333333335
1156.625,Death/delisted too sick,0.1970353847199239,Q3,Liver,NO2,79994,217244,7.9048927081952,12.5143582026164,Q3 (7.9-12.5 units),3.1666666666666665
1156.625,Transplant,0.662771386862889,Q3,Liver,NO2,79994,217244,7.9048927081952,12.5143582026164,Q3 (7.9-12.5 units),3.1666666666666665
1187.0625,Death/delisted too sick,0.19819043547118445,Q3,Liver,NO2,79994,217244,7.9048927081952,12.5143582026164,Q3 (7.9-12.5 units),3.25
1187.0625,Transplant,0.6642657463106144,Q3,Liver,NO2,79994,217244,7.9048927081952,12.5143582026164,Q3 (7.9-12.5 units),3.25
1217.5,Death/delisted too sick,0.19935029845242205,Q3,Liver,NO2,79994,217244,7.9048927081952,12.5143582026164,Q3 (7.9-12.5 units),3.3333333333333335
1217.5,Transplant,0.6656669892042217,Q3,Liver,NO2,79994,217244,7.9048927081952,12.5143582026164,Q3 (7.9-12.5 units),3.3333333333333335
1247.9375,Death/delisted too sick,0.2007691446336955,Q3,Liver,NO2,79994,217244,7.9048927081952,12.5143582026164,Q3 (7.9-12.5 units),3.4166666666666665
1247.9375,Transplant,0.667065256136425,Q3,Liver,NO2,79994,217244,7.9048927081952,12.5143582026164,Q3 (7.9-12.5 units),3.4166666666666665
1278.375,Death/delisted too sick,0.20162553168214056,Q3,Liver,NO2,79994,217244,7.9048927081952,12.5143582026164,Q3 (7.9-12.5 units),3.5
1278.375,Transplant,0.6686795661275569,Q3,Liver,NO2,79994,217244,7.9048927081952,12.5143582026164,Q3 (7.9-12.5 units),3.5
1308.8125,Death/delisted too sick,0.2032735106212985,Q3,Liver,NO2,79994,217244,7.9048927081952,12.5143582026164,Q3 (7.9-12.5 units),3.5833333333333335
1308.8125,Transplant,0.6697877953873842,Q3,Liver,NO2,79994,217244,7.9048927081952,12.5143582026164,Q3 (7.9-12.5 units),3.5833333333333335
1339.25,Death/delisted too sick,0.2042290953696447,Q3,Liver,NO2,79994,217244,7.9048927081952,12.5143582026164,Q3 (7.9-12.5 units),3.6666666666666665
1339.25,Transplant,0.6709395185228831,Q3,Liver,NO2,79994,217244,7.9048927081952,12.5143582026164,Q3 (7.9-12.5 units),3.6666666666666665
1369.6875,Death/delisted too sick,0.20521430256300757,Q3,Liver,NO2,79994,217244,7.9048927081952,12.5143582026164,Q3 (7.9-12.5 units),3.75
1369.6875,Transplant,0.672683787902323,Q3,Liver,NO2,79994,217244,7.9048927081952,12.5143582026164,Q3 (7.9-12.5 units),3.75
1400.125,Death/delisted too sick,0.20636160150712143,Q3,Liver,NO2,79994,217244,7.9048927081952,12.5143582026164,Q3 (7.9-12.5 units),3.8333333333333335
1400.125,Transplant,0.6741466655995557,Q3,Liver,NO2,79994,217244,7.9048927081952,12.5143582026164,Q3 (7.9-12.5 units),3.8333333333333335
1430.5625,Death/delisted too sick,0.2078529701564538,Q3,Liver,NO2,79994,217244,7.9048927081952,12.5143582026164,Q3 (7.9-12.5 units),3.9166666666666665
1430.5625,Transplant,0.6755582338518366,Q3,Liver,NO2,79994,217244,7.9048927081952,12.5143582026164,Q3 (7.9-12.5 units),3.9166666666666665
1461,Death/delisted too sick,0.20850651577364787,Q3,Liver,NO2,79994,217244,7.9048927081952,12.5143582026164,Q3 (7.9-12.5 units),4
1461,Transplant,0.676416822261915,Q3,Liver,NO2,79994,217244,7.9048927081952,12.5143582026164,Q3 (7.9-12.5 units),4
1491.4375,Death/delisted too sick,0.2097025102112207,Q3,Liver,NO2,79994,217244,7.9048927081952,12.5143582026164,Q3 (7.9-12.5 units),4.083333333333333
1491.4375,Transplant,0.6776043844407966,Q3,Liver,NO2,79994,217244,7.9048927081952,12.5143582026164,Q3 (7.9-12.5 units),4.083333333333333
1521.875,Death/delisted too sick,0.21071216074423635,Q3,Liver,NO2,79994,217244,7.9048927081952,12.5143582026164,Q3 (7.9-12.5 units),4.166666666666667
1521.875,Transplant,0.6785128911808268,Q3,Liver,NO2,79994,217244,7.9048927081952,12.5143582026164,Q3 (7.9-12.5 units),4.166666666666667
1552.3125,Death/delisted too sick,0.21156972150872247,Q3,Liver,NO2,79994,217244,7.9048927081952,12.5143582026164,Q3 (7.9-12.5 units),4.25
1552.3125,Transplant,0.6794856086824432,Q3,Liver,NO2,79994,217244,7.9048927081952,12.5143582026164,Q3 (7.9-12.5 units),4.25
1582.75,Death/delisted too sick,0.2128027186343379,Q3,Liver,NO2,79994,217244,7.9048927081952,12.5143582026164,Q3 (7.9-12.5 units),4.333333333333333
1582.75,Transplant,0.6803167478024016,Q3,Liver,NO2,79994,217244,7.9048927081952,12.5143582026164,Q3 (7.9-12.5 units),4.333333333333333
1613.1875,Death/delisted too sick,0.21322634850855715,Q3,Liver,NO2,79994,217244,7.9048927081952,12.5143582026164,Q3 (7.9-12.5 units),4.416666666666667
1613.1875,Transplant,0.6809959154241735,Q3,Liver,NO2,79994,217244,7.9048927081952,12.5143582026164,Q3 (7.9-12.5 units),4.416666666666667
1643.625,Death/delisted too sick,0.21464164450189038,Q3,Liver,NO2,79994,217244,7.9048927081952,12.5143582026164,Q3 (7.9-12.5 units),4.5
1643.625,Transplant,0.6817647559633271,Q3,Liver,NO2,79994,217244,7.9048927081952,12.5143582026164,Q3 (7.9-12.5 units),4.5
1674.0625,Death/delisted too sick,0.21542857100683607,Q3,Liver,NO2,79994,217244,7.9048927081952,12.5143582026164,Q3 (7.9-12.5 units),4.583333333333333
1674.0625,Transplant,0.682513607969997,Q3,Liver,NO2,79994,217244,7.9048927081952,12.5143582026164,Q3 (7.9-12.5 units),4.583333333333333
1704.5,Death/delisted too sick,0.21606562281129418,Q3,Liver,NO2,79994,217244,7.9048927081952,12.5143582026164,Q3 (7.9-12.5 units),4.666666666666667
1704.5,Transplant,0.6833805170999278,Q3,Liver,NO2,79994,217244,7.9048927081952,12.5143582026164,Q3 (7.9-12.5 units),4.666666666666667
1734.9375,Death/delisted too sick,0.21682245573977427,Q3,Liver,NO2,79994,217244,7.9048927081952,12.5143582026164,Q3 (7.9-12.5 units),4.75
1734.9375,Transplant,0.6842339774016023,Q3,Liver,NO2,79994,217244,7.9048927081952,12.5143582026164,Q3 (7.9-12.5 units),4.75
1765.375,Death/delisted too sick,0.21771968161798894,Q3,Liver,NO2,79994,217244,7.9048927081952,12.5143582026164,Q3 (7.9-12.5 units),4.833333333333333
1765.375,Transplant,0.6849125357850767,Q3,Liver,NO2,79994,217244,7.9048927081952,12.5143582026164,Q3 (7.9-12.5 units),4.833333333333333
1795.8125,Death/delisted too sick,0.21893894158181437,Q3,Liver,NO2,79994,217244,7.9048927081952,12.5143582026164,Q3 (7.9-12.5 units),4.916666666666667
1795.8125,Transplant,0.6859025302062239,Q3,Liver,NO2,79994,217244,7.9048927081952,12.5143582026164,Q3 (7.9-12.5 units),4.916666666666667
1826.25,Death/delisted too sick,0.21954457951427678,Q3,Liver,NO2,79994,217244,7.9048927081952,12.5143582026164,Q3 (7.9-12.5 units),5
1826.25,Transplant,0.6865981763480937,Q3,Liver,NO2,79994,217244,7.9048927081952,12.5143582026164,Q3 (7.9-12.5 units),5
0,Death/delisted too sick,0,Q4,Liver,NO2,79994,217244,12.5143582026164,51.1499290466309,Q4 (12.5-51.1 units),0
0,Transplant,0,Q4,Liver,NO2,79994,217244,12.5143582026164,51.1499290466309,Q4 (12.5-51.1 units),0
30.4375,Death/delisted too sick,0.04533711654789241,Q4,Liver,NO2,79994,217244,12.5143582026164,51.1499290466309,Q4 (12.5-51.1 units),0.08333333333333333
30.4375,Transplant,0.21477226170240124,Q4,Liver,NO2,79994,217244,12.5143582026164,51.1499290466309,Q4 (12.5-51.1 units),0.08333333333333333
60.875,Death/delisted too sick,0.062162320584396386,Q4,Liver,NO2,79994,217244,12.5143582026164,51.1499290466309,Q4 (12.5-51.1 units),0.16666666666666666
60.875,Transplant,0.2787701824333802,Q4,Liver,NO2,79994,217244,12.5143582026164,51.1499290466309,Q4 (12.5-51.1 units),0.16666666666666666
91.3125,Death/delisted too sick,0.07458555793960205,Q4,Liver,NO2,79994,217244,12.5143582026164,51.1499290466309,Q4 (12.5-51.1 units),0.25
91.3125,Transplant,0.32513574001457424,Q4,Liver,NO2,79994,217244,12.5143582026164,51.1499290466309,Q4 (12.5-51.1 units),0.25
121.75,Death/delisted too sick,0.08559609427481682,Q4,Liver,NO2,79994,217244,12.5143582026164,51.1499290466309,Q4 (12.5-51.1 units),0.3333333333333333
121.75,Transplant,0.3593932150909354,Q4,Liver,NO2,79994,217244,12.5143582026164,51.1499290466309,Q4 (12.5-51.1 units),0.3333333333333333
152.1875,Death/delisted too sick,0.0948666368570351,Q4,Liver,NO2,79994,217244,12.5143582026164,51.1499290466309,Q4 (12.5-51.1 units),0.4166666666666667
152.1875,Transplant,0.3848840942042441,Q4,Liver,NO2,79994,217244,12.5143582026164,51.1499290466309,Q4 (12.5-51.1 units),0.4166666666666667
182.625,Death/delisted too sick,0.10432865554651594,Q4,Liver,NO2,79994,217244,12.5143582026164,51.1499290466309,Q4 (12.5-51.1 units),0.5
182.625,Transplant,0.40691296153312556,Q4,Liver,NO2,79994,217244,12.5143582026164,51.1499290466309,Q4 (12.5-51.1 units),0.5
213.0625,Death/delisted too sick,0.11248789022361627,Q4,Liver,NO2,79994,217244,12.5143582026164,51.1499290466309,Q4 (12.5-51.1 units),0.5833333333333334
213.0625,Transplant,0.4365229297254102,Q4,Liver,NO2,79994,217244,12.5143582026164,51.1499290466309,Q4 (12.5-51.1 units),0.5833333333333334
243.5,Death/delisted too sick,0.11900431522374665,Q4,Liver,NO2,79994,217244,12.5143582026164,51.1499290466309,Q4 (12.5-51.1 units),0.6666666666666666
243.5,Transplant,0.4608654038395818,Q4,Liver,NO2,79994,217244,12.5143582026164,51.1499290466309,Q4 (12.5-51.1 units),0.6666666666666666
273.9375,Death/delisted too sick,0.12482660827624192,Q4,Liver,NO2,79994,217244,12.5143582026164,51.1499290466309,Q4 (12.5-51.1 units),0.75
273.9375,Transplant,0.47900921824939524,Q4,Liver,NO2,79994,217244,12.5143582026164,51.1499290466309,Q4 (12.5-51.1 units),0.75
304.375,Death/delisted too sick,0.1305462811436088,Q4,Liver,NO2,79994,217244,12.5143582026164,51.1499290466309,Q4 (12.5-51.1 units),0.8333333333333334
304.375,Transplant,0.4953642549582834,Q4,Liver,NO2,79994,217244,12.5143582026164,51.1499290466309,Q4 (12.5-51.1 units),0.8333333333333334
334.8125,Death/delisted too sick,0.13477094669581002,Q4,Liver,NO2,79994,217244,12.5143582026164,51.1499290466309,Q4 (12.5-51.1 units),0.9166666666666666
334.8125,Transplant,0.5078496610673918,Q4,Liver,NO2,79994,217244,12.5143582026164,51.1499290466309,Q4 (12.5-51.1 units),0.9166666666666666
365.25,Death/delisted too sick,0.13929683017530076,Q4,Liver,NO2,79994,217244,12.5143582026164,51.1499290466309,Q4 (12.5-51.1 units),1
365.25,Transplant,0.5215417825354859,Q4,Liver,NO2,79994,217244,12.5143582026164,51.1499290466309,Q4 (12.5-51.1 units),1
395.6875,Death/delisted too sick,0.14441485611935492,Q4,Liver,NO2,79994,217244,12.5143582026164,51.1499290466309,Q4 (12.5-51.1 units),1.0833333333333333
395.6875,Transplant,0.5310934246159366,Q4,Liver,NO2,79994,217244,12.5143582026164,51.1499290466309,Q4 (12.5-51.1 units),1.0833333333333333
426.125,Death/delisted too sick,0.1494733183691253,Q4,Liver,NO2,79994,217244,12.5143582026164,51.1499290466309,Q4 (12.5-51.1 units),1.1666666666666667
426.125,Transplant,0.5409152767524361,Q4,Liver,NO2,79994,217244,12.5143582026164,51.1499290466309,Q4 (12.5-51.1 units),1.1666666666666667
456.5625,Death/delisted too sick,0.15378361958166625,Q4,Liver,NO2,79994,217244,12.5143582026164,51.1499290466309,Q4 (12.5-51.1 units),1.25
456.5625,Transplant,0.5502168428516706,Q4,Liver,NO2,79994,217244,12.5143582026164,51.1499290466309,Q4 (12.5-51.1 units),1.25
487,Death/delisted too sick,0.15748437344247193,Q4,Liver,NO2,79994,217244,12.5143582026164,51.1499290466309,Q4 (12.5-51.1 units),1.3333333333333333
487,Transplant,0.559652608208781,Q4,Liver,NO2,79994,217244,12.5143582026164,51.1499290466309,Q4 (12.5-51.1 units),1.3333333333333333
517.4375,Death/delisted too sick,0.16133104188824754,Q4,Liver,NO2,79994,217244,12.5143582026164,51.1499290466309,Q4 (12.5-51.1 units),1.4166666666666667
517.4375,Transplant,0.5671548088716234,Q4,Liver,NO2,79994,217244,12.5143582026164,51.1499290466309,Q4 (12.5-51.1 units),1.4166666666666667
547.875,Death/delisted too sick,0.1648665057174722,Q4,Liver,NO2,79994,217244,12.5143582026164,51.1499290466309,Q4 (12.5-51.1 units),1.5
547.875,Transplant,0.5736553925994177,Q4,Liver,NO2,79994,217244,12.5143582026164,51.1499290466309,Q4 (12.5-51.1 units),1.5
578.3125,Death/delisted too sick,0.16824430485403366,Q4,Liver,NO2,79994,217244,12.5143582026164,51.1499290466309,Q4 (12.5-51.1 units),1.5833333333333333
578.3125,Transplant,0.5789197789188935,Q4,Liver,NO2,79994,217244,12.5143582026164,51.1499290466309,Q4 (12.5-51.1 units),1.5833333333333333
608.75,Death/delisted too sick,0.17057983365086285,Q4,Liver,NO2,79994,217244,12.5143582026164,51.1499290466309,Q4 (12.5-51.1 units),1.6666666666666667
608.75,Transplant,0.5842840852534877,Q4,Liver,NO2,79994,217244,12.5143582026164,51.1499290466309,Q4 (12.5-51.1 units),1.6666666666666667
639.1875,Death/delisted too sick,0.17363811625161002,Q4,Liver,NO2,79994,217244,12.5143582026164,51.1499290466309,Q4 (12.5-51.1 units),1.75
639.1875,Transplant,0.589722951835042,Q4,Liver,NO2,79994,217244,12.5143582026164,51.1499290466309,Q4 (12.5-51.1 units),1.75
669.625,Death/delisted too sick,0.17545099101265374,Q4,Liver,NO2,79994,217244,12.5143582026164,51.1499290466309,Q4 (12.5-51.1 units),1.8333333333333333
669.625,Transplant,0.5936316326673367,Q4,Liver,NO2,79994,217244,12.5143582026164,51.1499290466309,Q4 (12.5-51.1 units),1.8333333333333333
700.0625,Death/delisted too sick,0.17806854762334606,Q4,Liver,NO2,79994,217244,12.5143582026164,51.1499290466309,Q4 (12.5-51.1 units),1.9166666666666667
700.0625,Transplant,0.5979597936904019,Q4,Liver,NO2,79994,217244,12.5143582026164,51.1499290466309,Q4 (12.5-51.1 units),1.9166666666666667
730.5,Death/delisted too sick,0.17988484738465924,Q4,Liver,NO2,79994,217244,12.5143582026164,51.1499290466309,Q4 (12.5-51.1 units),2
730.5,Transplant,0.601222173907619,Q4,Liver,NO2,79994,217244,12.5143582026164,51.1499290466309,Q4 (12.5-51.1 units),2
760.9375,Death/delisted too sick,0.18105880118104906,Q4,Liver,NO2,79994,217244,12.5143582026164,51.1499290466309,Q4 (12.5-51.1 units),2.0833333333333335
760.9375,Transplant,0.604542340932123,Q4,Liver,NO2,79994,217244,12.5143582026164,51.1499290466309,Q4 (12.5-51.1 units),2.0833333333333335
791.375,Death/delisted too sick,0.18253528076876271,Q4,Liver,NO2,79994,217244,12.5143582026164,51.1499290466309,Q4 (12.5-51.1 units),2.1666666666666665
791.375,Transplant,0.6068616622924099,Q4,Liver,NO2,79994,217244,12.5143582026164,51.1499290466309,Q4 (12.5-51.1 units),2.1666666666666665
821.8125,Death/delisted too sick,0.1840109254956106,Q4,Liver,NO2,79994,217244,12.5143582026164,51.1499290466309,Q4 (12.5-51.1 units),2.25
821.8125,Transplant,0.6094010793736,Q4,Liver,NO2,79994,217244,12.5143582026164,51.1499290466309,Q4 (12.5-51.1 units),2.25
852.25,Death/delisted too sick,0.18598803110016052,Q4,Liver,NO2,79994,217244,12.5143582026164,51.1499290466309,Q4 (12.5-51.1 units),2.3333333333333335
852.25,Transplant,0.6120826488210752,Q4,Liver,NO2,79994,217244,12.5143582026164,51.1499290466309,Q4 (12.5-51.1 units),2.3333333333333335
882.6875,Death/delisted too sick,0.1875351856929441,Q4,Liver,NO2,79994,217244,12.5143582026164,51.1499290466309,Q4 (12.5-51.1 units),2.4166666666666665
882.6875,Transplant,0.6144575900824772,Q4,Liver,NO2,79994,217244,12.5143582026164,51.1499290466309,Q4 (12.5-51.1 units),2.4166666666666665
913.125,Death/delisted too sick,0.1899326168853511,Q4,Liver,NO2,79994,217244,12.5143582026164,51.1499290466309,Q4 (12.5-51.1 units),2.5
913.125,Transplant,0.6169199949292193,Q4,Liver,NO2,79994,217244,12.5143582026164,51.1499290466309,Q4 (12.5-51.1 units),2.5
943.5625,Death/delisted too sick,0.1914636424750514,Q4,Liver,NO2,79994,217244,12.5143582026164,51.1499290466309,Q4 (12.5-51.1 units),2.5833333333333335
943.5625,Transplant,0.6192619018316984,Q4,Liver,NO2,79994,217244,12.5143582026164,51.1499290466309,Q4 (12.5-51.1 units),2.5833333333333335
974,Death/delisted too sick,0.1933576803075956,Q4,Liver,NO2,79994,217244,12.5143582026164,51.1499290466309,Q4 (12.5-51.1 units),2.6666666666666665
974,Transplant,0.6216046462178396,Q4,Liver,NO2,79994,217244,12.5143582026164,51.1499290466309,Q4 (12.5-51.1 units),2.6666666666666665
1004.4375,Death/delisted too sick,0.19510202649389236,Q4,Liver,NO2,79994,217244,12.5143582026164,51.1499290466309,Q4 (12.5-51.1 units),2.75
1004.4375,Transplant,0.624092069278903,Q4,Liver,NO2,79994,217244,12.5143582026164,51.1499290466309,Q4 (12.5-51.1 units),2.75
1034.875,Death/delisted too sick,0.1969610916743249,Q4,Liver,NO2,79994,217244,12.5143582026164,51.1499290466309,Q4 (12.5-51.1 units),2.8333333333333335
1034.875,Transplant,0.6257639003805651,Q4,Liver,NO2,79994,217244,12.5143582026164,51.1499290466309,Q4 (12.5-51.1 units),2.8333333333333335
1065.3125,Death/delisted too sick,0.198963339618697,Q4,Liver,NO2,79994,217244,12.5143582026164,51.1499290466309,Q4 (12.5-51.1 units),2.9166666666666665
1065.3125,Transplant,0.6277087899683998,Q4,Liver,NO2,79994,217244,12.5143582026164,51.1499290466309,Q4 (12.5-51.1 units),2.9166666666666665
1095.75,Death/delisted too sick,0.20021852177821003,Q4,Liver,NO2,79994,217244,12.5143582026164,51.1499290466309,Q4 (12.5-51.1 units),3
1095.75,Transplant,0.6299148872354586,Q4,Liver,NO2,79994,217244,12.5143582026164,51.1499290466309,Q4 (12.5-51.1 units),3
1126.1875,Death/delisted too sick,0.20213809926068738,Q4,Liver,NO2,79994,217244,12.5143582026164,51.1499290466309,Q4 (12.5-51.1 units),3.0833333333333335
1126.1875,Transplant,0.6315019916973597,Q4,Liver,NO2,79994,217244,12.5143582026164,51.1499290466309,Q4 (12.5-51.1 units),3.0833333333333335
1156.625,Death/delisted too sick,0.20386918902744738,Q4,Liver,NO2,79994,217244,12.5143582026164,51.1499290466309,Q4 (12.5-51.1 units),3.1666666666666665
1156.625,Transplant,0.6328270208443322,Q4,Liver,NO2,79994,217244,12.5143582026164,51.1499290466309,Q4 (12.5-51.1 units),3.1666666666666665
1187.0625,Death/delisted too sick,0.20503940405214685,Q4,Liver,NO2,79994,217244,12.5143582026164,51.1499290466309,Q4 (12.5-51.1 units),3.25
1187.0625,Transplant,0.6342912341495464,Q4,Liver,NO2,79994,217244,12.5143582026164,51.1499290466309,Q4 (12.5-51.1 units),3.25
1217.5,Death/delisted too sick,0.20611511642445368,Q4,Liver,NO2,79994,217244,12.5143582026164,51.1499290466309,Q4 (12.5-51.1 units),3.3333333333333335
1217.5,Transplant,0.6359449681596384,Q4,Liver,NO2,79994,217244,12.5143582026164,51.1499290466309,Q4 (12.5-51.1 units),3.3333333333333335
1247.9375,Death/delisted too sick,0.2074593878863709,Q4,Liver,NO2,79994,217244,12.5143582026164,51.1499290466309,Q4 (12.5-51.1 units),3.4166666666666665
1247.9375,Transplant,0.6379241482619872,Q4,Liver,NO2,79994,217244,12.5143582026164,51.1499290466309,Q4 (12.5-51.1 units),3.4166666666666665
1278.375,Death/delisted too sick,0.20851946448363146,Q4,Liver,NO2,79994,217244,12.5143582026164,51.1499290466309,Q4 (12.5-51.1 units),3.5
1278.375,Transplant,0.6397305773691908,Q4,Liver,NO2,79994,217244,12.5143582026164,51.1499290466309,Q4 (12.5-51.1 units),3.5
1308.8125,Death/delisted too sick,0.21023730637429058,Q4,Liver,NO2,79994,217244,12.5143582026164,51.1499290466309,Q4 (12.5-51.1 units),3.5833333333333335
1308.8125,Transplant,0.6425585636438502,Q4,Liver,NO2,79994,217244,12.5143582026164,51.1499290466309,Q4 (12.5-51.1 units),3.5833333333333335
1339.25,Death/delisted too sick,0.21126701657942473,Q4,Liver,NO2,79994,217244,12.5143582026164,51.1499290466309,Q4 (12.5-51.1 units),3.6666666666666665
1339.25,Transplant,0.6438389319781747,Q4,Liver,NO2,79994,217244,12.5143582026164,51.1499290466309,Q4 (12.5-51.1 units),3.6666666666666665
1369.6875,Death/delisted too sick,0.2125269947859602,Q4,Liver,NO2,79994,217244,12.5143582026164,51.1499290466309,Q4 (12.5-51.1 units),3.75
1369.6875,Transplant,0.6449421467348744,Q4,Liver,NO2,79994,217244,12.5143582026164,51.1499290466309,Q4 (12.5-51.1 units),3.75
1400.125,Death/delisted too sick,0.2147196308029177,Q4,Liver,NO2,79994,217244,12.5143582026164,51.1499290466309,Q4 (12.5-51.1 units),3.8333333333333335
1400.125,Transplant,0.6463145024462749,Q4,Liver,NO2,79994,217244,12.5143582026164,51.1499290466309,Q4 (12.5-51.1 units),3.8333333333333335
1430.5625,Death/delisted too sick,0.2160689518482644,Q4,Liver,NO2,79994,217244,12.5143582026164,51.1499290466309,Q4 (12.5-51.1 units),3.9166666666666665
1430.5625,Transplant,0.647232253011867,Q4,Liver,NO2,79994,217244,12.5143582026164,51.1499290466309,Q4 (12.5-51.1 units),3.9166666666666665
1461,Death/delisted too sick,0.2174160532834788,Q4,Liver,NO2,79994,217244,12.5143582026164,51.1499290466309,Q4 (12.5-51.1 units),4
1461,Transplant,0.6488428473333423,Q4,Liver,NO2,79994,217244,12.5143582026164,51.1499290466309,Q4 (12.5-51.1 units),4
1491.4375,Death/delisted too sick,0.2186761701117737,Q4,Liver,NO2,79994,217244,12.5143582026164,51.1499290466309,Q4 (12.5-51.1 units),4.083333333333333
1491.4375,Transplant,0.6496857720912614,Q4,Liver,NO2,79994,217244,12.5143582026164,51.1499290466309,Q4 (12.5-51.1 units),4.083333333333333
1521.875,Death/delisted too sick,0.21966336968210437,Q4,Liver,NO2,79994,217244,12.5143582026164,51.1499290466309,Q4 (12.5-51.1 units),4.166666666666667
1521.875,Transplant,0.6512870313872338,Q4,Liver,NO2,79994,217244,12.5143582026164,51.1499290466309,Q4 (12.5-51.1 units),4.166666666666667
1552.3125,Death/delisted too sick,0.22095669667589976,Q4,Liver,NO2,79994,217244,12.5143582026164,51.1499290466309,Q4 (12.5-51.1 units),4.25
1552.3125,Transplant,0.6524008783740439,Q4,Liver,NO2,79994,217244,12.5143582026164,51.1499290466309,Q4 (12.5-51.1 units),4.25
1582.75,Death/delisted too sick,0.22158875145820772,Q4,Liver,NO2,79994,217244,12.5143582026164,51.1499290466309,Q4 (12.5-51.1 units),4.333333333333333
1582.75,Transplant,0.653745584558416,Q4,Liver,NO2,79994,217244,12.5143582026164,51.1499290466309,Q4 (12.5-51.1 units),4.333333333333333
1613.1875,Death/delisted too sick,0.2227438362185539,Q4,Liver,NO2,79994,217244,12.5143582026164,51.1499290466309,Q4 (12.5-51.1 units),4.416666666666667
1613.1875,Transplant,0.6543269859421219,Q4,Liver,NO2,79994,217244,12.5143582026164,51.1499290466309,Q4 (12.5-51.1 units),4.416666666666667
1643.625,Death/delisted too sick,0.22388831863993078,Q4,Liver,NO2,79994,217244,12.5143582026164,51.1499290466309,Q4 (12.5-51.1 units),4.5
1643.625,Transplant,0.6552764206980297,Q4,Liver,NO2,79994,217244,12.5143582026164,51.1499290466309,Q4 (12.5-51.1 units),4.5
1674.0625,Death/delisted too sick,0.22446315347969448,Q4,Liver,NO2,79994,217244,12.5143582026164,51.1499290466309,Q4 (12.5-51.1 units),4.583333333333333
1674.0625,Transplant,0.6565557365611339,Q4,Liver,NO2,79994,217244,12.5143582026164,51.1499290466309,Q4 (12.5-51.1 units),4.583333333333333
1704.5,Death/delisted too sick,0.22593712917675307,Q4,Liver,NO2,79994,217244,12.5143582026164,51.1499290466309,Q4 (12.5-51.1 units),4.666666666666667
1704.5,Transplant,0.657190137946404,Q4,Liver,NO2,79994,217244,12.5143582026164,51.1499290466309,Q4 (12.5-51.1 units),4.666666666666667
1734.9375,Death/delisted too sick,0.22644929405848416,Q4,Liver,NO2,79994,217244,12.5143582026164,51.1499290466309,Q4 (12.5-51.1 units),4.75
1734.9375,Transplant,0.6580731322124493,Q4,Liver,NO2,79994,217244,12.5143582026164,51.1499290466309,Q4 (12.5-51.1 units),4.75
1765.375,Death/delisted too sick,0.22739274780126467,Q4,Liver,NO2,79994,217244,12.5143582026164,51.1499290466309,Q4 (12.5-51.1 units),4.833333333333333
1765.375,Transplant,0.6586676635250276,Q4,Liver,NO2,79994,217244,12.5143582026164,51.1499290466309,Q4 (12.5-51.1 units),4.833333333333333
1795.8125,Death/delisted too sick,0.2284313880436618,Q4,Liver,NO2,79994,217244,12.5143582026164,51.1499290466309,Q4 (12.5-51.1 units),4.916666666666667
1795.8125,Transplant,0.6591326664538358,Q4,Liver,NO2,79994,217244,12.5143582026164,51.1499290466309,Q4 (12.5-51.1 units),4.916666666666667
1826.25,Death/delisted too sick,0.22986526925556222,Q4,Liver,NO2,79994,217244,12.5143582026164,51.1499290466309,Q4 (12.5-51.1 units),5
1826.25,Transplant,0.6596096680413464,Q4,Liver,NO2,79994,217244,12.5143582026164,51.1499290466309,Q4 (12.5-51.1 units),5
0,Death/delisted too sick,0,Q1,Lung,NO2,46614,46614,0.19122242089361,4.73793746524004,Q1 (0.2-4.7 units),0
0,Transplant,0,Q1,Lung,NO2,46614,46614,0.19122242089361,4.73793746524004,Q1 (0.2-4.7 units),0
30.4375,Death/delisted too sick,0.04211186745107346,Q1,Lung,NO2,46614,46614,0.19122242089361,4.73793746524004,Q1 (0.2-4.7 units),0.08333333333333333
30.4375,Transplant,0.33354573675537685,Q1,Lung,NO2,46614,46614,0.19122242089361,4.73793746524004,Q1 (0.2-4.7 units),0.08333333333333333
60.875,Death/delisted too sick,0.05785558892934755,Q1,Lung,NO2,46614,46614,0.19122242089361,4.73793746524004,Q1 (0.2-4.7 units),0.16666666666666666
60.875,Transplant,0.47012398855228393,Q1,Lung,NO2,46614,46614,0.19122242089361,4.73793746524004,Q1 (0.2-4.7 units),0.16666666666666666
91.3125,Death/delisted too sick,0.06690370860140454,Q1,Lung,NO2,46614,46614,0.19122242089361,4.73793746524004,Q1 (0.2-4.7 units),0.25
91.3125,Transplant,0.5403284883680118,Q1,Lung,NO2,46614,46614,0.19122242089361,4.73793746524004,Q1 (0.2-4.7 units),0.25
121.75,Death/delisted too sick,0.07304939747108632,Q1,Lung,NO2,46614,46614,0.19122242089361,4.73793746524004,Q1 (0.2-4.7 units),0.3333333333333333
121.75,Transplant,0.590640464517926,Q1,Lung,NO2,46614,46614,0.19122242089361,4.73793746524004,Q1 (0.2-4.7 units),0.3333333333333333
152.1875,Death/delisted too sick,0.0762202095346217,Q1,Lung,NO2,46614,46614,0.19122242089361,4.73793746524004,Q1 (0.2-4.7 units),0.4166666666666667
152.1875,Transplant,0.6284743044674903,Q1,Lung,NO2,46614,46614,0.19122242089361,4.73793746524004,Q1 (0.2-4.7 units),0.4166666666666667
182.625,Death/delisted too sick,0.08012368969378474,Q1,Lung,NO2,46614,46614,0.19122242089361,4.73793746524004,Q1 (0.2-4.7 units),0.5
182.625,Transplant,0.6552666647400021,Q1,Lung,NO2,46614,46614,0.19122242089361,4.73793746524004,Q1 (0.2-4.7 units),0.5
213.0625,Death/delisted too sick,0.08530916089870272,Q1,Lung,NO2,46614,46614,0.19122242089361,4.73793746524004,Q1 (0.2-4.7 units),0.5833333333333334
213.0625,Transplant,0.6767481065382123,Q1,Lung,NO2,46614,46614,0.19122242089361,4.73793746524004,Q1 (0.2-4.7 units),0.5833333333333334
243.5,Death/delisted too sick,0.08851108060004534,Q1,Lung,NO2,46614,46614,0.19122242089361,4.73793746524004,Q1 (0.2-4.7 units),0.6666666666666666
243.5,Transplant,0.6932516872140307,Q1,Lung,NO2,46614,46614,0.19122242089361,4.73793746524004,Q1 (0.2-4.7 units),0.6666666666666666
273.9375,Death/delisted too sick,0.09134346268319785,Q1,Lung,NO2,46614,46614,0.19122242089361,4.73793746524004,Q1 (0.2-4.7 units),0.75
273.9375,Transplant,0.7106988576816342,Q1,Lung,NO2,46614,46614,0.19122242089361,4.73793746524004,Q1 (0.2-4.7 units),0.75
304.375,Death/delisted too sick,0.09357812000507515,Q1,Lung,NO2,46614,46614,0.19122242089361,4.73793746524004,Q1 (0.2-4.7 units),0.8333333333333334
304.375,Transplant,0.7298577373245824,Q1,Lung,NO2,46614,46614,0.19122242089361,4.73793746524004,Q1 (0.2-4.7 units),0.8333333333333334
334.8125,Death/delisted too sick,0.09783198354056075,Q1,Lung,NO2,46614,46614,0.19122242089361,4.73793746524004,Q1 (0.2-4.7 units),0.9166666666666666
334.8125,Transplant,0.740475101762797,Q1,Lung,NO2,46614,46614,0.19122242089361,4.73793746524004,Q1 (0.2-4.7 units),0.9166666666666666
365.25,Death/delisted too sick,0.09918854506116688,Q1,Lung,NO2,46614,46614,0.19122242089361,4.73793746524004,Q1 (0.2-4.7 units),1
365.25,Transplant,0.7511949034259495,Q1,Lung,NO2,46614,46614,0.19122242089361,4.73793746524004,Q1 (0.2-4.7 units),1
395.6875,Death/delisted too sick,0.1022016578272652,Q1,Lung,NO2,46614,46614,0.19122242089361,4.73793746524004,Q1 (0.2-4.7 units),1.0833333333333333
395.6875,Transplant,0.7594752075337026,Q1,Lung,NO2,46614,46614,0.19122242089361,4.73793746524004,Q1 (0.2-4.7 units),1.0833333333333333
426.125,Death/delisted too sick,0.10349478949131777,Q1,Lung,NO2,46614,46614,0.19122242089361,4.73793746524004,Q1 (0.2-4.7 units),1.1666666666666667
426.125,Transplant,0.7658741542165458,Q1,Lung,NO2,46614,46614,0.19122242089361,4.73793746524004,Q1 (0.2-4.7 units),1.1666666666666667
456.5625,Death/delisted too sick,0.1054617669430504,Q1,Lung,NO2,46614,46614,0.19122242089361,4.73793746524004,Q1 (0.2-4.7 units),1.25
456.5625,Transplant,0.7722006772082773,Q1,Lung,NO2,46614,46614,0.19122242089361,4.73793746524004,Q1 (0.2-4.7 units),1.25
487,Death/delisted too sick,0.10625294379007427,Q1,Lung,NO2,46614,46614,0.19122242089361,4.73793746524004,Q1 (0.2-4.7 units),1.3333333333333333
487,Transplant,0.7774630248703789,Q1,Lung,NO2,46614,46614,0.19122242089361,4.73793746524004,Q1 (0.2-4.7 units),1.3333333333333333
517.4375,Death/delisted too sick,0.10777553478120182,Q1,Lung,NO2,46614,46614,0.19122242089361,4.73793746524004,Q1 (0.2-4.7 units),1.4166666666666667
517.4375,Transplant,0.7829416896790015,Q1,Lung,NO2,46614,46614,0.19122242089361,4.73793746524004,Q1 (0.2-4.7 units),1.4166666666666667
547.875,Death/delisted too sick,0.10813476341928849,Q1,Lung,NO2,46614,46614,0.19122242089361,4.73793746524004,Q1 (0.2-4.7 units),1.5
547.875,Transplant,0.7865194399471024,Q1,Lung,NO2,46614,46614,0.19122242089361,4.73793746524004,Q1 (0.2-4.7 units),1.5
578.3125,Death/delisted too sick,0.1095204004407932,Q1,Lung,NO2,46614,46614,0.19122242089361,4.73793746524004,Q1 (0.2-4.7 units),1.5833333333333333
578.3125,Transplant,0.7927211760712982,Q1,Lung,NO2,46614,46614,0.19122242089361,4.73793746524004,Q1 (0.2-4.7 units),1.5833333333333333
608.75,Death/delisted too sick,0.1101190499909803,Q1,Lung,NO2,46614,46614,0.19122242089361,4.73793746524004,Q1 (0.2-4.7 units),1.6666666666666667
608.75,Transplant,0.7966889858916595,Q1,Lung,NO2,46614,46614,0.19122242089361,4.73793746524004,Q1 (0.2-4.7 units),1.6666666666666667
639.1875,Death/delisted too sick,0.11197107575613022,Q1,Lung,NO2,46614,46614,0.19122242089361,4.73793746524004,Q1 (0.2-4.7 units),1.75
639.1875,Transplant,0.8007071953353501,Q1,Lung,NO2,46614,46614,0.19122242089361,4.73793746524004,Q1 (0.2-4.7 units),1.75
669.625,Death/delisted too sick,0.11232734732792729,Q1,Lung,NO2,46614,46614,0.19122242089361,4.73793746524004,Q1 (0.2-4.7 units),1.8333333333333333
669.625,Transplant,0.8042201947400973,Q1,Lung,NO2,46614,46614,0.19122242089361,4.73793746524004,Q1 (0.2-4.7 units),1.8333333333333333
700.0625,Death/delisted too sick,0.11358217502273946,Q1,Lung,NO2,46614,46614,0.19122242089361,4.73793746524004,Q1 (0.2-4.7 units),1.9166666666666667
700.0625,Transplant,0.8076641531013512,Q1,Lung,NO2,46614,46614,0.19122242089361,4.73793746524004,Q1 (0.2-4.7 units),1.9166666666666667
730.5,Death/delisted too sick,0.1146035331280463,Q1,Lung,NO2,46614,46614,0.19122242089361,4.73793746524004,Q1 (0.2-4.7 units),2
730.5,Transplant,0.8107052857019018,Q1,Lung,NO2,46614,46614,0.19122242089361,4.73793746524004,Q1 (0.2-4.7 units),2
760.9375,Death/delisted too sick,0.11564877427523215,Q1,Lung,NO2,46614,46614,0.19122242089361,4.73793746524004,Q1 (0.2-4.7 units),2.0833333333333335
760.9375,Transplant,0.8133804998350913,Q1,Lung,NO2,46614,46614,0.19122242089361,4.73793746524004,Q1 (0.2-4.7 units),2.0833333333333335
791.375,Death/delisted too sick,0.11594437046671277,Q1,Lung,NO2,46614,46614,0.19122242089361,4.73793746524004,Q1 (0.2-4.7 units),2.1666666666666665
791.375,Transplant,0.8149189231059432,Q1,Lung,NO2,46614,46614,0.19122242089361,4.73793746524004,Q1 (0.2-4.7 units),2.1666666666666665
821.8125,Death/delisted too sick,0.11647476666809951,Q1,Lung,NO2,46614,46614,0.19122242089361,4.73793746524004,Q1 (0.2-4.7 units),2.25
821.8125,Transplant,0.8168886377700515,Q1,Lung,NO2,46614,46614,0.19122242089361,4.73793746524004,Q1 (0.2-4.7 units),2.25
852.25,Death/delisted too sick,0.11680212707508121,Q1,Lung,NO2,46614,46614,0.19122242089361,4.73793746524004,Q1 (0.2-4.7 units),2.3333333333333335
852.25,Transplant,0.8185713043243943,Q1,Lung,NO2,46614,46614,0.19122242089361,4.73793746524004,Q1 (0.2-4.7 units),2.3333333333333335
882.6875,Death/delisted too sick,0.11732170394904895,Q1,Lung,NO2,46614,46614,0.19122242089361,4.73793746524004,Q1 (0.2-4.7 units),2.4166666666666665
882.6875,Transplant,0.8248369192065367,Q1,Lung,NO2,46614,46614,0.19122242089361,4.73793746524004,Q1 (0.2-4.7 units),2.4166666666666665
913.125,Death/delisted too sick,0.11754180468346045,Q1,Lung,NO2,46614,46614,0.19122242089361,4.73793746524004,Q1 (0.2-4.7 units),2.5
913.125,Transplant,0.8265917924457484,Q1,Lung,NO2,46614,46614,0.19122242089361,4.73793746524004,Q1 (0.2-4.7 units),2.5
943.5625,Death/delisted too sick,0.1182358976978753,Q1,Lung,NO2,46614,46614,0.19122242089361,4.73793746524004,Q1 (0.2-4.7 units),2.5833333333333335
943.5625,Transplant,0.8277356770857909,Q1,Lung,NO2,46614,46614,0.19122242089361,4.73793746524004,Q1 (0.2-4.7 units),2.5833333333333335
974,Death/delisted too sick,0.1196774013131431,Q1,Lung,NO2,46614,46614,0.19122242089361,4.73793746524004,Q1 (0.2-4.7 units),2.6666666666666665
974,Transplant,0.8290606865614323,Q1,Lung,NO2,46614,46614,0.19122242089361,4.73793746524004,Q1 (0.2-4.7 units),2.6666666666666665
1004.4375,Death/delisted too sick,0.119816525438658,Q1,Lung,NO2,46614,46614,0.19122242089361,4.73793746524004,Q1 (0.2-4.7 units),2.75
1004.4375,Transplant,0.831192072864907,Q1,Lung,NO2,46614,46614,0.19122242089361,4.73793746524004,Q1 (0.2-4.7 units),2.75
1034.875,Death/delisted too sick,0.119816525438658,Q1,Lung,NO2,46614,46614,0.19122242089361,4.73793746524004,Q1 (0.2-4.7 units),2.8333333333333335
1034.875,Transplant,0.8319229410080148,Q1,Lung,NO2,46614,46614,0.19122242089361,4.73793746524004,Q1 (0.2-4.7 units),2.8333333333333335
1065.3125,Death/delisted too sick,0.1200764536091494,Q1,Lung,NO2,46614,46614,0.19122242089361,4.73793746524004,Q1 (0.2-4.7 units),2.9166666666666665
1065.3125,Transplant,0.8328712364154984,Q1,Lung,NO2,46614,46614,0.19122242089361,4.73793746524004,Q1 (0.2-4.7 units),2.9166666666666665
1095.75,Death/delisted too sick,0.1202027655421597,Q1,Lung,NO2,46614,46614,0.19122242089361,4.73793746524004,Q1 (0.2-4.7 units),3
1095.75,Transplant,0.8336512376017412,Q1,Lung,NO2,46614,46614,0.19122242089361,4.73793746524004,Q1 (0.2-4.7 units),3
1126.1875,Death/delisted too sick,0.12058290514539265,Q1,Lung,NO2,46614,46614,0.19122242089361,4.73793746524004,Q1 (0.2-4.7 units),3.0833333333333335
1126.1875,Transplant,0.8343986334220336,Q1,Lung,NO2,46614,46614,0.19122242089361,4.73793746524004,Q1 (0.2-4.7 units),3.0833333333333335
1156.625,Death/delisted too sick,0.1211841333476735,Q1,Lung,NO2,46614,46614,0.19122242089361,4.73793746524004,Q1 (0.2-4.7 units),3.1666666666666665
1156.625,Transplant,0.8355177041631632,Q1,Lung,NO2,46614,46614,0.19122242089361,4.73793746524004,Q1 (0.2-4.7 units),3.1666666666666665
1187.0625,Death/delisted too sick,0.12154485956975378,Q1,Lung,NO2,46614,46614,0.19122242089361,4.73793746524004,Q1 (0.2-4.7 units),3.25
1187.0625,Transplant,0.8355768186430881,Q1,Lung,NO2,46614,46614,0.19122242089361,4.73793746524004,Q1 (0.2-4.7 units),3.25
1217.5,Death/delisted too sick,0.12207176233350615,Q1,Lung,NO2,46614,46614,0.19122242089361,4.73793746524004,Q1 (0.2-4.7 units),3.3333333333333335
1217.5,Transplant,0.8364163937625526,Q1,Lung,NO2,46614,46614,0.19122242089361,4.73793746524004,Q1 (0.2-4.7 units),3.3333333333333335
1247.9375,Death/delisted too sick,0.12218168759682665,Q1,Lung,NO2,46614,46614,0.19122242089361,4.73793746524004,Q1 (0.2-4.7 units),3.4166666666666665
1247.9375,Transplant,0.8370642894573923,Q1,Lung,NO2,46614,46614,0.19122242089361,4.73793746524004,Q1 (0.2-4.7 units),3.4166666666666665
1278.375,Death/delisted too sick,0.12226703879261755,Q1,Lung,NO2,46614,46614,0.19122242089361,4.73793746524004,Q1 (0.2-4.7 units),3.5
1278.375,Transplant,0.8376424992672012,Q1,Lung,NO2,46614,46614,0.19122242089361,4.73793746524004,Q1 (0.2-4.7 units),3.5
1308.8125,Death/delisted too sick,0.12247833046225806,Q1,Lung,NO2,46614,46614,0.19122242089361,4.73793746524004,Q1 (0.2-4.7 units),3.5833333333333335
1308.8125,Transplant,0.839059195101335,Q1,Lung,NO2,46614,46614,0.19122242089361,4.73793746524004,Q1 (0.2-4.7 units),3.5833333333333335
1339.25,Death/delisted too sick,0.12357374350530734,Q1,Lung,NO2,46614,46614,0.19122242089361,4.73793746524004,Q1 (0.2-4.7 units),3.6666666666666665
1339.25,Transplant,0.8415365230270839,Q1,Lung,NO2,46614,46614,0.19122242089361,4.73793746524004,Q1 (0.2-4.7 units),3.6666666666666665
1369.6875,Death/delisted too sick,0.12383889351693317,Q1,Lung,NO2,46614,46614,0.19122242089361,4.73793746524004,Q1 (0.2-4.7 units),3.75
1369.6875,Transplant,0.8420352836664308,Q1,Lung,NO2,46614,46614,0.19122242089361,4.73793746524004,Q1 (0.2-4.7 units),3.75
1400.125,Death/delisted too sick,0.12383889351693317,Q1,Lung,NO2,46614,46614,0.19122242089361,4.73793746524004,Q1 (0.2-4.7 units),3.8333333333333335
1400.125,Transplant,0.8431247341383882,Q1,Lung,NO2,46614,46614,0.19122242089361,4.73793746524004,Q1 (0.2-4.7 units),3.8333333333333335
1430.5625,Death/delisted too sick,0.12383889351693317,Q1,Lung,NO2,46614,46614,0.19122242089361,4.73793746524004,Q1 (0.2-4.7 units),3.9166666666666665
1430.5625,Transplant,0.8445690658246517,Q1,Lung,NO2,46614,46614,0.19122242089361,4.73793746524004,Q1 (0.2-4.7 units),3.9166666666666665
1461,Death/delisted too sick,0.12435508861533973,Q1,Lung,NO2,46614,46614,0.19122242089361,4.73793746524004,Q1 (0.2-4.7 units),4
1461,Transplant,0.8450047830263584,Q1,Lung,NO2,46614,46614,0.19122242089361,4.73793746524004,Q1 (0.2-4.7 units),4
1491.4375,Death/delisted too sick,0.12458484065944833,Q1,Lung,NO2,46614,46614,0.19122242089361,4.73793746524004,Q1 (0.2-4.7 units),4.083333333333333
1491.4375,Transplant,0.8451464023831873,Q1,Lung,NO2,46614,46614,0.19122242089361,4.73793746524004,Q1 (0.2-4.7 units),4.083333333333333
1521.875,Death/delisted too sick,0.12458484065944833,Q1,Lung,NO2,46614,46614,0.19122242089361,4.73793746524004,Q1 (0.2-4.7 units),4.166666666666667
1521.875,Transplant,0.8451464023831873,Q1,Lung,NO2,46614,46614,0.19122242089361,4.73793746524004,Q1 (0.2-4.7 units),4.166666666666667
1552.3125,Death/delisted too sick,0.12577470874635777,Q1,Lung,NO2,46614,46614,0.19122242089361,4.73793746524004,Q1 (0.2-4.7 units),4.25
1552.3125,Transplant,0.8452084297292363,Q1,Lung,NO2,46614,46614,0.19122242089361,4.73793746524004,Q1 (0.2-4.7 units),4.25
1582.75,Death/delisted too sick,0.12592661605100935,Q1,Lung,NO2,46614,46614,0.19122242089361,4.73793746524004,Q1 (0.2-4.7 units),4.333333333333333
1582.75,Transplant,0.8456820940515489,Q1,Lung,NO2,46614,46614,0.19122242089361,4.73793746524004,Q1 (0.2-4.7 units),4.333333333333333
1613.1875,Death/delisted too sick,0.12629500880476852,Q1,Lung,NO2,46614,46614,0.19122242089361,4.73793746524004,Q1 (0.2-4.7 units),4.416666666666667
1613.1875,Transplant,0.8466006029843419,Q1,Lung,NO2,46614,46614,0.19122242089361,4.73793746524004,Q1 (0.2-4.7 units),4.416666666666667
1643.625,Death/delisted too sick,0.12629500880476852,Q1,Lung,NO2,46614,46614,0.19122242089361,4.73793746524004,Q1 (0.2-4.7 units),4.5
1643.625,Transplant,0.8471587631864429,Q1,Lung,NO2,46614,46614,0.19122242089361,4.73793746524004,Q1 (0.2-4.7 units),4.5
1674.0625,Death/delisted too sick,0.12629500880476852,Q1,Lung,NO2,46614,46614,0.19122242089361,4.73793746524004,Q1 (0.2-4.7 units),4.583333333333333
1674.0625,Transplant,0.8472715258450364,Q1,Lung,NO2,46614,46614,0.19122242089361,4.73793746524004,Q1 (0.2-4.7 units),4.583333333333333
1704.5,Death/delisted too sick,0.12736373422451916,Q1,Lung,NO2,46614,46614,0.19122242089361,4.73793746524004,Q1 (0.2-4.7 units),4.666666666666667
1704.5,Transplant,0.8473931001545417,Q1,Lung,NO2,46614,46614,0.19122242089361,4.73793746524004,Q1 (0.2-4.7 units),4.666666666666667
1734.9375,Death/delisted too sick,0.12736373422451916,Q1,Lung,NO2,46614,46614,0.19122242089361,4.73793746524004,Q1 (0.2-4.7 units),4.75
1734.9375,Transplant,0.8495873408179366,Q1,Lung,NO2,46614,46614,0.19122242089361,4.73793746524004,Q1 (0.2-4.7 units),4.75
1765.375,Death/delisted too sick,0.12736373422451916,Q1,Lung,NO2,46614,46614,0.19122242089361,4.73793746524004,Q1 (0.2-4.7 units),4.833333333333333
1765.375,Transplant,0.8497537067709183,Q1,Lung,NO2,46614,46614,0.19122242089361,4.73793746524004,Q1 (0.2-4.7 units),4.833333333333333
1795.8125,Death/delisted too sick,0.12736373422451916,Q1,Lung,NO2,46614,46614,0.19122242089361,4.73793746524004,Q1 (0.2-4.7 units),4.916666666666667
1795.8125,Transplant,0.8497537067709183,Q1,Lung,NO2,46614,46614,0.19122242089361,4.73793746524004,Q1 (0.2-4.7 units),4.916666666666667
1826.25,Death/delisted too sick,0.12736373422451916,Q1,Lung,NO2,46614,46614,0.19122242089361,4.73793746524004,Q1 (0.2-4.7 units),5
1826.25,Transplant,0.850183433497555,Q1,Lung,NO2,46614,46614,0.19122242089361,4.73793746524004,Q1 (0.2-4.7 units),5
0,Death/delisted too sick,0,Q2,Lung,NO2,46614,46614,4.73855557161219,7.42914925199567,Q2 (4.7-7.4 units),0
0,Transplant,0,Q2,Lung,NO2,46614,46614,4.73855557161219,7.42914925199567,Q2 (4.7-7.4 units),0
30.4375,Death/delisted too sick,0.03807821734948482,Q2,Lung,NO2,46614,46614,4.73855557161219,7.42914925199567,Q2 (4.7-7.4 units),0.08333333333333333
30.4375,Transplant,0.33861160816251634,Q2,Lung,NO2,46614,46614,4.73855557161219,7.42914925199567,Q2 (4.7-7.4 units),0.08333333333333333
60.875,Death/delisted too sick,0.055091533251827765,Q2,Lung,NO2,46614,46614,4.73855557161219,7.42914925199567,Q2 (4.7-7.4 units),0.16666666666666666
60.875,Transplant,0.4599631657295064,Q2,Lung,NO2,46614,46614,4.73855557161219,7.42914925199567,Q2 (4.7-7.4 units),0.16666666666666666
91.3125,Death/delisted too sick,0.06399244654194058,Q2,Lung,NO2,46614,46614,4.73855557161219,7.42914925199567,Q2 (4.7-7.4 units),0.25
91.3125,Transplant,0.5413061775055107,Q2,Lung,NO2,46614,46614,4.73855557161219,7.42914925199567,Q2 (4.7-7.4 units),0.25
121.75,Death/delisted too sick,0.07145279917506352,Q2,Lung,NO2,46614,46614,4.73855557161219,7.42914925199567,Q2 (4.7-7.4 units),0.3333333333333333
121.75,Transplant,0.5857211039512227,Q2,Lung,NO2,46614,46614,4.73855557161219,7.42914925199567,Q2 (4.7-7.4 units),0.3333333333333333
152.1875,Death/delisted too sick,0.07727976415829665,Q2,Lung,NO2,46614,46614,4.73855557161219,7.42914925199567,Q2 (4.7-7.4 units),0.4166666666666667
152.1875,Transplant,0.6211809987476552,Q2,Lung,NO2,46614,46614,4.73855557161219,7.42914925199567,Q2 (4.7-7.4 units),0.4166666666666667
182.625,Death/delisted too sick,0.08129827812578783,Q2,Lung,NO2,46614,46614,4.73855557161219,7.42914925199567,Q2 (4.7-7.4 units),0.5
182.625,Transplant,0.6517086989150076,Q2,Lung,NO2,46614,46614,4.73855557161219,7.42914925199567,Q2 (4.7-7.4 units),0.5
213.0625,Death/delisted too sick,0.08690613709945766,Q2,Lung,NO2,46614,46614,4.73855557161219,7.42914925199567,Q2 (4.7-7.4 units),0.5833333333333334
213.0625,Transplant,0.6790311478079665,Q2,Lung,NO2,46614,46614,4.73855557161219,7.42914925199567,Q2 (4.7-7.4 units),0.5833333333333334
243.5,Death/delisted too sick,0.08977774462447542,Q2,Lung,NO2,46614,46614,4.73855557161219,7.42914925199567,Q2 (4.7-7.4 units),0.6666666666666666
243.5,Transplant,0.6995237641631238,Q2,Lung,NO2,46614,46614,4.73855557161219,7.42914925199567,Q2 (4.7-7.4 units),0.6666666666666666
273.9375,Death/delisted too sick,0.09347638244839421,Q2,Lung,NO2,46614,46614,4.73855557161219,7.42914925199567,Q2 (4.7-7.4 units),0.75
273.9375,Transplant,0.7163428635070616,Q2,Lung,NO2,46614,46614,4.73855557161219,7.42914925199567,Q2 (4.7-7.4 units),0.75
304.375,Death/delisted too sick,0.09653204585885897,Q2,Lung,NO2,46614,46614,4.73855557161219,7.42914925199567,Q2 (4.7-7.4 units),0.8333333333333334
304.375,Transplant,0.7302897761941403,Q2,Lung,NO2,46614,46614,4.73855557161219,7.42914925199567,Q2 (4.7-7.4 units),0.8333333333333334
334.8125,Death/delisted too sick,0.09957780626458877,Q2,Lung,NO2,46614,46614,4.73855557161219,7.42914925199567,Q2 (4.7-7.4 units),0.9166666666666666
334.8125,Transplant,0.7410341136529585,Q2,Lung,NO2,46614,46614,4.73855557161219,7.42914925199567,Q2 (4.7-7.4 units),0.9166666666666666
365.25,Death/delisted too sick,0.10070071958604467,Q2,Lung,NO2,46614,46614,4.73855557161219,7.42914925199567,Q2 (4.7-7.4 units),1
365.25,Transplant,0.7521404546786896,Q2,Lung,NO2,46614,46614,4.73855557161219,7.42914925199567,Q2 (4.7-7.4 units),1
395.6875,Death/delisted too sick,0.10196105365183651,Q2,Lung,NO2,46614,46614,4.73855557161219,7.42914925199567,Q2 (4.7-7.4 units),1.0833333333333333
395.6875,Transplant,0.7609049150905797,Q2,Lung,NO2,46614,46614,4.73855557161219,7.42914925199567,Q2 (4.7-7.4 units),1.0833333333333333
426.125,Death/delisted too sick,0.10379084677001729,Q2,Lung,NO2,46614,46614,4.73855557161219,7.42914925199567,Q2 (4.7-7.4 units),1.1666666666666667
426.125,Transplant,0.7699491928107178,Q2,Lung,NO2,46614,46614,4.73855557161219,7.42914925199567,Q2 (4.7-7.4 units),1.1666666666666667
456.5625,Death/delisted too sick,0.10562335629592705,Q2,Lung,NO2,46614,46614,4.73855557161219,7.42914925199567,Q2 (4.7-7.4 units),1.25
456.5625,Transplant,0.7769206028857581,Q2,Lung,NO2,46614,46614,4.73855557161219,7.42914925199567,Q2 (4.7-7.4 units),1.25
487,Death/delisted too sick,0.10652053019190483,Q2,Lung,NO2,46614,46614,4.73855557161219,7.42914925199567,Q2 (4.7-7.4 units),1.3333333333333333
487,Transplant,0.7846673607196663,Q2,Lung,NO2,46614,46614,4.73855557161219,7.42914925199567,Q2 (4.7-7.4 units),1.3333333333333333
517.4375,Death/delisted too sick,0.10774496926207229,Q2,Lung,NO2,46614,46614,4.73855557161219,7.42914925199567,Q2 (4.7-7.4 units),1.4166666666666667
517.4375,Transplant,0.7884744511953132,Q2,Lung,NO2,46614,46614,4.73855557161219,7.42914925199567,Q2 (4.7-7.4 units),1.4166666666666667
547.875,Death/delisted too sick,0.1087922509121497,Q2,Lung,NO2,46614,46614,4.73855557161219,7.42914925199567,Q2 (4.7-7.4 units),1.5
547.875,Transplant,0.795868402986944,Q2,Lung,NO2,46614,46614,4.73855557161219,7.42914925199567,Q2 (4.7-7.4 units),1.5
578.3125,Death/delisted too sick,0.10996947559932217,Q2,Lung,NO2,46614,46614,4.73855557161219,7.42914925199567,Q2 (4.7-7.4 units),1.5833333333333333
578.3125,Transplant,0.8009984198682027,Q2,Lung,NO2,46614,46614,4.73855557161219,7.42914925199567,Q2 (4.7-7.4 units),1.5833333333333333
608.75,Death/delisted too sick,0.11110133369898473,Q2,Lung,NO2,46614,46614,4.73855557161219,7.42914925199567,Q2 (4.7-7.4 units),1.6666666666666667
608.75,Transplant,0.8035701276409661,Q2,Lung,NO2,46614,46614,4.73855557161219,7.42914925199567,Q2 (4.7-7.4 units),1.6666666666666667
639.1875,Death/delisted too sick,0.11179055904451882,Q2,Lung,NO2,46614,46614,4.73855557161219,7.42914925199567,Q2 (4.7-7.4 units),1.75
639.1875,Transplant,0.8073502275085801,Q2,Lung,NO2,46614,46614,4.73855557161219,7.42914925199567,Q2 (4.7-7.4 units),1.75
669.625,Death/delisted too sick,0.11284604400135838,Q2,Lung,NO2,46614,46614,4.73855557161219,7.42914925199567,Q2 (4.7-7.4 units),1.8333333333333333
669.625,Transplant,0.8105490943814616,Q2,Lung,NO2,46614,46614,4.73855557161219,7.42914925199567,Q2 (4.7-7.4 units),1.8333333333333333
700.0625,Death/delisted too sick,0.11400104630380323,Q2,Lung,NO2,46614,46614,4.73855557161219,7.42914925199567,Q2 (4.7-7.4 units),1.9166666666666667
700.0625,Transplant,0.8141155525321951,Q2,Lung,NO2,46614,46614,4.73855557161219,7.42914925199567,Q2 (4.7-7.4 units),1.9166666666666667
730.5,Death/delisted too sick,0.11522421601164848,Q2,Lung,NO2,46614,46614,4.73855557161219,7.42914925199567,Q2 (4.7-7.4 units),2
730.5,Transplant,0.816963290850971,Q2,Lung,NO2,46614,46614,4.73855557161219,7.42914925199567,Q2 (4.7-7.4 units),2
760.9375,Death/delisted too sick,0.1160018680740156,Q2,Lung,NO2,46614,46614,4.73855557161219,7.42914925199567,Q2 (4.7-7.4 units),2.0833333333333335
760.9375,Transplant,0.8194343526248147,Q2,Lung,NO2,46614,46614,4.73855557161219,7.42914925199567,Q2 (4.7-7.4 units),2.0833333333333335
791.375,Death/delisted too sick,0.11696669856330714,Q2,Lung,NO2,46614,46614,4.73855557161219,7.42914925199567,Q2 (4.7-7.4 units),2.1666666666666665
791.375,Transplant,0.8214870522902458,Q2,Lung,NO2,46614,46614,4.73855557161219,7.42914925199567,Q2 (4.7-7.4 units),2.1666666666666665
821.8125,Death/delisted too sick,0.11745174965911545,Q2,Lung,NO2,46614,46614,4.73855557161219,7.42914925199567,Q2 (4.7-7.4 units),2.25
821.8125,Transplant,0.8245547224857054,Q2,Lung,NO2,46614,46614,4.73855557161219,7.42914925199567,Q2 (4.7-7.4 units),2.25
852.25,Death/delisted too sick,0.11827361801162325,Q2,Lung,NO2,46614,46614,4.73855557161219,7.42914925199567,Q2 (4.7-7.4 units),2.3333333333333335
852.25,Transplant,0.8262443718927928,Q2,Lung,NO2,46614,46614,4.73855557161219,7.42914925199567,Q2 (4.7-7.4 units),2.3333333333333335
882.6875,Death/delisted too sick,0.11879390384589053,Q2,Lung,NO2,46614,46614,4.73855557161219,7.42914925199567,Q2 (4.7-7.4 units),2.4166666666666665
882.6875,Transplant,0.8285778700822453,Q2,Lung,NO2,46614,46614,4.73855557161219,7.42914925199567,Q2 (4.7-7.4 units),2.4166666666666665
913.125,Death/delisted too sick,0.11949755608433583,Q2,Lung,NO2,46614,46614,4.73855557161219,7.42914925199567,Q2 (4.7-7.4 units),2.5
913.125,Transplant,0.8306878762198328,Q2,Lung,NO2,46614,46614,4.73855557161219,7.42914925199567,Q2 (4.7-7.4 units),2.5
943.5625,Death/delisted too sick,0.11991852854469065,Q2,Lung,NO2,46614,46614,4.73855557161219,7.42914925199567,Q2 (4.7-7.4 units),2.5833333333333335
943.5625,Transplant,0.8325070906145253,Q2,Lung,NO2,46614,46614,4.73855557161219,7.42914925199567,Q2 (4.7-7.4 units),2.5833333333333335
974,Death/delisted too sick,0.12058678686815892,Q2,Lung,NO2,46614,46614,4.73855557161219,7.42914925199567,Q2 (4.7-7.4 units),2.6666666666666665
974,Transplant,0.8345073448939051,Q2,Lung,NO2,46614,46614,4.73855557161219,7.42914925199567,Q2 (4.7-7.4 units),2.6666666666666665
1004.4375,Death/delisted too sick,0.12137318123757017,Q2,Lung,NO2,46614,46614,4.73855557161219,7.42914925199567,Q2 (4.7-7.4 units),2.75
1004.4375,Transplant,0.8358811118642302,Q2,Lung,NO2,46614,46614,4.73855557161219,7.42914925199567,Q2 (4.7-7.4 units),2.75
1034.875,Death/delisted too sick,0.12193668438656488,Q2,Lung,NO2,46614,46614,4.73855557161219,7.42914925199567,Q2 (4.7-7.4 units),2.8333333333333335
1034.875,Transplant,0.8369386050346486,Q2,Lung,NO2,46614,46614,4.73855557161219,7.42914925199567,Q2 (4.7-7.4 units),2.8333333333333335
1065.3125,Death/delisted too sick,0.12214065055691826,Q2,Lung,NO2,46614,46614,4.73855557161219,7.42914925199567,Q2 (4.7-7.4 units),2.9166666666666665
1065.3125,Transplant,0.8377199837359397,Q2,Lung,NO2,46614,46614,4.73855557161219,7.42914925199567,Q2 (4.7-7.4 units),2.9166666666666665
1095.75,Death/delisted too sick,0.12277644419422581,Q2,Lung,NO2,46614,46614,4.73855557161219,7.42914925199567,Q2 (4.7-7.4 units),3
1095.75,Transplant,0.8391126835945185,Q2,Lung,NO2,46614,46614,4.73855557161219,7.42914925199567,Q2 (4.7-7.4 units),3
1126.1875,Death/delisted too sick,0.12312435199474549,Q2,Lung,NO2,46614,46614,4.73855557161219,7.42914925199567,Q2 (4.7-7.4 units),3.0833333333333335
1126.1875,Transplant,0.840560341226261,Q2,Lung,NO2,46614,46614,4.73855557161219,7.42914925199567,Q2 (4.7-7.4 units),3.0833333333333335
1156.625,Death/delisted too sick,0.12321648409859881,Q2,Lung,NO2,46614,46614,4.73855557161219,7.42914925199567,Q2 (4.7-7.4 units),3.1666666666666665
1156.625,Transplant,0.841315415051799,Q2,Lung,NO2,46614,46614,4.73855557161219,7.42914925199567,Q2 (4.7-7.4 units),3.1666666666666665
1187.0625,Death/delisted too sick,0.12375813967339251,Q2,Lung,NO2,46614,46614,4.73855557161219,7.42914925199567,Q2 (4.7-7.4 units),3.25
1187.0625,Transplant,0.8425415750178092,Q2,Lung,NO2,46614,46614,4.73855557161219,7.42914925199567,Q2 (4.7-7.4 units),3.25
1217.5,Death/delisted too sick,0.12447232335414951,Q2,Lung,NO2,46614,46614,4.73855557161219,7.42914925199567,Q2 (4.7-7.4 units),3.3333333333333335
1217.5,Transplant,0.8433762001691554,Q2,Lung,NO2,46614,46614,4.73855557161219,7.42914925199567,Q2 (4.7-7.4 units),3.3333333333333335
1247.9375,Death/delisted too sick,0.1248535846966713,Q2,Lung,NO2,46614,46614,4.73855557161219,7.42914925199567,Q2 (4.7-7.4 units),3.4166666666666665
1247.9375,Transplant,0.8441570756449278,Q2,Lung,NO2,46614,46614,4.73855557161219,7.42914925199567,Q2 (4.7-7.4 units),3.4166666666666665
1278.375,Death/delisted too sick,0.12525028656191695,Q2,Lung,NO2,46614,46614,4.73855557161219,7.42914925199567,Q2 (4.7-7.4 units),3.5
1278.375,Transplant,0.8452615768448791,Q2,Lung,NO2,46614,46614,4.73855557161219,7.42914925199567,Q2 (4.7-7.4 units),3.5
1308.8125,Death/delisted too sick,0.12647891422139065,Q2,Lung,NO2,46614,46614,4.73855557161219,7.42914925199567,Q2 (4.7-7.4 units),3.5833333333333335
1308.8125,Transplant,0.8458892389059196,Q2,Lung,NO2,46614,46614,4.73855557161219,7.42914925199567,Q2 (4.7-7.4 units),3.5833333333333335
1339.25,Death/delisted too sick,0.1271911959155082,Q2,Lung,NO2,46614,46614,4.73855557161219,7.42914925199567,Q2 (4.7-7.4 units),3.6666666666666665
1339.25,Transplant,0.8464689785901091,Q2,Lung,NO2,46614,46614,4.73855557161219,7.42914925199567,Q2 (4.7-7.4 units),3.6666666666666665
1369.6875,Death/delisted too sick,0.1276084918353223,Q2,Lung,NO2,46614,46614,4.73855557161219,7.42914925199567,Q2 (4.7-7.4 units),3.75
1369.6875,Transplant,0.846753025950918,Q2,Lung,NO2,46614,46614,4.73855557161219,7.42914925199567,Q2 (4.7-7.4 units),3.75
1400.125,Death/delisted too sick,0.1276084918353223,Q2,Lung,NO2,46614,46614,4.73855557161219,7.42914925199567,Q2 (4.7-7.4 units),3.8333333333333335
1400.125,Transplant,0.8473217046220674,Q2,Lung,NO2,46614,46614,4.73855557161219,7.42914925199567,Q2 (4.7-7.4 units),3.8333333333333335
1430.5625,Death/delisted too sick,0.12794377643447116,Q2,Lung,NO2,46614,46614,4.73855557161219,7.42914925199567,Q2 (4.7-7.4 units),3.9166666666666665
1430.5625,Transplant,0.8476653626972391,Q2,Lung,NO2,46614,46614,4.73855557161219,7.42914925199567,Q2 (4.7-7.4 units),3.9166666666666665
1461,Death/delisted too sick,0.12858076750025624,Q2,Lung,NO2,46614,46614,4.73855557161219,7.42914925199567,Q2 (4.7-7.4 units),4
1461,Transplant,0.8482127377474523,Q2,Lung,NO2,46614,46614,4.73855557161219,7.42914925199567,Q2 (4.7-7.4 units),4
1491.4375,Death/delisted too sick,0.12873419816068415,Q2,Lung,NO2,46614,46614,4.73855557161219,7.42914925199567,Q2 (4.7-7.4 units),4.083333333333333
1491.4375,Transplant,0.8483462796258651,Q2,Lung,NO2,46614,46614,4.73855557161219,7.42914925199567,Q2 (4.7-7.4 units),4.083333333333333
1521.875,Death/delisted too sick,0.12886231704338952,Q2,Lung,NO2,46614,46614,4.73855557161219,7.42914925199567,Q2 (4.7-7.4 units),4.166666666666667
1521.875,Transplant,0.8487137898337587,Q2,Lung,NO2,46614,46614,4.73855557161219,7.42914925199567,Q2 (4.7-7.4 units),4.166666666666667
1552.3125,Death/delisted too sick,0.12961831485886263,Q2,Lung,NO2,46614,46614,4.73855557161219,7.42914925199567,Q2 (4.7-7.4 units),4.25
1552.3125,Transplant,0.8495431664899137,Q2,Lung,NO2,46614,46614,4.73855557161219,7.42914925199567,Q2 (4.7-7.4 units),4.25
1582.75,Death/delisted too sick,0.12961831485886263,Q2,Lung,NO2,46614,46614,4.73855557161219,7.42914925199567,Q2 (4.7-7.4 units),4.333333333333333
1582.75,Transplant,0.8503903013216259,Q2,Lung,NO2,46614,46614,4.73855557161219,7.42914925199567,Q2 (4.7-7.4 units),4.333333333333333
1613.1875,Death/delisted too sick,0.12961831485886263,Q2,Lung,NO2,46614,46614,4.73855557161219,7.42914925199567,Q2 (4.7-7.4 units),4.416666666666667
1613.1875,Transplant,0.8509232591793375,Q2,Lung,NO2,46614,46614,4.73855557161219,7.42914925199567,Q2 (4.7-7.4 units),4.416666666666667
1643.625,Death/delisted too sick,0.12974299238883316,Q2,Lung,NO2,46614,46614,4.73855557161219,7.42914925199567,Q2 (4.7-7.4 units),4.5
1643.625,Transplant,0.8510694101020906,Q2,Lung,NO2,46614,46614,4.73855557161219,7.42914925199567,Q2 (4.7-7.4 units),4.5
1674.0625,Death/delisted too sick,0.12988003090930914,Q2,Lung,NO2,46614,46614,4.73855557161219,7.42914925199567,Q2 (4.7-7.4 units),4.583333333333333
1674.0625,Transplant,0.8515218223058081,Q2,Lung,NO2,46614,46614,4.73855557161219,7.42914925199567,Q2 (4.7-7.4 units),4.583333333333333
1704.5,Death/delisted too sick,0.13068399874021883,Q2,Lung,NO2,46614,46614,4.73855557161219,7.42914925199567,Q2 (4.7-7.4 units),4.666666666666667
1704.5,Transplant,0.851809011845623,Q2,Lung,NO2,46614,46614,4.73855557161219,7.42914925199567,Q2 (4.7-7.4 units),4.666666666666667
1734.9375,Death/delisted too sick,0.13068399874021883,Q2,Lung,NO2,46614,46614,4.73855557161219,7.42914925199567,Q2 (4.7-7.4 units),4.75
1734.9375,Transplant,0.8519690613133393,Q2,Lung,NO2,46614,46614,4.73855557161219,7.42914925199567,Q2 (4.7-7.4 units),4.75
1765.375,Death/delisted too sick,0.13068399874021883,Q2,Lung,NO2,46614,46614,4.73855557161219,7.42914925199567,Q2 (4.7-7.4 units),4.833333333333333
1765.375,Transplant,0.8526982664659117,Q2,Lung,NO2,46614,46614,4.73855557161219,7.42914925199567,Q2 (4.7-7.4 units),4.833333333333333
1795.8125,Death/delisted too sick,0.13068399874021883,Q2,Lung,NO2,46614,46614,4.73855557161219,7.42914925199567,Q2 (4.7-7.4 units),4.916666666666667
1795.8125,Transplant,0.8529124317597216,Q2,Lung,NO2,46614,46614,4.73855557161219,7.42914925199567,Q2 (4.7-7.4 units),4.916666666666667
1826.25,Death/delisted too sick,0.1310222998203998,Q2,Lung,NO2,46614,46614,4.73855557161219,7.42914925199567,Q2 (4.7-7.4 units),5
1826.25,Transplant,0.8543325453805344,Q2,Lung,NO2,46614,46614,4.73855557161219,7.42914925199567,Q2 (4.7-7.4 units),5
0,Death/delisted too sick,0,Q3,Lung,NO2,46614,46614,7.42953676569093,11.363843119586,Q3 (7.4-11.4 units),0
0,Transplant,0,Q3,Lung,NO2,46614,46614,7.42953676569093,11.363843119586,Q3 (7.4-11.4 units),0
30.4375,Death/delisted too sick,0.0396188239883101,Q3,Lung,NO2,46614,46614,7.42953676569093,11.363843119586,Q3 (7.4-11.4 units),0.08333333333333333
30.4375,Transplant,0.32242287462571184,Q3,Lung,NO2,46614,46614,7.42953676569093,11.363843119586,Q3 (7.4-11.4 units),0.08333333333333333
60.875,Death/delisted too sick,0.05328177127458196,Q3,Lung,NO2,46614,46614,7.42953676569093,11.363843119586,Q3 (7.4-11.4 units),0.16666666666666666
60.875,Transplant,0.44254450379608556,Q3,Lung,NO2,46614,46614,7.42953676569093,11.363843119586,Q3 (7.4-11.4 units),0.16666666666666666
91.3125,Death/delisted too sick,0.06264219083811565,Q3,Lung,NO2,46614,46614,7.42953676569093,11.363843119586,Q3 (7.4-11.4 units),0.25
91.3125,Transplant,0.5200942093451211,Q3,Lung,NO2,46614,46614,7.42953676569093,11.363843119586,Q3 (7.4-11.4 units),0.25
121.75,Death/delisted too sick,0.06930723631877928,Q3,Lung,NO2,46614,46614,7.42953676569093,11.363843119586,Q3 (7.4-11.4 units),0.3333333333333333
121.75,Transplant,0.5745541857580099,Q3,Lung,NO2,46614,46614,7.42953676569093,11.363843119586,Q3 (7.4-11.4 units),0.3333333333333333
152.1875,Death/delisted too sick,0.07524367418496085,Q3,Lung,NO2,46614,46614,7.42953676569093,11.363843119586,Q3 (7.4-11.4 units),0.4166666666666667
152.1875,Transplant,0.6113859469494758,Q3,Lung,NO2,46614,46614,7.42953676569093,11.363843119586,Q3 (7.4-11.4 units),0.4166666666666667
182.625,Death/delisted too sick,0.07916066973747454,Q3,Lung,NO2,46614,46614,7.42953676569093,11.363843119586,Q3 (7.4-11.4 units),0.5
182.625,Transplant,0.64199026599177,Q3,Lung,NO2,46614,46614,7.42953676569093,11.363843119586,Q3 (7.4-11.4 units),0.5
213.0625,Death/delisted too sick,0.08404890043230723,Q3,Lung,NO2,46614,46614,7.42953676569093,11.363843119586,Q3 (7.4-11.4 units),0.5833333333333334
213.0625,Transplant,0.6655944008849249,Q3,Lung,NO2,46614,46614,7.42953676569093,11.363843119586,Q3 (7.4-11.4 units),0.5833333333333334
243.5,Death/delisted too sick,0.0874419018786959,Q3,Lung,NO2,46614,46614,7.42953676569093,11.363843119586,Q3 (7.4-11.4 units),0.6666666666666666
243.5,Transplant,0.6858859184545997,Q3,Lung,NO2,46614,46614,7.42953676569093,11.363843119586,Q3 (7.4-11.4 units),0.6666666666666666
273.9375,Death/delisted too sick,0.0902719106365363,Q3,Lung,NO2,46614,46614,7.42953676569093,11.363843119586,Q3 (7.4-11.4 units),0.75
273.9375,Transplant,0.7024571011964571,Q3,Lung,NO2,46614,46614,7.42953676569093,11.363843119586,Q3 (7.4-11.4 units),0.75
304.375,Death/delisted too sick,0.09299500183489183,Q3,Lung,NO2,46614,46614,7.42953676569093,11.363843119586,Q3 (7.4-11.4 units),0.8333333333333334
304.375,Transplant,0.7177685932154807,Q3,Lung,NO2,46614,46614,7.42953676569093,11.363843119586,Q3 (7.4-11.4 units),0.8333333333333334
334.8125,Death/delisted too sick,0.09510042360780332,Q3,Lung,NO2,46614,46614,7.42953676569093,11.363843119586,Q3 (7.4-11.4 units),0.9166666666666666
334.8125,Transplant,0.7304104080289906,Q3,Lung,NO2,46614,46614,7.42953676569093,11.363843119586,Q3 (7.4-11.4 units),0.9166666666666666
365.25,Death/delisted too sick,0.09779065579197072,Q3,Lung,NO2,46614,46614,7.42953676569093,11.363843119586,Q3 (7.4-11.4 units),1
365.25,Transplant,0.7391332884992146,Q3,Lung,NO2,46614,46614,7.42953676569093,11.363843119586,Q3 (7.4-11.4 units),1
395.6875,Death/delisted too sick,0.10044322231933471,Q3,Lung,NO2,46614,46614,7.42953676569093,11.363843119586,Q3 (7.4-11.4 units),1.0833333333333333
395.6875,Transplant,0.7489156899122479,Q3,Lung,NO2,46614,46614,7.42953676569093,11.363843119586,Q3 (7.4-11.4 units),1.0833333333333333
426.125,Death/delisted too sick,0.10277938179533332,Q3,Lung,NO2,46614,46614,7.42953676569093,11.363843119586,Q3 (7.4-11.4 units),1.1666666666666667
426.125,Transplant,0.7548909833156281,Q3,Lung,NO2,46614,46614,7.42953676569093,11.363843119586,Q3 (7.4-11.4 units),1.1666666666666667
456.5625,Death/delisted too sick,0.10373469547957294,Q3,Lung,NO2,46614,46614,7.42953676569093,11.363843119586,Q3 (7.4-11.4 units),1.25
456.5625,Transplant,0.7618417913112508,Q3,Lung,NO2,46614,46614,7.42953676569093,11.363843119586,Q3 (7.4-11.4 units),1.25
487,Death/delisted too sick,0.10465741338031835,Q3,Lung,NO2,46614,46614,7.42953676569093,11.363843119586,Q3 (7.4-11.4 units),1.3333333333333333
487,Transplant,0.7681578716387771,Q3,Lung,NO2,46614,46614,7.42953676569093,11.363843119586,Q3 (7.4-11.4 units),1.3333333333333333
517.4375,Death/delisted too sick,0.10636130298298815,Q3,Lung,NO2,46614,46614,7.42953676569093,11.363843119586,Q3 (7.4-11.4 units),1.4166666666666667
517.4375,Transplant,0.773519051439317,Q3,Lung,NO2,46614,46614,7.42953676569093,11.363843119586,Q3 (7.4-11.4 units),1.4166666666666667
547.875,Death/delisted too sick,0.10743383782051022,Q3,Lung,NO2,46614,46614,7.42953676569093,11.363843119586,Q3 (7.4-11.4 units),1.5
547.875,Transplant,0.7778726922478352,Q3,Lung,NO2,46614,46614,7.42953676569093,11.363843119586,Q3 (7.4-11.4 units),1.5
578.3125,Death/delisted too sick,0.10841369411531883,Q3,Lung,NO2,46614,46614,7.42953676569093,11.363843119586,Q3 (7.4-11.4 units),1.5833333333333333
578.3125,Transplant,0.7830924218541221,Q3,Lung,NO2,46614,46614,7.42953676569093,11.363843119586,Q3 (7.4-11.4 units),1.5833333333333333
608.75,Death/delisted too sick,0.10929834524741064,Q3,Lung,NO2,46614,46614,7.42953676569093,11.363843119586,Q3 (7.4-11.4 units),1.6666666666666667
608.75,Transplant,0.7889909579174211,Q3,Lung,NO2,46614,46614,7.42953676569093,11.363843119586,Q3 (7.4-11.4 units),1.6666666666666667
639.1875,Death/delisted too sick,0.11120748122374817,Q3,Lung,NO2,46614,46614,7.42953676569093,11.363843119586,Q3 (7.4-11.4 units),1.75
639.1875,Transplant,0.7935181742517995,Q3,Lung,NO2,46614,46614,7.42953676569093,11.363843119586,Q3 (7.4-11.4 units),1.75
669.625,Death/delisted too sick,0.11217777470590057,Q3,Lung,NO2,46614,46614,7.42953676569093,11.363843119586,Q3 (7.4-11.4 units),1.8333333333333333
669.625,Transplant,0.797070778311598,Q3,Lung,NO2,46614,46614,7.42953676569093,11.363843119586,Q3 (7.4-11.4 units),1.8333333333333333
700.0625,Death/delisted too sick,0.11404077263501225,Q3,Lung,NO2,46614,46614,7.42953676569093,11.363843119586,Q3 (7.4-11.4 units),1.9166666666666667
700.0625,Transplant,0.79975734353367,Q3,Lung,NO2,46614,46614,7.42953676569093,11.363843119586,Q3 (7.4-11.4 units),1.9166666666666667
730.5,Death/delisted too sick,0.11525657216622615,Q3,Lung,NO2,46614,46614,7.42953676569093,11.363843119586,Q3 (7.4-11.4 units),2
730.5,Transplant,0.8032304584435946,Q3,Lung,NO2,46614,46614,7.42953676569093,11.363843119586,Q3 (7.4-11.4 units),2
760.9375,Death/delisted too sick,0.11565610235372616,Q3,Lung,NO2,46614,46614,7.42953676569093,11.363843119586,Q3 (7.4-11.4 units),2.0833333333333335
760.9375,Transplant,0.8066729384325747,Q3,Lung,NO2,46614,46614,7.42953676569093,11.363843119586,Q3 (7.4-11.4 units),2.0833333333333335
791.375,Death/delisted too sick,0.11657521998799343,Q3,Lung,NO2,46614,46614,7.42953676569093,11.363843119586,Q3 (7.4-11.4 units),2.1666666666666665
791.375,Transplant,0.8106961370596025,Q3,Lung,NO2,46614,46614,7.42953676569093,11.363843119586,Q3 (7.4-11.4 units),2.1666666666666665
821.8125,Death/delisted too sick,0.11746676656795321,Q3,Lung,NO2,46614,46614,7.42953676569093,11.363843119586,Q3 (7.4-11.4 units),2.25
821.8125,Transplant,0.8134698775249242,Q3,Lung,NO2,46614,46614,7.42953676569093,11.363843119586,Q3 (7.4-11.4 units),2.25
852.25,Death/delisted too sick,0.11844292095338609,Q3,Lung,NO2,46614,46614,7.42953676569093,11.363843119586,Q3 (7.4-11.4 units),2.3333333333333335
852.25,Transplant,0.815166091141152,Q3,Lung,NO2,46614,46614,7.42953676569093,11.363843119586,Q3 (7.4-11.4 units),2.3333333333333335
882.6875,Death/delisted too sick,0.11948264954405878,Q3,Lung,NO2,46614,46614,7.42953676569093,11.363843119586,Q3 (7.4-11.4 units),2.4166666666666665
882.6875,Transplant,0.8181334301923835,Q3,Lung,NO2,46614,46614,7.42953676569093,11.363843119586,Q3 (7.4-11.4 units),2.4166666666666665
913.125,Death/delisted too sick,0.12000009262840317,Q3,Lung,NO2,46614,46614,7.42953676569093,11.363843119586,Q3 (7.4-11.4 units),2.5
913.125,Transplant,0.820002802043857,Q3,Lung,NO2,46614,46614,7.42953676569093,11.363843119586,Q3 (7.4-11.4 units),2.5
943.5625,Death/delisted too sick,0.12075883694560927,Q3,Lung,NO2,46614,46614,7.42953676569093,11.363843119586,Q3 (7.4-11.4 units),2.5833333333333335
943.5625,Transplant,0.82214756845012,Q3,Lung,NO2,46614,46614,7.42953676569093,11.363843119586,Q3 (7.4-11.4 units),2.5833333333333335
974,Death/delisted too sick,0.12125275240312908,Q3,Lung,NO2,46614,46614,7.42953676569093,11.363843119586,Q3 (7.4-11.4 units),2.6666666666666665
974,Transplant,0.8244499944576918,Q3,Lung,NO2,46614,46614,7.42953676569093,11.363843119586,Q3 (7.4-11.4 units),2.6666666666666665
1004.4375,Death/delisted too sick,0.1218716701294507,Q3,Lung,NO2,46614,46614,7.42953676569093,11.363843119586,Q3 (7.4-11.4 units),2.75
1004.4375,Transplant,0.8260199161096307,Q3,Lung,NO2,46614,46614,7.42953676569093,11.363843119586,Q3 (7.4-11.4 units),2.75
1034.875,Death/delisted too sick,0.12280442289828884,Q3,Lung,NO2,46614,46614,7.42953676569093,11.363843119586,Q3 (7.4-11.4 units),2.8333333333333335
1034.875,Transplant,0.8266942670746903,Q3,Lung,NO2,46614,46614,7.42953676569093,11.363843119586,Q3 (7.4-11.4 units),2.8333333333333335
1065.3125,Death/delisted too sick,0.12345767997979024,Q3,Lung,NO2,46614,46614,7.42953676569093,11.363843119586,Q3 (7.4-11.4 units),2.9166666666666665
1065.3125,Transplant,0.8282025393966178,Q3,Lung,NO2,46614,46614,7.42953676569093,11.363843119586,Q3 (7.4-11.4 units),2.9166666666666665
1095.75,Death/delisted too sick,0.12379240088870307,Q3,Lung,NO2,46614,46614,7.42953676569093,11.363843119586,Q3 (7.4-11.4 units),3
1095.75,Transplant,0.829994495721926,Q3,Lung,NO2,46614,46614,7.42953676569093,11.363843119586,Q3 (7.4-11.4 units),3
1126.1875,Death/delisted too sick,0.12421795788875988,Q3,Lung,NO2,46614,46614,7.42953676569093,11.363843119586,Q3 (7.4-11.4 units),3.0833333333333335
1126.1875,Transplant,0.8312006766762354,Q3,Lung,NO2,46614,46614,7.42953676569093,11.363843119586,Q3 (7.4-11.4 units),3.0833333333333335
1156.625,Death/delisted too sick,0.12478100236599951,Q3,Lung,NO2,46614,46614,7.42953676569093,11.363843119586,Q3 (7.4-11.4 units),3.1666666666666665
1156.625,Transplant,0.8317182528139572,Q3,Lung,NO2,46614,46614,7.42953676569093,11.363843119586,Q3 (7.4-11.4 units),3.1666666666666665
1187.0625,Death/delisted too sick,0.12513095084345802,Q3,Lung,NO2,46614,46614,7.42953676569093,11.363843119586,Q3 (7.4-11.4 units),3.25
1187.0625,Transplant,0.832956534143719,Q3,Lung,NO2,46614,46614,7.42953676569093,11.363843119586,Q3 (7.4-11.4 units),3.25
1217.5,Death/delisted too sick,0.12543148227221337,Q3,Lung,NO2,46614,46614,7.42953676569093,11.363843119586,Q3 (7.4-11.4 units),3.3333333333333335
1217.5,Transplant,0.8337255051366143,Q3,Lung,NO2,46614,46614,7.42953676569093,11.363843119586,Q3 (7.4-11.4 units),3.3333333333333335
1247.9375,Death/delisted too sick,0.12567217794322993,Q3,Lung,NO2,46614,46614,7.42953676569093,11.363843119586,Q3 (7.4-11.4 units),3.4166666666666665
1247.9375,Transplant,0.8342280442414607,Q3,Lung,NO2,46614,46614,7.42953676569093,11.363843119586,Q3 (7.4-11.4 units),3.4166666666666665
1278.375,Death/delisted too sick,0.12607772095592376,Q3,Lung,NO2,46614,46614,7.42953676569093,11.363843119586,Q3 (7.4-11.4 units),3.5
1278.375,Transplant,0.8350167235550462,Q3,Lung,NO2,46614,46614,7.42953676569093,11.363843119586,Q3 (7.4-11.4 units),3.5
1308.8125,Death/delisted too sick,0.12607772095592376,Q3,Lung,NO2,46614,46614,7.42953676569093,11.363843119586,Q3 (7.4-11.4 units),3.5833333333333335
1308.8125,Transplant,0.8358353652507285,Q3,Lung,NO2,46614,46614,7.42953676569093,11.363843119586,Q3 (7.4-11.4 units),3.5833333333333335
1339.25,Death/delisted too sick,0.1262844809618556,Q3,Lung,NO2,46614,46614,7.42953676569093,11.363843119586,Q3 (7.4-11.4 units),3.6666666666666665
1339.25,Transplant,0.8375309732176192,Q3,Lung,NO2,46614,46614,7.42953676569093,11.363843119586,Q3 (7.4-11.4 units),3.6666666666666665
1369.6875,Death/delisted too sick,0.12656343959392669,Q3,Lung,NO2,46614,46614,7.42953676569093,11.363843119586,Q3 (7.4-11.4 units),3.75
1369.6875,Transplant,0.8392815167717986,Q3,Lung,NO2,46614,46614,7.42953676569093,11.363843119586,Q3 (7.4-11.4 units),3.75
1400.125,Death/delisted too sick,0.1267212141222848,Q3,Lung,NO2,46614,46614,7.42953676569093,11.363843119586,Q3 (7.4-11.4 units),3.8333333333333335
1400.125,Transplant,0.8394478468567607,Q3,Lung,NO2,46614,46614,7.42953676569093,11.363843119586,Q3 (7.4-11.4 units),3.8333333333333335
1430.5625,Death/delisted too sick,0.12689535005822533,Q3,Lung,NO2,46614,46614,7.42953676569093,11.363843119586,Q3 (7.4-11.4 units),3.9166666666666665
1430.5625,Transplant,0.840203444702319,Q3,Lung,NO2,46614,46614,7.42953676569093,11.363843119586,Q3 (7.4-11.4 units),3.9166666666666665
1461,Death/delisted too sick,0.12715305879379143,Q3,Lung,NO2,46614,46614,7.42953676569093,11.363843119586,Q3 (7.4-11.4 units),4
1461,Transplant,0.8405669247849156,Q3,Lung,NO2,46614,46614,7.42953676569093,11.363843119586,Q3 (7.4-11.4 units),4
1491.4375,Death/delisted too sick,0.127470743711064,Q3,Lung,NO2,46614,46614,7.42953676569093,11.363843119586,Q3 (7.4-11.4 units),4.083333333333333
1491.4375,Transplant,0.8414406599741082,Q3,Lung,NO2,46614,46614,7.42953676569093,11.363843119586,Q3 (7.4-11.4 units),4.083333333333333
1521.875,Death/delisted too sick,0.12905905884955482,Q3,Lung,NO2,46614,46614,7.42953676569093,11.363843119586,Q3 (7.4-11.4 units),4.166666666666667
1521.875,Transplant,0.8427371546442575,Q3,Lung,NO2,46614,46614,7.42953676569093,11.363843119586,Q3 (7.4-11.4 units),4.166666666666667
1552.3125,Death/delisted too sick,0.12925055825264778,Q3,Lung,NO2,46614,46614,7.42953676569093,11.363843119586,Q3 (7.4-11.4 units),4.25
1552.3125,Transplant,0.8437719049811367,Q3,Lung,NO2,46614,46614,7.42953676569093,11.363843119586,Q3 (7.4-11.4 units),4.25
1582.75,Death/delisted too sick,0.13130890860904013,Q3,Lung,NO2,46614,46614,7.42953676569093,11.363843119586,Q3 (7.4-11.4 units),4.333333333333333
1582.75,Transplant,0.8441641590444445,Q3,Lung,NO2,46614,46614,7.42953676569093,11.363843119586,Q3 (7.4-11.4 units),4.333333333333333
1613.1875,Death/delisted too sick,0.13228052465528536,Q3,Lung,NO2,46614,46614,7.42953676569093,11.363843119586,Q3 (7.4-11.4 units),4.416666666666667
1613.1875,Transplant,0.8451430066052413,Q3,Lung,NO2,46614,46614,7.42953676569093,11.363843119586,Q3 (7.4-11.4 units),4.416666666666667
1643.625,Death/delisted too sick,0.13228052465528536,Q3,Lung,NO2,46614,46614,7.42953676569093,11.363843119586,Q3 (7.4-11.4 units),4.5
1643.625,Transplant,0.8454643419916328,Q3,Lung,NO2,46614,46614,7.42953676569093,11.363843119586,Q3 (7.4-11.4 units),4.5
1674.0625,Death/delisted too sick,0.13266375747385087,Q3,Lung,NO2,46614,46614,7.42953676569093,11.363843119586,Q3 (7.4-11.4 units),4.583333333333333
1674.0625,Transplant,0.8454643419916328,Q3,Lung,NO2,46614,46614,7.42953676569093,11.363843119586,Q3 (7.4-11.4 units),4.583333333333333
1704.5,Death/delisted too sick,0.13279388545246784,Q3,Lung,NO2,46614,46614,7.42953676569093,11.363843119586,Q3 (7.4-11.4 units),4.666666666666667
1704.5,Transplant,0.8465988144493218,Q3,Lung,NO2,46614,46614,7.42953676569093,11.363843119586,Q3 (7.4-11.4 units),4.666666666666667
1734.9375,Death/delisted too sick,0.13279388545246784,Q3,Lung,NO2,46614,46614,7.42953676569093,11.363843119586,Q3 (7.4-11.4 units),4.75
1734.9375,Transplant,0.847266185340949,Q3,Lung,NO2,46614,46614,7.42953676569093,11.363843119586,Q3 (7.4-11.4 units),4.75
1765.375,Death/delisted too sick,0.13279388545246784,Q3,Lung,NO2,46614,46614,7.42953676569093,11.363843119586,Q3 (7.4-11.4 units),4.833333333333333
1765.375,Transplant,0.847979832319451,Q3,Lung,NO2,46614,46614,7.42953676569093,11.363843119586,Q3 (7.4-11.4 units),4.833333333333333
1795.8125,Death/delisted too sick,0.13279388545246784,Q3,Lung,NO2,46614,46614,7.42953676569093,11.363843119586,Q3 (7.4-11.4 units),4.916666666666667
1795.8125,Transplant,0.8481565385449646,Q3,Lung,NO2,46614,46614,7.42953676569093,11.363843119586,Q3 (7.4-11.4 units),4.916666666666667
1826.25,Death/delisted too sick,0.13279388545246784,Q3,Lung,NO2,46614,46614,7.42953676569093,11.363843119586,Q3 (7.4-11.4 units),5
1826.25,Transplant,0.8481565385449646,Q3,Lung,NO2,46614,46614,7.42953676569093,11.363843119586,Q3 (7.4-11.4 units),5
0,Death/delisted too sick,0,Q4,Lung,NO2,46614,46614,11.363843119586,51.1499290466309,Q4 (11.4-51.1 units),0
0,Transplant,0,Q4,Lung,NO2,46614,46614,11.363843119586,51.1499290466309,Q4 (11.4-51.1 units),0
30.4375,Death/delisted too sick,0.043734244609015295,Q4,Lung,NO2,46614,46614,11.363843119586,51.1499290466309,Q4 (11.4-51.1 units),0.08333333333333333
30.4375,Transplant,0.29533144487684804,Q4,Lung,NO2,46614,46614,11.363843119586,51.1499290466309,Q4 (11.4-51.1 units),0.08333333333333333
60.875,Death/delisted too sick,0.05920016409206703,Q4,Lung,NO2,46614,46614,11.363843119586,51.1499290466309,Q4 (11.4-51.1 units),0.16666666666666666
60.875,Transplant,0.41949550604694513,Q4,Lung,NO2,46614,46614,11.363843119586,51.1499290466309,Q4 (11.4-51.1 units),0.16666666666666666
91.3125,Death/delisted too sick,0.06774047635581065,Q4,Lung,NO2,46614,46614,11.363843119586,51.1499290466309,Q4 (11.4-51.1 units),0.25
91.3125,Transplant,0.49645659625389654,Q4,Lung,NO2,46614,46614,11.363843119586,51.1499290466309,Q4 (11.4-51.1 units),0.25
121.75,Death/delisted too sick,0.07643722649494684,Q4,Lung,NO2,46614,46614,11.363843119586,51.1499290466309,Q4 (11.4-51.1 units),0.3333333333333333
121.75,Transplant,0.5514169429278979,Q4,Lung,NO2,46614,46614,11.363843119586,51.1499290466309,Q4 (11.4-51.1 units),0.3333333333333333
152.1875,Death/delisted too sick,0.08358865537053027,Q4,Lung,NO2,46614,46614,11.363843119586,51.1499290466309,Q4 (11.4-51.1 units),0.4166666666666667
152.1875,Transplant,0.5914356949982578,Q4,Lung,NO2,46614,46614,11.363843119586,51.1499290466309,Q4 (11.4-51.1 units),0.4166666666666667
182.625,Death/delisted too sick,0.08908324923241341,Q4,Lung,NO2,46614,46614,11.363843119586,51.1499290466309,Q4 (11.4-51.1 units),0.5
182.625,Transplant,0.6199039931253734,Q4,Lung,NO2,46614,46614,11.363843119586,51.1499290466309,Q4 (11.4-51.1 units),0.5
213.0625,Death/delisted too sick,0.09312279226401399,Q4,Lung,NO2,46614,46614,11.363843119586,51.1499290466309,Q4 (11.4-51.1 units),0.5833333333333334
213.0625,Transplant,0.6464074670600448,Q4,Lung,NO2,46614,46614,11.363843119586,51.1499290466309,Q4 (11.4-51.1 units),0.5833333333333334
243.5,Death/delisted too sick,0.09653904925795671,Q4,Lung,NO2,46614,46614,11.363843119586,51.1499290466309,Q4 (11.4-51.1 units),0.6666666666666666
243.5,Transplant,0.665518564042064,Q4,Lung,NO2,46614,46614,11.363843119586,51.1499290466309,Q4 (11.4-51.1 units),0.6666666666666666
273.9375,Death/delisted too sick,0.09937009645532212,Q4,Lung,NO2,46614,46614,11.363843119586,51.1499290466309,Q4 (11.4-51.1 units),0.75
273.9375,Transplant,0.6799493017948899,Q4,Lung,NO2,46614,46614,11.363843119586,51.1499290466309,Q4 (11.4-51.1 units),0.75
304.375,Death/delisted too sick,0.10171709778967113,Q4,Lung,NO2,46614,46614,11.363843119586,51.1499290466309,Q4 (11.4-51.1 units),0.8333333333333334
304.375,Transplant,0.6948824131008464,Q4,Lung,NO2,46614,46614,11.363843119586,51.1499290466309,Q4 (11.4-51.1 units),0.8333333333333334
334.8125,Death/delisted too sick,0.10457891141766036,Q4,Lung,NO2,46614,46614,11.363843119586,51.1499290466309,Q4 (11.4-51.1 units),0.9166666666666666
334.8125,Transplant,0.708877680453871,Q4,Lung,NO2,46614,46614,11.363843119586,51.1499290466309,Q4 (11.4-51.1 units),0.9166666666666666
365.25,Death/delisted too sick,0.10701284490230156,Q4,Lung,NO2,46614,46614,11.363843119586,51.1499290466309,Q4 (11.4-51.1 units),1
365.25,Transplant,0.7165942211275312,Q4,Lung,NO2,46614,46614,11.363843119586,51.1499290466309,Q4 (11.4-51.1 units),1
395.6875,Death/delisted too sick,0.10825294232384604,Q4,Lung,NO2,46614,46614,11.363843119586,51.1499290466309,Q4 (11.4-51.1 units),1.0833333333333333
395.6875,Transplant,0.7252899129150778,Q4,Lung,NO2,46614,46614,11.363843119586,51.1499290466309,Q4 (11.4-51.1 units),1.0833333333333333
426.125,Death/delisted too sick,0.10938652179882007,Q4,Lung,NO2,46614,46614,11.363843119586,51.1499290466309,Q4 (11.4-51.1 units),1.1666666666666667
426.125,Transplant,0.7329830913100582,Q4,Lung,NO2,46614,46614,11.363843119586,51.1499290466309,Q4 (11.4-51.1 units),1.1666666666666667
456.5625,Death/delisted too sick,0.11168954771609493,Q4,Lung,NO2,46614,46614,11.363843119586,51.1499290466309,Q4 (11.4-51.1 units),1.25
456.5625,Transplant,0.7405081356274122,Q4,Lung,NO2,46614,46614,11.363843119586,51.1499290466309,Q4 (11.4-51.1 units),1.25
487,Death/delisted too sick,0.11539955263645194,Q4,Lung,NO2,46614,46614,11.363843119586,51.1499290466309,Q4 (11.4-51.1 units),1.3333333333333333
487,Transplant,0.7469945014290704,Q4,Lung,NO2,46614,46614,11.363843119586,51.1499290466309,Q4 (11.4-51.1 units),1.3333333333333333
517.4375,Death/delisted too sick,0.11756001236999021,Q4,Lung,NO2,46614,46614,11.363843119586,51.1499290466309,Q4 (11.4-51.1 units),1.4166666666666667
517.4375,Transplant,0.7538747992565945,Q4,Lung,NO2,46614,46614,11.363843119586,51.1499290466309,Q4 (11.4-51.1 units),1.4166666666666667
547.875,Death/delisted too sick,0.11842309461653414,Q4,Lung,NO2,46614,46614,11.363843119586,51.1499290466309,Q4 (11.4-51.1 units),1.5
547.875,Transplant,0.7587389688447533,Q4,Lung,NO2,46614,46614,11.363843119586,51.1499290466309,Q4 (11.4-51.1 units),1.5
578.3125,Death/delisted too sick,0.11990517928781137,Q4,Lung,NO2,46614,46614,11.363843119586,51.1499290466309,Q4 (11.4-51.1 units),1.5833333333333333
578.3125,Transplant,0.7625249029652753,Q4,Lung,NO2,46614,46614,11.363843119586,51.1499290466309,Q4 (11.4-51.1 units),1.5833333333333333
608.75,Death/delisted too sick,0.12167789378352191,Q4,Lung,NO2,46614,46614,11.363843119586,51.1499290466309,Q4 (11.4-51.1 units),1.6666666666666667
608.75,Transplant,0.7668376626215846,Q4,Lung,NO2,46614,46614,11.363843119586,51.1499290466309,Q4 (11.4-51.1 units),1.6666666666666667
639.1875,Death/delisted too sick,0.12328171501820628,Q4,Lung,NO2,46614,46614,11.363843119586,51.1499290466309,Q4 (11.4-51.1 units),1.75
639.1875,Transplant,0.7738586517030885,Q4,Lung,NO2,46614,46614,11.363843119586,51.1499290466309,Q4 (11.4-51.1 units),1.75
669.625,Death/delisted too sick,0.12456766976975318,Q4,Lung,NO2,46614,46614,11.363843119586,51.1499290466309,Q4 (11.4-51.1 units),1.8333333333333333
669.625,Transplant,0.7774921096430665,Q4,Lung,NO2,46614,46614,11.363843119586,51.1499290466309,Q4 (11.4-51.1 units),1.8333333333333333
700.0625,Death/delisted too sick,0.12517684491452938,Q4,Lung,NO2,46614,46614,11.363843119586,51.1499290466309,Q4 (11.4-51.1 units),1.9166666666666667
700.0625,Transplant,0.781183341488252,Q4,Lung,NO2,46614,46614,11.363843119586,51.1499290466309,Q4 (11.4-51.1 units),1.9166666666666667
730.5,Death/delisted too sick,0.12575533225612948,Q4,Lung,NO2,46614,46614,11.363843119586,51.1499290466309,Q4 (11.4-51.1 units),2
730.5,Transplant,0.78323203998759094,Q4,Lung,NO2,46614,46614,11.363843119586,51.1499290466309,Q4 (11.4-51.1 units),2
760.9375,Death/delisted too sick,0.1272413272280848,Q4,Lung,NO2,46614,46614,11.363843119586,51.1499290466309,Q4 (11.4-51.1 units),2.0833333333333335
760.9375,Transplant,0.7868496825823157,Q4,Lung,NO2,46614,46614,11.363843119586,51.1499290466309,Q4 (11.4-51.1 units),2.0833333333333335
791.375,Death/delisted too sick,0.12869394507017154,Q4,Lung,NO2,46614,46614,11.363843119586,51.1499290466309,Q4 (11.4-51.1 units),2.1666666666666665
791.375,Transplant,0.7898864889340053,Q4,Lung,NO2,46614,46614,11.363843119586,51.1499290466309,Q4 (11.4-51.1 units),2.1666666666666665
821.8125,Death/delisted too sick,0.129009860092548,Q4,Lung,NO2,46614,46614,11.363843119586,51.1499290466309,Q4 (11.4-51.1 units),2.25
821.8125,Transplant,0.7912278254862655,Q4,Lung,NO2,46614,46614,11.363843119586,51.1499290466309,Q4 (11.4-51.1 units),2.25
852.25,Death/delisted too sick,0.1293322806290677,Q4,Lung,NO2,46614,46614,11.363843119586,51.1499290466309,Q4 (11.4-51.1 units),2.3333333333333335
852.25,Transplant,0.795169952337182,Q4,Lung,NO2,46614,46614,11.363843119586,51.1499290466309,Q4 (11.4-51.1 units),2.3333333333333335
882.6875,Death/delisted too sick,0.13034557364092825,Q4,Lung,NO2,46614,46614,11.363843119586,51.1499290466309,Q4 (11.4-51.1 units),2.4166666666666665
882.6875,Transplant,0.7971217770593462,Q4,Lung,NO2,46614,46614,11.363843119586,51.1499290466309,Q4 (11.4-51.1 units),2.4166666666666665
913.125,Death/delisted too sick,0.1310069576262774,Q4,Lung,NO2,46614,46614,11.363843119586,51.1499290466309,Q4 (11.4-51.1 units),2.5
913.125,Transplant,0.7999368378042317,Q4,Lung,NO2,46614,46614,11.363843119586,51.1499290466309,Q4 (11.4-51.1 units),2.5
943.5625,Death/delisted too sick,0.13238360123496937,Q4,Lung,NO2,46614,46614,11.363843119586,51.1499290466309,Q4 (11.4-51.1 units),2.5833333333333335
943.5625,Transplant,0.8013636685883943,Q4,Lung,NO2,46614,46614,11.363843119586,51.1499290466309,Q4 (11.4-51.1 units),2.5833333333333335
974,Death/delisted too sick,0.13341126398547212,Q4,Lung,NO2,46614,46614,11.363843119586,51.1499290466309,Q4 (11.4-51.1 units),2.6666666666666665
974,Transplant,0.8054558388704598,Q4,Lung,NO2,46614,46614,11.363843119586,51.1499290466309,Q4 (11.4-51.1 units),2.6666666666666665
1004.4375,Death/delisted too sick,0.134949519774572,Q4,Lung,NO2,46614,46614,11.363843119586,51.1499290466309,Q4 (11.4-51.1 units),2.75
1004.4375,Transplant,0.8071331394177802,Q4,Lung,NO2,46614,46614,11.363843119586,51.1499290466309,Q4 (11.4-51.1 units),2.75
1034.875,Death/delisted too sick,0.13521071726750394,Q4,Lung,NO2,46614,46614,11.363843119586,51.1499290466309,Q4 (11.4-51.1 units),2.8333333333333335
1034.875,Transplant,0.8087864423243116,Q4,Lung,NO2,46614,46614,11.363843119586,51.1499290466309,Q4 (11.4-51.1 units),2.8333333333333335
1065.3125,Death/delisted too sick,0.13617299477294098,Q4,Lung,NO2,46614,46614,11.363843119586,51.1499290466309,Q4 (11.4-51.1 units),2.9166666666666665
1065.3125,Transplant,0.811270866673508,Q4,Lung,NO2,46614,46614,11.363843119586,51.1499290466309,Q4 (11.4-51.1 units),2.9166666666666665
1095.75,Death/delisted too sick,0.13737006452222025,Q4,Lung,NO2,46614,46614,11.363843119586,51.1499290466309,Q4 (11.4-51.1 units),3
1095.75,Transplant,0.8137915829935595,Q4,Lung,NO2,46614,46614,11.363843119586,51.1499290466309,Q4 (11.4-51.1 units),3
1126.1875,Death/delisted too sick,0.13830526228176956,Q4,Lung,NO2,46614,46614,11.363843119586,51.1499290466309,Q4 (11.4-51.1 units),3.0833333333333335
1126.1875,Transplant,0.8148330673290339,Q4,Lung,NO2,46614,46614,11.363843119586,51.1499290466309,Q4 (11.4-51.1 units),3.0833333333333335
1156.625,Death/delisted too sick,0.13870509916745502,Q4,Lung,NO2,46614,46614,11.363843119586,51.1499290466309,Q4 (11.4-51.1 units),3.1666666666666665
1156.625,Transplant,0.8154140043710528,Q4,Lung,NO2,46614,46614,11.363843119586,51.1499290466309,Q4 (11.4-51.1 units),3.1666666666666665
1187.0625,Death/delisted too sick,0.13919254485963314,Q4,Lung,NO2,46614,46614,11.363843119586,51.1499290466309,Q4 (11.4-51.1 units),3.25
1187.0625,Transplant,0.8160908361781631,Q4,Lung,NO2,46614,46614,11.363843119586,51.1499290466309,Q4 (11.4-51.1 units),3.25
1217.5,Death/delisted too sick,0.1394988723020876,Q4,Lung,NO2,46614,46614,11.363843119586,51.1499290466309,Q4 (11.4-51.1 units),3.3333333333333335
1217.5,Transplant,0.8178717768988717,Q4,Lung,NO2,46614,46614,11.363843119586,51.1499290466309,Q4 (11.4-51.1 units),3.3333333333333335
1247.9375,Death/delisted too sick,0.13973134218326194,Q4,Lung,NO2,46614,46614,11.363843119586,51.1499290466309,Q4 (11.4-51.1 units),3.4166666666666665
1247.9375,Transplant,0.8197458395251275,Q4,Lung,NO2,46614,46614,11.363843119586,51.1499290466309,Q4 (11.4-51.1 units),3.4166666666666665
1278.375,Death/delisted too sick,0.14017391399418833,Q4,Lung,NO2,46614,46614,11.363843119586,51.1499290466309,Q4 (11.4-51.1 units),3.5
1278.375,Transplant,0.8205436144719179,Q4,Lung,NO2,46614,46614,11.363843119586,51.1499290466309,Q4 (11.4-51.1 units),3.5
1308.8125,Death/delisted too sick,0.1404104087978202,Q4,Lung,NO2,46614,46614,11.363843119586,51.1499290466309,Q4 (11.4-51.1 units),3.5833333333333335
1308.8125,Transplant,0.8242674833011052,Q4,Lung,NO2,46614,46614,11.363843119586,51.1499290466309,Q4 (11.4-51.1 units),3.5833333333333335
1339.25,Death/delisted too sick,0.14061651587247584,Q4,Lung,NO2,46614,46614,11.363843119586,51.1499290466309,Q4 (11.4-51.1 units),3.6666666666666665
1339.25,Transplant,0.8244935927354333,Q4,Lung,NO2,46614,46614,11.363843119586,51.1499290466309,Q4 (11.4-51.1 units),3.6666666666666665
1369.6875,Death/delisted too sick,0.14061651587247584,Q4,Lung,NO2,46614,46614,11.363843119586,51.1499290466309,Q4 (11.4-51.1 units),3.75
1369.6875,Transplant,0.8256954350765624,Q4,Lung,NO2,46614,46614,11.363843119586,51.1499290466309,Q4 (11.4-51.1 units),3.75
1400.125,Death/delisted too sick,0.14088226935962722,Q4,Lung,NO2,46614,46614,11.363843119586,51.1499290466309,Q4 (11.4-51.1 units),3.8333333333333335
1400.125,Transplant,0.8277126061884531,Q4,Lung,NO2,46614,46614,11.363843119586,51.1499290466309,Q4 (11.4-51.1 units),3.8333333333333335
1430.5625,Death/delisted too sick,0.14259171165281317,Q4,Lung,NO2,46614,46614,11.363843119586,51.1499290466309,Q4 (11.4-51.1 units),3.9166666666666665
1430.5625,Transplant,0.8280565195189377,Q4,Lung,NO2,46614,46614,11.363843119586,51.1499290466309,Q4 (11.4-51.1 units),3.9166666666666665
1461,Death/delisted too sick,0.14266060211956558,Q4,Lung,NO2,46614,46614,11.363843119586,51.1499290466309,Q4 (11.4-51.1 units),4
1461,Transplant,0.8280565195189377,Q4,Lung,NO2,46614,46614,11.363843119586,51.1499290466309,Q4 (11.4-51.1 units),4
1491.4375,Death/delisted too sick,0.1427628969170359,Q4,Lung,NO2,46614,46614,11.363843119586,51.1499290466309,Q4 (11.4-51.1 units),4.083333333333333
1491.4375,Transplant,0.8284228090398851,Q4,Lung,NO2,46614,46614,11.363843119586,51.1499290466309,Q4 (11.4-51.1 units),4.083333333333333
1521.875,Death/delisted too sick,0.14367916231745348,Q4,Lung,NO2,46614,46614,11.363843119586,51.1499290466309,Q4 (11.4-51.1 units),4.166666666666667
1521.875,Transplant,0.8287118901043109,Q4,Lung,NO2,46614,46614,11.363843119586,51.1499290466309,Q4 (11.4-51.1 units),4.166666666666667
1552.3125,Death/delisted too sick,0.14367916231745348,Q4,Lung,NO2,46614,46614,11.363843119586,51.1499290466309,Q4 (11.4-51.1 units),4.25
1552.3125,Transplant,0.8289089665530097,Q4,Lung,NO2,46614,46614,11.363843119586,51.1499290466309,Q4 (11.4-51.1 units),4.25
1582.75,Death/delisted too sick,0.1439674568630724,Q4,Lung,NO2,46614,46614,11.363843119586,51.1499290466309,Q4 (11.4-51.1 units),4.333333333333333
1582.75,Transplant,0.8293026239809513,Q4,Lung,NO2,46614,46614,11.363843119586,51.1499290466309,Q4 (11.4-51.1 units),4.333333333333333
1613.1875,Death/delisted too sick,0.1439674568630724,Q4,Lung,NO2,46614,46614,11.363843119586,51.1499290466309,Q4 (11.4-51.1 units),4.416666666666667
1613.1875,Transplant,0.8297763855625022,Q4,Lung,NO2,46614,46614,11.363843119586,51.1499290466309,Q4 (11.4-51.1 units),4.416666666666667
1643.625,Death/delisted too sick,0.1447381687663866,Q4,Lung,NO2,46614,46614,11.363843119586,51.1499290466309,Q4 (11.4-51.1 units),4.5
1643.625,Transplant,0.8318838418293708,Q4,Lung,NO2,46614,46614,11.363843119586,51.1499290466309,Q4 (11.4-51.1 units),4.5
1674.0625,Death/delisted too sick,0.1447381687663866,Q4,Lung,NO2,46614,46614,11.363843119586,51.1499290466309,Q4 (11.4-51.1 units),4.583333333333333
1674.0625,Transplant,0.8329917976073353,Q4,Lung,NO2,46614,46614,11.363843119586,51.1499290466309,Q4 (11.4-51.1 units),4.583333333333333
1704.5,Death/delisted too sick,0.1448888113385133,Q4,Lung,NO2,46614,46614,11.363843119586,51.1499290466309,Q4 (11.4-51.1 units),4.666666666666667
1704.5,Transplant,0.8332625786456843,Q4,Lung,NO2,46614,46614,11.363843119586,51.1499290466309,Q4 (11.4-51.1 units),4.666666666666667
1734.9375,Death/delisted too sick,0.14583968550710238,Q4,Lung,NO2,46614,46614,11.363843119586,51.1499290466309,Q4 (11.4-51.1 units),4.75
1734.9375,Transplant,0.8340119890009892,Q4,Lung,NO2,46614,46614,11.363843119586,51.1499290466309,Q4 (11.4-51.1 units),4.75
1765.375,Death/delisted too sick,0.14600500811886657,Q4,Lung,NO2,46614,46614,11.363843119586,51.1499290466309,Q4 (11.4-51.1 units),4.833333333333333
1765.375,Transplant,0.8351796661190224,Q4,Lung,NO2,46614,46614,11.363843119586,51.1499290466309,Q4 (11.4-51.1 units),4.833333333333333
1795.8125,Death/delisted too sick,0.1460809585493533,Q4,Lung,NO2,46614,46614,11.363843119586,51.1499290466309,Q4 (11.4-51.1 units),4.916666666666667
1795.8125,Transplant,0.8360841442778674,Q4,Lung,NO2,46614,46614,11.363843119586,51.1499290466309,Q4 (11.4-51.1 units),4.916666666666667
1826.25,Death/delisted too sick,0.14650630685230476,Q4,Lung,NO2,46614,46614,11.363843119586,51.1499290466309,Q4 (11.4-51.1 units),5
1826.25,Transplant,0.8360841442778674,Q4,Lung,NO2,46614,46614,11.363843119586,51.1499290466309,Q4 (11.4-51.1 units),5
