time_days,years_since_listing,cumulative_incidence,quartile,event,pollutant,quartile_group,quartile_label
0,0,0,1,Waitlist death,PM2.5,Q1,Q1 (2.3-7.2 ug/m3)
30.4375,0.08333333333333333,0.008406068847904416,1,Waitlist death,PM2.5,Q1,Q1 (2.3-7.2 ug/m3)
60.875,0.16666666666666666,0.0123090177817142,1,Waitlist death,PM2.5,Q1,Q1 (2.3-7.2 ug/m3)
91.3125,0.25,0.015427550062363694,1,Waitlist death,PM2.5,Q1,Q1 (2.3-7.2 ug/m3)
121.75,0.3333333333333333,0.017685198216908404,1,Waitlist death,PM2.5,Q1,Q1 (2.3-7.2 ug/m3)
152.1875,0.4166666666666667,0.019707917278977305,1,Waitlist death,PM2.5,Q1,Q1 (2.3-7.2 ug/m3)
182.625,0.5,0.021393710933327488,1,Waitlist death,PM2.5,Q1,Q1 (2.3-7.2 ug/m3)
213.0625,0.5833333333333334,0.022985000652400285,1,Waitlist death,PM2.5,Q1,Q1 (2.3-7.2 ug/m3)
243.5,0.6666666666666666,0.024406439718744514,1,Waitlist death,PM2.5,Q1,Q1 (2.3-7.2 ug/m3)
273.9375,0.75,0.025830853356212054,1,Waitlist death,PM2.5,Q1,Q1 (2.3-7.2 ug/m3)
304.375,0.8333333333333334,0.02730754539780245,1,Waitlist death,PM2.5,Q1,Q1 (2.3-7.2 ug/m3)
334.8125,0.9166666666666666,0.028674693724817547,1,Waitlist death,PM2.5,Q1,Q1 (2.3-7.2 ug/m3)
365.25,1,0.030045063281005778,1,Waitlist death,PM2.5,Q1,Q1 (2.3-7.2 ug/m3)
395.6875,1.0833333333333333,0.031365687310497534,1,Waitlist death,PM2.5,Q1,Q1 (2.3-7.2 ug/m3)
426.125,1.1666666666666667,0.03267533321191918,1,Waitlist death,PM2.5,Q1,Q1 (2.3-7.2 ug/m3)
456.5625,1.25,0.03394872769284001,1,Waitlist death,PM2.5,Q1,Q1 (2.3-7.2 ug/m3)
487,1.3333333333333333,0.03514813931183133,1,Waitlist death,PM2.5,Q1,Q1 (2.3-7.2 ug/m3)
517.4375,1.4166666666666667,0.0363878886842312,1,Waitlist death,PM2.5,Q1,Q1 (2.3-7.2 ug/m3)
547.875,1.5,0.03759068116428821,1,Waitlist death,PM2.5,Q1,Q1 (2.3-7.2 ug/m3)
578.3125,1.5833333333333333,0.03874981311710682,1,Waitlist death,PM2.5,Q1,Q1 (2.3-7.2 ug/m3)
608.75,1.6666666666666667,0.039906915452553385,1,Waitlist death,PM2.5,Q1,Q1 (2.3-7.2 ug/m3)
639.1875,1.75,0.041227351606071855,1,Waitlist death,PM2.5,Q1,Q1 (2.3-7.2 ug/m3)
669.625,1.8333333333333333,0.042430985970904805,1,Waitlist death,PM2.5,Q1,Q1 (2.3-7.2 ug/m3)
700.0625,1.9166666666666667,0.04369664977037058,1,Waitlist death,PM2.5,Q1,Q1 (2.3-7.2 ug/m3)
730.5,2,0.044920932807707925,1,Waitlist death,PM2.5,Q1,Q1 (2.3-7.2 ug/m3)
760.9375,2.0833333333333335,0.046167464651804754,1,Waitlist death,PM2.5,Q1,Q1 (2.3-7.2 ug/m3)
791.375,2.1666666666666665,0.04743844294164713,1,Waitlist death,PM2.5,Q1,Q1 (2.3-7.2 ug/m3)
821.8125,2.25,0.04862346886980669,1,Waitlist death,PM2.5,Q1,Q1 (2.3-7.2 ug/m3)
852.25,2.3333333333333335,0.049891432780196573,1,Waitlist death,PM2.5,Q1,Q1 (2.3-7.2 ug/m3)
882.6875,2.4166666666666665,0.05115120621604448,1,Waitlist death,PM2.5,Q1,Q1 (2.3-7.2 ug/m3)
913.125,2.5,0.0524401104687177,1,Waitlist death,PM2.5,Q1,Q1 (2.3-7.2 ug/m3)
943.5625,2.5833333333333335,0.05385209394897646,1,Waitlist death,PM2.5,Q1,Q1 (2.3-7.2 ug/m3)
974,2.6666666666666665,0.05521030116013566,1,Waitlist death,PM2.5,Q1,Q1 (2.3-7.2 ug/m3)
1004.4375,2.75,0.056482055386266966,1,Waitlist death,PM2.5,Q1,Q1 (2.3-7.2 ug/m3)
1034.875,2.8333333333333335,0.0575851112277727,1,Waitlist death,PM2.5,Q1,Q1 (2.3-7.2 ug/m3)
1065.3125,2.9166666666666665,0.058869108168413634,1,Waitlist death,PM2.5,Q1,Q1 (2.3-7.2 ug/m3)
1095.75,3,0.0599116786099471,1,Waitlist death,PM2.5,Q1,Q1 (2.3-7.2 ug/m3)
1126.1875,3.0833333333333335,0.06117106690037692,1,Waitlist death,PM2.5,Q1,Q1 (2.3-7.2 ug/m3)
1156.625,3.1666666666666665,0.062439910477660496,1,Waitlist death,PM2.5,Q1,Q1 (2.3-7.2 ug/m3)
1187.0625,3.25,0.06382964904637141,1,Waitlist death,PM2.5,Q1,Q1 (2.3-7.2 ug/m3)
1217.5,3.3333333333333335,0.06508706744840854,1,Waitlist death,PM2.5,Q1,Q1 (2.3-7.2 ug/m3)
1247.9375,3.4166666666666665,0.06655509095661943,1,Waitlist death,PM2.5,Q1,Q1 (2.3-7.2 ug/m3)
1278.375,3.5,0.06781395528050749,1,Waitlist death,PM2.5,Q1,Q1 (2.3-7.2 ug/m3)
1308.8125,3.5833333333333335,0.06912465113746821,1,Waitlist death,PM2.5,Q1,Q1 (2.3-7.2 ug/m3)
1339.25,3.6666666666666665,0.07045160748421037,1,Waitlist death,PM2.5,Q1,Q1 (2.3-7.2 ug/m3)
1369.6875,3.75,0.07174798817465594,1,Waitlist death,PM2.5,Q1,Q1 (2.3-7.2 ug/m3)
1400.125,3.8333333333333335,0.07306111608050407,1,Waitlist death,PM2.5,Q1,Q1 (2.3-7.2 ug/m3)
1430.5625,3.9166666666666665,0.07417169096769644,1,Waitlist death,PM2.5,Q1,Q1 (2.3-7.2 ug/m3)
1461,4,0.07537900981119905,1,Waitlist death,PM2.5,Q1,Q1 (2.3-7.2 ug/m3)
1491.4375,4.083333333333333,0.07645146785050007,1,Waitlist death,PM2.5,Q1,Q1 (2.3-7.2 ug/m3)
1521.875,4.166666666666667,0.07775149037903129,1,Waitlist death,PM2.5,Q1,Q1 (2.3-7.2 ug/m3)
1552.3125,4.25,0.07897834343006649,1,Waitlist death,PM2.5,Q1,Q1 (2.3-7.2 ug/m3)
1582.75,4.333333333333333,0.08016540986146765,1,Waitlist death,PM2.5,Q1,Q1 (2.3-7.2 ug/m3)
1613.1875,4.416666666666667,0.08122684737218086,1,Waitlist death,PM2.5,Q1,Q1 (2.3-7.2 ug/m3)
1643.625,4.5,0.0823090303236516,1,Waitlist death,PM2.5,Q1,Q1 (2.3-7.2 ug/m3)
1674.0625,4.583333333333333,0.08346749830007597,1,Waitlist death,PM2.5,Q1,Q1 (2.3-7.2 ug/m3)
1704.5,4.666666666666667,0.08441071059434721,1,Waitlist death,PM2.5,Q1,Q1 (2.3-7.2 ug/m3)
1734.9375,4.75,0.08545931731478144,1,Waitlist death,PM2.5,Q1,Q1 (2.3-7.2 ug/m3)
1765.375,4.833333333333333,0.0864725457515475,1,Waitlist death,PM2.5,Q1,Q1 (2.3-7.2 ug/m3)
1795.8125,4.916666666666667,0.08752165279319624,1,Waitlist death,PM2.5,Q1,Q1 (2.3-7.2 ug/m3)
1826.25,5,0.08859650975954515,1,Waitlist death,PM2.5,Q1,Q1 (2.3-7.2 ug/m3)
0,0,0,2,Waitlist death,PM2.5,Q2,Q2 (7.2-8.5 ug/m3)
30.4375,0.08333333333333333,0.00790079350801397,2,Waitlist death,PM2.5,Q2,Q2 (7.2-8.5 ug/m3)
60.875,0.16666666666666666,0.011662296818961857,2,Waitlist death,PM2.5,Q2,Q2 (7.2-8.5 ug/m3)
91.3125,0.25,0.01441852022894018,2,Waitlist death,PM2.5,Q2,Q2 (7.2-8.5 ug/m3)
121.75,0.3333333333333333,0.016496719084190946,2,Waitlist death,PM2.5,Q2,Q2 (7.2-8.5 ug/m3)
152.1875,0.4166666666666667,0.018574209994913007,2,Waitlist death,PM2.5,Q2,Q2 (7.2-8.5 ug/m3)
182.625,0.5,0.02033144252502358,2,Waitlist death,PM2.5,Q2,Q2 (7.2-8.5 ug/m3)
213.0625,0.5833333333333334,0.022168163864770822,2,Waitlist death,PM2.5,Q2,Q2 (7.2-8.5 ug/m3)
243.5,0.6666666666666666,0.02377087614789488,2,Waitlist death,PM2.5,Q2,Q2 (7.2-8.5 ug/m3)
273.9375,0.75,0.02521407947966696,2,Waitlist death,PM2.5,Q2,Q2 (7.2-8.5 ug/m3)
304.375,0.8333333333333334,0.026693819329235376,2,Waitlist death,PM2.5,Q2,Q2 (7.2-8.5 ug/m3)
334.8125,0.9166666666666666,0.02787557541343419,2,Waitlist death,PM2.5,Q2,Q2 (7.2-8.5 ug/m3)
365.25,1,0.029347979252012123,2,Waitlist death,PM2.5,Q2,Q2 (7.2-8.5 ug/m3)
395.6875,1.0833333333333333,0.030630490334272367,2,Waitlist death,PM2.5,Q2,Q2 (7.2-8.5 ug/m3)
426.125,1.1666666666666667,0.03187595369985516,2,Waitlist death,PM2.5,Q2,Q2 (7.2-8.5 ug/m3)
456.5625,1.25,0.03306352970594147,2,Waitlist death,PM2.5,Q2,Q2 (7.2-8.5 ug/m3)
487,1.3333333333333333,0.03437349569169129,2,Waitlist death,PM2.5,Q2,Q2 (7.2-8.5 ug/m3)
517.4375,1.4166666666666667,0.0355642464579214,2,Waitlist death,PM2.5,Q2,Q2 (7.2-8.5 ug/m3)
547.875,1.5,0.03658197385883819,2,Waitlist death,PM2.5,Q2,Q2 (7.2-8.5 ug/m3)
578.3125,1.5833333333333333,0.03768073649242183,2,Waitlist death,PM2.5,Q2,Q2 (7.2-8.5 ug/m3)
608.75,1.6666666666666667,0.03887268043590011,2,Waitlist death,PM2.5,Q2,Q2 (7.2-8.5 ug/m3)
639.1875,1.75,0.03998397574806467,2,Waitlist death,PM2.5,Q2,Q2 (7.2-8.5 ug/m3)
669.625,1.8333333333333333,0.041007965276795164,2,Waitlist death,PM2.5,Q2,Q2 (7.2-8.5 ug/m3)
700.0625,1.9166666666666667,0.042268105693499564,2,Waitlist death,PM2.5,Q2,Q2 (7.2-8.5 ug/m3)
730.5,2,0.04342123557533139,2,Waitlist death,PM2.5,Q2,Q2 (7.2-8.5 ug/m3)
760.9375,2.0833333333333335,0.04460876772596874,2,Waitlist death,PM2.5,Q2,Q2 (7.2-8.5 ug/m3)
791.375,2.1666666666666665,0.0459326650026701,2,Waitlist death,PM2.5,Q2,Q2 (7.2-8.5 ug/m3)
821.8125,2.25,0.04719762421182358,2,Waitlist death,PM2.5,Q2,Q2 (7.2-8.5 ug/m3)
852.25,2.3333333333333335,0.04834548266635407,2,Waitlist death,PM2.5,Q2,Q2 (7.2-8.5 ug/m3)
882.6875,2.4166666666666665,0.0496645446849068,2,Waitlist death,PM2.5,Q2,Q2 (7.2-8.5 ug/m3)
913.125,2.5,0.05084794596572076,2,Waitlist death,PM2.5,Q2,Q2 (7.2-8.5 ug/m3)
943.5625,2.5833333333333335,0.05210334591358032,2,Waitlist death,PM2.5,Q2,Q2 (7.2-8.5 ug/m3)
974,2.6666666666666665,0.05346305483519308,2,Waitlist death,PM2.5,Q2,Q2 (7.2-8.5 ug/m3)
1004.4375,2.75,0.05475131404334463,2,Waitlist death,PM2.5,Q2,Q2 (7.2-8.5 ug/m3)
1034.875,2.8333333333333335,0.05597246185139209,2,Waitlist death,PM2.5,Q2,Q2 (7.2-8.5 ug/m3)
1065.3125,2.9166666666666665,0.0572765148934565,2,Waitlist death,PM2.5,Q2,Q2 (7.2-8.5 ug/m3)
1095.75,3,0.058498790986223834,2,Waitlist death,PM2.5,Q2,Q2 (7.2-8.5 ug/m3)
1126.1875,3.0833333333333335,0.05980517042591351,2,Waitlist death,PM2.5,Q2,Q2 (7.2-8.5 ug/m3)
1156.625,3.1666666666666665,0.061022039667786604,2,Waitlist death,PM2.5,Q2,Q2 (7.2-8.5 ug/m3)
1187.0625,3.25,0.06223502607047662,2,Waitlist death,PM2.5,Q2,Q2 (7.2-8.5 ug/m3)
1217.5,3.3333333333333335,0.06350417601872346,2,Waitlist death,PM2.5,Q2,Q2 (7.2-8.5 ug/m3)
1247.9375,3.4166666666666665,0.0647970169074279,2,Waitlist death,PM2.5,Q2,Q2 (7.2-8.5 ug/m3)
1278.375,3.5,0.0659784704227461,2,Waitlist death,PM2.5,Q2,Q2 (7.2-8.5 ug/m3)
1308.8125,3.5833333333333335,0.0671328129680271,2,Waitlist death,PM2.5,Q2,Q2 (7.2-8.5 ug/m3)
1339.25,3.6666666666666665,0.06846152944355374,2,Waitlist death,PM2.5,Q2,Q2 (7.2-8.5 ug/m3)
1369.6875,3.75,0.0696430307458844,2,Waitlist death,PM2.5,Q2,Q2 (7.2-8.5 ug/m3)
1400.125,3.8333333333333335,0.07078237254985023,2,Waitlist death,PM2.5,Q2,Q2 (7.2-8.5 ug/m3)
1430.5625,3.9166666666666665,0.07193195771740274,2,Waitlist death,PM2.5,Q2,Q2 (7.2-8.5 ug/m3)
1461,4,0.0730316410602713,2,Waitlist death,PM2.5,Q2,Q2 (7.2-8.5 ug/m3)
1491.4375,4.083333333333333,0.07419283667040674,2,Waitlist death,PM2.5,Q2,Q2 (7.2-8.5 ug/m3)
1521.875,4.166666666666667,0.07534732648679475,2,Waitlist death,PM2.5,Q2,Q2 (7.2-8.5 ug/m3)
1552.3125,4.25,0.07649673679186506,2,Waitlist death,PM2.5,Q2,Q2 (7.2-8.5 ug/m3)
1582.75,4.333333333333333,0.07768789391545039,2,Waitlist death,PM2.5,Q2,Q2 (7.2-8.5 ug/m3)
1613.1875,4.416666666666667,0.07882511115546502,2,Waitlist death,PM2.5,Q2,Q2 (7.2-8.5 ug/m3)
1643.625,4.5,0.07997698514344251,2,Waitlist death,PM2.5,Q2,Q2 (7.2-8.5 ug/m3)
1674.0625,4.583333333333333,0.08118757419466131,2,Waitlist death,PM2.5,Q2,Q2 (7.2-8.5 ug/m3)
1704.5,4.666666666666667,0.08238806486378394,2,Waitlist death,PM2.5,Q2,Q2 (7.2-8.5 ug/m3)
1734.9375,4.75,0.08333499482613824,2,Waitlist death,PM2.5,Q2,Q2 (7.2-8.5 ug/m3)
1765.375,4.833333333333333,0.08430417058408256,2,Waitlist death,PM2.5,Q2,Q2 (7.2-8.5 ug/m3)
1795.8125,4.916666666666667,0.08544379309368152,2,Waitlist death,PM2.5,Q2,Q2 (7.2-8.5 ug/m3)
1826.25,5,0.08644835483699664,2,Waitlist death,PM2.5,Q2,Q2 (7.2-8.5 ug/m3)
0,0,0,3,Waitlist death,PM2.5,Q3,Q3 (8.5-10 ug/m3)
30.4375,0.08333333333333333,0.008884280447215757,3,Waitlist death,PM2.5,Q3,Q3 (8.5-10 ug/m3)
60.875,0.16666666666666666,0.013008567824395995,3,Waitlist death,PM2.5,Q3,Q3 (8.5-10 ug/m3)
91.3125,0.25,0.016159835845732155,3,Waitlist death,PM2.5,Q3,Q3 (8.5-10 ug/m3)
121.75,0.3333333333333333,0.018860841144363434,3,Waitlist death,PM2.5,Q3,Q3 (8.5-10 ug/m3)
152.1875,0.4166666666666667,0.02136494044096312,3,Waitlist death,PM2.5,Q3,Q3 (8.5-10 ug/m3)
182.625,0.5,0.023579829775875923,3,Waitlist death,PM2.5,Q3,Q3 (8.5-10 ug/m3)
213.0625,0.5833333333333334,0.025547738306268445,3,Waitlist death,PM2.5,Q3,Q3 (8.5-10 ug/m3)
243.5,0.6666666666666666,0.027441648098997407,3,Waitlist death,PM2.5,Q3,Q3 (8.5-10 ug/m3)
273.9375,0.75,0.029290217950630547,3,Waitlist death,PM2.5,Q3,Q3 (8.5-10 ug/m3)
304.375,0.8333333333333334,0.03098134189083163,3,Waitlist death,PM2.5,Q3,Q3 (8.5-10 ug/m3)
334.8125,0.9166666666666666,0.03266109330186845,3,Waitlist death,PM2.5,Q3,Q3 (8.5-10 ug/m3)
365.25,1,0.034271650141838236,3,Waitlist death,PM2.5,Q3,Q3 (8.5-10 ug/m3)
395.6875,1.0833333333333333,0.036016968928887616,3,Waitlist death,PM2.5,Q3,Q3 (8.5-10 ug/m3)
426.125,1.1666666666666667,0.03751276935402992,3,Waitlist death,PM2.5,Q3,Q3 (8.5-10 ug/m3)
456.5625,1.25,0.039017047530959664,3,Waitlist death,PM2.5,Q3,Q3 (8.5-10 ug/m3)
487,1.3333333333333333,0.04053490547070719,3,Waitlist death,PM2.5,Q3,Q3 (8.5-10 ug/m3)
517.4375,1.4166666666666667,0.04206821446745333,3,Waitlist death,PM2.5,Q3,Q3 (8.5-10 ug/m3)
547.875,1.5,0.043561738639245624,3,Waitlist death,PM2.5,Q3,Q3 (8.5-10 ug/m3)
578.3125,1.5833333333333333,0.04511271330971793,3,Waitlist death,PM2.5,Q3,Q3 (8.5-10 ug/m3)
608.75,1.6666666666666667,0.046494780732447345,3,Waitlist death,PM2.5,Q3,Q3 (8.5-10 ug/m3)
639.1875,1.75,0.0480388435521841,3,Waitlist death,PM2.5,Q3,Q3 (8.5-10 ug/m3)
669.625,1.8333333333333333,0.04948178787973877,3,Waitlist death,PM2.5,Q3,Q3 (8.5-10 ug/m3)
700.0625,1.9166666666666667,0.05096732226732016,3,Waitlist death,PM2.5,Q3,Q3 (8.5-10 ug/m3)
730.5,2,0.052504860501767586,3,Waitlist death,PM2.5,Q3,Q3 (8.5-10 ug/m3)
760.9375,2.0833333333333335,0.053892050808066916,3,Waitlist death,PM2.5,Q3,Q3 (8.5-10 ug/m3)
791.375,2.1666666666666665,0.05534945566662669,3,Waitlist death,PM2.5,Q3,Q3 (8.5-10 ug/m3)
821.8125,2.25,0.056672139999746074,3,Waitlist death,PM2.5,Q3,Q3 (8.5-10 ug/m3)
852.25,2.3333333333333335,0.05811210929441045,3,Waitlist death,PM2.5,Q3,Q3 (8.5-10 ug/m3)
882.6875,2.4166666666666665,0.0595546078964314,3,Waitlist death,PM2.5,Q3,Q3 (8.5-10 ug/m3)
913.125,2.5,0.061008043333316525,3,Waitlist death,PM2.5,Q3,Q3 (8.5-10 ug/m3)
943.5625,2.5833333333333335,0.06216477639559764,3,Waitlist death,PM2.5,Q3,Q3 (8.5-10 ug/m3)
974,2.6666666666666665,0.06362612395031692,3,Waitlist death,PM2.5,Q3,Q3 (8.5-10 ug/m3)
1004.4375,2.75,0.0650610402575207,3,Waitlist death,PM2.5,Q3,Q3 (8.5-10 ug/m3)
1034.875,2.8333333333333335,0.0665702209437252,3,Waitlist death,PM2.5,Q3,Q3 (8.5-10 ug/m3)
1065.3125,2.9166666666666665,0.06794082145255281,3,Waitlist death,PM2.5,Q3,Q3 (8.5-10 ug/m3)
1095.75,3,0.06932541244563149,3,Waitlist death,PM2.5,Q3,Q3 (8.5-10 ug/m3)
1126.1875,3.0833333333333335,0.07073219021327612,3,Waitlist death,PM2.5,Q3,Q3 (8.5-10 ug/m3)
1156.625,3.1666666666666665,0.07207257532368702,3,Waitlist death,PM2.5,Q3,Q3 (8.5-10 ug/m3)
1187.0625,3.25,0.07343536916640742,3,Waitlist death,PM2.5,Q3,Q3 (8.5-10 ug/m3)
1217.5,3.3333333333333335,0.07482941477068591,3,Waitlist death,PM2.5,Q3,Q3 (8.5-10 ug/m3)
1247.9375,3.4166666666666665,0.07620864752415321,3,Waitlist death,PM2.5,Q3,Q3 (8.5-10 ug/m3)
1278.375,3.5,0.0775427722166998,3,Waitlist death,PM2.5,Q3,Q3 (8.5-10 ug/m3)
1308.8125,3.5833333333333335,0.078908072265204,3,Waitlist death,PM2.5,Q3,Q3 (8.5-10 ug/m3)
1339.25,3.6666666666666665,0.0803179290281547,3,Waitlist death,PM2.5,Q3,Q3 (8.5-10 ug/m3)
1369.6875,3.75,0.08166537843328689,3,Waitlist death,PM2.5,Q3,Q3 (8.5-10 ug/m3)
1400.125,3.8333333333333335,0.08321440610895814,3,Waitlist death,PM2.5,Q3,Q3 (8.5-10 ug/m3)
1430.5625,3.9166666666666665,0.08442519162104625,3,Waitlist death,PM2.5,Q3,Q3 (8.5-10 ug/m3)
1461,4,0.08586231679196796,3,Waitlist death,PM2.5,Q3,Q3 (8.5-10 ug/m3)
1491.4375,4.083333333333333,0.08715254333123887,3,Waitlist death,PM2.5,Q3,Q3 (8.5-10 ug/m3)
1521.875,4.166666666666667,0.08836142724621658,3,Waitlist death,PM2.5,Q3,Q3 (8.5-10 ug/m3)
1552.3125,4.25,0.08955646403256814,3,Waitlist death,PM2.5,Q3,Q3 (8.5-10 ug/m3)
1582.75,4.333333333333333,0.09088919474752094,3,Waitlist death,PM2.5,Q3,Q3 (8.5-10 ug/m3)
1613.1875,4.416666666666667,0.09211631715653734,3,Waitlist death,PM2.5,Q3,Q3 (8.5-10 ug/m3)
1643.625,4.5,0.09349239713737031,3,Waitlist death,PM2.5,Q3,Q3 (8.5-10 ug/m3)
1674.0625,4.583333333333333,0.09471422324229145,3,Waitlist death,PM2.5,Q3,Q3 (8.5-10 ug/m3)
1704.5,4.666666666666667,0.09598241962079965,3,Waitlist death,PM2.5,Q3,Q3 (8.5-10 ug/m3)
1734.9375,4.75,0.09722060646493574,3,Waitlist death,PM2.5,Q3,Q3 (8.5-10 ug/m3)
1765.375,4.833333333333333,0.09852346021266088,3,Waitlist death,PM2.5,Q3,Q3 (8.5-10 ug/m3)
1795.8125,4.916666666666667,0.09961414953310462,3,Waitlist death,PM2.5,Q3,Q3 (8.5-10 ug/m3)
1826.25,5,0.10083440037645547,3,Waitlist death,PM2.5,Q3,Q3 (8.5-10 ug/m3)
0,0,0,4,Waitlist death,PM2.5,Q4,Q4 (10-59.2 ug/m3)
30.4375,0.08333333333333333,0.010863023241437158,4,Waitlist death,PM2.5,Q4,Q4 (10-59.2 ug/m3)
60.875,0.16666666666666666,0.015609792073457272,4,Waitlist death,PM2.5,Q4,Q4 (10-59.2 ug/m3)
91.3125,0.25,0.0191419137790775,4,Waitlist death,PM2.5,Q4,Q4 (10-59.2 ug/m3)
121.75,0.3333333333333333,0.02207802838992031,4,Waitlist death,PM2.5,Q4,Q4 (10-59.2 ug/m3)
152.1875,0.4166666666666667,0.024872635109810658,4,Waitlist death,PM2.5,Q4,Q4 (10-59.2 ug/m3)
182.625,0.5,0.027307680467016513,4,Waitlist death,PM2.5,Q4,Q4 (10-59.2 ug/m3)
213.0625,0.5833333333333334,0.02972581936467811,4,Waitlist death,PM2.5,Q4,Q4 (10-59.2 ug/m3)
243.5,0.6666666666666666,0.031818599050324366,4,Waitlist death,PM2.5,Q4,Q4 (10-59.2 ug/m3)
273.9375,0.75,0.033874045572418174,4,Waitlist death,PM2.5,Q4,Q4 (10-59.2 ug/m3)
304.375,0.8333333333333334,0.03596847695784687,4,Waitlist death,PM2.5,Q4,Q4 (10-59.2 ug/m3)
334.8125,0.9166666666666666,0.037977564394363075,4,Waitlist death,PM2.5,Q4,Q4 (10-59.2 ug/m3)
365.25,1,0.03981916024529929,4,Waitlist death,PM2.5,Q4,Q4 (10-59.2 ug/m3)
395.6875,1.0833333333333333,0.0416812099738265,4,Waitlist death,PM2.5,Q4,Q4 (10-59.2 ug/m3)
426.125,1.1666666666666667,0.04361611203508943,4,Waitlist death,PM2.5,Q4,Q4 (10-59.2 ug/m3)
456.5625,1.25,0.04548775398332401,4,Waitlist death,PM2.5,Q4,Q4 (10-59.2 ug/m3)
487,1.3333333333333333,0.0474275455066099,4,Waitlist death,PM2.5,Q4,Q4 (10-59.2 ug/m3)
517.4375,1.4166666666666667,0.04929002277656702,4,Waitlist death,PM2.5,Q4,Q4 (10-59.2 ug/m3)
547.875,1.5,0.0511909462835046,4,Waitlist death,PM2.5,Q4,Q4 (10-59.2 ug/m3)
578.3125,1.5833333333333333,0.05299032611633818,4,Waitlist death,PM2.5,Q4,Q4 (10-59.2 ug/m3)
608.75,1.6666666666666667,0.05479145250234644,4,Waitlist death,PM2.5,Q4,Q4 (10-59.2 ug/m3)
639.1875,1.75,0.05671639676548324,4,Waitlist death,PM2.5,Q4,Q4 (10-59.2 ug/m3)
669.625,1.8333333333333333,0.0584128352926202,4,Waitlist death,PM2.5,Q4,Q4 (10-59.2 ug/m3)
700.0625,1.9166666666666667,0.060301216482437914,4,Waitlist death,PM2.5,Q4,Q4 (10-59.2 ug/m3)
730.5,2,0.06227594521461784,4,Waitlist death,PM2.5,Q4,Q4 (10-59.2 ug/m3)
760.9375,2.0833333333333335,0.06394768074551516,4,Waitlist death,PM2.5,Q4,Q4 (10-59.2 ug/m3)
791.375,2.1666666666666665,0.0657192047840199,4,Waitlist death,PM2.5,Q4,Q4 (10-59.2 ug/m3)
821.8125,2.25,0.06747509672776467,4,Waitlist death,PM2.5,Q4,Q4 (10-59.2 ug/m3)
852.25,2.3333333333333335,0.06936818656176527,4,Waitlist death,PM2.5,Q4,Q4 (10-59.2 ug/m3)
882.6875,2.4166666666666665,0.07102505879584248,4,Waitlist death,PM2.5,Q4,Q4 (10-59.2 ug/m3)
913.125,2.5,0.07279641528618352,4,Waitlist death,PM2.5,Q4,Q4 (10-59.2 ug/m3)
943.5625,2.5833333333333335,0.07447276194517208,4,Waitlist death,PM2.5,Q4,Q4 (10-59.2 ug/m3)
974,2.6666666666666665,0.07622330610446204,4,Waitlist death,PM2.5,Q4,Q4 (10-59.2 ug/m3)
1004.4375,2.75,0.07788426597504838,4,Waitlist death,PM2.5,Q4,Q4 (10-59.2 ug/m3)
1034.875,2.8333333333333335,0.07943995938016807,4,Waitlist death,PM2.5,Q4,Q4 (10-59.2 ug/m3)
1065.3125,2.9166666666666665,0.08091238255556973,4,Waitlist death,PM2.5,Q4,Q4 (10-59.2 ug/m3)
1095.75,3,0.08257486251293548,4,Waitlist death,PM2.5,Q4,Q4 (10-59.2 ug/m3)
1126.1875,3.0833333333333335,0.08419725078131397,4,Waitlist death,PM2.5,Q4,Q4 (10-59.2 ug/m3)
1156.625,3.1666666666666665,0.0857240762420582,4,Waitlist death,PM2.5,Q4,Q4 (10-59.2 ug/m3)
1187.0625,3.25,0.08737070364885921,4,Waitlist death,PM2.5,Q4,Q4 (10-59.2 ug/m3)
1217.5,3.3333333333333335,0.08888919899863555,4,Waitlist death,PM2.5,Q4,Q4 (10-59.2 ug/m3)
1247.9375,3.4166666666666665,0.09027130486301854,4,Waitlist death,PM2.5,Q4,Q4 (10-59.2 ug/m3)
1278.375,3.5,0.09165353147943386,4,Waitlist death,PM2.5,Q4,Q4 (10-59.2 ug/m3)
1308.8125,3.5833333333333335,0.09310200329872154,4,Waitlist death,PM2.5,Q4,Q4 (10-59.2 ug/m3)
1339.25,3.6666666666666665,0.0946341849565712,4,Waitlist death,PM2.5,Q4,Q4 (10-59.2 ug/m3)
1369.6875,3.75,0.09586567297043311,4,Waitlist death,PM2.5,Q4,Q4 (10-59.2 ug/m3)
1400.125,3.8333333333333335,0.09728381175078799,4,Waitlist death,PM2.5,Q4,Q4 (10-59.2 ug/m3)
1430.5625,3.9166666666666665,0.09869316744533739,4,Waitlist death,PM2.5,Q4,Q4 (10-59.2 ug/m3)
1461,4,0.10025270948837949,4,Waitlist death,PM2.5,Q4,Q4 (10-59.2 ug/m3)
1491.4375,4.083333333333333,0.10153215408454133,4,Waitlist death,PM2.5,Q4,Q4 (10-59.2 ug/m3)
1521.875,4.166666666666667,0.10286770255380684,4,Waitlist death,PM2.5,Q4,Q4 (10-59.2 ug/m3)
1552.3125,4.25,0.10414909992048939,4,Waitlist death,PM2.5,Q4,Q4 (10-59.2 ug/m3)
1582.75,4.333333333333333,0.1054196299066805,4,Waitlist death,PM2.5,Q4,Q4 (10-59.2 ug/m3)
1613.1875,4.416666666666667,0.10665190024189201,4,Waitlist death,PM2.5,Q4,Q4 (10-59.2 ug/m3)
1643.625,4.5,0.10792987304061855,4,Waitlist death,PM2.5,Q4,Q4 (10-59.2 ug/m3)
1674.0625,4.583333333333333,0.10920612347575363,4,Waitlist death,PM2.5,Q4,Q4 (10-59.2 ug/m3)
1704.5,4.666666666666667,0.11042453835545346,4,Waitlist death,PM2.5,Q4,Q4 (10-59.2 ug/m3)
1734.9375,4.75,0.11164609306310427,4,Waitlist death,PM2.5,Q4,Q4 (10-59.2 ug/m3)
1765.375,4.833333333333333,0.11290726314790617,4,Waitlist death,PM2.5,Q4,Q4 (10-59.2 ug/m3)
1795.8125,4.916666666666667,0.11407904414065147,4,Waitlist death,PM2.5,Q4,Q4 (10-59.2 ug/m3)
1826.25,5,0.1153402255787388,4,Waitlist death,PM2.5,Q4,Q4 (10-59.2 ug/m3)
0,0,0,1,Transplant,PM2.5,Q1,Q1 (2.3-7.2 ug/m3)
30.4375,0.08333333333333333,0.09957186609163117,1,Transplant,PM2.5,Q1,Q1 (2.3-7.2 ug/m3)
60.875,0.16666666666666666,0.13722106847885068,1,Transplant,PM2.5,Q1,Q1 (2.3-7.2 ug/m3)
91.3125,0.25,0.16568911832621339,1,Transplant,PM2.5,Q1,Q1 (2.3-7.2 ug/m3)
121.75,0.3333333333333333,0.18894806676716655,1,Transplant,PM2.5,Q1,Q1 (2.3-7.2 ug/m3)
152.1875,0.4166666666666667,0.20942522587111168,1,Transplant,PM2.5,Q1,Q1 (2.3-7.2 ug/m3)
182.625,0.5,0.22717417750033686,1,Transplant,PM2.5,Q1,Q1 (2.3-7.2 ug/m3)
213.0625,0.5833333333333334,0.246042317942471,1,Transplant,PM2.5,Q1,Q1 (2.3-7.2 ug/m3)
243.5,0.6666666666666666,0.2627896229935469,1,Transplant,PM2.5,Q1,Q1 (2.3-7.2 ug/m3)
273.9375,0.75,0.27823422671412246,1,Transplant,PM2.5,Q1,Q1 (2.3-7.2 ug/m3)
304.375,0.8333333333333334,0.2927402808185251,1,Transplant,PM2.5,Q1,Q1 (2.3-7.2 ug/m3)
334.8125,0.9166666666666666,0.30565950562356825,1,Transplant,PM2.5,Q1,Q1 (2.3-7.2 ug/m3)
365.25,1,0.3181567999668895,1,Transplant,PM2.5,Q1,Q1 (2.3-7.2 ug/m3)
395.6875,1.0833333333333333,0.330118703723695,1,Transplant,PM2.5,Q1,Q1 (2.3-7.2 ug/m3)
426.125,1.1666666666666667,0.3418580893604926,1,Transplant,PM2.5,Q1,Q1 (2.3-7.2 ug/m3)
456.5625,1.25,0.3524710518650897,1,Transplant,PM2.5,Q1,Q1 (2.3-7.2 ug/m3)
487,1.3333333333333333,0.36280892243380647,1,Transplant,PM2.5,Q1,Q1 (2.3-7.2 ug/m3)
517.4375,1.4166666666666667,0.3725962828483991,1,Transplant,PM2.5,Q1,Q1 (2.3-7.2 ug/m3)
547.875,1.5,0.3817885470504462,1,Transplant,PM2.5,Q1,Q1 (2.3-7.2 ug/m3)
578.3125,1.5833333333333333,0.39083784411505695,1,Transplant,PM2.5,Q1,Q1 (2.3-7.2 ug/m3)
608.75,1.6666666666666667,0.3993107380554384,1,Transplant,PM2.5,Q1,Q1 (2.3-7.2 ug/m3)
639.1875,1.75,0.40795232098242395,1,Transplant,PM2.5,Q1,Q1 (2.3-7.2 ug/m3)
669.625,1.8333333333333333,0.41587847316232046,1,Transplant,PM2.5,Q1,Q1 (2.3-7.2 ug/m3)
700.0625,1.9166666666666667,0.4239991454448705,1,Transplant,PM2.5,Q1,Q1 (2.3-7.2 ug/m3)
730.5,2,0.4314860277073697,1,Transplant,PM2.5,Q1,Q1 (2.3-7.2 ug/m3)
760.9375,2.0833333333333335,0.43916775971229827,1,Transplant,PM2.5,Q1,Q1 (2.3-7.2 ug/m3)
791.375,2.1666666666666665,0.4467748857053812,1,Transplant,PM2.5,Q1,Q1 (2.3-7.2 ug/m3)
821.8125,2.25,0.45438926780816646,1,Transplant,PM2.5,Q1,Q1 (2.3-7.2 ug/m3)
852.25,2.3333333333333335,0.46188017052989194,1,Transplant,PM2.5,Q1,Q1 (2.3-7.2 ug/m3)
882.6875,2.4166666666666665,0.4691152062760793,1,Transplant,PM2.5,Q1,Q1 (2.3-7.2 ug/m3)
913.125,2.5,0.47656286710936263,1,Transplant,PM2.5,Q1,Q1 (2.3-7.2 ug/m3)
943.5625,2.5833333333333335,0.4834663458422319,1,Transplant,PM2.5,Q1,Q1 (2.3-7.2 ug/m3)
974,2.6666666666666665,0.4904665604290228,1,Transplant,PM2.5,Q1,Q1 (2.3-7.2 ug/m3)
1004.4375,2.75,0.49743526486048345,1,Transplant,PM2.5,Q1,Q1 (2.3-7.2 ug/m3)
1034.875,2.8333333333333335,0.5041157844947838,1,Transplant,PM2.5,Q1,Q1 (2.3-7.2 ug/m3)
1065.3125,2.9166666666666665,0.511062982935373,1,Transplant,PM2.5,Q1,Q1 (2.3-7.2 ug/m3)
1095.75,3,0.5176074369855359,1,Transplant,PM2.5,Q1,Q1 (2.3-7.2 ug/m3)
1126.1875,3.0833333333333335,0.5239285810323819,1,Transplant,PM2.5,Q1,Q1 (2.3-7.2 ug/m3)
1156.625,3.1666666666666665,0.5306453961907077,1,Transplant,PM2.5,Q1,Q1 (2.3-7.2 ug/m3)
1187.0625,3.25,0.5369961203091688,1,Transplant,PM2.5,Q1,Q1 (2.3-7.2 ug/m3)
1217.5,3.3333333333333335,0.5432234965423813,1,Transplant,PM2.5,Q1,Q1 (2.3-7.2 ug/m3)
1247.9375,3.4166666666666665,0.549220050718644,1,Transplant,PM2.5,Q1,Q1 (2.3-7.2 ug/m3)
1278.375,3.5,0.5554049505152854,1,Transplant,PM2.5,Q1,Q1 (2.3-7.2 ug/m3)
1308.8125,3.5833333333333335,0.5611145396967481,1,Transplant,PM2.5,Q1,Q1 (2.3-7.2 ug/m3)
1339.25,3.6666666666666665,0.5674974655751612,1,Transplant,PM2.5,Q1,Q1 (2.3-7.2 ug/m3)
1369.6875,3.75,0.5734817723640446,1,Transplant,PM2.5,Q1,Q1 (2.3-7.2 ug/m3)
1400.125,3.8333333333333335,0.5792810067629155,1,Transplant,PM2.5,Q1,Q1 (2.3-7.2 ug/m3)
1430.5625,3.9166666666666665,0.5849939080425691,1,Transplant,PM2.5,Q1,Q1 (2.3-7.2 ug/m3)
1461,4,0.5913095829550152,1,Transplant,PM2.5,Q1,Q1 (2.3-7.2 ug/m3)
1491.4375,4.083333333333333,0.5971497195497404,1,Transplant,PM2.5,Q1,Q1 (2.3-7.2 ug/m3)
1521.875,4.166666666666667,0.6030511546838533,1,Transplant,PM2.5,Q1,Q1 (2.3-7.2 ug/m3)
1552.3125,4.25,0.6092729187866897,1,Transplant,PM2.5,Q1,Q1 (2.3-7.2 ug/m3)
1582.75,4.333333333333333,0.6150565503705656,1,Transplant,PM2.5,Q1,Q1 (2.3-7.2 ug/m3)
1613.1875,4.416666666666667,0.621124962185991,1,Transplant,PM2.5,Q1,Q1 (2.3-7.2 ug/m3)
1643.625,4.5,0.62702450962894,1,Transplant,PM2.5,Q1,Q1 (2.3-7.2 ug/m3)
1674.0625,4.583333333333333,0.6324138791299945,1,Transplant,PM2.5,Q1,Q1 (2.3-7.2 ug/m3)
1704.5,4.666666666666667,0.6378636714389478,1,Transplant,PM2.5,Q1,Q1 (2.3-7.2 ug/m3)
1734.9375,4.75,0.6432096894998989,1,Transplant,PM2.5,Q1,Q1 (2.3-7.2 ug/m3)
1765.375,4.833333333333333,0.6485244012784886,1,Transplant,PM2.5,Q1,Q1 (2.3-7.2 ug/m3)
1795.8125,4.916666666666667,0.6537224034894958,1,Transplant,PM2.5,Q1,Q1 (2.3-7.2 ug/m3)
1826.25,5,0.6588638043242436,1,Transplant,PM2.5,Q1,Q1 (2.3-7.2 ug/m3)
0,0,0,2,Transplant,PM2.5,Q2,Q2 (7.2-8.5 ug/m3)
30.4375,0.08333333333333333,0.09651187740771056,2,Transplant,PM2.5,Q2,Q2 (7.2-8.5 ug/m3)
60.875,0.16666666666666666,0.1342613742267502,2,Transplant,PM2.5,Q2,Q2 (7.2-8.5 ug/m3)
91.3125,0.25,0.16271871889035083,2,Transplant,PM2.5,Q2,Q2 (7.2-8.5 ug/m3)
121.75,0.3333333333333333,0.18563580300767657,2,Transplant,PM2.5,Q2,Q2 (7.2-8.5 ug/m3)
152.1875,0.4166666666666667,0.20526922801873787,2,Transplant,PM2.5,Q2,Q2 (7.2-8.5 ug/m3)
182.625,0.5,0.2224090401128501,2,Transplant,PM2.5,Q2,Q2 (7.2-8.5 ug/m3)
213.0625,0.5833333333333334,0.24024406429106676,2,Transplant,PM2.5,Q2,Q2 (7.2-8.5 ug/m3)
243.5,0.6666666666666666,0.2561445203893472,2,Transplant,PM2.5,Q2,Q2 (7.2-8.5 ug/m3)
273.9375,0.75,0.27020244830329865,2,Transplant,PM2.5,Q2,Q2 (7.2-8.5 ug/m3)
304.375,0.8333333333333334,0.2839402733451699,2,Transplant,PM2.5,Q2,Q2 (7.2-8.5 ug/m3)
334.8125,0.9166666666666666,0.295795573638158,2,Transplant,PM2.5,Q2,Q2 (7.2-8.5 ug/m3)
365.25,1,0.307376148633995,2,Transplant,PM2.5,Q2,Q2 (7.2-8.5 ug/m3)
395.6875,1.0833333333333333,0.31781581540044296,2,Transplant,PM2.5,Q2,Q2 (7.2-8.5 ug/m3)
426.125,1.1666666666666667,0.3284860854315622,2,Transplant,PM2.5,Q2,Q2 (7.2-8.5 ug/m3)
456.5625,1.25,0.3380956227163134,2,Transplant,PM2.5,Q2,Q2 (7.2-8.5 ug/m3)
487,1.3333333333333333,0.3479421529575276,2,Transplant,PM2.5,Q2,Q2 (7.2-8.5 ug/m3)
517.4375,1.4166666666666667,0.3568844726381989,2,Transplant,PM2.5,Q2,Q2 (7.2-8.5 ug/m3)
547.875,1.5,0.36542757691221095,2,Transplant,PM2.5,Q2,Q2 (7.2-8.5 ug/m3)
578.3125,1.5833333333333333,0.37377465752167094,2,Transplant,PM2.5,Q2,Q2 (7.2-8.5 ug/m3)
608.75,1.6666666666666667,0.3817906114827229,2,Transplant,PM2.5,Q2,Q2 (7.2-8.5 ug/m3)
639.1875,1.75,0.38998976148776476,2,Transplant,PM2.5,Q2,Q2 (7.2-8.5 ug/m3)
669.625,1.8333333333333333,0.39755124303536715,2,Transplant,PM2.5,Q2,Q2 (7.2-8.5 ug/m3)
700.0625,1.9166666666666667,0.4049651989044696,2,Transplant,PM2.5,Q2,Q2 (7.2-8.5 ug/m3)
730.5,2,0.4119739187232737,2,Transplant,PM2.5,Q2,Q2 (7.2-8.5 ug/m3)
760.9375,2.0833333333333335,0.41920139864341566,2,Transplant,PM2.5,Q2,Q2 (7.2-8.5 ug/m3)
791.375,2.1666666666666665,0.4269099250610223,2,Transplant,PM2.5,Q2,Q2 (7.2-8.5 ug/m3)
821.8125,2.25,0.43355248977478245,2,Transplant,PM2.5,Q2,Q2 (7.2-8.5 ug/m3)
852.25,2.3333333333333335,0.44038602413117756,2,Transplant,PM2.5,Q2,Q2 (7.2-8.5 ug/m3)
882.6875,2.4166666666666665,0.4473505465577483,2,Transplant,PM2.5,Q2,Q2 (7.2-8.5 ug/m3)
913.125,2.5,0.45416323074433074,2,Transplant,PM2.5,Q2,Q2 (7.2-8.5 ug/m3)
943.5625,2.5833333333333335,0.4603067071388669,2,Transplant,PM2.5,Q2,Q2 (7.2-8.5 ug/m3)
974,2.6666666666666665,0.4669196071784806,2,Transplant,PM2.5,Q2,Q2 (7.2-8.5 ug/m3)
1004.4375,2.75,0.47327166418448424,2,Transplant,PM2.5,Q2,Q2 (7.2-8.5 ug/m3)
1034.875,2.8333333333333335,0.47973381129040527,2,Transplant,PM2.5,Q2,Q2 (7.2-8.5 ug/m3)
1065.3125,2.9166666666666665,0.48613313622604204,2,Transplant,PM2.5,Q2,Q2 (7.2-8.5 ug/m3)
1095.75,3,0.4922442796404536,2,Transplant,PM2.5,Q2,Q2 (7.2-8.5 ug/m3)
1126.1875,3.0833333333333335,0.4985095412824817,2,Transplant,PM2.5,Q2,Q2 (7.2-8.5 ug/m3)
1156.625,3.1666666666666665,0.504230656694993,2,Transplant,PM2.5,Q2,Q2 (7.2-8.5 ug/m3)
1187.0625,3.25,0.5101672264410111,2,Transplant,PM2.5,Q2,Q2 (7.2-8.5 ug/m3)
1217.5,3.3333333333333335,0.5157026775382763,2,Transplant,PM2.5,Q2,Q2 (7.2-8.5 ug/m3)
1247.9375,3.4166666666666665,0.5214419111148112,2,Transplant,PM2.5,Q2,Q2 (7.2-8.5 ug/m3)
1278.375,3.5,0.5275302488521039,2,Transplant,PM2.5,Q2,Q2 (7.2-8.5 ug/m3)
1308.8125,3.5833333333333335,0.5331774158573197,2,Transplant,PM2.5,Q2,Q2 (7.2-8.5 ug/m3)
1339.25,3.6666666666666665,0.5390790554521826,2,Transplant,PM2.5,Q2,Q2 (7.2-8.5 ug/m3)
1369.6875,3.75,0.5448832999143909,2,Transplant,PM2.5,Q2,Q2 (7.2-8.5 ug/m3)
1400.125,3.8333333333333335,0.5506416346202802,2,Transplant,PM2.5,Q2,Q2 (7.2-8.5 ug/m3)
1430.5625,3.9166666666666665,0.5559916111322425,2,Transplant,PM2.5,Q2,Q2 (7.2-8.5 ug/m3)
1461,4,0.5619534027957453,2,Transplant,PM2.5,Q2,Q2 (7.2-8.5 ug/m3)
1491.4375,4.083333333333333,0.5676517100508089,2,Transplant,PM2.5,Q2,Q2 (7.2-8.5 ug/m3)
1521.875,4.166666666666667,0.5730694352759333,2,Transplant,PM2.5,Q2,Q2 (7.2-8.5 ug/m3)
1552.3125,4.25,0.5790245602982518,2,Transplant,PM2.5,Q2,Q2 (7.2-8.5 ug/m3)
1582.75,4.333333333333333,0.5842647586786895,2,Transplant,PM2.5,Q2,Q2 (7.2-8.5 ug/m3)
1613.1875,4.416666666666667,0.5902559993128984,2,Transplant,PM2.5,Q2,Q2 (7.2-8.5 ug/m3)
1643.625,4.5,0.5957959295280684,2,Transplant,PM2.5,Q2,Q2 (7.2-8.5 ug/m3)
1674.0625,4.583333333333333,0.6016666496937764,2,Transplant,PM2.5,Q2,Q2 (7.2-8.5 ug/m3)
1704.5,4.666666666666667,0.607308755393566,2,Transplant,PM2.5,Q2,Q2 (7.2-8.5 ug/m3)
1734.9375,4.75,0.6128332214843792,2,Transplant,PM2.5,Q2,Q2 (7.2-8.5 ug/m3)
1765.375,4.833333333333333,0.6182902863098109,2,Transplant,PM2.5,Q2,Q2 (7.2-8.5 ug/m3)
1795.8125,4.916666666666667,0.6235911984134035,2,Transplant,PM2.5,Q2,Q2 (7.2-8.5 ug/m3)
1826.25,5,0.6287523728372787,2,Transplant,PM2.5,Q2,Q2 (7.2-8.5 ug/m3)
0,0,0,3,Transplant,PM2.5,Q3,Q3 (8.5-10 ug/m3)
30.4375,0.08333333333333333,0.08954059562542448,3,Transplant,PM2.5,Q3,Q3 (8.5-10 ug/m3)
60.875,0.16666666666666666,0.12748325237843863,3,Transplant,PM2.5,Q3,Q3 (8.5-10 ug/m3)
91.3125,0.25,0.15647101389614965,3,Transplant,PM2.5,Q3,Q3 (8.5-10 ug/m3)
121.75,0.3333333333333333,0.18043000682209048,3,Transplant,PM2.5,Q3,Q3 (8.5-10 ug/m3)
152.1875,0.4166666666666667,0.20119508505799447,3,Transplant,PM2.5,Q3,Q3 (8.5-10 ug/m3)
182.625,0.5,0.21892517552878132,3,Transplant,PM2.5,Q3,Q3 (8.5-10 ug/m3)
213.0625,0.5833333333333334,0.23607773320141007,3,Transplant,PM2.5,Q3,Q3 (8.5-10 ug/m3)
243.5,0.6666666666666666,0.251029004747377,3,Transplant,PM2.5,Q3,Q3 (8.5-10 ug/m3)
273.9375,0.75,0.2644625574195417,3,Transplant,PM2.5,Q3,Q3 (8.5-10 ug/m3)
304.375,0.8333333333333334,0.2771802494101752,3,Transplant,PM2.5,Q3,Q3 (8.5-10 ug/m3)
334.8125,0.9166666666666666,0.28827951994369405,3,Transplant,PM2.5,Q3,Q3 (8.5-10 ug/m3)
365.25,1,0.2990163406219144,3,Transplant,PM2.5,Q3,Q3 (8.5-10 ug/m3)
395.6875,1.0833333333333333,0.30952827571582475,3,Transplant,PM2.5,Q3,Q3 (8.5-10 ug/m3)
426.125,1.1666666666666667,0.31972415236807705,3,Transplant,PM2.5,Q3,Q3 (8.5-10 ug/m3)
456.5625,1.25,0.3289432498513397,3,Transplant,PM2.5,Q3,Q3 (8.5-10 ug/m3)
487,1.3333333333333333,0.33807146063437704,3,Transplant,PM2.5,Q3,Q3 (8.5-10 ug/m3)
517.4375,1.4166666666666667,0.34690034154305205,3,Transplant,PM2.5,Q3,Q3 (8.5-10 ug/m3)
547.875,1.5,0.35527242010518545,3,Transplant,PM2.5,Q3,Q3 (8.5-10 ug/m3)
578.3125,1.5833333333333333,0.36296294835638154,3,Transplant,PM2.5,Q3,Q3 (8.5-10 ug/m3)
608.75,1.6666666666666667,0.3708597917058402,3,Transplant,PM2.5,Q3,Q3 (8.5-10 ug/m3)
639.1875,1.75,0.3782988455423759,3,Transplant,PM2.5,Q3,Q3 (8.5-10 ug/m3)
669.625,1.8333333333333333,0.3851829933508776,3,Transplant,PM2.5,Q3,Q3 (8.5-10 ug/m3)
700.0625,1.9166666666666667,0.39206906468533764,3,Transplant,PM2.5,Q3,Q3 (8.5-10 ug/m3)
730.5,2,0.3983102667213221,3,Transplant,PM2.5,Q3,Q3 (8.5-10 ug/m3)
760.9375,2.0833333333333335,0.40511482702594537,3,Transplant,PM2.5,Q3,Q3 (8.5-10 ug/m3)
791.375,2.1666666666666665,0.41209173736425764,3,Transplant,PM2.5,Q3,Q3 (8.5-10 ug/m3)
821.8125,2.25,0.4185828754573736,3,Transplant,PM2.5,Q3,Q3 (8.5-10 ug/m3)
852.25,2.3333333333333335,0.4246514275491834,3,Transplant,PM2.5,Q3,Q3 (8.5-10 ug/m3)
882.6875,2.4166666666666665,0.430213607996472,3,Transplant,PM2.5,Q3,Q3 (8.5-10 ug/m3)
913.125,2.5,0.4359268592808529,3,Transplant,PM2.5,Q3,Q3 (8.5-10 ug/m3)
943.5625,2.5833333333333335,0.44120925909175346,3,Transplant,PM2.5,Q3,Q3 (8.5-10 ug/m3)
974,2.6666666666666665,0.44672079487977057,3,Transplant,PM2.5,Q3,Q3 (8.5-10 ug/m3)
1004.4375,2.75,0.4521195044861979,3,Transplant,PM2.5,Q3,Q3 (8.5-10 ug/m3)
1034.875,2.8333333333333335,0.45716775395244535,3,Transplant,PM2.5,Q3,Q3 (8.5-10 ug/m3)
1065.3125,2.9166666666666665,0.4624985522981927,3,Transplant,PM2.5,Q3,Q3 (8.5-10 ug/m3)
1095.75,3,0.4670876807854466,3,Transplant,PM2.5,Q3,Q3 (8.5-10 ug/m3)
1126.1875,3.0833333333333335,0.47275786632578126,3,Transplant,PM2.5,Q3,Q3 (8.5-10 ug/m3)
1156.625,3.1666666666666665,0.47793031006242237,3,Transplant,PM2.5,Q3,Q3 (8.5-10 ug/m3)
1187.0625,3.25,0.48302911361254236,3,Transplant,PM2.5,Q3,Q3 (8.5-10 ug/m3)
1217.5,3.3333333333333335,0.4877881082339116,3,Transplant,PM2.5,Q3,Q3 (8.5-10 ug/m3)
1247.9375,3.4166666666666665,0.4926799280405275,3,Transplant,PM2.5,Q3,Q3 (8.5-10 ug/m3)
1278.375,3.5,0.49728347643068094,3,Transplant,PM2.5,Q3,Q3 (8.5-10 ug/m3)
1308.8125,3.5833333333333335,0.5018654804274468,3,Transplant,PM2.5,Q3,Q3 (8.5-10 ug/m3)
1339.25,3.6666666666666665,0.5066690958219617,3,Transplant,PM2.5,Q3,Q3 (8.5-10 ug/m3)
1369.6875,3.75,0.511027995603387,3,Transplant,PM2.5,Q3,Q3 (8.5-10 ug/m3)
1400.125,3.8333333333333335,0.5156844658463444,3,Transplant,PM2.5,Q3,Q3 (8.5-10 ug/m3)
1430.5625,3.9166666666666665,0.5200440051247954,3,Transplant,PM2.5,Q3,Q3 (8.5-10 ug/m3)
1461,4,0.5246204385046219,3,Transplant,PM2.5,Q3,Q3 (8.5-10 ug/m3)
1491.4375,4.083333333333333,0.5297329494857634,3,Transplant,PM2.5,Q3,Q3 (8.5-10 ug/m3)
1521.875,4.166666666666667,0.533856983265492,3,Transplant,PM2.5,Q3,Q3 (8.5-10 ug/m3)
1552.3125,4.25,0.5384078754120896,3,Transplant,PM2.5,Q3,Q3 (8.5-10 ug/m3)
1582.75,4.333333333333333,0.5427521067668386,3,Transplant,PM2.5,Q3,Q3 (8.5-10 ug/m3)
1613.1875,4.416666666666667,0.5470229736090134,3,Transplant,PM2.5,Q3,Q3 (8.5-10 ug/m3)
1643.625,4.5,0.5511749690164751,3,Transplant,PM2.5,Q3,Q3 (8.5-10 ug/m3)
1674.0625,4.583333333333333,0.5554246600716319,3,Transplant,PM2.5,Q3,Q3 (8.5-10 ug/m3)
1704.5,4.666666666666667,0.5595499884543412,3,Transplant,PM2.5,Q3,Q3 (8.5-10 ug/m3)
1734.9375,4.75,0.5637237075271719,3,Transplant,PM2.5,Q3,Q3 (8.5-10 ug/m3)
1765.375,4.833333333333333,0.5677692574048754,3,Transplant,PM2.5,Q3,Q3 (8.5-10 ug/m3)
1795.8125,4.916666666666667,0.5720505888433016,3,Transplant,PM2.5,Q3,Q3 (8.5-10 ug/m3)
1826.25,5,0.5763051189273676,3,Transplant,PM2.5,Q3,Q3 (8.5-10 ug/m3)
0,0,0,4,Transplant,PM2.5,Q4,Q4 (10-59.2 ug/m3)
30.4375,0.08333333333333333,0.08824473537421716,4,Transplant,PM2.5,Q4,Q4 (10-59.2 ug/m3)
60.875,0.16666666666666666,0.12666364289850524,4,Transplant,PM2.5,Q4,Q4 (10-59.2 ug/m3)
91.3125,0.25,0.15700738696029853,4,Transplant,PM2.5,Q4,Q4 (10-59.2 ug/m3)
121.75,0.3333333333333333,0.18115545695301946,4,Transplant,PM2.5,Q4,Q4 (10-59.2 ug/m3)
152.1875,0.4166666666666667,0.20209589143206758,4,Transplant,PM2.5,Q4,Q4 (10-59.2 ug/m3)
182.625,0.5,0.2201762688944469,4,Transplant,PM2.5,Q4,Q4 (10-59.2 ug/m3)
213.0625,0.5833333333333334,0.23706802691086318,4,Transplant,PM2.5,Q4,Q4 (10-59.2 ug/m3)
243.5,0.6666666666666666,0.2517744084035367,4,Transplant,PM2.5,Q4,Q4 (10-59.2 ug/m3)
273.9375,0.75,0.26454636666425424,4,Transplant,PM2.5,Q4,Q4 (10-59.2 ug/m3)
304.375,0.8333333333333334,0.27665198354685716,4,Transplant,PM2.5,Q4,Q4 (10-59.2 ug/m3)
334.8125,0.9166666666666666,0.2876908218736363,4,Transplant,PM2.5,Q4,Q4 (10-59.2 ug/m3)
365.25,1,0.2976671338948967,4,Transplant,PM2.5,Q4,Q4 (10-59.2 ug/m3)
395.6875,1.0833333333333333,0.30782218447410103,4,Transplant,PM2.5,Q4,Q4 (10-59.2 ug/m3)
426.125,1.1666666666666667,0.31796208126263603,4,Transplant,PM2.5,Q4,Q4 (10-59.2 ug/m3)
456.5625,1.25,0.3269143319547723,4,Transplant,PM2.5,Q4,Q4 (10-59.2 ug/m3)
487,1.3333333333333333,0.33557858271345153,4,Transplant,PM2.5,Q4,Q4 (10-59.2 ug/m3)
517.4375,1.4166666666666667,0.3435194225177294,4,Transplant,PM2.5,Q4,Q4 (10-59.2 ug/m3)
547.875,1.5,0.35100833244493357,4,Transplant,PM2.5,Q4,Q4 (10-59.2 ug/m3)
578.3125,1.5833333333333333,0.3585367775711823,4,Transplant,PM2.5,Q4,Q4 (10-59.2 ug/m3)
608.75,1.6666666666666667,0.3654465961354263,4,Transplant,PM2.5,Q4,Q4 (10-59.2 ug/m3)
639.1875,1.75,0.37257155830402056,4,Transplant,PM2.5,Q4,Q4 (10-59.2 ug/m3)
669.625,1.8333333333333333,0.3787505280154303,4,Transplant,PM2.5,Q4,Q4 (10-59.2 ug/m3)
700.0625,1.9166666666666667,0.38469128530164864,4,Transplant,PM2.5,Q4,Q4 (10-59.2 ug/m3)
730.5,2,0.3906197602951942,4,Transplant,PM2.5,Q4,Q4 (10-59.2 ug/m3)
760.9375,2.0833333333333335,0.3976723986607902,4,Transplant,PM2.5,Q4,Q4 (10-59.2 ug/m3)
791.375,2.1666666666666665,0.40441722800660657,4,Transplant,PM2.5,Q4,Q4 (10-59.2 ug/m3)
821.8125,2.25,0.410718228216671,4,Transplant,PM2.5,Q4,Q4 (10-59.2 ug/m3)
852.25,2.3333333333333335,0.41668899179104435,4,Transplant,PM2.5,Q4,Q4 (10-59.2 ug/m3)
882.6875,2.4166666666666665,0.4223033649892069,4,Transplant,PM2.5,Q4,Q4 (10-59.2 ug/m3)
913.125,2.5,0.4277156499372977,4,Transplant,PM2.5,Q4,Q4 (10-59.2 ug/m3)
943.5625,2.5833333333333335,0.4326473261567505,4,Transplant,PM2.5,Q4,Q4 (10-59.2 ug/m3)
974,2.6666666666666665,0.43755895463861316,4,Transplant,PM2.5,Q4,Q4 (10-59.2 ug/m3)
1004.4375,2.75,0.4424296486901161,4,Transplant,PM2.5,Q4,Q4 (10-59.2 ug/m3)
1034.875,2.8333333333333335,0.4470042529051794,4,Transplant,PM2.5,Q4,Q4 (10-59.2 ug/m3)
1065.3125,2.9166666666666665,0.45136191363461936,4,Transplant,PM2.5,Q4,Q4 (10-59.2 ug/m3)
1095.75,3,0.45567350634763365,4,Transplant,PM2.5,Q4,Q4 (10-59.2 ug/m3)
1126.1875,3.0833333333333335,0.4613219892601511,4,Transplant,PM2.5,Q4,Q4 (10-59.2 ug/m3)
1156.625,3.1666666666666665,0.46663195308649386,4,Transplant,PM2.5,Q4,Q4 (10-59.2 ug/m3)
1187.0625,3.25,0.4716417321307482,4,Transplant,PM2.5,Q4,Q4 (10-59.2 ug/m3)
1217.5,3.3333333333333335,0.47621207502915663,4,Transplant,PM2.5,Q4,Q4 (10-59.2 ug/m3)
1247.9375,3.4166666666666665,0.48048215810477696,4,Transplant,PM2.5,Q4,Q4 (10-59.2 ug/m3)
1278.375,3.5,0.48486269150817185,4,Transplant,PM2.5,Q4,Q4 (10-59.2 ug/m3)
1308.8125,3.5833333333333335,0.4888104851588815,4,Transplant,PM2.5,Q4,Q4 (10-59.2 ug/m3)
1339.25,3.6666666666666665,0.49295960313230264,4,Transplant,PM2.5,Q4,Q4 (10-59.2 ug/m3)
1369.6875,3.75,0.49680616012005663,4,Transplant,PM2.5,Q4,Q4 (10-59.2 ug/m3)
1400.125,3.8333333333333335,0.5006866707790218,4,Transplant,PM2.5,Q4,Q4 (10-59.2 ug/m3)
1430.5625,3.9166666666666665,0.504464534495682,4,Transplant,PM2.5,Q4,Q4 (10-59.2 ug/m3)
1461,4,0.5083158914784274,4,Transplant,PM2.5,Q4,Q4 (10-59.2 ug/m3)
1491.4375,4.083333333333333,0.5129253937992023,4,Transplant,PM2.5,Q4,Q4 (10-59.2 ug/m3)
1521.875,4.166666666666667,0.5171307767295965,4,Transplant,PM2.5,Q4,Q4 (10-59.2 ug/m3)
1552.3125,4.25,0.5210368581434233,4,Transplant,PM2.5,Q4,Q4 (10-59.2 ug/m3)
1582.75,4.333333333333333,0.524625744612929,4,Transplant,PM2.5,Q4,Q4 (10-59.2 ug/m3)
1613.1875,4.416666666666667,0.5283008221579752,4,Transplant,PM2.5,Q4,Q4 (10-59.2 ug/m3)
1643.625,4.5,0.5316178652395591,4,Transplant,PM2.5,Q4,Q4 (10-59.2 ug/m3)
1674.0625,4.583333333333333,0.5352081887413773,4,Transplant,PM2.5,Q4,Q4 (10-59.2 ug/m3)
1704.5,4.666666666666667,0.5386285740091976,4,Transplant,PM2.5,Q4,Q4 (10-59.2 ug/m3)
1734.9375,4.75,0.5418242943147251,4,Transplant,PM2.5,Q4,Q4 (10-59.2 ug/m3)
1765.375,4.833333333333333,0.5449638070371283,4,Transplant,PM2.5,Q4,Q4 (10-59.2 ug/m3)
1795.8125,4.916666666666667,0.5479813803433421,4,Transplant,PM2.5,Q4,Q4 (10-59.2 ug/m3)
1826.25,5,0.5512176388192788,4,Transplant,PM2.5,Q4,Q4 (10-59.2 ug/m3)
0,0,0,1,Waitlist death,Ozone,Q1,Q1 (22.9-36.3 ppb)
30.4375,0.08333333333333333,0.008529546063408881,1,Waitlist death,Ozone,Q1,Q1 (22.9-36.3 ppb)
60.875,0.16666666666666666,0.012556923010238533,1,Waitlist death,Ozone,Q1,Q1 (22.9-36.3 ppb)
91.3125,0.25,0.015544864712450767,1,Waitlist death,Ozone,Q1,Q1 (22.9-36.3 ppb)
121.75,0.3333333333333333,0.017973497938800993,1,Waitlist death,Ozone,Q1,Q1 (22.9-36.3 ppb)
152.1875,0.4166666666666667,0.0203871898771232,1,Waitlist death,Ozone,Q1,Q1 (22.9-36.3 ppb)
182.625,0.5,0.022325303457546374,1,Waitlist death,Ozone,Q1,Q1 (22.9-36.3 ppb)
213.0625,0.5833333333333334,0.02441963248749618,1,Waitlist death,Ozone,Q1,Q1 (22.9-36.3 ppb)
243.5,0.6666666666666666,0.026215960445122533,1,Waitlist death,Ozone,Q1,Q1 (22.9-36.3 ppb)
273.9375,0.75,0.027971961985750905,1,Waitlist death,Ozone,Q1,Q1 (22.9-36.3 ppb)
304.375,0.8333333333333334,0.02955593170594288,1,Waitlist death,Ozone,Q1,Q1 (22.9-36.3 ppb)
334.8125,0.9166666666666666,0.031207340143948603,1,Waitlist death,Ozone,Q1,Q1 (22.9-36.3 ppb)
365.25,1,0.03272818467554581,1,Waitlist death,Ozone,Q1,Q1 (22.9-36.3 ppb)
395.6875,1.0833333333333333,0.03430621236749683,1,Waitlist death,Ozone,Q1,Q1 (22.9-36.3 ppb)
426.125,1.1666666666666667,0.035905463532803106,1,Waitlist death,Ozone,Q1,Q1 (22.9-36.3 ppb)
456.5625,1.25,0.037298741693290074,1,Waitlist death,Ozone,Q1,Q1 (22.9-36.3 ppb)
487,1.3333333333333333,0.03894007206883874,1,Waitlist death,Ozone,Q1,Q1 (22.9-36.3 ppb)
517.4375,1.4166666666666667,0.04045741749458303,1,Waitlist death,Ozone,Q1,Q1 (22.9-36.3 ppb)
547.875,1.5,0.041875172518284404,1,Waitlist death,Ozone,Q1,Q1 (22.9-36.3 ppb)
578.3125,1.5833333333333333,0.04313304322400978,1,Waitlist death,Ozone,Q1,Q1 (22.9-36.3 ppb)
608.75,1.6666666666666667,0.044534678503850074,1,Waitlist death,Ozone,Q1,Q1 (22.9-36.3 ppb)
639.1875,1.75,0.04601485518729097,1,Waitlist death,Ozone,Q1,Q1 (22.9-36.3 ppb)
669.625,1.8333333333333333,0.04744752198710836,1,Waitlist death,Ozone,Q1,Q1 (22.9-36.3 ppb)
700.0625,1.9166666666666667,0.0488848815083171,1,Waitlist death,Ozone,Q1,Q1 (22.9-36.3 ppb)
730.5,2,0.05046626319529564,1,Waitlist death,Ozone,Q1,Q1 (22.9-36.3 ppb)
760.9375,2.0833333333333335,0.05193462452718835,1,Waitlist death,Ozone,Q1,Q1 (22.9-36.3 ppb)
791.375,2.1666666666666665,0.05350474199783754,1,Waitlist death,Ozone,Q1,Q1 (22.9-36.3 ppb)
821.8125,2.25,0.05492800490318184,1,Waitlist death,Ozone,Q1,Q1 (22.9-36.3 ppb)
852.25,2.3333333333333335,0.05631634844986409,1,Waitlist death,Ozone,Q1,Q1 (22.9-36.3 ppb)
882.6875,2.4166666666666665,0.05771492315122338,1,Waitlist death,Ozone,Q1,Q1 (22.9-36.3 ppb)
913.125,2.5,0.059222734999014884,1,Waitlist death,Ozone,Q1,Q1 (22.9-36.3 ppb)
943.5625,2.5833333333333335,0.060732536784391986,1,Waitlist death,Ozone,Q1,Q1 (22.9-36.3 ppb)
974,2.6666666666666665,0.062284429742498766,1,Waitlist death,Ozone,Q1,Q1 (22.9-36.3 ppb)
1004.4375,2.75,0.06371959580096112,1,Waitlist death,Ozone,Q1,Q1 (22.9-36.3 ppb)
1034.875,2.8333333333333335,0.06511108775464851,1,Waitlist death,Ozone,Q1,Q1 (22.9-36.3 ppb)
1065.3125,2.9166666666666665,0.06649517582876532,1,Waitlist death,Ozone,Q1,Q1 (22.9-36.3 ppb)
1095.75,3,0.0678373013254085,1,Waitlist death,Ozone,Q1,Q1 (22.9-36.3 ppb)
1126.1875,3.0833333333333335,0.06935041460611507,1,Waitlist death,Ozone,Q1,Q1 (22.9-36.3 ppb)
1156.625,3.1666666666666665,0.0707117782383149,1,Waitlist death,Ozone,Q1,Q1 (22.9-36.3 ppb)
1187.0625,3.25,0.07224823900263505,1,Waitlist death,Ozone,Q1,Q1 (22.9-36.3 ppb)
1217.5,3.3333333333333335,0.07369771257096475,1,Waitlist death,Ozone,Q1,Q1 (22.9-36.3 ppb)
1247.9375,3.4166666666666665,0.0750168251240688,1,Waitlist death,Ozone,Q1,Q1 (22.9-36.3 ppb)
1278.375,3.5,0.07637377220689018,1,Waitlist death,Ozone,Q1,Q1 (22.9-36.3 ppb)
1308.8125,3.5833333333333335,0.07787730133970988,1,Waitlist death,Ozone,Q1,Q1 (22.9-36.3 ppb)
1339.25,3.6666666666666665,0.07943675708265907,1,Waitlist death,Ozone,Q1,Q1 (22.9-36.3 ppb)
1369.6875,3.75,0.08086974974247041,1,Waitlist death,Ozone,Q1,Q1 (22.9-36.3 ppb)
1400.125,3.8333333333333335,0.0822171268240616,1,Waitlist death,Ozone,Q1,Q1 (22.9-36.3 ppb)
1430.5625,3.9166666666666665,0.08359532859353742,1,Waitlist death,Ozone,Q1,Q1 (22.9-36.3 ppb)
1461,4,0.08508565088869025,1,Waitlist death,Ozone,Q1,Q1 (22.9-36.3 ppb)
1491.4375,4.083333333333333,0.08630467776448955,1,Waitlist death,Ozone,Q1,Q1 (22.9-36.3 ppb)
1521.875,4.166666666666667,0.08772801735679206,1,Waitlist death,Ozone,Q1,Q1 (22.9-36.3 ppb)
1552.3125,4.25,0.08908332996914177,1,Waitlist death,Ozone,Q1,Q1 (22.9-36.3 ppb)
1582.75,4.333333333333333,0.09037138605845534,1,Waitlist death,Ozone,Q1,Q1 (22.9-36.3 ppb)
1613.1875,4.416666666666667,0.09160760957873436,1,Waitlist death,Ozone,Q1,Q1 (22.9-36.3 ppb)
1643.625,4.5,0.09305320567531311,1,Waitlist death,Ozone,Q1,Q1 (22.9-36.3 ppb)
1674.0625,4.583333333333333,0.09440079658912429,1,Waitlist death,Ozone,Q1,Q1 (22.9-36.3 ppb)
1704.5,4.666666666666667,0.0956904060899662,1,Waitlist death,Ozone,Q1,Q1 (22.9-36.3 ppb)
1734.9375,4.75,0.09683006672455576,1,Waitlist death,Ozone,Q1,Q1 (22.9-36.3 ppb)
1765.375,4.833333333333333,0.09806746028003702,1,Waitlist death,Ozone,Q1,Q1 (22.9-36.3 ppb)
1795.8125,4.916666666666667,0.09939738673335123,1,Waitlist death,Ozone,Q1,Q1 (22.9-36.3 ppb)
1826.25,5,0.10072479967613249,1,Waitlist death,Ozone,Q1,Q1 (22.9-36.3 ppb)
0,0,0,2,Waitlist death,Ozone,Q2,Q2 (36.3-38.2 ppb)
30.4375,0.08333333333333333,0.00883379270964008,2,Waitlist death,Ozone,Q2,Q2 (36.3-38.2 ppb)
60.875,0.16666666666666666,0.012842526247765478,2,Waitlist death,Ozone,Q2,Q2 (36.3-38.2 ppb)
91.3125,0.25,0.015921174009903685,2,Waitlist death,Ozone,Q2,Q2 (36.3-38.2 ppb)
121.75,0.3333333333333333,0.018232705323073743,2,Waitlist death,Ozone,Q2,Q2 (36.3-38.2 ppb)
152.1875,0.4166666666666667,0.020468288915946292,2,Waitlist death,Ozone,Q2,Q2 (36.3-38.2 ppb)
182.625,0.5,0.02222122982515582,2,Waitlist death,Ozone,Q2,Q2 (36.3-38.2 ppb)
213.0625,0.5833333333333334,0.023983670650238376,2,Waitlist death,Ozone,Q2,Q2 (36.3-38.2 ppb)
243.5,0.6666666666666666,0.025487528730170017,2,Waitlist death,Ozone,Q2,Q2 (36.3-38.2 ppb)
273.9375,0.75,0.02712281237184854,2,Waitlist death,Ozone,Q2,Q2 (36.3-38.2 ppb)
304.375,0.8333333333333334,0.0287561926234449,2,Waitlist death,Ozone,Q2,Q2 (36.3-38.2 ppb)
334.8125,0.9166666666666666,0.030042856452567254,2,Waitlist death,Ozone,Q2,Q2 (36.3-38.2 ppb)
365.25,1,0.03156842910069178,2,Waitlist death,Ozone,Q2,Q2 (36.3-38.2 ppb)
395.6875,1.0833333333333333,0.03291960905531323,2,Waitlist death,Ozone,Q2,Q2 (36.3-38.2 ppb)
426.125,1.1666666666666667,0.03427223367288583,2,Waitlist death,Ozone,Q2,Q2 (36.3-38.2 ppb)
456.5625,1.25,0.03557306533344619,2,Waitlist death,Ozone,Q2,Q2 (36.3-38.2 ppb)
487,1.3333333333333333,0.036848058484264604,2,Waitlist death,Ozone,Q2,Q2 (36.3-38.2 ppb)
517.4375,1.4166666666666667,0.038026501902749046,2,Waitlist death,Ozone,Q2,Q2 (36.3-38.2 ppb)
547.875,1.5,0.03937030157139083,2,Waitlist death,Ozone,Q2,Q2 (36.3-38.2 ppb)
578.3125,1.5833333333333333,0.04077715793931658,2,Waitlist death,Ozone,Q2,Q2 (36.3-38.2 ppb)
608.75,1.6666666666666667,0.04210936238369074,2,Waitlist death,Ozone,Q2,Q2 (36.3-38.2 ppb)
639.1875,1.75,0.043432222588843,2,Waitlist death,Ozone,Q2,Q2 (36.3-38.2 ppb)
669.625,1.8333333333333333,0.04465342147717127,2,Waitlist death,Ozone,Q2,Q2 (36.3-38.2 ppb)
700.0625,1.9166666666666667,0.045989818018581055,2,Waitlist death,Ozone,Q2,Q2 (36.3-38.2 ppb)
730.5,2,0.04725130412712601,2,Waitlist death,Ozone,Q2,Q2 (36.3-38.2 ppb)
760.9375,2.0833333333333335,0.04850738638395226,2,Waitlist death,Ozone,Q2,Q2 (36.3-38.2 ppb)
791.375,2.1666666666666665,0.049974931389951016,2,Waitlist death,Ozone,Q2,Q2 (36.3-38.2 ppb)
821.8125,2.25,0.05125569202580369,2,Waitlist death,Ozone,Q2,Q2 (36.3-38.2 ppb)
852.25,2.3333333333333335,0.05270427744758102,2,Waitlist death,Ozone,Q2,Q2 (36.3-38.2 ppb)
882.6875,2.4166666666666665,0.054158554916582474,2,Waitlist death,Ozone,Q2,Q2 (36.3-38.2 ppb)
913.125,2.5,0.05541638121051175,2,Waitlist death,Ozone,Q2,Q2 (36.3-38.2 ppb)
943.5625,2.5833333333333335,0.056635129872495485,2,Waitlist death,Ozone,Q2,Q2 (36.3-38.2 ppb)
974,2.6666666666666665,0.05800757642437031,2,Waitlist death,Ozone,Q2,Q2 (36.3-38.2 ppb)
1004.4375,2.75,0.0592923844087129,2,Waitlist death,Ozone,Q2,Q2 (36.3-38.2 ppb)
1034.875,2.8333333333333335,0.06057014051391822,2,Waitlist death,Ozone,Q2,Q2 (36.3-38.2 ppb)
1065.3125,2.9166666666666665,0.062008554481675304,2,Waitlist death,Ozone,Q2,Q2 (36.3-38.2 ppb)
1095.75,3,0.06323003483007533,2,Waitlist death,Ozone,Q2,Q2 (36.3-38.2 ppb)
1126.1875,3.0833333333333335,0.0646315252681623,2,Waitlist death,Ozone,Q2,Q2 (36.3-38.2 ppb)
1156.625,3.1666666666666665,0.06596981096403827,2,Waitlist death,Ozone,Q2,Q2 (36.3-38.2 ppb)
1187.0625,3.25,0.0672787802227028,2,Waitlist death,Ozone,Q2,Q2 (36.3-38.2 ppb)
1217.5,3.3333333333333335,0.06857345799389751,2,Waitlist death,Ozone,Q2,Q2 (36.3-38.2 ppb)
1247.9375,3.4166666666666665,0.06990419605411849,2,Waitlist death,Ozone,Q2,Q2 (36.3-38.2 ppb)
1278.375,3.5,0.07127056806237857,2,Waitlist death,Ozone,Q2,Q2 (36.3-38.2 ppb)
1308.8125,3.5833333333333335,0.0724909474097658,2,Waitlist death,Ozone,Q2,Q2 (36.3-38.2 ppb)
1339.25,3.6666666666666665,0.07387434963117885,2,Waitlist death,Ozone,Q2,Q2 (36.3-38.2 ppb)
1369.6875,3.75,0.07507758020284824,2,Waitlist death,Ozone,Q2,Q2 (36.3-38.2 ppb)
1400.125,3.8333333333333335,0.0763612792226673,2,Waitlist death,Ozone,Q2,Q2 (36.3-38.2 ppb)
1430.5625,3.9166666666666665,0.07752316840100083,2,Waitlist death,Ozone,Q2,Q2 (36.3-38.2 ppb)
1461,4,0.07865099978270196,2,Waitlist death,Ozone,Q2,Q2 (36.3-38.2 ppb)
1491.4375,4.083333333333333,0.07971442309351011,2,Waitlist death,Ozone,Q2,Q2 (36.3-38.2 ppb)
1521.875,4.166666666666667,0.08069817705107343,2,Waitlist death,Ozone,Q2,Q2 (36.3-38.2 ppb)
1552.3125,4.25,0.08182612030790717,2,Waitlist death,Ozone,Q2,Q2 (36.3-38.2 ppb)
1582.75,4.333333333333333,0.08304945643881846,2,Waitlist death,Ozone,Q2,Q2 (36.3-38.2 ppb)
1613.1875,4.416666666666667,0.08406471288733613,2,Waitlist death,Ozone,Q2,Q2 (36.3-38.2 ppb)
1643.625,4.5,0.08505615000426547,2,Waitlist death,Ozone,Q2,Q2 (36.3-38.2 ppb)
1674.0625,4.583333333333333,0.08623825341410883,2,Waitlist death,Ozone,Q2,Q2 (36.3-38.2 ppb)
1704.5,4.666666666666667,0.08724344953460746,2,Waitlist death,Ozone,Q2,Q2 (36.3-38.2 ppb)
1734.9375,4.75,0.08828523720066489,2,Waitlist death,Ozone,Q2,Q2 (36.3-38.2 ppb)
1765.375,4.833333333333333,0.0893616960273878,2,Waitlist death,Ozone,Q2,Q2 (36.3-38.2 ppb)
1795.8125,4.916666666666667,0.09035077691689958,2,Waitlist death,Ozone,Q2,Q2 (36.3-38.2 ppb)
1826.25,5,0.09124391945799692,2,Waitlist death,Ozone,Q2,Q2 (36.3-38.2 ppb)
0,0,0,3,Waitlist death,Ozone,Q3,Q3 (38.2-40.6 ppb)
30.4375,0.08333333333333333,0.009323191536072698,3,Waitlist death,Ozone,Q3,Q3 (38.2-40.6 ppb)
60.875,0.16666666666666666,0.013710653159793217,3,Waitlist death,Ozone,Q3,Q3 (38.2-40.6 ppb)
91.3125,0.25,0.016920327353505384,3,Waitlist death,Ozone,Q3,Q3 (38.2-40.6 ppb)
121.75,0.3333333333333333,0.019330309260142942,3,Waitlist death,Ozone,Q3,Q3 (38.2-40.6 ppb)
152.1875,0.4166666666666667,0.02159437255843028,3,Waitlist death,Ozone,Q3,Q3 (38.2-40.6 ppb)
182.625,0.5,0.02367432119425203,3,Waitlist death,Ozone,Q3,Q3 (38.2-40.6 ppb)
213.0625,0.5833333333333334,0.025489594650814216,3,Waitlist death,Ozone,Q3,Q3 (38.2-40.6 ppb)
243.5,0.6666666666666666,0.027329217488377494,3,Waitlist death,Ozone,Q3,Q3 (38.2-40.6 ppb)
273.9375,0.75,0.028955933719612255,3,Waitlist death,Ozone,Q3,Q3 (38.2-40.6 ppb)
304.375,0.8333333333333334,0.030569334458853133,3,Waitlist death,Ozone,Q3,Q3 (38.2-40.6 ppb)
334.8125,0.9166666666666666,0.03212438904932933,3,Waitlist death,Ozone,Q3,Q3 (38.2-40.6 ppb)
365.25,1,0.03356877777580451,3,Waitlist death,Ozone,Q3,Q3 (38.2-40.6 ppb)
395.6875,1.0833333333333333,0.03513836139651374,3,Waitlist death,Ozone,Q3,Q3 (38.2-40.6 ppb)
426.125,1.1666666666666667,0.03661223262711102,3,Waitlist death,Ozone,Q3,Q3 (38.2-40.6 ppb)
456.5625,1.25,0.03809853587259564,3,Waitlist death,Ozone,Q3,Q3 (38.2-40.6 ppb)
487,1.3333333333333333,0.03954871951103946,3,Waitlist death,Ozone,Q3,Q3 (38.2-40.6 ppb)
517.4375,1.4166666666666667,0.04108039341717823,3,Waitlist death,Ozone,Q3,Q3 (38.2-40.6 ppb)
547.875,1.5,0.0423474681154588,3,Waitlist death,Ozone,Q3,Q3 (38.2-40.6 ppb)
578.3125,1.5833333333333333,0.043725209032545315,3,Waitlist death,Ozone,Q3,Q3 (38.2-40.6 ppb)
608.75,1.6666666666666667,0.04502287526959199,3,Waitlist death,Ozone,Q3,Q3 (38.2-40.6 ppb)
639.1875,1.75,0.0465405447778509,3,Waitlist death,Ozone,Q3,Q3 (38.2-40.6 ppb)
669.625,1.8333333333333333,0.04783863971065522,3,Waitlist death,Ozone,Q3,Q3 (38.2-40.6 ppb)
700.0625,1.9166666666666667,0.04940863619577553,3,Waitlist death,Ozone,Q3,Q3 (38.2-40.6 ppb)
730.5,2,0.050760301060549406,3,Waitlist death,Ozone,Q3,Q3 (38.2-40.6 ppb)
760.9375,2.0833333333333335,0.05201811463413642,3,Waitlist death,Ozone,Q3,Q3 (38.2-40.6 ppb)
791.375,2.1666666666666665,0.053308866273628644,3,Waitlist death,Ozone,Q3,Q3 (38.2-40.6 ppb)
821.8125,2.25,0.05454942376721128,3,Waitlist death,Ozone,Q3,Q3 (38.2-40.6 ppb)
852.25,2.3333333333333335,0.05588786995076003,3,Waitlist death,Ozone,Q3,Q3 (38.2-40.6 ppb)
882.6875,2.4166666666666665,0.057312061385724644,3,Waitlist death,Ozone,Q3,Q3 (38.2-40.6 ppb)
913.125,2.5,0.05866570605889161,3,Waitlist death,Ozone,Q3,Q3 (38.2-40.6 ppb)
943.5625,2.5833333333333335,0.0599747877997121,3,Waitlist death,Ozone,Q3,Q3 (38.2-40.6 ppb)
974,2.6666666666666665,0.06130940308812806,3,Waitlist death,Ozone,Q3,Q3 (38.2-40.6 ppb)
1004.4375,2.75,0.06267549438939116,3,Waitlist death,Ozone,Q3,Q3 (38.2-40.6 ppb)
1034.875,2.8333333333333335,0.06389218171531971,3,Waitlist death,Ozone,Q3,Q3 (38.2-40.6 ppb)
1065.3125,2.9166666666666665,0.06512280901120865,3,Waitlist death,Ozone,Q3,Q3 (38.2-40.6 ppb)
1095.75,3,0.06637789450036155,3,Waitlist death,Ozone,Q3,Q3 (38.2-40.6 ppb)
1126.1875,3.0833333333333335,0.06763737553749502,3,Waitlist death,Ozone,Q3,Q3 (38.2-40.6 ppb)
1156.625,3.1666666666666665,0.06891527005335533,3,Waitlist death,Ozone,Q3,Q3 (38.2-40.6 ppb)
1187.0625,3.25,0.07031583895876875,3,Waitlist death,Ozone,Q3,Q3 (38.2-40.6 ppb)
1217.5,3.3333333333333335,0.07145780635273064,3,Waitlist death,Ozone,Q3,Q3 (38.2-40.6 ppb)
1247.9375,3.4166666666666665,0.07291326378170657,3,Waitlist death,Ozone,Q3,Q3 (38.2-40.6 ppb)
1278.375,3.5,0.0740457605620686,3,Waitlist death,Ozone,Q3,Q3 (38.2-40.6 ppb)
1308.8125,3.5833333333333335,0.07526098867877085,3,Waitlist death,Ozone,Q3,Q3 (38.2-40.6 ppb)
1339.25,3.6666666666666665,0.07651928616290853,3,Waitlist death,Ozone,Q3,Q3 (38.2-40.6 ppb)
1369.6875,3.75,0.07773819618267908,3,Waitlist death,Ozone,Q3,Q3 (38.2-40.6 ppb)
1400.125,3.8333333333333335,0.07911640490226421,3,Waitlist death,Ozone,Q3,Q3 (38.2-40.6 ppb)
1430.5625,3.9166666666666665,0.08006015769130825,3,Waitlist death,Ozone,Q3,Q3 (38.2-40.6 ppb)
1461,4,0.08136367191546306,3,Waitlist death,Ozone,Q3,Q3 (38.2-40.6 ppb)
1491.4375,4.083333333333333,0.08262152610652115,3,Waitlist death,Ozone,Q3,Q3 (38.2-40.6 ppb)
1521.875,4.166666666666667,0.08376684995034342,3,Waitlist death,Ozone,Q3,Q3 (38.2-40.6 ppb)
1552.3125,4.25,0.08487784507176427,3,Waitlist death,Ozone,Q3,Q3 (38.2-40.6 ppb)
1582.75,4.333333333333333,0.0860832209528177,3,Waitlist death,Ozone,Q3,Q3 (38.2-40.6 ppb)
1613.1875,4.416666666666667,0.08717621368894053,3,Waitlist death,Ozone,Q3,Q3 (38.2-40.6 ppb)
1643.625,4.5,0.0884326339863156,3,Waitlist death,Ozone,Q3,Q3 (38.2-40.6 ppb)
1674.0625,4.583333333333333,0.08950651341400742,3,Waitlist death,Ozone,Q3,Q3 (38.2-40.6 ppb)
1704.5,4.666666666666667,0.09056781931570068,3,Waitlist death,Ozone,Q3,Q3 (38.2-40.6 ppb)
1734.9375,4.75,0.0915633197904053,3,Waitlist death,Ozone,Q3,Q3 (38.2-40.6 ppb)
1765.375,4.833333333333333,0.09267130514224572,3,Waitlist death,Ozone,Q3,Q3 (38.2-40.6 ppb)
1795.8125,4.916666666666667,0.09368767912109091,3,Waitlist death,Ozone,Q3,Q3 (38.2-40.6 ppb)
1826.25,5,0.09479547370856622,3,Waitlist death,Ozone,Q3,Q3 (38.2-40.6 ppb)
0,0,0,4,Waitlist death,Ozone,Q4,Q4 (40.6-58.6 ppb)
30.4375,0.08333333333333333,0.00935711201365633,4,Waitlist death,Ozone,Q4,Q4 (40.6-58.6 ppb)
60.875,0.16666666666666666,0.013463099468771918,4,Waitlist death,Ozone,Q4,Q4 (40.6-58.6 ppb)
91.3125,0.25,0.016741393668587075,4,Waitlist death,Ozone,Q4,Q4 (40.6-58.6 ppb)
121.75,0.3333333333333333,0.019559073966612002,4,Waitlist death,Ozone,Q4,Q4 (40.6-58.6 ppb)
152.1875,0.4166666666666667,0.022039499391938267,4,Waitlist death,Ozone,Q4,Q4 (40.6-58.6 ppb)
182.625,0.5,0.024356886082896462,4,Waitlist death,Ozone,Q4,Q4 (40.6-58.6 ppb)
213.0625,0.5833333333333334,0.026495031215888705,4,Waitlist death,Ozone,Q4,Q4 (40.6-58.6 ppb)
243.5,0.6666666666666666,0.028362321721922303,4,Waitlist death,Ozone,Q4,Q4 (40.6-58.6 ppb)
273.9375,0.75,0.03011150503844623,4,Waitlist death,Ozone,Q4,Q4 (40.6-58.6 ppb)
304.375,0.8333333333333334,0.0320196225828705,4,Waitlist death,Ozone,Q4,Q4 (40.6-58.6 ppb)
334.8125,0.9166666666666666,0.033760405686822675,4,Waitlist death,Ozone,Q4,Q4 (40.6-58.6 ppb)
365.25,1,0.03556269988375313,4,Waitlist death,Ozone,Q4,Q4 (40.6-58.6 ppb)
395.6875,1.0833333333333333,0.03727128492637506,4,Waitlist death,Ozone,Q4,Q4 (40.6-58.6 ppb)
426.125,1.1666666666666667,0.03882903280306914,4,Waitlist death,Ozone,Q4,Q4 (40.6-58.6 ppb)
456.5625,1.25,0.04048390773162943,4,Waitlist death,Ozone,Q4,Q4 (40.6-58.6 ppb)
487,1.3333333333333333,0.04208242870340969,4,Waitlist death,Ozone,Q4,Q4 (40.6-58.6 ppb)
517.4375,1.4166666666666667,0.04368071536424629,4,Waitlist death,Ozone,Q4,Q4 (40.6-58.6 ppb)
547.875,1.5,0.04526451835806954,4,Waitlist death,Ozone,Q4,Q4 (40.6-58.6 ppb)
578.3125,1.5833333333333333,0.04682963715965026,4,Waitlist death,Ozone,Q4,Q4 (40.6-58.6 ppb)
608.75,1.6666666666666667,0.0483298067844167,4,Waitlist death,Ozone,Q4,Q4 (40.6-58.6 ppb)
639.1875,1.75,0.04991190534350735,4,Waitlist death,Ozone,Q4,Q4 (40.6-58.6 ppb)
669.625,1.8333333333333333,0.051325555606308096,4,Waitlist death,Ozone,Q4,Q4 (40.6-58.6 ppb)
700.0625,1.9166666666666667,0.052886923238260844,4,Waitlist death,Ozone,Q4,Q4 (40.6-58.6 ppb)
730.5,2,0.05458202839190178,4,Waitlist death,Ozone,Q4,Q4 (40.6-58.6 ppb)
760.9375,2.0833333333333335,0.056093618639780685,4,Waitlist death,Ozone,Q4,Q4 (40.6-58.6 ppb)
791.375,2.1666666666666665,0.05758443759079197,4,Waitlist death,Ozone,Q4,Q4 (40.6-58.6 ppb)
821.8125,2.25,0.05917231787992221,4,Waitlist death,Ozone,Q4,Q4 (40.6-58.6 ppb)
852.25,2.3333333333333335,0.0607529033633773,4,Waitlist death,Ozone,Q4,Q4 (40.6-58.6 ppb)
882.6875,2.4166666666666665,0.0621601255609955,4,Waitlist death,Ozone,Q4,Q4 (40.6-58.6 ppb)
913.125,2.5,0.06374636734964315,4,Waitlist death,Ozone,Q4,Q4 (40.6-58.6 ppb)
943.5625,2.5833333333333335,0.06521819931040393,4,Waitlist death,Ozone,Q4,Q4 (40.6-58.6 ppb)
974,2.6666666666666665,0.06689623677281059,4,Waitlist death,Ozone,Q4,Q4 (40.6-58.6 ppb)
1004.4375,2.75,0.06847845112682568,4,Waitlist death,Ozone,Q4,Q4 (40.6-58.6 ppb)
1034.875,2.8333333333333335,0.06998875351936414,4,Waitlist death,Ozone,Q4,Q4 (40.6-58.6 ppb)
1065.3125,2.9166666666666665,0.071370371763152,4,Waitlist death,Ozone,Q4,Q4 (40.6-58.6 ppb)
1095.75,3,0.07288327785957868,4,Waitlist death,Ozone,Q4,Q4 (40.6-58.6 ppb)
1126.1875,3.0833333333333335,0.07430962472842437,4,Waitlist death,Ozone,Q4,Q4 (40.6-58.6 ppb)
1156.625,3.1666666666666665,0.07569711222772127,4,Waitlist death,Ozone,Q4,Q4 (40.6-58.6 ppb)
1187.0625,3.25,0.07707361446648099,4,Waitlist death,Ozone,Q4,Q4 (40.6-58.6 ppb)
1217.5,3.3333333333333335,0.07862909389095687,4,Waitlist death,Ozone,Q4,Q4 (40.6-58.6 ppb)
1247.9375,3.4166666666666665,0.08005557979174843,4,Waitlist death,Ozone,Q4,Q4 (40.6-58.6 ppb)
1278.375,3.5,0.08135856461311802,4,Waitlist death,Ozone,Q4,Q4 (40.6-58.6 ppb)
1308.8125,3.5833333333333335,0.08269673742374367,4,Waitlist death,Ozone,Q4,Q4 (40.6-58.6 ppb)
1339.25,3.6666666666666665,0.08409373486576102,4,Waitlist death,Ozone,Q4,Q4 (40.6-58.6 ppb)
1369.6875,3.75,0.08528342402381625,4,Waitlist death,Ozone,Q4,Q4 (40.6-58.6 ppb)
1400.125,3.8333333333333335,0.08670837742362182,4,Waitlist death,Ozone,Q4,Q4 (40.6-58.6 ppb)
1430.5625,3.9166666666666665,0.08810371274784097,4,Waitlist death,Ozone,Q4,Q4 (40.6-58.6 ppb)
1461,4,0.08950332852603092,4,Waitlist death,Ozone,Q4,Q4 (40.6-58.6 ppb)
1491.4375,4.083333333333333,0.09077937272931833,4,Waitlist death,Ozone,Q4,Q4 (40.6-58.6 ppb)
1521.875,4.166666666666667,0.0922074359053105,4,Waitlist death,Ozone,Q4,Q4 (40.6-58.6 ppb)
1552.3125,4.25,0.09345553350392677,4,Waitlist death,Ozone,Q4,Q4 (40.6-58.6 ppb)
1582.75,4.333333333333333,0.09472138229126428,4,Waitlist death,Ozone,Q4,Q4 (40.6-58.6 ppb)
1613.1875,4.416666666666667,0.09603264745945962,4,Waitlist death,Ozone,Q4,Q4 (40.6-58.6 ppb)
1643.625,4.5,0.09722678526512739,4,Waitlist death,Ozone,Q4,Q4 (40.6-58.6 ppb)
1674.0625,4.583333333333333,0.09847922637633263,4,Waitlist death,Ozone,Q4,Q4 (40.6-58.6 ppb)
1704.5,4.666666666666667,0.09975342508882284,4,Waitlist death,Ozone,Q4,Q4 (40.6-58.6 ppb)
1734.9375,4.75,0.10103771495129199,4,Waitlist death,Ozone,Q4,Q4 (40.6-58.6 ppb)
1765.375,4.833333333333333,0.1021815376062699,4,Waitlist death,Ozone,Q4,Q4 (40.6-58.6 ppb)
1795.8125,4.916666666666667,0.1033004495100125,4,Waitlist death,Ozone,Q4,Q4 (40.6-58.6 ppb)
1826.25,5,0.10450760879684418,4,Waitlist death,Ozone,Q4,Q4 (40.6-58.6 ppb)
0,0,0,1,Transplant,Ozone,Q1,Q1 (22.9-36.3 ppb)
30.4375,0.08333333333333333,0.082175975339174,1,Transplant,Ozone,Q1,Q1 (22.9-36.3 ppb)
60.875,0.16666666666666666,0.11470889738208251,1,Transplant,Ozone,Q1,Q1 (22.9-36.3 ppb)
91.3125,0.25,0.13995574538513134,1,Transplant,Ozone,Q1,Q1 (22.9-36.3 ppb)
121.75,0.3333333333333333,0.16107501427871815,1,Transplant,Ozone,Q1,Q1 (22.9-36.3 ppb)
152.1875,0.4166666666666667,0.17911401089043502,1,Transplant,Ozone,Q1,Q1 (22.9-36.3 ppb)
182.625,0.5,0.19499717957935525,1,Transplant,Ozone,Q1,Q1 (22.9-36.3 ppb)
213.0625,0.5833333333333334,0.21067972940230867,1,Transplant,Ozone,Q1,Q1 (22.9-36.3 ppb)
243.5,0.6666666666666666,0.2249821322140113,1,Transplant,Ozone,Q1,Q1 (22.9-36.3 ppb)
273.9375,0.75,0.23748660450205733,1,Transplant,Ozone,Q1,Q1 (22.9-36.3 ppb)
304.375,0.8333333333333334,0.25001241441562755,1,Transplant,Ozone,Q1,Q1 (22.9-36.3 ppb)
334.8125,0.9166666666666666,0.26121150378886066,1,Transplant,Ozone,Q1,Q1 (22.9-36.3 ppb)
365.25,1,0.2720309759907876,1,Transplant,Ozone,Q1,Q1 (22.9-36.3 ppb)
395.6875,1.0833333333333333,0.282615674288775,1,Transplant,Ozone,Q1,Q1 (22.9-36.3 ppb)
426.125,1.1666666666666667,0.2927522134981464,1,Transplant,Ozone,Q1,Q1 (22.9-36.3 ppb)
456.5625,1.25,0.3018016271931645,1,Transplant,Ozone,Q1,Q1 (22.9-36.3 ppb)
487,1.3333333333333333,0.310747253606128,1,Transplant,Ozone,Q1,Q1 (22.9-36.3 ppb)
517.4375,1.4166666666666667,0.3193088011712204,1,Transplant,Ozone,Q1,Q1 (22.9-36.3 ppb)
547.875,1.5,0.3274296554381043,1,Transplant,Ozone,Q1,Q1 (22.9-36.3 ppb)
578.3125,1.5833333333333333,0.33511199277620163,1,Transplant,Ozone,Q1,Q1 (22.9-36.3 ppb)
608.75,1.6666666666666667,0.34274633695066603,1,Transplant,Ozone,Q1,Q1 (22.9-36.3 ppb)
639.1875,1.75,0.3505426366100276,1,Transplant,Ozone,Q1,Q1 (22.9-36.3 ppb)
669.625,1.8333333333333333,0.35776890727196287,1,Transplant,Ozone,Q1,Q1 (22.9-36.3 ppb)
700.0625,1.9166666666666667,0.3645743261535708,1,Transplant,Ozone,Q1,Q1 (22.9-36.3 ppb)
730.5,2,0.37111286727776327,1,Transplant,Ozone,Q1,Q1 (22.9-36.3 ppb)
760.9375,2.0833333333333335,0.37809255885477977,1,Transplant,Ozone,Q1,Q1 (22.9-36.3 ppb)
791.375,2.1666666666666665,0.3852459122885215,1,Transplant,Ozone,Q1,Q1 (22.9-36.3 ppb)
821.8125,2.25,0.3919148941909312,1,Transplant,Ozone,Q1,Q1 (22.9-36.3 ppb)
852.25,2.3333333333333335,0.39853096060187976,1,Transplant,Ozone,Q1,Q1 (22.9-36.3 ppb)
882.6875,2.4166666666666665,0.4047300675762493,1,Transplant,Ozone,Q1,Q1 (22.9-36.3 ppb)
913.125,2.5,0.41102064757132256,1,Transplant,Ozone,Q1,Q1 (22.9-36.3 ppb)
943.5625,2.5833333333333335,0.4169936301804941,1,Transplant,Ozone,Q1,Q1 (22.9-36.3 ppb)
974,2.6666666666666665,0.42302493938126184,1,Transplant,Ozone,Q1,Q1 (22.9-36.3 ppb)
1004.4375,2.75,0.4291227033226668,1,Transplant,Ozone,Q1,Q1 (22.9-36.3 ppb)
1034.875,2.8333333333333335,0.43476873608051525,1,Transplant,Ozone,Q1,Q1 (22.9-36.3 ppb)
1065.3125,2.9166666666666665,0.44070594400308205,1,Transplant,Ozone,Q1,Q1 (22.9-36.3 ppb)
1095.75,3,0.44610093432358044,1,Transplant,Ozone,Q1,Q1 (22.9-36.3 ppb)
1126.1875,3.0833333333333335,0.45199192569992463,1,Transplant,Ozone,Q1,Q1 (22.9-36.3 ppb)
1156.625,3.1666666666666665,0.45757956360406987,1,Transplant,Ozone,Q1,Q1 (22.9-36.3 ppb)
1187.0625,3.25,0.46282607434340883,1,Transplant,Ozone,Q1,Q1 (22.9-36.3 ppb)
1217.5,3.3333333333333335,0.46805290279346157,1,Transplant,Ozone,Q1,Q1 (22.9-36.3 ppb)
1247.9375,3.4166666666666665,0.4733369471673592,1,Transplant,Ozone,Q1,Q1 (22.9-36.3 ppb)
1278.375,3.5,0.47847499167493057,1,Transplant,Ozone,Q1,Q1 (22.9-36.3 ppb)
1308.8125,3.5833333333333335,0.4834595346141123,1,Transplant,Ozone,Q1,Q1 (22.9-36.3 ppb)
1339.25,3.6666666666666665,0.4888563351501729,1,Transplant,Ozone,Q1,Q1 (22.9-36.3 ppb)
1369.6875,3.75,0.49403750352894527,1,Transplant,Ozone,Q1,Q1 (22.9-36.3 ppb)
1400.125,3.8333333333333335,0.49923296674211526,1,Transplant,Ozone,Q1,Q1 (22.9-36.3 ppb)
1430.5625,3.9166666666666665,0.5043857865355611,1,Transplant,Ozone,Q1,Q1 (22.9-36.3 ppb)
1461,4,0.5098167543512696,1,Transplant,Ozone,Q1,Q1 (22.9-36.3 ppb)
1491.4375,4.083333333333333,0.5153500117837528,1,Transplant,Ozone,Q1,Q1 (22.9-36.3 ppb)
1521.875,4.166666666666667,0.5205510129429761,1,Transplant,Ozone,Q1,Q1 (22.9-36.3 ppb)
1552.3125,4.25,0.5260416653423401,1,Transplant,Ozone,Q1,Q1 (22.9-36.3 ppb)
1582.75,4.333333333333333,0.531233922803984,1,Transplant,Ozone,Q1,Q1 (22.9-36.3 ppb)
1613.1875,4.416666666666667,0.5365395826951345,1,Transplant,Ozone,Q1,Q1 (22.9-36.3 ppb)
1643.625,4.5,0.5415673324170599,1,Transplant,Ozone,Q1,Q1 (22.9-36.3 ppb)
1674.0625,4.583333333333333,0.5464623909726753,1,Transplant,Ozone,Q1,Q1 (22.9-36.3 ppb)
1704.5,4.666666666666667,0.5514032262200333,1,Transplant,Ozone,Q1,Q1 (22.9-36.3 ppb)
1734.9375,4.75,0.5563916620562979,1,Transplant,Ozone,Q1,Q1 (22.9-36.3 ppb)
1765.375,4.833333333333333,0.5613818274140447,1,Transplant,Ozone,Q1,Q1 (22.9-36.3 ppb)
1795.8125,4.916666666666667,0.5659126119403162,1,Transplant,Ozone,Q1,Q1 (22.9-36.3 ppb)
1826.25,5,0.5702530997058397,1,Transplant,Ozone,Q1,Q1 (22.9-36.3 ppb)
0,0,0,2,Transplant,Ozone,Q2,Q2 (36.3-38.2 ppb)
30.4375,0.08333333333333333,0.09462552192717845,2,Transplant,Ozone,Q2,Q2 (36.3-38.2 ppb)
60.875,0.16666666666666666,0.13368002989793837,2,Transplant,Ozone,Q2,Q2 (36.3-38.2 ppb)
91.3125,0.25,0.16369894705571852,2,Transplant,Ozone,Q2,Q2 (36.3-38.2 ppb)
121.75,0.3333333333333333,0.187495042232485,2,Transplant,Ozone,Q2,Q2 (36.3-38.2 ppb)
152.1875,0.4166666666666667,0.2082251804197081,2,Transplant,Ozone,Q2,Q2 (36.3-38.2 ppb)
182.625,0.5,0.2261450886402727,2,Transplant,Ozone,Q2,Q2 (36.3-38.2 ppb)
213.0625,0.5833333333333334,0.24474480648048835,2,Transplant,Ozone,Q2,Q2 (36.3-38.2 ppb)
243.5,0.6666666666666666,0.2609981839948707,2,Transplant,Ozone,Q2,Q2 (36.3-38.2 ppb)
273.9375,0.75,0.2757904070948557,2,Transplant,Ozone,Q2,Q2 (36.3-38.2 ppb)
304.375,0.8333333333333334,0.28946826878822984,2,Transplant,Ozone,Q2,Q2 (36.3-38.2 ppb)
334.8125,0.9166666666666666,0.30170064283021575,2,Transplant,Ozone,Q2,Q2 (36.3-38.2 ppb)
365.25,1,0.31352935482950395,2,Transplant,Ozone,Q2,Q2 (36.3-38.2 ppb)
395.6875,1.0833333333333333,0.32460924987723216,2,Transplant,Ozone,Q2,Q2 (36.3-38.2 ppb)
426.125,1.1666666666666667,0.33564366670107626,2,Transplant,Ozone,Q2,Q2 (36.3-38.2 ppb)
456.5625,1.25,0.3456581160016496,2,Transplant,Ozone,Q2,Q2 (36.3-38.2 ppb)
487,1.3333333333333333,0.35612375851841194,2,Transplant,Ozone,Q2,Q2 (36.3-38.2 ppb)
517.4375,1.4166666666666667,0.36540710211658123,2,Transplant,Ozone,Q2,Q2 (36.3-38.2 ppb)
547.875,1.5,0.37391256890206215,2,Transplant,Ozone,Q2,Q2 (36.3-38.2 ppb)
578.3125,1.5833333333333333,0.38244863465267875,2,Transplant,Ozone,Q2,Q2 (36.3-38.2 ppb)
608.75,1.6666666666666667,0.39050769443891065,2,Transplant,Ozone,Q2,Q2 (36.3-38.2 ppb)
639.1875,1.75,0.3985028439825006,2,Transplant,Ozone,Q2,Q2 (36.3-38.2 ppb)
669.625,1.8333333333333333,0.405652648260061,2,Transplant,Ozone,Q2,Q2 (36.3-38.2 ppb)
700.0625,1.9166666666666667,0.4130141666703019,2,Transplant,Ozone,Q2,Q2 (36.3-38.2 ppb)
730.5,2,0.4200146898746883,2,Transplant,Ozone,Q2,Q2 (36.3-38.2 ppb)
760.9375,2.0833333333333335,0.42710710962319953,2,Transplant,Ozone,Q2,Q2 (36.3-38.2 ppb)
791.375,2.1666666666666665,0.43438446577342305,2,Transplant,Ozone,Q2,Q2 (36.3-38.2 ppb)
821.8125,2.25,0.4410326459526991,2,Transplant,Ozone,Q2,Q2 (36.3-38.2 ppb)
852.25,2.3333333333333335,0.4479659426562713,2,Transplant,Ozone,Q2,Q2 (36.3-38.2 ppb)
882.6875,2.4166666666666665,0.4546229827148892,2,Transplant,Ozone,Q2,Q2 (36.3-38.2 ppb)
913.125,2.5,0.46121921475034094,2,Transplant,Ozone,Q2,Q2 (36.3-38.2 ppb)
943.5625,2.5833333333333335,0.46720068189202274,2,Transplant,Ozone,Q2,Q2 (36.3-38.2 ppb)
974,2.6666666666666665,0.4737816600900637,2,Transplant,Ozone,Q2,Q2 (36.3-38.2 ppb)
1004.4375,2.75,0.4804954478838247,2,Transplant,Ozone,Q2,Q2 (36.3-38.2 ppb)
1034.875,2.8333333333333335,0.48676741755935204,2,Transplant,Ozone,Q2,Q2 (36.3-38.2 ppb)
1065.3125,2.9166666666666665,0.4930887571434679,2,Transplant,Ozone,Q2,Q2 (36.3-38.2 ppb)
1095.75,3,0.4988650116322374,2,Transplant,Ozone,Q2,Q2 (36.3-38.2 ppb)
1126.1875,3.0833333333333335,0.5052668676922099,2,Transplant,Ozone,Q2,Q2 (36.3-38.2 ppb)
1156.625,3.1666666666666665,0.5118154799529366,2,Transplant,Ozone,Q2,Q2 (36.3-38.2 ppb)
1187.0625,3.25,0.5180184371296623,2,Transplant,Ozone,Q2,Q2 (36.3-38.2 ppb)
1217.5,3.3333333333333335,0.5235657651878165,2,Transplant,Ozone,Q2,Q2 (36.3-38.2 ppb)
1247.9375,3.4166666666666665,0.5292190880917682,2,Transplant,Ozone,Q2,Q2 (36.3-38.2 ppb)
1278.375,3.5,0.5345966645378248,2,Transplant,Ozone,Q2,Q2 (36.3-38.2 ppb)
1308.8125,3.5833333333333335,0.5397160092902522,2,Transplant,Ozone,Q2,Q2 (36.3-38.2 ppb)
1339.25,3.6666666666666665,0.5454222843488741,2,Transplant,Ozone,Q2,Q2 (36.3-38.2 ppb)
1369.6875,3.75,0.5509752946879116,2,Transplant,Ozone,Q2,Q2 (36.3-38.2 ppb)
1400.125,3.8333333333333335,0.55632608174051,2,Transplant,Ozone,Q2,Q2 (36.3-38.2 ppb)
1430.5625,3.9166666666666665,0.5613821993769906,2,Transplant,Ozone,Q2,Q2 (36.3-38.2 ppb)
1461,4,0.5667650088864662,2,Transplant,Ozone,Q2,Q2 (36.3-38.2 ppb)
1491.4375,4.083333333333333,0.5724701673935697,2,Transplant,Ozone,Q2,Q2 (36.3-38.2 ppb)
1521.875,4.166666666666667,0.5777239323421879,2,Transplant,Ozone,Q2,Q2 (36.3-38.2 ppb)
1552.3125,4.25,0.5833390111907617,2,Transplant,Ozone,Q2,Q2 (36.3-38.2 ppb)
1582.75,4.333333333333333,0.5882759956629217,2,Transplant,Ozone,Q2,Q2 (36.3-38.2 ppb)
1613.1875,4.416666666666667,0.593733625237307,2,Transplant,Ozone,Q2,Q2 (36.3-38.2 ppb)
1643.625,4.5,0.5988614354150124,2,Transplant,Ozone,Q2,Q2 (36.3-38.2 ppb)
1674.0625,4.583333333333333,0.6041089734647672,2,Transplant,Ozone,Q2,Q2 (36.3-38.2 ppb)
1704.5,4.666666666666667,0.6090893832667256,2,Transplant,Ozone,Q2,Q2 (36.3-38.2 ppb)
1734.9375,4.75,0.6139750075532506,2,Transplant,Ozone,Q2,Q2 (36.3-38.2 ppb)
1765.375,4.833333333333333,0.6187717597204405,2,Transplant,Ozone,Q2,Q2 (36.3-38.2 ppb)
1795.8125,4.916666666666667,0.6234389964146705,2,Transplant,Ozone,Q2,Q2 (36.3-38.2 ppb)
1826.25,5,0.6282753658487232,2,Transplant,Ozone,Q2,Q2 (36.3-38.2 ppb)
0,0,0,3,Transplant,Ozone,Q3,Q3 (38.2-40.6 ppb)
30.4375,0.08333333333333333,0.1005713942698447,3,Transplant,Ozone,Q3,Q3 (38.2-40.6 ppb)
60.875,0.16666666666666666,0.14209001804578958,3,Transplant,Ozone,Q3,Q3 (38.2-40.6 ppb)
91.3125,0.25,0.17354560108852962,3,Transplant,Ozone,Q3,Q3 (38.2-40.6 ppb)
121.75,0.3333333333333333,0.19895512207970167,3,Transplant,Ozone,Q3,Q3 (38.2-40.6 ppb)
152.1875,0.4166666666666667,0.22064765643863388,3,Transplant,Ozone,Q3,Q3 (38.2-40.6 ppb)
182.625,0.5,0.23951258649059254,3,Transplant,Ozone,Q3,Q3 (38.2-40.6 ppb)
213.0625,0.5833333333333334,0.2583591848347232,3,Transplant,Ozone,Q3,Q3 (38.2-40.6 ppb)
243.5,0.6666666666666666,0.2748313683864101,3,Transplant,Ozone,Q3,Q3 (38.2-40.6 ppb)
273.9375,0.75,0.28953740826287033,3,Transplant,Ozone,Q3,Q3 (38.2-40.6 ppb)
304.375,0.8333333333333334,0.3035966419150131,3,Transplant,Ozone,Q3,Q3 (38.2-40.6 ppb)
334.8125,0.9166666666666666,0.31574509592432337,3,Transplant,Ozone,Q3,Q3 (38.2-40.6 ppb)
365.25,1,0.32712775650725456,3,Transplant,Ozone,Q3,Q3 (38.2-40.6 ppb)
395.6875,1.0833333333333333,0.3379818931301041,3,Transplant,Ozone,Q3,Q3 (38.2-40.6 ppb)
426.125,1.1666666666666667,0.34886184488102595,3,Transplant,Ozone,Q3,Q3 (38.2-40.6 ppb)
456.5625,1.25,0.3587156205657336,3,Transplant,Ozone,Q3,Q3 (38.2-40.6 ppb)
487,1.3333333333333333,0.3683756516821606,3,Transplant,Ozone,Q3,Q3 (38.2-40.6 ppb)
517.4375,1.4166666666666667,0.3776183131715969,3,Transplant,Ozone,Q3,Q3 (38.2-40.6 ppb)
547.875,1.5,0.38639556655143537,3,Transplant,Ozone,Q3,Q3 (38.2-40.6 ppb)
578.3125,1.5833333333333333,0.39466560573987586,3,Transplant,Ozone,Q3,Q3 (38.2-40.6 ppb)
608.75,1.6666666666666667,0.40273499593130296,3,Transplant,Ozone,Q3,Q3 (38.2-40.6 ppb)
639.1875,1.75,0.41097788936049545,3,Transplant,Ozone,Q3,Q3 (38.2-40.6 ppb)
669.625,1.8333333333333333,0.4187288419698414,3,Transplant,Ozone,Q3,Q3 (38.2-40.6 ppb)
700.0625,1.9166666666666667,0.42615520575958954,3,Transplant,Ozone,Q3,Q3 (38.2-40.6 ppb)
730.5,2,0.4330867464967738,3,Transplant,Ozone,Q3,Q3 (38.2-40.6 ppb)
760.9375,2.0833333333333335,0.440400842029847,3,Transplant,Ozone,Q3,Q3 (38.2-40.6 ppb)
791.375,2.1666666666666665,0.4477237852859066,3,Transplant,Ozone,Q3,Q3 (38.2-40.6 ppb)
821.8125,2.25,0.45465962562681667,3,Transplant,Ozone,Q3,Q3 (38.2-40.6 ppb)
852.25,2.3333333333333335,0.4612281174599848,3,Transplant,Ozone,Q3,Q3 (38.2-40.6 ppb)
882.6875,2.4166666666666665,0.4680583651719439,3,Transplant,Ozone,Q3,Q3 (38.2-40.6 ppb)
913.125,2.5,0.47471251439941753,3,Transplant,Ozone,Q3,Q3 (38.2-40.6 ppb)
943.5625,2.5833333333333335,0.48063817345673204,3,Transplant,Ozone,Q3,Q3 (38.2-40.6 ppb)
974,2.6666666666666665,0.48679888617625283,3,Transplant,Ozone,Q3,Q3 (38.2-40.6 ppb)
1004.4375,2.75,0.49246162560485207,3,Transplant,Ozone,Q3,Q3 (38.2-40.6 ppb)
1034.875,2.8333333333333335,0.4983302755425983,3,Transplant,Ozone,Q3,Q3 (38.2-40.6 ppb)
1065.3125,2.9166666666666665,0.5040012293118719,3,Transplant,Ozone,Q3,Q3 (38.2-40.6 ppb)
1095.75,3,0.5095720388687357,3,Transplant,Ozone,Q3,Q3 (38.2-40.6 ppb)
1126.1875,3.0833333333333335,0.515687429000516,3,Transplant,Ozone,Q3,Q3 (38.2-40.6 ppb)
1156.625,3.1666666666666665,0.5211834784579106,3,Transplant,Ozone,Q3,Q3 (38.2-40.6 ppb)
1187.0625,3.25,0.526874847964048,3,Transplant,Ozone,Q3,Q3 (38.2-40.6 ppb)
1217.5,3.3333333333333335,0.532271260200081,3,Transplant,Ozone,Q3,Q3 (38.2-40.6 ppb)
1247.9375,3.4166666666666665,0.5376815782935485,3,Transplant,Ozone,Q3,Q3 (38.2-40.6 ppb)
1278.375,3.5,0.5432330348568803,3,Transplant,Ozone,Q3,Q3 (38.2-40.6 ppb)
1308.8125,3.5833333333333335,0.5484146687439735,3,Transplant,Ozone,Q3,Q3 (38.2-40.6 ppb)
1339.25,3.6666666666666665,0.5539312718496325,3,Transplant,Ozone,Q3,Q3 (38.2-40.6 ppb)
1369.6875,3.75,0.5587545446610245,3,Transplant,Ozone,Q3,Q3 (38.2-40.6 ppb)
1400.125,3.8333333333333335,0.5639853871152435,3,Transplant,Ozone,Q3,Q3 (38.2-40.6 ppb)
1430.5625,3.9166666666666665,0.568614375258928,3,Transplant,Ozone,Q3,Q3 (38.2-40.6 ppb)
1461,4,0.5737026344906984,3,Transplant,Ozone,Q3,Q3 (38.2-40.6 ppb)
1491.4375,4.083333333333333,0.5788260761834791,3,Transplant,Ozone,Q3,Q3 (38.2-40.6 ppb)
1521.875,4.166666666666667,0.5836703627531176,3,Transplant,Ozone,Q3,Q3 (38.2-40.6 ppb)
1552.3125,4.25,0.5887073619531995,3,Transplant,Ozone,Q3,Q3 (38.2-40.6 ppb)
1582.75,4.333333333333333,0.5934391276008932,3,Transplant,Ozone,Q3,Q3 (38.2-40.6 ppb)
1613.1875,4.416666666666667,0.5982650915891807,3,Transplant,Ozone,Q3,Q3 (38.2-40.6 ppb)
1643.625,4.5,0.6027725380896896,3,Transplant,Ozone,Q3,Q3 (38.2-40.6 ppb)
1674.0625,4.583333333333333,0.6074186434859628,3,Transplant,Ozone,Q3,Q3 (38.2-40.6 ppb)
1704.5,4.666666666666667,0.6120829215934904,3,Transplant,Ozone,Q3,Q3 (38.2-40.6 ppb)
1734.9375,4.75,0.6165107294542106,3,Transplant,Ozone,Q3,Q3 (38.2-40.6 ppb)
1765.375,4.833333333333333,0.6207425434770713,3,Transplant,Ozone,Q3,Q3 (38.2-40.6 ppb)
1795.8125,4.916666666666667,0.6253450883527449,3,Transplant,Ozone,Q3,Q3 (38.2-40.6 ppb)
1826.25,5,0.6297956544850454,3,Transplant,Ozone,Q3,Q3 (38.2-40.6 ppb)
0,0,0,4,Transplant,Ozone,Q4,Q4 (40.6-58.6 ppb)
30.4375,0.08333333333333333,0.09653452671786937,4,Transplant,Ozone,Q4,Q4 (40.6-58.6 ppb)
60.875,0.16666666666666666,0.1351771284286215,4,Transplant,Ozone,Q4,Q4 (40.6-58.6 ppb)
91.3125,0.25,0.16469676597838825,4,Transplant,Ozone,Q4,Q4 (40.6-58.6 ppb)
121.75,0.3333333333333333,0.18864604616359643,4,Transplant,Ozone,Q4,Q4 (40.6-58.6 ppb)
152.1875,0.4166666666666667,0.20999559409959434,4,Transplant,Ozone,Q4,Q4 (40.6-58.6 ppb)
182.625,0.5,0.2280242416939879,4,Transplant,Ozone,Q4,Q4 (40.6-58.6 ppb)
213.0625,0.5833333333333334,0.2456554692618772,4,Transplant,Ozone,Q4,Q4 (40.6-58.6 ppb)
243.5,0.6666666666666666,0.260947326516203,4,Transplant,Ozone,Q4,Q4 (40.6-58.6 ppb)
273.9375,0.75,0.2746683432984083,4,Transplant,Ozone,Q4,Q4 (40.6-58.6 ppb)
304.375,0.8333333333333334,0.2874876170968693,4,Transplant,Ozone,Q4,Q4 (40.6-58.6 ppb)
334.8125,0.9166666666666666,0.2988321065210594,4,Transplant,Ozone,Q4,Q4 (40.6-58.6 ppb)
365.25,1,0.30960572376550943,4,Transplant,Ozone,Q4,Q4 (40.6-58.6 ppb)
395.6875,1.0833333333333333,0.3201625601163189,4,Transplant,Ozone,Q4,Q4 (40.6-58.6 ppb)
426.125,1.1666666666666667,0.33086703296252334,4,Transplant,Ozone,Q4,Q4 (40.6-58.6 ppb)
456.5625,1.25,0.3403545215573774,4,Transplant,Ozone,Q4,Q4 (40.6-58.6 ppb)
487,1.3333333333333333,0.3492727139985591,4,Transplant,Ozone,Q4,Q4 (40.6-58.6 ppb)
517.4375,1.4166666666666667,0.35769888721916443,4,Transplant,Ozone,Q4,Q4 (40.6-58.6 ppb)
547.875,1.5,0.36591087121499355,4,Transplant,Ozone,Q4,Q4 (40.6-58.6 ppb)
578.3125,1.5833333333333333,0.3740652444766863,4,Transplant,Ozone,Q4,Q4 (40.6-58.6 ppb)
608.75,1.6666666666666667,0.3816171804254923,4,Transplant,Ozone,Q4,Q4 (40.6-58.6 ppb)
639.1875,1.75,0.38901858696260283,4,Transplant,Ozone,Q4,Q4 (40.6-58.6 ppb)
669.625,1.8333333333333333,0.3954723594827926,4,Transplant,Ozone,Q4,Q4 (40.6-58.6 ppb)
700.0625,1.9166666666666667,0.40228059638658586,4,Transplant,Ozone,Q4,Q4 (40.6-58.6 ppb)
730.5,2,0.4085112303945301,4,Transplant,Ozone,Q4,Q4 (40.6-58.6 ppb)
760.9375,2.0833333333333335,0.4159415294033128,4,Transplant,Ozone,Q4,Q4 (40.6-58.6 ppb)
791.375,2.1666666666666665,0.4232660969059734,4,Transplant,Ozone,Q4,Q4 (40.6-58.6 ppb)
821.8125,2.25,0.43011537596755667,4,Transplant,Ozone,Q4,Q4 (40.6-58.6 ppb)
852.25,2.3333333333333335,0.4363927790631332,4,Transplant,Ozone,Q4,Q4 (40.6-58.6 ppb)
882.6875,2.4166666666666665,0.4421259455125536,4,Transplant,Ozone,Q4,Q4 (40.6-58.6 ppb)
913.125,2.5,0.448000255987435,4,Transplant,Ozone,Q4,Q4 (40.6-58.6 ppb)
943.5625,2.5833333333333335,0.4533885872469068,4,Transplant,Ozone,Q4,Q4 (40.6-58.6 ppb)
974,2.6666666666666665,0.458645214325872,4,Transplant,Ozone,Q4,Q4 (40.6-58.6 ppb)
1004.4375,2.75,0.4637271916996667,4,Transplant,Ozone,Q4,Q4 (40.6-58.6 ppb)
1034.875,2.8333333333333335,0.46868913400333456,4,Transplant,Ozone,Q4,Q4 (40.6-58.6 ppb)
1065.3125,2.9166666666666665,0.47373780278336847,4,Transplant,Ozone,Q4,Q4 (40.6-58.6 ppb)
1095.75,3,0.47851403479694543,4,Transplant,Ozone,Q4,Q4 (40.6-58.6 ppb)
1126.1875,3.0833333333333335,0.4840169310838034,4,Transplant,Ozone,Q4,Q4 (40.6-58.6 ppb)
1156.625,3.1666666666666665,0.489283350491631,4,Transplant,Ozone,Q4,Q4 (40.6-58.6 ppb)
1187.0625,3.25,0.49453308669667306,4,Transplant,Ozone,Q4,Q4 (40.6-58.6 ppb)
1217.5,3.3333333333333335,0.49941441380807106,4,Transplant,Ozone,Q4,Q4 (40.6-58.6 ppb)
1247.9375,3.4166666666666665,0.50390393161285,4,Transplant,Ozone,Q4,Q4 (40.6-58.6 ppb)
1278.375,3.5,0.5090330303444834,4,Transplant,Ozone,Q4,Q4 (40.6-58.6 ppb)
1308.8125,3.5833333333333335,0.5135545546135603,4,Transplant,Ozone,Q4,Q4 (40.6-58.6 ppb)
1339.25,3.6666666666666665,0.5180618183223075,4,Transplant,Ozone,Q4,Q4 (40.6-58.6 ppb)
1369.6875,3.75,0.5223562084208557,4,Transplant,Ozone,Q4,Q4 (40.6-58.6 ppb)
1400.125,3.8333333333333335,0.5265489735744853,4,Transplant,Ozone,Q4,Q4 (40.6-58.6 ppb)
1430.5625,3.9166666666666665,0.530753226648099,4,Transplant,Ozone,Q4,Q4 (40.6-58.6 ppb)
1461,4,0.5353531316123105,4,Transplant,Ozone,Q4,Q4 (40.6-58.6 ppb)
1491.4375,4.083333333333333,0.5401420267034174,4,Transplant,Ozone,Q4,Q4 (40.6-58.6 ppb)
1521.875,4.166666666666667,0.5443396919351363,4,Transplant,Ozone,Q4,Q4 (40.6-58.6 ppb)
1552.3125,4.25,0.5486025190077644,4,Transplant,Ozone,Q4,Q4 (40.6-58.6 ppb)
1582.75,4.333333333333333,0.5524680039852874,4,Transplant,Ozone,Q4,Q4 (40.6-58.6 ppb)
1613.1875,4.416666666666667,0.5565984079475002,4,Transplant,Ozone,Q4,Q4 (40.6-58.6 ppb)
1643.625,4.5,0.5605270513293334,4,Transplant,Ozone,Q4,Q4 (40.6-58.6 ppb)
1674.0625,4.583333333333333,0.564578366967313,4,Transplant,Ozone,Q4,Q4 (40.6-58.6 ppb)
1704.5,4.666666666666667,0.5683325658602018,4,Transplant,Ozone,Q4,Q4 (40.6-58.6 ppb)
1734.9375,4.75,0.5719400256532681,4,Transplant,Ozone,Q4,Q4 (40.6-58.6 ppb)
1765.375,4.833333333333333,0.5755181734144268,4,Transplant,Ozone,Q4,Q4 (40.6-58.6 ppb)
1795.8125,4.916666666666667,0.5791772296341345,4,Transplant,Ozone,Q4,Q4 (40.6-58.6 ppb)
1826.25,5,0.5830278352372507,4,Transplant,Ozone,Q4,Q4 (40.6-58.6 ppb)
0,0,0,1,Waitlist death,NO2,Q1,Q1 (0.2-5 NO2 units)
30.4375,0.08333333333333333,0.00858390784572452,1,Waitlist death,NO2,Q1,Q1 (0.2-5 NO2 units)
60.875,0.16666666666666666,0.012603838098132035,1,Waitlist death,NO2,Q1,Q1 (0.2-5 NO2 units)
91.3125,0.25,0.015710294595781667,1,Waitlist death,NO2,Q1,Q1 (0.2-5 NO2 units)
121.75,0.3333333333333333,0.018172761381235802,1,Waitlist death,NO2,Q1,Q1 (0.2-5 NO2 units)
152.1875,0.4166666666666667,0.020329534293924225,1,Waitlist death,NO2,Q1,Q1 (0.2-5 NO2 units)
182.625,0.5,0.022149942752688473,1,Waitlist death,NO2,Q1,Q1 (0.2-5 NO2 units)
213.0625,0.5833333333333334,0.023897528026095807,1,Waitlist death,NO2,Q1,Q1 (0.2-5 NO2 units)
243.5,0.6666666666666666,0.025556971703178485,1,Waitlist death,NO2,Q1,Q1 (0.2-5 NO2 units)
273.9375,0.75,0.027189709053866376,1,Waitlist death,NO2,Q1,Q1 (0.2-5 NO2 units)
304.375,0.8333333333333334,0.028899348403817002,1,Waitlist death,NO2,Q1,Q1 (0.2-5 NO2 units)
334.8125,0.9166666666666666,0.030403008728537878,1,Waitlist death,NO2,Q1,Q1 (0.2-5 NO2 units)
365.25,1,0.03191268995315413,1,Waitlist death,NO2,Q1,Q1 (0.2-5 NO2 units)
395.6875,1.0833333333333333,0.033339980053287685,1,Waitlist death,NO2,Q1,Q1 (0.2-5 NO2 units)
426.125,1.1666666666666667,0.03470366305271697,1,Waitlist death,NO2,Q1,Q1 (0.2-5 NO2 units)
456.5625,1.25,0.036042737693845917,1,Waitlist death,NO2,Q1,Q1 (0.2-5 NO2 units)
487,1.3333333333333333,0.037437427402953374,1,Waitlist death,NO2,Q1,Q1 (0.2-5 NO2 units)
517.4375,1.4166666666666667,0.03877011201464045,1,Waitlist death,NO2,Q1,Q1 (0.2-5 NO2 units)
547.875,1.5,0.04007206450126707,1,Waitlist death,NO2,Q1,Q1 (0.2-5 NO2 units)
578.3125,1.5833333333333333,0.04139752450617426,1,Waitlist death,NO2,Q1,Q1 (0.2-5 NO2 units)
608.75,1.6666666666666667,0.04271599167688091,1,Waitlist death,NO2,Q1,Q1 (0.2-5 NO2 units)
639.1875,1.75,0.044251456991087096,1,Waitlist death,NO2,Q1,Q1 (0.2-5 NO2 units)
669.625,1.8333333333333333,0.04558197593302006,1,Waitlist death,NO2,Q1,Q1 (0.2-5 NO2 units)
700.0625,1.9166666666666667,0.047082980166413047,1,Waitlist death,NO2,Q1,Q1 (0.2-5 NO2 units)
730.5,2,0.048476526898129035,1,Waitlist death,NO2,Q1,Q1 (0.2-5 NO2 units)
760.9375,2.0833333333333335,0.04986409203939959,1,Waitlist death,NO2,Q1,Q1 (0.2-5 NO2 units)
791.375,2.1666666666666665,0.05126106309966487,1,Waitlist death,NO2,Q1,Q1 (0.2-5 NO2 units)
821.8125,2.25,0.05267973598521632,1,Waitlist death,NO2,Q1,Q1 (0.2-5 NO2 units)
852.25,2.3333333333333335,0.05406211701974588,1,Waitlist death,NO2,Q1,Q1 (0.2-5 NO2 units)
882.6875,2.4166666666666665,0.055478757501707644,1,Waitlist death,NO2,Q1,Q1 (0.2-5 NO2 units)
913.125,2.5,0.056754488783328325,1,Waitlist death,NO2,Q1,Q1 (0.2-5 NO2 units)
943.5625,2.5833333333333335,0.058064132606627225,1,Waitlist death,NO2,Q1,Q1 (0.2-5 NO2 units)
974,2.6666666666666665,0.05949960345345797,1,Waitlist death,NO2,Q1,Q1 (0.2-5 NO2 units)
1004.4375,2.75,0.061070238753288986,1,Waitlist death,NO2,Q1,Q1 (0.2-5 NO2 units)
1034.875,2.8333333333333335,0.062338403197772924,1,Waitlist death,NO2,Q1,Q1 (0.2-5 NO2 units)
1065.3125,2.9166666666666665,0.06370973571846243,1,Waitlist death,NO2,Q1,Q1 (0.2-5 NO2 units)
1095.75,3,0.06489174252521107,1,Waitlist death,NO2,Q1,Q1 (0.2-5 NO2 units)
1126.1875,3.0833333333333335,0.06640744009907476,1,Waitlist death,NO2,Q1,Q1 (0.2-5 NO2 units)
1156.625,3.1666666666666665,0.06777651321271506,1,Waitlist death,NO2,Q1,Q1 (0.2-5 NO2 units)
1187.0625,3.25,0.06924830489668105,1,Waitlist death,NO2,Q1,Q1 (0.2-5 NO2 units)
1217.5,3.3333333333333335,0.07071219155047948,1,Waitlist death,NO2,Q1,Q1 (0.2-5 NO2 units)
1247.9375,3.4166666666666665,0.0722144671354033,1,Waitlist death,NO2,Q1,Q1 (0.2-5 NO2 units)
1278.375,3.5,0.07352027712308135,1,Waitlist death,NO2,Q1,Q1 (0.2-5 NO2 units)
1308.8125,3.5833333333333335,0.07473327360805639,1,Waitlist death,NO2,Q1,Q1 (0.2-5 NO2 units)
1339.25,3.6666666666666665,0.0760095530853133,1,Waitlist death,NO2,Q1,Q1 (0.2-5 NO2 units)
1369.6875,3.75,0.07741760038176426,1,Waitlist death,NO2,Q1,Q1 (0.2-5 NO2 units)
1400.125,3.8333333333333335,0.07882900693233125,1,Waitlist death,NO2,Q1,Q1 (0.2-5 NO2 units)
1430.5625,3.9166666666666665,0.08002030722887027,1,Waitlist death,NO2,Q1,Q1 (0.2-5 NO2 units)
1461,4,0.08134272782321997,1,Waitlist death,NO2,Q1,Q1 (0.2-5 NO2 units)
1491.4375,4.083333333333333,0.08242006603397148,1,Waitlist death,NO2,Q1,Q1 (0.2-5 NO2 units)
1521.875,4.166666666666667,0.08367693486894938,1,Waitlist death,NO2,Q1,Q1 (0.2-5 NO2 units)
1552.3125,4.25,0.08494786942920539,1,Waitlist death,NO2,Q1,Q1 (0.2-5 NO2 units)
1582.75,4.333333333333333,0.086290084215855,1,Waitlist death,NO2,Q1,Q1 (0.2-5 NO2 units)
1613.1875,4.416666666666667,0.08747026691176193,1,Waitlist death,NO2,Q1,Q1 (0.2-5 NO2 units)
1643.625,4.5,0.08856811304376597,1,Waitlist death,NO2,Q1,Q1 (0.2-5 NO2 units)
1674.0625,4.583333333333333,0.08977058718463476,1,Waitlist death,NO2,Q1,Q1 (0.2-5 NO2 units)
1704.5,4.666666666666667,0.0908966982657404,1,Waitlist death,NO2,Q1,Q1 (0.2-5 NO2 units)
1734.9375,4.75,0.09198628793823951,1,Waitlist death,NO2,Q1,Q1 (0.2-5 NO2 units)
1765.375,4.833333333333333,0.09303334869888254,1,Waitlist death,NO2,Q1,Q1 (0.2-5 NO2 units)
1795.8125,4.916666666666667,0.09408194761060018,1,Waitlist death,NO2,Q1,Q1 (0.2-5 NO2 units)
1826.25,5,0.09502834960158345,1,Waitlist death,NO2,Q1,Q1 (0.2-5 NO2 units)
0,0,0,2,Waitlist death,NO2,Q2,Q2 (5-8.1 NO2 units)
30.4375,0.08333333333333333,0.008829117026709524,2,Waitlist death,NO2,Q2,Q2 (5-8.1 NO2 units)
60.875,0.16666666666666666,0.012804785437463662,2,Waitlist death,NO2,Q2,Q2 (5-8.1 NO2 units)
91.3125,0.25,0.015889841832403225,2,Waitlist death,NO2,Q2,Q2 (5-8.1 NO2 units)
121.75,0.3333333333333333,0.018246942582541115,2,Waitlist death,NO2,Q2,Q2 (5-8.1 NO2 units)
152.1875,0.4166666666666667,0.020614489393651785,2,Waitlist death,NO2,Q2,Q2 (5-8.1 NO2 units)
182.625,0.5,0.022628517620049117,2,Waitlist death,NO2,Q2,Q2 (5-8.1 NO2 units)
213.0625,0.5833333333333334,0.024485806035116922,2,Waitlist death,NO2,Q2,Q2 (5-8.1 NO2 units)
243.5,0.6666666666666666,0.026174546982399856,2,Waitlist death,NO2,Q2,Q2 (5-8.1 NO2 units)
273.9375,0.75,0.027667316707168755,2,Waitlist death,NO2,Q2,Q2 (5-8.1 NO2 units)
304.375,0.8333333333333334,0.0293017936957176,2,Waitlist death,NO2,Q2,Q2 (5-8.1 NO2 units)
334.8125,0.9166666666666666,0.030726847922872957,2,Waitlist death,NO2,Q2,Q2 (5-8.1 NO2 units)
365.25,1,0.03226332710122877,2,Waitlist death,NO2,Q2,Q2 (5-8.1 NO2 units)
395.6875,1.0833333333333333,0.03382571329699548,2,Waitlist death,NO2,Q2,Q2 (5-8.1 NO2 units)
426.125,1.1666666666666667,0.035336417889657246,2,Waitlist death,NO2,Q2,Q2 (5-8.1 NO2 units)
456.5625,1.25,0.03674869919792383,2,Waitlist death,NO2,Q2,Q2 (5-8.1 NO2 units)
487,1.3333333333333333,0.038132397233626644,2,Waitlist death,NO2,Q2,Q2 (5-8.1 NO2 units)
517.4375,1.4166666666666667,0.03956032067535799,2,Waitlist death,NO2,Q2,Q2 (5-8.1 NO2 units)
547.875,1.5,0.040936580054009485,2,Waitlist death,NO2,Q2,Q2 (5-8.1 NO2 units)
578.3125,1.5833333333333333,0.04220820522786689,2,Waitlist death,NO2,Q2,Q2 (5-8.1 NO2 units)
608.75,1.6666666666666667,0.04347464053098564,2,Waitlist death,NO2,Q2,Q2 (5-8.1 NO2 units)
639.1875,1.75,0.04477490345036669,2,Waitlist death,NO2,Q2,Q2 (5-8.1 NO2 units)
669.625,1.8333333333333333,0.046118675460220845,2,Waitlist death,NO2,Q2,Q2 (5-8.1 NO2 units)
700.0625,1.9166666666666667,0.04752200391929572,2,Waitlist death,NO2,Q2,Q2 (5-8.1 NO2 units)
730.5,2,0.049014530374714024,2,Waitlist death,NO2,Q2,Q2 (5-8.1 NO2 units)
760.9375,2.0833333333333335,0.050416119135200804,2,Waitlist death,NO2,Q2,Q2 (5-8.1 NO2 units)
791.375,2.1666666666666665,0.05180488794825213,2,Waitlist death,NO2,Q2,Q2 (5-8.1 NO2 units)
821.8125,2.25,0.05312386548653368,2,Waitlist death,NO2,Q2,Q2 (5-8.1 NO2 units)
852.25,2.3333333333333335,0.05447136402419439,2,Waitlist death,NO2,Q2,Q2 (5-8.1 NO2 units)
882.6875,2.4166666666666665,0.055860654795692584,2,Waitlist death,NO2,Q2,Q2 (5-8.1 NO2 units)
913.125,2.5,0.057264516465576884,2,Waitlist death,NO2,Q2,Q2 (5-8.1 NO2 units)
943.5625,2.5833333333333335,0.058545213768613075,2,Waitlist death,NO2,Q2,Q2 (5-8.1 NO2 units)
974,2.6666666666666665,0.05999776107756068,2,Waitlist death,NO2,Q2,Q2 (5-8.1 NO2 units)
1004.4375,2.75,0.061239935370225485,2,Waitlist death,NO2,Q2,Q2 (5-8.1 NO2 units)
1034.875,2.8333333333333335,0.06259078604350127,2,Waitlist death,NO2,Q2,Q2 (5-8.1 NO2 units)
1065.3125,2.9166666666666665,0.06398303153515011,2,Waitlist death,NO2,Q2,Q2 (5-8.1 NO2 units)
1095.75,3,0.06531006678476503,2,Waitlist death,NO2,Q2,Q2 (5-8.1 NO2 units)
1126.1875,3.0833333333333335,0.06663957448260435,2,Waitlist death,NO2,Q2,Q2 (5-8.1 NO2 units)
1156.625,3.1666666666666665,0.06791752575551827,2,Waitlist death,NO2,Q2,Q2 (5-8.1 NO2 units)
1187.0625,3.25,0.06921998669438953,2,Waitlist death,NO2,Q2,Q2 (5-8.1 NO2 units)
1217.5,3.3333333333333335,0.07048953702720474,2,Waitlist death,NO2,Q2,Q2 (5-8.1 NO2 units)
1247.9375,3.4166666666666665,0.07192661940068323,2,Waitlist death,NO2,Q2,Q2 (5-8.1 NO2 units)
1278.375,3.5,0.07322167240071625,2,Waitlist death,NO2,Q2,Q2 (5-8.1 NO2 units)
1308.8125,3.5833333333333335,0.0745474871444331,2,Waitlist death,NO2,Q2,Q2 (5-8.1 NO2 units)
1339.25,3.6666666666666665,0.07593997579160802,2,Waitlist death,NO2,Q2,Q2 (5-8.1 NO2 units)
1369.6875,3.75,0.07710570093674363,2,Waitlist death,NO2,Q2,Q2 (5-8.1 NO2 units)
1400.125,3.8333333333333335,0.07839980700067474,2,Waitlist death,NO2,Q2,Q2 (5-8.1 NO2 units)
1430.5625,3.9166666666666665,0.07953279896848972,2,Waitlist death,NO2,Q2,Q2 (5-8.1 NO2 units)
1461,4,0.08076810119363728,2,Waitlist death,NO2,Q2,Q2 (5-8.1 NO2 units)
1491.4375,4.083333333333333,0.08204982641333239,2,Waitlist death,NO2,Q2,Q2 (5-8.1 NO2 units)
1521.875,4.166666666666667,0.08326378573395983,2,Waitlist death,NO2,Q2,Q2 (5-8.1 NO2 units)
1552.3125,4.25,0.08443263793392654,2,Waitlist death,NO2,Q2,Q2 (5-8.1 NO2 units)
1582.75,4.333333333333333,0.08562753362209521,2,Waitlist death,NO2,Q2,Q2 (5-8.1 NO2 units)
1613.1875,4.416666666666667,0.08676686260631128,2,Waitlist death,NO2,Q2,Q2 (5-8.1 NO2 units)
1643.625,4.5,0.08798124824414583,2,Waitlist death,NO2,Q2,Q2 (5-8.1 NO2 units)
1674.0625,4.583333333333333,0.08919187782868256,2,Waitlist death,NO2,Q2,Q2 (5-8.1 NO2 units)
1704.5,4.666666666666667,0.09026391559047006,2,Waitlist death,NO2,Q2,Q2 (5-8.1 NO2 units)
1734.9375,4.75,0.09132594188701959,2,Waitlist death,NO2,Q2,Q2 (5-8.1 NO2 units)
1765.375,4.833333333333333,0.09235799687319754,2,Waitlist death,NO2,Q2,Q2 (5-8.1 NO2 units)
1795.8125,4.916666666666667,0.09341325260496769,2,Waitlist death,NO2,Q2,Q2 (5-8.1 NO2 units)
1826.25,5,0.0944362306340307,2,Waitlist death,NO2,Q2,Q2 (5-8.1 NO2 units)
0,0,0,3,Waitlist death,NO2,Q3,Q3 (8.1-12.9 NO2 units)
30.4375,0.08333333333333333,0.008766019041048265,3,Waitlist death,NO2,Q3,Q3 (8.1-12.9 NO2 units)
60.875,0.16666666666666666,0.012727230899850523,3,Waitlist death,NO2,Q3,Q3 (8.1-12.9 NO2 units)
91.3125,0.25,0.015760320482196943,3,Waitlist death,NO2,Q3,Q3 (8.1-12.9 NO2 units)
121.75,0.3333333333333333,0.018101275533215586,3,Waitlist death,NO2,Q3,Q3 (8.1-12.9 NO2 units)
152.1875,0.4166666666666667,0.020203589705913155,3,Waitlist death,NO2,Q3,Q3 (8.1-12.9 NO2 units)
182.625,0.5,0.02214359273791762,3,Waitlist death,NO2,Q3,Q3 (8.1-12.9 NO2 units)
213.0625,0.5833333333333334,0.02396025650503205,3,Waitlist death,NO2,Q3,Q3 (8.1-12.9 NO2 units)
243.5,0.6666666666666666,0.02557655515604428,3,Waitlist death,NO2,Q3,Q3 (8.1-12.9 NO2 units)
273.9375,0.75,0.027282136834273673,3,Waitlist death,NO2,Q3,Q3 (8.1-12.9 NO2 units)
304.375,0.8333333333333334,0.028886106100778,3,Waitlist death,NO2,Q3,Q3 (8.1-12.9 NO2 units)
334.8125,0.9166666666666666,0.03041182492457235,3,Waitlist death,NO2,Q3,Q3 (8.1-12.9 NO2 units)
365.25,1,0.0319152678826151,3,Waitlist death,NO2,Q3,Q3 (8.1-12.9 NO2 units)
395.6875,1.0833333333333333,0.03340305051849497,3,Waitlist death,NO2,Q3,Q3 (8.1-12.9 NO2 units)
426.125,1.1666666666666667,0.0347689152278941,3,Waitlist death,NO2,Q3,Q3 (8.1-12.9 NO2 units)
456.5625,1.25,0.03611454043366011,3,Waitlist death,NO2,Q3,Q3 (8.1-12.9 NO2 units)
487,1.3333333333333333,0.03748305617641713,3,Waitlist death,NO2,Q3,Q3 (8.1-12.9 NO2 units)
517.4375,1.4166666666666667,0.03893349293998747,3,Waitlist death,NO2,Q3,Q3 (8.1-12.9 NO2 units)
547.875,1.5,0.04024634949679745,3,Waitlist death,NO2,Q3,Q3 (8.1-12.9 NO2 units)
578.3125,1.5833333333333333,0.04168596201616191,3,Waitlist death,NO2,Q3,Q3 (8.1-12.9 NO2 units)
608.75,1.6666666666666667,0.04299079918383731,3,Waitlist death,NO2,Q3,Q3 (8.1-12.9 NO2 units)
639.1875,1.75,0.04431286791316696,3,Waitlist death,NO2,Q3,Q3 (8.1-12.9 NO2 units)
669.625,1.8333333333333333,0.04548054528428884,3,Waitlist death,NO2,Q3,Q3 (8.1-12.9 NO2 units)
700.0625,1.9166666666666667,0.04680530230401482,3,Waitlist death,NO2,Q3,Q3 (8.1-12.9 NO2 units)
730.5,2,0.04811621921695078,3,Waitlist death,NO2,Q3,Q3 (8.1-12.9 NO2 units)
760.9375,2.0833333333333335,0.04942858037774768,3,Waitlist death,NO2,Q3,Q3 (8.1-12.9 NO2 units)
791.375,2.1666666666666665,0.05086116933292005,3,Waitlist death,NO2,Q3,Q3 (8.1-12.9 NO2 units)
821.8125,2.25,0.05214359765954821,3,Waitlist death,NO2,Q3,Q3 (8.1-12.9 NO2 units)
852.25,2.3333333333333335,0.05364649655754629,3,Waitlist death,NO2,Q3,Q3 (8.1-12.9 NO2 units)
882.6875,2.4166666666666665,0.05492178112381714,3,Waitlist death,NO2,Q3,Q3 (8.1-12.9 NO2 units)
913.125,2.5,0.05632944649633575,3,Waitlist death,NO2,Q3,Q3 (8.1-12.9 NO2 units)
943.5625,2.5833333333333335,0.05772307660183873,3,Waitlist death,NO2,Q3,Q3 (8.1-12.9 NO2 units)
974,2.6666666666666665,0.05909376245410017,3,Waitlist death,NO2,Q3,Q3 (8.1-12.9 NO2 units)
1004.4375,2.75,0.060452464642298316,3,Waitlist death,NO2,Q3,Q3 (8.1-12.9 NO2 units)
1034.875,2.8333333333333335,0.06174416794215501,3,Waitlist death,NO2,Q3,Q3 (8.1-12.9 NO2 units)
1065.3125,2.9166666666666665,0.06296330389481969,3,Waitlist death,NO2,Q3,Q3 (8.1-12.9 NO2 units)
1095.75,3,0.06415357178074267,3,Waitlist death,NO2,Q3,Q3 (8.1-12.9 NO2 units)
1126.1875,3.0833333333333335,0.06540479297807492,3,Waitlist death,NO2,Q3,Q3 (8.1-12.9 NO2 units)
1156.625,3.1666666666666665,0.06670340767794497,3,Waitlist death,NO2,Q3,Q3 (8.1-12.9 NO2 units)
1187.0625,3.25,0.06799441602832099,3,Waitlist death,NO2,Q3,Q3 (8.1-12.9 NO2 units)
1217.5,3.3333333333333335,0.06922157078973347,3,Waitlist death,NO2,Q3,Q3 (8.1-12.9 NO2 units)
1247.9375,3.4166666666666665,0.07049457902445602,3,Waitlist death,NO2,Q3,Q3 (8.1-12.9 NO2 units)
1278.375,3.5,0.0717922585242919,3,Waitlist death,NO2,Q3,Q3 (8.1-12.9 NO2 units)
1308.8125,3.5833333333333335,0.07307463382915673,3,Waitlist death,NO2,Q3,Q3 (8.1-12.9 NO2 units)
1339.25,3.6666666666666665,0.07444243108431674,3,Waitlist death,NO2,Q3,Q3 (8.1-12.9 NO2 units)
1369.6875,3.75,0.07563637643895671,3,Waitlist death,NO2,Q3,Q3 (8.1-12.9 NO2 units)
1400.125,3.8333333333333335,0.0769088534373899,3,Waitlist death,NO2,Q3,Q3 (8.1-12.9 NO2 units)
1430.5625,3.9166666666666665,0.07813441829152802,3,Waitlist death,NO2,Q3,Q3 (8.1-12.9 NO2 units)
1461,4,0.07940136964592703,3,Waitlist death,NO2,Q3,Q3 (8.1-12.9 NO2 units)
1491.4375,4.083333333333333,0.08058772328055772,3,Waitlist death,NO2,Q3,Q3 (8.1-12.9 NO2 units)
1521.875,4.166666666666667,0.08173585724580737,3,Waitlist death,NO2,Q3,Q3 (8.1-12.9 NO2 units)
1552.3125,4.25,0.08300183292834754,3,Waitlist death,NO2,Q3,Q3 (8.1-12.9 NO2 units)
1582.75,4.333333333333333,0.08426279154569372,3,Waitlist death,NO2,Q3,Q3 (8.1-12.9 NO2 units)
1613.1875,4.416666666666667,0.08542439082105283,3,Waitlist death,NO2,Q3,Q3 (8.1-12.9 NO2 units)
1643.625,4.5,0.08666220351244566,3,Waitlist death,NO2,Q3,Q3 (8.1-12.9 NO2 units)
1674.0625,4.583333333333333,0.08786128694657039,3,Waitlist death,NO2,Q3,Q3 (8.1-12.9 NO2 units)
1704.5,4.666666666666667,0.08893610126386214,3,Waitlist death,NO2,Q3,Q3 (8.1-12.9 NO2 units)
1734.9375,4.75,0.09014788856175554,3,Waitlist death,NO2,Q3,Q3 (8.1-12.9 NO2 units)
1765.375,4.833333333333333,0.09128276228744844,3,Waitlist death,NO2,Q3,Q3 (8.1-12.9 NO2 units)
1795.8125,4.916666666666667,0.09239479408708798,3,Waitlist death,NO2,Q3,Q3 (8.1-12.9 NO2 units)
1826.25,5,0.09365450047920192,3,Waitlist death,NO2,Q3,Q3 (8.1-12.9 NO2 units)
0,0,0,4,Waitlist death,NO2,Q4,Q4 (12.9-51.2 NO2 units)
30.4375,0.08333333333333333,0.009871473034666272,4,Waitlist death,NO2,Q4,Q4 (12.9-51.2 NO2 units)
60.875,0.16666666666666666,0.014448640320532384,4,Waitlist death,NO2,Q4,Q4 (12.9-51.2 NO2 units)
91.3125,0.25,0.01777997694275721,4,Waitlist death,NO2,Q4,Q4 (12.9-51.2 NO2 units)
121.75,0.3333333333333333,0.020589297659765853,4,Waitlist death,NO2,Q4,Q4 (12.9-51.2 NO2 units)
152.1875,0.4166666666666667,0.023360192051003148,4,Waitlist death,NO2,Q4,Q4 (12.9-51.2 NO2 units)
182.625,0.5,0.025676541183229956,4,Waitlist death,NO2,Q4,Q4 (12.9-51.2 NO2 units)
213.0625,0.5833333333333334,0.028069307244219414,4,Waitlist death,NO2,Q4,Q4 (12.9-51.2 NO2 units)
243.5,0.6666666666666666,0.030114130526943894,4,Waitlist death,NO2,Q4,Q4 (12.9-51.2 NO2 units)
273.9375,0.75,0.032052540128162874,4,Waitlist death,NO2,Q4,Q4 (12.9-51.2 NO2 units)
304.375,0.8333333333333334,0.03384376380141225,4,Waitlist death,NO2,Q4,Q4 (12.9-51.2 NO2 units)
334.8125,0.9166666666666666,0.03562475321491733,4,Waitlist death,NO2,Q4,Q4 (12.9-51.2 NO2 units)
365.25,1,0.037369512857944764,4,Waitlist death,NO2,Q4,Q4 (12.9-51.2 NO2 units)
395.6875,1.0833333333333333,0.03910053034562556,4,Waitlist death,NO2,Q4,Q4 (12.9-51.2 NO2 units)
426.125,1.1666666666666667,0.040845502443541626,4,Waitlist death,NO2,Q4,Q4 (12.9-51.2 NO2 units)
456.5625,1.25,0.042584670635174376,4,Waitlist death,NO2,Q4,Q4 (12.9-51.2 NO2 units)
487,1.3333333333333333,0.04440401111138671,4,Waitlist death,NO2,Q4,Q4 (12.9-51.2 NO2 units)
517.4375,1.4166666666666667,0.046017207943838866,4,Waitlist death,NO2,Q4,Q4 (12.9-51.2 NO2 units)
547.875,1.5,0.04763836037678684,4,Waitlist death,NO2,Q4,Q4 (12.9-51.2 NO2 units)
578.3125,1.5833333333333333,0.04920611410430315,4,Waitlist death,NO2,Q4,Q4 (12.9-51.2 NO2 units)
608.75,1.6666666666666667,0.05084674113174783,4,Waitlist death,NO2,Q4,Q4 (12.9-51.2 NO2 units)
639.1875,1.75,0.05259018593070409,4,Waitlist death,NO2,Q4,Q4 (12.9-51.2 NO2 units)
669.625,1.8333333333333333,0.05411538303038611,4,Waitlist death,NO2,Q4,Q4 (12.9-51.2 NO2 units)
700.0625,1.9166666666666667,0.05578821936005737,4,Waitlist death,NO2,Q4,Q4 (12.9-51.2 NO2 units)
730.5,2,0.05747889451328063,4,Waitlist death,NO2,Q4,Q4 (12.9-51.2 NO2 units)
760.9375,2.0833333333333335,0.058877340148630525,4,Waitlist death,NO2,Q4,Q4 (12.9-51.2 NO2 units)
791.375,2.1666666666666665,0.06048307502364118,4,Waitlist death,NO2,Q4,Q4 (12.9-51.2 NO2 units)
821.8125,2.25,0.06199905247237901,4,Waitlist death,NO2,Q4,Q4 (12.9-51.2 NO2 units)
852.25,2.3333333333333335,0.06351994788037824,4,Waitlist death,NO2,Q4,Q4 (12.9-51.2 NO2 units)
882.6875,2.4166666666666665,0.06512458541166745,4,Waitlist death,NO2,Q4,Q4 (12.9-51.2 NO2 units)
913.125,2.5,0.06673490202141935,4,Waitlist death,NO2,Q4,Q4 (12.9-51.2 NO2 units)
943.5625,2.5833333333333335,0.06826060743337348,4,Waitlist death,NO2,Q4,Q4 (12.9-51.2 NO2 units)
974,2.6666666666666665,0.06994215885386582,4,Waitlist death,NO2,Q4,Q4 (12.9-51.2 NO2 units)
1004.4375,2.75,0.07145341594262958,4,Waitlist death,NO2,Q4,Q4 (12.9-51.2 NO2 units)
1034.875,2.8333333333333335,0.07294065015514656,4,Waitlist death,NO2,Q4,Q4 (12.9-51.2 NO2 units)
1065.3125,2.9166666666666665,0.0744078854416685,4,Waitlist death,NO2,Q4,Q4 (12.9-51.2 NO2 units)
1095.75,3,0.07602635667479174,4,Waitlist death,NO2,Q4,Q4 (12.9-51.2 NO2 units)
1126.1875,3.0833333333333335,0.07755968424570772,4,Waitlist death,NO2,Q4,Q4 (12.9-51.2 NO2 units)
1156.625,3.1666666666666665,0.07899237082873994,4,Waitlist death,NO2,Q4,Q4 (12.9-51.2 NO2 units)
1187.0625,3.25,0.08056914750440314,4,Waitlist death,NO2,Q4,Q4 (12.9-51.2 NO2 units)
1217.5,3.3333333333333335,0.08208177255388893,4,Waitlist death,NO2,Q4,Q4 (12.9-51.2 NO2 units)
1247.9375,3.4166666666666665,0.08343242353673852,4,Waitlist death,NO2,Q4,Q4 (12.9-51.2 NO2 units)
1278.375,3.5,0.08472132291298191,4,Waitlist death,NO2,Q4,Q4 (12.9-51.2 NO2 units)
1308.8125,3.5833333333333335,0.08618878101031624,4,Waitlist death,NO2,Q4,Q4 (12.9-51.2 NO2 units)
1339.25,3.6666666666666665,0.08775784651492796,4,Waitlist death,NO2,Q4,Q4 (12.9-51.2 NO2 units)
1369.6875,3.75,0.08908310452482854,4,Waitlist death,NO2,Q4,Q4 (12.9-51.2 NO2 units)
1400.125,3.8333333333333335,0.09056163059158426,4,Waitlist death,NO2,Q4,Q4 (12.9-51.2 NO2 units)
1430.5625,3.9166666666666665,0.09191810193502634,4,Waitlist death,NO2,Q4,Q4 (12.9-51.2 NO2 units)
1461,4,0.09343710057051008,4,Waitlist death,NO2,Q4,Q4 (12.9-51.2 NO2 units)
1491.4375,4.083333333333333,0.09471324247845504,4,Waitlist death,NO2,Q4,Q4 (12.9-51.2 NO2 units)
1521.875,4.166666666666667,0.09611676429821958,4,Waitlist death,NO2,Q4,Q4 (12.9-51.2 NO2 units)
1552.3125,4.25,0.09730865362067655,4,Waitlist death,NO2,Q4,Q4 (12.9-51.2 NO2 units)
1582.75,4.333333333333333,0.09854709933122355,4,Waitlist death,NO2,Q4,Q4 (12.9-51.2 NO2 units)
1613.1875,4.416666666666667,0.09976449864797104,4,Waitlist death,NO2,Q4,Q4 (12.9-51.2 NO2 units)
1643.625,4.5,0.10111537393309103,4,Waitlist death,NO2,Q4,Q4 (12.9-51.2 NO2 units)
1674.0625,4.583333333333333,0.10240069018539019,4,Waitlist death,NO2,Q4,Q4 (12.9-51.2 NO2 units)
1704.5,4.666666666666667,0.10377685654666857,4,Waitlist death,NO2,Q4,Q4 (12.9-51.2 NO2 units)
1734.9375,4.75,0.10491200398551564,4,Waitlist death,NO2,Q4,Q4 (12.9-51.2 NO2 units)
1765.375,4.833333333333333,0.10625903480801377,4,Waitlist death,NO2,Q4,Q4 (12.9-51.2 NO2 units)
1795.8125,4.916666666666667,0.10751771931410993,4,Waitlist death,NO2,Q4,Q4 (12.9-51.2 NO2 units)
1826.25,5,0.1088135049500624,4,Waitlist death,NO2,Q4,Q4 (12.9-51.2 NO2 units)
0,0,0,1,Transplant,NO2,Q1,Q1 (0.2-5 NO2 units)
30.4375,0.08333333333333333,0.11128836520226437,1,Transplant,NO2,Q1,Q1 (0.2-5 NO2 units)
60.875,0.16666666666666666,0.15238964097413032,1,Transplant,NO2,Q1,Q1 (0.2-5 NO2 units)
91.3125,0.25,0.18278735983567374,1,Transplant,NO2,Q1,Q1 (0.2-5 NO2 units)
121.75,0.3333333333333333,0.20766219193014518,1,Transplant,NO2,Q1,Q1 (0.2-5 NO2 units)
152.1875,0.4166666666666667,0.22934523137155893,1,Transplant,NO2,Q1,Q1 (0.2-5 NO2 units)
182.625,0.5,0.24730301980307368,1,Transplant,NO2,Q1,Q1 (0.2-5 NO2 units)
213.0625,0.5833333333333334,0.26612349881011066,1,Transplant,NO2,Q1,Q1 (0.2-5 NO2 units)
243.5,0.6666666666666666,0.282546582898621,1,Transplant,NO2,Q1,Q1 (0.2-5 NO2 units)
273.9375,0.75,0.29779318954852946,1,Transplant,NO2,Q1,Q1 (0.2-5 NO2 units)
304.375,0.8333333333333334,0.3122925543706771,1,Transplant,NO2,Q1,Q1 (0.2-5 NO2 units)
334.8125,0.9166666666666666,0.32470499731128544,1,Transplant,NO2,Q1,Q1 (0.2-5 NO2 units)
365.25,1,0.33663020587518805,1,Transplant,NO2,Q1,Q1 (0.2-5 NO2 units)
395.6875,1.0833333333333333,0.34780252747078566,1,Transplant,NO2,Q1,Q1 (0.2-5 NO2 units)
426.125,1.1666666666666667,0.3592708103093969,1,Transplant,NO2,Q1,Q1 (0.2-5 NO2 units)
456.5625,1.25,0.3694579279949134,1,Transplant,NO2,Q1,Q1 (0.2-5 NO2 units)
487,1.3333333333333333,0.3796074541036437,1,Transplant,NO2,Q1,Q1 (0.2-5 NO2 units)
517.4375,1.4166666666666667,0.38907225242229176,1,Transplant,NO2,Q1,Q1 (0.2-5 NO2 units)
547.875,1.5,0.3982277522920472,1,Transplant,NO2,Q1,Q1 (0.2-5 NO2 units)
578.3125,1.5833333333333333,0.4071950789943507,1,Transplant,NO2,Q1,Q1 (0.2-5 NO2 units)
608.75,1.6666666666666667,0.4157703057068457,1,Transplant,NO2,Q1,Q1 (0.2-5 NO2 units)
639.1875,1.75,0.42401192941314136,1,Transplant,NO2,Q1,Q1 (0.2-5 NO2 units)
669.625,1.8333333333333333,0.4319875540238622,1,Transplant,NO2,Q1,Q1 (0.2-5 NO2 units)
700.0625,1.9166666666666667,0.4399907050939774,1,Transplant,NO2,Q1,Q1 (0.2-5 NO2 units)
730.5,2,0.4469837335604778,1,Transplant,NO2,Q1,Q1 (0.2-5 NO2 units)
760.9375,2.0833333333333335,0.4546752797585576,1,Transplant,NO2,Q1,Q1 (0.2-5 NO2 units)
791.375,2.1666666666666665,0.4622187808101239,1,Transplant,NO2,Q1,Q1 (0.2-5 NO2 units)
821.8125,2.25,0.46927273788860413,1,Transplant,NO2,Q1,Q1 (0.2-5 NO2 units)
852.25,2.3333333333333335,0.475994673006193,1,Transplant,NO2,Q1,Q1 (0.2-5 NO2 units)
882.6875,2.4166666666666665,0.4830550955656192,1,Transplant,NO2,Q1,Q1 (0.2-5 NO2 units)
913.125,2.5,0.49008358452959444,1,Transplant,NO2,Q1,Q1 (0.2-5 NO2 units)
943.5625,2.5833333333333335,0.49636357445148904,1,Transplant,NO2,Q1,Q1 (0.2-5 NO2 units)
974,2.6666666666666665,0.5027548567249807,1,Transplant,NO2,Q1,Q1 (0.2-5 NO2 units)
1004.4375,2.75,0.508873611714692,1,Transplant,NO2,Q1,Q1 (0.2-5 NO2 units)
1034.875,2.8333333333333335,0.5148685945840863,1,Transplant,NO2,Q1,Q1 (0.2-5 NO2 units)
1065.3125,2.9166666666666665,0.521181572255883,1,Transplant,NO2,Q1,Q1 (0.2-5 NO2 units)
1095.75,3,0.5270019447964617,1,Transplant,NO2,Q1,Q1 (0.2-5 NO2 units)
1126.1875,3.0833333333333335,0.5328534311487134,1,Transplant,NO2,Q1,Q1 (0.2-5 NO2 units)
1156.625,3.1666666666666665,0.5386330769486227,1,Transplant,NO2,Q1,Q1 (0.2-5 NO2 units)
1187.0625,3.25,0.5445028501542468,1,Transplant,NO2,Q1,Q1 (0.2-5 NO2 units)
1217.5,3.3333333333333335,0.5499253066655893,1,Transplant,NO2,Q1,Q1 (0.2-5 NO2 units)
1247.9375,3.4166666666666665,0.5550629748123543,1,Transplant,NO2,Q1,Q1 (0.2-5 NO2 units)
1278.375,3.5,0.5606742175349935,1,Transplant,NO2,Q1,Q1 (0.2-5 NO2 units)
1308.8125,3.5833333333333335,0.5657534437748635,1,Transplant,NO2,Q1,Q1 (0.2-5 NO2 units)
1339.25,3.6666666666666665,0.5711971164625892,1,Transplant,NO2,Q1,Q1 (0.2-5 NO2 units)
1369.6875,3.75,0.5761548881193139,1,Transplant,NO2,Q1,Q1 (0.2-5 NO2 units)
1400.125,3.8333333333333335,0.5811502061286049,1,Transplant,NO2,Q1,Q1 (0.2-5 NO2 units)
1430.5625,3.9166666666666665,0.5861426733350614,1,Transplant,NO2,Q1,Q1 (0.2-5 NO2 units)
1461,4,0.59147942500676,1,Transplant,NO2,Q1,Q1 (0.2-5 NO2 units)
1491.4375,4.083333333333333,0.5967773962554251,1,Transplant,NO2,Q1,Q1 (0.2-5 NO2 units)
1521.875,4.166666666666667,0.6016684936011514,1,Transplant,NO2,Q1,Q1 (0.2-5 NO2 units)
1552.3125,4.25,0.6067003651821012,1,Transplant,NO2,Q1,Q1 (0.2-5 NO2 units)
1582.75,4.333333333333333,0.6113582131153877,1,Transplant,NO2,Q1,Q1 (0.2-5 NO2 units)
1613.1875,4.416666666666667,0.6160336342683603,1,Transplant,NO2,Q1,Q1 (0.2-5 NO2 units)
1643.625,4.5,0.6206908819759067,1,Transplant,NO2,Q1,Q1 (0.2-5 NO2 units)
1674.0625,4.583333333333333,0.6253107485260929,1,Transplant,NO2,Q1,Q1 (0.2-5 NO2 units)
1704.5,4.666666666666667,0.6298375634481186,1,Transplant,NO2,Q1,Q1 (0.2-5 NO2 units)
1734.9375,4.75,0.6342807341850156,1,Transplant,NO2,Q1,Q1 (0.2-5 NO2 units)
1765.375,4.833333333333333,0.6386384162712757,1,Transplant,NO2,Q1,Q1 (0.2-5 NO2 units)
1795.8125,4.916666666666667,0.6427913318417238,1,Transplant,NO2,Q1,Q1 (0.2-5 NO2 units)
1826.25,5,0.6471394603596692,1,Transplant,NO2,Q1,Q1 (0.2-5 NO2 units)
0,0,0,2,Transplant,NO2,Q2,Q2 (5-8.1 NO2 units)
30.4375,0.08333333333333333,0.09872358472550591,2,Transplant,NO2,Q2,Q2 (5-8.1 NO2 units)
60.875,0.16666666666666666,0.1388669657902455,2,Transplant,NO2,Q2,Q2 (5-8.1 NO2 units)
91.3125,0.25,0.16959780558373394,2,Transplant,NO2,Q2,Q2 (5-8.1 NO2 units)
121.75,0.3333333333333333,0.1939615409974699,2,Transplant,NO2,Q2,Q2 (5-8.1 NO2 units)
152.1875,0.4166666666666667,0.2157894098334287,2,Transplant,NO2,Q2,Q2 (5-8.1 NO2 units)
182.625,0.5,0.2343829660273417,2,Transplant,NO2,Q2,Q2 (5-8.1 NO2 units)
213.0625,0.5833333333333334,0.25345037198495984,2,Transplant,NO2,Q2,Q2 (5-8.1 NO2 units)
243.5,0.6666666666666666,0.27035122392545285,2,Transplant,NO2,Q2,Q2 (5-8.1 NO2 units)
273.9375,0.75,0.2852504817661219,2,Transplant,NO2,Q2,Q2 (5-8.1 NO2 units)
304.375,0.8333333333333334,0.2991685784369926,2,Transplant,NO2,Q2,Q2 (5-8.1 NO2 units)
334.8125,0.9166666666666666,0.3115906657374137,2,Transplant,NO2,Q2,Q2 (5-8.1 NO2 units)
365.25,1,0.323974470236046,2,Transplant,NO2,Q2,Q2 (5-8.1 NO2 units)
395.6875,1.0833333333333333,0.335165938391792,2,Transplant,NO2,Q2,Q2 (5-8.1 NO2 units)
426.125,1.1666666666666667,0.3464627834089444,2,Transplant,NO2,Q2,Q2 (5-8.1 NO2 units)
456.5625,1.25,0.3563593079772054,2,Transplant,NO2,Q2,Q2 (5-8.1 NO2 units)
487,1.3333333333333333,0.36644498309262363,2,Transplant,NO2,Q2,Q2 (5-8.1 NO2 units)
517.4375,1.4166666666666667,0.3758588335113111,2,Transplant,NO2,Q2,Q2 (5-8.1 NO2 units)
547.875,1.5,0.3848399335436811,2,Transplant,NO2,Q2,Q2 (5-8.1 NO2 units)
578.3125,1.5833333333333333,0.39353114055688687,2,Transplant,NO2,Q2,Q2 (5-8.1 NO2 units)
608.75,1.6666666666666667,0.401407818014391,2,Transplant,NO2,Q2,Q2 (5-8.1 NO2 units)
639.1875,1.75,0.40981843913651916,2,Transplant,NO2,Q2,Q2 (5-8.1 NO2 units)
669.625,1.8333333333333333,0.41727130898487214,2,Transplant,NO2,Q2,Q2 (5-8.1 NO2 units)
700.0625,1.9166666666666667,0.42454200791370056,2,Transplant,NO2,Q2,Q2 (5-8.1 NO2 units)
730.5,2,0.43156554765243477,2,Transplant,NO2,Q2,Q2 (5-8.1 NO2 units)
760.9375,2.0833333333333335,0.4387240316589702,2,Transplant,NO2,Q2,Q2 (5-8.1 NO2 units)
791.375,2.1666666666666665,0.4462781304725877,2,Transplant,NO2,Q2,Q2 (5-8.1 NO2 units)
821.8125,2.25,0.45358126349093836,2,Transplant,NO2,Q2,Q2 (5-8.1 NO2 units)
852.25,2.3333333333333335,0.460335965288238,2,Transplant,NO2,Q2,Q2 (5-8.1 NO2 units)
882.6875,2.4166666666666665,0.46699257869156197,2,Transplant,NO2,Q2,Q2 (5-8.1 NO2 units)
913.125,2.5,0.47351980648095393,2,Transplant,NO2,Q2,Q2 (5-8.1 NO2 units)
943.5625,2.5833333333333335,0.4797951348156713,2,Transplant,NO2,Q2,Q2 (5-8.1 NO2 units)
974,2.6666666666666665,0.4859044753472555,2,Transplant,NO2,Q2,Q2 (5-8.1 NO2 units)
1004.4375,2.75,0.49208735134269477,2,Transplant,NO2,Q2,Q2 (5-8.1 NO2 units)
1034.875,2.8333333333333335,0.49793968440088254,2,Transplant,NO2,Q2,Q2 (5-8.1 NO2 units)
1065.3125,2.9166666666666665,0.5041531865334885,2,Transplant,NO2,Q2,Q2 (5-8.1 NO2 units)
1095.75,3,0.5098875827326468,2,Transplant,NO2,Q2,Q2 (5-8.1 NO2 units)
1126.1875,3.0833333333333335,0.5159759152574612,2,Transplant,NO2,Q2,Q2 (5-8.1 NO2 units)
1156.625,3.1666666666666665,0.5218883449416614,2,Transplant,NO2,Q2,Q2 (5-8.1 NO2 units)
1187.0625,3.25,0.5275863174947519,2,Transplant,NO2,Q2,Q2 (5-8.1 NO2 units)
1217.5,3.3333333333333335,0.5329721054476863,2,Transplant,NO2,Q2,Q2 (5-8.1 NO2 units)
1247.9375,3.4166666666666665,0.5383471784701473,2,Transplant,NO2,Q2,Q2 (5-8.1 NO2 units)
1278.375,3.5,0.5437885799365205,2,Transplant,NO2,Q2,Q2 (5-8.1 NO2 units)
1308.8125,3.5833333333333335,0.5487376927233576,2,Transplant,NO2,Q2,Q2 (5-8.1 NO2 units)
1339.25,3.6666666666666665,0.5545052275965924,2,Transplant,NO2,Q2,Q2 (5-8.1 NO2 units)
1369.6875,3.75,0.5599484569857587,2,Transplant,NO2,Q2,Q2 (5-8.1 NO2 units)
1400.125,3.8333333333333335,0.5652958383127662,2,Transplant,NO2,Q2,Q2 (5-8.1 NO2 units)
1430.5625,3.9166666666666665,0.5705336812653696,2,Transplant,NO2,Q2,Q2 (5-8.1 NO2 units)
1461,4,0.5760357007738899,2,Transplant,NO2,Q2,Q2 (5-8.1 NO2 units)
1491.4375,4.083333333333333,0.5813902230310541,2,Transplant,NO2,Q2,Q2 (5-8.1 NO2 units)
1521.875,4.166666666666667,0.5864736189459876,2,Transplant,NO2,Q2,Q2 (5-8.1 NO2 units)
1552.3125,4.25,0.5917982721618913,2,Transplant,NO2,Q2,Q2 (5-8.1 NO2 units)
1582.75,4.333333333333333,0.5966731177402982,2,Transplant,NO2,Q2,Q2 (5-8.1 NO2 units)
1613.1875,4.416666666666667,0.6020611472807542,2,Transplant,NO2,Q2,Q2 (5-8.1 NO2 units)
1643.625,4.5,0.6069540450373723,2,Transplant,NO2,Q2,Q2 (5-8.1 NO2 units)
1674.0625,4.583333333333333,0.6119068073037413,2,Transplant,NO2,Q2,Q2 (5-8.1 NO2 units)
1704.5,4.666666666666667,0.6167312979689514,2,Transplant,NO2,Q2,Q2 (5-8.1 NO2 units)
1734.9375,4.75,0.6213593567661713,2,Transplant,NO2,Q2,Q2 (5-8.1 NO2 units)
1765.375,4.833333333333333,0.6260427495558751,2,Transplant,NO2,Q2,Q2 (5-8.1 NO2 units)
1795.8125,4.916666666666667,0.6305521435346717,2,Transplant,NO2,Q2,Q2 (5-8.1 NO2 units)
1826.25,5,0.6354659868127008,2,Transplant,NO2,Q2,Q2 (5-8.1 NO2 units)
0,0,0,3,Transplant,NO2,Q3,Q3 (8.1-12.9 NO2 units)
30.4375,0.08333333333333333,0.08889480416655363,3,Transplant,NO2,Q3,Q3 (8.1-12.9 NO2 units)
60.875,0.16666666666666666,0.12634420196882729,3,Transplant,NO2,Q3,Q3 (8.1-12.9 NO2 units)
91.3125,0.25,0.15538170591953954,3,Transplant,NO2,Q3,Q3 (8.1-12.9 NO2 units)
121.75,0.3333333333333333,0.17842689267882555,3,Transplant,NO2,Q3,Q3 (8.1-12.9 NO2 units)
152.1875,0.4166666666666667,0.1980713986657076,3,Transplant,NO2,Q3,Q3 (8.1-12.9 NO2 units)
182.625,0.5,0.2158100697050706,3,Transplant,NO2,Q3,Q3 (8.1-12.9 NO2 units)
213.0625,0.5833333333333334,0.23319071620270718,3,Transplant,NO2,Q3,Q3 (8.1-12.9 NO2 units)
243.5,0.6666666666666666,0.24863894079951104,3,Transplant,NO2,Q3,Q3 (8.1-12.9 NO2 units)
273.9375,0.75,0.26213814657829737,3,Transplant,NO2,Q3,Q3 (8.1-12.9 NO2 units)
304.375,0.8333333333333334,0.27507225206094155,3,Transplant,NO2,Q3,Q3 (8.1-12.9 NO2 units)
334.8125,0.9166666666666666,0.2866913457064443,3,Transplant,NO2,Q3,Q3 (8.1-12.9 NO2 units)
365.25,1,0.2975584830435211,3,Transplant,NO2,Q3,Q3 (8.1-12.9 NO2 units)
395.6875,1.0833333333333333,0.3085837354235012,3,Transplant,NO2,Q3,Q3 (8.1-12.9 NO2 units)
426.125,1.1666666666666667,0.31905316388635446,3,Transplant,NO2,Q3,Q3 (8.1-12.9 NO2 units)
456.5625,1.25,0.3288538068040363,3,Transplant,NO2,Q3,Q3 (8.1-12.9 NO2 units)
487,1.3333333333333333,0.33809366996429135,3,Transplant,NO2,Q3,Q3 (8.1-12.9 NO2 units)
517.4375,1.4166666666666667,0.34715679320185716,3,Transplant,NO2,Q3,Q3 (8.1-12.9 NO2 units)
547.875,1.5,0.3555994352405921,3,Transplant,NO2,Q3,Q3 (8.1-12.9 NO2 units)
578.3125,1.5833333333333333,0.36358436697955687,3,Transplant,NO2,Q3,Q3 (8.1-12.9 NO2 units)
608.75,1.6666666666666667,0.3715943148340801,3,Transplant,NO2,Q3,Q3 (8.1-12.9 NO2 units)
639.1875,1.75,0.3793601080724297,3,Transplant,NO2,Q3,Q3 (8.1-12.9 NO2 units)
669.625,1.8333333333333333,0.3864222384928959,3,Transplant,NO2,Q3,Q3 (8.1-12.9 NO2 units)
700.0625,1.9166666666666667,0.3936432233358032,3,Transplant,NO2,Q3,Q3 (8.1-12.9 NO2 units)
730.5,2,0.40049056485860235,3,Transplant,NO2,Q3,Q3 (8.1-12.9 NO2 units)
760.9375,2.0833333333333335,0.40786399498598264,3,Transplant,NO2,Q3,Q3 (8.1-12.9 NO2 units)
791.375,2.1666666666666665,0.41524393697744766,3,Transplant,NO2,Q3,Q3 (8.1-12.9 NO2 units)
821.8125,2.25,0.4219409364749631,3,Transplant,NO2,Q3,Q3 (8.1-12.9 NO2 units)
852.25,2.3333333333333335,0.42862344142158504,3,Transplant,NO2,Q3,Q3 (8.1-12.9 NO2 units)
882.6875,2.4166666666666665,0.43504105637574164,3,Transplant,NO2,Q3,Q3 (8.1-12.9 NO2 units)
913.125,2.5,0.44146460967553763,3,Transplant,NO2,Q3,Q3 (8.1-12.9 NO2 units)
943.5625,2.5833333333333335,0.4471342334186303,3,Transplant,NO2,Q3,Q3 (8.1-12.9 NO2 units)
974,2.6666666666666665,0.45358311905059556,3,Transplant,NO2,Q3,Q3 (8.1-12.9 NO2 units)
1004.4375,2.75,0.4597437063843001,3,Transplant,NO2,Q3,Q3 (8.1-12.9 NO2 units)
1034.875,2.8333333333333335,0.46578432717584584,3,Transplant,NO2,Q3,Q3 (8.1-12.9 NO2 units)
1065.3125,2.9166666666666665,0.47161906359961997,3,Transplant,NO2,Q3,Q3 (8.1-12.9 NO2 units)
1095.75,3,0.4772300645712737,3,Transplant,NO2,Q3,Q3 (8.1-12.9 NO2 units)
1126.1875,3.0833333333333335,0.48334603182506525,3,Transplant,NO2,Q3,Q3 (8.1-12.9 NO2 units)
1156.625,3.1666666666666665,0.48936916392770247,3,Transplant,NO2,Q3,Q3 (8.1-12.9 NO2 units)
1187.0625,3.25,0.4952576615046535,3,Transplant,NO2,Q3,Q3 (8.1-12.9 NO2 units)
1217.5,3.3333333333333335,0.5007143506924236,3,Transplant,NO2,Q3,Q3 (8.1-12.9 NO2 units)
1247.9375,3.4166666666666665,0.5064435107757794,3,Transplant,NO2,Q3,Q3 (8.1-12.9 NO2 units)
1278.375,3.5,0.5121531580306478,3,Transplant,NO2,Q3,Q3 (8.1-12.9 NO2 units)
1308.8125,3.5833333333333335,0.5175432865877023,3,Transplant,NO2,Q3,Q3 (8.1-12.9 NO2 units)
1339.25,3.6666666666666665,0.52313203393321706,3,Transplant,NO2,Q3,Q3 (8.1-12.9 NO2 units)
1369.6875,3.75,0.5283544170867541,3,Transplant,NO2,Q3,Q3 (8.1-12.9 NO2 units)
1400.125,3.8333333333333335,0.5335807056802715,3,Transplant,NO2,Q3,Q3 (8.1-12.9 NO2 units)
1430.5625,3.9166666666666665,0.5384437972975546,3,Transplant,NO2,Q3,Q3 (8.1-12.9 NO2 units)
1461,4,0.5439106992518309,3,Transplant,NO2,Q3,Q3 (8.1-12.9 NO2 units)
1491.4375,4.083333333333333,0.5495224090084496,3,Transplant,NO2,Q3,Q3 (8.1-12.9 NO2 units)
1521.875,4.166666666666667,0.5545938178951557,3,Transplant,NO2,Q3,Q3 (8.1-12.9 NO2 units)
1552.3125,4.25,0.5602179650679757,3,Transplant,NO2,Q3,Q3 (8.1-12.9 NO2 units)
1582.75,4.333333333333333,0.5650902880610669,3,Transplant,NO2,Q3,Q3 (8.1-12.9 NO2 units)
1613.1875,4.416666666666667,0.5704473695478948,3,Transplant,NO2,Q3,Q3 (8.1-12.9 NO2 units)
1643.625,4.5,0.5754354523070414,3,Transplant,NO2,Q3,Q3 (8.1-12.9 NO2 units)
1674.0625,4.583333333333333,0.5804410997041919,3,Transplant,NO2,Q3,Q3 (8.1-12.9 NO2 units)
1704.5,4.666666666666667,0.5856326947458337,3,Transplant,NO2,Q3,Q3 (8.1-12.9 NO2 units)
1734.9375,4.75,0.5906343979284783,3,Transplant,NO2,Q3,Q3 (8.1-12.9 NO2 units)
1765.375,4.833333333333333,0.5953239600974686,3,Transplant,NO2,Q3,Q3 (8.1-12.9 NO2 units)
1795.8125,4.916666666666667,0.6001995063212258,3,Transplant,NO2,Q3,Q3 (8.1-12.9 NO2 units)
1826.25,5,0.6046784421201146,3,Transplant,NO2,Q3,Q3 (8.1-12.9 NO2 units)
0,0,0,4,Transplant,NO2,Q4,Q4 (12.9-51.2 NO2 units)
30.4375,0.08333333333333333,0.0748213021140225,4,Transplant,NO2,Q4,Q4 (12.9-51.2 NO2 units)
60.875,0.16666666666666666,0.1078166433262421,4,Transplant,NO2,Q4,Q4 (12.9-51.2 NO2 units)
91.3125,0.25,0.133855258044296,4,Transplant,NO2,Q4,Q4 (12.9-51.2 NO2 units)
121.75,0.3333333333333333,0.1558214172918451,4,Transplant,NO2,Q4,Q4 (12.9-51.2 NO2 units)
152.1875,0.4166666666666667,0.1744499013945832,4,Transplant,NO2,Q4,Q4 (12.9-51.2 NO2 units)
182.625,0.5,0.1908411580940339,4,Transplant,NO2,Q4,Q4 (12.9-51.2 NO2 units)
213.0625,0.5833333333333334,0.2063055855606311,4,Transplant,NO2,Q4,Q4 (12.9-51.2 NO2 units)
243.5,0.6666666666666666,0.21982927211986275,4,Transplant,NO2,Q4,Q4 (12.9-51.2 NO2 units)
273.9375,0.75,0.2318843838565116,4,Transplant,NO2,Q4,Q4 (12.9-51.2 NO2 units)
304.375,0.8333333333333334,0.24359523432020128,4,Transplant,NO2,Q4,Q4 (12.9-51.2 NO2 units)
334.8125,0.9166666666666666,0.25405207102071026,4,Transplant,NO2,Q4,Q4 (12.9-51.2 NO2 units)
365.25,1,0.2636648414899171,4,Transplant,NO2,Q4,Q4 (12.9-51.2 NO2 units)
395.6875,1.0833333333333333,0.2733425777804611,4,Transplant,NO2,Q4,Q4 (12.9-51.2 NO2 units)
426.125,1.1666666666666667,0.2828527323083234,4,Transplant,NO2,Q4,Q4 (12.9-51.2 NO2 units)
456.5625,1.25,0.29136817390827535,4,Transplant,NO2,Q4,Q4 (12.9-51.2 NO2 units)
487,1.3333333333333333,0.29988579627777495,4,Transplant,NO2,Q4,Q4 (12.9-51.2 NO2 units)
517.4375,1.4166666666666667,0.3074649926351637,4,Transplant,NO2,Q4,Q4 (12.9-51.2 NO2 units)
547.875,1.5,0.31451464504413773,4,Transplant,NO2,Q4,Q4 (12.9-51.2 NO2 units)
578.3125,1.5833333333333333,0.32153632845626345,4,Transplant,NO2,Q4,Q4 (12.9-51.2 NO2 units)
608.75,1.6666666666666667,0.3284170465973498,4,Transplant,NO2,Q4,Q4 (12.9-51.2 NO2 units)
639.1875,1.75,0.33546287778820927,4,Transplant,NO2,Q4,Q4 (12.9-51.2 NO2 units)
669.625,1.8333333333333333,0.3416000344318959,4,Transplant,NO2,Q4,Q4 (12.9-51.2 NO2 units)
700.0625,1.9166666666666667,0.3475600078539933,4,Transplant,NO2,Q4,Q4 (12.9-51.2 NO2 units)
730.5,2,0.3534398826727122,4,Transplant,NO2,Q4,Q4 (12.9-51.2 NO2 units)
760.9375,2.0833333333333335,0.3600685702725864,4,Transplant,NO2,Q4,Q4 (12.9-51.2 NO2 units)
791.375,2.1666666666666665,0.36671396424476665,4,Transplant,NO2,Q4,Q4 (12.9-51.2 NO2 units)
821.8125,2.25,0.3728115269163619,4,Transplant,NO2,Q4,Q4 (12.9-51.2 NO2 units)
852.25,2.3333333333333335,0.3790993695125575,4,Transplant,NO2,Q4,Q4 (12.9-51.2 NO2 units)
882.6875,2.4166666666666665,0.3844796617783426,4,Transplant,NO2,Q4,Q4 (12.9-51.2 NO2 units)
913.125,2.5,0.3900162238280035,4,Transplant,NO2,Q4,Q4 (12.9-51.2 NO2 units)
943.5625,2.5833333333333335,0.39516544571359946,4,Transplant,NO2,Q4,Q4 (12.9-51.2 NO2 units)
974,2.6666666666666665,0.40034565219098706,4,Transplant,NO2,Q4,Q4 (12.9-51.2 NO2 units)
1004.4375,2.75,0.4055546609790439,4,Transplant,NO2,Q4,Q4 (12.9-51.2 NO2 units)
1034.875,2.8333333333333335,0.41051124206169004,4,Transplant,NO2,Q4,Q4 (12.9-51.2 NO2 units)
1065.3125,2.9166666666666665,0.4152958731443981,4,Transplant,NO2,Q4,Q4 (12.9-51.2 NO2 units)
1095.75,3,0.41978239005356033,4,Transplant,NO2,Q4,Q4 (12.9-51.2 NO2 units)
1126.1875,3.0833333333333335,0.4256757306870751,4,Transplant,NO2,Q4,Q4 (12.9-51.2 NO2 units)
1156.625,3.1666666666666665,0.4309460292999359,4,Transplant,NO2,Q4,Q4 (12.9-51.2 NO2 units)
1187.0625,3.25,0.4359725330319506,4,Transplant,NO2,Q4,Q4 (12.9-51.2 NO2 units)
1217.5,3.3333333333333335,0.44085232718235845,4,Transplant,NO2,Q4,Q4 (12.9-51.2 NO2 units)
1247.9375,3.4166666666666665,0.4455248912352274,4,Transplant,NO2,Q4,Q4 (12.9-51.2 NO2 units)
1278.375,3.5,0.45009361446396445,4,Transplant,NO2,Q4,Q4 (12.9-51.2 NO2 units)
1308.8125,3.5833333333333335,0.4545824552753621,4,Transplant,NO2,Q4,Q4 (12.9-51.2 NO2 units)
1339.25,3.6666666666666665,0.4590730393527446,4,Transplant,NO2,Q4,Q4 (12.9-51.2 NO2 units)
1369.6875,3.75,0.4634482315479561,4,Transplant,NO2,Q4,Q4 (12.9-51.2 NO2 units)
1400.125,3.8333333333333335,0.46797684363696246,4,Transplant,NO2,Q4,Q4 (12.9-51.2 NO2 units)
1430.5625,3.9166666666666665,0.4721423781069271,4,Transplant,NO2,Q4,Q4 (12.9-51.2 NO2 units)
1461,4,0.4765607942907954,4,Transplant,NO2,Q4,Q4 (12.9-51.2 NO2 units)
1491.4375,4.083333333333333,0.48159019381619733,4,Transplant,NO2,Q4,Q4 (12.9-51.2 NO2 units)
1521.875,4.166666666666667,0.48619228384284585,4,Transplant,NO2,Q4,Q4 (12.9-51.2 NO2 units)
1552.3125,4.25,0.4907790201558341,4,Transplant,NO2,Q4,Q4 (12.9-51.2 NO2 units)
1582.75,4.333333333333333,0.4952539416458216,4,Transplant,NO2,Q4,Q4 (12.9-51.2 NO2 units)
1613.1875,4.416666666666667,0.49970751569017197,4,Transplant,NO2,Q4,Q4 (12.9-51.2 NO2 units)
1643.625,4.5,0.5039518024877658,4,Transplant,NO2,Q4,Q4 (12.9-51.2 NO2 units)
1674.0625,4.583333333333333,0.5083712167650432,4,Transplant,NO2,Q4,Q4 (12.9-51.2 NO2 units)
1704.5,4.666666666666667,0.5123691143240574,4,Transplant,NO2,Q4,Q4 (12.9-51.2 NO2 units)
1734.9375,4.75,0.5164041121424734,4,Transplant,NO2,Q4,Q4 (12.9-51.2 NO2 units)
1765.375,4.833333333333333,0.52047960454896125,4,Transplant,NO2,Q4,Q4 (12.9-51.2 NO2 units)
1795.8125,4.916666666666667,0.5245408641101472,4,Transplant,NO2,Q4,Q4 (12.9-51.2 NO2 units)
1826.25,5,0.5285170611670229,4,Transplant,NO2,Q4,Q4 (12.9-51.2 NO2 units)
